rank,file,tag,months,share_pf_gt1,pf_median,pf_min,wr_median,dd_median
1,./out/rolling_A_24m_portA_micro5_s9-18_rr1.8_edge0.5_atrmin0.0008_cb12_kp0.0_kt6_rsi18_bb2.0_atr1.2_risk0.5_rr1.8_london9-18_atrmin0.0008_edge0.5.csv,portA_micro5_s9-18_rr1.8_edge0.5_atrmin0.0008_cb12_kp0.0_kt6_rsi18_bb2.0_atr1.2_risk0.5_rr1.8_london9-18_atrmin0.0008_edge0.5,24,0.08333333333333333,0.3787440932319648,0.0617311549420607,40.06410256410257,-1.4299873666180185
2,./out/rolling_A_24m_portA_micro5_s9-18_rr1.8_edge0.5_atrmin0.0008_cb12_kp0.7_kt6_rsi18_bb2.0_atr1.2_risk0.5_rr1.8_london9-18_atrmin0.0008_edge0.5.csv,portA_micro5_s9-18_rr1.8_edge0.5_atrmin0.0008_cb12_kp0.7_kt6_rsi18_bb2.0_atr1.2_risk0.5_rr1.8_london9-18_atrmin0.0008_edge0.5,24,0.08333333333333333,0.3787440932319648,0.0617311549420607,40.06410256410257,-1.4299873666180185
3,./out/rolling_A_24m_portA_micro5_s9-18_rr1.8_edge0.5_atrmin0.0008_cb8_kp0.0_kt6_rsi18_bb2.0_atr1.2_risk0.5_rr1.8_london9-18_atrmin0.0008_edge0.5.csv,portA_micro5_s9-18_rr1.8_edge0.5_atrmin0.0008_cb8_kp0.0_kt6_rsi18_bb2.0_atr1.2_risk0.5_rr1.8_london9-18_atrmin0.0008_edge0.5,24,0.08333333333333333,0.3787440932319648,0.0617311549420607,40.06410256410257,-1.4299873666180185
4,./out/rolling_A_24m_portA_micro5_s9-18_rr1.8_edge0.5_atrmin0.0008_cb8_kp0.7_kt6_rsi18_bb2.0_atr1.2_risk0.5_rr1.8_london9-18_atrmin0.0008_edge0.5.csv,portA_micro5_s9-18_rr1.8_edge0.5_atrmin0.0008_cb8_kp0.7_kt6_rsi18_bb2.0_atr1.2_risk0.5_rr1.8_london9-18_atrmin0.0008_edge0.5,24,0.08333333333333333,0.3787440932319648,0.0617311549420607,40.06410256410257,-1.4299873666180185
5,./out/rolling_A_24m_portA_micro5_s9-18_rr2.0_edge0.6_atrmin0.0008_cb12_kp0.0_kt6_rsi18_bb2.0_atr1.2_risk0.5_rr2.0_london9-18_atrmin0.0008_edge0.6.csv,portA_micro5_s9-18_rr2.0_edge0.6_atrmin0.0008_cb12_kp0.0_kt6_rsi18_bb2.0_atr1.2_risk0.5_rr2.0_london9-18_atrmin0.0008_edge0.6,24,0.08333333333333333,0.3715309066949025,0.060956482193283,34.52380952380952,-1.2556527541919325
6,./out/rolling_A_24m_portA_micro5_s9-18_rr2.0_edge0.6_atrmin0.0008_cb12_kp0.7_kt6_rsi18_bb2.0_atr1.2_risk0.5_rr2.0_london9-18_atrmin0.0008_edge0.6.csv,portA_micro5_s9-18_rr2.0_edge0.6_atrmin0.0008_cb12_kp0.7_kt6_rsi18_bb2.0_atr1.2_risk0.5_rr2.0_london9-18_atrmin0.0008_edge0.6,24,0.08333333333333333,0.3715309066949025,0.060956482193283,34.52380952380952,-1.2556527541919325
7,./out/rolling_A_24m_portA_micro5_s9-18_rr2.0_edge0.6_atrmin0.0008_cb8_kp0.0_kt6_rsi18_bb2.0_atr1.2_risk0.5_rr2.0_london9-18_atrmin0.0008_edge0.6.csv,portA_micro5_s9-18_rr2.0_edge0.6_atrmin0.0008_cb8_kp0.0_kt6_rsi18_bb2.0_atr1.2_risk0.5_rr2.0_london9-18_atrmin0.0008_edge0.6,24,0.08333333333333333,0.3715309066949025,0.060956482193283,34.52380952380952,-1.2556527541919325
8,./out/rolling_A_24m_portA_micro5_s9-18_rr2.0_edge0.6_atrmin0.0008_cb8_kp0.7_kt6_rsi18_bb2.0_atr1.2_risk0.5_rr2.0_london9-18_atrmin0.0008_edge0.6.csv,portA_micro5_s9-18_rr2.0_edge0.6_atrmin0.0008_cb8_kp0.7_kt6_rsi18_bb2.0_atr1.2_risk0.5_rr2.0_london9-18_atrmin0.0008_edge0.6,24,0.08333333333333333,0.3715309066949025,0.060956482193283,34.52380952380952,-1.2556527541919325
9,./out/rolling_A_24m_portA_micro5_s7-19_rr2.0_edge0.6_atrmin0.0008_cb12_kp0.0_kt6_rsi18_bb2.0_atr1.2_risk0.5_rr2.0_london7-19_atrmin0.0008_edge0.6.csv,portA_micro5_s7-19_rr2.0_edge0.6_atrmin0.0008_cb12_kp0.0_kt6_rsi18_bb2.0_atr1.2_risk0.5_rr2.0_london7-19_atrmin0.0008_edge0.6,24,0.08333333333333333,0.34092144920247935,0.0844828019931899,36.03896103896104,-1.5213456025055028
10,./out/rolling_A_24m_portA_micro5_s7-19_rr2.0_edge0.6_atrmin0.0008_cb12_kp0.7_kt6_rsi18_bb2.0_atr1.2_risk0.5_rr2.0_london7-19_atrmin0.0008_edge0.6.csv,portA_micro5_s7-19_rr2.0_edge0.6_atrmin0.0008_cb12_kp0.7_kt6_rsi18_bb2.0_atr1.2_risk0.5_rr2.0_london7-19_atrmin0.0008_edge0.6,24,0.08333333333333333,0.34092144920247935,0.0844828019931899,36.03896103896104,-1.5213456025055028
11,./out/rolling_A_24m_portA_micro5_s7-19_rr2.0_edge0.6_atrmin0.0008_cb8_kp0.0_kt6_rsi18_bb2.0_atr1.2_risk0.5_rr2.0_london7-19_atrmin0.0008_edge0.6.csv,portA_micro5_s7-19_rr2.0_edge0.6_atrmin0.0008_cb8_kp0.0_kt6_rsi18_bb2.0_atr1.2_risk0.5_rr2.0_london7-19_atrmin0.0008_edge0.6,24,0.08333333333333333,0.34092144920247935,0.0844828019931899,36.03896103896104,-1.5213456025055028
12,./out/rolling_A_24m_portA_micro5_s7-19_rr2.0_edge0.6_atrmin0.0008_cb8_kp0.7_kt6_rsi18_bb2.0_atr1.2_risk0.5_rr2.0_london7-19_atrmin0.0008_edge0.6.csv,portA_micro5_s7-19_rr2.0_edge0.6_atrmin0.0008_cb8_kp0.7_kt6_rsi18_bb2.0_atr1.2_risk0.5_rr2.0_london7-19_atrmin0.0008_edge0.6,24,0.08333333333333333,0.34092144920247935,0.0844828019931899,36.03896103896104,-1.5213456025055028
13,./out/rolling_A_24m_portA_micro5_s8-17_rr2.0_edge0.6_atrmin0.0008_cb12_kp0.0_kt6_rsi18_bb2.0_atr1.2_risk0.5_rr2.0_london8-17_atrmin0.0008_edge0.6.csv,portA_micro5_s8-17_rr2.0_edge0.6_atrmin0.0008_cb12_kp0.0_kt6_rsi18_bb2.0_atr1.2_risk0.5_rr2.0_london8-17_atrmin0.0008_edge0.6,24,0.08333333333333333,0.3401766750870891,0.060956482193283,34.31372549019608,-1.5213456025055028
14,./out/rolling_A_24m_portA_micro5_s8-17_rr2.0_edge0.6_atrmin0.0008_cb12_kp0.7_kt6_rsi18_bb2.0_atr1.2_risk0.5_rr2.0_london8-17_atrmin0.0008_edge0.6.csv,portA_micro5_s8-17_rr2.0_edge0.6_atrmin0.0008_cb12_kp0.7_kt6_rsi18_bb2.0_atr1.2_risk0.5_rr2.0_london8-17_atrmin0.0008_edge0.6,24,0.08333333333333333,0.3401766750870891,0.060956482193283,34.31372549019608,-1.5213456025055028
15,./out/rolling_A_24m_portA_micro5_s8-17_rr2.0_edge0.6_atrmin0.0008_cb8_kp0.0_kt6_rsi18_bb2.0_atr1.2_risk0.5_rr2.0_london8-17_atrmin0.0008_edge0.6.csv,portA_micro5_s8-17_rr2.0_edge0.6_atrmin0.0008_cb8_kp0.0_kt6_rsi18_bb2.0_atr1.2_risk0.5_rr2.0_london8-17_atrmin0.0008_edge0.6,24,0.08333333333333333,0.3401766750870891,0.060956482193283,34.31372549019608,-1.5213456025055028
16,./out/rolling_A_24m_portA_micro5_s8-17_rr2.0_edge0.6_atrmin0.0008_cb8_kp0.7_kt6_rsi18_bb2.0_atr1.2_risk0.5_rr2.0_london8-17_atrmin0.0008_edge0.6.csv,portA_micro5_s8-17_rr2.0_edge0.6_atrmin0.0008_cb8_kp0.7_kt6_rsi18_bb2.0_atr1.2_risk0.5_rr2.0_london8-17_atrmin0.0008_edge0.6,24,0.08333333333333333,0.3401766750870891,0.060956482193283,34.31372549019608,-1.5213456025055028
17,./out/rolling_A_24m_portA_micro5_s7-18_rr2.0_edge0.6_atrmin0.0008_cb12_kp0.0_kt6_rsi18_bb2.0_atr1.2_risk0.5_rr2.0_london7-18_atrmin0.0008_edge0.6.csv,portA_micro5_s7-18_rr2.0_edge0.6_atrmin0.0008_cb12_kp0.0_kt6_rsi18_bb2.0_atr1.2_risk0.5_rr2.0_london7-18_atrmin0.0008_edge0.6,24,0.041666666666666664,0.37887580142287575,0.0844828019931899,36.93181818181819,-1.5213456025055028
18,./out/rolling_A_24m_portA_micro5_s7-18_rr2.0_edge0.6_atrmin0.0008_cb12_kp0.7_kt6_rsi18_bb2.0_atr1.2_risk0.5_rr2.0_london7-18_atrmin0.0008_edge0.6.csv,portA_micro5_s7-18_rr2.0_edge0.6_atrmin0.0008_cb12_kp0.7_kt6_rsi18_bb2.0_atr1.2_risk0.5_rr2.0_london7-18_atrmin0.0008_edge0.6,24,0.041666666666666664,0.37887580142287575,0.0844828019931899,36.93181818181819,-1.5213456025055028
19,./out/rolling_A_24m_portA_micro5_s7-18_rr2.0_edge0.6_atrmin0.0008_cb8_kp0.0_kt6_rsi18_bb2.0_atr1.2_risk0.5_rr2.0_london7-18_atrmin0.0008_edge0.6.csv,portA_micro5_s7-18_rr2.0_edge0.6_atrmin0.0008_cb8_kp0.0_kt6_rsi18_bb2.0_atr1.2_risk0.5_rr2.0_london7-18_atrmin0.0008_edge0.6,24,0.041666666666666664,0.37887580142287575,0.0844828019931899,36.93181818181819,-1.5213456025055028
20,./out/rolling_A_24m_portA_micro5_s7-18_rr2.0_edge0.6_atrmin0.0008_cb8_kp0.7_kt6_rsi18_bb2.0_atr1.2_risk0.5_rr2.0_london7-18_atrmin0.0008_edge0.6.csv,portA_micro5_s7-18_rr2.0_edge0.6_atrmin0.0008_cb8_kp0.7_kt6_rsi18_bb2.0_atr1.2_risk0.5_rr2.0_london7-18_atrmin0.0008_edge0.6,24,0.041666666666666664,0.37887580142287575,0.0844828019931899,36.93181818181819,-1.5213456025055028
21,./out/rolling_A_24m_portA_micro5_s7-18_rr1.8_edge0.5_atrmin0.0008_cb12_kp0.0_kt6_rsi18_bb2.0_atr1.2_risk0.5_rr1.8_london7-18_atrmin0.0008_edge0.5.csv,portA_micro5_s7-18_rr1.8_edge0.5_atrmin0.0008_cb12_kp0.0_kt6_rsi18_bb2.0_atr1.2_risk0.5_rr1.8_london7-18_atrmin0.0008_edge0.5,24,0.041666666666666664,0.349164614693868,0.0563223630385747,38.19628647214854,-1.7896958565202794
22,./out/rolling_A_24m_portA_micro5_s7-18_rr1.8_edge0.5_atrmin0.0008_cb12_kp0.7_kt6_rsi18_bb2.0_atr1.2_risk0.5_rr1.8_london7-18_atrmin0.0008_edge0.5.csv,portA_micro5_s7-18_rr1.8_edge0.5_atrmin0.0008_cb12_kp0.7_kt6_rsi18_bb2.0_atr1.2_risk0.5_rr1.8_london7-18_atrmin0.0008_edge0.5,24,0.041666666666666664,0.349164614693868,0.0563223630385747,38.19628647214854,-1.7896958565202794
23,./out/rolling_A_24m_portA_micro5_s7-18_rr1.8_edge0.5_atrmin0.0008_cb8_kp0.0_kt6_rsi18_bb2.0_atr1.2_risk0.5_rr1.8_london7-18_atrmin0.0008_edge0.5.csv,portA_micro5_s7-18_rr1.8_edge0.5_atrmin0.0008_cb8_kp0.0_kt6_rsi18_bb2.0_atr1.2_risk0.5_rr1.8_london7-18_atrmin0.0008_edge0.5,24,0.041666666666666664,0.349164614693868,0.0563223630385747,38.19628647214854,-1.7896958565202794
24,./out/rolling_A_24m_portA_micro5_s7-18_rr1.8_edge0.5_atrmin0.0008_cb8_kp0.7_kt6_rsi18_bb2.0_atr1.2_risk0.5_rr1.8_london7-18_atrmin0.0008_edge0.5.csv,portA_micro5_s7-18_rr1.8_edge0.5_atrmin0.0008_cb8_kp0.7_kt6_rsi18_bb2.0_atr1.2_risk0.5_rr1.8_london7-18_atrmin0.0008_edge0.5,24,0.041666666666666664,0.349164614693868,0.0563223630385747,38.19628647214854,-1.7896958565202794
25,./out/rolling_A_24m_portA_micro5_s8-17_rr1.8_edge0.5_atrmin0.0008_cb12_kp0.0_kt6_rsi18_bb2.0_atr1.2_risk0.5_rr1.8_london8-17_atrmin0.0008_edge0.5.csv,portA_micro5_s8-17_rr1.8_edge0.5_atrmin0.0008_cb12_kp0.0_kt6_rsi18_bb2.0_atr1.2_risk0.5_rr1.8_london8-17_atrmin0.0008_edge0.5,24,0.041666666666666664,0.3385543843322698,0.0563223630385747,36.141304347826086,-1.6160092280802951
26,./out/rolling_A_24m_portA_micro5_s8-17_rr1.8_edge0.5_atrmin0.0008_cb12_kp0.7_kt6_rsi18_bb2.0_atr1.2_risk0.5_rr1.8_london8-17_atrmin0.0008_edge0.5.csv,portA_micro5_s8-17_rr1.8_edge0.5_atrmin0.0008_cb12_kp0.7_kt6_rsi18_bb2.0_atr1.2_risk0.5_rr1.8_london8-17_atrmin0.0008_edge0.5,24,0.041666666666666664,0.3385543843322698,0.0563223630385747,36.141304347826086,-1.6160092280802951
27,./out/rolling_A_24m_portA_micro5_s8-17_rr1.8_edge0.5_atrmin0.0008_cb8_kp0.0_kt6_rsi18_bb2.0_atr1.2_risk0.5_rr1.8_london8-17_atrmin0.0008_edge0.5.csv,portA_micro5_s8-17_rr1.8_edge0.5_atrmin0.0008_cb8_kp0.0_kt6_rsi18_bb2.0_atr1.2_risk0.5_rr1.8_london8-17_atrmin0.0008_edge0.5,24,0.041666666666666664,0.3385543843322698,0.0563223630385747,36.141304347826086,-1.6160092280802951
28,./out/rolling_A_24m_portA_micro5_s8-17_rr1.8_edge0.5_atrmin0.0008_cb8_kp0.7_kt6_rsi18_bb2.0_atr1.2_risk0.5_rr1.8_london8-17_atrmin0.0008_edge0.5.csv,portA_micro5_s8-17_rr1.8_edge0.5_atrmin0.0008_cb8_kp0.7_kt6_rsi18_bb2.0_atr1.2_risk0.5_rr1.8_london8-17_atrmin0.0008_edge0.5,24,0.041666666666666664,0.3385543843322698,0.0563223630385747,36.141304347826086,-1.6160092280802951
29,./out/rolling_A_24m_portA_micro5_s7-19_rr1.8_edge0.5_atrmin0.0008_cb12_kp0.0_kt6_rsi18_bb2.0_atr1.2_risk0.5_rr1.8_london7-19_atrmin0.0008_edge0.5.csv,portA_micro5_s7-19_rr1.8_edge0.5_atrmin0.0008_cb12_kp0.0_kt6_rsi18_bb2.0_atr1.2_risk0.5_rr1.8_london7-19_atrmin0.0008_edge0.5,24,0.041666666666666664,0.3305465539170642,0.0563223630385747,38.27838827838828,-1.6560023137464408
30,./out/rolling_A_24m_portA_micro5_s7-19_rr1.8_edge0.5_atrmin0.0008_cb12_kp0.7_kt6_rsi18_bb2.0_atr1.2_risk0.5_rr1.8_london7-19_atrmin0.0008_edge0.5.csv,portA_micro5_s7-19_rr1.8_edge0.5_atrmin0.0008_cb12_kp0.7_kt6_rsi18_bb2.0_atr1.2_risk0.5_rr1.8_london7-19_atrmin0.0008_edge0.5,24,0.041666666666666664,0.3305465539170642,0.0563223630385747,38.27838827838828,-1.6560023137464408
31,./out/rolling_A_24m_portA_micro5_s7-19_rr1.8_edge0.5_atrmin0.0008_cb8_kp0.0_kt6_rsi18_bb2.0_atr1.2_risk0.5_rr1.8_london7-19_atrmin0.0008_edge0.5.csv,portA_micro5_s7-19_rr1.8_edge0.5_atrmin0.0008_cb8_kp0.0_kt6_rsi18_bb2.0_atr1.2_risk0.5_rr1.8_london7-19_atrmin0.0008_edge0.5,24,0.041666666666666664,0.3305465539170642,0.0563223630385747,38.27838827838828,-1.6560023137464408
32,./out/rolling_A_24m_portA_micro5_s7-19_rr1.8_edge0.5_atrmin0.0008_cb8_kp0.7_kt6_rsi18_bb2.0_atr1.2_risk0.5_rr1.8_london7-19_atrmin0.0008_edge0.5.csv,portA_micro5_s7-19_rr1.8_edge0.5_atrmin0.0008_cb8_kp0.7_kt6_rsi18_bb2.0_atr1.2_risk0.5_rr1.8_london7-19_atrmin0.0008_edge0.5,24,0.041666666666666664,0.3305465539170642,0.0563223630385747,38.27838827838828,-1.6560023137464408
33,./out/rolling_A_24m_portA_micro5_s9-18_rr2.0_edge0.6_atrmin0.0006_cb12_kp0.0_kt6_rsi18_bb2.0_atr1.2_risk0.5_rr2.0_london9-18_atrmin0.0006_edge0.6.csv,portA_micro5_s9-18_rr2.0_edge0.6_atrmin0.0006_cb12_kp0.0_kt6_rsi18_bb2.0_atr1.2_risk0.5_rr2.0_london9-18_atrmin0.0006_edge0.6,24,0.041666666666666664,0.31991786484271933,0.053223508540504,36.87782805429865,-1.5713711558661692
34,./out/rolling_A_24m_portA_micro5_s9-18_rr2.0_edge0.6_atrmin0.0006_cb12_kp0.7_kt6_rsi18_bb2.0_atr1.2_risk0.5_rr2.0_london9-18_atrmin0.0006_edge0.6.csv,portA_micro5_s9-18_rr2.0_edge0.6_atrmin0.0006_cb12_kp0.7_kt6_rsi18_bb2.0_atr1.2_risk0.5_rr2.0_london9-18_atrmin0.0006_edge0.6,24,0.041666666666666664,0.31991786484271933,0.053223508540504,36.87782805429865,-1.5713711558661692
35,./out/rolling_A_24m_portA_micro5_s9-18_rr2.0_edge0.6_atrmin0.0006_cb8_kp0.0_kt6_rsi18_bb2.0_atr1.2_risk0.5_rr2.0_london9-18_atrmin0.0006_edge0.6.csv,portA_micro5_s9-18_rr2.0_edge0.6_atrmin0.0006_cb8_kp0.0_kt6_rsi18_bb2.0_atr1.2_risk0.5_rr2.0_london9-18_atrmin0.0006_edge0.6,24,0.041666666666666664,0.31991786484271933,0.053223508540504,36.87782805429865,-1.5713711558661692
36,./out/rolling_A_24m_portA_micro5_s9-18_rr2.0_edge0.6_atrmin0.0006_cb8_kp0.7_kt6_rsi18_bb2.0_atr1.2_risk0.5_rr2.0_london9-18_atrmin0.0006_edge0.6.csv,portA_micro5_s9-18_rr2.0_edge0.6_atrmin0.0006_cb8_kp0.7_kt6_rsi18_bb2.0_atr1.2_risk0.5_rr2.0_london9-18_atrmin0.0006_edge0.6,24,0.041666666666666664,0.31991786484271933,0.053223508540504,36.87782805429865,-1.5713711558661692
37,./out/rolling_A_24m_portA_micro5_s8-17_rr2.0_edge0.6_atrmin0.0006_cb12_kp0.0_kt6_rsi18_bb2.0_atr1.2_risk0.5_rr2.0_london8-17_atrmin0.0006_edge0.6.csv,portA_micro5_s8-17_rr2.0_edge0.6_atrmin0.0006_cb12_kp0.0_kt6_rsi18_bb2.0_atr1.2_risk0.5_rr2.0_london8-17_atrmin0.0006_edge0.6,24,0.041666666666666664,0.3074080159915157,0.0502357659609095,35.294117647058826,-1.7324839330825959
38,./out/rolling_A_24m_portA_micro5_s8-17_rr2.0_edge0.6_atrmin0.0006_cb12_kp0.7_kt6_rsi18_bb2.0_atr1.2_risk0.5_rr2.0_london8-17_atrmin0.0006_edge0.6.csv,portA_micro5_s8-17_rr2.0_edge0.6_atrmin0.0006_cb12_kp0.7_kt6_rsi18_bb2.0_atr1.2_risk0.5_rr2.0_london8-17_atrmin0.0006_edge0.6,24,0.041666666666666664,0.3074080159915157,0.0502357659609095,35.294117647058826,-1.7324839330825959
39,./out/rolling_A_24m_portA_micro5_s8-17_rr2.0_edge0.6_atrmin0.0006_cb8_kp0.0_kt6_rsi18_bb2.0_atr1.2_risk0.5_rr2.0_london8-17_atrmin0.0006_edge0.6.csv,portA_micro5_s8-17_rr2.0_edge0.6_atrmin0.0006_cb8_kp0.0_kt6_rsi18_bb2.0_atr1.2_risk0.5_rr2.0_london8-17_atrmin0.0006_edge0.6,24,0.041666666666666664,0.3074080159915157,0.0502357659609095,35.294117647058826,-1.7324839330825959
40,./out/rolling_A_24m_portA_micro5_s8-17_rr2.0_edge0.6_atrmin0.0006_cb8_kp0.7_kt6_rsi18_bb2.0_atr1.2_risk0.5_rr2.0_london8-17_atrmin0.0006_edge0.6.csv,portA_micro5_s8-17_rr2.0_edge0.6_atrmin0.0006_cb8_kp0.7_kt6_rsi18_bb2.0_atr1.2_risk0.5_rr2.0_london8-17_atrmin0.0006_edge0.6,24,0.041666666666666664,0.3074080159915157,0.0502357659609095,35.294117647058826,-1.7324839330825959
41,./out/rolling_A_24m_portA_micro5_s7-18_rr1.6_edge0.5_atrmin0.0008_cb12_kp0.0_kt6_rsi18_bb2.0_atr1.2_risk0.5_rr1.6_london7-18_atrmin0.0008_edge0.5.csv,portA_micro5_s7-18_rr1.6_edge0.5_atrmin0.0008_cb12_kp0.0_kt6_rsi18_bb2.0_atr1.2_risk0.5_rr1.6_london7-18_atrmin0.0008_edge0.5,24,0.041666666666666664,0.2980792332127751,0.05916834949779,41.42857142857142,-1.7936434934122503
42,./out/rolling_A_24m_portA_micro5_s7-18_rr1.6_edge0.5_atrmin0.0008_cb12_kp0.7_kt6_rsi18_bb2.0_atr1.2_risk0.5_rr1.6_london7-18_atrmin0.0008_edge0.5.csv,portA_micro5_s7-18_rr1.6_edge0.5_atrmin0.0008_cb12_kp0.7_kt6_rsi18_bb2.0_atr1.2_risk0.5_rr1.6_london7-18_atrmin0.0008_edge0.5,24,0.041666666666666664,0.2980792332127751,0.05916834949779,41.42857142857142,-1.7936434934122503
43,./out/rolling_A_24m_portA_micro5_s7-18_rr1.6_edge0.5_atrmin0.0008_cb8_kp0.0_kt6_rsi18_bb2.0_atr1.2_risk0.5_rr1.6_london7-18_atrmin0.0008_edge0.5.csv,portA_micro5_s7-18_rr1.6_edge0.5_atrmin0.0008_cb8_kp0.0_kt6_rsi18_bb2.0_atr1.2_risk0.5_rr1.6_london7-18_atrmin0.0008_edge0.5,24,0.041666666666666664,0.2980792332127751,0.05916834949779,41.42857142857142,-1.7936434934122503
44,./out/rolling_A_24m_portA_micro5_s7-18_rr1.6_edge0.5_atrmin0.0008_cb8_kp0.7_kt6_rsi18_bb2.0_atr1.2_risk0.5_rr1.6_london7-18_atrmin0.0008_edge0.5.csv,portA_micro5_s7-18_rr1.6_edge0.5_atrmin0.0008_cb8_kp0.7_kt6_rsi18_bb2.0_atr1.2_risk0.5_rr1.6_london7-18_atrmin0.0008_edge0.5,24,0.041666666666666664,0.2980792332127751,0.05916834949779,41.42857142857142,-1.7936434934122503
45,./out/rolling_A_24m_portA_micro5_s8-17_rr1.6_edge0.5_atrmin0.0008_cb12_kp0.0_kt6_rsi18_bb2.0_atr1.2_risk0.5_rr1.6_london8-17_atrmin0.0008_edge0.5.csv,portA_micro5_s8-17_rr1.6_edge0.5_atrmin0.0008_cb12_kp0.0_kt6_rsi18_bb2.0_atr1.2_risk0.5_rr1.6_london8-17_atrmin0.0008_edge0.5,24,0.041666666666666664,0.298075548888346,0.05916834949779,39.583333333333336,-1.6855143991104493
46,./out/rolling_A_24m_portA_micro5_s8-17_rr1.6_edge0.5_atrmin0.0008_cb12_kp0.7_kt6_rsi18_bb2.0_atr1.2_risk0.5_rr1.6_london8-17_atrmin0.0008_edge0.5.csv,portA_micro5_s8-17_rr1.6_edge0.5_atrmin0.0008_cb12_kp0.7_kt6_rsi18_bb2.0_atr1.2_risk0.5_rr1.6_london8-17_atrmin0.0008_edge0.5,24,0.041666666666666664,0.298075548888346,0.05916834949779,39.583333333333336,-1.6855143991104493
47,./out/rolling_A_24m_portA_micro5_s8-17_rr1.6_edge0.5_atrmin0.0008_cb8_kp0.0_kt6_rsi18_bb2.0_atr1.2_risk0.5_rr1.6_london8-17_atrmin0.0008_edge0.5.csv,portA_micro5_s8-17_rr1.6_edge0.5_atrmin0.0008_cb8_kp0.0_kt6_rsi18_bb2.0_atr1.2_risk0.5_rr1.6_london8-17_atrmin0.0008_edge0.5,24,0.041666666666666664,0.298075548888346,0.05916834949779,39.583333333333336,-1.6855143991104493
48,./out/rolling_A_24m_portA_micro5_s8-17_rr1.6_edge0.5_atrmin0.0008_cb8_kp0.7_kt6_rsi18_bb2.0_atr1.2_risk0.5_rr1.6_london8-17_atrmin0.0008_edge0.5.csv,portA_micro5_s8-17_rr1.6_edge0.5_atrmin0.0008_cb8_kp0.7_kt6_rsi18_bb2.0_atr1.2_risk0.5_rr1.6_london8-17_atrmin0.0008_edge0.5,24,0.041666666666666664,0.298075548888346,0.05916834949779,39.583333333333336,-1.6855143991104493
49,./out/rolling_A_24m_portA_micro5_s7-18_rr1.6_edge0.6_atrmin0.0008_cb12_kp0.0_kt6_rsi18_bb2.0_atr1.2_risk0.5_rr1.6_london7-18_atrmin0.0008_edge0.6.csv,portA_micro5_s7-18_rr1.6_edge0.6_atrmin0.0008_cb12_kp0.0_kt6_rsi18_bb2.0_atr1.2_risk0.5_rr1.6_london7-18_atrmin0.0008_edge0.6,24,0.041666666666666664,0.2941536846092939,0.0623565202167466,42.26190476190476,-1.5626824229726721
50,./out/rolling_A_24m_portA_micro5_s7-18_rr1.6_edge0.6_atrmin0.0008_cb12_kp0.7_kt6_rsi18_bb2.0_atr1.2_risk0.5_rr1.6_london7-18_atrmin0.0008_edge0.6.csv,portA_micro5_s7-18_rr1.6_edge0.6_atrmin0.0008_cb12_kp0.7_kt6_rsi18_bb2.0_atr1.2_risk0.5_rr1.6_london7-18_atrmin0.0008_edge0.6,24,0.041666666666666664,0.2941536846092939,0.0623565202167466,42.26190476190476,-1.5626824229726721
51,./out/rolling_A_24m_portA_micro5_s7-18_rr1.6_edge0.6_atrmin0.0008_cb8_kp0.0_kt6_rsi18_bb2.0_atr1.2_risk0.5_rr1.6_london7-18_atrmin0.0008_edge0.6.csv,portA_micro5_s7-18_rr1.6_edge0.6_atrmin0.0008_cb8_kp0.0_kt6_rsi18_bb2.0_atr1.2_risk0.5_rr1.6_london7-18_atrmin0.0008_edge0.6,24,0.041666666666666664,0.2941536846092939,0.0623565202167466,42.26190476190476,-1.5626824229726721
52,./out/rolling_A_24m_portA_micro5_s7-18_rr1.6_edge0.6_atrmin0.0008_cb8_kp0.7_kt6_rsi18_bb2.0_atr1.2_risk0.5_rr1.6_london7-18_atrmin0.0008_edge0.6.csv,portA_micro5_s7-18_rr1.6_edge0.6_atrmin0.0008_cb8_kp0.7_kt6_rsi18_bb2.0_atr1.2_risk0.5_rr1.6_london7-18_atrmin0.0008_edge0.6,24,0.041666666666666664,0.2941536846092939,0.0623565202167466,42.26190476190476,-1.5626824229726721
53,./out/rolling_A_24m_portA_micro5_s9-18_rr1.8_edge0.6_atrmin0.0006_cb12_kp0.0_kt6_rsi18_bb2.0_atr1.2_risk0.5_rr1.8_london9-18_atrmin0.0006_edge0.6.csv,portA_micro5_s9-18_rr1.8_edge0.6_atrmin0.0006_cb12_kp0.0_kt6_rsi18_bb2.0_atr1.2_risk0.5_rr1.8_london9-18_atrmin0.0006_edge0.6,24,0.041666666666666664,0.29196108666857123,0.0687273408891986,40.0,-1.5077660140560165
54,./out/rolling_A_24m_portA_micro5_s9-18_rr1.8_edge0.6_atrmin0.0006_cb12_kp0.7_kt6_rsi18_bb2.0_atr1.2_risk0.5_rr1.8_london9-18_atrmin0.0006_edge0.6.csv,portA_micro5_s9-18_rr1.8_edge0.6_atrmin0.0006_cb12_kp0.7_kt6_rsi18_bb2.0_atr1.2_risk0.5_rr1.8_london9-18_atrmin0.0006_edge0.6,24,0.041666666666666664,0.29196108666857123,0.0687273408891986,40.0,-1.5077660140560165
55,./out/rolling_A_24m_portA_micro5_s9-18_rr1.8_edge0.6_atrmin0.0006_cb8_kp0.0_kt6_rsi18_bb2.0_atr1.2_risk0.5_rr1.8_london9-18_atrmin0.0006_edge0.6.csv,portA_micro5_s9-18_rr1.8_edge0.6_atrmin0.0006_cb8_kp0.0_kt6_rsi18_bb2.0_atr1.2_risk0.5_rr1.8_london9-18_atrmin0.0006_edge0.6,24,0.041666666666666664,0.29196108666857123,0.0687273408891986,40.0,-1.5077660140560165
56,./out/rolling_A_24m_portA_micro5_s9-18_rr1.8_edge0.6_atrmin0.0006_cb8_kp0.7_kt6_rsi18_bb2.0_atr1.2_risk0.5_rr1.8_london9-18_atrmin0.0006_edge0.6.csv,portA_micro5_s9-18_rr1.8_edge0.6_atrmin0.0006_cb8_kp0.7_kt6_rsi18_bb2.0_atr1.2_risk0.5_rr1.8_london9-18_atrmin0.0006_edge0.6,24,0.041666666666666664,0.29196108666857123,0.0687273408891986,40.0,-1.5077660140560165
57,./out/rolling_A_24m_portA_micro5_s7-19_rr1.6_edge0.6_atrmin0.0008_cb12_kp0.0_kt6_rsi18_bb2.0_atr1.2_risk0.5_rr1.6_london7-19_atrmin0.0008_edge0.6.csv,portA_micro5_s7-19_rr1.6_edge0.6_atrmin0.0008_cb12_kp0.0_kt6_rsi18_bb2.0_atr1.2_risk0.5_rr1.6_london7-19_atrmin0.0008_edge0.6,24,0.041666666666666664,0.2908578667846865,0.0623565202167466,40.0,-1.5626824229726721
58,./out/rolling_A_24m_portA_micro5_s7-19_rr1.6_edge0.6_atrmin0.0008_cb12_kp0.7_kt6_rsi18_bb2.0_atr1.2_risk0.5_rr1.6_london7-19_atrmin0.0008_edge0.6.csv,portA_micro5_s7-19_rr1.6_edge0.6_atrmin0.0008_cb12_kp0.7_kt6_rsi18_bb2.0_atr1.2_risk0.5_rr1.6_london7-19_atrmin0.0008_edge0.6,24,0.041666666666666664,0.2908578667846865,0.0623565202167466,40.0,-1.5626824229726721
59,./out/rolling_A_24m_portA_micro5_s7-19_rr1.6_edge0.6_atrmin0.0008_cb8_kp0.0_kt6_rsi18_bb2.0_atr1.2_risk0.5_rr1.6_london7-19_atrmin0.0008_edge0.6.csv,portA_micro5_s7-19_rr1.6_edge0.6_atrmin0.0008_cb8_kp0.0_kt6_rsi18_bb2.0_atr1.2_risk0.5_rr1.6_london7-19_atrmin0.0008_edge0.6,24,0.041666666666666664,0.2908578667846865,0.0623565202167466,40.0,-1.5626824229726721
60,./out/rolling_A_24m_portA_micro5_s7-19_rr1.6_edge0.6_atrmin0.0008_cb8_kp0.7_kt6_rsi18_bb2.0_atr1.2_risk0.5_rr1.6_london7-19_atrmin0.0008_edge0.6.csv,portA_micro5_s7-19_rr1.6_edge0.6_atrmin0.0008_cb8_kp0.7_kt6_rsi18_bb2.0_atr1.2_risk0.5_rr1.6_london7-19_atrmin0.0008_edge0.6,24,0.041666666666666664,0.2908578667846865,0.0623565202167466,40.0,-1.5626824229726721
61,./out/rolling_A_24m_portA_micro5_s7-19_rr2.0_edge0.6_atrmin0.0006_cb12_kp0.0_kt6_rsi18_bb2.0_atr1.2_risk0.5_rr2.0_london7-19_atrmin0.0006_edge0.6.csv,portA_micro5_s7-19_rr2.0_edge0.6_atrmin0.0006_cb12_kp0.0_kt6_rsi18_bb2.0_atr1.2_risk0.5_rr2.0_london7-19_atrmin0.0006_edge0.6,24,0.041666666666666664,0.27548820770337756,0.0795799346136613,37.04761904761905,-2.153338660119786
62,./out/rolling_A_24m_portA_micro5_s7-19_rr2.0_edge0.6_atrmin0.0006_cb12_kp0.7_kt6_rsi18_bb2.0_atr1.2_risk0.5_rr2.0_london7-19_atrmin0.0006_edge0.6.csv,portA_micro5_s7-19_rr2.0_edge0.6_atrmin0.0006_cb12_kp0.7_kt6_rsi18_bb2.0_atr1.2_risk0.5_rr2.0_london7-19_atrmin0.0006_edge0.6,24,0.041666666666666664,0.27548820770337756,0.0795799346136613,37.04761904761905,-2.153338660119786
63,./out/rolling_A_24m_portA_micro5_s7-19_rr2.0_edge0.6_atrmin0.0006_cb8_kp0.0_kt6_rsi18_bb2.0_atr1.2_risk0.5_rr2.0_london7-19_atrmin0.0006_edge0.6.csv,portA_micro5_s7-19_rr2.0_edge0.6_atrmin0.0006_cb8_kp0.0_kt6_rsi18_bb2.0_atr1.2_risk0.5_rr2.0_london7-19_atrmin0.0006_edge0.6,24,0.041666666666666664,0.27548820770337756,0.0795799346136613,37.04761904761905,-2.153338660119786
64,./out/rolling_A_24m_portA_micro5_s7-19_rr2.0_edge0.6_atrmin0.0006_cb8_kp0.7_kt6_rsi18_bb2.0_atr1.2_risk0.5_rr2.0_london7-19_atrmin0.0006_edge0.6.csv,portA_micro5_s7-19_rr2.0_edge0.6_atrmin0.0006_cb8_kp0.7_kt6_rsi18_bb2.0_atr1.2_risk0.5_rr2.0_london7-19_atrmin0.0006_edge0.6,24,0.041666666666666664,0.27548820770337756,0.0795799346136613,37.04761904761905,-2.153338660119786
65,./out/rolling_A_24m_portA_micro5_s7-19_rr1.6_edge0.5_atrmin0.0008_cb12_kp0.0_kt6_rsi18_bb2.0_atr1.2_risk0.5_rr1.6_london7-19_atrmin0.0008_edge0.5.csv,portA_micro5_s7-19_rr1.6_edge0.5_atrmin0.0008_cb12_kp0.0_kt6_rsi18_bb2.0_atr1.2_risk0.5_rr1.6_london7-19_atrmin0.0008_edge0.5,24,0.041666666666666664,0.2613391096469362,0.05916834949779,42.365967365967364,-1.7381264768497826
66,./out/rolling_A_24m_portA_micro5_s7-19_rr1.6_edge0.5_atrmin0.0008_cb12_kp0.7_kt6_rsi18_bb2.0_atr1.2_risk0.5_rr1.6_london7-19_atrmin0.0008_edge0.5.csv,portA_micro5_s7-19_rr1.6_edge0.5_atrmin0.0008_cb12_kp0.7_kt6_rsi18_bb2.0_atr1.2_risk0.5_rr1.6_london7-19_atrmin0.0008_edge0.5,24,0.041666666666666664,0.2613391096469362,0.05916834949779,42.365967365967364,-1.7381264768497826
67,./out/rolling_A_24m_portA_micro5_s7-19_rr1.6_edge0.5_atrmin0.0008_cb8_kp0.0_kt6_rsi18_bb2.0_atr1.2_risk0.5_rr1.6_london7-19_atrmin0.0008_edge0.5.csv,portA_micro5_s7-19_rr1.6_edge0.5_atrmin0.0008_cb8_kp0.0_kt6_rsi18_bb2.0_atr1.2_risk0.5_rr1.6_london7-19_atrmin0.0008_edge0.5,24,0.041666666666666664,0.2613391096469362,0.05916834949779,42.365967365967364,-1.7381264768497826
68,./out/rolling_A_24m_portA_micro5_s7-19_rr1.6_edge0.5_atrmin0.0008_cb8_kp0.7_kt6_rsi18_bb2.0_atr1.2_risk0.5_rr1.6_london7-19_atrmin0.0008_edge0.5.csv,portA_micro5_s7-19_rr1.6_edge0.5_atrmin0.0008_cb8_kp0.7_kt6_rsi18_bb2.0_atr1.2_risk0.5_rr1.6_london7-19_atrmin0.0008_edge0.5,24,0.041666666666666664,0.2613391096469362,0.05916834949779,42.365967365967364,-1.7381264768497826
69,./out/rolling_A_24m_portA_micro5_s7-19_rr2.0_edge0.6_atrmin0.0004_cb12_kp0.0_kt6_rsi18_bb2.0_atr1.2_risk0.5_rr2.0_london7-19_atrmin0.0004_edge0.6.csv,portA_micro5_s7-19_rr2.0_edge0.6_atrmin0.0004_cb12_kp0.0_kt6_rsi18_bb2.0_atr1.2_risk0.5_rr2.0_london7-19_atrmin0.0004_edge0.6,24,0.041666666666666664,0.23081629154697164,0.067405973202667,31.909090909090907,-2.942385827650995
70,./out/rolling_A_24m_portA_micro5_s7-19_rr2.0_edge0.6_atrmin0.0004_cb12_kp0.7_kt6_rsi18_bb2.0_atr1.2_risk0.5_rr2.0_london7-19_atrmin0.0004_edge0.6.csv,portA_micro5_s7-19_rr2.0_edge0.6_atrmin0.0004_cb12_kp0.7_kt6_rsi18_bb2.0_atr1.2_risk0.5_rr2.0_london7-19_atrmin0.0004_edge0.6,24,0.041666666666666664,0.23081629154697164,0.067405973202667,31.909090909090907,-2.942385827650995
71,./out/rolling_A_24m_portA_micro5_s7-19_rr2.0_edge0.6_atrmin0.0004_cb8_kp0.0_kt6_rsi18_bb2.0_atr1.2_risk0.5_rr2.0_london7-19_atrmin0.0004_edge0.6.csv,portA_micro5_s7-19_rr2.0_edge0.6_atrmin0.0004_cb8_kp0.0_kt6_rsi18_bb2.0_atr1.2_risk0.5_rr2.0_london7-19_atrmin0.0004_edge0.6,24,0.041666666666666664,0.23081629154697164,0.067405973202667,31.909090909090907,-2.942385827650995
72,./out/rolling_A_24m_portA_micro5_s7-19_rr2.0_edge0.6_atrmin0.0004_cb8_kp0.7_kt6_rsi18_bb2.0_atr1.2_risk0.5_rr2.0_london7-19_atrmin0.0004_edge0.6.csv,portA_micro5_s7-19_rr2.0_edge0.6_atrmin0.0004_cb8_kp0.7_kt6_rsi18_bb2.0_atr1.2_risk0.5_rr2.0_london7-19_atrmin0.0004_edge0.6,24,0.041666666666666664,0.23081629154697164,0.067405973202667,31.909090909090907,-2.942385827650995
73,./out/rolling_A_24m_portA_micro5_s9-18_rr2.0_edge0.5_atrmin0.0008_cb12_kp0.0_kt6_rsi18_bb2.0_atr1.2_risk0.5_rr2.0_london9-18_atrmin0.0008_edge0.5.csv,portA_micro5_s9-18_rr2.0_edge0.5_atrmin0.0008_cb12_kp0.0_kt6_rsi18_bb2.0_atr1.2_risk0.5_rr2.0_london9-18_atrmin0.0008_edge0.5,24,0.0,0.435811157925535,0.060956482193283,38.46153846153847,-1.4352808584803534
74,./out/rolling_A_24m_portA_micro5_s9-18_rr2.0_edge0.5_atrmin0.0008_cb12_kp0.7_kt6_rsi18_bb2.0_atr1.2_risk0.5_rr2.0_london9-18_atrmin0.0008_edge0.5.csv,portA_micro5_s9-18_rr2.0_edge0.5_atrmin0.0008_cb12_kp0.7_kt6_rsi18_bb2.0_atr1.2_risk0.5_rr2.0_london9-18_atrmin0.0008_edge0.5,24,0.0,0.435811157925535,0.060956482193283,38.46153846153847,-1.4352808584803534
75,./out/rolling_A_24m_portA_micro5_s9-18_rr2.0_edge0.5_atrmin0.0008_cb8_kp0.0_kt6_rsi18_bb2.0_atr1.2_risk0.5_rr2.0_london9-18_atrmin0.0008_edge0.5.csv,portA_micro5_s9-18_rr2.0_edge0.5_atrmin0.0008_cb8_kp0.0_kt6_rsi18_bb2.0_atr1.2_risk0.5_rr2.0_london9-18_atrmin0.0008_edge0.5,24,0.0,0.435811157925535,0.060956482193283,38.46153846153847,-1.4352808584803534
76,./out/rolling_A_24m_portA_micro5_s9-18_rr2.0_edge0.5_atrmin0.0008_cb8_kp0.7_kt6_rsi18_bb2.0_atr1.2_risk0.5_rr2.0_london9-18_atrmin0.0008_edge0.5.csv,portA_micro5_s9-18_rr2.0_edge0.5_atrmin0.0008_cb8_kp0.7_kt6_rsi18_bb2.0_atr1.2_risk0.5_rr2.0_london9-18_atrmin0.0008_edge0.5,24,0.0,0.435811157925535,0.060956482193283,38.46153846153847,-1.4352808584803534
77,./out/rolling_A_24m_portA_micro5_s9-18_rr1.6_edge0.5_atrmin0.0008_cb12_kp0.0_kt6_rsi18_bb2.0_atr1.2_risk0.5_rr1.6_london9-18_atrmin0.0008_edge0.5.csv,portA_micro5_s9-18_rr1.6_edge0.5_atrmin0.0008_cb12_kp0.0_kt6_rsi18_bb2.0_atr1.2_risk0.5_rr1.6_london9-18_atrmin0.0008_edge0.5,24,0.0,0.3634796681862761,0.0621247763565592,42.92763157894737,-1.478845248821542
78,./out/rolling_A_24m_portA_micro5_s9-18_rr1.6_edge0.5_atrmin0.0008_cb12_kp0.7_kt6_rsi18_bb2.0_atr1.2_risk0.5_rr1.6_london9-18_atrmin0.0008_edge0.5.csv,portA_micro5_s9-18_rr1.6_edge0.5_atrmin0.0008_cb12_kp0.7_kt6_rsi18_bb2.0_atr1.2_risk0.5_rr1.6_london9-18_atrmin0.0008_edge0.5,24,0.0,0.3634796681862761,0.0621247763565592,42.92763157894737,-1.478845248821542
79,./out/rolling_A_24m_portA_micro5_s9-18_rr1.6_edge0.5_atrmin0.0008_cb8_kp0.0_kt6_rsi18_bb2.0_atr1.2_risk0.5_rr1.6_london9-18_atrmin0.0008_edge0.5.csv,portA_micro5_s9-18_rr1.6_edge0.5_atrmin0.0008_cb8_kp0.0_kt6_rsi18_bb2.0_atr1.2_risk0.5_rr1.6_london9-18_atrmin0.0008_edge0.5,24,0.0,0.3634796681862761,0.0621247763565592,42.92763157894737,-1.478845248821542
80,./out/rolling_A_24m_portA_micro5_s9-18_rr1.6_edge0.5_atrmin0.0008_cb8_kp0.7_kt6_rsi18_bb2.0_atr1.2_risk0.5_rr1.6_london9-18_atrmin0.0008_edge0.5.csv,portA_micro5_s9-18_rr1.6_edge0.5_atrmin0.0008_cb8_kp0.7_kt6_rsi18_bb2.0_atr1.2_risk0.5_rr1.6_london9-18_atrmin0.0008_edge0.5,24,0.0,0.3634796681862761,0.0621247763565592,42.92763157894737,-1.478845248821542
81,./out/rolling_A_24m_portA_micro5_s7-18_rr2.0_edge0.5_atrmin0.0008_cb12_kp0.0_kt6_rsi18_bb2.0_atr1.2_risk0.5_rr2.0_london7-18_atrmin0.0008_edge0.5.csv,portA_micro5_s7-18_rr2.0_edge0.5_atrmin0.0008_cb12_kp0.0_kt6_rsi18_bb2.0_atr1.2_risk0.5_rr2.0_london7-18_atrmin0.0008_edge0.5,24,0.0,0.35836412266439444,0.0709562507600863,37.171052631578945,-1.7585712184732316
82,./out/rolling_A_24m_portA_micro5_s7-18_rr2.0_edge0.5_atrmin0.0008_cb12_kp0.7_kt6_rsi18_bb2.0_atr1.2_risk0.5_rr2.0_london7-18_atrmin0.0008_edge0.5.csv,portA_micro5_s7-18_rr2.0_edge0.5_atrmin0.0008_cb12_kp0.7_kt6_rsi18_bb2.0_atr1.2_risk0.5_rr2.0_london7-18_atrmin0.0008_edge0.5,24,0.0,0.35836412266439444,0.0709562507600863,37.171052631578945,-1.7585712184732316
83,./out/rolling_A_24m_portA_micro5_s7-18_rr2.0_edge0.5_atrmin0.0008_cb8_kp0.0_kt6_rsi18_bb2.0_atr1.2_risk0.5_rr2.0_london7-18_atrmin0.0008_edge0.5.csv,portA_micro5_s7-18_rr2.0_edge0.5_atrmin0.0008_cb8_kp0.0_kt6_rsi18_bb2.0_atr1.2_risk0.5_rr2.0_london7-18_atrmin0.0008_edge0.5,24,0.0,0.35836412266439444,0.0709562507600863,37.171052631578945,-1.7585712184732316
84,./out/rolling_A_24m_portA_micro5_s7-18_rr2.0_edge0.5_atrmin0.0008_cb8_kp0.7_kt6_rsi18_bb2.0_atr1.2_risk0.5_rr2.0_london7-18_atrmin0.0008_edge0.5.csv,portA_micro5_s7-18_rr2.0_edge0.5_atrmin0.0008_cb8_kp0.7_kt6_rsi18_bb2.0_atr1.2_risk0.5_rr2.0_london7-18_atrmin0.0008_edge0.5,24,0.0,0.35836412266439444,0.0709562507600863,37.171052631578945,-1.7585712184732316
85,./out/rolling_A_24m_portA_micro5_s9-18_rr1.8_edge0.5_atrmin0.0006_cb12_kp0.0_kt6_rsi18_bb2.0_atr1.2_risk0.5_rr1.8_london9-18_atrmin0.0006_edge0.5.csv,portA_micro5_s9-18_rr1.8_edge0.5_atrmin0.0006_cb12_kp0.0_kt6_rsi18_bb2.0_atr1.2_risk0.5_rr1.8_london9-18_atrmin0.0006_edge0.5,24,0.0,0.3531464144391943,0.0548610225259936,42.481203007518786,-1.7667696692466925
86,./out/rolling_A_24m_portA_micro5_s9-18_rr1.8_edge0.5_atrmin0.0006_cb12_kp0.7_kt6_rsi18_bb2.0_atr1.2_risk0.5_rr1.8_london9-18_atrmin0.0006_edge0.5.csv,portA_micro5_s9-18_rr1.8_edge0.5_atrmin0.0006_cb12_kp0.7_kt6_rsi18_bb2.0_atr1.2_risk0.5_rr1.8_london9-18_atrmin0.0006_edge0.5,24,0.0,0.3531464144391943,0.0548610225259936,42.481203007518786,-1.7667696692466925
87,./out/rolling_A_24m_portA_micro5_s9-18_rr1.8_edge0.5_atrmin0.0006_cb8_kp0.0_kt6_rsi18_bb2.0_atr1.2_risk0.5_rr1.8_london9-18_atrmin0.0006_edge0.5.csv,portA_micro5_s9-18_rr1.8_edge0.5_atrmin0.0006_cb8_kp0.0_kt6_rsi18_bb2.0_atr1.2_risk0.5_rr1.8_london9-18_atrmin0.0006_edge0.5,24,0.0,0.3531464144391943,0.0548610225259936,42.481203007518786,-1.7667696692466925
88,./out/rolling_A_24m_portA_micro5_s9-18_rr1.8_edge0.5_atrmin0.0006_cb8_kp0.7_kt6_rsi18_bb2.0_atr1.2_risk0.5_rr1.8_london9-18_atrmin0.0006_edge0.5.csv,portA_micro5_s9-18_rr1.8_edge0.5_atrmin0.0006_cb8_kp0.7_kt6_rsi18_bb2.0_atr1.2_risk0.5_rr1.8_london9-18_atrmin0.0006_edge0.5,24,0.0,0.3531464144391943,0.0548610225259936,42.481203007518786,-1.7667696692466925
89,./out/rolling_A_24m_portA_micro5_s9-18_rr2.0_edge0.5_atrmin0.0006_cb12_kp0.0_kt6_rsi18_bb2.0_atr1.2_risk0.5_rr2.0_london9-18_atrmin0.0006_edge0.5.csv,portA_micro5_s9-18_rr2.0_edge0.5_atrmin0.0006_cb12_kp0.0_kt6_rsi18_bb2.0_atr1.2_risk0.5_rr2.0_london9-18_atrmin0.0006_edge0.5,24,0.0,0.35286946335264585,0.053223508540504,38.19628647214854,-1.6254550951980806
90,./out/rolling_A_24m_portA_micro5_s9-18_rr2.0_edge0.5_atrmin0.0006_cb12_kp0.7_kt6_rsi18_bb2.0_atr1.2_risk0.5_rr2.0_london9-18_atrmin0.0006_edge0.5.csv,portA_micro5_s9-18_rr2.0_edge0.5_atrmin0.0006_cb12_kp0.7_kt6_rsi18_bb2.0_atr1.2_risk0.5_rr2.0_london9-18_atrmin0.0006_edge0.5,24,0.0,0.35286946335264585,0.053223508540504,38.19628647214854,-1.6254550951980806
91,./out/rolling_A_24m_portA_micro5_s9-18_rr2.0_edge0.5_atrmin0.0006_cb8_kp0.0_kt6_rsi18_bb2.0_atr1.2_risk0.5_rr2.0_london9-18_atrmin0.0006_edge0.5.csv,portA_micro5_s9-18_rr2.0_edge0.5_atrmin0.0006_cb8_kp0.0_kt6_rsi18_bb2.0_atr1.2_risk0.5_rr2.0_london9-18_atrmin0.0006_edge0.5,24,0.0,0.35286946335264585,0.053223508540504,38.19628647214854,-1.6254550951980806
92,./out/rolling_A_24m_portA_micro5_s9-18_rr2.0_edge0.5_atrmin0.0006_cb8_kp0.7_kt6_rsi18_bb2.0_atr1.2_risk0.5_rr2.0_london9-18_atrmin0.0006_edge0.5.csv,portA_micro5_s9-18_rr2.0_edge0.5_atrmin0.0006_cb8_kp0.7_kt6_rsi18_bb2.0_atr1.2_risk0.5_rr2.0_london9-18_atrmin0.0006_edge0.5,24,0.0,0.35286946335264585,0.053223508540504,38.19628647214854,-1.6254550951980806
93,./out/rolling_A_24m_portA_micro5_s8-17_rr2.0_edge0.5_atrmin0.0008_cb12_kp0.0_kt6_rsi18_bb2.0_atr1.2_risk0.5_rr2.0_london8-17_atrmin0.0008_edge0.5.csv,portA_micro5_s8-17_rr2.0_edge0.5_atrmin0.0008_cb12_kp0.0_kt6_rsi18_bb2.0_atr1.2_risk0.5_rr2.0_london8-17_atrmin0.0008_edge0.5,24,0.0,0.3516309655279262,0.060956482193283,34.78260869565217,-1.5846885152136558
94,./out/rolling_A_24m_portA_micro5_s8-17_rr2.0_edge0.5_atrmin0.0008_cb12_kp0.7_kt6_rsi18_bb2.0_atr1.2_risk0.5_rr2.0_london8-17_atrmin0.0008_edge0.5.csv,portA_micro5_s8-17_rr2.0_edge0.5_atrmin0.0008_cb12_kp0.7_kt6_rsi18_bb2.0_atr1.2_risk0.5_rr2.0_london8-17_atrmin0.0008_edge0.5,24,0.0,0.3516309655279262,0.060956482193283,34.78260869565217,-1.5846885152136558
95,./out/rolling_A_24m_portA_micro5_s8-17_rr2.0_edge0.5_atrmin0.0008_cb8_kp0.0_kt6_rsi18_bb2.0_atr1.2_risk0.5_rr2.0_london8-17_atrmin0.0008_edge0.5.csv,portA_micro5_s8-17_rr2.0_edge0.5_atrmin0.0008_cb8_kp0.0_kt6_rsi18_bb2.0_atr1.2_risk0.5_rr2.0_london8-17_atrmin0.0008_edge0.5,24,0.0,0.3516309655279262,0.060956482193283,34.78260869565217,-1.5846885152136558
96,./out/rolling_A_24m_portA_micro5_s8-17_rr2.0_edge0.5_atrmin0.0008_cb8_kp0.7_kt6_rsi18_bb2.0_atr1.2_risk0.5_rr2.0_london8-17_atrmin0.0008_edge0.5.csv,portA_micro5_s8-17_rr2.0_edge0.5_atrmin0.0008_cb8_kp0.7_kt6_rsi18_bb2.0_atr1.2_risk0.5_rr2.0_london8-17_atrmin0.0008_edge0.5,24,0.0,0.3516309655279262,0.060956482193283,34.78260869565217,-1.5846885152136558
97,./out/rolling_A_24m_portA_micro5_s7-19_rr2.0_edge0.5_atrmin0.0008_cb12_kp0.0_kt6_rsi18_bb2.0_atr1.2_risk0.5_rr2.0_london7-19_atrmin0.0008_edge0.5.csv,portA_micro5_s7-19_rr2.0_edge0.5_atrmin0.0008_cb12_kp0.0_kt6_rsi18_bb2.0_atr1.2_risk0.5_rr2.0_london7-19_atrmin0.0008_edge0.5,24,0.0,0.338903047514746,0.0709562507600863,37.98076923076923,-1.5883387005791616
98,./out/rolling_A_24m_portA_micro5_s7-19_rr2.0_edge0.5_atrmin0.0008_cb12_kp0.7_kt6_rsi18_bb2.0_atr1.2_risk0.5_rr2.0_london7-19_atrmin0.0008_edge0.5.csv,portA_micro5_s7-19_rr2.0_edge0.5_atrmin0.0008_cb12_kp0.7_kt6_rsi18_bb2.0_atr1.2_risk0.5_rr2.0_london7-19_atrmin0.0008_edge0.5,24,0.0,0.338903047514746,0.0709562507600863,37.98076923076923,-1.5883387005791616
99,./out/rolling_A_24m_portA_micro5_s7-19_rr2.0_edge0.5_atrmin0.0008_cb8_kp0.0_kt6_rsi18_bb2.0_atr1.2_risk0.5_rr2.0_london7-19_atrmin0.0008_edge0.5.csv,portA_micro5_s7-19_rr2.0_edge0.5_atrmin0.0008_cb8_kp0.0_kt6_rsi18_bb2.0_atr1.2_risk0.5_rr2.0_london7-19_atrmin0.0008_edge0.5,24,0.0,0.338903047514746,0.0709562507600863,37.98076923076923,-1.5883387005791616
100,./out/rolling_A_24m_portA_micro5_s7-19_rr2.0_edge0.5_atrmin0.0008_cb8_kp0.7_kt6_rsi18_bb2.0_atr1.2_risk0.5_rr2.0_london7-19_atrmin0.0008_edge0.5.csv,portA_micro5_s7-19_rr2.0_edge0.5_atrmin0.0008_cb8_kp0.7_kt6_rsi18_bb2.0_atr1.2_risk0.5_rr2.0_london7-19_atrmin0.0008_edge0.5,24,0.0,0.338903047514746,0.0709562507600863,37.98076923076923,-1.5883387005791616
101,./out/rolling_A_24m_portA_micro5_s9-18_rr1.6_edge0.6_atrmin0.0008_cb12_kp0.0_kt6_rsi18_bb2.0_atr1.2_risk0.5_rr1.6_london9-18_atrmin0.0008_edge0.6.csv,portA_micro5_s9-18_rr1.6_edge0.6_atrmin0.0008_cb12_kp0.0_kt6_rsi18_bb2.0_atr1.2_risk0.5_rr1.6_london9-18_atrmin0.0008_edge0.6,24,0.0,0.3299441328974725,0.0395076931593405,43.274853801169584,-1.3528768021144444
102,./out/rolling_A_24m_portA_micro5_s9-18_rr1.6_edge0.6_atrmin0.0008_cb12_kp0.7_kt6_rsi18_bb2.0_atr1.2_risk0.5_rr1.6_london9-18_atrmin0.0008_edge0.6.csv,portA_micro5_s9-18_rr1.6_edge0.6_atrmin0.0008_cb12_kp0.7_kt6_rsi18_bb2.0_atr1.2_risk0.5_rr1.6_london9-18_atrmin0.0008_edge0.6,24,0.0,0.3299441328974725,0.0395076931593405,43.274853801169584,-1.3528768021144444
103,./out/rolling_A_24m_portA_micro5_s9-18_rr1.6_edge0.6_atrmin0.0008_cb8_kp0.0_kt6_rsi18_bb2.0_atr1.2_risk0.5_rr1.6_london9-18_atrmin0.0008_edge0.6.csv,portA_micro5_s9-18_rr1.6_edge0.6_atrmin0.0008_cb8_kp0.0_kt6_rsi18_bb2.0_atr1.2_risk0.5_rr1.6_london9-18_atrmin0.0008_edge0.6,24,0.0,0.3299441328974725,0.0395076931593405,43.274853801169584,-1.3528768021144444
104,./out/rolling_A_24m_portA_micro5_s9-18_rr1.6_edge0.6_atrmin0.0008_cb8_kp0.7_kt6_rsi18_bb2.0_atr1.2_risk0.5_rr1.6_london9-18_atrmin0.0008_edge0.6.csv,portA_micro5_s9-18_rr1.6_edge0.6_atrmin0.0008_cb8_kp0.7_kt6_rsi18_bb2.0_atr1.2_risk0.5_rr1.6_london9-18_atrmin0.0008_edge0.6,24,0.0,0.3299441328974725,0.0395076931593405,43.274853801169584,-1.3528768021144444
105,./out/rolling_A_24m_portA_micro5_s9-18_rr1.8_edge0.6_atrmin0.0008_cb12_kp0.0_kt6_rsi18_bb2.0_atr1.2_risk0.5_rr1.8_london9-18_atrmin0.0008_edge0.6.csv,portA_micro5_s9-18_rr1.8_edge0.6_atrmin0.0008_cb12_kp0.0_kt6_rsi18_bb2.0_atr1.2_risk0.5_rr1.8_london9-18_atrmin0.0008_edge0.6,24,0.0,0.32660638284624,0.0586708234321594,36.93181818181819,-1.327716269817486
106,./out/rolling_A_24m_portA_micro5_s9-18_rr1.8_edge0.6_atrmin0.0008_cb12_kp0.7_kt6_rsi18_bb2.0_atr1.2_risk0.5_rr1.8_london9-18_atrmin0.0008_edge0.6.csv,portA_micro5_s9-18_rr1.8_edge0.6_atrmin0.0008_cb12_kp0.7_kt6_rsi18_bb2.0_atr1.2_risk0.5_rr1.8_london9-18_atrmin0.0008_edge0.6,24,0.0,0.32660638284624,0.0586708234321594,36.93181818181819,-1.327716269817486
107,./out/rolling_A_24m_portA_micro5_s9-18_rr1.8_edge0.6_atrmin0.0008_cb8_kp0.0_kt6_rsi18_bb2.0_atr1.2_risk0.5_rr1.8_london9-18_atrmin0.0008_edge0.6.csv,portA_micro5_s9-18_rr1.8_edge0.6_atrmin0.0008_cb8_kp0.0_kt6_rsi18_bb2.0_atr1.2_risk0.5_rr1.8_london9-18_atrmin0.0008_edge0.6,24,0.0,0.32660638284624,0.0586708234321594,36.93181818181819,-1.327716269817486
108,./out/rolling_A_24m_portA_micro5_s9-18_rr1.8_edge0.6_atrmin0.0008_cb8_kp0.7_kt6_rsi18_bb2.0_atr1.2_risk0.5_rr1.8_london9-18_atrmin0.0008_edge0.6.csv,portA_micro5_s9-18_rr1.8_edge0.6_atrmin0.0008_cb8_kp0.7_kt6_rsi18_bb2.0_atr1.2_risk0.5_rr1.8_london9-18_atrmin0.0008_edge0.6,24,0.0,0.32660638284624,0.0586708234321594,36.93181818181819,-1.327716269817486
109,./out/rolling_A_24m_portA_micro5_s7-18_rr1.8_edge0.6_atrmin0.0008_cb12_kp0.0_kt6_rsi18_bb2.0_atr1.2_risk0.5_rr1.8_london7-18_atrmin0.0008_edge0.6.csv,portA_micro5_s7-18_rr1.8_edge0.6_atrmin0.0008_cb12_kp0.0_kt6_rsi18_bb2.0_atr1.2_risk0.5_rr1.8_london7-18_atrmin0.0008_edge0.6,24,0.0,0.3170842227133134,0.0670592230198985,39.44444444444444,-1.5288075427781433
110,./out/rolling_A_24m_portA_micro5_s7-18_rr1.8_edge0.6_atrmin0.0008_cb12_kp0.7_kt6_rsi18_bb2.0_atr1.2_risk0.5_rr1.8_london7-18_atrmin0.0008_edge0.6.csv,portA_micro5_s7-18_rr1.8_edge0.6_atrmin0.0008_cb12_kp0.7_kt6_rsi18_bb2.0_atr1.2_risk0.5_rr1.8_london7-18_atrmin0.0008_edge0.6,24,0.0,0.3170842227133134,0.0670592230198985,39.44444444444444,-1.5288075427781433
111,./out/rolling_A_24m_portA_micro5_s7-18_rr1.8_edge0.6_atrmin0.0008_cb8_kp0.0_kt6_rsi18_bb2.0_atr1.2_risk0.5_rr1.8_london7-18_atrmin0.0008_edge0.6.csv,portA_micro5_s7-18_rr1.8_edge0.6_atrmin0.0008_cb8_kp0.0_kt6_rsi18_bb2.0_atr1.2_risk0.5_rr1.8_london7-18_atrmin0.0008_edge0.6,24,0.0,0.3170842227133134,0.0670592230198985,39.44444444444444,-1.5288075427781433
112,./out/rolling_A_24m_portA_micro5_s7-18_rr1.8_edge0.6_atrmin0.0008_cb8_kp0.7_kt6_rsi18_bb2.0_atr1.2_risk0.5_rr1.8_london7-18_atrmin0.0008_edge0.6.csv,portA_micro5_s7-18_rr1.8_edge0.6_atrmin0.0008_cb8_kp0.7_kt6_rsi18_bb2.0_atr1.2_risk0.5_rr1.8_london7-18_atrmin0.0008_edge0.6,24,0.0,0.3170842227133134,0.0670592230198985,39.44444444444444,-1.5288075427781433
113,./out/rolling_A_24m_portA_micro5_s8-17_rr2.0_edge0.5_atrmin0.0006_cb12_kp0.0_kt6_rsi18_bb2.0_atr1.2_risk0.5_rr2.0_london8-17_atrmin0.0006_edge0.5.csv,portA_micro5_s8-17_rr2.0_edge0.5_atrmin0.0006_cb12_kp0.0_kt6_rsi18_bb2.0_atr1.2_risk0.5_rr2.0_london8-17_atrmin0.0006_edge0.5,24,0.0,0.31426646330382024,0.0502357659609095,36.515151515151516,-2.10156933173557
114,./out/rolling_A_24m_portA_micro5_s8-17_rr2.0_edge0.5_atrmin0.0006_cb12_kp0.7_kt6_rsi18_bb2.0_atr1.2_risk0.5_rr2.0_london8-17_atrmin0.0006_edge0.5.csv,portA_micro5_s8-17_rr2.0_edge0.5_atrmin0.0006_cb12_kp0.7_kt6_rsi18_bb2.0_atr1.2_risk0.5_rr2.0_london8-17_atrmin0.0006_edge0.5,24,0.0,0.31426646330382024,0.0502357659609095,36.515151515151516,-2.10156933173557
115,./out/rolling_A_24m_portA_micro5_s8-17_rr2.0_edge0.5_atrmin0.0006_cb8_kp0.0_kt6_rsi18_bb2.0_atr1.2_risk0.5_rr2.0_london8-17_atrmin0.0006_edge0.5.csv,portA_micro5_s8-17_rr2.0_edge0.5_atrmin0.0006_cb8_kp0.0_kt6_rsi18_bb2.0_atr1.2_risk0.5_rr2.0_london8-17_atrmin0.0006_edge0.5,24,0.0,0.31426646330382024,0.0502357659609095,36.515151515151516,-2.10156933173557
116,./out/rolling_A_24m_portA_micro5_s8-17_rr2.0_edge0.5_atrmin0.0006_cb8_kp0.7_kt6_rsi18_bb2.0_atr1.2_risk0.5_rr2.0_london8-17_atrmin0.0006_edge0.5.csv,portA_micro5_s8-17_rr2.0_edge0.5_atrmin0.0006_cb8_kp0.7_kt6_rsi18_bb2.0_atr1.2_risk0.5_rr2.0_london8-17_atrmin0.0006_edge0.5,24,0.0,0.31426646330382024,0.0502357659609095,36.515151515151516,-2.10156933173557
117,./out/rolling_A_24m_portA_micro5_s9-18_rr2.0_edge0.5_atrmin0.0004_cb12_kp0.0_kt6_rsi18_bb2.0_atr1.2_risk0.5_rr2.0_london9-18_atrmin0.0004_edge0.5.csv,portA_micro5_s9-18_rr2.0_edge0.5_atrmin0.0004_cb12_kp0.0_kt6_rsi18_bb2.0_atr1.2_risk0.5_rr2.0_london9-18_atrmin0.0004_edge0.5,24,0.0,0.311107227544769,0.053223508540504,35.35714285714286,-1.8132876181372326
118,./out/rolling_A_24m_portA_micro5_s9-18_rr2.0_edge0.5_atrmin0.0004_cb12_kp0.7_kt6_rsi18_bb2.0_atr1.2_risk0.5_rr2.0_london9-18_atrmin0.0004_edge0.5.csv,portA_micro5_s9-18_rr2.0_edge0.5_atrmin0.0004_cb12_kp0.7_kt6_rsi18_bb2.0_atr1.2_risk0.5_rr2.0_london9-18_atrmin0.0004_edge0.5,24,0.0,0.311107227544769,0.053223508540504,35.35714285714286,-1.8132876181372326
119,./out/rolling_A_24m_portA_micro5_s9-18_rr2.0_edge0.5_atrmin0.0004_cb8_kp0.0_kt6_rsi18_bb2.0_atr1.2_risk0.5_rr2.0_london9-18_atrmin0.0004_edge0.5.csv,portA_micro5_s9-18_rr2.0_edge0.5_atrmin0.0004_cb8_kp0.0_kt6_rsi18_bb2.0_atr1.2_risk0.5_rr2.0_london9-18_atrmin0.0004_edge0.5,24,0.0,0.311107227544769,0.053223508540504,35.35714285714286,-1.8132876181372326
120,./out/rolling_A_24m_portA_micro5_s9-18_rr2.0_edge0.5_atrmin0.0004_cb8_kp0.7_kt6_rsi18_bb2.0_atr1.2_risk0.5_rr2.0_london9-18_atrmin0.0004_edge0.5.csv,portA_micro5_s9-18_rr2.0_edge0.5_atrmin0.0004_cb8_kp0.7_kt6_rsi18_bb2.0_atr1.2_risk0.5_rr2.0_london9-18_atrmin0.0004_edge0.5,24,0.0,0.311107227544769,0.053223508540504,35.35714285714286,-1.8132876181372326
121,./out/rolling_A_24m_portA_micro5_s8-17_rr1.8_edge0.6_atrmin0.0008_cb12_kp0.0_kt6_rsi18_bb2.0_atr1.2_risk0.5_rr1.8_london8-17_atrmin0.0008_edge0.6.csv,portA_micro5_s8-17_rr1.8_edge0.6_atrmin0.0008_cb12_kp0.0_kt6_rsi18_bb2.0_atr1.2_risk0.5_rr1.8_london8-17_atrmin0.0008_edge0.6,24,0.0,0.3056714316495645,0.0586708234321594,37.422360248447205,-1.4383499930596844
122,./out/rolling_A_24m_portA_micro5_s8-17_rr1.8_edge0.6_atrmin0.0008_cb12_kp0.7_kt6_rsi18_bb2.0_atr1.2_risk0.5_rr1.8_london8-17_atrmin0.0008_edge0.6.csv,portA_micro5_s8-17_rr1.8_edge0.6_atrmin0.0008_cb12_kp0.7_kt6_rsi18_bb2.0_atr1.2_risk0.5_rr1.8_london8-17_atrmin0.0008_edge0.6,24,0.0,0.3056714316495645,0.0586708234321594,37.422360248447205,-1.4383499930596844
123,./out/rolling_A_24m_portA_micro5_s8-17_rr1.8_edge0.6_atrmin0.0008_cb8_kp0.0_kt6_rsi18_bb2.0_atr1.2_risk0.5_rr1.8_london8-17_atrmin0.0008_edge0.6.csv,portA_micro5_s8-17_rr1.8_edge0.6_atrmin0.0008_cb8_kp0.0_kt6_rsi18_bb2.0_atr1.2_risk0.5_rr1.8_london8-17_atrmin0.0008_edge0.6,24,0.0,0.3056714316495645,0.0586708234321594,37.422360248447205,-1.4383499930596844
124,./out/rolling_A_24m_portA_micro5_s8-17_rr1.8_edge0.6_atrmin0.0008_cb8_kp0.7_kt6_rsi18_bb2.0_atr1.2_risk0.5_rr1.8_london8-17_atrmin0.0008_edge0.6.csv,portA_micro5_s8-17_rr1.8_edge0.6_atrmin0.0008_cb8_kp0.7_kt6_rsi18_bb2.0_atr1.2_risk0.5_rr1.8_london8-17_atrmin0.0008_edge0.6,24,0.0,0.3056714316495645,0.0586708234321594,37.422360248447205,-1.4383499930596844
125,./out/rolling_A_24m_portA_micro5_s7-19_rr1.8_edge0.6_atrmin0.0008_cb12_kp0.0_kt6_rsi18_bb2.0_atr1.2_risk0.5_rr1.8_london7-19_atrmin0.0008_edge0.6.csv,portA_micro5_s7-19_rr1.8_edge0.6_atrmin0.0008_cb12_kp0.0_kt6_rsi18_bb2.0_atr1.2_risk0.5_rr1.8_london7-19_atrmin0.0008_edge0.6,24,0.0,0.3029239650800082,0.0670592230198985,38.18181818181819,-1.5288075427781433
126,./out/rolling_A_24m_portA_micro5_s7-19_rr1.8_edge0.6_atrmin0.0008_cb12_kp0.7_kt6_rsi18_bb2.0_atr1.2_risk0.5_rr1.8_london7-19_atrmin0.0008_edge0.6.csv,portA_micro5_s7-19_rr1.8_edge0.6_atrmin0.0008_cb12_kp0.7_kt6_rsi18_bb2.0_atr1.2_risk0.5_rr1.8_london7-19_atrmin0.0008_edge0.6,24,0.0,0.3029239650800082,0.0670592230198985,38.18181818181819,-1.5288075427781433
127,./out/rolling_A_24m_portA_micro5_s7-19_rr1.8_edge0.6_atrmin0.0008_cb8_kp0.0_kt6_rsi18_bb2.0_atr1.2_risk0.5_rr1.8_london7-19_atrmin0.0008_edge0.6.csv,portA_micro5_s7-19_rr1.8_edge0.6_atrmin0.0008_cb8_kp0.0_kt6_rsi18_bb2.0_atr1.2_risk0.5_rr1.8_london7-19_atrmin0.0008_edge0.6,24,0.0,0.3029239650800082,0.0670592230198985,38.18181818181819,-1.5288075427781433
128,./out/rolling_A_24m_portA_micro5_s7-19_rr1.8_edge0.6_atrmin0.0008_cb8_kp0.7_kt6_rsi18_bb2.0_atr1.2_risk0.5_rr1.8_london7-19_atrmin0.0008_edge0.6.csv,portA_micro5_s7-19_rr1.8_edge0.6_atrmin0.0008_cb8_kp0.7_kt6_rsi18_bb2.0_atr1.2_risk0.5_rr1.8_london7-19_atrmin0.0008_edge0.6,24,0.0,0.3029239650800082,0.0670592230198985,38.18181818181819,-1.5288075427781433
129,./out/rolling_A_24m_portA_micro5_s7-18_rr2.0_edge0.5_atrmin0.0006_cb12_kp0.0_kt6_rsi18_bb2.0_atr1.2_risk0.5_rr2.0_london7-18_atrmin0.0006_edge0.5.csv,portA_micro5_s7-18_rr2.0_edge0.5_atrmin0.0006_cb12_kp0.0_kt6_rsi18_bb2.0_atr1.2_risk0.5_rr2.0_london7-18_atrmin0.0006_edge0.5,24,0.0,0.29920294348600623,0.066378136675106,36.4766081871345,-2.5922782993049234
130,./out/rolling_A_24m_portA_micro5_s7-18_rr2.0_edge0.5_atrmin0.0006_cb12_kp0.7_kt6_rsi18_bb2.0_atr1.2_risk0.5_rr2.0_london7-18_atrmin0.0006_edge0.5.csv,portA_micro5_s7-18_rr2.0_edge0.5_atrmin0.0006_cb12_kp0.7_kt6_rsi18_bb2.0_atr1.2_risk0.5_rr2.0_london7-18_atrmin0.0006_edge0.5,24,0.0,0.29920294348600623,0.066378136675106,36.4766081871345,-2.5922782993049234
131,./out/rolling_A_24m_portA_micro5_s7-18_rr2.0_edge0.5_atrmin0.0006_cb8_kp0.0_kt6_rsi18_bb2.0_atr1.2_risk0.5_rr2.0_london7-18_atrmin0.0006_edge0.5.csv,portA_micro5_s7-18_rr2.0_edge0.5_atrmin0.0006_cb8_kp0.0_kt6_rsi18_bb2.0_atr1.2_risk0.5_rr2.0_london7-18_atrmin0.0006_edge0.5,24,0.0,0.29920294348600623,0.066378136675106,36.4766081871345,-2.5922782993049234
132,./out/rolling_A_24m_portA_micro5_s7-18_rr2.0_edge0.5_atrmin0.0006_cb8_kp0.7_kt6_rsi18_bb2.0_atr1.2_risk0.5_rr2.0_london7-18_atrmin0.0006_edge0.5.csv,portA_micro5_s7-18_rr2.0_edge0.5_atrmin0.0006_cb8_kp0.7_kt6_rsi18_bb2.0_atr1.2_risk0.5_rr2.0_london7-18_atrmin0.0006_edge0.5,24,0.0,0.29920294348600623,0.066378136675106,36.4766081871345,-2.5922782993049234
133,./out/rolling_A_24m_portA_micro5_s9-18_rr1.6_edge0.5_atrmin0.0006_cb12_kp0.0_kt6_rsi18_bb2.0_atr1.2_risk0.5_rr1.6_london9-18_atrmin0.0006_edge0.5.csv,portA_micro5_s9-18_rr1.6_edge0.5_atrmin0.0006_cb12_kp0.0_kt6_rsi18_bb2.0_atr1.2_risk0.5_rr1.6_london9-18_atrmin0.0006_edge0.5,24,0.0,0.29053319716925496,0.0503006905511092,43.96135265700483,-1.7291091639636436
134,./out/rolling_A_24m_portA_micro5_s9-18_rr1.6_edge0.5_atrmin0.0006_cb12_kp0.7_kt6_rsi18_bb2.0_atr1.2_risk0.5_rr1.6_london9-18_atrmin0.0006_edge0.5.csv,portA_micro5_s9-18_rr1.6_edge0.5_atrmin0.0006_cb12_kp0.7_kt6_rsi18_bb2.0_atr1.2_risk0.5_rr1.6_london9-18_atrmin0.0006_edge0.5,24,0.0,0.29053319716925496,0.0503006905511092,43.96135265700483,-1.7291091639636436
135,./out/rolling_A_24m_portA_micro5_s9-18_rr1.6_edge0.5_atrmin0.0006_cb8_kp0.0_kt6_rsi18_bb2.0_atr1.2_risk0.5_rr1.6_london9-18_atrmin0.0006_edge0.5.csv,portA_micro5_s9-18_rr1.6_edge0.5_atrmin0.0006_cb8_kp0.0_kt6_rsi18_bb2.0_atr1.2_risk0.5_rr1.6_london9-18_atrmin0.0006_edge0.5,24,0.0,0.29053319716925496,0.0503006905511092,43.96135265700483,-1.7291091639636436
136,./out/rolling_A_24m_portA_micro5_s9-18_rr1.6_edge0.5_atrmin0.0006_cb8_kp0.7_kt6_rsi18_bb2.0_atr1.2_risk0.5_rr1.6_london9-18_atrmin0.0006_edge0.5.csv,portA_micro5_s9-18_rr1.6_edge0.5_atrmin0.0006_cb8_kp0.7_kt6_rsi18_bb2.0_atr1.2_risk0.5_rr1.6_london9-18_atrmin0.0006_edge0.5,24,0.0,0.29053319716925496,0.0503006905511092,43.96135265700483,-1.7291091639636436
137,./out/rolling_A_24m_portA_micro5_s8-17_rr1.6_edge0.6_atrmin0.0008_cb12_kp0.0_kt6_rsi18_bb2.0_atr1.2_risk0.5_rr1.6_london8-17_atrmin0.0008_edge0.6.csv,portA_micro5_s8-17_rr1.6_edge0.6_atrmin0.0008_cb12_kp0.0_kt6_rsi18_bb2.0_atr1.2_risk0.5_rr1.6_london8-17_atrmin0.0008_edge0.6,24,0.0,0.2902409450739489,0.0395076931593405,38.795986622073585,-1.5360939833251541
138,./out/rolling_A_24m_portA_micro5_s8-17_rr1.6_edge0.6_atrmin0.0008_cb12_kp0.7_kt6_rsi18_bb2.0_atr1.2_risk0.5_rr1.6_london8-17_atrmin0.0008_edge0.6.csv,portA_micro5_s8-17_rr1.6_edge0.6_atrmin0.0008_cb12_kp0.7_kt6_rsi18_bb2.0_atr1.2_risk0.5_rr1.6_london8-17_atrmin0.0008_edge0.6,24,0.0,0.2902409450739489,0.0395076931593405,38.795986622073585,-1.5360939833251541
139,./out/rolling_A_24m_portA_micro5_s8-17_rr1.6_edge0.6_atrmin0.0008_cb8_kp0.0_kt6_rsi18_bb2.0_atr1.2_risk0.5_rr1.6_london8-17_atrmin0.0008_edge0.6.csv,portA_micro5_s8-17_rr1.6_edge0.6_atrmin0.0008_cb8_kp0.0_kt6_rsi18_bb2.0_atr1.2_risk0.5_rr1.6_london8-17_atrmin0.0008_edge0.6,24,0.0,0.2902409450739489,0.0395076931593405,38.795986622073585,-1.5360939833251541
140,./out/rolling_A_24m_portA_micro5_s8-17_rr1.6_edge0.6_atrmin0.0008_cb8_kp0.7_kt6_rsi18_bb2.0_atr1.2_risk0.5_rr1.6_london8-17_atrmin0.0008_edge0.6.csv,portA_micro5_s8-17_rr1.6_edge0.6_atrmin0.0008_cb8_kp0.7_kt6_rsi18_bb2.0_atr1.2_risk0.5_rr1.6_london8-17_atrmin0.0008_edge0.6,24,0.0,0.2902409450739489,0.0395076931593405,38.795986622073585,-1.5360939833251541
141,./out/rolling_A_24m_portA_micro5_s8-17_rr1.8_edge0.5_atrmin0.0006_cb12_kp0.0_kt6_rsi18_bb2.0_atr1.2_risk0.5_rr1.8_london8-17_atrmin0.0006_edge0.5.csv,portA_micro5_s8-17_rr1.8_edge0.5_atrmin0.0006_cb12_kp0.0_kt6_rsi18_bb2.0_atr1.2_risk0.5_rr1.8_london8-17_atrmin0.0006_edge0.5,24,0.0,0.2861885038054846,0.0575741320489405,41.80107526881721,-2.235311864652667
142,./out/rolling_A_24m_portA_micro5_s8-17_rr1.8_edge0.5_atrmin0.0006_cb12_kp0.7_kt6_rsi18_bb2.0_atr1.2_risk0.5_rr1.8_london8-17_atrmin0.0006_edge0.5.csv,portA_micro5_s8-17_rr1.8_edge0.5_atrmin0.0006_cb12_kp0.7_kt6_rsi18_bb2.0_atr1.2_risk0.5_rr1.8_london8-17_atrmin0.0006_edge0.5,24,0.0,0.2861885038054846,0.0575741320489405,41.80107526881721,-2.235311864652667
143,./out/rolling_A_24m_portA_micro5_s8-17_rr1.8_edge0.5_atrmin0.0006_cb8_kp0.0_kt6_rsi18_bb2.0_atr1.2_risk0.5_rr1.8_london8-17_atrmin0.0006_edge0.5.csv,portA_micro5_s8-17_rr1.8_edge0.5_atrmin0.0006_cb8_kp0.0_kt6_rsi18_bb2.0_atr1.2_risk0.5_rr1.8_london8-17_atrmin0.0006_edge0.5,24,0.0,0.2861885038054846,0.0575741320489405,41.80107526881721,-2.235311864652667
144,./out/rolling_A_24m_portA_micro5_s8-17_rr1.8_edge0.5_atrmin0.0006_cb8_kp0.7_kt6_rsi18_bb2.0_atr1.2_risk0.5_rr1.8_london8-17_atrmin0.0006_edge0.5.csv,portA_micro5_s8-17_rr1.8_edge0.5_atrmin0.0006_cb8_kp0.7_kt6_rsi18_bb2.0_atr1.2_risk0.5_rr1.8_london8-17_atrmin0.0006_edge0.5,24,0.0,0.2861885038054846,0.0575741320489405,41.80107526881721,-2.235311864652667
145,./out/rolling_A_24m_portA_micro5_s9-18_rr2.0_edge0.6_atrmin0.0004_cb12_kp0.0_kt6_rsi18_bb2.0_atr1.2_risk0.5_rr2.0_london9-18_atrmin0.0004_edge0.6.csv,portA_micro5_s9-18_rr2.0_edge0.6_atrmin0.0004_cb12_kp0.0_kt6_rsi18_bb2.0_atr1.2_risk0.5_rr2.0_london9-18_atrmin0.0004_edge0.6,24,0.0,0.28510833401448404,0.053223508540504,33.33333333333333,-1.635961526746116
146,./out/rolling_A_24m_portA_micro5_s9-18_rr2.0_edge0.6_atrmin0.0004_cb12_kp0.7_kt6_rsi18_bb2.0_atr1.2_risk0.5_rr2.0_london9-18_atrmin0.0004_edge0.6.csv,portA_micro5_s9-18_rr2.0_edge0.6_atrmin0.0004_cb12_kp0.7_kt6_rsi18_bb2.0_atr1.2_risk0.5_rr2.0_london9-18_atrmin0.0004_edge0.6,24,0.0,0.28510833401448404,0.053223508540504,33.33333333333333,-1.635961526746116
147,./out/rolling_A_24m_portA_micro5_s9-18_rr2.0_edge0.6_atrmin0.0004_cb8_kp0.0_kt6_rsi18_bb2.0_atr1.2_risk0.5_rr2.0_london9-18_atrmin0.0004_edge0.6.csv,portA_micro5_s9-18_rr2.0_edge0.6_atrmin0.0004_cb8_kp0.0_kt6_rsi18_bb2.0_atr1.2_risk0.5_rr2.0_london9-18_atrmin0.0004_edge0.6,24,0.0,0.28510833401448404,0.053223508540504,33.33333333333333,-1.635961526746116
148,./out/rolling_A_24m_portA_micro5_s9-18_rr2.0_edge0.6_atrmin0.0004_cb8_kp0.7_kt6_rsi18_bb2.0_atr1.2_risk0.5_rr2.0_london9-18_atrmin0.0004_edge0.6.csv,portA_micro5_s9-18_rr2.0_edge0.6_atrmin0.0004_cb8_kp0.7_kt6_rsi18_bb2.0_atr1.2_risk0.5_rr2.0_london9-18_atrmin0.0004_edge0.6,24,0.0,0.28510833401448404,0.053223508540504,33.33333333333333,-1.635961526746116
149,./out/rolling_A_24m_portA_micro5_s9-18_rr1.8_edge0.5_atrmin0.0004_cb12_kp0.0_kt6_rsi18_bb2.0_atr1.2_risk0.5_rr1.8_london9-18_atrmin0.0004_edge0.5.csv,portA_micro5_s9-18_rr1.8_edge0.5_atrmin0.0004_cb12_kp0.0_kt6_rsi18_bb2.0_atr1.2_risk0.5_rr1.8_london9-18_atrmin0.0004_edge0.5,24,0.0,0.27936040917823635,0.0528408739398098,37.26851851851852,-1.8728126454038043
150,./out/rolling_A_24m_portA_micro5_s9-18_rr1.8_edge0.5_atrmin0.0004_cb12_kp0.7_kt6_rsi18_bb2.0_atr1.2_risk0.5_rr1.8_london9-18_atrmin0.0004_edge0.5.csv,portA_micro5_s9-18_rr1.8_edge0.5_atrmin0.0004_cb12_kp0.7_kt6_rsi18_bb2.0_atr1.2_risk0.5_rr1.8_london9-18_atrmin0.0004_edge0.5,24,0.0,0.27936040917823635,0.0528408739398098,37.26851851851852,-1.8728126454038043
151,./out/rolling_A_24m_portA_micro5_s9-18_rr1.8_edge0.5_atrmin0.0004_cb8_kp0.0_kt6_rsi18_bb2.0_atr1.2_risk0.5_rr1.8_london9-18_atrmin0.0004_edge0.5.csv,portA_micro5_s9-18_rr1.8_edge0.5_atrmin0.0004_cb8_kp0.0_kt6_rsi18_bb2.0_atr1.2_risk0.5_rr1.8_london9-18_atrmin0.0004_edge0.5,24,0.0,0.27936040917823635,0.0528408739398098,37.26851851851852,-1.8728126454038043
152,./out/rolling_A_24m_portA_micro5_s9-18_rr1.8_edge0.5_atrmin0.0004_cb8_kp0.7_kt6_rsi18_bb2.0_atr1.2_risk0.5_rr1.8_london9-18_atrmin0.0004_edge0.5.csv,portA_micro5_s9-18_rr1.8_edge0.5_atrmin0.0004_cb8_kp0.7_kt6_rsi18_bb2.0_atr1.2_risk0.5_rr1.8_london9-18_atrmin0.0004_edge0.5,24,0.0,0.27936040917823635,0.0528408739398098,37.26851851851852,-1.8728126454038043
153,./out/rolling_A_24m_portA_micro5_s7-18_rr2.0_edge0.6_atrmin0.0006_cb12_kp0.0_kt6_rsi18_bb2.0_atr1.2_risk0.5_rr2.0_london7-18_atrmin0.0006_edge0.6.csv,portA_micro5_s7-18_rr2.0_edge0.6_atrmin0.0006_cb12_kp0.0_kt6_rsi18_bb2.0_atr1.2_risk0.5_rr2.0_london7-18_atrmin0.0006_edge0.6,24,0.0,0.2764489941087446,0.0795799346136613,38.095238095238095,-2.013838406845242
154,./out/rolling_A_24m_portA_micro5_s7-18_rr2.0_edge0.6_atrmin0.0006_cb12_kp0.7_kt6_rsi18_bb2.0_atr1.2_risk0.5_rr2.0_london7-18_atrmin0.0006_edge0.6.csv,portA_micro5_s7-18_rr2.0_edge0.6_atrmin0.0006_cb12_kp0.7_kt6_rsi18_bb2.0_atr1.2_risk0.5_rr2.0_london7-18_atrmin0.0006_edge0.6,24,0.0,0.2764489941087446,0.0795799346136613,38.095238095238095,-2.013838406845242
155,./out/rolling_A_24m_portA_micro5_s7-18_rr2.0_edge0.6_atrmin0.0006_cb8_kp0.0_kt6_rsi18_bb2.0_atr1.2_risk0.5_rr2.0_london7-18_atrmin0.0006_edge0.6.csv,portA_micro5_s7-18_rr2.0_edge0.6_atrmin0.0006_cb8_kp0.0_kt6_rsi18_bb2.0_atr1.2_risk0.5_rr2.0_london7-18_atrmin0.0006_edge0.6,24,0.0,0.2764489941087446,0.0795799346136613,38.095238095238095,-2.013838406845242
156,./out/rolling_A_24m_portA_micro5_s7-18_rr2.0_edge0.6_atrmin0.0006_cb8_kp0.7_kt6_rsi18_bb2.0_atr1.2_risk0.5_rr2.0_london7-18_atrmin0.0006_edge0.6.csv,portA_micro5_s7-18_rr2.0_edge0.6_atrmin0.0006_cb8_kp0.7_kt6_rsi18_bb2.0_atr1.2_risk0.5_rr2.0_london7-18_atrmin0.0006_edge0.6,24,0.0,0.2764489941087446,0.0795799346136613,38.095238095238095,-2.013838406845242
157,./out/rolling_A_24m_portA_micro5_s7-19_rr2.0_edge0.5_atrmin0.0006_cb12_kp0.0_kt6_rsi18_bb2.0_atr1.2_risk0.5_rr2.0_london7-19_atrmin0.0006_edge0.5.csv,portA_micro5_s7-19_rr2.0_edge0.5_atrmin0.0006_cb12_kp0.0_kt6_rsi18_bb2.0_atr1.2_risk0.5_rr2.0_london7-19_atrmin0.0006_edge0.5,24,0.0,0.27274110361449455,0.066378136675106,37.5,-2.7186094575834874
158,./out/rolling_A_24m_portA_micro5_s7-19_rr2.0_edge0.5_atrmin0.0006_cb12_kp0.7_kt6_rsi18_bb2.0_atr1.2_risk0.5_rr2.0_london7-19_atrmin0.0006_edge0.5.csv,portA_micro5_s7-19_rr2.0_edge0.5_atrmin0.0006_cb12_kp0.7_kt6_rsi18_bb2.0_atr1.2_risk0.5_rr2.0_london7-19_atrmin0.0006_edge0.5,24,0.0,0.27274110361449455,0.066378136675106,37.5,-2.7186094575834874
159,./out/rolling_A_24m_portA_micro5_s7-19_rr2.0_edge0.5_atrmin0.0006_cb8_kp0.0_kt6_rsi18_bb2.0_atr1.2_risk0.5_rr2.0_london7-19_atrmin0.0006_edge0.5.csv,portA_micro5_s7-19_rr2.0_edge0.5_atrmin0.0006_cb8_kp0.0_kt6_rsi18_bb2.0_atr1.2_risk0.5_rr2.0_london7-19_atrmin0.0006_edge0.5,24,0.0,0.27274110361449455,0.066378136675106,37.5,-2.7186094575834874
160,./out/rolling_A_24m_portA_micro5_s7-19_rr2.0_edge0.5_atrmin0.0006_cb8_kp0.7_kt6_rsi18_bb2.0_atr1.2_risk0.5_rr2.0_london7-19_atrmin0.0006_edge0.5.csv,portA_micro5_s7-19_rr2.0_edge0.5_atrmin0.0006_cb8_kp0.7_kt6_rsi18_bb2.0_atr1.2_risk0.5_rr2.0_london7-19_atrmin0.0006_edge0.5,24,0.0,0.27274110361449455,0.066378136675106,37.5,-2.7186094575834874
161,./out/rolling_A_24m_portA_micro5_s7-18_rr1.8_edge0.5_atrmin0.0006_cb12_kp0.0_kt6_rsi18_bb2.0_atr1.2_risk0.5_rr1.8_london7-18_atrmin0.0006_edge0.5.csv,portA_micro5_s7-18_rr1.8_edge0.5_atrmin0.0006_cb12_kp0.0_kt6_rsi18_bb2.0_atr1.2_risk0.5_rr1.8_london7-18_atrmin0.0006_edge0.5,24,0.0,0.2678206339685959,0.0515087397131118,41.66666666666667,-2.7359633210722323
162,./out/rolling_A_24m_portA_micro5_s7-18_rr1.8_edge0.5_atrmin0.0006_cb12_kp0.7_kt6_rsi18_bb2.0_atr1.2_risk0.5_rr1.8_london7-18_atrmin0.0006_edge0.5.csv,portA_micro5_s7-18_rr1.8_edge0.5_atrmin0.0006_cb12_kp0.7_kt6_rsi18_bb2.0_atr1.2_risk0.5_rr1.8_london7-18_atrmin0.0006_edge0.5,24,0.0,0.2678206339685959,0.0515087397131118,41.66666666666667,-2.7359633210722323
163,./out/rolling_A_24m_portA_micro5_s7-18_rr1.8_edge0.5_atrmin0.0006_cb8_kp0.0_kt6_rsi18_bb2.0_atr1.2_risk0.5_rr1.8_london7-18_atrmin0.0006_edge0.5.csv,portA_micro5_s7-18_rr1.8_edge0.5_atrmin0.0006_cb8_kp0.0_kt6_rsi18_bb2.0_atr1.2_risk0.5_rr1.8_london7-18_atrmin0.0006_edge0.5,24,0.0,0.2678206339685959,0.0515087397131118,41.66666666666667,-2.7359633210722323
164,./out/rolling_A_24m_portA_micro5_s7-18_rr1.8_edge0.5_atrmin0.0006_cb8_kp0.7_kt6_rsi18_bb2.0_atr1.2_risk0.5_rr1.8_london7-18_atrmin0.0006_edge0.5.csv,portA_micro5_s7-18_rr1.8_edge0.5_atrmin0.0006_cb8_kp0.7_kt6_rsi18_bb2.0_atr1.2_risk0.5_rr1.8_london7-18_atrmin0.0006_edge0.5,24,0.0,0.2678206339685959,0.0515087397131118,41.66666666666667,-2.7359633210722323
165,./out/rolling_A_24m_portA_micro5_s8-17_rr1.8_edge0.6_atrmin0.0006_cb12_kp0.0_kt6_rsi18_bb2.0_atr1.2_risk0.5_rr1.8_london8-17_atrmin0.0006_edge0.6.csv,portA_micro5_s8-17_rr1.8_edge0.6_atrmin0.0006_cb12_kp0.0_kt6_rsi18_bb2.0_atr1.2_risk0.5_rr1.8_london8-17_atrmin0.0006_edge0.6,24,0.0,0.2643607094748968,0.0706802493983346,36.93181818181819,-1.817627922145254
166,./out/rolling_A_24m_portA_micro5_s8-17_rr1.8_edge0.6_atrmin0.0006_cb12_kp0.7_kt6_rsi18_bb2.0_atr1.2_risk0.5_rr1.8_london8-17_atrmin0.0006_edge0.6.csv,portA_micro5_s8-17_rr1.8_edge0.6_atrmin0.0006_cb12_kp0.7_kt6_rsi18_bb2.0_atr1.2_risk0.5_rr1.8_london8-17_atrmin0.0006_edge0.6,24,0.0,0.2643607094748968,0.0706802493983346,36.93181818181819,-1.817627922145254
167,./out/rolling_A_24m_portA_micro5_s8-17_rr1.8_edge0.6_atrmin0.0006_cb8_kp0.0_kt6_rsi18_bb2.0_atr1.2_risk0.5_rr1.8_london8-17_atrmin0.0006_edge0.6.csv,portA_micro5_s8-17_rr1.8_edge0.6_atrmin0.0006_cb8_kp0.0_kt6_rsi18_bb2.0_atr1.2_risk0.5_rr1.8_london8-17_atrmin0.0006_edge0.6,24,0.0,0.2643607094748968,0.0706802493983346,36.93181818181819,-1.817627922145254
168,./out/rolling_A_24m_portA_micro5_s8-17_rr1.8_edge0.6_atrmin0.0006_cb8_kp0.7_kt6_rsi18_bb2.0_atr1.2_risk0.5_rr1.8_london8-17_atrmin0.0006_edge0.6.csv,portA_micro5_s8-17_rr1.8_edge0.6_atrmin0.0006_cb8_kp0.7_kt6_rsi18_bb2.0_atr1.2_risk0.5_rr1.8_london8-17_atrmin0.0006_edge0.6,24,0.0,0.2643607094748968,0.0706802493983346,36.93181818181819,-1.817627922145254
169,./out/rolling_A_24m_portA_micro5_s7-18_rr1.8_edge0.6_atrmin0.0006_cb12_kp0.0_kt6_rsi18_bb2.0_atr1.2_risk0.5_rr1.8_london7-18_atrmin0.0006_edge0.6.csv,portA_micro5_s7-18_rr1.8_edge0.6_atrmin0.0006_cb12_kp0.0_kt6_rsi18_bb2.0_atr1.2_risk0.5_rr1.8_london7-18_atrmin0.0006_edge0.6,24,0.0,0.26265977037993715,0.0617531968163671,38.795986622073585,-2.0470165766292068
170,./out/rolling_A_24m_portA_micro5_s7-18_rr1.8_edge0.6_atrmin0.0006_cb12_kp0.7_kt6_rsi18_bb2.0_atr1.2_risk0.5_rr1.8_london7-18_atrmin0.0006_edge0.6.csv,portA_micro5_s7-18_rr1.8_edge0.6_atrmin0.0006_cb12_kp0.7_kt6_rsi18_bb2.0_atr1.2_risk0.5_rr1.8_london7-18_atrmin0.0006_edge0.6,24,0.0,0.26265977037993715,0.0617531968163671,38.795986622073585,-2.0470165766292068
171,./out/rolling_A_24m_portA_micro5_s7-18_rr1.8_edge0.6_atrmin0.0006_cb8_kp0.0_kt6_rsi18_bb2.0_atr1.2_risk0.5_rr1.8_london7-18_atrmin0.0006_edge0.6.csv,portA_micro5_s7-18_rr1.8_edge0.6_atrmin0.0006_cb8_kp0.0_kt6_rsi18_bb2.0_atr1.2_risk0.5_rr1.8_london7-18_atrmin0.0006_edge0.6,24,0.0,0.26265977037993715,0.0617531968163671,38.795986622073585,-2.0470165766292068
172,./out/rolling_A_24m_portA_micro5_s7-18_rr1.8_edge0.6_atrmin0.0006_cb8_kp0.7_kt6_rsi18_bb2.0_atr1.2_risk0.5_rr1.8_london7-18_atrmin0.0006_edge0.6.csv,portA_micro5_s7-18_rr1.8_edge0.6_atrmin0.0006_cb8_kp0.7_kt6_rsi18_bb2.0_atr1.2_risk0.5_rr1.8_london7-18_atrmin0.0006_edge0.6,24,0.0,0.26265977037993715,0.0617531968163671,38.795986622073585,-2.0470165766292068
173,./out/rolling_A_24m_portA_micro5_s7-19_rr1.8_edge0.6_atrmin0.0006_cb12_kp0.0_kt6_rsi18_bb2.0_atr1.2_risk0.5_rr1.8_london7-19_atrmin0.0006_edge0.6.csv,portA_micro5_s7-19_rr1.8_edge0.6_atrmin0.0006_cb12_kp0.0_kt6_rsi18_bb2.0_atr1.2_risk0.5_rr1.8_london7-19_atrmin0.0006_edge0.6,24,0.0,0.26117697505506104,0.0617531968163671,38.315217391304344,-2.068020313693225
174,./out/rolling_A_24m_portA_micro5_s7-19_rr1.8_edge0.6_atrmin0.0006_cb12_kp0.7_kt6_rsi18_bb2.0_atr1.2_risk0.5_rr1.8_london7-19_atrmin0.0006_edge0.6.csv,portA_micro5_s7-19_rr1.8_edge0.6_atrmin0.0006_cb12_kp0.7_kt6_rsi18_bb2.0_atr1.2_risk0.5_rr1.8_london7-19_atrmin0.0006_edge0.6,24,0.0,0.26117697505506104,0.0617531968163671,38.315217391304344,-2.068020313693225
175,./out/rolling_A_24m_portA_micro5_s7-19_rr1.8_edge0.6_atrmin0.0006_cb8_kp0.0_kt6_rsi18_bb2.0_atr1.2_risk0.5_rr1.8_london7-19_atrmin0.0006_edge0.6.csv,portA_micro5_s7-19_rr1.8_edge0.6_atrmin0.0006_cb8_kp0.0_kt6_rsi18_bb2.0_atr1.2_risk0.5_rr1.8_london7-19_atrmin0.0006_edge0.6,24,0.0,0.26117697505506104,0.0617531968163671,38.315217391304344,-2.068020313693225
176,./out/rolling_A_24m_portA_micro5_s7-19_rr1.8_edge0.6_atrmin0.0006_cb8_kp0.7_kt6_rsi18_bb2.0_atr1.2_risk0.5_rr1.8_london7-19_atrmin0.0006_edge0.6.csv,portA_micro5_s7-19_rr1.8_edge0.6_atrmin0.0006_cb8_kp0.7_kt6_rsi18_bb2.0_atr1.2_risk0.5_rr1.8_london7-19_atrmin0.0006_edge0.6,24,0.0,0.26117697505506104,0.0617531968163671,38.315217391304344,-2.068020313693225
177,./out/rolling_A_24m_portA_micro5_s9-18_rr1.6_edge0.6_atrmin0.0006_cb12_kp0.0_kt6_rsi18_bb2.0_atr1.2_risk0.5_rr1.6_london9-18_atrmin0.0006_edge0.6.csv,portA_micro5_s9-18_rr1.6_edge0.6_atrmin0.0006_cb12_kp0.0_kt6_rsi18_bb2.0_atr1.2_risk0.5_rr1.6_london9-18_atrmin0.0006_edge0.6,24,0.0,0.26004577002442636,0.045980061143533,42.481203007518786,-1.5074709777982365
178,./out/rolling_A_24m_portA_micro5_s9-18_rr1.6_edge0.6_atrmin0.0006_cb12_kp0.7_kt6_rsi18_bb2.0_atr1.2_risk0.5_rr1.6_london9-18_atrmin0.0006_edge0.6.csv,portA_micro5_s9-18_rr1.6_edge0.6_atrmin0.0006_cb12_kp0.7_kt6_rsi18_bb2.0_atr1.2_risk0.5_rr1.6_london9-18_atrmin0.0006_edge0.6,24,0.0,0.26004577002442636,0.045980061143533,42.481203007518786,-1.5074709777982365
179,./out/rolling_A_24m_portA_micro5_s9-18_rr1.6_edge0.6_atrmin0.0006_cb8_kp0.0_kt6_rsi18_bb2.0_atr1.2_risk0.5_rr1.6_london9-18_atrmin0.0006_edge0.6.csv,portA_micro5_s9-18_rr1.6_edge0.6_atrmin0.0006_cb8_kp0.0_kt6_rsi18_bb2.0_atr1.2_risk0.5_rr1.6_london9-18_atrmin0.0006_edge0.6,24,0.0,0.26004577002442636,0.045980061143533,42.481203007518786,-1.5074709777982365
180,./out/rolling_A_24m_portA_micro5_s9-18_rr1.6_edge0.6_atrmin0.0006_cb8_kp0.7_kt6_rsi18_bb2.0_atr1.2_risk0.5_rr1.6_london9-18_atrmin0.0006_edge0.6.csv,portA_micro5_s9-18_rr1.6_edge0.6_atrmin0.0006_cb8_kp0.7_kt6_rsi18_bb2.0_atr1.2_risk0.5_rr1.6_london9-18_atrmin0.0006_edge0.6,24,0.0,0.26004577002442636,0.045980061143533,42.481203007518786,-1.5074709777982365
181,./out/rolling_A_24m_portA_micro5_s8-17_rr2.0_edge0.6_atrmin0.0004_cb12_kp0.0_kt6_rsi18_bb2.0_atr1.2_risk0.5_rr2.0_london8-17_atrmin0.0004_edge0.6.csv,portA_micro5_s8-17_rr2.0_edge0.6_atrmin0.0004_cb12_kp0.0_kt6_rsi18_bb2.0_atr1.2_risk0.5_rr2.0_london8-17_atrmin0.0004_edge0.6,24,0.0,0.2580189136388211,0.0502357659609095,32.666666666666664,-2.119217349180719
182,./out/rolling_A_24m_portA_micro5_s8-17_rr2.0_edge0.6_atrmin0.0004_cb12_kp0.7_kt6_rsi18_bb2.0_atr1.2_risk0.5_rr2.0_london8-17_atrmin0.0004_edge0.6.csv,portA_micro5_s8-17_rr2.0_edge0.6_atrmin0.0004_cb12_kp0.7_kt6_rsi18_bb2.0_atr1.2_risk0.5_rr2.0_london8-17_atrmin0.0004_edge0.6,24,0.0,0.2580189136388211,0.0502357659609095,32.666666666666664,-2.119217349180719
183,./out/rolling_A_24m_portA_micro5_s8-17_rr2.0_edge0.6_atrmin0.0004_cb8_kp0.0_kt6_rsi18_bb2.0_atr1.2_risk0.5_rr2.0_london8-17_atrmin0.0004_edge0.6.csv,portA_micro5_s8-17_rr2.0_edge0.6_atrmin0.0004_cb8_kp0.0_kt6_rsi18_bb2.0_atr1.2_risk0.5_rr2.0_london8-17_atrmin0.0004_edge0.6,24,0.0,0.2580189136388211,0.0502357659609095,32.666666666666664,-2.119217349180719
184,./out/rolling_A_24m_portA_micro5_s8-17_rr2.0_edge0.6_atrmin0.0004_cb8_kp0.7_kt6_rsi18_bb2.0_atr1.2_risk0.5_rr2.0_london8-17_atrmin0.0004_edge0.6.csv,portA_micro5_s8-17_rr2.0_edge0.6_atrmin0.0004_cb8_kp0.7_kt6_rsi18_bb2.0_atr1.2_risk0.5_rr2.0_london8-17_atrmin0.0004_edge0.6,24,0.0,0.2580189136388211,0.0502357659609095,32.666666666666664,-2.119217349180719
185,./out/rolling_A_24m_portA_micro5_s9-18_rr1.8_edge0.6_atrmin0.0004_cb12_kp0.0_kt6_rsi18_bb2.0_atr1.2_risk0.5_rr1.8_london9-18_atrmin0.0004_edge0.6.csv,portA_micro5_s9-18_rr1.8_edge0.6_atrmin0.0004_cb12_kp0.0_kt6_rsi18_bb2.0_atr1.2_risk0.5_rr1.8_london9-18_atrmin0.0004_edge0.6,24,0.0,0.2461175321482648,0.0649719620787518,36.93181818181819,-1.669451347716966
186,./out/rolling_A_24m_portA_micro5_s9-18_rr1.8_edge0.6_atrmin0.0004_cb12_kp0.7_kt6_rsi18_bb2.0_atr1.2_risk0.5_rr1.8_london9-18_atrmin0.0004_edge0.6.csv,portA_micro5_s9-18_rr1.8_edge0.6_atrmin0.0004_cb12_kp0.7_kt6_rsi18_bb2.0_atr1.2_risk0.5_rr1.8_london9-18_atrmin0.0004_edge0.6,24,0.0,0.2461175321482648,0.0649719620787518,36.93181818181819,-1.669451347716966
187,./out/rolling_A_24m_portA_micro5_s9-18_rr1.8_edge0.6_atrmin0.0004_cb8_kp0.0_kt6_rsi18_bb2.0_atr1.2_risk0.5_rr1.8_london9-18_atrmin0.0004_edge0.6.csv,portA_micro5_s9-18_rr1.8_edge0.6_atrmin0.0004_cb8_kp0.0_kt6_rsi18_bb2.0_atr1.2_risk0.5_rr1.8_london9-18_atrmin0.0004_edge0.6,24,0.0,0.2461175321482648,0.0649719620787518,36.93181818181819,-1.669451347716966
188,./out/rolling_A_24m_portA_micro5_s9-18_rr1.8_edge0.6_atrmin0.0004_cb8_kp0.7_kt6_rsi18_bb2.0_atr1.2_risk0.5_rr1.8_london9-18_atrmin0.0004_edge0.6.csv,portA_micro5_s9-18_rr1.8_edge0.6_atrmin0.0004_cb8_kp0.7_kt6_rsi18_bb2.0_atr1.2_risk0.5_rr1.8_london9-18_atrmin0.0004_edge0.6,24,0.0,0.2461175321482648,0.0649719620787518,36.93181818181819,-1.669451347716966
189,./out/rolling_A_24m_portA_micro5_s7-19_rr1.8_edge0.5_atrmin0.0006_cb12_kp0.0_kt6_rsi18_bb2.0_atr1.2_risk0.5_rr1.8_london7-19_atrmin0.0006_edge0.5.csv,portA_micro5_s7-19_rr1.8_edge0.5_atrmin0.0006_cb12_kp0.0_kt6_rsi18_bb2.0_atr1.2_risk0.5_rr1.8_london7-19_atrmin0.0006_edge0.5,24,0.0,0.24496735929389135,0.0515087397131118,39.141414141414145,-2.7596413548417296
190,./out/rolling_A_24m_portA_micro5_s7-19_rr1.8_edge0.5_atrmin0.0006_cb12_kp0.7_kt6_rsi18_bb2.0_atr1.2_risk0.5_rr1.8_london7-19_atrmin0.0006_edge0.5.csv,portA_micro5_s7-19_rr1.8_edge0.5_atrmin0.0006_cb12_kp0.7_kt6_rsi18_bb2.0_atr1.2_risk0.5_rr1.8_london7-19_atrmin0.0006_edge0.5,24,0.0,0.24496735929389135,0.0515087397131118,39.141414141414145,-2.7596413548417296
191,./out/rolling_A_24m_portA_micro5_s7-19_rr1.8_edge0.5_atrmin0.0006_cb8_kp0.0_kt6_rsi18_bb2.0_atr1.2_risk0.5_rr1.8_london7-19_atrmin0.0006_edge0.5.csv,portA_micro5_s7-19_rr1.8_edge0.5_atrmin0.0006_cb8_kp0.0_kt6_rsi18_bb2.0_atr1.2_risk0.5_rr1.8_london7-19_atrmin0.0006_edge0.5,24,0.0,0.24496735929389135,0.0515087397131118,39.141414141414145,-2.7596413548417296
192,./out/rolling_A_24m_portA_micro5_s7-19_rr1.8_edge0.5_atrmin0.0006_cb8_kp0.7_kt6_rsi18_bb2.0_atr1.2_risk0.5_rr1.8_london7-19_atrmin0.0006_edge0.5.csv,portA_micro5_s7-19_rr1.8_edge0.5_atrmin0.0006_cb8_kp0.7_kt6_rsi18_bb2.0_atr1.2_risk0.5_rr1.8_london7-19_atrmin0.0006_edge0.5,24,0.0,0.24496735929389135,0.0515087397131118,39.141414141414145,-2.7596413548417296
193,./out/rolling_A_24m_portA_micro5_s8-17_rr2.0_edge0.5_atrmin0.0004_cb12_kp0.0_kt6_rsi18_bb2.0_atr1.2_risk0.5_rr2.0_london8-17_atrmin0.0004_edge0.5.csv,portA_micro5_s8-17_rr2.0_edge0.5_atrmin0.0004_cb12_kp0.0_kt6_rsi18_bb2.0_atr1.2_risk0.5_rr2.0_london8-17_atrmin0.0004_edge0.5,24,0.0,0.2441679800919215,0.0502357659609095,32.142857142857146,-2.523230760721634
194,./out/rolling_A_24m_portA_micro5_s8-17_rr2.0_edge0.5_atrmin0.0004_cb12_kp0.7_kt6_rsi18_bb2.0_atr1.2_risk0.5_rr2.0_london8-17_atrmin0.0004_edge0.5.csv,portA_micro5_s8-17_rr2.0_edge0.5_atrmin0.0004_cb12_kp0.7_kt6_rsi18_bb2.0_atr1.2_risk0.5_rr2.0_london8-17_atrmin0.0004_edge0.5,24,0.0,0.2441679800919215,0.0502357659609095,32.142857142857146,-2.523230760721634
195,./out/rolling_A_24m_portA_micro5_s8-17_rr2.0_edge0.5_atrmin0.0004_cb8_kp0.0_kt6_rsi18_bb2.0_atr1.2_risk0.5_rr2.0_london8-17_atrmin0.0004_edge0.5.csv,portA_micro5_s8-17_rr2.0_edge0.5_atrmin0.0004_cb8_kp0.0_kt6_rsi18_bb2.0_atr1.2_risk0.5_rr2.0_london8-17_atrmin0.0004_edge0.5,24,0.0,0.2441679800919215,0.0502357659609095,32.142857142857146,-2.523230760721634
196,./out/rolling_A_24m_portA_micro5_s8-17_rr2.0_edge0.5_atrmin0.0004_cb8_kp0.7_kt6_rsi18_bb2.0_atr1.2_risk0.5_rr2.0_london8-17_atrmin0.0004_edge0.5.csv,portA_micro5_s8-17_rr2.0_edge0.5_atrmin0.0004_cb8_kp0.7_kt6_rsi18_bb2.0_atr1.2_risk0.5_rr2.0_london8-17_atrmin0.0004_edge0.5,24,0.0,0.2441679800919215,0.0502357659609095,32.142857142857146,-2.523230760721634
197,./out/rolling_A_24m_portA_micro5_s8-17_rr1.6_edge0.5_atrmin0.0006_cb12_kp0.0_kt6_rsi18_bb2.0_atr1.2_risk0.5_rr1.6_london8-17_atrmin0.0006_edge0.5.csv,portA_micro5_s8-17_rr1.6_edge0.5_atrmin0.0006_cb12_kp0.0_kt6_rsi18_bb2.0_atr1.2_risk0.5_rr1.6_london8-17_atrmin0.0006_edge0.5,24,0.0,0.22983775931608624,0.0564469033949802,41.80107526881721,-2.282902849067986
198,./out/rolling_A_24m_portA_micro5_s8-17_rr1.6_edge0.5_atrmin0.0006_cb12_kp0.7_kt6_rsi18_bb2.0_atr1.2_risk0.5_rr1.6_london8-17_atrmin0.0006_edge0.5.csv,portA_micro5_s8-17_rr1.6_edge0.5_atrmin0.0006_cb12_kp0.7_kt6_rsi18_bb2.0_atr1.2_risk0.5_rr1.6_london8-17_atrmin0.0006_edge0.5,24,0.0,0.22983775931608624,0.0564469033949802,41.80107526881721,-2.282902849067986
199,./out/rolling_A_24m_portA_micro5_s8-17_rr1.6_edge0.5_atrmin0.0006_cb8_kp0.0_kt6_rsi18_bb2.0_atr1.2_risk0.5_rr1.6_london8-17_atrmin0.0006_edge0.5.csv,portA_micro5_s8-17_rr1.6_edge0.5_atrmin0.0006_cb8_kp0.0_kt6_rsi18_bb2.0_atr1.2_risk0.5_rr1.6_london8-17_atrmin0.0006_edge0.5,24,0.0,0.22983775931608624,0.0564469033949802,41.80107526881721,-2.282902849067986
200,./out/rolling_A_24m_portA_micro5_s8-17_rr1.6_edge0.5_atrmin0.0006_cb8_kp0.7_kt6_rsi18_bb2.0_atr1.2_risk0.5_rr1.6_london8-17_atrmin0.0006_edge0.5.csv,portA_micro5_s8-17_rr1.6_edge0.5_atrmin0.0006_cb8_kp0.7_kt6_rsi18_bb2.0_atr1.2_risk0.5_rr1.6_london8-17_atrmin0.0006_edge0.5,24,0.0,0.22983775931608624,0.0564469033949802,41.80107526881721,-2.282902849067986
201,./out/rolling_A_24m_portA_micro5_s7-18_rr1.6_edge0.5_atrmin0.0006_cb12_kp0.0_kt6_rsi18_bb2.0_atr1.2_risk0.5_rr1.6_london7-18_atrmin0.0006_edge0.5.csv,portA_micro5_s7-18_rr1.6_edge0.5_atrmin0.0006_cb12_kp0.0_kt6_rsi18_bb2.0_atr1.2_risk0.5_rr1.6_london7-18_atrmin0.0006_edge0.5,24,0.0,0.22545386101310172,0.0507415088258459,41.657397107897665,-2.762030993119674
202,./out/rolling_A_24m_portA_micro5_s7-18_rr1.6_edge0.5_atrmin0.0006_cb12_kp0.7_kt6_rsi18_bb2.0_atr1.2_risk0.5_rr1.6_london7-18_atrmin0.0006_edge0.5.csv,portA_micro5_s7-18_rr1.6_edge0.5_atrmin0.0006_cb12_kp0.7_kt6_rsi18_bb2.0_atr1.2_risk0.5_rr1.6_london7-18_atrmin0.0006_edge0.5,24,0.0,0.22545386101310172,0.0507415088258459,41.657397107897665,-2.762030993119674
203,./out/rolling_A_24m_portA_micro5_s7-18_rr1.6_edge0.5_atrmin0.0006_cb8_kp0.0_kt6_rsi18_bb2.0_atr1.2_risk0.5_rr1.6_london7-18_atrmin0.0006_edge0.5.csv,portA_micro5_s7-18_rr1.6_edge0.5_atrmin0.0006_cb8_kp0.0_kt6_rsi18_bb2.0_atr1.2_risk0.5_rr1.6_london7-18_atrmin0.0006_edge0.5,24,0.0,0.22545386101310172,0.0507415088258459,41.657397107897665,-2.762030993119674
204,./out/rolling_A_24m_portA_micro5_s7-18_rr1.6_edge0.5_atrmin0.0006_cb8_kp0.7_kt6_rsi18_bb2.0_atr1.2_risk0.5_rr1.6_london7-18_atrmin0.0006_edge0.5.csv,portA_micro5_s7-18_rr1.6_edge0.5_atrmin0.0006_cb8_kp0.7_kt6_rsi18_bb2.0_atr1.2_risk0.5_rr1.6_london7-18_atrmin0.0006_edge0.5,24,0.0,0.22545386101310172,0.0507415088258459,41.657397107897665,-2.762030993119674
205,./out/rolling_A_24m_portA_micro5_s8-17_rr1.8_edge0.5_atrmin0.0004_cb12_kp0.0_kt6_rsi18_bb2.0_atr1.2_risk0.5_rr1.8_london8-17_atrmin0.0004_edge0.5.csv,portA_micro5_s8-17_rr1.8_edge0.5_atrmin0.0004_cb12_kp0.0_kt6_rsi18_bb2.0_atr1.2_risk0.5_rr1.8_london8-17_atrmin0.0004_edge0.5,24,0.0,0.21710665548741626,0.0556198489332434,34.52380952380952,-2.5529609427519304
206,./out/rolling_A_24m_portA_micro5_s8-17_rr1.8_edge0.5_atrmin0.0004_cb12_kp0.7_kt6_rsi18_bb2.0_atr1.2_risk0.5_rr1.8_london8-17_atrmin0.0004_edge0.5.csv,portA_micro5_s8-17_rr1.8_edge0.5_atrmin0.0004_cb12_kp0.7_kt6_rsi18_bb2.0_atr1.2_risk0.5_rr1.8_london8-17_atrmin0.0004_edge0.5,24,0.0,0.21710665548741626,0.0556198489332434,34.52380952380952,-2.5529609427519304
207,./out/rolling_A_24m_portA_micro5_s8-17_rr1.8_edge0.5_atrmin0.0004_cb8_kp0.0_kt6_rsi18_bb2.0_atr1.2_risk0.5_rr1.8_london8-17_atrmin0.0004_edge0.5.csv,portA_micro5_s8-17_rr1.8_edge0.5_atrmin0.0004_cb8_kp0.0_kt6_rsi18_bb2.0_atr1.2_risk0.5_rr1.8_london8-17_atrmin0.0004_edge0.5,24,0.0,0.21710665548741626,0.0556198489332434,34.52380952380952,-2.5529609427519304
208,./out/rolling_A_24m_portA_micro5_s8-17_rr1.8_edge0.5_atrmin0.0004_cb8_kp0.7_kt6_rsi18_bb2.0_atr1.2_risk0.5_rr1.8_london8-17_atrmin0.0004_edge0.5.csv,portA_micro5_s8-17_rr1.8_edge0.5_atrmin0.0004_cb8_kp0.7_kt6_rsi18_bb2.0_atr1.2_risk0.5_rr1.8_london8-17_atrmin0.0004_edge0.5,24,0.0,0.21710665548741626,0.0556198489332434,34.52380952380952,-2.5529609427519304
209,./out/rolling_A_24m_portA_micro5_s7-18_rr2.0_edge0.6_atrmin0.0004_cb12_kp0.0_kt6_rsi18_bb2.0_atr1.2_risk0.5_rr2.0_london7-18_atrmin0.0004_edge0.6.csv,portA_micro5_s7-18_rr2.0_edge0.6_atrmin0.0004_cb12_kp0.0_kt6_rsi18_bb2.0_atr1.2_risk0.5_rr2.0_london7-18_atrmin0.0004_edge0.6,24,0.0,0.21642074042893245,0.067405973202667,31.909090909090907,-2.8198460945082604
210,./out/rolling_A_24m_portA_micro5_s7-18_rr2.0_edge0.6_atrmin0.0004_cb12_kp0.7_kt6_rsi18_bb2.0_atr1.2_risk0.5_rr2.0_london7-18_atrmin0.0004_edge0.6.csv,portA_micro5_s7-18_rr2.0_edge0.6_atrmin0.0004_cb12_kp0.7_kt6_rsi18_bb2.0_atr1.2_risk0.5_rr2.0_london7-18_atrmin0.0004_edge0.6,24,0.0,0.21642074042893245,0.067405973202667,31.909090909090907,-2.8198460945082604
211,./out/rolling_A_24m_portA_micro5_s7-18_rr2.0_edge0.6_atrmin0.0004_cb8_kp0.0_kt6_rsi18_bb2.0_atr1.2_risk0.5_rr2.0_london7-18_atrmin0.0004_edge0.6.csv,portA_micro5_s7-18_rr2.0_edge0.6_atrmin0.0004_cb8_kp0.0_kt6_rsi18_bb2.0_atr1.2_risk0.5_rr2.0_london7-18_atrmin0.0004_edge0.6,24,0.0,0.21642074042893245,0.067405973202667,31.909090909090907,-2.8198460945082604
212,./out/rolling_A_24m_portA_micro5_s7-18_rr2.0_edge0.6_atrmin0.0004_cb8_kp0.7_kt6_rsi18_bb2.0_atr1.2_risk0.5_rr2.0_london7-18_atrmin0.0004_edge0.6.csv,portA_micro5_s7-18_rr2.0_edge0.6_atrmin0.0004_cb8_kp0.7_kt6_rsi18_bb2.0_atr1.2_risk0.5_rr2.0_london7-18_atrmin0.0004_edge0.6,24,0.0,0.21642074042893245,0.067405973202667,31.909090909090907,-2.8198460945082604
213,./out/rolling_A_24m_portA_micro5_s8-17_rr1.8_edge0.6_atrmin0.0004_cb12_kp0.0_kt6_rsi18_bb2.0_atr1.2_risk0.5_rr1.8_london8-17_atrmin0.0004_edge0.6.csv,portA_micro5_s8-17_rr1.8_edge0.6_atrmin0.0004_cb12_kp0.0_kt6_rsi18_bb2.0_atr1.2_risk0.5_rr1.8_london8-17_atrmin0.0004_edge0.6,24,0.0,0.21528256316586925,0.032372257684232,31.909090909090907,-2.2240130491927967
214,./out/rolling_A_24m_portA_micro5_s8-17_rr1.8_edge0.6_atrmin0.0004_cb12_kp0.7_kt6_rsi18_bb2.0_atr1.2_risk0.5_rr1.8_london8-17_atrmin0.0004_edge0.6.csv,portA_micro5_s8-17_rr1.8_edge0.6_atrmin0.0004_cb12_kp0.7_kt6_rsi18_bb2.0_atr1.2_risk0.5_rr1.8_london8-17_atrmin0.0004_edge0.6,24,0.0,0.21528256316586925,0.032372257684232,31.909090909090907,-2.2240130491927967
215,./out/rolling_A_24m_portA_micro5_s8-17_rr1.8_edge0.6_atrmin0.0004_cb8_kp0.0_kt6_rsi18_bb2.0_atr1.2_risk0.5_rr1.8_london8-17_atrmin0.0004_edge0.6.csv,portA_micro5_s8-17_rr1.8_edge0.6_atrmin0.0004_cb8_kp0.0_kt6_rsi18_bb2.0_atr1.2_risk0.5_rr1.8_london8-17_atrmin0.0004_edge0.6,24,0.0,0.21528256316586925,0.032372257684232,31.909090909090907,-2.2240130491927967
216,./out/rolling_A_24m_portA_micro5_s8-17_rr1.8_edge0.6_atrmin0.0004_cb8_kp0.7_kt6_rsi18_bb2.0_atr1.2_risk0.5_rr1.8_london8-17_atrmin0.0004_edge0.6.csv,portA_micro5_s8-17_rr1.8_edge0.6_atrmin0.0004_cb8_kp0.7_kt6_rsi18_bb2.0_atr1.2_risk0.5_rr1.8_london8-17_atrmin0.0004_edge0.6,24,0.0,0.21528256316586925,0.032372257684232,31.909090909090907,-2.2240130491927967
217,./out/rolling_A_24m_portA_micro5_s7-18_rr2.0_edge0.5_atrmin0.0004_cb12_kp0.0_kt6_rsi18_bb2.0_atr1.2_risk0.5_rr2.0_london7-18_atrmin0.0004_edge0.5.csv,portA_micro5_s7-18_rr2.0_edge0.5_atrmin0.0004_cb12_kp0.0_kt6_rsi18_bb2.0_atr1.2_risk0.5_rr2.0_london7-18_atrmin0.0004_edge0.5,24,0.0,0.2096210809944481,0.0608592233157019,31.733457595526563,-3.148284599394308
218,./out/rolling_A_24m_portA_micro5_s7-18_rr2.0_edge0.5_atrmin0.0004_cb12_kp0.7_kt6_rsi18_bb2.0_atr1.2_risk0.5_rr2.0_london7-18_atrmin0.0004_edge0.5.csv,portA_micro5_s7-18_rr2.0_edge0.5_atrmin0.0004_cb12_kp0.7_kt6_rsi18_bb2.0_atr1.2_risk0.5_rr2.0_london7-18_atrmin0.0004_edge0.5,24,0.0,0.2096210809944481,0.0608592233157019,31.733457595526563,-3.148284599394308
219,./out/rolling_A_24m_portA_micro5_s7-18_rr2.0_edge0.5_atrmin0.0004_cb8_kp0.0_kt6_rsi18_bb2.0_atr1.2_risk0.5_rr2.0_london7-18_atrmin0.0004_edge0.5.csv,portA_micro5_s7-18_rr2.0_edge0.5_atrmin0.0004_cb8_kp0.0_kt6_rsi18_bb2.0_atr1.2_risk0.5_rr2.0_london7-18_atrmin0.0004_edge0.5,24,0.0,0.2096210809944481,0.0608592233157019,31.733457595526563,-3.148284599394308
220,./out/rolling_A_24m_portA_micro5_s7-18_rr2.0_edge0.5_atrmin0.0004_cb8_kp0.7_kt6_rsi18_bb2.0_atr1.2_risk0.5_rr2.0_london7-18_atrmin0.0004_edge0.5.csv,portA_micro5_s7-18_rr2.0_edge0.5_atrmin0.0004_cb8_kp0.7_kt6_rsi18_bb2.0_atr1.2_risk0.5_rr2.0_london7-18_atrmin0.0004_edge0.5,24,0.0,0.2096210809944481,0.0608592233157019,31.733457595526563,-3.148284599394308
221,./out/rolling_A_24m_portA_micro5_s8-17_rr1.6_edge0.6_atrmin0.0006_cb12_kp0.0_kt6_rsi18_bb2.0_atr1.2_risk0.5_rr1.6_london8-17_atrmin0.0006_edge0.6.csv,portA_micro5_s8-17_rr1.6_edge0.6_atrmin0.0006_cb12_kp0.0_kt6_rsi18_bb2.0_atr1.2_risk0.5_rr1.6_london8-17_atrmin0.0006_edge0.6,24,0.0,0.2083048861058088,0.045980061143533,39.502164502164504,-1.7313909066210666
222,./out/rolling_A_24m_portA_micro5_s8-17_rr1.6_edge0.6_atrmin0.0006_cb12_kp0.7_kt6_rsi18_bb2.0_atr1.2_risk0.5_rr1.6_london8-17_atrmin0.0006_edge0.6.csv,portA_micro5_s8-17_rr1.6_edge0.6_atrmin0.0006_cb12_kp0.7_kt6_rsi18_bb2.0_atr1.2_risk0.5_rr1.6_london8-17_atrmin0.0006_edge0.6,24,0.0,0.2083048861058088,0.045980061143533,39.502164502164504,-1.7313909066210666
223,./out/rolling_A_24m_portA_micro5_s8-17_rr1.6_edge0.6_atrmin0.0006_cb8_kp0.0_kt6_rsi18_bb2.0_atr1.2_risk0.5_rr1.6_london8-17_atrmin0.0006_edge0.6.csv,portA_micro5_s8-17_rr1.6_edge0.6_atrmin0.0006_cb8_kp0.0_kt6_rsi18_bb2.0_atr1.2_risk0.5_rr1.6_london8-17_atrmin0.0006_edge0.6,24,0.0,0.2083048861058088,0.045980061143533,39.502164502164504,-1.7313909066210666
224,./out/rolling_A_24m_portA_micro5_s8-17_rr1.6_edge0.6_atrmin0.0006_cb8_kp0.7_kt6_rsi18_bb2.0_atr1.2_risk0.5_rr1.6_london8-17_atrmin0.0006_edge0.6.csv,portA_micro5_s8-17_rr1.6_edge0.6_atrmin0.0006_cb8_kp0.7_kt6_rsi18_bb2.0_atr1.2_risk0.5_rr1.6_london8-17_atrmin0.0006_edge0.6,24,0.0,0.2083048861058088,0.045980061143533,39.502164502164504,-1.7313909066210666
225,./out/rolling_A_24m_portA_micro5_s9-18_rr1.6_edge0.6_atrmin0.0004_cb12_kp0.0_kt6_rsi18_bb2.0_atr1.2_risk0.5_rr1.6_london9-18_atrmin0.0004_edge0.6.csv,portA_micro5_s9-18_rr1.6_edge0.6_atrmin0.0004_cb12_kp0.0_kt6_rsi18_bb2.0_atr1.2_risk0.5_rr1.6_london9-18_atrmin0.0004_edge0.6,24,0.0,0.2076945730397048,0.0387068147873744,35.8974358974359,-1.5714734812896594
226,./out/rolling_A_24m_portA_micro5_s9-18_rr1.6_edge0.6_atrmin0.0004_cb12_kp0.7_kt6_rsi18_bb2.0_atr1.2_risk0.5_rr1.6_london9-18_atrmin0.0004_edge0.6.csv,portA_micro5_s9-18_rr1.6_edge0.6_atrmin0.0004_cb12_kp0.7_kt6_rsi18_bb2.0_atr1.2_risk0.5_rr1.6_london9-18_atrmin0.0004_edge0.6,24,0.0,0.2076945730397048,0.0387068147873744,35.8974358974359,-1.5714734812896594
227,./out/rolling_A_24m_portA_micro5_s9-18_rr1.6_edge0.6_atrmin0.0004_cb8_kp0.0_kt6_rsi18_bb2.0_atr1.2_risk0.5_rr1.6_london9-18_atrmin0.0004_edge0.6.csv,portA_micro5_s9-18_rr1.6_edge0.6_atrmin0.0004_cb8_kp0.0_kt6_rsi18_bb2.0_atr1.2_risk0.5_rr1.6_london9-18_atrmin0.0004_edge0.6,24,0.0,0.2076945730397048,0.0387068147873744,35.8974358974359,-1.5714734812896594
228,./out/rolling_A_24m_portA_micro5_s9-18_rr1.6_edge0.6_atrmin0.0004_cb8_kp0.7_kt6_rsi18_bb2.0_atr1.2_risk0.5_rr1.6_london9-18_atrmin0.0004_edge0.6.csv,portA_micro5_s9-18_rr1.6_edge0.6_atrmin0.0004_cb8_kp0.7_kt6_rsi18_bb2.0_atr1.2_risk0.5_rr1.6_london9-18_atrmin0.0004_edge0.6,24,0.0,0.2076945730397048,0.0387068147873744,35.8974358974359,-1.5714734812896594
229,./out/rolling_A_24m_portA_micro5_s7-19_rr2.0_edge0.5_atrmin0.0004_cb12_kp0.0_kt6_rsi18_bb2.0_atr1.2_risk0.5_rr2.0_london7-19_atrmin0.0004_edge0.5.csv,portA_micro5_s7-19_rr2.0_edge0.5_atrmin0.0004_cb12_kp0.0_kt6_rsi18_bb2.0_atr1.2_risk0.5_rr2.0_london7-19_atrmin0.0004_edge0.5,24,0.0,0.20637932752136845,0.0608592233157019,31.30671506352087,-3.2772178890220327
230,./out/rolling_A_24m_portA_micro5_s7-19_rr2.0_edge0.5_atrmin0.0004_cb12_kp0.7_kt6_rsi18_bb2.0_atr1.2_risk0.5_rr2.0_london7-19_atrmin0.0004_edge0.5.csv,portA_micro5_s7-19_rr2.0_edge0.5_atrmin0.0004_cb12_kp0.7_kt6_rsi18_bb2.0_atr1.2_risk0.5_rr2.0_london7-19_atrmin0.0004_edge0.5,24,0.0,0.20637932752136845,0.0608592233157019,31.30671506352087,-3.2772178890220327
231,./out/rolling_A_24m_portA_micro5_s7-19_rr2.0_edge0.5_atrmin0.0004_cb8_kp0.0_kt6_rsi18_bb2.0_atr1.2_risk0.5_rr2.0_london7-19_atrmin0.0004_edge0.5.csv,portA_micro5_s7-19_rr2.0_edge0.5_atrmin0.0004_cb8_kp0.0_kt6_rsi18_bb2.0_atr1.2_risk0.5_rr2.0_london7-19_atrmin0.0004_edge0.5,24,0.0,0.20637932752136845,0.0608592233157019,31.30671506352087,-3.2772178890220327
232,./out/rolling_A_24m_portA_micro5_s7-19_rr2.0_edge0.5_atrmin0.0004_cb8_kp0.7_kt6_rsi18_bb2.0_atr1.2_risk0.5_rr2.0_london7-19_atrmin0.0004_edge0.5.csv,portA_micro5_s7-19_rr2.0_edge0.5_atrmin0.0004_cb8_kp0.7_kt6_rsi18_bb2.0_atr1.2_risk0.5_rr2.0_london7-19_atrmin0.0004_edge0.5,24,0.0,0.20637932752136845,0.0608592233157019,31.30671506352087,-3.2772178890220327
233,./out/rolling_A_24m_portA_micro5_s9-18_rr1.6_edge0.5_atrmin0.0004_cb12_kp0.0_kt6_rsi18_bb2.0_atr1.2_risk0.5_rr1.6_london9-18_atrmin0.0004_edge0.5.csv,portA_micro5_s9-18_rr1.6_edge0.5_atrmin0.0004_cb12_kp0.0_kt6_rsi18_bb2.0_atr1.2_risk0.5_rr1.6_london9-18_atrmin0.0004_edge0.5,24,0.0,0.2062427073723636,0.0437578182883641,34.741379310344826,-1.8024291224192357
234,./out/rolling_A_24m_portA_micro5_s9-18_rr1.6_edge0.5_atrmin0.0004_cb12_kp0.7_kt6_rsi18_bb2.0_atr1.2_risk0.5_rr1.6_london9-18_atrmin0.0004_edge0.5.csv,portA_micro5_s9-18_rr1.6_edge0.5_atrmin0.0004_cb12_kp0.7_kt6_rsi18_bb2.0_atr1.2_risk0.5_rr1.6_london9-18_atrmin0.0004_edge0.5,24,0.0,0.2062427073723636,0.0437578182883641,34.741379310344826,-1.8024291224192357
235,./out/rolling_A_24m_portA_micro5_s9-18_rr1.6_edge0.5_atrmin0.0004_cb8_kp0.0_kt6_rsi18_bb2.0_atr1.2_risk0.5_rr1.6_london9-18_atrmin0.0004_edge0.5.csv,portA_micro5_s9-18_rr1.6_edge0.5_atrmin0.0004_cb8_kp0.0_kt6_rsi18_bb2.0_atr1.2_risk0.5_rr1.6_london9-18_atrmin0.0004_edge0.5,24,0.0,0.2062427073723636,0.0437578182883641,34.741379310344826,-1.8024291224192357
236,./out/rolling_A_24m_portA_micro5_s9-18_rr1.6_edge0.5_atrmin0.0004_cb8_kp0.7_kt6_rsi18_bb2.0_atr1.2_risk0.5_rr1.6_london9-18_atrmin0.0004_edge0.5.csv,portA_micro5_s9-18_rr1.6_edge0.5_atrmin0.0004_cb8_kp0.7_kt6_rsi18_bb2.0_atr1.2_risk0.5_rr1.6_london9-18_atrmin0.0004_edge0.5,24,0.0,0.2062427073723636,0.0437578182883641,34.741379310344826,-1.8024291224192357
237,./out/rolling_A_24m_portA_micro5_s7-19_rr1.6_edge0.5_atrmin0.0006_cb12_kp0.0_kt6_rsi18_bb2.0_atr1.2_risk0.5_rr1.6_london7-19_atrmin0.0006_edge0.5.csv,portA_micro5_s7-19_rr1.6_edge0.5_atrmin0.0006_cb12_kp0.0_kt6_rsi18_bb2.0_atr1.2_risk0.5_rr1.6_london7-19_atrmin0.0006_edge0.5,24,0.0,0.2061116700623491,0.0507415088258459,40.38662486938349,-2.719103266323375
238,./out/rolling_A_24m_portA_micro5_s7-19_rr1.6_edge0.5_atrmin0.0006_cb12_kp0.7_kt6_rsi18_bb2.0_atr1.2_risk0.5_rr1.6_london7-19_atrmin0.0006_edge0.5.csv,portA_micro5_s7-19_rr1.6_edge0.5_atrmin0.0006_cb12_kp0.7_kt6_rsi18_bb2.0_atr1.2_risk0.5_rr1.6_london7-19_atrmin0.0006_edge0.5,24,0.0,0.2061116700623491,0.0507415088258459,40.38662486938349,-2.719103266323375
239,./out/rolling_A_24m_portA_micro5_s7-19_rr1.6_edge0.5_atrmin0.0006_cb8_kp0.0_kt6_rsi18_bb2.0_atr1.2_risk0.5_rr1.6_london7-19_atrmin0.0006_edge0.5.csv,portA_micro5_s7-19_rr1.6_edge0.5_atrmin0.0006_cb8_kp0.0_kt6_rsi18_bb2.0_atr1.2_risk0.5_rr1.6_london7-19_atrmin0.0006_edge0.5,24,0.0,0.2061116700623491,0.0507415088258459,40.38662486938349,-2.719103266323375
240,./out/rolling_A_24m_portA_micro5_s7-19_rr1.6_edge0.5_atrmin0.0006_cb8_kp0.7_kt6_rsi18_bb2.0_atr1.2_risk0.5_rr1.6_london7-19_atrmin0.0006_edge0.5.csv,portA_micro5_s7-19_rr1.6_edge0.5_atrmin0.0006_cb8_kp0.7_kt6_rsi18_bb2.0_atr1.2_risk0.5_rr1.6_london7-19_atrmin0.0006_edge0.5,24,0.0,0.2061116700623491,0.0507415088258459,40.38662486938349,-2.719103266323375
241,./out/rolling_A_24m_portA_micro5_s7-18_rr1.6_edge0.6_atrmin0.0006_cb12_kp0.0_kt6_rsi18_bb2.0_atr1.2_risk0.5_rr1.6_london7-18_atrmin0.0006_edge0.6.csv,portA_micro5_s7-18_rr1.6_edge0.6_atrmin0.0006_cb12_kp0.0_kt6_rsi18_bb2.0_atr1.2_risk0.5_rr1.6_london7-18_atrmin0.0006_edge0.6,24,0.0,0.20232561122703624,0.0582067927423962,39.565217391304344,-2.085444216626242
242,./out/rolling_A_24m_portA_micro5_s7-18_rr1.6_edge0.6_atrmin0.0006_cb12_kp0.7_kt6_rsi18_bb2.0_atr1.2_risk0.5_rr1.6_london7-18_atrmin0.0006_edge0.6.csv,portA_micro5_s7-18_rr1.6_edge0.6_atrmin0.0006_cb12_kp0.7_kt6_rsi18_bb2.0_atr1.2_risk0.5_rr1.6_london7-18_atrmin0.0006_edge0.6,24,0.0,0.20232561122703624,0.0582067927423962,39.565217391304344,-2.085444216626242
243,./out/rolling_A_24m_portA_micro5_s7-18_rr1.6_edge0.6_atrmin0.0006_cb8_kp0.0_kt6_rsi18_bb2.0_atr1.2_risk0.5_rr1.6_london7-18_atrmin0.0006_edge0.6.csv,portA_micro5_s7-18_rr1.6_edge0.6_atrmin0.0006_cb8_kp0.0_kt6_rsi18_bb2.0_atr1.2_risk0.5_rr1.6_london7-18_atrmin0.0006_edge0.6,24,0.0,0.20232561122703624,0.0582067927423962,39.565217391304344,-2.085444216626242
244,./out/rolling_A_24m_portA_micro5_s7-18_rr1.6_edge0.6_atrmin0.0006_cb8_kp0.7_kt6_rsi18_bb2.0_atr1.2_risk0.5_rr1.6_london7-18_atrmin0.0006_edge0.6.csv,portA_micro5_s7-18_rr1.6_edge0.6_atrmin0.0006_cb8_kp0.7_kt6_rsi18_bb2.0_atr1.2_risk0.5_rr1.6_london7-18_atrmin0.0006_edge0.6,24,0.0,0.20232561122703624,0.0582067927423962,39.565217391304344,-2.085444216626242
245,./out/rolling_A_24m_portA_micro5_s7-19_rr1.6_edge0.6_atrmin0.0006_cb12_kp0.0_kt6_rsi18_bb2.0_atr1.2_risk0.5_rr1.6_london7-19_atrmin0.0006_edge0.6.csv,portA_micro5_s7-19_rr1.6_edge0.6_atrmin0.0006_cb12_kp0.0_kt6_rsi18_bb2.0_atr1.2_risk0.5_rr1.6_london7-19_atrmin0.0006_edge0.6,24,0.0,0.20232561122703624,0.0582067927423962,39.565217391304344,-2.151918843785716
246,./out/rolling_A_24m_portA_micro5_s7-19_rr1.6_edge0.6_atrmin0.0006_cb12_kp0.7_kt6_rsi18_bb2.0_atr1.2_risk0.5_rr1.6_london7-19_atrmin0.0006_edge0.6.csv,portA_micro5_s7-19_rr1.6_edge0.6_atrmin0.0006_cb12_kp0.7_kt6_rsi18_bb2.0_atr1.2_risk0.5_rr1.6_london7-19_atrmin0.0006_edge0.6,24,0.0,0.20232561122703624,0.0582067927423962,39.565217391304344,-2.151918843785716
247,./out/rolling_A_24m_portA_micro5_s7-19_rr1.6_edge0.6_atrmin0.0006_cb8_kp0.0_kt6_rsi18_bb2.0_atr1.2_risk0.5_rr1.6_london7-19_atrmin0.0006_edge0.6.csv,portA_micro5_s7-19_rr1.6_edge0.6_atrmin0.0006_cb8_kp0.0_kt6_rsi18_bb2.0_atr1.2_risk0.5_rr1.6_london7-19_atrmin0.0006_edge0.6,24,0.0,0.20232561122703624,0.0582067927423962,39.565217391304344,-2.151918843785716
248,./out/rolling_A_24m_portA_micro5_s7-19_rr1.6_edge0.6_atrmin0.0006_cb8_kp0.7_kt6_rsi18_bb2.0_atr1.2_risk0.5_rr1.6_london7-19_atrmin0.0006_edge0.6.csv,portA_micro5_s7-19_rr1.6_edge0.6_atrmin0.0006_cb8_kp0.7_kt6_rsi18_bb2.0_atr1.2_risk0.5_rr1.6_london7-19_atrmin0.0006_edge0.6,24,0.0,0.20232561122703624,0.0582067927423962,39.565217391304344,-2.151918843785716
249,./out/rolling_A_24m_portA_micro5_s7-19_rr1.8_edge0.6_atrmin0.0004_cb12_kp0.0_kt6_rsi18_bb2.0_atr1.2_risk0.5_rr1.8_london7-19_atrmin0.0004_edge0.6.csv,portA_micro5_s7-19_rr1.8_edge0.6_atrmin0.0004_cb12_kp0.0_kt6_rsi18_bb2.0_atr1.2_risk0.5_rr1.8_london7-19_atrmin0.0004_edge0.6,24,0.0,0.19980478628236625,0.0468033954836726,31.666666666666664,-3.082728418599645
250,./out/rolling_A_24m_portA_micro5_s7-19_rr1.8_edge0.6_atrmin0.0004_cb12_kp0.7_kt6_rsi18_bb2.0_atr1.2_risk0.5_rr1.8_london7-19_atrmin0.0004_edge0.6.csv,portA_micro5_s7-19_rr1.8_edge0.6_atrmin0.0004_cb12_kp0.7_kt6_rsi18_bb2.0_atr1.2_risk0.5_rr1.8_london7-19_atrmin0.0004_edge0.6,24,0.0,0.19980478628236625,0.0468033954836726,31.666666666666664,-3.082728418599645
251,./out/rolling_A_24m_portA_micro5_s7-19_rr1.8_edge0.6_atrmin0.0004_cb8_kp0.0_kt6_rsi18_bb2.0_atr1.2_risk0.5_rr1.8_london7-19_atrmin0.0004_edge0.6.csv,portA_micro5_s7-19_rr1.8_edge0.6_atrmin0.0004_cb8_kp0.0_kt6_rsi18_bb2.0_atr1.2_risk0.5_rr1.8_london7-19_atrmin0.0004_edge0.6,24,0.0,0.19980478628236625,0.0468033954836726,31.666666666666664,-3.082728418599645
252,./out/rolling_A_24m_portA_micro5_s7-19_rr1.8_edge0.6_atrmin0.0004_cb8_kp0.7_kt6_rsi18_bb2.0_atr1.2_risk0.5_rr1.8_london7-19_atrmin0.0004_edge0.6.csv,portA_micro5_s7-19_rr1.8_edge0.6_atrmin0.0004_cb8_kp0.7_kt6_rsi18_bb2.0_atr1.2_risk0.5_rr1.8_london7-19_atrmin0.0004_edge0.6,24,0.0,0.19980478628236625,0.0468033954836726,31.666666666666664,-3.082728418599645
253,./out/rolling_A_24m_portA_micro5_s8-17_rr1.6_edge0.6_atrmin0.0004_cb12_kp0.0_kt6_rsi18_bb2.0_atr1.2_risk0.5_rr1.6_london8-17_atrmin0.0004_edge0.6.csv,portA_micro5_s8-17_rr1.6_edge0.6_atrmin0.0004_cb12_kp0.0_kt6_rsi18_bb2.0_atr1.2_risk0.5_rr1.6_london8-17_atrmin0.0004_edge0.6,24,0.0,0.1805001802872572,0.0183538053783428,34.0,-2.2370870652126174
254,./out/rolling_A_24m_portA_micro5_s8-17_rr1.6_edge0.6_atrmin0.0004_cb12_kp0.7_kt6_rsi18_bb2.0_atr1.2_risk0.5_rr1.6_london8-17_atrmin0.0004_edge0.6.csv,portA_micro5_s8-17_rr1.6_edge0.6_atrmin0.0004_cb12_kp0.7_kt6_rsi18_bb2.0_atr1.2_risk0.5_rr1.6_london8-17_atrmin0.0004_edge0.6,24,0.0,0.1805001802872572,0.0183538053783428,34.0,-2.2370870652126174
255,./out/rolling_A_24m_portA_micro5_s8-17_rr1.6_edge0.6_atrmin0.0004_cb8_kp0.0_kt6_rsi18_bb2.0_atr1.2_risk0.5_rr1.6_london8-17_atrmin0.0004_edge0.6.csv,portA_micro5_s8-17_rr1.6_edge0.6_atrmin0.0004_cb8_kp0.0_kt6_rsi18_bb2.0_atr1.2_risk0.5_rr1.6_london8-17_atrmin0.0004_edge0.6,24,0.0,0.1805001802872572,0.0183538053783428,34.0,-2.2370870652126174
256,./out/rolling_A_24m_portA_micro5_s8-17_rr1.6_edge0.6_atrmin0.0004_cb8_kp0.7_kt6_rsi18_bb2.0_atr1.2_risk0.5_rr1.6_london8-17_atrmin0.0004_edge0.6.csv,portA_micro5_s8-17_rr1.6_edge0.6_atrmin0.0004_cb8_kp0.7_kt6_rsi18_bb2.0_atr1.2_risk0.5_rr1.6_london8-17_atrmin0.0004_edge0.6,24,0.0,0.1805001802872572,0.0183538053783428,34.0,-2.2370870652126174
257,./out/rolling_A_24m_portA_micro5_s7-18_rr1.8_edge0.6_atrmin0.0004_cb12_kp0.0_kt6_rsi18_bb2.0_atr1.2_risk0.5_rr1.8_london7-18_atrmin0.0004_edge0.6.csv,portA_micro5_s7-18_rr1.8_edge0.6_atrmin0.0004_cb12_kp0.0_kt6_rsi18_bb2.0_atr1.2_risk0.5_rr1.8_london7-18_atrmin0.0004_edge0.6,24,0.0,0.17620840694838105,0.0468033954836726,31.071428571428573,-2.756201254859553
258,./out/rolling_A_24m_portA_micro5_s7-18_rr1.8_edge0.6_atrmin0.0004_cb12_kp0.7_kt6_rsi18_bb2.0_atr1.2_risk0.5_rr1.8_london7-18_atrmin0.0004_edge0.6.csv,portA_micro5_s7-18_rr1.8_edge0.6_atrmin0.0004_cb12_kp0.7_kt6_rsi18_bb2.0_atr1.2_risk0.5_rr1.8_london7-18_atrmin0.0004_edge0.6,24,0.0,0.17620840694838105,0.0468033954836726,31.071428571428573,-2.756201254859553
259,./out/rolling_A_24m_portA_micro5_s7-18_rr1.8_edge0.6_atrmin0.0004_cb8_kp0.0_kt6_rsi18_bb2.0_atr1.2_risk0.5_rr1.8_london7-18_atrmin0.0004_edge0.6.csv,portA_micro5_s7-18_rr1.8_edge0.6_atrmin0.0004_cb8_kp0.0_kt6_rsi18_bb2.0_atr1.2_risk0.5_rr1.8_london7-18_atrmin0.0004_edge0.6,24,0.0,0.17620840694838105,0.0468033954836726,31.071428571428573,-2.756201254859553
260,./out/rolling_A_24m_portA_micro5_s7-18_rr1.8_edge0.6_atrmin0.0004_cb8_kp0.7_kt6_rsi18_bb2.0_atr1.2_risk0.5_rr1.8_london7-18_atrmin0.0004_edge0.6.csv,portA_micro5_s7-18_rr1.8_edge0.6_atrmin0.0004_cb8_kp0.7_kt6_rsi18_bb2.0_atr1.2_risk0.5_rr1.8_london7-18_atrmin0.0004_edge0.6,24,0.0,0.17620840694838105,0.0468033954836726,31.071428571428573,-2.756201254859553
261,./out/rolling_A_24m_portA_micro5_s7-18_rr1.8_edge0.5_atrmin0.0004_cb12_kp0.0_kt6_rsi18_bb2.0_atr1.2_risk0.5_rr1.8_london7-18_atrmin0.0004_edge0.5.csv,portA_micro5_s7-18_rr1.8_edge0.5_atrmin0.0004_cb12_kp0.0_kt6_rsi18_bb2.0_atr1.2_risk0.5_rr1.8_london7-18_atrmin0.0004_edge0.5,24,0.0,0.16781103712741,0.0472261206766637,31.698564593301434,-3.240950898148598
262,./out/rolling_A_24m_portA_micro5_s7-18_rr1.8_edge0.5_atrmin0.0004_cb12_kp0.7_kt6_rsi18_bb2.0_atr1.2_risk0.5_rr1.8_london7-18_atrmin0.0004_edge0.5.csv,portA_micro5_s7-18_rr1.8_edge0.5_atrmin0.0004_cb12_kp0.7_kt6_rsi18_bb2.0_atr1.2_risk0.5_rr1.8_london7-18_atrmin0.0004_edge0.5,24,0.0,0.16781103712741,0.0472261206766637,31.698564593301434,-3.240950898148598
263,./out/rolling_A_24m_portA_micro5_s7-18_rr1.8_edge0.5_atrmin0.0004_cb8_kp0.0_kt6_rsi18_bb2.0_atr1.2_risk0.5_rr1.8_london7-18_atrmin0.0004_edge0.5.csv,portA_micro5_s7-18_rr1.8_edge0.5_atrmin0.0004_cb8_kp0.0_kt6_rsi18_bb2.0_atr1.2_risk0.5_rr1.8_london7-18_atrmin0.0004_edge0.5,24,0.0,0.16781103712741,0.0472261206766637,31.698564593301434,-3.240950898148598
264,./out/rolling_A_24m_portA_micro5_s7-18_rr1.8_edge0.5_atrmin0.0004_cb8_kp0.7_kt6_rsi18_bb2.0_atr1.2_risk0.5_rr1.8_london7-18_atrmin0.0004_edge0.5.csv,portA_micro5_s7-18_rr1.8_edge0.5_atrmin0.0004_cb8_kp0.7_kt6_rsi18_bb2.0_atr1.2_risk0.5_rr1.8_london7-18_atrmin0.0004_edge0.5,24,0.0,0.16781103712741,0.0472261206766637,31.698564593301434,-3.240950898148598
265,./out/rolling_A_24m_portA_micro5_s7-19_rr1.8_edge0.5_atrmin0.0004_cb12_kp0.0_kt6_rsi18_bb2.0_atr1.2_risk0.5_rr1.8_london7-19_atrmin0.0004_edge0.5.csv,portA_micro5_s7-19_rr1.8_edge0.5_atrmin0.0004_cb12_kp0.0_kt6_rsi18_bb2.0_atr1.2_risk0.5_rr1.8_london7-19_atrmin0.0004_edge0.5,24,0.0,0.1646589493311652,0.0472261206766637,32.45614035087719,-3.338237965410479
266,./out/rolling_A_24m_portA_micro5_s7-19_rr1.8_edge0.5_atrmin0.0004_cb12_kp0.7_kt6_rsi18_bb2.0_atr1.2_risk0.5_rr1.8_london7-19_atrmin0.0004_edge0.5.csv,portA_micro5_s7-19_rr1.8_edge0.5_atrmin0.0004_cb12_kp0.7_kt6_rsi18_bb2.0_atr1.2_risk0.5_rr1.8_london7-19_atrmin0.0004_edge0.5,24,0.0,0.1646589493311652,0.0472261206766637,32.45614035087719,-3.338237965410479
267,./out/rolling_A_24m_portA_micro5_s7-19_rr1.8_edge0.5_atrmin0.0004_cb8_kp0.0_kt6_rsi18_bb2.0_atr1.2_risk0.5_rr1.8_london7-19_atrmin0.0004_edge0.5.csv,portA_micro5_s7-19_rr1.8_edge0.5_atrmin0.0004_cb8_kp0.0_kt6_rsi18_bb2.0_atr1.2_risk0.5_rr1.8_london7-19_atrmin0.0004_edge0.5,24,0.0,0.1646589493311652,0.0472261206766637,32.45614035087719,-3.338237965410479
268,./out/rolling_A_24m_portA_micro5_s7-19_rr1.8_edge0.5_atrmin0.0004_cb8_kp0.7_kt6_rsi18_bb2.0_atr1.2_risk0.5_rr1.8_london7-19_atrmin0.0004_edge0.5.csv,portA_micro5_s7-19_rr1.8_edge0.5_atrmin0.0004_cb8_kp0.7_kt6_rsi18_bb2.0_atr1.2_risk0.5_rr1.8_london7-19_atrmin0.0004_edge0.5,24,0.0,0.1646589493311652,0.0472261206766637,32.45614035087719,-3.338237965410479
269,./out/rolling_A_24m_portA_micro5_s8-17_rr1.6_edge0.5_atrmin0.0004_cb12_kp0.0_kt6_rsi18_bb2.0_atr1.2_risk0.5_rr1.6_london8-17_atrmin0.0004_edge0.5.csv,portA_micro5_s8-17_rr1.6_edge0.5_atrmin0.0004_cb12_kp0.0_kt6_rsi18_bb2.0_atr1.2_risk0.5_rr1.6_london8-17_atrmin0.0004_edge0.5,24,0.0,0.16367923241826965,0.0402746384723247,34.54907161803713,-2.5570462417919932
270,./out/rolling_A_24m_portA_micro5_s8-17_rr1.6_edge0.5_atrmin0.0004_cb12_kp0.7_kt6_rsi18_bb2.0_atr1.2_risk0.5_rr1.6_london8-17_atrmin0.0004_edge0.5.csv,portA_micro5_s8-17_rr1.6_edge0.5_atrmin0.0004_cb12_kp0.7_kt6_rsi18_bb2.0_atr1.2_risk0.5_rr1.6_london8-17_atrmin0.0004_edge0.5,24,0.0,0.16367923241826965,0.0402746384723247,34.54907161803713,-2.5570462417919932
271,./out/rolling_A_24m_portA_micro5_s8-17_rr1.6_edge0.5_atrmin0.0004_cb8_kp0.0_kt6_rsi18_bb2.0_atr1.2_risk0.5_rr1.6_london8-17_atrmin0.0004_edge0.5.csv,portA_micro5_s8-17_rr1.6_edge0.5_atrmin0.0004_cb8_kp0.0_kt6_rsi18_bb2.0_atr1.2_risk0.5_rr1.6_london8-17_atrmin0.0004_edge0.5,24,0.0,0.16367923241826965,0.0402746384723247,34.54907161803713,-2.5570462417919932
272,./out/rolling_A_24m_portA_micro5_s8-17_rr1.6_edge0.5_atrmin0.0004_cb8_kp0.7_kt6_rsi18_bb2.0_atr1.2_risk0.5_rr1.6_london8-17_atrmin0.0004_edge0.5.csv,portA_micro5_s8-17_rr1.6_edge0.5_atrmin0.0004_cb8_kp0.7_kt6_rsi18_bb2.0_atr1.2_risk0.5_rr1.6_london8-17_atrmin0.0004_edge0.5,24,0.0,0.16367923241826965,0.0402746384723247,34.54907161803713,-2.5570462417919932
273,./out/rolling_A_24m_portA_micro5_s7-19_rr1.6_edge0.6_atrmin0.0004_cb12_kp0.0_kt6_rsi18_bb2.0_atr1.2_risk0.5_rr1.6_london7-19_atrmin0.0004_edge0.6.csv,portA_micro5_s7-19_rr1.6_edge0.6_atrmin0.0004_cb12_kp0.0_kt6_rsi18_bb2.0_atr1.2_risk0.5_rr1.6_london7-19_atrmin0.0004_edge0.6,24,0.0,0.15457192681052095,0.0289633426812698,29.583333333333336,-2.954551942773098
274,./out/rolling_A_24m_portA_micro5_s7-19_rr1.6_edge0.6_atrmin0.0004_cb12_kp0.7_kt6_rsi18_bb2.0_atr1.2_risk0.5_rr1.6_london7-19_atrmin0.0004_edge0.6.csv,portA_micro5_s7-19_rr1.6_edge0.6_atrmin0.0004_cb12_kp0.7_kt6_rsi18_bb2.0_atr1.2_risk0.5_rr1.6_london7-19_atrmin0.0004_edge0.6,24,0.0,0.15457192681052095,0.0289633426812698,29.583333333333336,-2.954551942773098
275,./out/rolling_A_24m_portA_micro5_s7-19_rr1.6_edge0.6_atrmin0.0004_cb8_kp0.0_kt6_rsi18_bb2.0_atr1.2_risk0.5_rr1.6_london7-19_atrmin0.0004_edge0.6.csv,portA_micro5_s7-19_rr1.6_edge0.6_atrmin0.0004_cb8_kp0.0_kt6_rsi18_bb2.0_atr1.2_risk0.5_rr1.6_london7-19_atrmin0.0004_edge0.6,24,0.0,0.15457192681052095,0.0289633426812698,29.583333333333336,-2.954551942773098
276,./out/rolling_A_24m_portA_micro5_s7-19_rr1.6_edge0.6_atrmin0.0004_cb8_kp0.7_kt6_rsi18_bb2.0_atr1.2_risk0.5_rr1.6_london7-19_atrmin0.0004_edge0.6.csv,portA_micro5_s7-19_rr1.6_edge0.6_atrmin0.0004_cb8_kp0.7_kt6_rsi18_bb2.0_atr1.2_risk0.5_rr1.6_london7-19_atrmin0.0004_edge0.6,24,0.0,0.15457192681052095,0.0289633426812698,29.583333333333336,-2.954551942773098
277,./out/rolling_A_24m_portA_micro5_s7-18_rr1.6_edge0.6_atrmin0.0004_cb12_kp0.0_kt6_rsi18_bb2.0_atr1.2_risk0.5_rr1.6_london7-18_atrmin0.0004_edge0.6.csv,portA_micro5_s7-18_rr1.6_edge0.6_atrmin0.0004_cb12_kp0.0_kt6_rsi18_bb2.0_atr1.2_risk0.5_rr1.6_london7-18_atrmin0.0004_edge0.6,24,0.0,0.14806989651094105,0.0289633426812698,29.583333333333336,-2.8040764413606807
278,./out/rolling_A_24m_portA_micro5_s7-18_rr1.6_edge0.6_atrmin0.0004_cb12_kp0.7_kt6_rsi18_bb2.0_atr1.2_risk0.5_rr1.6_london7-18_atrmin0.0004_edge0.6.csv,portA_micro5_s7-18_rr1.6_edge0.6_atrmin0.0004_cb12_kp0.7_kt6_rsi18_bb2.0_atr1.2_risk0.5_rr1.6_london7-18_atrmin0.0004_edge0.6,24,0.0,0.14806989651094105,0.0289633426812698,29.583333333333336,-2.8040764413606807
279,./out/rolling_A_24m_portA_micro5_s7-18_rr1.6_edge0.6_atrmin0.0004_cb8_kp0.0_kt6_rsi18_bb2.0_atr1.2_risk0.5_rr1.6_london7-18_atrmin0.0004_edge0.6.csv,portA_micro5_s7-18_rr1.6_edge0.6_atrmin0.0004_cb8_kp0.0_kt6_rsi18_bb2.0_atr1.2_risk0.5_rr1.6_london7-18_atrmin0.0004_edge0.6,24,0.0,0.14806989651094105,0.0289633426812698,29.583333333333336,-2.8040764413606807
280,./out/rolling_A_24m_portA_micro5_s7-18_rr1.6_edge0.6_atrmin0.0004_cb8_kp0.7_kt6_rsi18_bb2.0_atr1.2_risk0.5_rr1.6_london7-18_atrmin0.0004_edge0.6.csv,portA_micro5_s7-18_rr1.6_edge0.6_atrmin0.0004_cb8_kp0.7_kt6_rsi18_bb2.0_atr1.2_risk0.5_rr1.6_london7-18_atrmin0.0004_edge0.6,24,0.0,0.14806989651094105,0.0289633426812698,29.583333333333336,-2.8040764413606807
281,./out/rolling_A_24m_portA_micro5_s7-19_rr1.6_edge0.5_atrmin0.0004_cb12_kp0.0_kt6_rsi18_bb2.0_atr1.2_risk0.5_rr1.6_london7-19_atrmin0.0004_edge0.5.csv,portA_micro5_s7-19_rr1.6_edge0.5_atrmin0.0004_cb12_kp0.0_kt6_rsi18_bb2.0_atr1.2_risk0.5_rr1.6_london7-19_atrmin0.0004_edge0.5,24,0.0,0.1431126284576406,0.041926411986026,30.24948024948025,-3.534183288866
282,./out/rolling_A_24m_portA_micro5_s7-19_rr1.6_edge0.5_atrmin0.0004_cb12_kp0.7_kt6_rsi18_bb2.0_atr1.2_risk0.5_rr1.6_london7-19_atrmin0.0004_edge0.5.csv,portA_micro5_s7-19_rr1.6_edge0.5_atrmin0.0004_cb12_kp0.7_kt6_rsi18_bb2.0_atr1.2_risk0.5_rr1.6_london7-19_atrmin0.0004_edge0.5,24,0.0,0.1431126284576406,0.041926411986026,30.24948024948025,-3.534183288866
283,./out/rolling_A_24m_portA_micro5_s7-19_rr1.6_edge0.5_atrmin0.0004_cb8_kp0.0_kt6_rsi18_bb2.0_atr1.2_risk0.5_rr1.6_london7-19_atrmin0.0004_edge0.5.csv,portA_micro5_s7-19_rr1.6_edge0.5_atrmin0.0004_cb8_kp0.0_kt6_rsi18_bb2.0_atr1.2_risk0.5_rr1.6_london7-19_atrmin0.0004_edge0.5,24,0.0,0.1431126284576406,0.041926411986026,30.24948024948025,-3.534183288866
284,./out/rolling_A_24m_portA_micro5_s7-19_rr1.6_edge0.5_atrmin0.0004_cb8_kp0.7_kt6_rsi18_bb2.0_atr1.2_risk0.5_rr1.6_london7-19_atrmin0.0004_edge0.5.csv,portA_micro5_s7-19_rr1.6_edge0.5_atrmin0.0004_cb8_kp0.7_kt6_rsi18_bb2.0_atr1.2_risk0.5_rr1.6_london7-19_atrmin0.0004_edge0.5,24,0.0,0.1431126284576406,0.041926411986026,30.24948024948025,-3.534183288866
285,./out/rolling_A_24m_portA_micro5_s7-18_rr1.6_edge0.5_atrmin0.0004_cb12_kp0.0_kt6_rsi18_bb2.0_atr1.2_risk0.5_rr1.6_london7-18_atrmin0.0004_edge0.5.csv,portA_micro5_s7-18_rr1.6_edge0.5_atrmin0.0004_cb12_kp0.0_kt6_rsi18_bb2.0_atr1.2_risk0.5_rr1.6_london7-18_atrmin0.0004_edge0.5,24,0.0,0.14233148987560168,0.041926411986026,29.858299595141702,-3.4147047334194216
286,./out/rolling_A_24m_portA_micro5_s7-18_rr1.6_edge0.5_atrmin0.0004_cb12_kp0.7_kt6_rsi18_bb2.0_atr1.2_risk0.5_rr1.6_london7-18_atrmin0.0004_edge0.5.csv,portA_micro5_s7-18_rr1.6_edge0.5_atrmin0.0004_cb12_kp0.7_kt6_rsi18_bb2.0_atr1.2_risk0.5_rr1.6_london7-18_atrmin0.0004_edge0.5,24,0.0,0.14233148987560168,0.041926411986026,29.858299595141702,-3.4147047334194216
287,./out/rolling_A_24m_portA_micro5_s7-18_rr1.6_edge0.5_atrmin0.0004_cb8_kp0.0_kt6_rsi18_bb2.0_atr1.2_risk0.5_rr1.6_london7-18_atrmin0.0004_edge0.5.csv,portA_micro5_s7-18_rr1.6_edge0.5_atrmin0.0004_cb8_kp0.0_kt6_rsi18_bb2.0_atr1.2_risk0.5_rr1.6_london7-18_atrmin0.0004_edge0.5,24,0.0,0.14233148987560168,0.041926411986026,29.858299595141702,-3.4147047334194216
288,./out/rolling_A_24m_portA_micro5_s7-18_rr1.6_edge0.5_atrmin0.0004_cb8_kp0.7_kt6_rsi18_bb2.0_atr1.2_risk0.5_rr1.6_london7-18_atrmin0.0004_edge0.5.csv,portA_micro5_s7-18_rr1.6_edge0.5_atrmin0.0004_cb8_kp0.7_kt6_rsi18_bb2.0_atr1.2_risk0.5_rr1.6_london7-18_atrmin0.0004_edge0.5,24,0.0,0.14233148987560168,0.041926411986026,29.858299595141702,-3.4147047334194216
