symbol,strategy,timestamp,side,price,sl,tp,size,tag
EURUSD,C,2020-09-03T09:00:00Z,sell,1.18243,1.1835068780671638,1.179199365798509,8372,C_short
EURUSD,C,2020-09-03T09:45:00Z,sell,1.1823,1.1834619914410542,1.178814025676837,8365,C_short
EURUSD,C,2020-09-03T15:15:00Z,sell,1.18227,1.1836527230392506,1.1781218308822479,8356,C_short
EURUSD,C,2020-09-03T23:45:00Z,sell,1.18412,1.184521868646539,1.182914394060383,8333,C_short
EURUSD,C,2020-09-04T02:45:00Z,sell,1.18411,1.1846978550640677,1.182346434807797,8329,C_short
EURUSD,C,2020-09-04T06:15:00Z,sell,1.18428,1.1848269336507153,1.182639199047854,8323,C_short
EURUSD,C,2020-09-04T10:30:00Z,sell,1.18452,1.1853987152666268,1.1818838542001198,8317,C_short
EURUSD,C,2020-09-04T11:30:00Z,sell,1.18426,1.185165377318126,1.181543868045622,8312,C_short
EURUSD,C,2020-09-06T23:45:00Z,sell,1.18342,1.183899858536283,1.1819804243911507,8311,C_short
EURUSD,C,2020-09-07T00:45:00Z,sell,1.1836,1.1841142565857734,1.1820572302426797,8305,C_short
EURUSD,C,2020-09-07T08:45:00Z,sell,1.18324,1.1840351514901883,1.1808545455294353,8304,C_short
EURUSD,C,2020-09-08T07:00:00Z,sell,1.18074,1.181600945017124,1.1781571649486273,8337,C_short
EURUSD,C,2020-09-08T08:45:00Z,sell,1.18082,1.1817376330145366,1.1780671009563901,8330,C_short
EURUSD,C,2020-09-09T04:00:00Z,sell,1.17784,1.17825696613081,1.17658910160757,8370,C_short
EURUSD,C,2020-09-09T04:30:00Z,sell,1.1779,1.1783234990049196,1.176629502985241,8365,C_short
EURUSD,C,2020-09-11T00:45:00Z,buy,1.18348,1.1829846991853394,1.184965902443982,8334,C_long
EURUSD,C,2020-09-11T06:15:00Z,buy,1.18356,1.183061382031678,1.1850558539049658,8329,C_long
EURUSD,C,2020-09-11T12:45:00Z,buy,1.18463,1.1837510196379264,1.187266941086221,8332,C_long
EURUSD,C,2020-09-11T19:15:00Z,buy,1.18403,1.183272357565329,1.1863029273040127,8329,C_long
EURUSD,C,2020-09-14T01:00:00Z,buy,1.18398,1.1835199717614666,1.1853600847156003,8323,C_long
EURUSD,C,2020-09-14T06:30:00Z,buy,1.18479,1.1843458782569503,1.1861223652291493,8326,C_long
EURUSD,C,2020-09-14T07:00:00Z,buy,1.18513,1.1845699263352205,1.1868102209943385,8320,C_long
EURUSD,C,2020-09-14T19:00:00Z,buy,1.18667,1.1862506141678946,1.1879281574963159,8320,C_long
EURUSD,C,2020-09-14T21:00:00Z,buy,1.18655,1.186191233369192,1.187626299892424,8317,C_long
EURUSD,C,2020-09-15T00:45:00Z,buy,1.18685,1.1864696156468517,1.1879911530594447,8313,C_long
EURUSD,C,2020-09-15T10:00:00Z,buy,1.18839,1.187754320483997,1.190297038548009,8298,C_long
EURUSD,C,2020-09-16T05:30:00Z,sell,1.18432,1.184701738039839,1.183174785880483,8322,C_short
EURUSD,C,2020-09-16T07:00:00Z,sell,1.18477,1.1852973054223397,1.1831880837329813,8315,C_short
EURUSD,C,2020-09-16T13:00:00Z,buy,1.18617,1.185068655561278,1.189474033316166,8301,C_long
EURUSD,C,2020-09-17T09:15:00Z,sell,1.17835,1.1794274093081187,1.1751177720756438,8348,C_short
EURUSD,C,2020-09-18T08:15:00Z,buy,1.18552,1.184765838302444,1.1877824850926677,8289,C_long
EURUSD,C,2020-09-18T14:15:00Z,buy,1.18495,1.1839479061236169,1.1879562816291491,8287,C_long
EURUSD,C,2020-09-20T23:15:00Z,buy,1.1849,1.1844244391973544,1.186326682407937,8280,C_long
EURUSD,C,2020-09-21T00:15:00Z,buy,1.1855,1.1849651821810496,1.1871044534568511,8271,C_long
EURUSD,C,2020-09-22T03:45:00Z,sell,1.17678,1.1772920583150295,1.1752438250549113,8343,C_short
EURUSD,C,2020-09-22T11:45:00Z,sell,1.17521,1.1761071422040044,1.1725185733879873,8364,C_short
EURUSD,C,2020-09-23T07:45:00Z,sell,1.16941,1.1703997387036642,1.1664407838890076,8424,C_short
EURUSD,C,2020-09-23T11:45:00Z,sell,1.16895,1.1698765590631035,1.1661703228106892,8420,C_short
EURUSD,C,2020-09-24T01:45:00Z,sell,1.16615,1.1668156004429917,1.164153198671025,8433,C_short
EURUSD,C,2020-09-24T08:00:00Z,sell,1.16535,1.1663833663509597,1.1622499009471212,8433,C_short
EURUSD,C,2020-09-25T02:30:00Z,sell,1.1666,1.1671322887114728,1.165003133865582,8416,C_short
EURUSD,C,2020-09-25T08:00:00Z,sell,1.16651,1.1673766442436453,1.1639100672690639,8412,C_short
EURUSD,C,2020-09-27T22:45:00Z,sell,1.16326,1.1637882987339205,1.1616751037982382,8454,C_short
EURUSD,C,2020-09-28T04:45:00Z,sell,1.16313,1.163569904354852,1.161810286935444,8465,C_short
EURUSD,C,2020-09-28T05:45:00Z,sell,1.16289,1.1633552868795838,1.1614941393612486,8463,C_short
EURUSD,C,2020-09-28T06:30:00Z,sell,1.16297,1.163512860822058,1.1613414175338264,8458,C_short
EURUSD,C,2020-09-28T15:00:00Z,buy,1.16545,1.1642759117611527,1.1689722647165421,8436,C_long
EURUSD,C,2020-09-30T04:30:00Z,buy,1.17356,1.1729707475787523,1.1753277572637428,8402,C_long
EURUSD,C,2020-09-30T06:45:00Z,buy,1.17341,1.172749464169607,1.1753916074911792,8398,C_long
EURUSD,C,2020-09-30T14:15:00Z,buy,1.17273,1.1713425522149132,1.1768923433552605,8397,C_long
EURUSD,C,2020-09-30T16:45:00Z,buy,1.17216,1.170725437477365,1.1764636875679053,8391,C_long
EURUSD,C,2020-10-01T13:30:00Z,buy,1.17446,1.1732689625491208,1.1780331123526377,8404,C_long
EURUSD,C,2020-10-01T15:00:00Z,buy,1.17429,1.1728779178528623,1.1785262464414132,8396,C_long
EURUSD,C,2020-10-02T06:15:00Z,buy,1.17354,1.1724936844142815,1.1766789467571557,8391,C_long
EURUSD,C,2020-10-02T12:30:00Z,sell,1.17106,1.172174168921564,1.1677174932353083,8400,C_short
EURUSD,C,2020-10-02T16:45:00Z,sell,1.17176,1.1726765101876127,1.1690104694371617,8386,C_short
EURUSD,C,2020-10-05T07:15:00Z,buy,1.17266,1.1721141059894766,1.1742976820315703,8373,C_long
EURUSD,C,2020-10-06T06:45:00Z,buy,1.1785,1.1779832262126126,1.1800503213621625,8342,C_long
EURUSD,C,2020-10-06T10:00:00Z,buy,1.17837,1.1776250046551984,1.1806049860344046,8339,C_long
EURUSD,C,2020-10-06T11:15:00Z,buy,1.17896,1.1781146120209944,1.1814961639370167,8329,C_long
EURUSD,C,2020-10-06T14:00:00Z,buy,1.17863,1.17758796380867,1.1817561085739905,8324,C_long
EURUSD,C,2020-10-06T18:15:00Z,buy,1.1786,1.1779574345934116,1.1805276962197655,8316,C_long
EURUSD,C,2020-10-07T20:00:00Z,buy,1.17643,1.1759130475502995,1.177980857349102,8326,C_long
EURUSD,C,2020-10-08T12:00:00Z,buy,1.17647,1.1757618645211227,1.1785944064366314,8336,C_long
EURUSD,C,2020-10-08T19:15:00Z,sell,1.17557,1.1759606397031843,1.174398080890447,8337,C_short
EURUSD,C,2020-10-09T00:15:00Z,sell,1.17576,1.1760615213046717,1.1748554360859846,8332,C_short
EURUSD,C,2020-10-11T22:15:00Z,buy,1.18149,1.1809459784160319,1.183122064751904,8289,C_long
EURUSD,C,2020-10-12T01:15:00Z,buy,1.18158,1.1809945528798058,1.1833363413605829,8284,C_long
EURUSD,C,2020-10-12T07:30:00Z,buy,1.18221,1.1814488197220736,1.1844935408337791,8275,C_long
EURUSD,C,2020-10-12T12:45:00Z,buy,1.18097,1.1803291802270233,1.1828924593189305,8277,C_long
EURUSD,C,2020-10-12T16:15:00Z,buy,1.181,1.180415735471281,1.1827527935861573,8272,C_long
EURUSD,C,2020-10-14T08:45:00Z,sell,1.17404,1.1747780527242693,1.171825841827192,8316,C_short
EURUSD,C,2020-10-14T16:15:00Z,sell,1.17485,1.1756841569854777,1.1723475290435668,8304,C_short
EURUSD,C,2020-10-14T18:00:00Z,sell,1.17502,1.1756178478728716,1.173226456381385,8297,C_short
EURUSD,C,2020-10-15T06:15:00Z,sell,1.17483,1.175200331055978,1.1737190068320662,8293,C_short
EURUSD,C,2020-10-15T20:45:00Z,sell,1.17073,1.1711415585673395,1.1694953242979818,8329,C_short
EURUSD,C,2020-10-16T01:30:00Z,sell,1.17079,1.1712415547264388,1.1694353358206837,8325,C_short
EURUSD,C,2020-10-16T08:45:00Z,sell,1.17046,1.1711597196993135,1.1683608409020596,8336,C_short
EURUSD,C,2020-10-16T14:30:00Z,sell,1.17167,1.17266940094929,1.16867179715213,8322,C_short
EURUSD,C,2020-10-19T22:00:00Z,buy,1.17697,1.1765671073817552,1.1781786778547347,8277,C_long
EURUSD,C,2020-10-20T02:45:00Z,buy,1.17687,1.1765150079033575,1.1779349762899278,8274,C_long
EURUSD,C,2020-10-20T07:30:00Z,buy,1.17719,1.1765595010055032,1.1790814969834902,8278,C_long
EURUSD,C,2020-10-21T13:30:00Z,buy,1.18561,1.1847195220896587,1.1882814337310241,8232,C_long
EURUSD,C,2020-10-22T06:00:00Z,buy,1.18524,1.1849215754307818,1.1861952737076549,8228,C_long
EURUSD,C,2020-10-22T07:15:00Z,buy,1.18606,1.1853781277055753,1.1881056168832738,8219,C_long
EURUSD,C,2020-10-23T14:45:00Z,buy,1.18353,1.1827281565436174,1.1859355303691477,8231,C_long
EURUSD,C,2020-10-25T23:45:00Z,buy,1.18479,1.184253196580855,1.1864004102574353,8238,C_long
EURUSD,C,2020-10-26T07:30:00Z,buy,1.18409,1.183523870139084,1.1857883895827483,8239,C_long
EURUSD,C,2020-10-26T17:15:00Z,sell,1.18203,1.1826955537714765,1.1800333386855701,8248,C_short
EURUSD,C,2020-10-27T07:15:00Z,sell,1.18164,1.1821063715064306,1.1802408854807083,8246,C_short
EURUSD,C,2020-10-27T14:30:00Z,sell,1.1821,1.1828514185263264,1.1798457444210206,8239,C_short
EURUSD,C,2020-10-28T16:30:00Z,sell,1.17493,1.1760068366491023,1.1716994900526931,8283,C_short
EURUSD,C,2020-10-30T04:45:00Z,sell,1.16814,1.1685194047641179,1.1670017857076462,8353,C_short
EURUSD,C,2020-10-30T08:15:00Z,sell,1.16691,1.1677833694983248,1.164289891505025,8369,C_short
EURUSD,C,2020-10-30T09:45:00Z,sell,1.16731,1.1682432690712619,1.1645101927862147,8359,C_short
EURUSD,C,2020-10-30T14:15:00Z,sell,1.16776,1.1687619703001015,1.164754089099695,8349,C_short
EURUSD,C,2020-10-30T15:30:00Z,sell,1.16605,1.1670881676492322,1.1629354970523036,8353,C_short
EURUSD,C,2020-11-02T09:45:00Z,sell,1.16402,1.1648300752981664,1.161589774105501,8389,C_short
EURUSD,C,2020-11-02T13:30:00Z,sell,1.16396,1.1646420097144574,1.1619139708566282,8383,C_short
EURUSD,C,2020-11-03T19:15:00Z,buy,1.17036,1.1697288067101714,1.172253579869486,8332,C_long
EURUSD,C,2020-11-03T20:30:00Z,buy,1.17008,1.1695478186796242,1.1716765439611274,8328,C_long
EURUSD,C,2020-11-04T08:45:00Z,sell,1.16679,1.1686894683675773,1.1610915948972682,8362,C_short
EURUSD,C,2020-11-04T14:45:00Z,buy,1.17085,1.168976940865049,1.1764691774048528,8319,C_long
EURUSD,C,2020-11-05T17:30:00Z,buy,1.18022,1.1789361003775682,1.1840716988672955,8292,C_long
EURUSD,C,2020-11-06T02:00:00Z,buy,1.18128,1.180226653191323,1.1844400404260313,8310,C_long
EURUSD,C,2020-11-08T22:00:00Z,buy,1.18876,1.1879509740758176,1.1911870777725473,8279,C_long
EURUSD,C,2020-11-09T06:00:00Z,buy,1.18875,1.1881127272815313,1.190661818155406,8273,C_long
EURUSD,C,2020-11-09T07:45:00Z,buy,1.18885,1.1880357054610642,1.1912928836168073,8267,C_long
EURUSD,C,2020-11-09T11:45:00Z,buy,1.18866,1.1873211304698639,1.1926766085904086,8262,C_long
EURUSD,C,2020-11-09T12:15:00Z,buy,1.18886,1.1873847602195866,1.1932857193412403,8251,C_long
EURUSD,C,2020-11-10T02:45:00Z,sell,1.18256,1.1833766295322343,1.1801101114032972,8284,C_short
EURUSD,C,2020-11-10T05:30:00Z,sell,1.18272,1.1833031657830955,1.1809705026507136,8276,C_short
EURUSD,C,2020-11-10T06:00:00Z,sell,1.18302,1.1836380222993028,1.1811659331020914,8269,C_short
EURUSD,C,2020-11-10T09:30:00Z,sell,1.18145,1.1825630659596413,1.1781108021210756,8275,C_short
EURUSD,C,2020-11-10T14:30:00Z,sell,1.18046,1.1819225619219993,1.1760723142340024,8305,C_short
EURUSD,C,2020-11-10T15:30:00Z,sell,1.1814,1.1829330384405772,1.1768008846782685,8287,C_short
EURUSD,C,2020-11-11T06:15:00Z,sell,1.18171,1.1820995535854857,1.180541339243543,8274,C_short
EURUSD,C,2020-11-11T07:15:00Z,sell,1.1821,1.1826008426657788,1.1805974720026633,8267,C_short
EURUSD,C,2020-11-11T22:00:00Z,sell,1.17764,1.1780396068301602,1.1764411795095195,8308,C_short
EURUSD,C,2020-11-12T03:30:00Z,sell,1.17743,1.1778606832157983,1.176137950352605,8307,C_short
EURUSD,C,2020-11-12T14:15:00Z,sell,1.1789,1.180005701773602,1.175582894679194,8305,C_short
EURUSD,C,2020-11-12T20:15:00Z,buy,1.18025,1.1795681868384396,1.1822954394846814,8287,C_long
EURUSD,C,2020-11-16T09:30:00Z,buy,1.18472,1.1840028329759933,1.18687150107202,8269,C_long
EURUSD,C,2020-11-16T16:00:00Z,buy,1.18399,1.1830210185868246,1.1868969442395265,8268,C_long
EURUSD,C,2020-11-17T15:45:00Z,buy,1.18759,1.1866606859478153,1.190377942156554,8262,C_long
EURUSD,C,2020-11-17T18:45:00Z,buy,1.18675,1.1861840825903012,1.1884477522290964,8261,C_long
EURUSD,C,2020-11-18T03:45:00Z,buy,1.18621,1.1859374546854138,1.1870276359437586,8260,C_long
EURUSD,C,2020-11-18T11:30:00Z,buy,1.18782,1.1870850128083414,1.190024961574976,8254,C_long
EURUSD,C,2020-11-18T14:30:00Z,buy,1.18704,1.1862365612872097,1.1894503161383714,8254,C_long
EURUSD,C,2020-11-19T07:00:00Z,sell,1.18498,1.185362391255352,1.183832826233944,8262,C_short
EURUSD,C,2020-11-19T16:00:00Z,sell,1.18367,1.1844166324772496,1.1814301025682512,8278,C_short
EURUSD,C,2020-11-20T08:45:00Z,buy,1.18732,1.186717515784209,1.189127452647373,8247,C_long
EURUSD,C,2020-11-20T11:45:00Z,buy,1.18738,1.1866444405500651,1.189586678349805,8242,C_long
EURUSD,C,2020-11-20T13:45:00Z,buy,1.18677,1.186030178603754,1.1889894641887386,8240,C_long
EURUSD,C,2020-11-20T21:30:00Z,buy,1.18623,1.1858732094155755,1.187300371753273,8238,C_long
EURUSD,C,2020-11-22T23:30:00Z,buy,1.18607,1.1857083970706987,1.1871548087879036,8236,C_long
EURUSD,C,2020-11-23T08:45:00Z,buy,1.18722,1.186642452159123,1.1889526435226307,8235,C_long
EURUSD,C,2020-11-24T07:45:00Z,sell,1.18478,1.1852964325486077,1.1832307023541766,8263,C_short
EURUSD,C,2020-11-24T14:45:00Z,buy,1.18643,1.185152900092918,1.1902612997212465,8247,C_long
EURUSD,C,2020-11-25T06:45:00Z,buy,1.18977,1.1892990964291617,1.191182710712515,8249,C_long
EURUSD,C,2020-11-25T09:45:00Z,buy,1.19047,1.1894923932359625,1.1934028202921123,8253,C_long
EURUSD,C,2020-11-25T12:45:00Z,buy,1.18957,1.188785310021349,1.191924069935953,8252,C_long
EURUSD,C,2020-11-26T16:45:00Z,buy,1.19092,1.190298372904936,1.1927848812851922,8258,C_long
EURUSD,C,2020-11-27T09:45:00Z,buy,1.19227,1.1916620273872751,1.1940939178381744,8261,C_long
EURUSD,C,2020-11-27T10:30:00Z,buy,1.19228,1.1916284575318055,1.1942346274045836,8256,C_long
EURUSD,C,2020-11-27T12:30:00Z,buy,1.19241,1.1918451166235264,1.1941046501294206,8250,C_long
EURUSD,C,2020-11-30T07:00:00Z,buy,1.1966,1.196162385751145,1.1979128427465655,8232,C_long
EURUSD,C,2020-12-01T11:30:00Z,buy,1.1963,1.1956366486365244,1.1982900540904264,8242,C_long
EURUSD,C,2020-12-02T12:45:00Z,buy,1.20594,1.204961623234619,1.2088751302961431,8189,C_long
EURUSD,C,2020-12-03T10:45:00Z,buy,1.21156,1.2106862105501794,1.2141813683494616,8170,C_long
EURUSD,C,2020-12-03T18:30:00Z,buy,1.21387,1.2130500018306691,1.2163299945079926,8171,C_long
EURUSD,C,2020-12-04T14:15:00Z,buy,1.21589,1.2147012081632054,1.2194563755103836,8173,C_long
EURUSD,C,2020-12-07T01:45:00Z,buy,1.2135,1.2129715619290915,1.2150853142127256,8181,C_long
EURUSD,C,2020-12-08T06:30:00Z,sell,1.21151,1.2118423970055066,1.2105128089834807,8190,C_short
EURUSD,C,2020-12-08T10:45:00Z,sell,1.21136,1.2122492378841379,1.2086922863475864,8188,C_short
EURUSD,C,2020-12-08T11:30:00Z,sell,1.21147,1.2123626327796893,1.2087921016609324,8180,C_short
EURUSD,C,2020-12-08T12:45:00Z,sell,1.21146,1.2123604386537206,1.2087586840388382,8174,C_short
EURUSD,C,2020-12-08T15:00:00Z,sell,1.2118,1.2128460894433049,1.2086617316700854,8165,C_short
EURUSD,C,2020-12-09T09:30:00Z,buy,1.21251,1.2117445030169631,1.2148064909491105,8152,C_long
EURUSD,C,2020-12-09T13:45:00Z,buy,1.21205,1.2112069608599354,1.214579117420194,8150,C_long
EURUSD,C,2020-12-10T06:30:00Z,sell,1.20871,1.2090910872306075,1.2075667383081772,8166,C_short
EURUSD,C,2020-12-10T09:00:00Z,sell,1.20868,1.2093243934439848,1.2067468196680455,8163,C_short
EURUSD,C,2020-12-10T11:15:00Z,sell,1.2091,1.2097663935315524,1.2071008194053432,8155,C_short
EURUSD,C,2020-12-14T01:30:00Z,buy,1.21279,1.2121895929907442,1.2145912210277674,8125,C_long
EURUSD,C,2020-12-14T17:00:00Z,buy,1.21544,1.2143862603978566,1.2186012188064306,8118,C_long
EURUSD,C,2020-12-14T21:15:00Z,buy,1.21514,1.214572033321432,1.2168439000357043,8113,C_long
EURUSD,C,2020-12-14T23:45:00Z,buy,1.21486,1.2144983479557248,1.215944956132826,8110,C_long
EURUSD,C,2020-12-15T05:45:00Z,buy,1.21547,1.2150465321353487,1.216740403593954,8112,C_long
EURUSD,C,2020-12-15T09:15:00Z,buy,1.2159,1.2150017194737375,1.2185948415787875,8106,C_long
EURUSD,C,2020-12-15T14:15:00Z,buy,1.21525,1.2141844675907258,1.2184465972278222,8104,C_long
EURUSD,C,2020-12-16T20:15:00Z,buy,1.21929,1.2176805755060867,1.22411827348174,8097,C_long
EURUSD,C,2020-12-18T01:30:00Z,buy,1.22577,1.2253254378513803,1.2271036864458593,8085,C_long
EURUSD,C,2020-12-18T06:30:00Z,buy,1.22536,1.2249543896635278,1.2265768310094167,8084,C_long
EURUSD,C,2020-12-18T08:00:00Z,buy,1.22558,1.2249750827349177,1.2273947517952464,8080,C_long
EURUSD,C,2020-12-18T10:15:00Z,buy,1.22527,1.2245131956619644,1.2275404130141072,8077,C_long
EURUSD,C,2020-12-18T20:45:00Z,buy,1.2246,1.224077725450644,1.2261668236480674,8076,C_long
EURUSD,C,2020-12-21T09:00:00Z,sell,1.22045,1.221719094950109,1.2166427151496728,8086,C_short
EURUSD,C,2020-12-22T03:30:00Z,buy,1.22286,1.2223939035489422,1.2242582893531737,8094,C_long
EURUSD,C,2020-12-22T09:00:00Z,buy,1.22249,1.221655277060333,1.2249941688190011,8093,C_long
EURUSD,C,2020-12-22T10:45:00Z,buy,1.223,1.2220274972867602,1.2259175081397198,8084,C_long
EURUSD,C,2020-12-23T00:00:00Z,sell,1.21779,1.2184097914924013,1.215930625522796,8111,C_short
EURUSD,C,2020-12-23T08:15:00Z,sell,1.21802,1.2187664345246068,1.2157806964261801,8121,C_short
EURUSD,C,2020-12-23T10:30:00Z,sell,1.21829,1.2191680009580197,1.2156559971259413,8114,C_short
EURUSD,C,2020-12-23T12:15:00Z,sell,1.21848,1.2193762134784838,1.2157913595645486,8106,C_short
EURUSD,C,2020-12-23T15:45:00Z,sell,1.21842,1.2199093974654072,1.2139518076037787,8100,C_short
EURUSD,C,2020-12-23T17:30:00Z,sell,1.2187,1.2198304134284574,1.2153087597146273,8087,C_short
EURUSD,C,2020-12-24T08:45:00Z,buy,1.22011,1.2195263818965913,1.221860854310226,8070,C_long
EURUSD,C,2020-12-24T11:00:00Z,buy,1.22003,1.2193733824399413,1.2219998526801759,8066,C_long
EURUSD,C,2020-12-25T07:15:00Z,sell,1.21883,1.2193824032514606,1.2171727902456184,8069,C_short
EURUSD,C,2020-12-27T22:00:00Z,sell,1.21914,1.2197789422054692,1.2172231733835919,8062,C_short
EURUSD,C,2020-12-28T00:00:00Z,sell,1.21884,1.219778084535927,1.2160257463922188,8059,C_short
EURUSD,C,2020-12-28T13:00:00Z,buy,1.22184,1.2209741863045358,1.2244374410863927,8032,C_long
EURUSD,C,2020-12-28T14:00:00Z,buy,1.22191,1.220999280692224,1.224642157923328,8025,C_long
EURUSD,C,2020-12-28T16:00:00Z,buy,1.22269,1.221678009986091,1.225725970041727,8014,C_long
EURUSD,C,2020-12-28T20:45:00Z,buy,1.22132,1.220712395819314,1.2231428125420578,8015,C_long
EURUSD,C,2020-12-28T21:30:00Z,buy,1.22129,1.2207056069970468,1.2230431790088596,8011,C_long
EURUSD,C,2020-12-29T15:30:00Z,buy,1.22578,1.224645610027865,1.229183169916405,7992,C_long
EURUSD,C,2020-12-29T16:00:00Z,buy,1.22529,1.2239872804209297,1.2291981587372107,7987,C_long
EURUSD,C,2020-12-29T18:45:00Z,buy,1.22458,1.2237729712663852,1.2270010862008445,7983,C_long
EURUSD,C,2020-12-30T10:00:00Z,buy,1.22727,1.226545422194072,1.2294437334177846,7980,C_long
EURUSD,C,2020-12-30T14:30:00Z,buy,1.22774,1.2265665022740142,1.2312604931779576,7990,C_long
EURUSD,C,2021-01-04T00:30:00Z,sell,1.2241,1.2248966246831714,1.2217101259504857,8006,C_short
EURUSD,C,2021-01-04T05:00:00Z,sell,1.22462,1.2251826261812684,1.222932121456195,7997,C_short
EURUSD,C,2021-01-04T06:00:00Z,sell,1.22461,1.2253052688664337,1.222524193400699,7992,C_short
EURUSD,C,2021-01-05T01:45:00Z,sell,1.22569,1.2261322107180517,1.2243633678458448,7980,C_short
EURUSD,C,2021-01-05T08:00:00Z,buy,1.22695,1.2261830631084638,1.2292508106746085,7968,C_long
EURUSD,C,2021-01-05T12:45:00Z,buy,1.22724,1.2264155031213766,1.2297134906358707,7961,C_long
EURUSD,C,2021-01-05T14:00:00Z,buy,1.22711,1.2262475701075821,1.2296972896772533,7956,C_long
EURUSD,C,2021-01-05T15:30:00Z,buy,1.22702,1.2259932593912457,1.2301002218262629,7950,C_long
EURUSD,C,2021-01-06T04:15:00Z,buy,1.22972,1.2287753313392096,1.232554005982371,7951,C_long
EURUSD,C,2021-01-06T18:45:00Z,buy,1.23099,1.2300329803062449,1.2338610590812655,7961,C_long
EURUSD,C,2021-01-06T19:30:00Z,buy,1.2312,1.230190562291206,1.2342283131263825,7952,C_long
EURUSD,C,2021-01-06T20:00:00Z,buy,1.23291,1.2316180223431723,1.236785932970483,7934,C_long
EURUSD,C,2021-01-07T18:45:00Z,sell,1.22741,1.2283001635380086,1.2247395093859736,7961,C_short
EURUSD,C,2021-01-08T06:45:00Z,sell,1.22633,1.2268576164886247,1.2247471505341256,7984,C_short
EURUSD,C,2021-01-08T07:15:00Z,sell,1.2262,1.2267873208292337,1.2244380375122987,7981,C_short
EURUSD,C,2021-01-08T14:45:00Z,sell,1.22501,1.226654871489795,1.220075385530615,7999,C_short
EURUSD,C,2021-01-11T08:15:00Z,sell,1.21923,1.2200961361088096,1.2166315916735713,8069,C_short
EURUSD,C,2021-01-11T17:45:00Z,sell,1.21669,1.2175173821091627,1.214207853672512,8102,C_short
EURUSD,C,2021-01-12T06:00:00Z,sell,1.21508,1.2155643390572644,1.2136269828282067,8128,C_short
EURUSD,C,2021-01-12T08:45:00Z,sell,1.21519,1.2160757224149858,1.2125328327550424,8123,C_short
EURUSD,C,2021-01-12T10:15:00Z,sell,1.21533,1.216494971745111,1.211835084764667,8116,C_short
EURUSD,C,2021-01-13T08:00:00Z,buy,1.22057,1.2198377345563929,1.222766796330821,8072,C_long
EURUSD,C,2021-01-14T00:30:00Z,sell,1.21642,1.2169728949382488,1.2147613151852539,8094,C_short
EURUSD,C,2021-01-14T02:15:00Z,sell,1.2149,1.2155652270392066,1.2129043188823807,8100,C_short
EURUSD,C,2021-01-14T09:15:00Z,sell,1.21529,1.2161732992073373,1.212640102377988,8092,C_short
EURUSD,C,2021-01-14T11:15:00Z,sell,1.2154,1.2161662001365119,1.2131013995904645,8085,C_short
EURUSD,C,2021-01-14T23:30:00Z,sell,1.21513,1.2155679342738062,1.2138161971785817,8101,C_short
EURUSD,C,2021-01-15T01:00:00Z,sell,1.21492,1.2154370878994099,1.2133687363017704,8099,C_short
EURUSD,C,2021-01-15T03:00:00Z,sell,1.21509,1.2155304329165884,1.213768701250235,8094,C_short
EURUSD,C,2021-01-18T07:15:00Z,sell,1.20797,1.2085150962829057,1.206334711151283,8149,C_short
EURUSD,C,2021-01-18T15:15:00Z,sell,1.20695,1.2075143882770474,1.2052568351688577,8167,C_short
EURUSD,C,2021-01-18T17:15:00Z,sell,1.20713,1.2076162844133584,1.2056711467599248,8161,C_short
EURUSD,C,2021-01-21T00:30:00Z,sell,1.21104,1.2113882924341584,1.2099951226975245,8130,C_short
EURUSD,C,2021-01-21T08:00:00Z,buy,1.21252,1.2118436447698053,1.2145490656905842,8117,C_long
EURUSD,C,2021-01-21T08:45:00Z,buy,1.2132,1.2123265266842258,1.2158204199473228,8108,C_long
EURUSD,C,2021-01-21T16:45:00Z,buy,1.21424,1.2131371946194929,1.2175484161415213,8117,C_long
EURUSD,C,2021-01-22T06:15:00Z,buy,1.21665,1.2162939631108363,1.2177181106674912,8122,C_long
EURUSD,C,2021-01-22T08:30:00Z,buy,1.21763,1.2168307929552165,1.2200276211343506,8113,C_long
EURUSD,C,2021-01-22T09:45:00Z,buy,1.21737,1.2163790364559293,1.2203428906322125,8108,C_long
EURUSD,C,2021-01-22T14:45:00Z,buy,1.2174,1.2164710421791511,1.2201868734625467,8101,C_long
EURUSD,C,2021-01-22T18:15:00Z,buy,1.21695,1.2162733245484343,1.218980026354697,8097,C_long
EURUSD,C,2021-01-24T23:30:00Z,buy,1.21687,1.2164019290111512,1.218274212966546,8092,C_long
EURUSD,C,2021-01-25T02:15:00Z,buy,1.21682,1.2163207158505593,1.218317852448322,8089,C_long
EURUSD,C,2021-01-26T02:45:00Z,sell,1.21423,1.2146114844624354,1.2130855466126935,8115,C_short
EURUSD,C,2021-01-26T09:00:00Z,sell,1.21311,1.2139641323926036,1.2105476028221889,8130,C_short
EURUSD,C,2021-01-26T16:45:00Z,sell,1.21462,1.2155513672905482,1.2118258981283554,8113,C_short
EURUSD,C,2021-01-27T02:45:00Z,buy,1.21591,1.215525432589227,1.217063702232319,8098,C_long
EURUSD,C,2021-01-27T05:30:00Z,buy,1.21624,1.2159130584245585,1.2172208247263243,8092,C_long
EURUSD,C,2021-01-27T18:00:00Z,sell,1.21135,1.2124301548750123,1.208109535374963,8122,C_short
EURUSD,C,2021-01-27T19:00:00Z,sell,1.2116,1.2126118195236588,1.2085645414290236,8112,C_short
EURUSD,C,2021-01-28T06:00:00Z,sell,1.20954,1.2101880006520729,1.2075959980437816,8146,C_short
EURUSD,C,2021-01-28T07:00:00Z,sell,1.20926,1.2100355225012118,1.2069334324963645,8142,C_short
EURUSD,C,2021-01-28T08:30:00Z,sell,1.20959,1.2106663770669785,1.2063608687990641,8134,C_short
EURUSD,C,2021-01-28T11:30:00Z,sell,1.20975,1.210636352972536,1.2070909410823927,8125,C_short
EURUSD,C,2021-01-28T12:30:00Z,sell,1.21019,1.2110880074518242,1.2074959776445278,8116,C_short
EURUSD,C,2021-01-28T22:00:00Z,buy,1.21264,1.212028750504688,1.2144737484859356,8092,C_long
EURUSD,C,2021-01-29T09:15:00Z,sell,1.21086,1.2116598325461323,1.2084605023616033,8101,C_short
EURUSD,C,2021-01-29T18:15:00Z,buy,1.21322,1.2121854175077622,1.2163237474767132,8079,C_long
EURUSD,C,2021-02-01T00:45:00Z,buy,1.21297,1.2123858463490014,1.2147224609529963,8073,C_long
EURUSD,C,2021-02-01T08:00:00Z,buy,1.21294,1.2123892107903502,1.214592367628949,8069,C_long
EURUSD,C,2021-02-02T04:45:00Z,sell,1.20756,1.2079447944433217,1.2064056166700348,8100,C_short
EURUSD,C,2021-02-02T06:00:00Z,sell,1.20746,1.2078566120075644,1.2062701639773066,8097,C_short
EURUSD,C,2021-02-02T09:30:00Z,sell,1.20682,1.207698788686054,1.2041836339418381,8098,C_short
EURUSD,C,2021-02-02T23:45:00Z,sell,1.20365,1.2040827069478819,1.2023518791563548,8137,C_short
EURUSD,C,2021-02-03T04:30:00Z,sell,1.20407,1.2043999282734044,1.2030802151797868,8130,C_short
EURUSD,C,2021-02-03T06:00:00Z,sell,1.20382,1.2041570661468903,1.2028088015593286,8129,C_short
EURUSD,C,2021-02-03T18:00:00Z,sell,1.20235,1.2029710814641135,1.2004867556076597,8145,C_short
EURUSD,C,2021-02-04T02:45:00Z,sell,1.20322,1.2036058232823024,1.2020625301530927,8134,C_short
EURUSD,C,2021-02-05T07:15:00Z,sell,1.19612,1.1964559311267742,1.1951122066196778,8190,C_short
EURUSD,C,2021-02-08T11:00:00Z,buy,1.20341,1.2027907208963233,1.2052678373110304,8137,C_long
EURUSD,C,2021-02-08T13:30:00Z,buy,1.20365,1.2028424603081216,1.2060726190756357,8131,C_long
EURUSD,C,2021-02-08T16:45:00Z,buy,1.20446,1.2035679007984303,1.2071362976047093,8141,C_long
EURUSD,C,2021-02-10T10:15:00Z,buy,1.21248,1.2117182523637742,1.2147652429086775,8104,C_long
EURUSD,C,2021-02-10T13:00:00Z,buy,1.21272,1.2120296352271873,1.2147910943184381,8096,C_long
EURUSD,C,2021-02-11T04:00:00Z,buy,1.21245,1.2121774454652838,1.2132676636041486,8093,C_long
EURUSD,C,2021-02-11T08:30:00Z,buy,1.21242,1.2119665581499384,1.2137803255501851,8091,C_long
EURUSD,C,2021-02-11T18:15:00Z,buy,1.21311,1.212516300332346,1.2148910990029615,8094,C_long
EURUSD,C,2021-02-12T05:45:00Z,buy,1.21313,1.2128515302310687,1.213965409306794,8090,C_long
EURUSD,C,2021-02-12T20:00:00Z,sell,1.21135,1.2117380917890546,1.210185724632836,8099,C_short
EURUSD,C,2021-02-15T13:15:00Z,buy,1.21326,1.212734661959327,1.2148360141220187,8083,C_long
EURUSD,C,2021-02-15T15:45:00Z,buy,1.21314,1.2126546091367967,1.2145961725896104,8080,C_long
EURUSD,C,2021-02-15T23:45:00Z,buy,1.2132,1.2129099119709026,1.2140702640872925,8075,C_long
EURUSD,C,2021-02-16T06:45:00Z,buy,1.21394,1.2135742268040972,1.2150373195877084,8075,C_long
EURUSD,C,2021-02-16T08:00:00Z,buy,1.21415,1.2135847351345168,1.2158457945964498,8071,C_long
EURUSD,C,2021-02-18T01:00:00Z,sell,1.20472,1.2051117045713442,1.2035448862859675,8129,C_short
EURUSD,C,2021-02-21T22:00:00Z,buy,1.21219,1.2117290010383646,1.2135729968849067,8076,C_long
EURUSD,C,2021-02-21T23:30:00Z,buy,1.2123,1.2118172081622374,1.2137483755132876,8071,C_long
EURUSD,C,2021-02-22T04:00:00Z,buy,1.21216,1.2117271405209113,1.2134585784372656,8068,C_long
EURUSD,C,2021-02-22T08:00:00Z,buy,1.21196,1.211354393707313,1.2137768188780607,8066,C_long
EURUSD,C,2021-02-22T10:00:00Z,buy,1.21163,1.2107310746817275,1.2143267759548175,8063,C_long
EURUSD,C,2021-02-23T15:15:00Z,buy,1.21591,1.2149055563285982,1.2189233310142056,8052,C_long
EURUSD,C,2021-02-23T18:45:00Z,buy,1.21534,1.2146918336661459,1.2172844990015628,8048,C_long
EURUSD,C,2021-02-23T23:30:00Z,buy,1.21529,1.2147440437782897,1.2169278686651308,8044,C_long
EURUSD,C,2021-02-24T06:30:00Z,buy,1.21554,1.2151266481588385,1.2167800555234847,8038,C_long
EURUSD,C,2021-02-24T10:30:00Z,buy,1.21565,1.2148666729297832,1.21799998121065,8044,C_long
EURUSD,C,2021-02-24T17:45:00Z,sell,1.21417,1.2149887390583665,1.2117137828249005,8048,C_short
EURUSD,C,2021-02-26T16:00:00Z,sell,1.21137,1.2130553552903527,1.2063139341289422,8061,C_short
EURUSD,C,2021-03-01T00:45:00Z,sell,1.20916,1.2099183722060634,1.20688488338181,8108,C_short
EURUSD,C,2021-03-01T17:15:00Z,sell,1.20549,1.2063996304977784,1.2027611085066645,8147,C_short
EURUSD,C,2021-03-02T13:30:00Z,sell,1.20227,1.2030264108581592,1.2000007674255222,8187,C_short
EURUSD,C,2021-03-03T06:30:00Z,buy,1.20816,1.2078662687495048,1.2090411937514853,8141,C_long
EURUSD,C,2021-03-03T09:00:00Z,buy,1.20831,1.2074939956907853,1.210758012927644,8145,C_long
EURUSD,C,2021-03-03T18:00:00Z,buy,1.20733,1.206558411161057,1.209644766516829,8167,C_long
EURUSD,C,2021-03-03T20:00:00Z,buy,1.20722,1.2065542908229543,1.209217127531137,8162,C_long
EURUSD,C,2021-03-04T06:30:00Z,sell,1.2056,1.2060874146520768,1.2041377560437696,8168,C_short
EURUSD,C,2021-03-04T07:00:00Z,sell,1.20562,1.2061668136720043,1.2039795589839868,8164,C_short
EURUSD,C,2021-03-04T17:00:00Z,sell,1.20395,1.2048881515551952,1.2011355453344146,8185,C_short
EURUSD,C,2021-03-08T00:00:00Z,sell,1.19199,1.192614013186992,1.1901179604390244,8260,C_short
EURUSD,C,2021-03-08T01:15:00Z,sell,1.19209,1.1926993630264862,1.190261910920542,8255,C_short
EURUSD,C,2021-03-08T02:15:00Z,sell,1.19142,1.1920638845906066,1.1894883462281798,8255,C_short
EURUSD,C,2021-03-09T05:30:00Z,sell,1.18553,1.1860118744228925,1.1840843767313225,8308,C_short
EURUSD,C,2021-03-09T15:45:00Z,sell,1.18856,1.1895478836490039,1.1855963490529886,8283,C_short
EURUSD,C,2021-03-10T00:00:00Z,sell,1.18918,1.1895998181276917,1.1879205456169246,8271,C_short
EURUSD,C,2021-03-10T01:30:00Z,sell,1.18855,1.1890760122229558,1.1869719633311326,8272,C_short
EURUSD,C,2021-03-10T08:00:00Z,sell,1.18779,1.1883770665849722,1.186028800245083,8287,C_short
EURUSD,C,2021-03-10T11:30:00Z,sell,1.18866,1.1893132543301281,1.1867002370096158,8276,C_short
EURUSD,C,2021-03-10T12:45:00Z,sell,1.18852,1.1892530435160444,1.1863208694518668,8272,C_short
EURUSD,C,2021-03-10T13:15:00Z,sell,1.18873,1.1895677082409402,1.1862168752771798,8264,C_short
EURUSD,C,2021-03-10T15:45:00Z,buy,1.18958,1.18843727784112,1.19300816647664,8252,C_long
EURUSD,C,2021-03-11T06:15:00Z,buy,1.19231,1.1919311915577693,1.193446425326692,8256,C_long
EURUSD,C,2021-03-11T15:30:00Z,buy,1.19476,1.1933722052772513,1.1989233841682463,8246,C_long
EURUSD,C,2021-03-15T03:30:00Z,buy,1.19529,1.1947134501002128,1.1970196496993615,8270,C_long
EURUSD,C,2021-03-15T16:30:00Z,sell,1.1929,1.1938503403460892,1.1900489789617328,8282,C_short
EURUSD,C,2021-03-16T06:00:00Z,sell,1.19277,1.1931562475631088,1.191611257310674,8276,C_short
EURUSD,C,2021-03-16T06:30:00Z,sell,1.19273,1.193191048169624,1.1913468554911284,8272,C_short
EURUSD,C,2021-03-16T12:45:00Z,sell,1.19228,1.1931862799000865,1.1895611602997405,8272,C_short
EURUSD,C,2021-03-17T07:15:00Z,sell,1.18975,1.190153144275883,1.1885405671723512,8307,C_short
EURUSD,C,2021-03-17T11:00:00Z,sell,1.19036,1.190958419735675,1.1885647407929751,8300,C_short
EURUSD,C,2021-03-17T13:45:00Z,sell,1.19011,1.1908401862704885,1.1879194411885345,8297,C_short
EURUSD,C,2021-03-17T15:30:00Z,sell,1.1904,1.1910044256299481,1.1885867231101552,8289,C_short
EURUSD,C,2021-03-18T04:30:00Z,buy,1.19603,1.1955018219861577,1.1976145340415265,8245,C_long
EURUSD,C,2021-03-19T05:00:00Z,sell,1.19139,1.1918110475884975,1.1901268572345072,8287,C_short
EURUSD,C,2021-03-19T06:00:00Z,sell,1.19157,1.1919870804972854,1.1903187585081438,8282,C_short
EURUSD,C,2021-03-19T09:00:00Z,sell,1.19181,1.1924996816575395,1.1897409550273816,8277,C_short
EURUSD,C,2021-03-19T20:00:00Z,sell,1.19044,1.190868862897047,1.1891534113088589,8300,C_short
EURUSD,C,2021-03-22T04:45:00Z,sell,1.18934,1.1897293574040115,1.1881719277879657,8330,C_short
EURUSD,C,2021-03-22T06:00:00Z,sell,1.18889,1.1893340646039279,1.1875578061882164,8329,C_short
EURUSD,C,2021-03-23T02:00:00Z,buy,1.19298,1.19248819944773,1.1944554016568094,8309,C_long
EURUSD,C,2021-03-23T03:45:00Z,buy,1.19317,1.1927312069376077,1.1944863791871771,8304,C_long
EURUSD,C,2021-03-23T07:00:00Z,buy,1.19286,1.192389802840992,1.194270591477024,8302,C_long
EURUSD,C,2021-03-24T09:30:00Z,sell,1.18339,1.1844381749473114,1.1802454751580655,8364,C_short
EURUSD,C,2021-03-25T10:15:00Z,sell,1.18156,1.182176440493009,1.1797106785209726,8399,C_short
EURUSD,C,2021-03-26T02:15:00Z,sell,1.1779,1.178377597706538,1.1764672068803856,8437,C_short
EURUSD,C,2021-03-26T07:00:00Z,sell,1.17781,1.1782277379542505,1.1765567861372486,8434,C_short
EURUSD,C,2021-03-26T08:00:00Z,sell,1.17785,1.178458993060965,1.1760230208171052,8430,C_short
EURUSD,C,2021-03-26T10:45:00Z,sell,1.1782,1.178836024220603,1.1762919273381904,8422,C_short
EURUSD,C,2021-03-26T18:00:00Z,sell,1.1786,1.179227238807762,1.1767182835767143,8414,C_short
EURUSD,C,2021-03-28T23:00:00Z,sell,1.17882,1.1791531590271933,1.17782052291842,8407,C_short
EURUSD,C,2021-03-29T03:00:00Z,sell,1.17865,1.1790979284577443,1.177306214626767,8415,C_short
EURUSD,C,2021-03-29T08:00:00Z,sell,1.17776,1.1784121156689444,1.1758036529931664,8430,C_short
EURUSD,C,2021-03-29T13:45:00Z,sell,1.17775,1.1785091049405012,1.1754726851784967,8424,C_short
EURUSD,C,2021-03-29T14:45:00Z,sell,1.17633,1.1772729940978897,1.1735010177063314,8428,C_short
EURUSD,C,2021-03-29T15:45:00Z,sell,1.17779,1.1786902736677494,1.1750891789967515,8411,C_short
EURUSD,C,2021-03-31T10:00:00Z,sell,1.17241,1.1731066860008093,1.170319941997572,8468,C_short
EURUSD,C,2021-03-31T12:00:00Z,sell,1.17245,1.1731823208437389,1.1702530374687834,8462,C_short
EURUSD,C,2021-03-31T18:00:00Z,sell,1.17352,1.1742793978163772,1.1712418065508678,8448,C_short
EURUSD,C,2021-04-01T08:45:00Z,sell,1.17275,1.173632416025282,1.1701027519241538,8447,C_short
EURUSD,C,2021-04-02T07:15:00Z,buy,1.1776,1.177158604542885,1.1789241863713449,8406,C_long
EURUSD,C,2021-04-04T23:15:00Z,buy,1.17633,1.1759487665357506,1.1774737003927485,8411,C_long
EURUSD,C,2021-04-06T02:30:00Z,buy,1.18061,1.180242584066903,1.1817122477992905,8377,C_long
EURUSD,C,2021-04-06T04:15:00Z,buy,1.18063,1.180308452616112,1.181594642151664,8374,C_long
EURUSD,C,2021-04-06T07:15:00Z,buy,1.18086,1.180226393113721,1.1827608206588374,8378,C_long
EURUSD,C,2021-04-06T08:45:00Z,buy,1.18135,1.1803904654282662,1.184228603715201,8369,C_long
EURUSD,C,2021-04-06T10:30:00Z,buy,1.18089,1.180071173057864,1.1833464808264083,8365,C_long
EURUSD,C,2021-04-07T08:30:00Z,buy,1.18755,1.1867617906291625,1.1899146281125128,8334,C_long
EURUSD,C,2021-04-07T16:30:00Z,buy,1.1885,1.1876569005775368,1.1910292982673891,8343,C_long
EURUSD,C,2021-04-08T03:00:00Z,buy,1.18734,1.1869779604836463,1.1884261185490612,8345,C_long
EURUSD,C,2021-04-08T04:45:00Z,buy,1.18726,1.187005883539334,1.188022349381998,8342,C_long
EURUSD,C,2021-04-08T06:30:00Z,buy,1.18726,1.1868913775288474,1.1883658674134576,8346,C_long
EURUSD,C,2021-04-08T11:15:00Z,buy,1.18762,1.1869844492037986,1.1895266523886037,8351,C_long
EURUSD,C,2021-04-09T01:45:00Z,buy,1.19104,1.1906273691788596,1.1922778924634216,8339,C_long
EURUSD,C,2021-04-09T14:30:00Z,buy,1.1892,1.1882860906791914,1.1919417279624258,8348,C_long
EURUSD,C,2021-04-09T15:45:00Z,buy,1.18961,1.1888024689732333,1.1920325930803004,8338,C_long
EURUSD,C,2021-04-12T19:30:00Z,buy,1.19068,1.1901928314135861,1.1921415057592415,8325,C_long
EURUSD,C,2021-04-13T07:30:00Z,buy,1.19025,1.1895718262837796,1.1922845211486615,8323,C_long
EURUSD,C,2021-04-13T08:30:00Z,buy,1.19022,1.1895190676640204,1.192322797007939,8318,C_long
EURUSD,C,2021-04-13T09:15:00Z,buy,1.19027,1.189579881972697,1.1923403540819086,8312,C_long
EURUSD,C,2021-04-13T12:30:00Z,buy,1.19264,1.1913136416578483,1.196619075026455,8290,C_long
EURUSD,C,2021-04-14T10:15:00Z,buy,1.19592,1.1952434840150554,1.197949547954834,8294,C_long
EURUSD,C,2021-04-14T11:30:00Z,buy,1.19585,1.1952140089684307,1.1977579730947083,8289,C_long
EURUSD,C,2021-04-15T06:00:00Z,buy,1.19761,1.1972462956543912,1.1987011130368266,8290,C_long
EURUSD,C,2021-04-15T13:45:00Z,buy,1.19754,1.1966093290077713,1.2003320129766863,8297,C_long
EURUSD,C,2021-04-15T16:30:00Z,buy,1.19731,1.1965442791488272,1.1996071625535187,8291,C_long
EURUSD,C,2021-04-15T18:00:00Z,buy,1.19721,1.1965366857300694,1.1992299428097921,8286,C_long
EURUSD,C,2021-04-15T21:15:00Z,buy,1.1971,1.1966525722876225,1.1984422831371329,8281,C_long
EURUSD,C,2021-04-16T00:00:00Z,buy,1.19718,1.1968652407531717,1.1981242777404846,8278,C_long
EURUSD,C,2021-04-16T05:00:00Z,buy,1.19639,1.1960658847389367,1.1973623457831901,8280,C_long
EURUSD,C,2021-04-16T06:30:00Z,buy,1.19645,1.1959466108954393,1.1979601673136822,8277,C_long
EURUSD,C,2021-04-16T07:00:00Z,buy,1.19664,1.1960284766281297,1.1984745701156105,8272,C_long
EURUSD,C,2021-04-16T15:45:00Z,buy,1.19785,1.197183605529969,1.1998491834100935,8275,C_long
EURUSD,C,2021-04-20T11:00:00Z,buy,1.20548,1.2047278934397245,1.2077363196808268,8218,C_long
EURUSD,C,2021-04-20T14:15:00Z,buy,1.20536,1.2044977821284335,1.2079466536146994,8212,C_long
EURUSD,C,2021-04-21T00:15:00Z,buy,1.20375,1.2033612564217402,1.2049162307347798,8217,C_long
EURUSD,C,2021-04-21T01:30:00Z,buy,1.20409,1.203564491194202,1.2056665264173942,8211,C_long
EURUSD,C,2021-04-21T06:00:00Z,buy,1.20344,1.2030279787249032,1.2046760638252907,8211,C_long
EURUSD,C,2021-04-22T05:30:00Z,buy,1.20349,1.2031610416700251,1.2044768749899244,8208,C_long
EURUSD,C,2021-04-22T06:15:00Z,buy,1.20354,1.2031261862367542,1.2047814412897377,8204,C_long
EURUSD,C,2021-04-22T09:30:00Z,buy,1.20362,1.2029847698659113,1.2055256904022658,8211,C_long
EURUSD,C,2021-04-26T07:00:00Z,buy,1.21008,1.209332830463659,1.212321508609023,8180,C_long
EURUSD,C,2021-04-26T08:45:00Z,buy,1.20996,1.2091978803027168,1.2122463590918493,8175,C_long
EURUSD,C,2021-04-26T16:45:00Z,buy,1.2089,1.2083289542581708,1.210613137225488,8176,C_long
EURUSD,C,2021-04-26T18:00:00Z,buy,1.20874,1.2082992891698818,1.2100621324903542,8173,C_long
EURUSD,C,2021-04-27T15:30:00Z,buy,1.2078,1.207072064472732,1.209983806581804,8175,C_long
EURUSD,C,2021-04-27T17:00:00Z,buy,1.20781,1.2071963357178,1.2096509928466004,8170,C_long
EURUSD,C,2021-04-28T08:15:00Z,sell,1.20747,1.2081688056162108,1.2053735831513679,8167,C_short
EURUSD,C,2021-04-29T10:45:00Z,buy,1.21228,1.2116208268159552,1.2142575195521346,8129,C_long
EURUSD,C,2021-04-29T17:00:00Z,buy,1.21211,1.2114154988817245,1.2141935033548266,8126,C_long
EURUSD,C,2021-04-29T18:30:00Z,buy,1.21207,1.211533598676262,1.2136792039712136,8121,C_long
EURUSD,C,2021-05-03T23:15:00Z,sell,1.20574,1.2059776994199016,1.2050269017402953,8159,C_short
EURUSD,C,2021-05-04T00:00:00Z,sell,1.20545,1.2057240875927477,1.2046277372217564,8158,C_short
EURUSD,C,2021-05-04T15:00:00Z,sell,1.2008,1.2020015524917014,1.1971953425248962,8187,C_short
EURUSD,C,2021-05-05T05:00:00Z,sell,1.20186,1.2021028970787644,1.2011313087637066,8171,C_short
EURUSD,C,2021-05-05T11:45:00Z,sell,1.20092,1.201535263002631,1.1990742109921069,8182,C_short
EURUSD,C,2021-05-07T07:00:00Z,buy,1.20818,1.2074873009811806,1.2102580970564583,8128,C_long
EURUSD,C,2021-05-07T12:30:00Z,buy,1.21254,1.2109403969967747,1.2173388090096757,8093,C_long
EURUSD,C,2021-05-10T05:00:00Z,buy,1.21568,1.2153084423859868,1.21679467284204,8061,C_long
EURUSD,C,2021-05-10T06:00:00Z,buy,1.21567,1.2152372403552822,1.2169682789341534,8058,C_long
EURUSD,C,2021-05-10T08:15:00Z,buy,1.21589,1.214981420199105,1.2186157394026849,8053,C_long
EURUSD,C,2021-05-11T02:30:00Z,buy,1.21445,1.213976078062055,1.2158717658138352,8056,C_long
EURUSD,C,2021-05-11T04:30:00Z,buy,1.21439,1.2140084163266205,1.2155347510201389,8052,C_long
EURUSD,C,2021-05-11T07:30:00Z,buy,1.21428,1.2134987787960916,1.2166236636117254,8050,C_long
EURUSD,C,2021-05-11T13:30:00Z,buy,1.21614,1.2150648889841262,1.2193653330476213,8052,C_long
EURUSD,C,2021-05-12T07:45:00Z,sell,1.21335,1.214061837165071,1.2112144885047864,8063,C_short
EURUSD,C,2021-05-12T13:15:00Z,sell,1.20937,1.2114638599882532,1.2030884200352405,8103,C_short
EURUSD,C,2021-05-17T01:15:00Z,buy,1.21364,1.2132038782181356,1.2149483653455935,8060,C_long
EURUSD,C,2021-05-17T03:00:00Z,buy,1.21365,1.2132681449083293,1.2147955652750115,8056,C_long
EURUSD,C,2021-05-17T06:15:00Z,buy,1.21338,1.2129274862164663,1.2147375413506007,8054,C_long
EURUSD,C,2021-05-17T12:30:00Z,buy,1.21467,1.2138389140215078,1.2171632579354763,8054,C_long
EURUSD,C,2021-05-17T13:00:00Z,buy,1.21442,1.2135925620872658,1.2169023137382027,8049,C_long
EURUSD,C,2021-05-19T13:30:00Z,buy,1.22321,1.2222633267661343,1.2260500197015969,8007,C_long
EURUSD,C,2021-05-19T15:15:00Z,buy,1.22189,1.2209128898506232,1.2248213304481301,8009,C_long
EURUSD,C,2021-05-20T06:45:00Z,sell,1.21846,1.2190720214125332,1.2166239357624007,8024,C_short
EURUSD,C,2021-05-20T09:15:00Z,sell,1.21856,1.2192448963454663,1.2165053109636015,8019,C_short
EURUSD,C,2021-05-21T07:15:00Z,buy,1.22327,1.222627441003539,1.2251976769893835,7983,C_long
EURUSD,C,2021-05-21T09:15:00Z,buy,1.2228,1.2220464835692753,1.2250605492921747,7981,C_long
EURUSD,C,2021-05-24T16:30:00Z,buy,1.22108,1.2203526710084074,1.2232619869747776,7987,C_long
EURUSD,C,2021-05-25T17:15:00Z,buy,1.22434,1.2236453341210691,1.2264239976367926,7979,C_long
EURUSD,C,2021-05-26T14:15:00Z,buy,1.22386,1.2230915437361303,1.226165368791609,7977,C_long
EURUSD,C,2021-05-27T06:15:00Z,sell,1.21872,1.2192636805328134,1.2170889584015598,8005,C_short
EURUSD,C,2021-05-27T08:45:00Z,sell,1.21824,1.2192316588953676,1.2152650233138973,8004,C_short
EURUSD,C,2021-05-27T11:45:00Z,sell,1.21962,1.2203304075254626,1.2174887774236118,7988,C_short
EURUSD,C,2021-05-27T15:15:00Z,sell,1.21888,1.219835167867777,1.2160144963966688,7988,C_short
EURUSD,C,2021-05-27T19:00:00Z,sell,1.21956,1.220097209874063,1.217948370377811,7976,C_short
EURUSD,C,2021-05-28T09:30:00Z,sell,1.21868,1.2193738267506897,1.2165985197479308,7992,C_short
EURUSD,C,2021-05-30T23:45:00Z,sell,1.21892,1.219255248940473,1.2179142531785807,8003,C_short
EURUSD,C,2021-05-31T06:00:00Z,buy,1.21964,1.219292681207021,1.220681956378937,7995,C_long
EURUSD,C,2021-05-31T07:45:00Z,sell,1.21911,1.2197169180824619,1.217289245752614,7996,C_short
EURUSD,C,2021-06-01T06:15:00Z,buy,1.22287,1.2223801524355338,1.2243395426933983,7967,C_long
EURUSD,C,2021-06-01T08:45:00Z,buy,1.22299,1.222084613228348,1.225706160314956,7962,C_long
EURUSD,C,2021-06-01T13:15:00Z,buy,1.22288,1.222174909321377,1.224995272035869,7956,C_long
EURUSD,C,2021-06-02T00:15:00Z,buy,1.22238,1.2220527967570827,1.223361609728752,7972,C_long
EURUSD,C,2021-06-02T01:00:00Z,buy,1.22227,1.2219194146593513,1.223321756021946,7970,C_long
EURUSD,C,2021-06-02T02:15:00Z,buy,1.22243,1.222049936865336,1.2235701894039919,7966,C_long
EURUSD,C,2021-06-03T01:45:00Z,sell,1.22056,1.220887751768765,1.2195767446937051,7975,C_short
EURUSD,C,2021-06-03T10:30:00Z,sell,1.21902,1.2197724697923942,1.2167625906228174,7991,C_short
EURUSD,C,2021-06-04T12:15:00Z,sell,1.2115,1.212079435517024,1.2097616934489284,8055,C_short
EURUSD,C,2021-06-07T07:30:00Z,buy,1.21634,1.2157070973082025,1.2182387080753925,8018,C_long
EURUSD,C,2021-06-07T08:45:00Z,buy,1.21619,1.2154966248965986,1.2182701253102046,8014,C_long
EURUSD,C,2021-06-07T09:30:00Z,buy,1.21609,1.2153756814512078,1.2182329556463762,8010,C_long
EURUSD,C,2021-06-07T11:15:00Z,buy,1.21631,1.2157218467108855,1.2180744598673436,8003,C_long
EURUSD,C,2021-06-08T01:00:00Z,buy,1.21891,1.218552630849766,1.2199821074507016,7997,C_long
EURUSD,C,2021-06-08T11:00:00Z,buy,1.21812,1.2175069648242702,1.2199591055271897,7999,C_long
EURUSD,C,2021-06-08T12:00:00Z,buy,1.21816,1.2175725709105378,1.2199222872683861,7994,C_long
EURUSD,C,2021-06-08T13:00:00Z,buy,1.21819,1.2175255073140914,1.2201834780577263,7990,C_long
EURUSD,C,2021-06-08T13:45:00Z,buy,1.21825,1.2174919524649064,1.220524142605281,7984,C_long
EURUSD,C,2021-06-08T18:15:00Z,buy,1.21802,1.2176574857582971,1.219107542725109,7980,C_long
EURUSD,C,2021-06-09T00:15:00Z,buy,1.21765,1.2174300703901233,1.2183097888296297,7979,C_long
EURUSD,C,2021-06-09T01:30:00Z,buy,1.21774,1.217509562594713,1.2184313122158612,7976,C_long
EURUSD,C,2021-06-09T06:00:00Z,buy,1.21802,1.2177689901326705,1.218773029601989,7978,C_long
EURUSD,C,2021-06-09T07:15:00Z,buy,1.21818,1.2177563836488292,1.2194508490535125,7975,C_long
EURUSD,C,2021-06-10T13:15:00Z,sell,1.21482,1.2164981766301433,1.2097854701095703,7993,C_short
EURUSD,C,2021-06-10T14:45:00Z,sell,1.21714,1.2185904060525183,1.2127887818424454,7966,C_short
EURUSD,C,2021-06-11T07:30:00Z,buy,1.2182,1.2176247834439318,1.2199256496682045,7949,C_long
EURUSD,C,2021-06-14T18:15:00Z,sell,1.2118,1.212132392167083,1.210802823498751,7987,C_short
EURUSD,C,2021-06-14T20:30:00Z,sell,1.21182,1.2120679105194214,1.2110762684417353,7983,C_short
EURUSD,C,2021-06-15T00:00:00Z,sell,1.21176,1.2120320599406185,1.2109438201781444,7982,C_short
EURUSD,C,2021-06-15T01:00:00Z,sell,1.21175,1.2120692873869434,1.2107921378391702,7979,C_short
EURUSD,C,2021-06-15T03:00:00Z,sell,1.21195,1.21231042201875,1.2108687339437505,7975,C_short
EURUSD,C,2021-06-15T09:00:00Z,sell,1.21216,1.212772564774767,1.2103223056756989,7971,C_short
EURUSD,C,2021-06-15T14:30:00Z,sell,1.21189,1.2126760029378336,1.2095319911864988,7968,C_short
EURUSD,C,2021-06-15T15:45:00Z,sell,1.21192,1.212625911688951,1.2098022649331472,7962,C_short
EURUSD,C,2021-06-15T19:00:00Z,sell,1.21228,1.212658051310987,1.211145846067039,7954,C_short
EURUSD,C,2021-06-15T21:00:00Z,sell,1.21238,1.2126763100863138,1.2114910697410586,7950,C_short
EURUSD,C,2021-06-15T23:15:00Z,sell,1.21245,1.212652024249922,1.2118439272502344,7948,C_short
EURUSD,C,2021-06-16T00:45:00Z,sell,1.21226,1.2124871140159332,1.2115786579521999,7948,C_short
EURUSD,C,2021-06-16T03:45:00Z,sell,1.21227,1.2125120676981218,1.2115437969056344,7945,C_short
EURUSD,C,2021-06-16T07:00:00Z,sell,1.21222,1.212727920349443,1.2106962389516713,7943,C_short
EURUSD,C,2021-06-16T07:30:00Z,sell,1.21251,1.213119326840248,1.2106820194792558,7937,C_short
EURUSD,C,2021-06-16T09:15:00Z,sell,1.21221,1.2127792836136961,1.2105021491589116,7935,C_short
EURUSD,C,2021-06-18T04:00:00Z,sell,1.1918,1.1921759165226384,1.1906722504320846,8081,C_short
EURUSD,C,2021-06-18T08:45:00Z,sell,1.19127,1.1922260327999696,1.1884019016000913,8092,C_short
EURUSD,C,2021-06-21T07:00:00Z,sell,1.18622,1.1871052507801942,1.1835642476594175,8145,C_short
EURUSD,C,2021-06-22T00:00:00Z,sell,1.19087,1.1912416530354182,1.1897550408937458,8106,C_short
EURUSD,C,2021-06-22T00:30:00Z,sell,1.19076,1.1911638638354918,1.1895484084935248,8104,C_short
EURUSD,C,2021-06-22T04:30:00Z,sell,1.19066,1.1910270721196516,1.1895587836410453,8101,C_short
EURUSD,C,2021-06-22T07:45:00Z,sell,1.19017,1.1909530367661019,1.1878208897016942,8111,C_short
EURUSD,C,2021-06-22T14:45:00Z,sell,1.18991,1.1907887161302735,1.1872738516091796,8107,C_short
EURUSD,C,2021-06-23T05:45:00Z,buy,1.19265,1.1922689789160918,1.1937930632517244,8082,C_long
EURUSD,C,2021-06-23T07:30:00Z,buy,1.19342,1.1925766371879742,1.195950088436077,8073,C_long
EURUSD,C,2021-06-24T06:15:00Z,buy,1.19328,1.1928126494622233,1.1946820516133296,8090,C_long
EURUSD,C,2021-06-24T09:30:00Z,buy,1.19393,1.1931976291965003,1.1961271124104988,8082,C_long
EURUSD,C,2021-06-24T19:00:00Z,buy,1.19352,1.1930163819389985,1.1950308541830041,8079,C_long
EURUSD,C,2021-06-25T01:00:00Z,buy,1.19373,1.193428605125627,1.1946341846231185,8074,C_long
EURUSD,C,2021-06-27T23:00:00Z,buy,1.19394,1.1935926144502684,1.1949821566491947,8078,C_long
EURUSD,C,2021-06-28T06:30:00Z,sell,1.19308,1.1934731099413358,1.1919006701759922,8080,C_short
EURUSD,C,2021-06-28T08:15:00Z,sell,1.19291,1.1935643026847473,1.1909470919457577,8078,C_short
EURUSD,C,2021-06-28T11:00:00Z,sell,1.19311,1.1937027026787723,1.1913318919636826,8072,C_short
EURUSD,C,2021-06-28T14:45:00Z,sell,1.19261,1.1936005833593157,1.1896382499220526,8086,C_short
EURUSD,C,2021-06-28T16:30:00Z,sell,1.19214,1.1929338259123443,1.189758522262967,8082,C_short
EURUSD,C,2021-06-29T00:00:00Z,sell,1.19251,1.1927777886666016,1.1917066340001952,8073,C_short
EURUSD,C,2021-06-29T06:30:00Z,sell,1.19178,1.1921808790718043,1.1905773627845875,8083,C_short
EURUSD,C,2021-06-29T07:00:00Z,sell,1.19135,1.191852615836155,1.1898421524915344,8082,C_short
EURUSD,C,2021-06-29T16:15:00Z,sell,1.19031,1.191035099458144,1.188134701625568,8099,C_short
EURUSD,C,2021-07-01T07:30:00Z,sell,1.18505,1.1856998251700122,1.1831005244899633,8148,C_short
EURUSD,C,2021-07-01T14:00:00Z,sell,1.18602,1.1869478961427127,1.1832363115718623,8137,C_short
EURUSD,C,2021-07-01T15:00:00Z,sell,1.18555,1.186534820182361,1.1825955394529177,8133,C_short
EURUSD,C,2021-07-02T13:30:00Z,sell,1.18307,1.1845003329823458,1.1787790010529628,8169,C_short
EURUSD,C,2021-07-02T14:00:00Z,sell,1.18335,1.1848317167734062,1.1789048496797812,8157,C_short
EURUSD,C,2021-07-05T01:15:00Z,buy,1.1861,1.185654286600079,1.1874371401997628,8127,C_long
EURUSD,C,2021-07-05T03:00:00Z,buy,1.18565,1.1852759848924763,1.1867720453225714,8126,C_long
EURUSD,C,2021-07-05T04:45:00Z,buy,1.18569,1.1854010749752377,1.1865567750742865,8123,C_long
EURUSD,C,2021-07-05T06:00:00Z,buy,1.18562,1.1852388932751023,1.1867633201746925,8121,C_long
EURUSD,C,2021-07-05T07:30:00Z,buy,1.18677,1.1860532082111654,1.188920375366504,8109,C_long
EURUSD,C,2021-07-05T12:30:00Z,buy,1.18662,1.1860559427085031,1.1883121718744907,8105,C_long
EURUSD,C,2021-07-05T13:45:00Z,buy,1.18651,1.1859995972820652,1.1880412081538043,8101,C_long
EURUSD,C,2021-07-05T15:00:00Z,buy,1.18647,1.1859556540492506,1.1880130378522478,8097,C_long
EURUSD,C,2021-07-06T01:45:00Z,buy,1.18655,1.1861615843283737,1.1877152470148788,8092,C_long
EURUSD,C,2021-07-07T04:30:00Z,sell,1.18242,1.1826965555897713,1.1815903332306863,8128,C_short
EURUSD,C,2021-07-07T06:00:00Z,sell,1.18252,1.1830275790248304,1.180997262925509,8125,C_short
EURUSD,C,2021-07-07T07:00:00Z,sell,1.1819,1.182580227645001,1.1798593170649967,8125,C_short
EURUSD,C,2021-07-07T08:15:00Z,sell,1.18248,1.1832988588022986,1.1800234235931042,8115,C_short
EURUSD,C,2021-07-07T12:30:00Z,sell,1.18235,1.1831358840725203,1.179992347782439,8110,C_short
EURUSD,C,2021-07-07T18:30:00Z,sell,1.18074,1.181512298319988,1.1784231050400358,8136,C_short
EURUSD,C,2021-07-08T06:30:00Z,sell,1.17966,1.1801588174193123,1.1781635477420629,8158,C_short
EURUSD,C,2021-07-09T01:00:00Z,buy,1.18413,1.18368730268732,1.1854580919380395,8123,C_long
EURUSD,C,2021-07-09T07:45:00Z,buy,1.18401,1.183340088260768,1.1860197352176958,8120,C_long
EURUSD,C,2021-07-09T09:30:00Z,buy,1.18437,1.183613641408862,1.1866390757734135,8113,C_long
EURUSD,C,2021-07-12T07:00:00Z,buy,1.1871,1.1865338145241375,1.1887985564275876,8109,C_long
EURUSD,C,2021-07-12T13:30:00Z,buy,1.18627,1.1854872379950594,1.1886182860148216,8110,C_long
EURUSD,C,2021-07-12T19:45:00Z,buy,1.186,1.1856225631117447,1.1871323106647655,8106,C_long
EURUSD,C,2021-07-13T07:15:00Z,buy,1.18645,1.1858294205093298,1.1883117384720105,8110,C_long
EURUSD,C,2021-07-14T07:00:00Z,sell,1.17875,1.1791876741882585,1.1774369774352242,8158,C_short
EURUSD,C,2021-07-14T07:45:00Z,sell,1.17837,1.178924687464179,1.1767059376074627,8157,C_short
EURUSD,C,2021-07-14T08:45:00Z,sell,1.17836,1.179086198294606,1.1761814051161825,8152,C_short
EURUSD,C,2021-07-15T03:15:00Z,buy,1.18278,1.1824170110265448,1.1838689669203653,8116,C_long
EURUSD,C,2021-07-15T07:45:00Z,buy,1.18364,1.1830178348074494,1.185506495577652,8117,C_long
EURUSD,C,2021-07-15T23:00:00Z,sell,1.18125,1.181504336499205,1.1804869905023845,8129,C_short
EURUSD,C,2021-07-16T00:15:00Z,sell,1.18122,1.1815208461455793,1.180317461563262,8126,C_short
EURUSD,C,2021-07-16T04:15:00Z,sell,1.1811,1.181368519754571,1.1802944407362874,8133,C_short
EURUSD,C,2021-07-16T10:15:00Z,sell,1.18065,1.1813135238403414,1.1786594284789758,8133,C_short
EURUSD,C,2021-07-16T13:30:00Z,sell,1.18031,1.1810542620553115,1.1780772138340654,8130,C_short
EURUSD,C,2021-07-16T15:00:00Z,sell,1.18067,1.1814463379100741,1.178340986269778,8122,C_short
EURUSD,C,2021-07-16T19:00:00Z,sell,1.18055,1.1810675499219825,1.1789973502340525,8117,C_short
EURUSD,C,2021-07-19T00:15:00Z,sell,1.18069,1.1810118719013758,1.1797243842958727,8111,C_short
EURUSD,C,2021-07-19T17:15:00Z,sell,1.17943,1.1801750235636155,1.1771949293091535,8126,C_short
EURUSD,C,2021-07-19T18:45:00Z,sell,1.17912,1.1797516669947496,1.1772249990157508,8123,C_short
EURUSD,C,2021-07-19T22:30:00Z,sell,1.17952,1.1798677993248838,1.178476602025348,8115,C_short
EURUSD,C,2021-07-20T00:45:00Z,sell,1.17948,1.1798121936541703,1.1784834190374893,8112,C_short
EURUSD,C,2021-07-20T02:45:00Z,sell,1.17945,1.1798346189210467,1.1782961432368604,8110,C_short
EURUSD,C,2021-07-20T08:45:00Z,sell,1.17878,1.179560749463361,1.1764377516099165,8121,C_short
EURUSD,C,2021-07-20T10:15:00Z,sell,1.17887,1.1795924527869628,1.176702641639112,8115,C_short
EURUSD,C,2021-07-20T21:00:00Z,sell,1.1779,1.1782316076455728,1.1769051770632815,8135,C_short
EURUSD,C,2021-07-20T23:15:00Z,sell,1.17799,1.178223449109342,1.1772896526719745,8132,C_short
EURUSD,C,2021-07-21T00:30:00Z,sell,1.17794,1.17822589000185,1.1770823299944497,8130,C_short
EURUSD,C,2021-07-21T10:30:00Z,sell,1.17714,1.1777287028345855,1.1753738914962437,8140,C_short
EURUSD,C,2021-07-21T11:45:00Z,sell,1.17705,1.1775965994555544,1.1754102016333365,8136,C_short
EURUSD,C,2021-07-22T01:30:00Z,buy,1.17932,1.1789976855791953,1.180286943262414,8116,C_long
EURUSD,C,2021-07-22T08:30:00Z,buy,1.17969,1.1789773758048454,1.1818278725854634,8111,C_long
EURUSD,C,2021-07-22T10:30:00Z,buy,1.17937,1.178688777205018,1.1814136683849459,8107,C_long
EURUSD,C,2021-07-22T11:15:00Z,buy,1.17953,1.178848510672422,1.1815744679827338,8101,C_long
EURUSD,C,2021-07-22T12:45:00Z,buy,1.17996,1.1787147097635329,1.183695870709401,8093,C_long
EURUSD,C,2021-07-23T01:45:00Z,sell,1.17749,1.1778026624369007,1.1765520126892977,8100,C_short
EURUSD,C,2021-07-23T07:15:00Z,sell,1.17665,1.1772121752725753,1.174963474182274,8112,C_short
EURUSD,C,2021-07-23T09:15:00Z,sell,1.17625,1.1770387100216875,1.1738838699349377,8111,C_short
EURUSD,C,2021-07-23T13:15:00Z,sell,1.17673,1.1774382905185476,1.1746051284443573,8101,C_short
EURUSD,C,2021-07-23T20:30:00Z,sell,1.17696,1.177300478973691,1.1759385630789272,8094,C_short
EURUSD,C,2021-07-25T21:30:00Z,sell,1.17691,1.1772912472092363,1.1757662583722908,8091,C_short
EURUSD,C,2021-07-26T00:00:00Z,sell,1.17693,1.1771993181240235,1.1761220456279298,8088,C_short
EURUSD,C,2021-07-26T06:45:00Z,sell,1.1772,1.177610374156019,1.1759688775319428,8084,C_short
EURUSD,C,2021-07-26T08:30:00Z,buy,1.17792,1.1770769157539918,1.180449252738025,8075,C_long
EURUSD,C,2021-07-26T22:45:00Z,buy,1.18005,1.1797812783037118,1.1808561650888647,8077,C_long
EURUSD,C,2021-07-27T02:30:00Z,buy,1.18038,1.1800778587842864,1.1812864236471408,8080,C_long
EURUSD,C,2021-07-27T11:30:00Z,buy,1.17952,1.1789564253371274,1.1812107239886174,8083,C_long
EURUSD,C,2021-07-27T21:00:00Z,buy,1.18167,1.181287416094884,1.1828177517153478,8079,C_long
EURUSD,C,2021-07-28T01:00:00Z,buy,1.18179,1.181443978463379,1.1828280646098626,8075,C_long
EURUSD,C,2021-07-28T08:45:00Z,buy,1.18288,1.182125110933272,1.1851446672001837,8064,C_long
EURUSD,C,2021-07-28T15:30:00Z,buy,1.1809,1.1801262245045674,1.183221326486298,8072,C_long
EURUSD,C,2021-07-28T18:15:00Z,buy,1.18146,1.1803491291809067,1.1847926124572796,8062,C_long
EURUSD,C,2021-07-30T06:30:00Z,buy,1.18825,1.1878444097738552,1.1894667706784345,8008,C_long
EURUSD,C,2021-07-30T10:15:00Z,buy,1.18897,1.1883099244882893,1.1909502265351324,8010,C_long
EURUSD,C,2021-07-30T12:00:00Z,buy,1.18905,1.1882984640564331,1.1913046078307004,8005,C_long
EURUSD,C,2021-08-02T00:15:00Z,buy,1.18689,1.1865655276876614,1.1878634169370157,8014,C_long
EURUSD,C,2021-08-02T02:30:00Z,buy,1.18678,1.1864037237262912,1.1879088288211261,8012,C_long
EURUSD,C,2021-08-02T06:45:00Z,buy,1.18826,1.1876289308519952,1.1901532074440149,8008,C_long
EURUSD,C,2021-08-02T13:00:00Z,buy,1.18798,1.1872165302571414,1.190270409228576,8005,C_long
EURUSD,C,2021-08-02T22:30:00Z,buy,1.18744,1.1871480594890353,1.1883158215328942,8003,C_long
EURUSD,C,2021-08-03T01:45:00Z,buy,1.18747,1.1871381727873191,1.1884654816380427,8000,C_long
EURUSD,C,2021-08-03T03:00:00Z,buy,1.18754,1.1871926136081936,1.1885821591754193,7996,C_long
EURUSD,C,2021-08-03T03:45:00Z,buy,1.18744,1.1871106939547265,1.1884279181358208,7994,C_long
EURUSD,C,2021-08-03T07:15:00Z,buy,1.18783,1.1873450261145158,1.1892849216564525,7988,C_long
EURUSD,C,2021-08-04T00:00:00Z,sell,1.18648,1.1867675617150515,1.1856173148548454,8006,C_short
EURUSD,C,2021-08-04T02:15:00Z,sell,1.18661,1.1869694028524287,1.1855317914427137,8003,C_short
EURUSD,C,2021-08-04T07:15:00Z,sell,1.18701,1.1875198023447355,1.185480592965793,7997,C_short
EURUSD,C,2021-08-04T08:00:00Z,sell,1.18607,1.1867656194818916,1.183983141554325,7999,C_short
EURUSD,C,2021-08-04T14:00:00Z,sell,1.18587,1.1869726583513955,1.1825620249458133,7995,C_short
EURUSD,C,2021-08-09T05:00:00Z,sell,1.17614,1.1764168461405897,1.1753094615782307,8083,C_short
EURUSD,C,2021-08-09T05:45:00Z,sell,1.1758,1.1761202402876667,1.1748392791369997,8082,C_short
EURUSD,C,2021-08-09T06:45:00Z,sell,1.1759,1.1763299192662924,1.1746102422011226,8079,C_short
EURUSD,C,2021-08-09T07:45:00Z,sell,1.17575,1.1763118264526338,1.174064520642099,8076,C_short
EURUSD,C,2021-08-09T08:45:00Z,sell,1.17545,1.1761282377345912,1.1734152867962269,8074,C_short
EURUSD,C,2021-08-09T10:00:00Z,sell,1.17578,1.176437710963871,1.173806867108387,8066,C_short
EURUSD,C,2021-08-09T13:30:00Z,sell,1.17602,1.17670868673573,1.1739539397928105,8059,C_short
EURUSD,C,2021-08-10T05:45:00Z,sell,1.17373,1.1739740263441871,1.1729979209674384,8088,C_short
EURUSD,C,2021-08-10T06:30:00Z,sell,1.17386,1.1742099335935345,1.172810199219396,8085,C_short
EURUSD,C,2021-08-10T08:45:00Z,sell,1.1732,1.1737586735490009,1.1715239793529975,8087,C_short
EURUSD,C,2021-08-10T23:00:00Z,sell,1.172,1.172218546816124,1.171344359551628,8106,C_short
EURUSD,C,2021-08-11T03:45:00Z,sell,1.17184,1.1720852616102098,1.1711042151693707,8110,C_short
EURUSD,C,2021-08-11T05:30:00Z,sell,1.17178,1.1720040696107994,1.171107791167602,8108,C_short
EURUSD,C,2021-08-11T08:15:00Z,sell,1.17145,1.1719309555722703,1.1700071332831894,8115,C_short
EURUSD,C,2021-08-12T02:15:00Z,buy,1.17376,1.1734600073055075,1.1746599780834772,8095,C_long
EURUSD,C,2021-08-12T07:30:00Z,buy,1.17389,1.1734850661557412,1.1751048015327767,8091,C_long
EURUSD,C,2021-08-12T12:45:00Z,buy,1.174,1.1733158514155544,1.1760524457533366,8086,C_long
EURUSD,C,2021-08-12T17:15:00Z,buy,1.17367,1.1732296525878418,1.1749910422364744,8083,C_long
EURUSD,C,2021-08-13T00:00:00Z,sell,1.17346,1.173693655197063,1.172759034408811,8081,C_short
EURUSD,C,2021-08-13T01:00:00Z,sell,1.17348,1.1737248897991766,1.1727453306024707,8079,C_short
EURUSD,C,2021-08-13T06:15:00Z,buy,1.17372,1.1734976152908374,1.1743871541274882,8075,C_long
EURUSD,C,2021-08-13T08:00:00Z,buy,1.17375,1.1733859661434825,1.174842101569553,8072,C_long
EURUSD,C,2021-08-16T04:00:00Z,buy,1.17909,1.1788432123337427,1.1798303629987719,8042,C_long
EURUSD,C,2021-08-16T06:15:00Z,buy,1.1792,1.1789022113487788,1.1800933659536637,8039,C_long
EURUSD,C,2021-08-16T07:15:00Z,buy,1.17904,1.178611435818913,1.1803256925432613,8038,C_long
EURUSD,C,2021-08-16T08:30:00Z,buy,1.17903,1.1785266855631429,1.1805399433105714,8034,C_long
EURUSD,C,2021-08-16T14:30:00Z,buy,1.17867,1.177996266905831,1.1806911992825073,8032,C_long
EURUSD,C,2021-08-16T22:45:00Z,buy,1.17788,1.1776870955697505,1.1784587132907487,8033,C_long
EURUSD,C,2021-08-17T07:30:00Z,buy,1.17726,1.176715110779696,1.1788946676609118,8035,C_long
EURUSD,C,2021-08-17T09:30:00Z,buy,1.17762,1.1769169605242424,1.1797291184272722,8028,C_long
EURUSD,C,2021-08-18T03:15:00Z,sell,1.17179,1.172139108035701,1.1707426758928972,8062,C_short
EURUSD,C,2021-08-18T06:45:00Z,sell,1.17169,1.1721044778968774,1.1704465663093673,8060,C_short
EURUSD,C,2021-08-18T09:00:00Z,sell,1.17188,1.1723435971594947,1.1704892085215162,8055,C_short
EURUSD,C,2021-08-18T09:45:00Z,sell,1.17156,1.1720750823583437,1.1700147529249687,8053,C_short
EURUSD,C,2021-08-18T12:45:00Z,sell,1.17175,1.1723606069615375,1.1699181791153876,8047,C_short
EURUSD,C,2021-08-18T20:00:00Z,sell,1.17104,1.1717665808623339,1.1688602574129987,8064,C_short
EURUSD,C,2021-08-19T08:45:00Z,sell,1.16867,1.1693983804081551,1.166484858775535,8095,C_short
EURUSD,C,2021-08-19T14:00:00Z,sell,1.16918,1.169898316397598,1.1670250508072064,8086,C_short
EURUSD,C,2021-08-20T14:00:00Z,sell,1.16723,1.1680019217325293,1.1649142348024122,8113,C_short
EURUSD,C,2021-08-24T01:15:00Z,buy,1.17398,1.1737237223715082,1.1747488328854754,8060,C_long
EURUSD,C,2021-08-24T02:30:00Z,buy,1.1739,1.1736379393191563,1.174686182042531,8059,C_long
EURUSD,C,2021-08-24T11:00:00Z,buy,1.17408,1.173568216165225,1.175615351504325,8055,C_long
EURUSD,C,2021-08-24T12:00:00Z,buy,1.17399,1.1735115352473084,1.175425394258075,8051,C_long
EURUSD,C,2021-08-24T13:45:00Z,buy,1.17478,1.1740091064629719,1.1770926806110842,8055,C_long
EURUSD,C,2021-08-25T05:30:00Z,buy,1.17444,1.1741825645461552,1.175212306361534,8051,C_long
EURUSD,C,2021-08-25T06:15:00Z,buy,1.17445,1.174146543498638,1.175360369504086,8049,C_long
EURUSD,C,2021-08-25T08:00:00Z,buy,1.17455,1.1739321562247054,1.1764035313258838,8045,C_long
EURUSD,C,2021-08-25T13:00:00Z,buy,1.17429,1.1735861924691189,1.1764014225926436,8042,C_long
EURUSD,C,2021-08-25T13:45:00Z,buy,1.1747,1.173801699216194,1.1773949023514185,8034,C_long
EURUSD,C,2021-08-26T01:45:00Z,buy,1.17655,1.1762440451711054,1.1774678644866838,8039,C_long
EURUSD,C,2021-08-26T02:30:00Z,buy,1.17643,1.1761538214047167,1.1772585357858503,8036,C_long
EURUSD,C,2021-08-26T04:00:00Z,buy,1.17644,1.1762018641743257,1.1771544074770226,8034,C_long
EURUSD,C,2021-08-26T07:00:00Z,buy,1.17672,1.1762495966858715,1.1781312099423855,8030,C_long
EURUSD,C,2021-08-26T09:30:00Z,buy,1.1767,1.1761324585978852,1.1784026242063448,8026,C_long
EURUSD,C,2021-08-26T14:00:00Z,buy,1.17654,1.1756352215947292,1.179254335215812,8022,C_long
EURUSD,C,2021-08-27T02:45:00Z,sell,1.17525,1.1756051431976062,1.174184570407181,8024,C_short
EURUSD,C,2021-08-27T09:45:00Z,buy,1.17582,1.1753719849126545,1.1771640452620369,8017,C_long
EURUSD,C,2021-08-27T13:45:00Z,buy,1.1764,1.1753285235855178,1.1796144292434463,8010,C_long
EURUSD,C,2021-08-30T06:45:00Z,buy,1.18003,1.1796490674175208,1.181172797747437,7977,C_long
EURUSD,C,2021-08-30T07:45:00Z,buy,1.18023,1.1797356708051716,1.1817129875844847,7973,C_long
EURUSD,C,2021-08-30T08:15:00Z,buy,1.18037,1.1798143482936623,1.1820369551190129,7968,C_long
EURUSD,C,2021-08-30T08:45:00Z,buy,1.17986,1.179241754940573,1.1817147351782809,7967,C_long
EURUSD,C,2021-08-30T11:45:00Z,buy,1.17996,1.1794671813322937,1.1814384560031186,7961,C_long
EURUSD,C,2021-08-30T14:45:00Z,buy,1.17999,1.1793078869416223,1.1820363391751336,7957,C_long
EURUSD,C,2021-08-30T16:45:00Z,buy,1.17973,1.179287678103983,1.181056965688051,7954,C_long
EURUSD,C,2021-08-31T13:30:00Z,buy,1.18261,1.1817834480815979,1.1850896557552062,7942,C_long
EURUSD,C,2021-09-01T06:45:00Z,buy,1.18092,1.180357644376488,1.1826070668705357,7947,C_long
EURUSD,C,2021-09-01T07:45:00Z,buy,1.18054,1.1798788160204814,1.1825235519385555,7946,C_long
EURUSD,C,2021-09-02T05:30:00Z,buy,1.18398,1.1837522380637218,1.1846632858088348,7935,C_long
EURUSD,C,2021-09-02T12:45:00Z,buy,1.18471,1.1841164455867073,1.186490663239878,7934,C_long
EURUSD,C,2021-09-03T08:00:00Z,buy,1.18797,1.1875656581008442,1.1891830256974671,7923,C_long
EURUSD,C,2021-09-03T12:45:00Z,buy,1.18911,1.1878592569528474,1.1928622291414572,7912,C_long
EURUSD,C,2021-09-05T23:00:00Z,buy,1.18826,1.1879371844537845,1.189228446638647,7909,C_long
EURUSD,C,2021-09-06T13:15:00Z,buy,1.18683,1.1864272378129244,1.1880382865612271,7915,C_long
EURUSD,C,2021-09-06T16:00:00Z,buy,1.18681,1.1864078582104007,1.1880164253687975,7912,C_long
EURUSD,C,2021-09-07T07:15:00Z,buy,1.18787,1.187381546355383,1.189335360933851,7912,C_long
EURUSD,C,2021-09-07T08:45:00Z,buy,1.18762,1.1869278364068765,1.1896964907793701,7910,C_long
EURUSD,C,2021-09-07T10:45:00Z,buy,1.18746,1.1867172557334753,1.189688232799574,7906,C_long
EURUSD,C,2021-09-08T01:45:00Z,sell,1.18475,1.1850383526954926,1.183884941913522,7918,C_short
EURUSD,C,2021-09-08T16:30:00Z,sell,1.18225,1.1829252571941455,1.1802242284175635,7940,C_short
EURUSD,C,2021-09-08T18:45:00Z,sell,1.1824,1.1828500042613408,1.1810499872159772,7934,C_short
EURUSD,C,2021-09-09T12:30:00Z,sell,1.18171,1.182509269520743,1.1793121914377709,7935,C_short
EURUSD,C,2021-09-09T13:30:00Z,sell,1.18232,1.1834684977142111,1.1788745068573667,7925,C_short
EURUSD,C,2021-09-09T19:00:00Z,sell,1.18265,1.183086331262714,1.181341006211858,7914,C_short
EURUSD,C,2021-09-10T06:15:00Z,sell,1.18271,1.1830300172396144,1.1817499482811564,7910,C_short
EURUSD,C,2021-09-10T11:15:00Z,buy,1.18348,1.1829908778409985,1.1849473664770047,7902,C_long
EURUSD,C,2021-09-10T13:45:00Z,buy,1.18347,1.1827585397578433,1.1856043807264702,7898,C_long
EURUSD,C,2021-09-14T06:00:00Z,sell,1.18081,1.1811519929646228,1.1797840211061312,7911,C_short
EURUSD,C,2021-09-14T12:00:00Z,buy,1.18135,1.180813257328401,1.1829602280147968,7904,C_long
EURUSD,C,2021-09-14T12:30:00Z,buy,1.18305,1.1821714688377767,1.1856855934866697,7903,C_long
EURUSD,C,2021-09-14T17:15:00Z,buy,1.18247,1.1818946319971821,1.1841961040084532,7900,C_long
EURUSD,C,2021-09-15T01:45:00Z,sell,1.18082,1.181133904636818,1.1798782860895456,7907,C_short
EURUSD,C,2021-09-15T06:45:00Z,sell,1.18075,1.1812035374899257,1.1793893875302228,7904,C_short
EURUSD,C,2021-09-15T13:15:00Z,buy,1.18193,1.1811499868466997,1.1842700394599006,7892,C_long
EURUSD,C,2021-09-15T14:45:00Z,buy,1.18187,1.1810260303821372,1.1844019088535884,7887,C_long
EURUSD,C,2021-09-15T19:30:00Z,buy,1.18172,1.1813058311502846,1.1829625065491465,7882,C_long
EURUSD,C,2021-09-16T20:30:00Z,sell,1.17672,1.1771951683844508,1.1752944948466475,7912,C_short
EURUSD,C,2021-09-17T12:45:00Z,sell,1.17735,1.1779678061025183,1.1754965816924448,7904,C_short
EURUSD,C,2021-09-20T13:15:00Z,sell,1.17141,1.1719588618156067,1.1697634145531801,7955,C_short
EURUSD,C,2021-09-21T07:00:00Z,sell,1.17297,1.1734016022178435,1.1716751933464697,7940,C_short
EURUSD,C,2021-09-21T13:15:00Z,sell,1.1733,1.1739926700567302,1.1712219898298093,7935,C_short
EURUSD,C,2021-09-22T18:00:00Z,buy,1.17523,1.1740693498795571,1.1787119503613286,7916,C_long
EURUSD,C,2021-09-23T11:15:00Z,sell,1.17113,1.171854968562588,1.1689550943122358,7935,C_short
EURUSD,C,2021-09-24T02:15:00Z,buy,1.17392,1.173622783983971,1.1748116480480872,7911,C_long
EURUSD,C,2021-09-24T07:15:00Z,buy,1.17387,1.1734356293626507,1.1751731119120479,7908,C_long
EURUSD,C,2021-09-24T07:45:00Z,buy,1.17382,1.1733553393879466,1.1752139818361607,7905,C_long
EURUSD,C,2021-09-24T16:30:00Z,sell,1.17185,1.1724943017063083,1.1699170948810753,7915,C_short
EURUSD,C,2021-09-26T22:00:00Z,sell,1.1718,1.1722215122840451,1.1705354631478644,7910,C_short
EURUSD,C,2021-09-27T00:15:00Z,sell,1.17201,1.1723620927337066,1.1709537217988801,7905,C_short
EURUSD,C,2021-09-27T02:15:00Z,sell,1.17191,1.1722443744648585,1.1709068766054245,7903,C_short
EURUSD,C,2021-09-27T05:45:00Z,sell,1.17201,1.1722757782910935,1.1712126651267194,7899,C_short
EURUSD,C,2021-09-27T16:45:00Z,sell,1.17019,1.1707406482071212,1.1685380553786366,7909,C_short
EURUSD,C,2021-09-27T18:30:00Z,sell,1.17044,1.170869472210615,1.1691515833681547,7903,C_short
EURUSD,C,2021-09-28T06:00:00Z,sell,1.16933,1.169718624776906,1.1681641256692818,7919,C_short
EURUSD,C,2021-09-28T12:00:00Z,sell,1.16777,1.168479422469325,1.1656417325920252,7936,C_short
EURUSD,C,2021-09-28T14:45:00Z,sell,1.16738,1.1685189275336991,1.163963217398903,7933,C_short
EURUSD,C,2021-09-28T16:30:00Z,sell,1.16835,1.1692675929913714,1.1655972210258858,7918,C_short
EURUSD,C,2021-09-30T08:15:00Z,sell,1.16046,1.1611251666267948,1.1584645001196159,7990,C_short
EURUSD,C,2021-09-30T13:45:00Z,sell,1.15853,1.1595386031857682,1.1555041904426957,8016,C_short
EURUSD,C,2021-09-30T15:15:00Z,sell,1.15865,1.159734070002699,1.1553977899919028,8008,C_short
EURUSD,C,2021-10-01T20:45:00Z,sell,1.15923,1.1595789955851763,1.158183013244471,7996,C_short
EURUSD,C,2021-10-04T01:30:00Z,sell,1.1598,1.1602141185486798,1.1585576443539602,7991,C_short
EURUSD,C,2021-10-04T19:30:00Z,buy,1.16195,1.1615059373636463,1.1632821879090613,7972,C_long
EURUSD,C,2021-10-05T17:15:00Z,sell,1.1601,1.160650370474815,1.1584488885755546,7981,C_short
EURUSD,C,2021-10-05T18:15:00Z,sell,1.15999,1.1604958289606162,1.1584725131181517,7978,C_short
EURUSD,C,2021-10-06T18:15:00Z,sell,1.1551,1.1557517738474292,1.1531446784577124,8021,C_short
EURUSD,C,2021-10-06T23:00:00Z,sell,1.15539,1.155661669472309,1.1545749915830728,8014,C_short
EURUSD,C,2021-10-07T01:00:00Z,sell,1.15544,1.1557669293547244,1.154459211935827,8011,C_short
EURUSD,C,2021-10-07T02:45:00Z,sell,1.15545,1.1557269397152057,1.1546191808543833,8008,C_short
EURUSD,C,2021-10-07T09:00:00Z,sell,1.15549,1.1559600243258725,1.154079927022382,8005,C_short
EURUSD,C,2021-10-07T10:30:00Z,sell,1.15583,1.1562861698191573,1.1544614905425277,7999,C_short
EURUSD,C,2021-10-07T12:15:00Z,sell,1.15587,1.1564128753953493,1.1542413738139519,7995,C_short
EURUSD,C,2021-10-07T16:00:00Z,sell,1.1558,1.1564305535390222,1.153908339382933,7991,C_short
EURUSD,C,2021-10-07T18:00:00Z,sell,1.15552,1.1560121230506026,1.1540436308481925,7988,C_short
EURUSD,C,2021-10-08T16:30:00Z,buy,1.15641,1.1557451164308234,1.1584046507075294,7978,C_long
EURUSD,C,2021-10-11T08:30:00Z,buy,1.15736,1.1567607888509792,1.1591576334470621,7984,C_long
EURUSD,C,2021-10-11T11:15:00Z,buy,1.15705,1.1565116156665771,1.1586651530002683,7981,C_long
EURUSD,C,2021-10-11T13:15:00Z,buy,1.15701,1.1564482122789193,1.1586953631632426,7977,C_long
EURUSD,C,2021-10-12T04:30:00Z,sell,1.15567,1.1558991076808023,1.154982676957593,7982,C_short
EURUSD,C,2021-10-12T07:00:00Z,sell,1.15573,1.1561772813154412,1.1543881560536762,7979,C_short
EURUSD,C,2021-10-12T07:45:00Z,sell,1.15558,1.156047768014822,1.1541766959555342,7976,C_short
EURUSD,C,2021-10-12T09:30:00Z,sell,1.15592,1.1563930499830644,1.1545008500508072,7970,C_short
EURUSD,C,2021-10-13T13:15:00Z,buy,1.15615,1.155255716169066,1.1588328514928021,7978,C_long
EURUSD,C,2021-10-14T05:30:00Z,buy,1.15906,1.158747786446973,1.1599966406590807,7975,C_long
EURUSD,C,2021-10-14T12:30:00Z,buy,1.16041,1.1598008774236692,1.162237367728992,7972,C_long
EURUSD,C,2021-10-14T18:45:00Z,buy,1.1599,1.1595251839635339,1.161024448109398,7970,C_long
EURUSD,C,2021-10-14T21:00:00Z,buy,1.15966,1.159364016455357,1.160547950633929,7969,C_long
EURUSD,C,2021-10-15T01:15:00Z,buy,1.15986,1.159547872872966,1.1607963813811015,7965,C_long
EURUSD,C,2021-10-15T09:15:00Z,buy,1.1605,1.1599421013577245,1.162173695926827,7966,C_long
EURUSD,C,2021-10-15T10:00:00Z,buy,1.16072,1.1601213916097541,1.1625158251707375,7960,C_long
EURUSD,C,2021-10-15T13:15:00Z,buy,1.16036,1.1595576316694842,1.1627671049915476,7958,C_long
EURUSD,C,2021-10-15T14:45:00Z,buy,1.16056,1.1597233912784375,1.1630698261646877,7950,C_long
EURUSD,C,2021-10-15T18:45:00Z,buy,1.16056,1.1600866353550536,1.1619800939348393,7944,C_long
EURUSD,C,2021-10-17T21:15:00Z,buy,1.16004,1.1595911671630708,1.1613864985107876,7943,C_long
EURUSD,C,2021-10-18T08:15:00Z,sell,1.15872,1.1593086653350568,1.1569540039948294,7949,C_short
EURUSD,C,2021-10-19T13:45:00Z,buy,1.16554,1.1649010012079564,1.167456996376131,7897,C_long
EURUSD,C,2021-10-19T18:00:00Z,buy,1.16441,1.1639354495931666,1.1658336512204999,7900,C_long
EURUSD,C,2021-10-20T01:00:00Z,buy,1.16396,1.1635713527486535,1.1651259417540398,7899,C_long
EURUSD,C,2021-10-20T02:45:00Z,buy,1.16378,1.1633907045810152,1.1649478862569544,7897,C_long
EURUSD,C,2021-10-20T11:00:00Z,buy,1.16351,1.1630307502793562,1.1649477491619316,7906,C_long
EURUSD,C,2021-10-20T12:30:00Z,buy,1.1639,1.1632789541500268,1.1657631375499193,7899,C_long
EURUSD,C,2021-10-21T06:00:00Z,buy,1.1655,1.1651337826230612,1.1665986521308163,7900,C_long
EURUSD,C,2021-10-21T14:00:00Z,buy,1.16483,1.1641991977033044,1.166722406890087,7901,C_long
EURUSD,C,2021-10-21T14:45:00Z,buy,1.16453,1.1637896762530844,1.1667509712407471,7899,C_long
EURUSD,C,2021-10-22T01:45:00Z,sell,1.16291,1.1632162480280388,1.161991255915884,7904,C_short
EURUSD,C,2021-10-22T11:45:00Z,sell,1.1631,1.163629462808319,1.161511611575043,7900,C_short
EURUSD,C,2021-10-24T23:45:00Z,buy,1.16391,1.163579474020769,1.164901577937693,7890,C_long
EURUSD,C,2021-10-25T07:15:00Z,buy,1.16526,1.16470499759065,1.1669250072280497,7887,C_long
EURUSD,C,2021-10-25T08:45:00Z,buy,1.16498,1.1643134606639693,1.1669796180080916,7884,C_long
EURUSD,C,2021-10-26T08:30:00Z,sell,1.16045,1.1610794085156149,1.1585617744531553,7910,C_short
EURUSD,C,2021-10-26T13:30:00Z,sell,1.16073,1.1614370106529168,1.1586089680412497,7903,C_short
EURUSD,C,2021-10-27T01:45:00Z,sell,1.15987,1.160133819628392,1.1590785411148241,7923,C_short
EURUSD,C,2021-10-27T05:45:00Z,sell,1.1596,1.1598958477418226,1.158712456774532,7922,C_short
EURUSD,C,2021-10-27T08:15:00Z,sell,1.15986,1.1604694755276004,1.1580315734171984,7917,C_short
EURUSD,C,2021-10-27T14:45:00Z,sell,1.15971,1.1606947110515087,1.156755866845474,7914,C_short
EURUSD,C,2021-10-27T19:00:00Z,sell,1.16022,1.1607440816544463,1.1586477550366612,7903,C_short
EURUSD,C,2021-10-28T05:45:00Z,sell,1.16009,1.1603755781053202,1.1592332656840396,7900,C_short
EURUSD,C,2021-10-28T08:15:00Z,sell,1.1598,1.160465924438729,1.1578022266838128,7899,C_short
EURUSD,C,2021-10-28T11:30:00Z,sell,1.16001,1.1606665024914538,1.1580404925256387,7892,C_short
EURUSD,C,2021-10-29T07:00:00Z,buy,1.16738,1.1668109974707432,1.1690870075877706,7837,C_long
EURUSD,C,2021-11-01T08:00:00Z,sell,1.15606,1.1567501578078023,1.1539895265765934,7909,C_short
EURUSD,C,2021-11-02T08:15:00Z,buy,1.16045,1.159761244078721,1.1625162677638368,7874,C_long
EURUSD,C,2021-11-02T10:45:00Z,buy,1.1606,1.1598679153357063,1.1627962539928813,7867,C_long
EURUSD,C,2021-11-02T11:45:00Z,buy,1.16029,1.159572545578333,1.1624423632650012,7864,C_long
EURUSD,C,2021-11-03T04:00:00Z,sell,1.15804,1.158297780042711,1.1572666598718668,7873,C_short
EURUSD,C,2021-11-03T05:30:00Z,sell,1.15815,1.158390645045393,1.1574280648638213,7870,C_short
EURUSD,C,2021-11-03T06:00:00Z,sell,1.15819,1.158477506722984,1.1573274798310482,7868,C_short
EURUSD,C,2021-11-03T06:30:00Z,sell,1.15824,1.1585460828274856,1.157321751517543,7865,C_short
EURUSD,C,2021-11-03T07:30:00Z,sell,1.15808,1.158449056624905,1.1569728301252848,7863,C_short
EURUSD,C,2021-11-03T10:00:00Z,sell,1.15836,1.1589310148274197,1.1566469555177412,7858,C_short
EURUSD,C,2021-11-03T12:15:00Z,sell,1.15843,1.1590456264131859,1.1565831207604427,7853,C_short
EURUSD,C,2021-11-03T15:30:00Z,sell,1.15777,1.1585463765211608,1.1554408704365176,7869,C_short
EURUSD,C,2021-11-03T16:30:00Z,sell,1.15788,1.1586225183174494,1.1556524450476517,7862,C_short
EURUSD,C,2021-11-04T02:15:00Z,buy,1.16042,1.1600476853863557,1.1615369438409329,7840,C_long
EURUSD,C,2021-11-04T20:00:00Z,sell,1.15555,1.1559720522226715,1.1542838433319857,7869,C_short
EURUSD,C,2021-11-05T06:15:00Z,sell,1.15513,1.155445942147488,1.1541821735575357,7880,C_short
EURUSD,C,2021-11-05T08:45:00Z,sell,1.15491,1.155453733871864,1.1532787983844084,7879,C_short
EURUSD,C,2021-11-08T01:45:00Z,sell,1.15549,1.1559186450722718,1.1542040647831842,7885,C_short
EURUSD,C,2021-11-08T07:30:00Z,sell,1.15558,1.156053473120828,1.154159580637516,7881,C_short
EURUSD,C,2021-11-08T08:00:00Z,sell,1.1554,1.1559608753663106,1.153717373901068,7878,C_short
EURUSD,C,2021-11-08T10:15:00Z,buy,1.15607,1.1553975631402613,1.1580873105792158,7869,C_long
EURUSD,C,2021-11-09T01:15:00Z,buy,1.15839,1.1580588266022163,1.1593835201933513,7866,C_long
EURUSD,C,2021-11-09T02:00:00Z,buy,1.15842,1.1580103146800205,1.1596490559599386,7863,C_long
EURUSD,C,2021-11-09T09:30:00Z,buy,1.15942,1.1587958409258756,1.1612924772223727,7864,C_long
EURUSD,C,2021-11-09T11:30:00Z,buy,1.1591,1.1585263029788975,1.1608210910633077,7861,C_long
EURUSD,C,2021-11-09T13:45:00Z,buy,1.1596,1.158802019992944,1.1619939400211676,7853,C_long
EURUSD,C,2021-11-09T16:45:00Z,buy,1.15871,1.1577693875956852,1.1615318372129442,7853,C_long
EURUSD,C,2021-11-10T10:15:00Z,sell,1.15787,1.1584971001454807,1.1559886995635578,7851,C_short
EURUSD,C,2021-11-11T15:45:00Z,sell,1.14703,1.1478275465936376,1.1446373602190871,7938,C_short
EURUSD,C,2021-11-12T08:00:00Z,sell,1.14445,1.1449181656902725,1.1430455029291824,7971,C_short
EURUSD,C,2021-11-12T09:00:00Z,sell,1.14436,1.1449630514623186,1.1425508456130444,7968,C_short
EURUSD,C,2021-11-12T13:30:00Z,sell,1.14464,1.1452519084991593,1.1428042745025226,7961,C_short
EURUSD,C,2021-11-12T15:30:00Z,sell,1.14432,1.145223782597685,1.141608652206945,7958,C_short
EURUSD,C,2021-11-15T07:45:00Z,sell,1.14501,1.1454323422446395,1.1437429732660818,7947,C_short
EURUSD,C,2021-11-15T09:45:00Z,sell,1.14485,1.1455010571899447,1.1428968284301657,7956,C_short
EURUSD,C,2021-11-15T10:45:00Z,sell,1.14477,1.1454286762351016,1.1427939712946955,7951,C_short
EURUSD,C,2021-11-17T09:00:00Z,sell,1.13123,1.1320588810741135,1.1287433567776595,8041,C_short
EURUSD,C,2021-11-17T13:00:00Z,sell,1.1315,1.1322249865312777,1.1293250404061668,8032,C_short
EURUSD,C,2021-11-17T19:15:00Z,sell,1.13148,1.1322601929776441,1.1291394210670678,8047,C_short
EURUSD,C,2021-11-18T05:00:00Z,sell,1.13195,1.132403425653783,1.1305897230386512,8037,C_short
EURUSD,C,2021-11-19T06:45:00Z,buy,1.13586,1.1355370959079594,1.1368287122761223,8006,C_long
EURUSD,C,2021-11-19T16:30:00Z,sell,1.13156,1.1326744406914573,1.1282166779256277,8033,C_short
EURUSD,C,2021-11-22T11:45:00Z,sell,1.12767,1.1285259811131496,1.125102056660551,8084,C_short
EURUSD,C,2021-11-22T14:00:00Z,sell,1.12524,1.1262233229952556,1.1222900310142332,8118,C_short
EURUSD,C,2021-11-23T11:15:00Z,sell,1.12464,1.1255712920055823,1.1218461239832536,8115,C_short
EURUSD,C,2021-11-23T14:15:00Z,sell,1.12485,1.1257192762930524,1.1222421711208426,8106,C_short
EURUSD,C,2021-11-23T18:00:00Z,sell,1.12504,1.1257470251105453,1.1229189246683644,8098,C_short
EURUSD,C,2021-11-25T12:45:00Z,sell,1.12157,1.122171683191368,1.119764950425896,8137,C_short
EURUSD,C,2021-11-25T14:15:00Z,sell,1.12173,1.1223440396407784,1.1198878810776642,8131,C_short
EURUSD,C,2021-11-29T09:15:00Z,buy,1.12851,1.1277453171274825,1.1308040486175521,8077,C_long
EURUSD,C,2021-11-29T20:00:00Z,buy,1.12817,1.127668556403143,1.1296743307905706,8073,C_long
EURUSD,C,2021-11-30T19:45:00Z,buy,1.13246,1.1313079650454982,1.1359161048635054,8053,C_long
EURUSD,C,2021-12-01T09:15:00Z,buy,1.13306,1.1317817909623502,1.1368946271129492,8072,C_long
EURUSD,C,2021-12-01T13:15:00Z,buy,1.13279,1.131842862267004,1.1356314131989877,8065,C_long
EURUSD,C,2021-12-02T01:15:00Z,buy,1.13232,1.131941415863791,1.1334557524086268,8087,C_long
EURUSD,C,2021-12-02T06:15:00Z,buy,1.13242,1.1320766939873765,1.1334499180378703,8094,C_long
EURUSD,C,2021-12-02T08:30:00Z,buy,1.13237,1.1316694906576603,1.1344715280270194,8091,C_long
EURUSD,C,2021-12-02T09:45:00Z,buy,1.13245,1.1317121962334218,1.1346634112997345,8085,C_long
EURUSD,C,2021-12-03T12:45:00Z,sell,1.12965,1.1304445028026222,1.1272664915921335,8120,C_short
EURUSD,C,2021-12-03T14:00:00Z,sell,1.12918,1.1307115844597122,1.1245852466208637,8117,C_short
EURUSD,C,2021-12-05T23:00:00Z,sell,1.1302,1.1307860980469666,1.1284417058591005,8098,C_short
EURUSD,C,2021-12-05T23:45:00Z,sell,1.1304,1.1309337947879068,1.12879861563628,8092,C_short
EURUSD,C,2021-12-06T11:30:00Z,sell,1.12938,1.1300852444757117,1.1272642665728652,8110,C_short
EURUSD,C,2021-12-06T12:45:00Z,sell,1.12917,1.1299214804636977,1.126915558608907,8105,C_short
EURUSD,C,2021-12-06T14:15:00Z,sell,1.12942,1.1302094132381235,1.1270517602856298,8097,C_short
EURUSD,C,2021-12-06T23:30:00Z,sell,1.12845,1.1287247632703827,1.1276257101888516,8120,C_short
EURUSD,C,2021-12-07T08:45:00Z,sell,1.12749,1.1282520108218732,1.1252039675343808,8132,C_short
EURUSD,C,2021-12-08T10:15:00Z,buy,1.12862,1.1279158184603701,1.1307325446188894,8140,C_long
EURUSD,C,2021-12-08T12:30:00Z,buy,1.12909,1.1280114647851782,1.132325605644465,8131,C_long
EURUSD,C,2021-12-09T03:30:00Z,buy,1.13325,1.132922011107508,1.1342339666774763,8123,C_long
EURUSD,C,2021-12-09T06:15:00Z,buy,1.13325,1.1328703308148085,1.134389007555575,8120,C_long
EURUSD,C,2021-12-10T02:15:00Z,sell,1.12964,1.1299677485029112,1.1286567544912665,8143,C_short
EURUSD,C,2021-12-10T04:00:00Z,sell,1.12958,1.129870848977568,1.1287074530672963,8140,C_short
EURUSD,C,2021-12-10T05:45:00Z,sell,1.12949,1.1298005140028364,1.1285584579914911,8138,C_short
EURUSD,C,2021-12-10T07:00:00Z,sell,1.12905,1.1294599305292579,1.1278202084122269,8138,C_short
EURUSD,C,2021-12-10T14:15:00Z,sell,1.12821,1.1294938139644335,1.1243585581066993,8141,C_short
EURUSD,C,2021-12-13T01:15:00Z,buy,1.13103,1.1306362166981307,1.1322113499056077,8111,C_long
EURUSD,C,2021-12-13T12:45:00Z,sell,1.12761,1.1283381202536784,1.1254256392389648,8132,C_short
EURUSD,C,2021-12-13T13:45:00Z,sell,1.12843,1.129197042816105,1.1261288715516855,8120,C_short
EURUSD,C,2021-12-13T14:30:00Z,sell,1.1285,1.1293201697976245,1.1260394906071267,8113,C_short
EURUSD,C,2021-12-13T15:00:00Z,sell,1.1277,1.1286279497591045,1.1249161507226861,8113,C_short
EURUSD,C,2021-12-13T15:45:00Z,sell,1.12755,1.1285720461098527,1.124483861670442,8106,C_short
EURUSD,C,2021-12-13T19:45:00Z,sell,1.12872,1.1292266181745683,1.127200145476295,8090,C_short
EURUSD,C,2021-12-14T06:15:00Z,sell,1.12807,1.1283974451953502,1.127087664413949,8104,C_short
EURUSD,C,2021-12-14T14:30:00Z,buy,1.13015,1.1293824832946648,1.1324525501160054,8096,C_long
EURUSD,C,2021-12-15T01:45:00Z,sell,1.1268,1.1271324632627444,1.1258026102117669,8114,C_short
EURUSD,C,2021-12-15T07:45:00Z,sell,1.12641,1.1268451563464692,1.125104530960592,8123,C_short
EURUSD,C,2021-12-15T10:30:00Z,sell,1.12654,1.1270511498339368,1.1250065504981899,8118,C_short
EURUSD,C,2021-12-15T12:45:00Z,sell,1.12632,1.1269089883290053,1.124553035012984,8115,C_short
EURUSD,C,2021-12-15T14:00:00Z,sell,1.12635,1.1271410685019145,1.1239767944942562,8110,C_short
EURUSD,C,2021-12-16T11:15:00Z,buy,1.12956,1.1289383033866305,1.1314250898401081,8103,C_long
EURUSD,C,2021-12-16T16:15:00Z,buy,1.13094,1.1297637486449805,1.1344687540650586,8105,C_long
EURUSD,C,2021-12-17T08:30:00Z,buy,1.13317,1.1325524376290448,1.1350226871128657,8114,C_long
EURUSD,C,2021-12-17T12:45:00Z,buy,1.13305,1.1323652475495374,1.1351042573513874,8109,C_long
EURUSD,C,2021-12-20T19:45:00Z,sell,1.12741,1.1280077372272743,1.1256167883181771,8144,C_short
EURUSD,C,2021-12-20T21:30:00Z,sell,1.12772,1.128177299511409,1.1263481014657732,8137,C_short
EURUSD,C,2021-12-21T04:30:00Z,sell,1.12795,1.1281984768038955,1.1272045695883135,8131,C_short
EURUSD,C,2021-12-21T06:00:00Z,sell,1.12788,1.1281655621208964,1.127023313637311,8129,C_short
EURUSD,C,2021-12-21T12:15:00Z,buy,1.12886,1.1281933471270573,1.130859958618828,8120,C_long
EURUSD,C,2021-12-23T15:00:00Z,buy,1.13206,1.1310997461969778,1.1349407614090667,8091,C_long
EURUSD,C,2021-12-23T16:45:00Z,buy,1.13197,1.130969024032815,1.1349729279015548,8084,C_long
EURUSD,C,2021-12-24T21:45:00Z,sell,1.13102,1.132107291641531,1.127758125075407,8083,C_short
EURUSD,C,2021-12-27T00:00:00Z,sell,1.13167,1.1323745977238757,1.1295562068283727,8070,C_short
EURUSD,C,2021-12-27T04:30:00Z,sell,1.1319,1.1321875325622317,1.1310374023133045,8063,C_short
EURUSD,C,2021-12-27T11:00:00Z,sell,1.13162,1.1322381949310627,1.1297654152068122,8062,C_short
EURUSD,C,2021-12-28T03:45:00Z,buy,1.13254,1.1321945073892883,1.1335764778321356,8050,C_long
EURUSD,C,2021-12-28T08:15:00Z,buy,1.13252,1.1320489573884773,1.133933127834568,8047,C_long
EURUSD,C,2021-12-28T09:00:00Z,buy,1.13241,1.1318429716688843,1.134111084993347,8044,C_long
EURUSD,C,2021-12-28T17:30:00Z,sell,1.13102,1.1318798828080672,1.1284403515757981,8049,C_short
EURUSD,C,2021-12-29T12:00:00Z,sell,1.12958,1.1302611198336434,1.1275366404990699,8077,C_short
EURUSD,C,2021-12-30T11:15:00Z,buy,1.13235,1.1317352619765297,1.1341942140704107,8051,C_long
EURUSD,C,2021-12-30T14:30:00Z,buy,1.13261,1.1314646910230304,1.1360459269309084,8062,C_long
EURUSD,C,2021-12-30T15:45:00Z,buy,1.13305,1.131710886826685,1.1370673395199447,8050,C_long
EURUSD,C,2021-12-30T20:45:00Z,sell,1.13191,1.1324748662495387,1.1302154012513836,8048,C_short
EURUSD,C,2021-12-30T23:30:00Z,sell,1.13196,1.1323604167574632,1.1307587497276106,8043,C_short
EURUSD,C,2021-12-31T01:45:00Z,sell,1.13198,1.132323299658004,1.1309501010259881,8039,C_short
EURUSD,C,2021-12-31T05:45:00Z,sell,1.13107,1.131503025364463,1.1297709239066114,8042,C_short
EURUSD,C,2021-12-31T11:45:00Z,sell,1.13189,1.1326949740415644,1.129475077875307,8033,C_short
EURUSD,C,2021-12-31T12:15:00Z,buy,1.13293,1.132080575053225,1.135478274840325,8019,C_long
EURUSD,C,2022-01-03T09:00:00Z,buy,1.13557,1.1347734181350548,1.1379597455948354,7993,C_long
EURUSD,C,2022-01-03T09:45:00Z,buy,1.13516,1.13413446211636,1.1382366136509197,7990,C_long
EURUSD,C,2022-01-04T01:15:00Z,sell,1.13061,1.1309369662453048,1.1296291012640851,8014,C_short
EURUSD,C,2022-01-04T02:45:00Z,sell,1.13021,1.1306255141000194,1.1289634576999414,8014,C_short
EURUSD,C,2022-01-04T10:45:00Z,sell,1.12945,1.1302159554711937,1.1271521335864192,8016,C_short
EURUSD,C,2022-01-04T16:15:00Z,sell,1.1292,1.1304254776692166,1.12552356699235,8012,C_short
EURUSD,C,2022-01-06T01:45:00Z,buy,1.13164,1.1312383922425664,1.1328448232723007,7985,C_long
EURUSD,C,2022-01-06T02:30:00Z,buy,1.13156,1.1311699578539016,1.1327301264382947,7982,C_long
EURUSD,C,2022-01-06T03:45:00Z,buy,1.1315,1.1310361869451175,1.1328914391646472,7979,C_long
EURUSD,C,2022-01-06T11:15:00Z,sell,1.13077,1.1316836815343592,1.1280289553969227,7980,C_short
EURUSD,C,2022-01-06T13:45:00Z,buy,1.13122,1.130356518084014,1.1338104457479574,7970,C_long
EURUSD,C,2022-01-06T15:30:00Z,buy,1.13117,1.1299198345431474,1.134920496370558,7963,C_long
EURUSD,C,2022-01-07T02:30:00Z,sell,1.1296,1.1299336466309475,1.1285990601071572,7965,C_short
EURUSD,C,2022-01-07T03:30:00Z,sell,1.12983,1.1301583069911405,1.128845079026578,7960,C_short
EURUSD,C,2022-01-07T06:45:00Z,sell,1.1299,1.1301679441760561,1.1290961674718312,7956,C_short
EURUSD,C,2022-01-07T11:00:00Z,sell,1.13023,1.130740306456235,1.1286990806312955,7951,C_short
EURUSD,C,2022-01-10T09:00:00Z,buy,1.13387,1.1331359934783392,1.1360720195649823,7922,C_long
EURUSD,C,2022-01-10T15:45:00Z,sell,1.13185,1.1328840170922627,1.128747948723212,7930,C_short
EURUSD,C,2022-01-10T18:15:00Z,sell,1.13234,1.1330261270543462,1.1302816188369609,7919,C_short
EURUSD,C,2022-01-11T06:45:00Z,buy,1.1336,1.133178056286125,1.134865831141625,7905,C_long
EURUSD,C,2022-01-11T11:30:00Z,buy,1.1338,1.133126196461294,1.1358214106161177,7911,C_long
EURUSD,C,2022-01-11T15:00:00Z,buy,1.13352,1.132614483687388,1.1362365489378365,7908,C_long
EURUSD,C,2022-01-12T08:45:00Z,buy,1.13668,1.1360810893099285,1.1384767320702143,7904,C_long
EURUSD,C,2022-01-12T13:00:00Z,buy,1.13697,1.1364362830971786,1.1385711507084644,7897,C_long
EURUSD,C,2022-01-13T15:45:00Z,buy,1.14607,1.1449431299789228,1.1494506100632313,7830,C_long
EURUSD,C,2022-01-17T04:15:00Z,sell,1.14162,1.141958543086964,1.140604370739108,7852,C_short
EURUSD,C,2022-01-17T06:00:00Z,sell,1.14167,1.142023271775386,1.140610184673842,7849,C_short
EURUSD,C,2022-01-17T09:30:00Z,sell,1.14196,1.1425897572979924,1.1400707281060232,7844,C_short
EURUSD,C,2022-01-17T11:30:00Z,sell,1.14107,1.1417944311393766,1.1388967065818703,7845,C_short
EURUSD,C,2022-01-18T03:30:00Z,sell,1.13968,1.1403381171403868,1.1377056485788397,7849,C_short
EURUSD,C,2022-01-19T07:00:00Z,sell,1.13308,1.1334559155334125,1.1319522533997628,7889,C_short
EURUSD,C,2022-01-19T07:45:00Z,sell,1.13307,1.1336065293116762,1.1314604120649716,7886,C_short
EURUSD,C,2022-01-19T08:15:00Z,sell,1.1332,1.1337395264607701,1.1315814206176895,7881,C_short
EURUSD,C,2022-01-19T08:45:00Z,sell,1.13331,1.1338972887638674,1.131548133708398,7875,C_short
EURUSD,C,2022-01-19T12:45:00Z,sell,1.1334,1.1339718749629013,1.131684375111296,7870,C_short
EURUSD,C,2022-01-19T14:00:00Z,sell,1.13374,1.1345008574559348,1.1314574276321956,7863,C_short
EURUSD,C,2022-01-19T15:30:00Z,sell,1.13374,1.13465665020629,1.1309900493811298,7857,C_short
EURUSD,C,2022-01-19T21:00:00Z,sell,1.13443,1.1349222045717036,1.1329533862848895,7845,C_short
EURUSD,C,2022-01-20T05:00:00Z,sell,1.13461,1.1349917727340033,1.1334646817979896,7840,C_short
EURUSD,C,2022-01-20T05:30:00Z,sell,1.13481,1.135198709297985,1.1336438721060456,7835,C_short
EURUSD,C,2022-01-20T09:00:00Z,sell,1.13498,1.135610741397245,1.1330877758082656,7831,C_short
EURUSD,C,2022-01-20T14:15:00Z,sell,1.13424,1.1350005879555678,1.1319582361332963,7831,C_short
EURUSD,C,2022-01-20T16:15:00Z,sell,1.13369,1.1346502125483524,1.1308093623549431,7829,C_short
EURUSD,C,2022-01-21T11:15:00Z,sell,1.13295,1.1335376562033315,1.1311870313900052,7853,C_short
EURUSD,C,2022-01-23T22:30:00Z,buy,1.13414,1.1337913552038783,1.1351859343883648,7840,C_long
EURUSD,C,2022-01-23T23:15:00Z,buy,1.13421,1.1338306836690135,1.1353479489929592,7836,C_long
EURUSD,C,2022-01-24T09:30:00Z,sell,1.13276,1.133573208387213,1.130320374838361,7843,C_short
EURUSD,C,2022-01-24T15:45:00Z,sell,1.13087,1.131993777909638,1.127498666271086,7872,C_short
EURUSD,C,2022-01-25T00:00:00Z,sell,1.13175,1.1321376650961035,1.1305870047116897,7858,C_short
EURUSD,C,2022-01-25T00:45:00Z,sell,1.13198,1.1323860622862634,1.1307618131412098,7853,C_short
EURUSD,C,2022-01-26T06:30:00Z,sell,1.12987,1.1301516531466422,1.129025040560073,7875,C_short
EURUSD,C,2022-01-26T14:45:00Z,sell,1.12836,1.129044138395591,1.1263075848132273,7891,C_short
EURUSD,C,2022-01-26T18:45:00Z,sell,1.12837,1.1289243582179231,1.126706925346231,7886,C_short
EURUSD,C,2022-01-26T19:30:00Z,sell,1.12564,1.1268599718532673,1.1219800844401981,7900,C_short
EURUSD,C,2022-01-28T04:00:00Z,sell,1.11518,1.1154939770873016,1.1142380687380955,8000,C_short
EURUSD,C,2022-01-28T15:15:00Z,sell,1.11433,1.1156000185697468,1.1105199442907598,8012,C_short
EURUSD,C,2022-01-28T19:00:00Z,sell,1.1147,1.1154195837183782,1.1125412488448654,7999,C_short
EURUSD,C,2022-01-31T00:45:00Z,sell,1.1145,1.1149928753208134,1.11302137403756,7995,C_short
EURUSD,C,2022-01-31T11:00:00Z,sell,1.11617,1.1168403106979239,1.1141590679062288,7979,C_short
EURUSD,C,2022-02-01T19:15:00Z,buy,1.12522,1.1244374764963636,1.1275675705109096,7909,C_long
EURUSD,C,2022-02-02T06:45:00Z,buy,1.12691,1.1266360331474445,1.1277319005576667,7913,C_long
EURUSD,C,2022-02-02T16:15:00Z,buy,1.12984,1.1288755560491972,1.1327333318524082,7897,C_long
EURUSD,C,2022-02-03T12:00:00Z,buy,1.12924,1.128575580722424,1.131233257832728,7894,C_long
EURUSD,C,2022-02-03T13:30:00Z,buy,1.13368,1.1320064451890237,1.138700664432929,7858,C_long
EURUSD,C,2022-02-04T08:15:00Z,buy,1.14489,1.143960520931985,1.147678437204045,7814,C_long
EURUSD,C,2022-02-04T14:00:00Z,buy,1.14568,1.1441347553690873,1.1503157338927383,7827,C_long
EURUSD,C,2022-02-04T16:30:00Z,buy,1.14501,1.1435746740841852,1.1493159777474447,7820,C_long
EURUSD,C,2022-02-07T08:15:00Z,buy,1.14451,1.143738912329922,1.1468232630102337,7814,C_long
EURUSD,C,2022-02-07T11:30:00Z,buy,1.1439,1.1430468781265353,1.1464593656203939,7812,C_long
EURUSD,C,2022-02-07T13:45:00Z,buy,1.14397,1.1430660183642185,1.1466819449073442,7805,C_long
EURUSD,C,2022-02-07T14:45:00Z,buy,1.14381,1.1427438508740828,1.1470084473777515,7799,C_long
EURUSD,C,2022-02-07T16:15:00Z,buy,1.14401,1.1426728063573053,1.148021580928084,7790,C_long
EURUSD,C,2022-02-07T19:30:00Z,buy,1.14359,1.1429617722838148,1.145474683148556,7783,C_long
EURUSD,C,2022-02-08T12:15:00Z,sell,1.14197,1.1427065012572366,1.13976049622829,7789,C_short
EURUSD,C,2022-02-09T06:00:00Z,buy,1.1425,1.142184718669972,1.143445843990084,7780,C_long
EURUSD,C,2022-02-09T09:00:00Z,sell,1.14189,1.1425116644391768,1.1400250066824698,7781,C_short
EURUSD,C,2022-02-09T16:00:00Z,buy,1.14322,1.1423744224193033,1.1457567327420897,7768,C_long
EURUSD,C,2022-02-10T05:00:00Z,buy,1.14254,1.1422110094225253,1.1435269717324237,7766,C_long
EURUSD,C,2022-02-10T07:00:00Z,buy,1.14256,1.1421926233209405,1.1436621300371785,7763,C_long
EURUSD,C,2022-02-10T07:30:00Z,buy,1.14281,1.1423064148499509,1.1443207554501478,7758,C_long
EURUSD,C,2022-02-11T11:00:00Z,sell,1.13941,1.1401305210968804,1.137248436709359,7777,C_short
EURUSD,C,2022-02-11T13:30:00Z,sell,1.13957,1.1405736902918366,1.13655892912449,7770,C_short
EURUSD,C,2022-02-11T16:30:00Z,sell,1.13969,1.1407206145731743,1.1365981562804774,7762,C_short
EURUSD,C,2022-02-11T17:30:00Z,sell,1.13976,1.1407179085990011,1.136886274202997,7753,C_short
EURUSD,C,2022-02-14T12:45:00Z,sell,1.1327,1.1340170947423702,1.1287487157728895,7820,C_short
EURUSD,C,2022-02-15T07:45:00Z,sell,1.13126,1.1318075442893585,1.1296173671319243,7857,C_short
EURUSD,C,2022-02-15T14:45:00Z,sell,1.13218,1.13338113497769,1.1285765950669295,7846,C_short
EURUSD,C,2022-02-16T05:15:00Z,buy,1.13516,1.1349258886421534,1.1358623340735396,7816,C_long
EURUSD,C,2022-02-16T13:00:00Z,buy,1.13717,1.1363430422227143,1.139650873331857,7806,C_long
EURUSD,C,2022-02-16T14:30:00Z,buy,1.13698,1.1359239807699735,1.14014805769008,7801,C_long
EURUSD,C,2022-02-17T06:15:00Z,buy,1.13716,1.1360269254618738,1.1405592236143784,7792,C_long
EURUSD,C,2022-02-17T07:30:00Z,buy,1.13697,1.135898944402325,1.140183166793025,7785,C_long
EURUSD,C,2022-02-17T08:30:00Z,buy,1.13695,1.1355620391323418,1.1411138826029743,7777,C_long
EURUSD,C,2022-02-17T10:15:00Z,buy,1.13663,1.1353744030200885,1.1403967909397346,7769,C_long
EURUSD,C,2022-02-17T14:00:00Z,buy,1.13676,1.1356328957341413,1.1401413127975761,7759,C_long
EURUSD,C,2022-02-17T15:00:00Z,buy,1.13721,1.1359299667172902,1.1410500998481297,7748,C_long
EURUSD,C,2022-02-17T15:45:00Z,buy,1.13692,1.1356239487045587,1.1408081538863235,7741,C_long
EURUSD,C,2022-02-18T12:30:00Z,buy,1.13662,1.1359807120036343,1.138537863989097,7733,C_long
EURUSD,C,2022-02-21T11:00:00Z,buy,1.13601,1.1353033294069959,1.1381300117790123,7732,C_long
EURUSD,C,2022-02-21T17:00:00Z,sell,1.13426,1.135037384278417,1.1319278471647494,7739,C_short
EURUSD,C,2022-02-22T17:15:00Z,sell,1.13292,1.1339687828980176,1.1297736513059469,7763,C_short
EURUSD,C,2022-02-22T20:45:00Z,sell,1.1324,1.1332023997239187,1.1299928008282443,7758,C_short
EURUSD,C,2022-02-23T01:30:00Z,sell,1.13307,1.133421093956639,1.1320167181300833,7748,C_short
EURUSD,C,2022-02-23T02:15:00Z,sell,1.13279,1.1332207121252549,1.1314978636242352,7746,C_short
EURUSD,C,2022-02-23T13:00:00Z,buy,1.1344,1.1337185684039515,1.136444294788146,7732,C_long
EURUSD,C,2022-02-24T23:45:00Z,sell,1.11905,1.1197717801254068,1.11688465962378,7833,C_short
EURUSD,C,2022-02-25T06:45:00Z,sell,1.12018,1.1209336246942,1.1179191259173995,7819,C_short
EURUSD,C,2022-02-25T08:00:00Z,sell,1.11882,1.119947983530645,1.1154360494080648,7823,C_short
EURUSD,C,2022-02-28T08:00:00Z,sell,1.11725,1.1186329429992734,1.11310117100218,7825,C_short
EURUSD,C,2022-02-28T13:15:00Z,sell,1.11821,1.1196659141187157,1.1138422576438525,7808,C_short
EURUSD,C,2022-02-28T17:30:00Z,sell,1.11991,1.1216001753500933,1.11483947394972,7786,C_short
EURUSD,C,2022-03-01T00:15:00Z,buy,1.12114,1.1207400491368875,1.1223398525893375,7765,C_long
EURUSD,C,2022-03-01T09:30:00Z,sell,1.12047,1.1216312381214428,1.1169862856356718,7766,C_short
EURUSD,C,2022-03-02T12:30:00Z,sell,1.10973,1.1111966666471258,1.105330000058623,7864,C_short
EURUSD,C,2022-03-02T13:15:00Z,sell,1.10962,1.111182176777403,1.104933469667791,7854,C_short
EURUSD,C,2022-03-02T17:00:00Z,sell,1.1095,1.1117136862130288,1.1028589413609133,7844,C_short
EURUSD,C,2022-03-02T23:15:00Z,sell,1.11106,1.1117678797703268,1.1089363606890195,7817,C_short
EURUSD,C,2022-03-03T00:15:00Z,sell,1.11053,1.1112266703036109,1.1084399890891674,7815,C_short
EURUSD,C,2022-03-07T15:15:00Z,sell,1.08657,1.088655906776645,1.080312279670065,8001,C_short
EURUSD,C,2022-03-07T17:45:00Z,sell,1.08751,1.0890682090640866,1.08283537280774,7979,C_short
EURUSD,C,2022-03-07T19:15:00Z,sell,1.08646,1.0881614961439268,1.0813555115682196,7974,C_short
EURUSD,C,2022-03-08T03:45:00Z,sell,1.08677,1.087526194723129,1.0845014158306132,7959,C_short
EURUSD,C,2022-03-08T07:45:00Z,sell,1.08612,1.0872604542591338,1.0826986372225986,7957,C_short
EURUSD,C,2022-03-08T10:15:00Z,sell,1.08739,1.0892054404590221,1.081943678622934,7939,C_short
EURUSD,C,2022-03-08T15:45:00Z,sell,1.08756,1.089383593389121,1.0820892198326375,7924,C_short
EURUSD,C,2022-03-08T21:30:00Z,sell,1.08995,1.0910155717770682,1.0867532846687953,7893,C_short
EURUSD,C,2022-03-10T01:45:00Z,buy,1.10512,1.104309484453959,1.1075515466381236,7776,C_long
EURUSD,C,2022-03-10T09:15:00Z,buy,1.10525,1.1036106780865778,1.110167965740267,7769,C_long
EURUSD,C,2022-03-10T11:30:00Z,buy,1.10499,1.1036104115318324,1.1091287654045026,7758,C_long
EURUSD,C,2022-03-10T12:45:00Z,buy,1.10982,1.1076068717549152,1.1164593847352544,7714,C_long
EURUSD,C,2022-03-10T23:45:00Z,buy,1.10133,1.1006161848946143,1.1034714453161567,7758,C_long
EURUSD,C,2022-03-11T03:45:00Z,buy,1.10043,1.0996976998590622,1.1026269004228135,7758,C_long
EURUSD,C,2022-03-11T05:30:00Z,buy,1.10019,1.0994831198885473,1.102310640334358,7754,C_long
EURUSD,C,2022-03-11T12:45:00Z,sell,1.09864,1.100722970595095,1.0923910882147154,7760,C_short
EURUSD,C,2022-03-11T14:00:00Z,sell,1.09936,1.1011961794122331,1.0938514617633002,7739,C_short
EURUSD,C,2022-03-14T13:45:00Z,sell,1.09426,1.095412496783751,1.0908025096487468,7814,C_short
EURUSD,C,2022-03-14T18:45:00Z,sell,1.09579,1.09674992580231,1.0929102225930705,7794,C_short
EURUSD,C,2022-03-15T13:45:00Z,buy,1.09972,1.0985128786364542,1.1033413640906375,7758,C_long
EURUSD,C,2022-03-15T23:00:00Z,sell,1.09598,1.0966078477301646,1.094096456809506,7776,C_short
EURUSD,C,2022-03-16T00:45:00Z,sell,1.09569,1.0964520438636725,1.0934038684089828,7773,C_short
EURUSD,C,2022-03-16T08:00:00Z,buy,1.0968,1.0960616777671415,1.0990149666985756,7759,C_long
EURUSD,C,2022-03-16T14:45:00Z,buy,1.10175,1.0997079170003168,1.1078762489990497,7739,C_long
EURUSD,C,2022-03-16T18:45:00Z,buy,1.10008,1.0978571616249273,1.1067485151252179,7736,C_long
EURUSD,C,2022-03-18T06:15:00Z,buy,1.1092,1.1086393110511132,1.1108820668466601,7717,C_long
EURUSD,C,2022-03-18T16:00:00Z,buy,1.10643,1.1050440677508155,1.1105877967475535,7732,C_long
EURUSD,C,2022-03-18T19:00:00Z,buy,1.10551,1.1045932576661304,1.1082602270016089,7729,C_long
EURUSD,C,2022-03-20T22:15:00Z,buy,1.10526,1.104630365602557,1.107148903192329,7723,C_long
EURUSD,C,2022-03-21T01:15:00Z,buy,1.10507,1.1045035886235395,1.1067692341293816,7720,C_long
EURUSD,C,2022-03-21T02:45:00Z,sell,1.10489,1.1053348649981543,1.103555405005537,7716,C_short
EURUSD,C,2022-03-21T16:15:00Z,sell,1.10407,1.1049389270134662,1.1014632189596019,7731,C_short
EURUSD,C,2022-03-22T09:45:00Z,sell,1.09963,1.1006713766192102,1.0965058701423698,7755,C_short
EURUSD,C,2022-03-23T00:15:00Z,sell,1.10238,1.1028874474546517,1.1008576576360445,7728,C_short
EURUSD,C,2022-03-23T01:15:00Z,sell,1.10232,1.102824372281527,1.100806883155419,7724,C_short
EURUSD,C,2022-03-23T04:30:00Z,buy,1.10275,1.1023441345281129,1.103967596415661,7717,C_long
EURUSD,C,2022-03-23T17:00:00Z,sell,1.10002,1.1009014154939147,1.0973757535182558,7744,C_short
EURUSD,C,2022-03-23T20:45:00Z,sell,1.1002,1.1006905502834028,1.098728349149792,7736,C_short
EURUSD,C,2022-03-23T22:45:00Z,sell,1.10024,1.1006350516845982,1.0990548449462059,7731,C_short
EURUSD,C,2022-03-24T00:45:00Z,sell,1.10024,1.1007433865145726,1.0987298404562826,7728,C_short
EURUSD,C,2022-03-24T08:45:00Z,sell,1.09774,1.0988724497658158,1.0943426507025524,7755,C_short
EURUSD,C,2022-03-24T09:45:00Z,sell,1.0988,1.0998518130915844,1.0956445607252467,7739,C_short
EURUSD,C,2022-03-24T11:45:00Z,sell,1.09876,1.09979873653546,1.0956437903936198,7731,C_short
EURUSD,C,2022-03-24T16:45:00Z,sell,1.09857,1.0995233603713213,1.0957099188860364,7725,C_short
EURUSD,C,2022-03-25T11:15:00Z,buy,1.10198,1.101233286106722,1.1042201416798338,7694,C_long
EURUSD,C,2022-03-25T14:30:00Z,buy,1.10184,1.1007373465554897,1.1051479603335306,7689,C_long
EURUSD,C,2022-03-28T11:30:00Z,sell,1.09621,1.0973673412005944,1.0927379763982163,7720,C_short
EURUSD,C,2022-03-28T15:00:00Z,sell,1.09683,1.0978418728874062,1.0937943813377813,7707,C_short
EURUSD,C,2022-03-29T00:45:00Z,sell,1.09736,1.0981189470687662,1.0950831587937009,7695,C_short
EURUSD,C,2022-03-29T06:00:00Z,buy,1.09875,1.0981321611737944,1.1006035164786163,7680,C_long
EURUSD,C,2022-03-29T09:00:00Z,buy,1.10092,1.0994488689611102,1.1053333931166691,7677,C_long
EURUSD,C,2022-03-30T12:30:00Z,buy,1.11297,1.1116355169606411,1.1169734491180767,7623,C_long
EURUSD,C,2022-03-31T04:45:00Z,buy,1.11605,1.1155924354315032,1.1174226937054903,7628,C_long
EURUSD,C,2022-04-01T07:00:00Z,sell,1.10577,1.1067934609705419,1.102699617088374,7695,C_short
EURUSD,C,2022-04-01T08:30:00Z,sell,1.10621,1.1075459301305908,1.1022022096082273,7685,C_short
EURUSD,C,2022-04-05T07:00:00Z,sell,1.09741,1.0981067265499982,1.0953198203500054,7773,C_short
EURUSD,C,2022-04-05T08:30:00Z,sell,1.09672,1.0975844988718415,1.0941265033844751,7773,C_short
EURUSD,C,2022-04-05T10:00:00Z,sell,1.09691,1.0977755339786093,1.0943133980641724,7765,C_short
EURUSD,C,2022-04-06T10:15:00Z,sell,1.08994,1.0908962301831104,1.0870713094506683,7832,C_short
EURUSD,C,2022-04-06T14:00:00Z,sell,1.09069,1.091656935168645,1.087789194494065,7819,C_short
EURUSD,C,2022-04-06T15:15:00Z,sell,1.09096,1.0919164891912054,1.0880905324263834,7810,C_short
EURUSD,C,2022-04-07T00:15:00Z,sell,1.0901,1.0905960799371133,1.0886117601886605,7808,C_short
EURUSD,C,2022-04-07T07:15:00Z,sell,1.0896,1.0904184375167745,1.0871446874496762,7808,C_short
EURUSD,C,2022-04-07T14:00:00Z,sell,1.09048,1.0918350964118098,1.0864147107645703,7818,C_short
EURUSD,C,2022-04-07T15:15:00Z,sell,1.09012,1.091428103416665,1.0861956897500047,7810,C_short
EURUSD,C,2022-04-08T08:15:00Z,sell,1.08664,1.087491770911669,1.0840846872649934,7862,C_short
EURUSD,C,2022-04-08T10:00:00Z,sell,1.08656,1.0873799945542992,1.0841000163371022,7856,C_short
EURUSD,C,2022-04-08T11:15:00Z,sell,1.08637,1.0874074121587483,1.0832577635237555,7851,C_short
EURUSD,C,2022-04-11T02:15:00Z,sell,1.08795,1.0886379175662984,1.0858862473011048,7832,C_short
EURUSD,C,2022-04-11T04:15:00Z,sell,1.08816,1.0887004459783474,1.086538662064958,7825,C_short
EURUSD,C,2022-04-11T05:15:00Z,sell,1.08818,1.0886840686930879,1.086667793920736,7820,C_short
EURUSD,C,2022-04-11T06:15:00Z,sell,1.08789,1.0885842278704847,1.085807316388546,7818,C_short
EURUSD,C,2022-04-11T14:45:00Z,buy,1.08957,1.0885451278358347,1.0926446164924957,7800,C_long
EURUSD,C,2022-04-11T18:30:00Z,buy,1.0893,1.0885797156868005,1.0914608529395984,7794,C_long
EURUSD,C,2022-04-12T04:45:00Z,sell,1.08792,1.0883142149684668,1.0867373550945996,7798,C_short
EURUSD,C,2022-04-12T10:00:00Z,sell,1.08712,1.08787068227034,1.0848679531889807,7812,C_short
EURUSD,C,2022-04-12T13:45:00Z,sell,1.087,1.0882930791689798,1.0831207624930606,7807,C_short
EURUSD,C,2022-04-12T14:45:00Z,sell,1.08726,1.0885480840324984,1.0833957479025045,7795,C_short
EURUSD,C,2022-04-13T03:30:00Z,sell,1.08351,1.0840422286009537,1.0819133141971389,7849,C_short
EURUSD,C,2022-04-13T06:15:00Z,sell,1.08273,1.0834330239850978,1.0806209280447066,7850,C_short
EURUSD,C,2022-04-13T08:00:00Z,sell,1.08334,1.0841447707017557,1.0809256878947326,7839,C_short
EURUSD,C,2022-04-13T11:45:00Z,sell,1.08306,1.0838834103995623,1.0805897688013129,7835,C_short
EURUSD,C,2022-04-15T09:45:00Z,sell,1.08134,1.0817896431675809,1.0799910704972573,7841,C_short
EURUSD,C,2022-04-15T12:30:00Z,sell,1.08129,1.081777791990209,1.0798266240293735,7838,C_short
EURUSD,C,2022-04-18T00:15:00Z,sell,1.08049,1.0810315631529548,1.0788653105411354,7839,C_short
EURUSD,C,2022-04-18T13:00:00Z,sell,1.07983,1.0805835975838844,1.077569207248347,7840,C_short
EURUSD,C,2022-04-18T14:15:00Z,sell,1.07995,1.0807087883294988,1.0776736350115035,7833,C_short
EURUSD,C,2022-04-19T11:00:00Z,sell,1.07862,1.079541542708596,1.0758553718742119,7858,C_short
EURUSD,C,2022-04-19T13:00:00Z,sell,1.07875,1.0796828967270913,1.0759513098187266,7850,C_short
EURUSD,C,2022-04-19T14:30:00Z,sell,1.07856,1.0796651521157437,1.075244543652769,7844,C_short
EURUSD,C,2022-04-19T17:45:00Z,sell,1.0789,1.079624886619757,1.0767253401407286,7833,C_short
EURUSD,C,2022-04-20T00:15:00Z,sell,1.07892,1.0793641515125076,1.0775875454624775,7827,C_short
EURUSD,C,2022-04-20T01:15:00Z,sell,1.07848,1.0791322179031848,1.076523346290446,7826,C_short
EURUSD,C,2022-04-21T05:00:00Z,buy,1.08441,1.0838395098661289,1.0861214704016138,7778,C_long
EURUSD,C,2022-04-21T11:45:00Z,buy,1.08797,1.086910324445506,1.0911490266634822,7764,C_long
EURUSD,C,2022-04-22T04:15:00Z,buy,1.08447,1.083919618156879,1.086121145529363,7780,C_long
EURUSD,C,2022-04-22T05:45:00Z,buy,1.08458,1.0839840747725598,1.0863677756823211,7775,C_long
EURUSD,C,2022-04-22T11:45:00Z,sell,1.08212,1.0829003891368023,1.079778832589593,7787,C_short
EURUSD,C,2022-04-22T13:30:00Z,sell,1.08116,1.0822805830233035,1.077798250930089,7788,C_short
EURUSD,C,2022-04-24T22:00:00Z,sell,1.08006,1.0808708962138471,1.0776273113584587,7819,C_short
EURUSD,C,2022-04-25T00:45:00Z,sell,1.0802,1.0808832310028011,1.0781503069915968,7812,C_short
EURUSD,C,2022-04-26T06:00:00Z,sell,1.07207,1.0727491646843716,1.0700325059468854,7885,C_short
EURUSD,C,2022-04-27T06:00:00Z,sell,1.06277,1.0636547175039721,1.0601158474880836,7969,C_short
EURUSD,C,2022-04-28T08:30:00Z,sell,1.05285,1.0544985918008885,1.047904224597335,8063,C_short
EURUSD,C,2022-04-28T15:30:00Z,sell,1.0511,1.0529715783408056,1.045485264977583,8113,C_short
EURUSD,C,2022-04-29T12:00:00Z,sell,1.05403,1.055433233337846,1.049820299986462,8076,C_short
EURUSD,C,2022-04-29T15:15:00Z,sell,1.05349,1.0551139972618078,1.0486180082145768,8069,C_short
EURUSD,C,2022-04-29T19:45:00Z,sell,1.05485,1.0558038153473974,1.051988553957808,8045,C_short
EURUSD,C,2022-05-02T00:15:00Z,sell,1.05464,1.0555007623541872,1.0520577129374384,8039,C_short
EURUSD,C,2022-05-02T07:45:00Z,sell,1.05321,1.0544570769300372,1.0494687692098883,8068,C_short
EURUSD,C,2022-05-02T22:30:00Z,sell,1.051,1.0515283166363796,1.049415050090861,8113,C_short
EURUSD,C,2022-05-03T02:45:00Z,sell,1.05136,1.051924287116829,1.049667138649513,8106,C_short
EURUSD,C,2022-05-03T04:30:00Z,sell,1.05113,1.0517248189015862,1.049345543295241,8102,C_short
EURUSD,C,2022-05-03T08:30:00Z,sell,1.05062,1.051664362774609,1.0474869116761736,8101,C_short
EURUSD,C,2022-05-03T10:30:00Z,sell,1.05078,1.0517260498961156,1.0479418503116533,8091,C_short
EURUSD,C,2022-05-03T17:00:00Z,buy,1.05332,1.0520805892470235,1.0570382322589296,8064,C_long
EURUSD,C,2022-05-03T22:15:00Z,sell,1.05232,1.0527892046123735,1.0509123861628793,8061,C_short
EURUSD,C,2022-05-04T00:15:00Z,sell,1.05209,1.0525967773234481,1.0505696680296555,8059,C_short
EURUSD,C,2022-05-04T01:00:00Z,sell,1.05195,1.0524880058606267,1.0503359824181195,8055,C_short
EURUSD,C,2022-05-04T02:30:00Z,sell,1.05236,1.0529223743201208,1.0506728770396374,8047,C_short
EURUSD,C,2022-05-04T14:15:00Z,buy,1.05376,1.052645208001846,1.057104375994462,8049,C_long
EURUSD,C,2022-05-05T07:00:00Z,buy,1.06037,1.0593627625592206,1.0633917123223384,8023,C_long
EURUSD,C,2022-05-05T10:00:00Z,buy,1.06056,1.0595275687128651,1.0636572938614044,8013,C_long
EURUSD,C,2022-05-05T20:15:00Z,sell,1.0544,1.0554276753824154,1.0513169738527537,8051,C_short
EURUSD,C,2022-05-09T13:45:00Z,sell,1.05322,1.0545917464746326,1.0491047605761024,8083,C_short
EURUSD,C,2022-05-10T07:30:00Z,buy,1.05756,1.0565170361885652,1.0606888914343047,8039,C_long
EURUSD,C,2022-05-10T08:30:00Z,buy,1.05663,1.0554350297398836,1.0602149107803491,8037,C_long
EURUSD,C,2022-05-10T13:00:00Z,buy,1.05654,1.0553281084954174,1.060175674513748,8028,C_long
EURUSD,C,2022-05-11T02:15:00Z,sell,1.05341,1.0538902679205169,1.0519691962384492,8042,C_short
EURUSD,C,2022-05-11T11:00:00Z,buy,1.05537,1.0544236400061038,1.0582090799816883,8023,C_long
EURUSD,C,2022-05-11T13:00:00Z,buy,1.05467,1.0527179711495505,1.0605260865513486,8020,C_long
EURUSD,C,2022-05-12T00:45:00Z,sell,1.05241,1.0530331310685928,1.050540606794222,8022,C_short
EURUSD,C,2022-05-13T06:15:00Z,sell,1.03877,1.0393667139090357,1.0369798582728929,8141,C_short
EURUSD,C,2022-05-13T09:00:00Z,sell,1.03954,1.0406499567137915,1.0362101298586253,8129,C_short
EURUSD,C,2022-05-13T18:00:00Z,sell,1.03952,1.0404158685892395,1.0368323942322815,8155,C_short
EURUSD,C,2022-05-15T21:00:00Z,sell,1.03965,1.0404259253254489,1.0373222240236533,8146,C_short
EURUSD,C,2022-05-15T21:45:00Z,sell,1.03967,1.0404306008711146,1.0373881973866566,8139,C_short
EURUSD,C,2022-05-15T23:45:00Z,sell,1.0398,1.0404772839852765,1.0377681480441707,8132,C_short
EURUSD,C,2022-05-16T02:00:00Z,sell,1.03975,1.0405482773214856,1.037355168035543,8127,C_short
EURUSD,C,2022-05-16T06:00:00Z,sell,1.03985,1.0404696069399937,1.0379911791800187,8119,C_short
EURUSD,C,2022-05-16T06:30:00Z,sell,1.03988,1.040579526990484,1.0377814190285475,8113,C_short
EURUSD,C,2022-05-16T13:45:00Z,sell,1.04041,1.0414526347863624,1.037282095640913,8103,C_short
EURUSD,C,2022-05-16T14:30:00Z,sell,1.04038,1.0416773536668558,1.036487938999433,8095,C_short
EURUSD,C,2022-05-17T03:15:00Z,buy,1.04375,1.0431018120585998,1.0456945638242006,8058,C_long
EURUSD,C,2022-05-18T02:15:00Z,buy,1.05389,1.0532475442016371,1.0558173673950886,7994,C_long
EURUSD,C,2022-05-18T05:00:00Z,buy,1.05368,1.0530711442756866,1.05550656717294,7990,C_long
EURUSD,C,2022-05-18T13:00:00Z,buy,1.05247,1.0516693581975138,1.0548719254074586,7994,C_long
EURUSD,C,2022-05-18T13:30:00Z,buy,1.05307,1.0521932512683547,1.0557002461949356,7983,C_long
EURUSD,C,2022-05-19T01:15:00Z,sell,1.04841,1.0490862473676108,1.0463812578971678,8011,C_short
EURUSD,C,2022-05-19T05:30:00Z,sell,1.04895,1.0495838161832163,1.0470485514503514,8001,C_short
EURUSD,C,2022-05-19T08:00:00Z,sell,1.04866,1.0496986543146316,1.0455440370561049,8017,C_short
EURUSD,C,2022-05-20T04:00:00Z,buy,1.05693,1.0563001470727134,1.0588195587818596,7946,C_long
EURUSD,C,2022-05-20T07:30:00Z,buy,1.05754,1.0566449338122035,1.0602251985633893,7954,C_long
EURUSD,C,2022-05-20T08:30:00Z,buy,1.05754,1.0565327939676117,1.0605616180971646,7947,C_long
EURUSD,C,2022-05-20T20:15:00Z,buy,1.05608,1.0552119145411019,1.058684256376694,7950,C_long
EURUSD,C,2022-05-24T03:45:00Z,buy,1.06725,1.0667765253948087,1.068670423815574,7885,C_long
EURUSD,C,2022-05-24T06:00:00Z,buy,1.06707,1.06653082364734,1.0686875290579796,7882,C_long
EURUSD,C,2022-05-25T14:15:00Z,buy,1.06834,1.0670034780121636,1.0723495659635096,7883,C_long
EURUSD,C,2022-05-25T20:00:00Z,sell,1.06743,1.0683184527181737,1.0647646418454793,7880,C_short
EURUSD,C,2022-05-26T07:15:00Z,buy,1.06855,1.0675156478817078,1.071653056354877,7864,C_long
EURUSD,C,2022-05-27T07:00:00Z,buy,1.07494,1.0741658201624735,1.0772625395125794,7839,C_long
EURUSD,C,2022-05-27T13:45:00Z,buy,1.07446,1.0732144931011898,1.0781965206964306,7837,C_long
EURUSD,C,2022-05-27T18:30:00Z,buy,1.07261,1.0718706651092997,1.074828004672101,7840,C_long
EURUSD,C,2022-05-30T08:00:00Z,buy,1.07526,1.0742757681389115,1.078212695583266,7836,C_long
EURUSD,C,2022-05-30T08:30:00Z,buy,1.07551,1.0744196214021156,1.0787811357936532,7827,C_long
EURUSD,C,2022-05-31T16:15:00Z,sell,1.07249,1.0739208445758373,1.068197466272488,7840,C_short
EURUSD,C,2022-06-01T00:15:00Z,sell,1.07308,1.073463597429352,1.071929207711944,7825,C_short
EURUSD,C,2022-06-01T07:30:00Z,sell,1.07151,1.072429007515881,1.0687529774523565,7844,C_short
EURUSD,C,2022-06-01T08:30:00Z,sell,1.07215,1.0732302997266385,1.0689091008200842,7832,C_short
EURUSD,C,2022-06-03T13:45:00Z,buy,1.07441,1.0729653001978294,1.078744099406512,7838,C_long
EURUSD,C,2022-06-05T23:15:00Z,buy,1.07255,1.0720870615310694,1.0739388154067915,7840,C_long
EURUSD,C,2022-06-06T02:30:00Z,buy,1.07237,1.0717947977321747,1.0740956068034762,7837,C_long
EURUSD,C,2022-06-07T06:45:00Z,sell,1.06855,1.069465377452908,1.0658038676412767,7877,C_short
EURUSD,C,2022-06-07T08:45:00Z,sell,1.06793,1.068945772917234,1.064882681248298,7874,C_short
EURUSD,C,2022-06-07T23:45:00Z,sell,1.06972,1.0700778055961007,1.068646583211698,7853,C_short
EURUSD,C,2022-06-08T00:15:00Z,sell,1.06966,1.0700456406477379,1.0685030780567866,7850,C_short
EURUSD,C,2022-06-08T06:45:00Z,sell,1.06878,1.0693486678596626,1.0670739964210123,7864,C_short
EURUSD,C,2022-06-08T07:15:00Z,sell,1.06849,1.069216599414591,1.0663102017562267,7862,C_short
EURUSD,C,2022-06-08T08:30:00Z,sell,1.06763,1.0685476957056024,1.0648769128831932,7862,C_short
EURUSD,C,2022-06-08T22:15:00Z,buy,1.07182,1.0715046829865793,1.072765951040262,7824,C_long
EURUSD,C,2022-06-09T02:30:00Z,buy,1.07182,1.071428053968217,1.0729958380953488,7821,C_long
EURUSD,C,2022-06-09T09:30:00Z,buy,1.07175,1.0710949617333674,1.0737151147998978,7829,C_long
EURUSD,C,2022-06-10T05:45:00Z,sell,1.06335,1.063814397104063,1.061956808687811,7905,C_short
EURUSD,C,2022-06-10T07:45:00Z,sell,1.06254,1.0634610613149391,1.0597768160551828,7921,C_short
EURUSD,C,2022-06-14T05:15:00Z,sell,1.04182,1.0425845302800538,1.0395264091598384,8098,C_short
EURUSD,C,2022-06-14T09:45:00Z,sell,1.04357,1.0448887806144032,1.039613658156791,8078,C_short
EURUSD,C,2022-06-14T13:45:00Z,sell,1.04386,1.0450791080484811,1.0402026758545566,8065,C_short
EURUSD,C,2022-06-15T04:15:00Z,sell,1.04293,1.043592306849855,1.0409430794504348,8099,C_short
EURUSD,C,2022-06-15T18:45:00Z,sell,1.04222,1.0454206308850906,1.0326181073447278,8099,C_short
EURUSD,C,2022-06-16T01:30:00Z,sell,1.04389,1.0448971513063452,1.0408685460809644,8061,C_short
EURUSD,C,2022-06-16T04:00:00Z,sell,1.04415,1.044820405193156,1.0421387844205316,8051,C_short
EURUSD,C,2022-06-17T03:00:00Z,buy,1.05338,1.0524629098434901,1.0561312704695296,7994,C_long
EURUSD,C,2022-06-17T07:15:00Z,buy,1.05262,1.0515130055084987,1.0559409834745035,7993,C_long
EURUSD,C,2022-06-17T09:00:00Z,buy,1.05348,1.0521366539098667,1.0575100382704,7977,C_long
EURUSD,C,2022-06-17T10:30:00Z,buy,1.05227,1.050964649735377,1.056186050793869,7975,C_long
EURUSD,C,2022-06-17T17:30:00Z,buy,1.04985,1.0485467151317454,1.0537598546047637,7983,C_long
EURUSD,C,2022-06-19T23:30:00Z,buy,1.04919,1.0484790550351586,1.0513228348945245,7969,C_long
EURUSD,C,2022-06-20T12:15:00Z,buy,1.05198,1.0509972894880888,1.0549281315357333,7963,C_long
EURUSD,C,2022-06-20T13:15:00Z,buy,1.05193,1.0509981095322334,1.0547256714033,7955,C_long
EURUSD,C,2022-06-20T22:45:00Z,buy,1.05182,1.0514260455232323,1.053001863430303,7948,C_long
EURUSD,C,2022-06-21T06:30:00Z,buy,1.05278,1.0521765842287205,1.0545902473138387,7937,C_long
EURUSD,C,2022-06-22T09:15:00Z,sell,1.05083,1.0520913942285306,1.047045817314408,7965,C_short
EURUSD,C,2022-06-22T11:45:00Z,sell,1.05114,1.0521305951863709,1.0481682144408873,7952,C_short
EURUSD,C,2022-06-23T02:30:00Z,buy,1.0564,1.0556285931249219,1.0587142206252345,7904,C_long
EURUSD,C,2022-06-23T14:15:00Z,sell,1.05206,1.053883155724586,1.046590532826242,7931,C_short
EURUSD,C,2022-06-23T15:15:00Z,sell,1.05148,1.0533422267782695,1.0458933196651914,7921,C_short
EURUSD,C,2022-06-24T07:00:00Z,sell,1.05288,1.0535446465063518,1.0508860604809447,7896,C_short
EURUSD,C,2022-06-24T12:30:00Z,buy,1.05334,1.0523181555965202,1.0564055332104392,7887,C_long
EURUSD,C,2022-06-24T13:15:00Z,buy,1.05344,1.0522913978801645,1.0568858063595064,7878,C_long
EURUSD,C,2022-06-24T18:00:00Z,buy,1.05494,1.05399043275102,1.0577887017469403,7892,C_long
EURUSD,C,2022-06-27T12:00:00Z,buy,1.05718,1.0563054752873131,1.0598035741380607,7895,C_long
EURUSD,C,2022-06-27T13:00:00Z,buy,1.05838,1.0573005459690066,1.0616183620929807,7880,C_long
EURUSD,C,2022-06-27T21:00:00Z,buy,1.05835,1.0577868153428538,1.0600395539714382,7871,C_long
EURUSD,C,2022-06-28T00:15:00Z,buy,1.05827,1.0578549104141184,1.059515268757645,7867,C_long
EURUSD,C,2022-06-28T01:00:00Z,buy,1.05825,1.0577164320532793,1.059850703840162,7863,C_long
EURUSD,C,2022-06-28T03:30:00Z,buy,1.05804,1.057518788904981,1.0596036332850571,7860,C_long
EURUSD,C,2022-06-28T06:00:00Z,buy,1.05807,1.057487860880442,1.059816417358674,7856,C_long
EURUSD,C,2022-06-28T08:15:00Z,buy,1.05875,1.0576758154128016,1.0619725537615954,7863,C_long
EURUSD,C,2022-06-28T11:15:00Z,buy,1.05834,1.0575949403943659,1.0605751788169027,7857,C_long
EURUSD,C,2022-06-29T02:30:00Z,sell,1.05301,1.053553425239744,1.0513797242807679,7891,C_short
EURUSD,C,2022-06-29T09:15:00Z,sell,1.05134,1.0525110664146402,1.0478268007560791,7915,C_short
EURUSD,C,2022-06-29T12:00:00Z,sell,1.05172,1.052850248213043,1.0483292553608707,7902,C_short
EURUSD,C,2022-06-29T13:00:00Z,sell,1.05176,1.052922321367165,1.048273035898505,7893,C_short
EURUSD,C,2022-06-30T02:30:00Z,sell,1.0453,1.045957186088331,1.0433284417350066,7967,C_short
EURUSD,C,2022-06-30T06:45:00Z,sell,1.04406,1.044968440723493,1.0413346778295212,7971,C_short
EURUSD,C,2022-06-30T14:15:00Z,sell,1.04228,1.0436453654258058,1.038183903722583,7977,C_short
EURUSD,C,2022-07-01T02:30:00Z,sell,1.04645,1.0469708688887922,1.0448873933336238,7934,C_short
EURUSD,C,2022-07-01T05:45:00Z,sell,1.04631,1.0469745596546731,1.044316321035981,7946,C_short
EURUSD,C,2022-07-01T09:45:00Z,sell,1.04559,1.0466747580870743,1.042335725738777,7946,C_short
EURUSD,C,2022-07-01T10:45:00Z,sell,1.04505,1.046181777495801,1.0416546675125968,7941,C_short
EURUSD,C,2022-07-01T19:15:00Z,sell,1.04221,1.043182827438071,1.0392915176857873,7988,C_short
EURUSD,C,2022-07-03T21:00:00Z,sell,1.04237,1.0431131168281862,1.0401406495154415,7978,C_short
EURUSD,C,2022-07-04T02:15:00Z,sell,1.04283,1.0434613936439208,1.0409358190682374,7968,C_short
EURUSD,C,2022-07-04T03:30:00Z,sell,1.04294,1.0435525530077134,1.0411023409768596,7962,C_short
EURUSD,C,2022-07-04T06:45:00Z,sell,1.0425,1.0431681205222045,1.0404956384333863,7960,C_short
EURUSD,C,2022-07-04T08:00:00Z,sell,1.04243,1.0432077745817954,1.0400966762546138,7954,C_short
EURUSD,C,2022-07-04T14:00:00Z,sell,1.04351,1.0443835891356112,1.040889232593166,7939,C_short
EURUSD,C,2022-07-05T06:30:00Z,sell,1.0431,1.0436799465264996,1.0413601604205007,7935,C_short
EURUSD,C,2022-07-05T07:00:00Z,sell,1.04029,1.041321604279904,1.0371951871602876,7952,C_short
EURUSD,C,2022-07-06T07:00:00Z,sell,1.02583,1.0269431356732421,1.0224905929802737,8087,C_short
EURUSD,C,2022-07-06T07:30:00Z,sell,1.02586,1.0270527996834575,1.0222816009496274,8077,C_short
EURUSD,C,2022-07-06T08:15:00Z,sell,1.02562,1.0268259676754241,1.0220020969737276,8069,C_short
EURUSD,C,2022-07-07T07:00:00Z,sell,1.01916,1.0201244916400323,1.0162665250799034,8148,C_short
EURUSD,C,2022-07-07T08:30:00Z,sell,1.01923,1.0205118683758383,1.0153843948724854,8139,C_short
EURUSD,C,2022-07-07T09:00:00Z,sell,1.01877,1.0203257144689628,1.0141028565931114,8131,C_short
EURUSD,C,2022-07-07T10:30:00Z,sell,1.01949,1.0209932230839152,1.0149803307482546,8112,C_short
EURUSD,C,2022-07-08T02:45:00Z,sell,1.01649,1.017117172817845,1.0146084815464647,8171,C_short
EURUSD,C,2022-07-08T06:45:00Z,sell,1.016,1.016865702832699,1.0134028915019029,8189,C_short
EURUSD,C,2022-07-08T10:45:00Z,sell,1.01383,1.0152870068015076,1.0094589795954771,8227,C_short
EURUSD,C,2022-07-08T12:30:00Z,sell,1.01339,1.01516084063051,1.0080774781084703,8218,C_short
EURUSD,C,2022-07-08T13:45:00Z,sell,1.01427,1.0163962809155211,1.0078911572534366,8196,C_short
EURUSD,C,2022-07-10T23:45:00Z,sell,1.01672,1.017277259511444,1.015048221465668,8158,C_short
EURUSD,C,2022-07-12T18:45:00Z,sell,1.00448,1.0053199018984456,1.0019602943046635,8271,C_short
EURUSD,C,2022-07-13T07:15:00Z,sell,1.00102,1.002330566533046,0.9970883004008622,8319,C_short
EURUSD,C,2022-07-13T09:15:00Z,sell,1.00341,1.0046951003918436,0.9995546988244688,8287,C_short
EURUSD,C,2022-07-13T12:30:00Z,sell,1.00065,1.0030003934133125,0.9935988197600627,8299,C_short
EURUSD,C,2022-07-13T14:15:00Z,sell,1.00358,1.0062427005629158,0.9955918983112524,8254,C_short
EURUSD,C,2022-07-13T19:15:00Z,buy,1.00604,1.0049200544907304,1.009399836527809,8212,C_long
EURUSD,C,2022-07-14T08:00:00Z,sell,1.00288,1.0040980618108288,0.9992258145675135,8228,C_short
EURUSD,C,2022-07-14T10:15:00Z,sell,1.00246,1.0037857854601036,0.998482643619689,8221,C_short
EURUSD,C,2022-07-14T16:45:00Z,sell,0.99903,1.001180183124776,0.992579450625672,8281,C_short
EURUSD,C,2022-07-14T19:45:00Z,sell,1.00153,1.0027659652245173,0.9978221043264481,8242,C_short
EURUSD,C,2022-07-15T05:15:00Z,sell,1.00222,1.0028095679945928,1.0004512960162222,8225,C_short
EURUSD,C,2022-07-15T05:45:00Z,sell,1.0021,1.0027609644048272,1.0001171067855184,8221,C_short
EURUSD,C,2022-07-15T08:30:00Z,sell,1.00196,1.0030089877109856,0.9988130368670431,8216,C_short
EURUSD,C,2022-07-18T06:30:00Z,buy,1.01035,1.0093950589088054,1.013214823273584,8139,C_long
EURUSD,C,2022-07-18T12:30:00Z,buy,1.01329,1.012030504792667,1.0170684856219991,8137,C_long
EURUSD,C,2022-07-18T23:45:00Z,buy,1.01463,1.0141896284048144,1.0159511147855564,8156,C_long
EURUSD,C,2022-07-19T05:00:00Z,buy,1.01406,1.0131483564107004,1.0167949307678985,8156,C_long
EURUSD,C,2022-07-19T20:00:00Z,buy,1.02252,1.021821687440072,1.0246149376797842,8109,C_long
EURUSD,C,2022-07-20T06:45:00Z,buy,1.02499,1.0241687110777324,1.027453866766803,8106,C_long
EURUSD,C,2022-07-20T09:00:00Z,buy,1.02405,1.0226402492033226,1.0282792523900317,8106,C_long
EURUSD,C,2022-07-20T13:00:00Z,buy,1.02264,1.0207106881127719,1.0284279356616843,8105,C_long
EURUSD,C,2022-07-21T13:45:00Z,buy,1.02123,1.0177474200406156,1.0316777398781536,8100,C_long
EURUSD,C,2022-07-21T15:30:00Z,buy,1.0207,1.0181177748243238,1.0284466755270285,8077,C_long
EURUSD,C,2022-07-21T18:30:00Z,sell,1.01927,1.020489476457696,1.0156115706269118,8067,C_short
EURUSD,C,2022-07-22T07:15:00Z,sell,1.01824,1.0193799390872489,1.0148201827382535,8065,C_short
EURUSD,C,2022-07-22T19:45:00Z,buy,1.02119,1.0201611975161713,1.0242764074514863,8067,C_long
EURUSD,C,2022-07-25T02:00:00Z,buy,1.02043,1.0196449166060124,1.0227852501819625,8064,C_long
EURUSD,C,2022-07-25T08:00:00Z,buy,1.02043,1.0189986618427502,1.024724014471749,8057,C_long
EURUSD,C,2022-07-25T16:45:00Z,buy,1.02211,1.0209787588860704,1.0255037233417892,8077,C_long
EURUSD,C,2022-07-26T07:15:00Z,buy,1.02339,1.0223444602629088,1.0265266192112736,8057,C_long
EURUSD,C,2022-07-27T06:15:00Z,sell,1.01351,1.0141959458119998,1.0114521625640003,8127,C_short
EURUSD,C,2022-07-27T07:30:00Z,sell,1.01363,1.0145795934661728,1.0107812196014818,8119,C_short
EURUSD,C,2022-07-27T10:00:00Z,sell,1.01397,1.0149825069095206,1.0109324792714383,8108,C_short
EURUSD,C,2022-07-27T12:45:00Z,sell,1.01427,1.0153415533112928,1.0110553400661215,8097,C_short
EURUSD,C,2022-07-28T07:45:00Z,buy,1.02099,1.0194944018184464,1.025476794544661,8068,C_long
EURUSD,C,2022-07-29T10:00:00Z,buy,1.02164,1.0199124655037197,1.0268226034888412,8050,C_long
EURUSD,C,2022-07-29T15:00:00Z,buy,1.02036,1.0185401966709526,1.0258194099871418,8046,C_long
EURUSD,C,2022-07-29T17:30:00Z,buy,1.02083,1.019502090215487,1.0248137293535386,8028,C_long
EURUSD,C,2022-08-01T12:30:00Z,buy,1.02364,1.0224982268869345,1.027065319339197,8036,C_long
EURUSD,C,2022-08-01T18:45:00Z,buy,1.02536,1.0245484125613444,1.027794762315967,8048,C_long
EURUSD,C,2022-08-03T05:00:00Z,sell,1.01788,1.0185539354677478,1.0158581935967563,8125,C_short
EURUSD,C,2022-08-03T07:45:00Z,sell,1.01777,1.018871372857418,1.0144658814277465,8142,C_short
EURUSD,C,2022-08-03T10:15:00Z,sell,1.0181,1.0192150926216454,1.0147547221350637,8130,C_short
EURUSD,C,2022-08-03T13:00:00Z,sell,1.01759,1.018799960538764,1.0139601183837077,8125,C_short
EURUSD,C,2022-08-03T20:45:00Z,sell,1.01643,1.0171210688895196,1.014356793331441,8162,C_short
EURUSD,C,2022-08-04T03:30:00Z,sell,1.01616,1.0166800954822528,1.0145997135532414,8158,C_short
EURUSD,C,2022-08-04T05:45:00Z,sell,1.01629,1.0168729107871775,1.0145412676384673,8152,C_short
EURUSD,C,2022-08-04T11:30:00Z,sell,1.01684,1.0181232124408972,1.0129903626773082,8142,C_short
EURUSD,C,2022-08-05T05:30:00Z,buy,1.02335,1.0229440051932672,1.0245679844201983,8079,C_long
EURUSD,C,2022-08-05T06:45:00Z,buy,1.02357,1.0229682143607886,1.0253753569176347,8074,C_long
EURUSD,C,2022-08-05T10:15:00Z,buy,1.02331,1.0225883134788307,1.0254750595635076,8071,C_long
EURUSD,C,2022-08-08T03:00:00Z,sell,1.01789,1.0183494554409398,1.0165116336771804,8107,C_short
EURUSD,C,2022-08-08T06:00:00Z,sell,1.01789,1.018426660019154,1.0162800199425377,8102,C_short
EURUSD,C,2022-08-08T09:00:00Z,sell,1.01801,1.0190323288850052,1.0149430133449848,8097,C_short
EURUSD,C,2022-08-08T10:15:00Z,sell,1.01843,1.0193466626221566,1.01568001213353,8084,C_short
EURUSD,C,2022-08-08T17:00:00Z,buy,1.02013,1.0192528824858706,1.022761352542388,8063,C_long
EURUSD,C,2022-08-09T04:00:00Z,sell,1.0193,1.019600726241799,1.0183978212746034,8062,C_short
EURUSD,C,2022-08-10T01:30:00Z,buy,1.0214,1.0209821494581526,1.0226535516255426,8042,C_long
EURUSD,C,2022-08-10T08:15:00Z,buy,1.02136,1.0207106199466174,1.023308140160148,8038,C_long
EURUSD,C,2022-08-11T06:15:00Z,buy,1.02974,1.0290541982381254,1.0317974052856242,7987,C_long
EURUSD,C,2022-08-11T20:15:00Z,buy,1.03252,1.0317718876610529,1.0347643370168418,7960,C_long
EURUSD,C,2022-08-11T22:00:00Z,buy,1.03269,1.032132076596041,1.0343637702118778,7952,C_long
EURUSD,C,2022-08-12T04:15:00Z,buy,1.03204,1.0316152732822947,1.033314180153116,7953,C_long
EURUSD,C,2022-08-12T05:15:00Z,buy,1.03195,1.0314485473622836,1.0334543579131488,7949,C_long
EURUSD,C,2022-08-12T06:00:00Z,buy,1.03223,1.0316407106829444,1.0339978679511668,7943,C_long
EURUSD,C,2022-08-15T01:00:00Z,sell,1.02611,1.0266249673672534,1.0245650978982401,7985,C_short
EURUSD,C,2022-08-17T06:15:00Z,sell,1.01699,1.0176374800389116,1.0150475598832653,8068,C_short
EURUSD,C,2022-08-17T10:30:00Z,sell,1.0169,1.0177763326735885,1.0142710019792343,8083,C_short
EURUSD,C,2022-08-17T14:45:00Z,sell,1.01619,1.017560963714554,1.0120771088563378,8081,C_short
EURUSD,C,2022-08-18T03:00:00Z,sell,1.01787,1.0182917252903987,1.0166048241288042,8056,C_short
EURUSD,C,2022-08-18T08:15:00Z,sell,1.01663,1.0175906089412268,1.0137481731763194,8075,C_short
EURUSD,C,2022-08-18T10:15:00Z,sell,1.01684,1.0178561092657732,1.0137916722026803,8065,C_short
EURUSD,C,2022-08-18T12:30:00Z,sell,1.01652,1.0176466297049571,1.013140110885129,8059,C_short
EURUSD,C,2022-08-19T08:00:00Z,sell,1.00832,1.0091544988824606,1.0058165033526187,8150,C_short
EURUSD,C,2022-08-22T04:00:00Z,sell,1.00376,1.0043112919140549,1.0021061242578353,8207,C_short
EURUSD,C,2022-08-23T07:45:00Z,sell,0.99332,0.9947401276981483,0.9890596169055549,8306,C_short
EURUSD,C,2022-08-24T00:00:00Z,sell,0.99617,0.9966280142715351,0.9947959571853946,8270,C_short
EURUSD,C,2022-08-24T05:15:00Z,sell,0.9956,0.9960823882596422,0.9941528352210734,8285,C_short
EURUSD,C,2022-08-24T09:15:00Z,sell,0.99522,0.9961133631852669,0.9925399104441993,8299,C_short
EURUSD,C,2022-08-24T16:30:00Z,sell,0.9946,0.9960907854851287,0.9901276435446139,8326,C_short
EURUSD,C,2022-08-25T11:00:00Z,buy,0.99918,0.9980230398565569,1.0026508804303291,8275,C_long
EURUSD,C,2022-08-25T14:30:00Z,buy,0.99953,0.9982578697940222,1.0033463906179336,8262,C_long
EURUSD,C,2022-08-25T19:30:00Z,buy,0.99768,0.9969930906076226,0.9997407281771321,8266,C_long
EURUSD,C,2022-08-26T03:15:00Z,sell,0.99714,0.9975801710685616,0.9958194867943154,8264,C_short
EURUSD,C,2022-08-29T06:45:00Z,sell,0.99363,0.9943852452852272,0.9913642641443184,8303,C_short
EURUSD,C,2022-08-29T07:30:00Z,sell,0.99389,0.9948370500419687,0.9910488498740943,8294,C_short
EURUSD,C,2022-08-30T03:30:00Z,buy,0.99994,0.9992681019903928,1.0019556940288217,8235,C_long
EURUSD,C,2022-08-30T07:30:00Z,buy,1.00235,1.0009741342041742,1.0064775973874776,8209,C_long
EURUSD,C,2022-08-30T13:00:00Z,buy,1.00297,1.001524236194559,1.0073072914163224,8192,C_long
EURUSD,C,2022-08-30T15:15:00Z,buy,1.00245,1.0007322622993973,1.0076032131018084,8184,C_long
EURUSD,C,2022-08-31T12:45:00Z,buy,1.00081,0.9993042344108553,1.005327296767434,8183,C_long
EURUSD,C,2022-09-01T07:45:00Z,buy,1.00297,1.0020614643463366,1.00569560696099,8201,C_long
EURUSD,C,2022-09-02T03:15:00Z,sell,0.99583,0.9962420454059675,0.9945938637820975,8252,C_short
EURUSD,C,2022-09-05T08:30:00Z,sell,0.99086,0.9922669309981862,0.9866392070054413,8289,C_short
EURUSD,C,2022-09-05T11:15:00Z,sell,0.99125,0.9923851873075553,0.9878444380773339,8273,C_short
EURUSD,C,2022-09-05T14:45:00Z,sell,0.99197,0.9928493638492499,0.9893319084522503,8257,C_short
EURUSD,C,2022-09-05T21:00:00Z,sell,0.99256,0.992882225447778,0.9915933236566659,8244,C_short
EURUSD,C,2022-09-06T09:45:00Z,buy,0.99525,0.9940103978491031,0.9989688064526907,8218,C_long
EURUSD,C,2022-09-07T07:15:00Z,sell,0.98948,0.9904435863199931,0.9865892410400209,8255,C_short
EURUSD,C,2022-09-07T09:00:00Z,sell,0.98985,0.9911445543703473,0.9859663368889581,8243,C_short
EURUSD,C,2022-09-07T10:00:00Z,sell,0.98975,0.9910103557011652,0.9859689328965043,8233,C_short
EURUSD,C,2022-09-08T08:00:00Z,buy,0.99894,0.9979938335960455,1.0017784992118637,8146,C_long
EURUSD,C,2022-09-08T08:30:00Z,buy,0.99883,0.9978178127899187,1.001866561630244,8138,C_long
EURUSD,C,2022-09-08T17:00:00Z,buy,0.99864,0.9969478480059512,1.0037164559821465,8164,C_long
EURUSD,C,2022-09-09T16:45:00Z,buy,1.00538,1.004110300682529,1.009189097952413,8149,C_long
EURUSD,C,2022-09-11T21:00:00Z,buy,1.00937,1.0080138554657705,1.013438433602689,8106,C_long
EURUSD,C,2022-09-12T14:00:00Z,buy,1.0136,1.0120312377357408,1.018306286792778,8061,C_long
EURUSD,C,2022-09-12T14:45:00Z,buy,1.01286,1.011473229423829,1.0170203117285137,8054,C_long
EURUSD,C,2022-09-12T21:15:00Z,buy,1.01242,1.0119236947878611,1.013908915636417,8045,C_long
EURUSD,C,2022-09-12T23:00:00Z,buy,1.01235,1.011992380288696,1.013422859133912,8041,C_long
EURUSD,C,2022-09-13T01:30:00Z,buy,1.01313,1.0124717028717027,1.0151048913848921,8043,C_long
EURUSD,C,2022-09-13T03:45:00Z,buy,1.013,1.0124498471108256,1.0146504586675227,8038,C_long
EURUSD,C,2022-09-13T04:45:00Z,buy,1.01284,1.012256718683107,1.0145898439506786,8034,C_long
EURUSD,C,2022-09-13T07:15:00Z,buy,1.01461,1.0134592678358487,1.0180621964924539,8033,C_long
EURUSD,C,2022-09-14T05:15:00Z,sell,0.9994,1.0000916648252538,0.9973250055242384,8146,C_short
EURUSD,C,2022-09-14T11:15:00Z,sell,0.99949,1.000659851157645,0.995980446527065,8161,C_short
EURUSD,C,2022-09-14T13:15:00Z,sell,0.99885,1.0002638024766815,0.9946085925699557,8156,C_short
EURUSD,C,2022-09-14T15:15:00Z,sell,0.99922,1.0005817267009258,0.9951348198972225,8141,C_short
EURUSD,C,2022-09-14T17:45:00Z,sell,0.99873,0.9997081078542625,0.9957956764372127,8133,C_short
EURUSD,C,2022-09-15T10:30:00Z,sell,0.99754,0.9984483309021487,0.9948150072935539,8166,C_short
EURUSD,C,2022-09-15T19:00:00Z,sell,0.99894,0.9996843812374502,0.9967068562876497,8147,C_short
EURUSD,C,2022-09-15T22:30:00Z,sell,0.99922,0.9996503782303349,0.9979288653089954,8137,C_short
EURUSD,C,2022-09-16T02:15:00Z,sell,0.99914,0.9997839302633391,0.9972082092099828,8134,C_short
EURUSD,C,2022-09-16T04:45:00Z,sell,0.99956,1.0000529306286357,0.9980812081140931,8125,C_short
EURUSD,C,2022-09-16T07:15:00Z,sell,0.99849,0.9993376139696153,0.9959471580911541,8144,C_short
EURUSD,C,2022-09-16T11:00:00Z,sell,0.99776,0.9988529379754738,0.9944811860735785,8170,C_short
EURUSD,C,2022-09-19T11:15:00Z,sell,0.99876,0.9999088428063001,0.9953134715810996,8152,C_short
EURUSD,C,2022-09-20T04:45:00Z,buy,1.00221,1.0016690794005423,1.0038327617983733,8114,C_long
EURUSD,C,2022-09-20T06:00:00Z,buy,1.00226,1.00157562899472,1.0043131130158398,8109,C_long
EURUSD,C,2022-09-21T19:00:00Z,sell,0.98895,0.9917920912592989,0.9804237262221033,8212,C_short
EURUSD,C,2022-09-26T09:30:00Z,sell,0.96553,0.9674348328094614,0.9598155015716158,8482,C_short
EURUSD,C,2022-09-26T13:15:00Z,sell,0.96565,0.967554200070194,0.959937399789418,8464,C_short
EURUSD,C,2022-09-26T14:00:00Z,sell,0.96578,0.9678860466827307,0.9594618599518078,8446,C_short
EURUSD,C,2022-09-27T08:00:00Z,sell,0.96265,0.9640268820789932,0.9585193537630203,8527,C_short
EURUSD,C,2022-09-27T10:45:00Z,sell,0.9627,0.9642205861721322,0.9581382414836033,8514,C_short
EURUSD,C,2022-09-27T12:45:00Z,sell,0.96224,0.9636651640369929,0.9579645078890213,8504,C_short
EURUSD,C,2022-09-27T13:45:00Z,sell,0.96233,0.9639148882974924,0.9575753351075229,8490,C_short
EURUSD,C,2022-09-28T08:15:00Z,sell,0.95664,0.9581451269963147,0.952124619011056,8582,C_short
EURUSD,C,2022-09-28T11:00:00Z,sell,0.9558,0.9579529217759013,0.949341234672296,8575,C_short
EURUSD,C,2022-09-29T01:15:00Z,buy,0.96962,0.9687463192168377,0.9722410423494869,8433,C_long
EURUSD,C,2022-09-29T04:15:00Z,buy,0.96876,0.9681323372690087,0.9706429881929737,8432,C_long
EURUSD,C,2022-09-29T09:00:00Z,buy,0.96826,0.9666863955632714,0.9729808133101858,8430,C_long
EURUSD,C,2022-09-29T13:00:00Z,buy,0.97139,0.9691433642188009,0.9781299073435973,8389,C_long
EURUSD,C,2022-09-30T07:00:00Z,buy,0.98191,0.9803246543352155,0.9866660369943532,8355,C_long
EURUSD,C,2022-09-30T14:45:00Z,buy,0.97944,0.9770892962924979,0.9864921111225063,8362,C_long
EURUSD,C,2022-09-30T16:45:00Z,buy,0.97899,0.9772618518415049,0.9841744444754853,8346,C_long
EURUSD,C,2022-10-03T14:00:00Z,buy,0.97935,0.9775316934586763,0.9848049196239713,8327,C_long
EURUSD,C,2022-10-05T02:45:00Z,buy,0.99674,0.9958303941303104,0.9994688176090687,8226,C_long
EURUSD,C,2022-10-06T06:30:00Z,buy,0.99087,0.9900743575261112,0.9932569274216666,8297,C_long
EURUSD,C,2022-10-06T07:00:00Z,buy,0.99103,0.9899915840973902,0.9941452477078293,8288,C_long
EURUSD,C,2022-10-07T02:45:00Z,sell,0.98075,0.9814454043985156,0.9786637868044533,8365,C_short
EURUSD,C,2022-10-07T08:45:00Z,sell,0.98015,0.9812365487882575,0.9768903536352274,8387,C_short
EURUSD,C,2022-10-07T12:30:00Z,sell,0.97531,0.9769246905165454,0.9704659284503638,8456,C_short
EURUSD,C,2022-10-10T02:00:00Z,sell,0.97458,0.9752902679923066,0.9724491960230803,8448,C_short
EURUSD,C,2022-10-10T18:45:00Z,sell,0.9703,0.971396071453779,0.9670117856386631,8503,C_short
EURUSD,C,2022-10-11T01:30:00Z,sell,0.96936,0.9702447458894478,0.9667057623316567,8501,C_short
EURUSD,C,2022-10-11T09:30:00Z,sell,0.96991,0.9712412557176474,0.965916232847058,8487,C_short
EURUSD,C,2022-10-11T13:45:00Z,sell,0.97018,0.9714150517005705,0.9664748448982886,8473,C_short
EURUSD,C,2022-10-11T14:45:00Z,sell,0.97072,0.9720349244764444,0.9667752265706671,8457,C_short
EURUSD,C,2022-10-11T18:45:00Z,sell,0.97088,0.9723162039931335,0.9665713880205995,8443,C_short
EURUSD,C,2022-10-12T07:15:00Z,sell,0.97051,0.9717988175860544,0.9666435472418369,8433,C_short
EURUSD,C,2022-10-12T07:45:00Z,sell,0.97072,0.972056667431303,0.966709997706091,8420,C_short
EURUSD,C,2022-10-12T08:45:00Z,sell,0.97035,0.9716924134025767,0.96632275979227,8411,C_short
EURUSD,C,2022-10-12T11:00:00Z,sell,0.97093,0.97214521210848,0.9672843636745597,8393,C_short
EURUSD,C,2022-10-12T15:30:00Z,sell,0.96967,0.9712204583449779,0.9650186249650663,8435,C_short
EURUSD,C,2022-10-12T18:45:00Z,sell,0.96975,0.970990840726961,0.9660274778191171,8420,C_short
EURUSD,C,2022-10-13T01:30:00Z,sell,0.97019,0.9707965022358845,0.9683704932923464,8405,C_short
EURUSD,C,2022-10-13T06:15:00Z,sell,0.9697,0.9703689972941116,0.9676930081176651,8403,C_short
EURUSD,C,2022-10-13T08:15:00Z,sell,0.97002,0.970894639497186,0.9673960815084419,8393,C_short
EURUSD,C,2022-10-14T12:45:00Z,buy,0.9773,0.9754621418183834,0.9828135745448495,8323,C_long
EURUSD,C,2022-10-14T14:45:00Z,buy,0.97533,0.972991962481561,0.9823441125553173,8323,C_long
EURUSD,C,2022-10-16T22:15:00Z,sell,0.97311,0.9738037634157892,0.9710287097526324,8322,C_short
EURUSD,C,2022-10-17T04:00:00Z,sell,0.97345,0.9740415326454448,0.9716754020636658,8312,C_short
EURUSD,C,2022-10-17T07:00:00Z,buy,0.97466,0.9737051641448068,0.9775245075655795,8296,C_long
EURUSD,C,2022-10-17T09:00:00Z,buy,0.97516,0.9738733195488148,0.9790200413535556,8283,C_long
EURUSD,C,2022-10-17T12:15:00Z,buy,0.9753,0.9740334493636956,0.9790996519089129,8270,C_long
EURUSD,C,2022-10-18T09:00:00Z,buy,0.98464,0.9831575955836823,0.9890872132489529,8222,C_long
EURUSD,C,2022-10-18T12:15:00Z,buy,0.98455,0.9832229730702976,0.9885310807891073,8210,C_long
EURUSD,C,2022-10-18T14:45:00Z,buy,0.98497,0.9834790271719009,0.9894429184842972,8195,C_long
EURUSD,C,2022-10-18T16:00:00Z,buy,0.98452,0.9831450718626984,0.9886447844119046,8186,C_long
EURUSD,C,2022-10-20T13:45:00Z,sell,0.97859,0.9801286452031723,0.9739740643904828,8223,C_short
EURUSD,C,2022-10-21T03:15:00Z,sell,0.97801,0.9785523113747825,0.9763830658756527,8214,C_short
EURUSD,C,2022-10-21T08:15:00Z,sell,0.97742,0.9785053401388206,0.974163979583538,8232,C_short
EURUSD,C,2022-10-24T02:15:00Z,buy,0.98361,0.9824108221733309,0.9872075334800073,8206,C_long
EURUSD,C,2022-10-24T11:45:00Z,buy,0.98352,0.9821504238366402,0.9876287284900792,8197,C_long
EURUSD,C,2022-10-25T12:45:00Z,buy,0.98743,0.986527085816232,0.990138742551304,8197,C_long
EURUSD,C,2022-10-27T03:00:00Z,buy,1.00705,1.006404668240005,1.0089859952799851,8059,C_long
EURUSD,C,2022-10-27T04:45:00Z,buy,1.00705,1.0064293021775206,1.0089120934674383,8053,C_long
EURUSD,C,2022-10-28T03:00:00Z,sell,0.99829,0.9990796989874389,0.9959209030376834,8118,C_short
EURUSD,C,2022-10-28T04:30:00Z,sell,0.99836,0.9990803830729096,0.9961988507812714,8110,C_short
EURUSD,C,2022-10-28T11:30:00Z,sell,0.99629,0.9975691538246478,0.9924525385260565,8120,C_short
EURUSD,C,2022-10-28T14:00:00Z,sell,0.99537,0.9974579548169228,0.9891061355492315,8117,C_short
EURUSD,C,2022-11-01T14:00:00Z,sell,0.99035,0.9917628568997762,0.9861114293006713,8208,C_short
EURUSD,C,2022-11-02T01:15:00Z,sell,0.98838,0.9889349055900971,0.9867152832297088,8259,C_short
EURUSD,C,2022-11-02T04:30:00Z,sell,0.98866,0.9891890613307746,0.9870728160076763,8251,C_short
EURUSD,C,2022-11-02T06:00:00Z,sell,0.98805,0.988643950406842,0.9862681487794738,8251,C_short
EURUSD,C,2022-11-02T11:15:00Z,sell,0.98881,0.9897680441291448,0.9859358676125656,8239,C_short
EURUSD,C,2022-11-02T12:30:00Z,sell,0.98905,0.9900593205581466,0.9860220383255601,8229,C_short
EURUSD,C,2022-11-02T13:30:00Z,sell,0.98891,0.9900858993473822,0.9853823019578531,8221,C_short
EURUSD,C,2022-11-02T18:45:00Z,sell,0.98847,0.9915702711780949,0.979169186465715,8214,C_short
EURUSD,C,2022-11-03T15:00:00Z,sell,0.97769,0.9792725322708484,0.9729424031874545,8381,C_short
EURUSD,C,2022-11-04T07:30:00Z,sell,0.97686,0.9778905331063794,0.9737684006808616,8374,C_short
EURUSD,C,2022-11-08T03:00:00Z,buy,1.00104,1.0004731279247925,1.0027406162256223,8162,C_long
EURUSD,C,2022-11-08T09:45:00Z,buy,1.00032,0.999139506981114,1.0038614790566585,8163,C_long
EURUSD,C,2022-11-08T13:30:00Z,buy,1.00005,0.9991405700701839,1.0027782897894488,8155,C_long
EURUSD,C,2022-11-09T07:00:00Z,buy,1.0068,1.0059600498894943,1.0093198503315168,8121,C_long
EURUSD,C,2022-11-09T08:00:00Z,buy,1.00773,1.0067333324423475,1.0107200026729575,8106,C_long
EURUSD,C,2022-11-09T09:30:00Z,buy,1.00663,1.0055173115129954,1.0099680654610135,8107,C_long
EURUSD,C,2022-11-09T15:00:00Z,buy,1.00605,1.0040331449695798,1.012100565091261,8102,C_long
EURUSD,C,2022-11-10T01:00:00Z,buy,1.00248,1.0018871412454375,1.0042585762636875,8114,C_long
EURUSD,C,2022-11-10T03:00:00Z,buy,1.00231,1.0015585583531563,1.0045643249405312,8110,C_long
EURUSD,C,2022-11-13T22:30:00Z,buy,1.03201,1.0308371428398126,1.0355285714805624,7870,C_long
EURUSD,C,2022-11-14T06:45:00Z,buy,1.03246,1.0315839065224786,1.035088280432564,7857,C_long
EURUSD,C,2022-11-14T07:15:00Z,buy,1.032,1.0310245342324396,1.0349263973026814,7852,C_long
EURUSD,C,2022-11-14T09:30:00Z,buy,1.03259,1.0312024242277393,1.0367527273167816,7869,C_long
EURUSD,C,2022-11-14T12:45:00Z,buy,1.03339,1.0316389295464838,1.0386432113605486,7852,C_long
EURUSD,C,2022-11-14T14:45:00Z,buy,1.03133,1.029774617765548,1.0359961467033563,7854,C_long
EURUSD,C,2022-11-15T17:45:00Z,buy,1.03846,1.0367249545353308,1.0436651363940075,7834,C_long
EURUSD,C,2022-11-16T02:00:00Z,buy,1.03719,1.0357495828328602,1.0415112515014195,7830,C_long
EURUSD,C,2022-11-16T05:00:00Z,buy,1.03602,1.0346870096977059,1.0400189709068821,7827,C_long
EURUSD,C,2022-11-16T14:00:00Z,buy,1.04031,1.0386570231381653,1.0452689305855043,7824,C_long
EURUSD,C,2022-11-16T15:45:00Z,buy,1.04035,1.0385503077258393,1.0457490768224824,7811,C_long
EURUSD,C,2022-11-16T17:30:00Z,buy,1.03958,1.0381975902027034,1.0437272293918896,7802,C_long
EURUSD,C,2022-11-16T19:45:00Z,buy,1.03922,1.0379078902219987,1.043156329334004,7794,C_long
EURUSD,C,2022-11-17T06:00:00Z,buy,1.0384,1.037688593513281,1.0405342194601572,7790,C_long
EURUSD,C,2022-11-17T07:30:00Z,buy,1.03864,1.0376637454948474,1.0415687635154578,7782,C_long
EURUSD,C,2022-11-18T05:00:00Z,buy,1.03673,1.0359767658490961,1.0389897024527113,7788,C_long
EURUSD,C,2022-11-18T06:45:00Z,buy,1.03755,1.0367380351525166,1.03998589454245,7775,C_long
EURUSD,C,2022-11-18T09:15:00Z,buy,1.03808,1.0366882505495258,1.042255248351422,7765,C_long
EURUSD,C,2022-11-18T10:30:00Z,buy,1.03756,1.03611104952268,1.0419068514319603,7758,C_long
EURUSD,C,2022-11-18T13:15:00Z,buy,1.03786,1.0363872789108657,1.042278163267403,7744,C_long
EURUSD,C,2022-11-18T16:15:00Z,sell,1.03581,1.0372595926499835,1.0314612220500492,7748,C_short
EURUSD,C,2022-11-22T05:15:00Z,sell,1.02515,1.0256824910081912,1.0235525269754264,7860,C_short
EURUSD,C,2022-11-22T06:15:00Z,sell,1.02523,1.02581691547032,1.0234692535890402,7855,C_short
EURUSD,C,2022-11-22T12:15:00Z,sell,1.02592,1.0271251865015947,1.0223044404952157,7844,C_short
EURUSD,C,2022-11-22T13:45:00Z,sell,1.02603,1.027107974135096,1.0227960775947122,7834,C_short
EURUSD,C,2022-11-23T09:30:00Z,buy,1.03209,1.0309289410934914,1.0355731767195255,7779,C_long
EURUSD,C,2022-11-23T11:15:00Z,buy,1.03171,1.0306682552145408,1.0348352343563774,7773,C_long
EURUSD,C,2022-11-24T09:00:00Z,buy,1.04177,1.0405329027254249,1.0454812918237257,7720,C_long
EURUSD,C,2022-11-24T12:45:00Z,buy,1.04119,1.0400627411130225,1.0445717766609326,7715,C_long
EURUSD,C,2022-11-25T01:15:00Z,buy,1.0413,1.0407582367314074,1.0429252898057773,7705,C_long
EURUSD,C,2022-11-25T06:30:00Z,buy,1.04189,1.0412575814191816,1.0437872557424552,7696,C_long
EURUSD,C,2022-11-25T08:00:00Z,buy,1.04183,1.0410412881498898,1.0441961355503306,7691,C_long
EURUSD,C,2022-11-25T10:15:00Z,buy,1.04196,1.0406972459332484,1.0457482622002547,7683,C_long
EURUSD,C,2022-11-25T15:30:00Z,buy,1.03987,1.0386494260273431,1.043531721917971,7689,C_long
EURUSD,C,2022-11-29T06:45:00Z,sell,1.03588,1.0369622494661737,1.0326332516014787,7709,C_short
EURUSD,C,2022-11-29T08:00:00Z,sell,1.03537,1.0368146121231854,1.0310361636304435,7704,C_short
EURUSD,C,2022-11-29T09:45:00Z,sell,1.03645,1.037866026138982,1.0322019215830542,7685,C_short
EURUSD,C,2022-11-29T11:00:00Z,sell,1.03722,1.0386791235071224,1.0328426294786328,7668,C_short
EURUSD,C,2022-11-29T15:30:00Z,sell,1.03608,1.0377472124955234,1.0310783625134294,7708,C_short
EURUSD,C,2022-11-30T11:00:00Z,sell,1.03523,1.0363705448870686,1.0318083653387946,7702,C_short
EURUSD,C,2022-11-30T15:00:00Z,sell,1.03575,1.0374942962964655,1.0305171111106033,7689,C_short
EURUSD,C,2022-12-01T08:00:00Z,buy,1.04236,1.0406108447164084,1.0476074658507746,7677,C_long
EURUSD,C,2022-12-01T08:30:00Z,buy,1.043,1.04112023447588,1.0486392965723594,7659,C_long
EURUSD,C,2022-12-02T10:15:00Z,buy,1.05267,1.0514416794678787,1.0563549615963639,7629,C_long
EURUSD,C,2022-12-02T16:30:00Z,buy,1.05193,1.04977079139675,1.0584076258097501,7624,C_long
EURUSD,C,2022-12-05T09:00:00Z,buy,1.05585,1.0547742271545566,1.05907731853633,7642,C_long
EURUSD,C,2022-12-05T11:15:00Z,buy,1.05558,1.0542807005177337,1.0594778984467987,7635,C_long
EURUSD,C,2022-12-05T14:30:00Z,buy,1.0565,1.0552320652290055,1.0603038043129835,7656,C_long
EURUSD,C,2022-12-06T01:45:00Z,sell,1.05103,1.0516155898298458,1.0492732305104622,7686,C_short
EURUSD,C,2022-12-06T08:15:00Z,sell,1.04889,1.050178358831823,1.0450249235045315,7714,C_short
EURUSD,C,2022-12-06T14:45:00Z,sell,1.05007,1.051253445291565,1.0465196641253054,7695,C_short
EURUSD,C,2022-12-06T16:45:00Z,sell,1.04954,1.051021088105893,1.0450967356823206,7689,C_short
EURUSD,C,2022-12-07T16:45:00Z,buy,1.05036,1.048849698713133,1.0548909038606007,7715,C_long
EURUSD,C,2022-12-09T12:15:00Z,buy,1.05633,1.0554252788974046,1.0590441633077863,7703,C_long
EURUSD,C,2022-12-09T18:30:00Z,buy,1.05556,1.0545593519348455,1.0585619441954637,7702,C_long
EURUSD,C,2022-12-13T04:45:00Z,buy,1.05411,1.0536250412320751,1.055564876303775,7704,C_long
EURUSD,C,2022-12-13T08:45:00Z,buy,1.05473,1.0537138954897898,1.0577783135306305,7695,C_long
EURUSD,C,2022-12-13T11:15:00Z,buy,1.05438,1.053380332644762,1.0573790020657146,7690,C_long
EURUSD,C,2022-12-13T12:00:00Z,buy,1.05422,1.0532094195023827,1.0572517414928517,7683,C_long
EURUSD,C,2022-12-14T07:30:00Z,buy,1.06251,1.0617871165172763,1.0646786504481713,7644,C_long
EURUSD,C,2022-12-14T14:30:00Z,buy,1.06486,1.0637994971379192,1.068041508586242,7642,C_long
EURUSD,C,2022-12-14T19:15:00Z,buy,1.06522,1.0636358974795006,1.0699723075614984,7661,C_long
EURUSD,C,2022-12-15T06:30:00Z,buy,1.06599,1.065410383535844,1.0677288493924681,7644,C_long
EURUSD,C,2022-12-15T13:15:00Z,buy,1.06381,1.0625954319155262,1.0674537042534211,7655,C_long
EURUSD,C,2022-12-15T15:45:00Z,buy,1.06482,1.062077775714659,1.0730466728560237,7673,C_long
EURUSD,C,2022-12-15T23:30:00Z,buy,1.06329,1.0627386400833123,1.0649440797500633,7663,C_long
EURUSD,C,2022-12-16T08:30:00Z,buy,1.06424,1.0631539688094203,1.0674980935717395,7668,C_long
EURUSD,C,2022-12-16T15:00:00Z,sell,1.06151,1.0630417872552507,1.0569146382342478,7679,C_short
EURUSD,C,2022-12-19T09:45:00Z,sell,1.06175,1.063202791938512,1.0573916241844636,7666,C_short
EURUSD,C,2022-12-19T10:30:00Z,sell,1.06172,1.0631410026337516,1.0574569920987453,7655,C_short
EURUSD,C,2022-12-20T03:30:00Z,sell,1.06071,1.0622066876269343,1.0562199371191974,7651,C_short
EURUSD,C,2022-12-20T14:30:00Z,buy,1.06198,1.060651347974243,1.0659659560772707,7631,C_long
EURUSD,C,2022-12-20T19:45:00Z,buy,1.06215,1.0611385571511505,1.0651843285465483,7620,C_long
EURUSD,C,2022-12-21T10:15:00Z,buy,1.06278,1.0617935431709051,1.0657393704872848,7607,C_long
EURUSD,C,2022-12-21T12:15:00Z,buy,1.06189,1.0608910975842354,1.0648867072472938,7606,C_long
EURUSD,C,2022-12-21T15:30:00Z,buy,1.06278,1.0614929129959045,1.0666412610122866,7592,C_long
EURUSD,C,2022-12-21T19:30:00Z,sell,1.0613,1.0621946716989514,1.0586159849031453,7593,C_short
EURUSD,C,2022-12-22T08:45:00Z,buy,1.06361,1.0626055922955404,1.0666232231133785,7569,C_long
EURUSD,C,2022-12-22T12:45:00Z,buy,1.06366,1.062762458323558,1.0663526250293263,7561,C_long
EURUSD,C,2022-12-23T00:15:00Z,sell,1.05985,1.0602539563792566,1.0586381308622301,7581,C_short
EURUSD,C,2022-12-23T08:15:00Z,sell,1.06026,1.061150924825825,1.0575872255225247,7575,C_short
EURUSD,C,2022-12-23T12:30:00Z,sell,1.06083,1.061602498401462,1.0585125047956137,7564,C_short
EURUSD,C,2022-12-23T13:45:00Z,sell,1.06079,1.0622528174340398,1.0564015476978803,7558,C_short
EURUSD,C,2022-12-23T19:30:00Z,buy,1.06145,1.0607457201333221,1.0635628396000336,7542,C_long
EURUSD,C,2022-12-25T23:15:00Z,buy,1.06141,1.0608719275431553,1.063024217370534,7536,C_long
EURUSD,C,2022-12-26T01:00:00Z,buy,1.06158,1.060543532073288,1.0646894037801355,7546,C_long
EURUSD,C,2022-12-27T15:15:00Z,buy,1.0649,1.0636875762807956,1.068537271157613,7543,C_long
EURUSD,C,2022-12-27T18:30:00Z,buy,1.06472,1.0639289287456013,1.0670932137631965,7535,C_long
EURUSD,C,2022-12-28T01:45:00Z,buy,1.06419,1.063654578989534,1.065796263031398,7533,C_long
EURUSD,C,2022-12-28T04:00:00Z,buy,1.06398,1.0634838578064667,1.0654684265805996,7530,C_long
EURUSD,C,2022-12-28T11:00:00Z,buy,1.06432,1.0634823856844755,1.0668328429465732,7523,C_long
EURUSD,C,2022-12-28T14:00:00Z,buy,1.06451,1.0636364274666734,1.06713071759998,7515,C_long
EURUSD,C,2022-12-29T00:00:00Z,sell,1.0625,1.0629243937426007,1.0612268187721978,7547,C_short
EURUSD,C,2022-12-29T02:45:00Z,sell,1.06254,1.0629921036904908,1.0611836889285278,7543,C_short
EURUSD,C,2022-12-29T23:45:00Z,buy,1.06601,1.0656350121854834,1.0671349634435494,7527,C_long
EURUSD,C,2022-12-30T03:00:00Z,buy,1.066,1.0655544848996183,1.0673365453011452,7524,C_long
EURUSD,C,2022-12-30T08:00:00Z,buy,1.06604,1.0652603646847092,1.0683789059458728,7520,C_long
EURUSD,C,2022-12-30T10:00:00Z,buy,1.0662,1.0652064140666717,1.069180757799985,7513,C_long
EURUSD,C,2022-12-30T13:45:00Z,buy,1.06686,1.0655143808803476,1.070896857358957,7528,C_long
EURUSD,C,2023-01-01T22:30:00Z,buy,1.06956,1.068589559268544,1.0724713221943685,7537,C_long
EURUSD,C,2023-01-02T04:00:00Z,buy,1.06997,1.069259854998345,1.0721004350049654,7526,C_long
EURUSD,C,2023-01-02T05:30:00Z,buy,1.06949,1.0689141334601664,1.071217599619501,7523,C_long
EURUSD,C,2023-01-03T01:15:00Z,sell,1.0656,1.0665443508648147,1.0627669474055563,7546,C_short
EURUSD,C,2023-01-03T04:45:00Z,sell,1.06672,1.0674235548158453,1.0646093355524637,7531,C_short
EURUSD,C,2023-01-03T14:45:00Z,sell,1.05739,1.0589896735997082,1.0525909792008756,7612,C_short
EURUSD,C,2023-01-04T15:00:00Z,sell,1.05887,1.060495279013107,1.0539941629606788,7589,C_short
EURUSD,C,2023-01-04T18:15:00Z,sell,1.05993,1.0610531220790134,1.05656063376296,7569,C_short
EURUSD,C,2023-01-05T05:45:00Z,buy,1.06104,1.0605164292839582,1.0626107121481254,7553,C_long
EURUSD,C,2023-01-05T08:00:00Z,buy,1.06104,1.0601091806462835,1.0638324580611496,7548,C_long
EURUSD,C,2023-01-06T14:30:00Z,sell,1.05034,1.05209308961583,1.04508073115251,7618,C_short
EURUSD,C,2023-01-10T00:45:00Z,buy,1.07273,1.0721441358766515,1.0744875923700454,7446,C_long
EURUSD,C,2023-01-10T02:45:00Z,buy,1.07308,1.0722811328666486,1.0754766014000543,7439,C_long
EURUSD,C,2023-01-10T07:30:00Z,buy,1.07342,1.0726521749817828,1.0757234750546518,7430,C_long
EURUSD,C,2023-01-10T09:15:00Z,buy,1.07474,1.0737195900466765,1.0778012298599706,7415,C_long
EURUSD,C,2023-01-10T11:15:00Z,buy,1.07404,1.073128123237604,1.0767756302871885,7412,C_long
EURUSD,C,2023-01-10T14:00:00Z,buy,1.07435,1.0733091766976584,1.0774724699070246,7403,C_long
EURUSD,C,2023-01-10T16:00:00Z,buy,1.07348,1.0722181445149839,1.0772655664550483,7401,C_long
EURUSD,C,2023-01-11T18:00:00Z,buy,1.07615,1.0750175879674302,1.0795472360977092,7408,C_long
EURUSD,C,2023-01-11T18:30:00Z,buy,1.0752,1.073875654962203,1.0791730351133906,7406,C_long
EURUSD,C,2023-01-12T15:00:00Z,buy,1.07937,1.0759897586089462,1.0895107241731612,7403,C_long
EURUSD,C,2023-01-23T21:15:00Z,buy,1.08714,1.0865698332832858,1.0888505001501425,7418,C_long
EURUSD,C,2023-01-24T12:15:00Z,buy,1.0874,1.0864905888209924,1.0901282335370226,7427,C_long
EURUSD,C,2023-01-24T13:15:00Z,buy,1.08777,1.0866488710581008,1.0911333868256972,7418,C_long
EURUSD,C,2023-01-24T15:45:00Z,buy,1.0875,1.0859870329834298,1.0920389010497102,7411,C_long
EURUSD,C,2023-01-25T14:15:00Z,buy,1.08836,1.0872877077004108,1.0915768768987675,7395,C_long
EURUSD,C,2023-01-25T16:15:00Z,buy,1.08881,1.0871320938927402,1.0938437183217795,7412,C_long
EURUSD,C,2023-01-26T22:30:00Z,sell,1.0888,1.0891900244237127,1.0876299267288618,7401,C_short
EURUSD,C,2023-01-27T01:15:00Z,sell,1.08895,1.0894670802427249,1.0873987592718257,7396,C_short
EURUSD,C,2023-01-27T09:30:00Z,sell,1.0879,1.0886179702110892,1.0857460893667328,7413,C_short
EURUSD,C,2023-01-27T11:30:00Z,sell,1.08806,1.0887663650564599,1.0859409048306206,7407,C_short
EURUSD,C,2023-01-27T19:45:00Z,sell,1.08683,1.0875005739022552,1.0848182782932343,7429,C_short
EURUSD,C,2023-01-30T01:00:00Z,sell,1.0866,1.0870715615085895,1.0851853154742315,7425,C_short
EURUSD,C,2023-01-30T02:00:00Z,sell,1.08669,1.0872504015456164,1.0850087953631506,7421,C_short
EURUSD,C,2023-01-30T05:30:00Z,sell,1.08655,1.0870674247546868,1.0849977257359393,7417,C_short
EURUSD,C,2023-01-30T14:30:00Z,buy,1.08972,1.088724768585109,1.0927056942446733,7391,C_long
EURUSD,C,2023-01-31T12:30:00Z,sell,1.08298,1.0838030160730066,1.0805109517809806,7430,C_short
EURUSD,C,2023-01-31T15:15:00Z,sell,1.08393,1.0852250692564607,1.0800447922306182,7417,C_short
EURUSD,C,2023-02-01T01:45:00Z,sell,1.08571,1.0860674081234538,1.0846377756296384,7396,C_short
EURUSD,C,2023-02-02T08:00:00Z,buy,1.1005,1.0996677233843932,1.1029968298468205,7293,C_long
EURUSD,C,2023-02-02T09:30:00Z,buy,1.10032,1.0992889231013485,1.1034132306959543,7288,C_long
EURUSD,C,2023-02-02T11:15:00Z,buy,1.09955,1.0986165962742558,1.1023502111772328,7286,C_long
EURUSD,C,2023-02-03T13:30:00Z,sell,1.08433,1.0861893382785046,1.0787519851644862,7381,C_short
EURUSD,C,2023-02-07T04:00:00Z,sell,1.07333,1.073797754525784,1.0719267364226477,7444,C_short
EURUSD,C,2023-02-07T07:00:00Z,sell,1.07308,1.0736289480154497,1.071433155953651,7442,C_short
EURUSD,C,2023-02-07T18:30:00Z,sell,1.06987,1.0720305662865082,1.0633883011404759,7459,C_short
EURUSD,C,2023-02-08T11:45:00Z,sell,1.07348,1.0742775919958278,1.0710872240125164,7419,C_short
EURUSD,C,2023-02-08T12:45:00Z,sell,1.07336,1.0742268935307229,1.0707593194078318,7414,C_short
EURUSD,C,2023-02-08T14:15:00Z,sell,1.07307,1.0740186387424864,1.0702240837725407,7409,C_short
EURUSD,C,2023-02-09T16:45:00Z,buy,1.07606,1.0750326488968684,1.0791420533093947,7381,C_long
EURUSD,C,2023-02-10T08:30:00Z,sell,1.07294,1.073891617669091,1.0700851469927273,7395,C_short
EURUSD,C,2023-02-10T09:00:00Z,sell,1.0732,1.0742741483825615,1.0699775548523152,7386,C_short
EURUSD,C,2023-02-13T08:45:00Z,sell,1.06742,1.068111172474283,1.0653464825771508,7448,C_short
EURUSD,C,2023-02-13T09:15:00Z,sell,1.06729,1.0681327028806837,1.064761891357949,7443,C_short
EURUSD,C,2023-02-13T11:15:00Z,sell,1.06759,1.0683221449105107,1.065393565268468,7434,C_short
EURUSD,C,2023-02-14T14:45:00Z,buy,1.07522,1.0727862065339486,1.0825213803981544,7376,C_long
EURUSD,C,2023-02-14T19:45:00Z,buy,1.07393,1.0729083957326027,1.0769948128021922,7367,C_long
EURUSD,C,2023-02-15T09:15:00Z,sell,1.07233,1.0732572845111104,1.069548146466669,7371,C_short
EURUSD,C,2023-02-15T10:15:00Z,sell,1.07218,1.0730725043540112,1.069502486937966,7365,C_short
EURUSD,C,2023-02-16T00:30:00Z,sell,1.06851,1.0689062742226703,1.0673211773319895,7408,C_short
EURUSD,C,2023-02-16T06:30:00Z,sell,1.06966,1.0701410783664609,1.0682167649006176,7396,C_short
EURUSD,C,2023-02-16T09:15:00Z,sell,1.07012,1.0709712259161672,1.0675663222514982,7389,C_short
EURUSD,C,2023-02-16T11:00:00Z,sell,1.07014,1.0709098430830117,1.0678304707509652,7383,C_short
EURUSD,C,2023-02-16T13:30:00Z,sell,1.06884,1.0699965430476768,1.0653703708569697,7407,C_short
EURUSD,C,2023-02-17T14:45:00Z,sell,1.06403,1.0649684656074407,1.061214603177678,7464,C_short
EURUSD,C,2023-02-20T00:45:00Z,buy,1.06788,1.0673773012616974,1.0693880962149076,7429,C_long
EURUSD,C,2023-02-20T02:00:00Z,buy,1.06773,1.0672765247043416,1.0690904258869753,7426,C_long
EURUSD,C,2023-02-20T10:00:00Z,buy,1.06885,1.068063264053109,1.0712102078406736,7427,C_long
EURUSD,C,2023-02-20T13:30:00Z,buy,1.06852,1.0677959990300854,1.0706920029097435,7423,C_long
EURUSD,C,2023-02-21T08:45:00Z,sell,1.06603,1.0669362877530721,1.0633111367407837,7435,C_short
EURUSD,C,2023-02-21T16:30:00Z,sell,1.0662,1.0675897173107827,1.0620308480676521,7427,C_short
EURUSD,C,2023-02-23T02:00:00Z,sell,1.06168,1.062060959858716,1.0605371204238516,7487,C_short
EURUSD,C,2023-02-23T05:00:00Z,sell,1.06181,1.0621710288300823,1.0607269135097528,7483,C_short
EURUSD,C,2023-02-23T07:15:00Z,sell,1.06121,1.0617499243986008,1.0595902268041975,7484,C_short
EURUSD,C,2023-02-23T13:30:00Z,sell,1.06014,1.061172919580215,1.057041241259355,7487,C_short
EURUSD,C,2023-02-23T14:15:00Z,sell,1.06068,1.0617723331311801,1.0574030006064599,7475,C_short
EURUSD,C,2023-02-27T02:00:00Z,sell,1.05551,1.055940757513656,1.054217727459032,7534,C_short
EURUSD,C,2023-02-27T07:30:00Z,sell,1.05465,1.0553151605259259,1.0526545184222227,7549,C_short
EURUSD,C,2023-02-27T10:00:00Z,sell,1.05502,1.055699078870025,1.0529827633899256,7541,C_short
EURUSD,C,2023-02-27T13:00:00Z,sell,1.05536,1.0560178570430143,1.0533864288709573,7533,C_short
EURUSD,C,2023-02-28T07:45:00Z,buy,1.05932,1.0587342318369426,1.0610773044891724,7499,C_long
EURUSD,C,2023-03-01T19:30:00Z,buy,1.06522,1.0644538982601253,1.0675183052196244,7469,C_long
EURUSD,C,2023-03-03T02:45:00Z,sell,1.06023,1.060707588561659,1.058797234315023,7498,C_short
EURUSD,C,2023-03-03T09:45:00Z,sell,1.06097,1.061734558138907,1.0586763255832787,7489,C_short
EURUSD,C,2023-03-03T11:00:00Z,sell,1.06108,1.0618888142025602,1.0586535573923195,7482,C_short
EURUSD,C,2023-03-03T15:00:00Z,sell,1.06058,1.0617049950259017,1.0572050149222953,7479,C_short
EURUSD,C,2023-03-03T15:30:00Z,sell,1.0605,1.0617321962638995,1.0568034112083016,7471,C_short
EURUSD,C,2023-03-06T11:45:00Z,buy,1.06393,1.0629810434538787,1.0667768696383642,7438,C_long
EURUSD,C,2023-03-07T07:00:00Z,buy,1.06837,1.0678598042389094,1.069900587283272,7426,C_long
EURUSD,C,2023-03-08T13:00:00Z,sell,1.05439,1.0550177178067135,1.0525068465798593,7520,C_short
EURUSD,C,2023-03-08T15:00:00Z,sell,1.05446,1.0555221870098552,1.0512734389704341,7515,C_short
EURUSD,C,2023-03-08T17:00:00Z,sell,1.05451,1.055728836175245,1.050853491474265,7506,C_short
EURUSD,C,2023-03-09T12:30:00Z,sell,1.05563,1.0563248623064796,1.0535454130805615,7489,C_short
EURUSD,C,2023-03-09T13:00:00Z,sell,1.05535,1.0560826743546445,1.0531519769360664,7485,C_short
EURUSD,C,2023-03-10T07:00:00Z,buy,1.05923,1.058616430355337,1.0610707089339888,7452,C_long
EURUSD,C,2023-03-10T08:30:00Z,buy,1.05982,1.0587490523476117,1.0630328429571647,7443,C_long
EURUSD,C,2023-03-10T10:00:00Z,buy,1.059,1.0577819821820946,1.0626540534537159,7441,C_long
EURUSD,C,2023-03-13T12:45:00Z,buy,1.06963,1.0679600086875032,1.0746399739374908,7391,C_long
EURUSD,C,2023-03-14T06:00:00Z,buy,1.07121,1.0706431741680202,1.0729104774959393,7414,C_long
EURUSD,C,2023-03-14T08:45:00Z,buy,1.07061,1.0694633715140884,1.074049885457735,7414,C_long
EURUSD,C,2023-03-14T09:30:00Z,buy,1.07066,1.0694902925085783,1.0741691224742649,7405,C_long
EURUSD,C,2023-03-14T14:00:00Z,buy,1.07278,1.0709432789055555,1.0782901632833337,7413,C_long
EURUSD,C,2023-03-16T02:00:00Z,sell,1.05888,1.0596558595539358,1.0565524213381927,7497,C_short
EURUSD,C,2023-03-16T12:00:00Z,sell,1.06035,1.0613492162853944,1.0573523511438165,7481,C_short
EURUSD,C,2023-03-16T12:30:00Z,sell,1.05877,1.0602879891210295,1.0542160326369114,7484,C_short
EURUSD,C,2023-03-16T14:00:00Z,sell,1.05997,1.0625096271750927,1.0523511184747223,7464,C_short
EURUSD,C,2023-03-16T17:30:00Z,sell,1.06016,1.0617218502180368,1.0554744493458896,7445,C_short
EURUSD,C,2023-03-17T14:00:00Z,buy,1.0638,1.0626160417451465,1.067351874764561,7408,C_long
EURUSD,C,2023-03-17T14:30:00Z,buy,1.06353,1.06234133802191,1.0670959859342704,7401,C_long
EURUSD,C,2023-03-20T04:00:00Z,buy,1.06728,1.066590618165274,1.069348145504178,7398,C_long
EURUSD,C,2023-03-20T05:00:00Z,buy,1.06728,1.066659189835425,1.0691424304937251,7393,C_long
EURUSD,C,2023-03-20T09:45:00Z,buy,1.06743,1.066012349403722,1.0716829517888347,7387,C_long
EURUSD,C,2023-03-21T05:45:00Z,buy,1.07155,1.0711733695120094,1.072679891463972,7387,C_long
EURUSD,C,2023-03-21T07:15:00Z,buy,1.07151,1.070981269391354,1.0730961918259376,7384,C_long
EURUSD,C,2023-03-22T08:00:00Z,buy,1.07694,1.0762826434403336,1.078912069678999,7357,C_long
EURUSD,C,2023-03-23T12:15:00Z,buy,1.08878,1.0877810280547053,1.0917769158358843,7289,C_long
EURUSD,C,2023-03-23T13:15:00Z,buy,1.08892,1.0878490746127496,1.0921327761617516,7281,C_long
EURUSD,C,2023-03-26T21:45:00Z,sell,1.07654,1.077108751734575,1.0748337447962752,7357,C_short
EURUSD,C,2023-03-27T00:00:00Z,sell,1.07665,1.0772371126891376,1.0748886619325877,7352,C_short
EURUSD,C,2023-03-27T04:30:00Z,sell,1.0766,1.0770371851657479,1.0752884445027564,7348,C_short
EURUSD,C,2023-03-27T07:15:00Z,sell,1.07618,1.0769845928261632,1.07376622152151,7347,C_short
EURUSD,C,2023-03-27T09:00:00Z,sell,1.07589,1.0769084663874053,1.072834600837784,7343,C_short
EURUSD,C,2023-03-27T10:15:00Z,sell,1.07649,1.0774072102852725,1.0737383691441822,7331,C_short
EURUSD,C,2023-03-29T04:15:00Z,buy,1.08425,1.0838331717220946,1.085500484833716,7272,C_long
EURUSD,C,2023-03-29T07:45:00Z,buy,1.08368,1.082992217485568,1.085743347543296,7272,C_long
EURUSD,C,2023-03-29T09:00:00Z,buy,1.08385,1.0830964668798273,1.086110599360518,7266,C_long
EURUSD,C,2023-03-29T13:45:00Z,buy,1.08465,1.0836252706506224,1.0877241880481323,7275,C_long
EURUSD,C,2023-03-29T17:30:00Z,buy,1.08402,1.0832055317625047,1.086463404712486,7271,C_long
EURUSD,C,2023-03-30T04:30:00Z,buy,1.08405,1.083637212252877,1.0852883632413688,7265,C_long
EURUSD,C,2023-03-30T06:30:00Z,buy,1.08383,1.0832361231904424,1.0856116304286731,7263,C_long
EURUSD,C,2023-03-30T07:15:00Z,buy,1.08428,1.0833356837479708,1.087112948756087,7256,C_long
EURUSD,C,2023-03-31T03:45:00Z,buy,1.09068,1.0902129059639079,1.0920812821082768,7231,C_long
EURUSD,C,2023-03-31T06:45:00Z,buy,1.09038,1.089788709837234,1.0921538704882974,7229,C_long
EURUSD,C,2023-03-31T13:45:00Z,buy,1.08914,1.0881116557950798,1.0922250326147604,7233,C_long
EURUSD,C,2023-04-04T02:15:00Z,buy,1.0892,1.0887308212029676,1.090607536391097,7225,C_long
EURUSD,C,2023-04-04T06:15:00Z,buy,1.08993,1.089308988590532,1.0917930342284041,7217,C_long
EURUSD,C,2023-04-04T11:30:00Z,buy,1.0908,1.089897682352715,1.0935069529418553,7223,C_long
EURUSD,C,2023-04-04T14:00:00Z,buy,1.09422,1.0928864202283022,1.0982207393150933,7193,C_long
EURUSD,C,2023-04-06T08:15:00Z,sell,1.08966,1.0903971916763333,1.0874484249710004,7214,C_short
EURUSD,C,2023-04-06T10:45:00Z,sell,1.08997,1.0906548457790748,1.087915462662776,7207,C_short
EURUSD,C,2023-04-06T12:30:00Z,sell,1.09039,1.0912480058300613,1.087815982509816,7199,C_short
EURUSD,C,2023-04-06T22:15:00Z,buy,1.09185,1.091617140512079,1.0925485784637632,7183,C_long
EURUSD,C,2023-04-06T23:30:00Z,buy,1.09205,1.091823638218471,1.092729085344587,7179,C_long
EURUSD,C,2023-04-07T02:15:00Z,buy,1.09211,1.0918231524259616,1.0929705427221148,7177,C_long
EURUSD,C,2023-04-07T06:15:00Z,buy,1.09188,1.091558322758548,1.092845031724356,7176,C_long
EURUSD,C,2023-04-07T10:30:00Z,buy,1.09175,1.091449683541492,1.092650949375524,7174,C_long
EURUSD,C,2023-04-07T11:45:00Z,buy,1.09173,1.0913955688706782,1.0927332933879657,7172,C_long
EURUSD,C,2023-04-07T15:00:00Z,sell,1.09059,1.091359191483091,1.088282425550727,7176,C_short
EURUSD,C,2023-04-10T00:30:00Z,sell,1.09061,1.0910460705430736,1.0893017883707796,7170,C_short
EURUSD,C,2023-04-10T09:45:00Z,sell,1.09059,1.0911051585004294,1.0890445244987115,7178,C_short
EURUSD,C,2023-04-11T17:30:00Z,buy,1.09052,1.089935266401493,1.0922742007955208,7188,C_long
EURUSD,C,2023-04-12T06:45:00Z,buy,1.09266,1.0920869816592296,1.0943790550223111,7185,C_long
EURUSD,C,2023-04-12T12:15:00Z,buy,1.09229,1.0917171192639918,1.0940086422080244,7183,C_long
EURUSD,C,2023-04-13T03:15:00Z,buy,1.09866,1.098148466065716,1.1001946018028521,7152,C_long
EURUSD,C,2023-04-13T07:00:00Z,buy,1.09973,1.0990454348510241,1.101783695446928,7141,C_long
EURUSD,C,2023-04-14T08:30:00Z,buy,1.10606,1.105365584073608,1.108143247779176,7112,C_long
EURUSD,C,2023-04-17T05:45:00Z,sell,1.09886,1.0992976704148296,1.097546988755511,7154,C_short
EURUSD,C,2023-04-17T06:15:00Z,sell,1.09886,1.099380828000472,1.0972975159985838,7150,C_short
EURUSD,C,2023-04-17T08:00:00Z,sell,1.09849,1.0991964585810505,1.0963706242568483,7149,C_short
EURUSD,C,2023-04-18T02:00:00Z,sell,1.09306,1.0935159645240258,1.0916921064279224,7197,C_short
EURUSD,C,2023-04-18T12:45:00Z,sell,1.09559,1.0964428826341475,1.0930313520975579,7177,C_short
EURUSD,C,2023-04-18T15:45:00Z,sell,1.09571,1.0965194530515905,1.0932816408452284,7170,C_short
EURUSD,C,2023-04-19T02:15:00Z,buy,1.0971,1.0966410331529608,1.0984769005411175,7155,C_long
EURUSD,C,2023-04-19T07:15:00Z,buy,1.09712,1.0963818633570919,1.0993344099287248,7151,C_long
EURUSD,C,2023-04-19T15:30:00Z,sell,1.09532,1.0963077603225702,1.0923567190322898,7158,C_short
EURUSD,C,2023-04-19T18:00:00Z,sell,1.09556,1.0962003155854132,1.0936390532437608,7149,C_short
EURUSD,C,2023-04-20T07:00:00Z,sell,1.09559,1.0962146522735552,1.0937160431793347,7144,C_short
EURUSD,C,2023-04-20T09:00:00Z,sell,1.09587,1.096790880267226,1.0931073591983218,7138,C_short
EURUSD,C,2023-04-20T12:30:00Z,buy,1.09684,1.0956485017345095,1.1004144947964718,7125,C_long
EURUSD,C,2023-04-20T20:00:00Z,buy,1.09671,1.0961636690184489,1.0983489929446537,7117,C_long
EURUSD,C,2023-04-21T08:15:00Z,sell,1.09565,1.0965830793327649,1.0928507620017054,7120,C_short
EURUSD,C,2023-04-21T14:15:00Z,buy,1.09741,1.0959341575955404,1.101837527213379,7102,C_long
EURUSD,C,2023-04-25T05:30:00Z,buy,1.10503,1.104588221888078,1.1063553343357657,7081,C_long
EURUSD,C,2023-04-26T16:45:00Z,buy,1.10409,1.1029538689669285,1.1074983930992146,7083,C_long
EURUSD,C,2023-04-27T19:30:00Z,sell,1.10236,1.1029073764529191,1.1007178706412426,7086,C_short
EURUSD,C,2023-04-27T21:45:00Z,sell,1.10233,1.10266214172065,1.1013335748380504,7082,C_short
EURUSD,C,2023-04-27T22:30:00Z,sell,1.10263,1.1029737378845237,1.101598786346429,7078,C_short
EURUSD,C,2023-04-28T07:00:00Z,sell,1.10014,1.101308640691469,1.0966340779255928,7091,C_short
EURUSD,C,2023-04-28T13:30:00Z,sell,1.09957,1.101065639520536,1.0950830814383916,7117,C_short
EURUSD,C,2023-04-28T20:30:00Z,sell,1.10153,1.1020691624824492,1.0999125125526519,7094,C_short
EURUSD,C,2023-04-30T22:15:00Z,sell,1.10142,1.1019051483581497,1.0999645549255512,7088,C_short
EURUSD,C,2023-05-01T14:00:00Z,sell,1.09961,1.1005761911589604,1.0967114265231186,7109,C_short
EURUSD,C,2023-05-02T04:15:00Z,sell,1.09819,1.0985265949489944,1.0971802151530168,7136,C_short
EURUSD,C,2023-05-02T05:45:00Z,sell,1.09834,1.09881671567005,1.0969098529898507,7132,C_short
EURUSD,C,2023-05-02T07:45:00Z,sell,1.09855,1.09947739662623,1.09576781012131,7127,C_short
EURUSD,C,2023-05-04T11:00:00Z,buy,1.10681,1.1059335340987464,1.109439397703761,7091,C_long
EURUSD,C,2023-05-05T06:15:00Z,sell,1.10316,1.1036426586027557,1.1017120241917326,7108,C_short
EURUSD,C,2023-05-05T07:30:00Z,sell,1.10332,1.1041023739267068,1.1009728782198798,7103,C_short
EURUSD,C,2023-05-05T17:30:00Z,sell,1.1015,1.102406680381268,1.0987799588561957,7129,C_short
EURUSD,C,2023-05-05T19:45:00Z,sell,1.10182,1.1025118667105946,1.0997443998682161,7121,C_short
EURUSD,C,2023-05-08T09:45:00Z,buy,1.10359,1.1028604353996978,1.1057786938009069,7104,C_long
EURUSD,C,2023-05-09T18:30:00Z,sell,1.0968,1.0973911984415823,1.0950264046752531,7143,C_short
EURUSD,C,2023-05-09T22:45:00Z,sell,1.09649,1.0969723950689954,1.0950428147930138,7156,C_short
EURUSD,C,2023-05-10T05:15:00Z,sell,1.0966,1.0968993524005517,1.095701942798345,7151,C_short
EURUSD,C,2023-05-10T06:15:00Z,sell,1.09668,1.0970950384970304,1.0954348845089092,7148,C_short
EURUSD,C,2023-05-10T06:45:00Z,sell,1.09695,1.0974688511377695,1.095393446586692,7143,C_short
EURUSD,C,2023-05-10T07:45:00Z,sell,1.09646,1.0971686911080658,1.0943339266758025,7142,C_short
EURUSD,C,2023-05-10T15:45:00Z,sell,1.09651,1.0977018448520506,1.0929344654438486,7155,C_short
EURUSD,C,2023-05-11T02:00:00Z,sell,1.09794,1.0984358373257637,1.0964524880227087,7137,C_short
EURUSD,C,2023-05-12T01:00:00Z,sell,1.09193,1.092250472107921,1.0909685836762375,7186,C_short
EURUSD,C,2023-05-12T02:30:00Z,sell,1.09204,1.0923855984877706,1.0910032045366878,7182,C_short
EURUSD,C,2023-05-12T07:45:00Z,sell,1.09076,1.0915909152299914,1.0882672543100256,7188,C_short
EURUSD,C,2023-05-15T02:00:00Z,sell,1.08566,1.0860892486995006,1.0843722539014984,7215,C_short
EURUSD,C,2023-05-15T09:00:00Z,sell,1.08576,1.0864761406654997,1.0836115780035012,7211,C_short
EURUSD,C,2023-05-15T14:45:00Z,sell,1.08647,1.0871904847656806,1.0843085457029584,7201,C_short
EURUSD,C,2023-05-15T16:00:00Z,sell,1.08692,1.0875486275820299,1.0850341172539109,7193,C_short
EURUSD,C,2023-05-15T23:45:00Z,sell,1.08735,1.0875169816768713,1.0868490549693863,7185,C_short
EURUSD,C,2023-05-16T02:00:00Z,sell,1.08714,1.0875132410082677,1.0860202769751968,7185,C_short
EURUSD,C,2023-05-16T05:30:00Z,sell,1.08732,1.0877005343124648,1.0861783970626058,7181,C_short
EURUSD,C,2023-05-16T12:00:00Z,sell,1.0881,1.0886942340377472,1.0863172978867586,7172,C_short
EURUSD,C,2023-05-16T12:45:00Z,sell,1.08815,1.089004853979535,1.085585438061395,7168,C_short
EURUSD,C,2023-05-17T01:30:00Z,sell,1.08641,1.0867674428234388,1.0853376715296839,7195,C_short
EURUSD,C,2023-05-17T03:15:00Z,sell,1.08675,1.0870994448305402,1.0857016655083798,7190,C_short
EURUSD,C,2023-05-17T18:30:00Z,sell,1.0838,1.0843677123105853,1.0820968630682446,7216,C_short
EURUSD,C,2023-05-17T22:45:00Z,sell,1.08383,1.084092965302067,1.0830411040937993,7211,C_short
EURUSD,C,2023-05-18T03:30:00Z,sell,1.0839,1.0842428468519045,1.0828714594442868,7208,C_short
EURUSD,C,2023-05-19T14:30:00Z,sell,1.0789,1.0796719118827025,1.0765842643518924,7248,C_short
EURUSD,C,2023-05-19T19:30:00Z,sell,1.07987,1.0804522547370616,1.0781232357888155,7236,C_short
EURUSD,C,2023-05-19T20:45:00Z,sell,1.08019,1.080731873709416,1.0785643788717518,7229,C_short
EURUSD,C,2023-05-22T06:15:00Z,buy,1.08209,1.0814967416809345,1.0838697749571966,7214,C_long
EURUSD,C,2023-05-22T09:00:00Z,buy,1.08153,1.080727867900049,1.0839363962998536,7213,C_long
EURUSD,C,2023-05-22T16:15:00Z,buy,1.08153,1.080607069120862,1.0842987926374144,7207,C_long
EURUSD,C,2023-05-23T06:45:00Z,sell,1.08091,1.0813880640014297,1.079475807995711,7204,C_short
EURUSD,C,2023-05-23T14:15:00Z,sell,1.07884,1.0798702105948417,1.075749368215475,7227,C_short
EURUSD,C,2023-05-24T13:30:00Z,sell,1.07768,1.0786420213659849,1.0747939359020453,7255,C_short
EURUSD,C,2023-05-25T12:15:00Z,sell,1.07326,1.0739411464416422,1.0712165606750739,7303,C_short
EURUSD,C,2023-05-25T18:00:00Z,sell,1.07241,1.0729828729833573,1.0706913810499286,7322,C_short
EURUSD,C,2023-05-26T06:45:00Z,sell,1.07293,1.0734224223045523,1.0714527330863428,7313,C_short
EURUSD,C,2023-05-26T07:30:00Z,sell,1.0731,1.0737883709046225,1.0710348872861322,7308,C_short
EURUSD,C,2023-05-26T08:15:00Z,sell,1.07309,1.0738372506303575,1.0708482481089279,7303,C_short
EURUSD,C,2023-05-26T12:30:00Z,sell,1.07306,1.0740401824822041,1.0701194525533873,7298,C_short
EURUSD,C,2023-05-26T13:15:00Z,sell,1.07315,1.074260323233601,1.0698190302991972,7290,C_short
EURUSD,C,2023-05-29T07:30:00Z,sell,1.07301,1.073504484981577,1.0715265450552693,7282,C_short
EURUSD,C,2023-05-30T03:00:00Z,sell,1.07142,1.0718850434771965,1.0700248695684107,7302,C_short
EURUSD,C,2023-05-30T09:00:00Z,sell,1.06999,1.0708480910204632,1.0674157269386104,7321,C_short
EURUSD,C,2023-05-31T14:00:00Z,sell,1.0663,1.0674706911619634,1.06278792651411,7340,C_short
EURUSD,C,2023-06-01T01:30:00Z,sell,1.06811,1.0685864789104387,1.0666805632686835,7319,C_short
EURUSD,C,2023-06-01T04:00:00Z,sell,1.06843,1.0688601944284084,1.0671394167147747,7313,C_short
EURUSD,C,2023-06-01T04:45:00Z,sell,1.06815,1.0686563221212482,1.0666310336362552,7311,C_short
EURUSD,C,2023-06-02T13:15:00Z,buy,1.0767,1.075500703574446,1.0802978892766621,7263,C_long
EURUSD,C,2023-06-05T23:15:00Z,sell,1.07079,1.0710775794725143,1.0699272615824569,7294,C_short
EURUSD,C,2023-06-06T16:00:00Z,sell,1.06935,1.0700943057050665,1.0671170828848007,7301,C_short
EURUSD,C,2023-06-07T01:30:00Z,sell,1.06948,1.0698747464551213,1.0682957606346362,7295,C_short
EURUSD,C,2023-06-07T15:15:00Z,buy,1.0705,1.0696201217243368,1.0731396348269895,7295,C_long
EURUSD,C,2023-06-07T18:45:00Z,buy,1.07022,1.0697204215033491,1.0717187354899524,7291,C_long
EURUSD,C,2023-06-07T22:30:00Z,sell,1.06977,1.0700418879216145,1.068954336235157,7290,C_short
EURUSD,C,2023-06-08T07:45:00Z,buy,1.07129,1.070665648828049,1.0731630535158532,7277,C_long
EURUSD,C,2023-06-09T06:15:00Z,buy,1.07766,1.0772084946178033,1.0790145161465903,7246,C_long
EURUSD,C,2023-06-09T07:45:00Z,buy,1.07753,1.0769386547329638,1.079304035801109,7243,C_long
EURUSD,C,2023-06-09T11:30:00Z,buy,1.07751,1.0769281732018547,1.0792554803944356,7238,C_long
EURUSD,C,2023-06-09T13:30:00Z,buy,1.07716,1.0763846653465643,1.0794860039603067,7236,C_long
EURUSD,C,2023-06-12T18:30:00Z,buy,1.07567,1.0750764633821333,1.0774506098535999,7241,C_long
EURUSD,C,2023-06-13T14:15:00Z,buy,1.07944,1.0781743479077686,1.0832369562766941,7226,C_long
EURUSD,C,2023-06-14T07:00:00Z,buy,1.07897,1.0784706542814444,1.0804680371556667,7221,C_long
EURUSD,C,2023-06-14T18:30:00Z,buy,1.08345,1.0820419119947422,1.0876742640157735,7200,C_long
EURUSD,C,2023-06-15T07:45:00Z,buy,1.08269,1.0820186252718105,1.0847041241845683,7195,C_long
EURUSD,C,2023-06-15T12:00:00Z,buy,1.08291,1.0820679272782894,1.085436218165132,7207,C_long
EURUSD,C,2023-06-16T13:15:00Z,buy,1.09532,1.0944104329588904,1.098048701123329,7141,C_long
EURUSD,C,2023-06-16T18:00:00Z,buy,1.09413,1.0935892471982578,1.0957522584052268,7142,C_long
EURUSD,C,2023-06-18T22:15:00Z,buy,1.094,1.093477322250885,1.0955680332473456,7138,C_long
EURUSD,C,2023-06-19T02:15:00Z,buy,1.094,1.0936004543354398,1.0951986369936808,7134,C_long
EURUSD,C,2023-06-19T05:30:00Z,buy,1.09402,1.0936963316955621,1.0949910049133136,7131,C_long
EURUSD,C,2023-06-19T08:15:00Z,buy,1.09369,1.0930669071117205,1.0955592786648387,7130,C_long
EURUSD,C,2023-06-19T15:15:00Z,buy,1.09273,1.0921548189562176,1.0944555431313472,7132,C_long
EURUSD,C,2023-06-19T22:00:00Z,buy,1.09242,1.0921959034658066,1.0930922896025799,7130,C_long
EURUSD,C,2023-06-19T23:45:00Z,buy,1.09235,1.0920829233064004,1.0931512300807984,7128,C_long
EURUSD,C,2023-06-20T02:45:00Z,buy,1.09223,1.0918124657805728,1.0934826026582818,7127,C_long
EURUSD,C,2023-06-20T05:30:00Z,buy,1.09204,1.091613746768329,1.093318759695013,7125,C_long
EURUSD,C,2023-06-20T10:00:00Z,buy,1.09305,1.092297295978821,1.095308112063537,7115,C_long
EURUSD,C,2023-06-20T19:00:00Z,sell,1.09128,1.0917993590947637,1.0897219227157091,7121,C_short
EURUSD,C,2023-06-21T00:00:00Z,sell,1.0917,1.0919572403475444,1.0909282789573664,7114,C_short
EURUSD,C,2023-06-21T02:30:00Z,sell,1.09128,1.0917016906495778,1.0900149280512668,7114,C_short
EURUSD,C,2023-06-21T04:45:00Z,sell,1.09161,1.091915909578257,1.0906922712652292,7109,C_short
EURUSD,C,2023-06-21T07:45:00Z,sell,1.09128,1.091803394800411,1.0897098155987668,7116,C_short
EURUSD,C,2023-06-21T09:45:00Z,sell,1.09165,1.092410326094457,1.0893690217166287,7110,C_short
EURUSD,C,2023-06-21T11:00:00Z,sell,1.09171,1.0923684245946854,1.0897347262159436,7104,C_short
EURUSD,C,2023-06-21T12:15:00Z,sell,1.09141,1.0920978698443253,1.089346390467024,7101,C_short
EURUSD,C,2023-06-21T13:30:00Z,sell,1.09141,1.0922514963859873,1.088885510842038,7096,C_short
EURUSD,C,2023-06-21T13:45:00Z,buy,1.09266,1.0916587031321443,1.095663890603567,7082,C_long
EURUSD,C,2023-06-22T12:15:00Z,buy,1.09911,1.0983039420353802,1.1015281738938596,7059,C_long
EURUSD,C,2023-06-23T18:00:00Z,sell,1.08928,1.0898346053625583,1.0876161839123253,7116,C_short
EURUSD,C,2023-06-26T04:30:00Z,sell,1.09008,1.09046299863029,1.0889310041091296,7103,C_short
EURUSD,C,2023-06-26T06:15:00Z,sell,1.09022,1.090644921968629,1.088945234094113,7099,C_short
EURUSD,C,2023-06-26T07:30:00Z,sell,1.08984,1.0904287280362115,1.0880738158913652,7098,C_short
EURUSD,C,2023-06-26T14:30:00Z,sell,1.09038,1.0909816502594092,1.088575049221772,7090,C_short
EURUSD,C,2023-06-26T16:15:00Z,sell,1.09023,1.0908452639059496,1.0883842082821513,7087,C_short
EURUSD,C,2023-06-26T19:15:00Z,sell,1.09065,1.091086543085208,1.0893403707443758,7079,C_short
EURUSD,C,2023-06-27T00:00:00Z,sell,1.09077,1.0910083481170394,1.0900549556488819,7075,C_short
EURUSD,C,2023-06-27T00:30:00Z,sell,1.09076,1.0910081814745762,1.090015455576271,7073,C_short
EURUSD,C,2023-06-28T05:45:00Z,buy,1.09533,1.0949598333494162,1.0964404999517512,7041,C_long
EURUSD,C,2023-06-28T07:30:00Z,buy,1.09538,1.0948004475201494,1.097118657439552,7038,C_long
EURUSD,C,2023-06-28T08:30:00Z,buy,1.09583,1.0950925201308244,1.0980424396075272,7031,C_long
EURUSD,C,2023-06-28T10:00:00Z,buy,1.09535,1.0945129720414941,1.0978610838755178,7029,C_long
EURUSD,C,2023-06-29T12:30:00Z,sell,1.0905,1.0915149140869256,1.0874552577392234,7054,C_short
EURUSD,C,2023-06-30T05:45:00Z,sell,1.08695,1.0873819052546299,1.0856542842361108,7096,C_short
EURUSD,C,2023-07-03T01:00:00Z,buy,1.09043,1.090105193965657,1.0914044181030291,7081,C_long
EURUSD,C,2023-07-03T11:15:00Z,sell,1.08949,1.0903924669711236,1.0867825990866296,7093,C_short
EURUSD,C,2023-07-04T01:00:00Z,buy,1.09111,1.0908530203722577,1.091880938883227,7076,C_long
EURUSD,C,2023-07-04T01:45:00Z,buy,1.09107,1.0907526831875112,1.0920219504374664,7073,C_long
EURUSD,C,2023-07-04T06:15:00Z,buy,1.09073,1.0903004774925649,1.0920185675223053,7073,C_long
EURUSD,C,2023-07-04T14:30:00Z,sell,1.09001,1.0905270228595934,1.0884589314212196,7074,C_short
EURUSD,C,2023-07-05T00:45:00Z,sell,1.08867,1.0889500495109186,1.0878298514672444,7092,C_short
EURUSD,C,2023-07-05T08:00:00Z,sell,1.08769,1.0886831936672903,1.0847104189981294,7103,C_short
EURUSD,C,2023-07-05T09:00:00Z,sell,1.08811,1.0891500419621032,1.08498987411369,7094,C_short
EURUSD,C,2023-07-05T10:30:00Z,sell,1.08828,1.0891835899174152,1.0855692302477542,7085,C_short
EURUSD,C,2023-07-05T14:00:00Z,sell,1.08857,1.0894208363169455,1.0860174910491636,7077,C_short
EURUSD,C,2023-07-06T08:00:00Z,sell,1.08532,1.086172457321467,1.082762628035599,7114,C_short
EURUSD,C,2023-07-06T14:00:00Z,sell,1.08559,1.0873478524203035,1.0803164427390897,7106,C_short
EURUSD,C,2023-07-06T15:00:00Z,sell,1.08665,1.0884551840587908,1.081234447823627,7087,C_short
EURUSD,C,2023-07-07T09:30:00Z,buy,1.08848,1.087524552907278,1.0913463412781659,7063,C_long
EURUSD,C,2023-07-07T12:15:00Z,buy,1.08877,1.0879431697795134,1.0912504906614597,7054,C_long
EURUSD,C,2023-07-10T07:00:00Z,buy,1.09593,1.095287288888723,1.097858133333831,7024,C_long
EURUSD,C,2023-07-10T07:45:00Z,buy,1.09544,1.0947473255373406,1.0975180233879782,7022,C_long
EURUSD,C,2023-07-10T13:15:00Z,buy,1.09599,1.095337295676802,1.0979481129695943,7014,C_long
EURUSD,C,2023-07-11T10:00:00Z,buy,1.10086,1.1002143493102223,1.1027969520693328,6994,C_long
EURUSD,C,2023-07-11T16:45:00Z,buy,1.10024,1.0996416435855088,1.1020350692434742,6994,C_long
EURUSD,C,2023-07-12T11:30:00Z,buy,1.10233,1.101792344179112,1.1039429674626642,6991,C_long
EURUSD,C,2023-07-12T12:00:00Z,buy,1.10246,1.1017968718500886,1.1044493844497343,6986,C_long
EURUSD,C,2023-07-12T12:30:00Z,buy,1.1062,1.104931517078511,1.1100054487644673,6974,C_long
EURUSD,C,2023-07-14T06:00:00Z,buy,1.12233,1.121769007768875,1.1240129766933755,6865,C_long
EURUSD,C,2023-07-14T07:45:00Z,buy,1.12214,1.1213853159477398,1.1244040521567802,6862,C_long
EURUSD,C,2023-07-14T11:00:00Z,buy,1.12278,1.1220261937450138,1.1250414187649582,6872,C_long
EURUSD,C,2023-07-14T12:45:00Z,buy,1.12257,1.1216248020632424,1.125405593810273,6868,C_long
EURUSD,C,2023-07-14T17:15:00Z,buy,1.12308,1.1223174197379702,1.1253677407860898,6858,C_long
EURUSD,C,2023-07-16T21:00:00Z,buy,1.12294,1.1224462925917855,1.1244211222246436,6854,C_long
EURUSD,C,2023-07-16T23:30:00Z,buy,1.12286,1.1225497850980564,1.1237906447058308,6851,C_long
EURUSD,C,2023-07-17T04:45:00Z,buy,1.12268,1.1223331893122728,1.1237204320631813,6849,C_long
EURUSD,C,2023-07-17T05:45:00Z,buy,1.12324,1.1227583537767472,1.1246849386697586,6843,C_long
EURUSD,C,2023-07-17T11:00:00Z,buy,1.12357,1.122874688936094,1.1256559331917175,6837,C_long
EURUSD,C,2023-07-17T12:45:00Z,buy,1.12354,1.1227233436772563,1.125989968968231,6832,C_long
EURUSD,C,2023-07-17T14:45:00Z,buy,1.12317,1.122203945922573,1.126068162232281,6829,C_long
EURUSD,C,2023-07-18T09:45:00Z,buy,1.12488,1.1238732380082905,1.1279002859751288,6835,C_long
EURUSD,C,2023-07-18T22:00:00Z,buy,1.12316,1.122810238600254,1.1242092841992375,6839,C_long
EURUSD,C,2023-07-19T00:15:00Z,buy,1.12325,1.1229154475675192,1.1242536572974429,6836,C_long
EURUSD,C,2023-07-19T06:00:00Z,sell,1.1218,1.1224425797441646,1.1198722607675058,6842,C_short
EURUSD,C,2023-07-19T08:00:00Z,sell,1.12249,1.123506428589475,1.1194407142315752,6849,C_short
EURUSD,C,2023-07-19T10:00:00Z,sell,1.12201,1.1228815832502597,1.1193952502492208,6845,C_short
EURUSD,C,2023-07-20T05:30:00Z,sell,1.12145,1.1218525762470712,1.1202422712587865,6863,C_short
EURUSD,C,2023-07-20T06:00:00Z,sell,1.1209,1.1213994461589112,1.1194016615232665,6864,C_short
EURUSD,C,2023-07-20T07:30:00Z,sell,1.12017,1.120991312410412,1.1177060627687643,6865,C_short
EURUSD,C,2023-07-20T10:45:00Z,sell,1.1204,1.1211046480384328,1.1182860558847019,6858,C_short
EURUSD,C,2023-07-21T07:00:00Z,sell,1.1138,1.1143105134134803,1.1122684597595587,6893,C_short
EURUSD,C,2023-07-21T17:45:00Z,sell,1.11258,1.1131385877144653,1.1109042368566038,6909,C_short
EURUSD,C,2023-07-23T22:00:00Z,sell,1.11255,1.1129613377962815,1.1113159866111553,6906,C_short
EURUSD,C,2023-07-23T23:30:00Z,sell,1.11254,1.112899685523589,1.111460943429233,6902,C_short
EURUSD,C,2023-07-24T01:15:00Z,sell,1.11217,1.1126132683596766,1.1108401949209707,6902,C_short
EURUSD,C,2023-07-24T02:45:00Z,sell,1.11263,1.1130875562120517,1.111257331363845,6896,C_short
EURUSD,C,2023-07-24T07:15:00Z,sell,1.11246,1.1133811222097596,1.1096966333707212,6893,C_short
EURUSD,C,2023-07-24T11:45:00Z,sell,1.10972,1.1106826055777426,1.1068321832667725,6927,C_short
EURUSD,C,2023-07-25T01:30:00Z,sell,1.10702,1.1074468415834675,1.105739475249597,6961,C_short
EURUSD,C,2023-07-25T02:00:00Z,sell,1.10716,1.1076009610115822,1.105837116965253,6957,C_short
EURUSD,C,2023-07-25T04:30:00Z,sell,1.10713,1.1074987698234156,1.1060236905297531,6954,C_short
EURUSD,C,2023-07-25T07:45:00Z,sell,1.1071,1.1078110582598213,1.104966825220536,6951,C_short
EURUSD,C,2023-07-25T23:30:00Z,sell,1.10495,1.1052183985736561,1.104144804279032,6977,C_short
EURUSD,C,2023-07-26T04:45:00Z,sell,1.10481,1.1051342093949597,1.1038373718151213,6976,C_short
EURUSD,C,2023-07-26T11:45:00Z,sell,1.10627,1.107020456207572,1.1040186313772842,6964,C_short
EURUSD,C,2023-07-26T14:45:00Z,sell,1.10635,1.1071432103134538,1.1039703690596385,6958,C_short
EURUSD,C,2023-07-26T17:00:00Z,sell,1.10636,1.1070356279325382,1.1043331162023855,6952,C_short
EURUSD,C,2023-07-26T18:15:00Z,sell,1.1062,1.1070771145507239,1.1035686563478286,6949,C_short
EURUSD,C,2023-07-27T00:00:00Z,buy,1.1082,1.107762242025,1.1095132739250004,6930,C_long
EURUSD,C,2023-07-27T06:00:00Z,buy,1.10941,1.1087525513941354,1.1113823458175938,6930,C_long
EURUSD,C,2023-07-28T20:45:00Z,sell,1.10125,1.101773593809926,1.0996792185702222,6993,C_short
EURUSD,C,2023-07-31T01:45:00Z,sell,1.10142,1.1019526004180011,1.0998221987459968,6991,C_short
EURUSD,C,2023-07-31T08:30:00Z,sell,1.10147,1.1021798781797898,1.0993403654606304,6987,C_short
EURUSD,C,2023-07-31T12:15:00Z,buy,1.10262,1.1018551491243103,1.104914552627069,6975,C_long
EURUSD,C,2023-07-31T13:30:00Z,buy,1.10364,1.1027676357844445,1.1062570926466664,6963,C_long
EURUSD,C,2023-07-31T15:15:00Z,buy,1.10261,1.101604139168015,1.1056275824959556,6963,C_long
EURUSD,C,2023-08-01T06:00:00Z,sell,1.09922,1.0997649108755727,1.0975852673732822,6978,C_short
EURUSD,C,2023-08-01T06:45:00Z,sell,1.09946,1.100010604205521,1.097808187383437,6972,C_short
EURUSD,C,2023-08-02T02:00:00Z,sell,1.09893,1.0996586286312477,1.0967441141062566,6985,C_short
EURUSD,C,2023-08-02T06:00:00Z,sell,1.09832,1.0989574386652485,1.0964076840042543,6984,C_short
EURUSD,C,2023-08-02T07:00:00Z,sell,1.09876,1.09945286608826,1.0966814017352196,6976,C_short
EURUSD,C,2023-08-02T08:00:00Z,sell,1.09833,1.099225559275986,1.0956433221720419,6974,C_short
EURUSD,C,2023-08-03T09:15:00Z,sell,1.09278,1.0936661391344116,1.0901215825967656,7026,C_short
EURUSD,C,2023-08-03T12:15:00Z,sell,1.0928,1.0938559040034426,1.0896322879896723,7019,C_short
EURUSD,C,2023-08-03T13:00:00Z,sell,1.09256,1.0939965514357224,1.0882503456928327,7013,C_short
EURUSD,C,2023-08-03T14:45:00Z,sell,1.09318,1.0946467845366157,1.0887796463901531,7000,C_short
EURUSD,C,2023-08-03T19:00:00Z,sell,1.09394,1.0946202770972315,1.091899168708305,6985,C_short
EURUSD,C,2023-08-04T04:45:00Z,sell,1.09501,1.0953591645065486,1.0939625064803544,6973,C_short
EURUSD,C,2023-08-04T06:30:00Z,sell,1.09488,1.0953523319517877,1.0934630041446372,6971,C_short
EURUSD,C,2023-08-06T23:45:00Z,buy,1.10024,1.0998970752519976,1.1012687742440075,6934,C_long
EURUSD,C,2023-08-07T12:15:00Z,buy,1.09861,1.0980302975484981,1.100349107354506,6941,C_long
EURUSD,C,2023-08-07T12:45:00Z,buy,1.09955,1.098882223491983,1.101553329524051,6931,C_long
EURUSD,C,2023-08-08T05:00:00Z,buy,1.09939,1.098986937706404,1.100599186880788,6927,C_long
EURUSD,C,2023-08-08T05:45:00Z,buy,1.09988,1.0993987532269538,1.1013237403191385,6921,C_long
EURUSD,C,2023-08-08T19:30:00Z,sell,1.09599,1.0965127738590874,1.0944216784227379,6942,C_short
EURUSD,C,2023-08-09T11:45:00Z,sell,1.09698,1.0975996574490312,1.0951210276529066,6932,C_short
EURUSD,C,2023-08-09T16:00:00Z,buy,1.09791,1.0970829561485154,1.1003911315544537,6921,C_long
EURUSD,C,2023-08-10T02:00:00Z,buy,1.09782,1.0974266921967397,1.098999923409781,6916,C_long
EURUSD,C,2023-08-10T15:15:00Z,buy,1.10185,1.1004143531502424,1.1061569405492728,6898,C_long
EURUSD,C,2023-08-11T01:45:00Z,buy,1.09944,1.0990565971387138,1.1005902085838584,6903,C_long
EURUSD,C,2023-08-11T05:45:00Z,buy,1.09931,1.0989032421752893,1.100530273474132,6901,C_long
EURUSD,C,2023-08-11T10:15:00Z,buy,1.09915,1.0984037916897325,1.101388624930803,6899,C_long
EURUSD,C,2023-08-14T10:45:00Z,sell,1.09451,1.0951451303930078,1.092604608820977,6923,C_short
EURUSD,C,2023-08-14T17:00:00Z,sell,1.09259,1.0934614186989917,1.0899757439030247,6946,C_short
EURUSD,C,2023-08-15T12:15:00Z,sell,1.09229,1.092942759008991,1.0903317229730267,6942,C_short
EURUSD,C,2023-08-15T14:00:00Z,sell,1.09252,1.093863670518241,1.0884889884452769,6952,C_short
EURUSD,C,2023-08-15T15:15:00Z,sell,1.0927,1.0939165589566806,1.0890503231299582,6942,C_short
EURUSD,C,2023-08-17T08:15:00Z,sell,1.0876,1.0882024887175963,1.0857925338472108,6997,C_short
EURUSD,C,2023-08-17T15:00:00Z,sell,1.08852,1.0894675354352759,1.0856773936941722,6987,C_short
EURUSD,C,2023-08-17T23:45:00Z,sell,1.08743,1.0877214306057497,1.0865557081827506,7011,C_short
EURUSD,C,2023-08-18T05:15:00Z,sell,1.0878,1.0882097891494433,1.0865706325516704,7006,C_short
EURUSD,C,2023-08-18T06:30:00Z,sell,1.08784,1.0883555464726442,1.086293360582067,7003,C_short
EURUSD,C,2023-08-18T15:30:00Z,sell,1.08693,1.0877944663503343,1.084336600948997,7018,C_short
EURUSD,C,2023-08-18T19:45:00Z,sell,1.08725,1.0877823108277684,1.0856530675166949,7009,C_short
EURUSD,C,2023-08-20T23:00:00Z,sell,1.08726,1.0876127664679898,1.0862017005960303,7005,C_short
EURUSD,C,2023-08-21T01:15:00Z,sell,1.08732,1.0877736405514138,1.0859590783457589,7002,C_short
EURUSD,C,2023-08-21T06:00:00Z,sell,1.08753,1.0879691792668293,1.0862124621995124,6997,C_short
EURUSD,C,2023-08-21T06:45:00Z,sell,1.08774,1.0882289709182884,1.0862730872451345,6992,C_short
EURUSD,C,2023-08-21T16:00:00Z,buy,1.0893,1.0885781414619922,1.0914655756140232,6979,C_long
EURUSD,C,2023-08-23T01:45:00Z,sell,1.08549,1.0858570000512484,1.084388999846255,7016,C_short
EURUSD,C,2023-08-23T06:00:00Z,sell,1.08559,1.0859975481835287,1.0843673554494142,7013,C_short
EURUSD,C,2023-08-23T07:30:00Z,sell,1.08222,1.0834468315391113,1.078539505382666,7032,C_short
EURUSD,C,2023-08-24T08:15:00Z,buy,1.08629,1.0856967912829898,1.0880696261510305,6996,C_long
EURUSD,C,2023-08-25T14:15:00Z,sell,1.07902,1.0807719449752844,1.0737641650741472,7039,C_short
EURUSD,C,2023-08-25T20:00:00Z,sell,1.07968,1.080356231461116,1.0776513056166521,7023,C_short
EURUSD,C,2023-08-28T08:00:00Z,sell,1.08059,1.0810802010376896,1.0791193968869308,7012,C_short
EURUSD,C,2023-08-28T11:15:00Z,sell,1.08075,1.0813560145174894,1.0789319564475321,7007,C_short
EURUSD,C,2023-08-28T14:45:00Z,sell,1.08056,1.0813185366525464,1.0782843900423607,7004,C_short
EURUSD,C,2023-08-29T07:15:00Z,buy,1.08238,1.081818063872724,1.0840658083818278,6987,C_long
EURUSD,C,2023-08-30T05:30:00Z,buy,1.08651,1.0860303787415146,1.0879488637754564,6956,C_long
EURUSD,C,2023-08-30T07:30:00Z,buy,1.08656,1.0859314687143968,1.0884455938568094,6952,C_long
EURUSD,C,2023-08-30T08:30:00Z,buy,1.08664,1.0859715203546054,1.088645438936184,6947,C_long
EURUSD,C,2023-08-31T03:15:00Z,buy,1.09222,1.0918531068352506,1.093320679494248,6923,C_long
EURUSD,C,2023-09-01T10:15:00Z,sell,1.08447,1.0850527933013447,1.082721620095966,6970,C_short
EURUSD,C,2023-09-01T14:00:00Z,sell,1.08393,1.0857044438062027,1.0786066685813922,6969,C_short
EURUSD,C,2023-09-04T05:45:00Z,sell,1.07868,1.0789910936179932,1.0777467191460208,7036,C_short
EURUSD,C,2023-09-04T13:45:00Z,sell,1.07956,1.0800522898827363,1.0780831303517915,7028,C_short
EURUSD,C,2023-09-05T05:00:00Z,sell,1.07899,1.079367113730384,1.0778586588088477,7040,C_short
EURUSD,C,2023-09-06T07:00:00Z,sell,1.07261,1.0732259673833056,1.0707620978500836,7089,C_short
EURUSD,C,2023-09-06T07:45:00Z,sell,1.07291,1.0737220652862585,1.0704738041412247,7082,C_short
EURUSD,C,2023-09-06T09:15:00Z,sell,1.07272,1.0734476347375406,1.0705370957873779,7077,C_short
EURUSD,C,2023-09-06T13:00:00Z,sell,1.07333,1.0739488211793862,1.071473536461841,7068,C_short
EURUSD,C,2023-09-06T14:00:00Z,sell,1.07204,1.07309924842873,1.0688622547138102,7072,C_short
EURUSD,C,2023-09-07T04:15:00Z,sell,1.07249,1.0728290013399309,1.0714729959802072,7061,C_short
EURUSD,C,2023-09-07T16:15:00Z,sell,1.07083,1.0716403855292167,1.0683988434123497,7078,C_short
EURUSD,C,2023-09-08T07:15:00Z,sell,1.07113,1.0716351590871247,1.0696145227386256,7070,C_short
EURUSD,C,2023-09-08T08:45:00Z,sell,1.07116,1.0717277435003052,1.069456769499084,7066,C_short
EURUSD,C,2023-09-08T15:45:00Z,sell,1.07087,1.0716586391073273,1.068504082678018,7079,C_short
EURUSD,C,2023-09-11T11:15:00Z,buy,1.07265,1.072118996454543,1.0742430106363714,7061,C_long
EURUSD,C,2023-09-11T12:00:00Z,buy,1.07254,1.0719255778401868,1.0743832664794397,7058,C_long
EURUSD,C,2023-09-11T12:45:00Z,buy,1.07275,1.0721277761525603,1.0746166715423195,7052,C_long
EURUSD,C,2023-09-12T01:00:00Z,buy,1.07547,1.0748815805246823,1.0772352584259528,7045,C_long
EURUSD,C,2023-09-12T02:30:00Z,buy,1.07462,1.0740583610645387,1.0763049168063836,7046,C_long
EURUSD,C,2023-09-12T16:45:00Z,sell,1.07232,1.0729863500599077,1.0703209498202766,7057,C_short
EURUSD,C,2023-09-13T12:30:00Z,buy,1.07429,1.0730224984480494,1.0780925046558516,7039,C_long
EURUSD,C,2023-09-13T13:15:00Z,buy,1.07445,1.0727635226934413,1.0795094319196756,7030,C_long
EURUSD,C,2023-09-13T14:30:00Z,buy,1.07401,1.0726326187607123,1.0781421437178629,7021,C_long
EURUSD,C,2023-09-15T05:30:00Z,sell,1.065,1.065375757202573,1.0638727283922806,7070,C_short
EURUSD,C,2023-09-15T10:45:00Z,sell,1.0656,1.066183455440017,1.0638496336799497,7063,C_short
EURUSD,C,2023-09-15T18:15:00Z,sell,1.06631,1.0669005197617885,1.064538440714635,7054,C_short
EURUSD,C,2023-09-18T01:30:00Z,sell,1.06641,1.0667627697447641,1.065351690765708,7049,C_short
EURUSD,C,2023-09-18T03:30:00Z,sell,1.06648,1.0668045111127766,1.0655064666616705,7046,C_short
EURUSD,C,2023-09-18T06:30:00Z,sell,1.06665,1.067074899372815,1.0653753018815555,7042,C_short
EURUSD,C,2023-09-18T11:15:00Z,sell,1.06656,1.0670320176834331,1.0651439469497004,7039,C_short
EURUSD,C,2023-09-18T13:45:00Z,sell,1.06621,1.0669072011525251,1.064118396542425,7037,C_short
EURUSD,C,2023-09-19T02:00:00Z,buy,1.0686,1.068272872041432,1.0695813838757038,7017,C_long
EURUSD,C,2023-09-19T07:15:00Z,buy,1.06827,1.0677909536373245,1.0697071390880268,7016,C_long
EURUSD,C,2023-09-19T13:30:00Z,buy,1.06938,1.068491027662896,1.0720469170113118,7017,C_long
EURUSD,C,2023-09-20T00:30:00Z,buy,1.06834,1.0680778733544516,1.0691263799366455,7018,C_long
EURUSD,C,2023-09-20T06:00:00Z,buy,1.06863,1.0682061383104258,1.0699015850687226,7014,C_long
EURUSD,C,2023-09-20T07:30:00Z,buy,1.06895,1.0683038466995454,1.0708884599013642,7008,C_long
EURUSD,C,2023-09-21T10:00:00Z,sell,1.06521,1.0660143496606673,1.062796951017998,7045,C_short
EURUSD,C,2023-09-21T10:45:00Z,sell,1.06505,1.065891397393922,1.0625258078182345,7040,C_short
EURUSD,C,2023-09-21T13:45:00Z,sell,1.06408,1.0652166097272815,1.0606701708181552,7062,C_short
EURUSD,C,2023-09-22T00:00:00Z,sell,1.06561,1.0659448281615482,1.064605515515355,7044,C_short
EURUSD,C,2023-09-22T04:15:00Z,sell,1.06533,1.06575990924224,1.0640402722732802,7043,C_short
EURUSD,C,2023-09-22T07:15:00Z,sell,1.06228,1.06345232678195,1.0587630196541495,7059,C_short
EURUSD,C,2023-09-22T13:30:00Z,sell,1.06436,1.0651542213574465,1.0619773359276603,7037,C_short
EURUSD,C,2023-09-22T17:45:00Z,sell,1.06518,1.0657345712950954,1.0635162861147138,7026,C_short
EURUSD,C,2023-09-26T05:00:00Z,sell,1.05883,1.059182827721636,1.0577715168350919,7079,C_short
EURUSD,C,2023-09-26T11:00:00Z,sell,1.05916,1.059753300160025,1.0573800995199254,7083,C_short
EURUSD,C,2023-09-26T13:15:00Z,sell,1.05941,1.0601397224663973,1.057220832600808,7076,C_short
EURUSD,C,2023-09-27T07:00:00Z,sell,1.05658,1.0570908289965122,1.0550475130104637,7109,C_short
EURUSD,C,2023-09-27T07:45:00Z,sell,1.0565,1.0570671559423221,1.0547985321730335,7106,C_short
EURUSD,C,2023-09-28T01:15:00Z,sell,1.05132,1.0516703536148124,1.0502689391555629,7152,C_short
EURUSD,C,2023-09-28T12:45:00Z,sell,1.0518,1.0528507224775663,1.0486478325673014,7155,C_short
EURUSD,C,2023-10-02T04:00:00Z,buy,1.05709,1.0568434885879776,1.0578295342360675,7111,C_long
EURUSD,C,2023-10-02T06:30:00Z,buy,1.05738,1.0569794250472777,1.0585817248581668,7107,C_long
EURUSD,C,2023-10-03T10:45:00Z,sell,1.04759,1.0482554498100123,1.0455936505699632,7181,C_short
EURUSD,C,2023-10-03T14:00:00Z,sell,1.04759,1.0488306294381846,1.0438681116854462,7176,C_short
EURUSD,C,2023-10-04T14:15:00Z,sell,1.04845,1.0496456505699001,1.0448630482903,7161,C_short
EURUSD,C,2023-10-04T14:30:00Z,buy,1.04955,1.0483097695060868,1.0532706914817396,7145,C_long
EURUSD,C,2023-10-06T01:15:00Z,buy,1.05401,1.053697882757098,1.0549463517287057,7139,C_long
EURUSD,C,2023-10-06T07:00:00Z,buy,1.05428,1.0538156921937796,1.0556729234186617,7134,C_long
EURUSD,C,2023-10-06T14:30:00Z,buy,1.05523,1.0534810424996284,1.0604768725011144,7124,C_long
EURUSD,C,2023-10-10T05:30:00Z,buy,1.0565,1.0561260140318802,1.0576219579043593,7103,C_long
EURUSD,C,2023-10-10T07:30:00Z,buy,1.05664,1.0559811482827137,1.058616555151859,7099,C_long
EURUSD,C,2023-10-10T12:00:00Z,buy,1.05828,1.0574675022076347,1.0607174933770962,7101,C_long
EURUSD,C,2023-10-11T05:00:00Z,buy,1.06048,1.0601400769096692,1.0614997692709929,7080,C_long
EURUSD,C,2023-10-11T06:15:00Z,buy,1.06071,1.060287601390646,1.0619771958280624,7076,C_long
EURUSD,C,2023-10-11T08:30:00Z,buy,1.06114,1.0600353134556526,1.064454059633042,7069,C_long
EURUSD,C,2023-10-11T12:45:00Z,buy,1.06143,1.0604989322318126,1.0642232033045627,7059,C_long
EURUSD,C,2023-10-11T18:45:00Z,buy,1.06071,1.0598715069043723,1.0632254792868834,7057,C_long
EURUSD,C,2023-10-12T08:15:00Z,buy,1.06257,1.062010522387568,1.064248432837296,7061,C_long
EURUSD,C,2023-10-12T08:45:00Z,buy,1.06263,1.0620548368155511,1.0643554895533465,7056,C_long
EURUSD,C,2023-10-12T12:15:00Z,buy,1.06244,1.0619144753873861,1.0640165738378418,7053,C_long
EURUSD,C,2023-10-13T05:30:00Z,sell,1.05442,1.0547301603689994,1.0534895188930016,7103,C_short
EURUSD,C,2023-10-13T06:00:00Z,sell,1.05412,1.0545091426771596,1.052952571968521,7102,C_short
EURUSD,C,2023-10-13T09:00:00Z,sell,1.0544,1.0551118908590436,1.0522643274228693,7097,C_short
EURUSD,C,2023-10-13T12:45:00Z,sell,1.05375,1.0546373990297273,1.051087802910818,7115,C_short
EURUSD,C,2023-10-16T00:45:00Z,sell,1.05175,1.052206113323132,1.050381660030604,7145,C_short
EURUSD,C,2023-10-16T13:45:00Z,sell,1.05299,1.053778819774734,1.0506235406757984,7133,C_short
EURUSD,C,2023-10-17T01:30:00Z,buy,1.05525,1.0548968930388136,1.0563093208835592,7112,C_long
EURUSD,C,2023-10-17T03:30:00Z,buy,1.05508,1.054725014587691,1.0561449562369272,7110,C_long
EURUSD,C,2023-10-17T07:15:00Z,buy,1.05486,1.0542808940966542,1.0565973177100372,7109,C_long
EURUSD,C,2023-10-17T09:15:00Z,buy,1.055,1.0542914318391126,1.057125704482662,7103,C_long
EURUSD,C,2023-10-17T13:00:00Z,buy,1.05551,1.0542999921193892,1.0591400236418322,7113,C_long
EURUSD,C,2023-10-18T02:00:00Z,buy,1.0574,1.0569657106568617,1.0587028680294144,7124,C_long
EURUSD,C,2023-10-18T07:30:00Z,buy,1.05757,1.0569069017780701,1.0595592946657892,7131,C_long
EURUSD,C,2023-10-19T07:45:00Z,sell,1.05375,1.0542903991387722,1.0521288025836832,7152,C_short
EURUSD,C,2023-10-19T08:30:00Z,sell,1.05356,1.0542636079727061,1.0514491760818818,7149,C_short
EURUSD,C,2023-10-19T09:15:00Z,sell,1.0538,1.0544691042121586,1.0517926873635246,7142,C_short
EURUSD,C,2023-10-20T02:30:00Z,buy,1.05769,1.0573049892320854,1.058845032303744,7110,C_long
EURUSD,C,2023-10-20T08:00:00Z,buy,1.05758,1.0570497401534544,1.0591707795396366,7108,C_long
EURUSD,C,2023-10-20T12:30:00Z,buy,1.05813,1.0572367317182991,1.0608098048451027,7114,C_long
EURUSD,C,2023-10-20T14:15:00Z,buy,1.05825,1.0572021003814986,1.0613936988555037,7107,C_long
EURUSD,C,2023-10-23T06:45:00Z,buy,1.05824,1.0578225318602374,1.059492404419288,7099,C_long
EURUSD,C,2023-10-23T07:15:00Z,buy,1.05853,1.0579445239305783,1.0602864282082651,7094,C_long
EURUSD,C,2023-10-23T13:45:00Z,buy,1.06051,1.0595648180135542,1.0633455459593377,7092,C_long
EURUSD,C,2023-10-25T05:30:00Z,sell,1.05998,1.0602805942583557,1.0590782172249324,7113,C_short
EURUSD,C,2023-10-25T06:30:00Z,sell,1.0599,1.0603489207429708,1.0585532377710878,7111,C_short
EURUSD,C,2023-10-25T15:45:00Z,sell,1.05829,1.0592164804885191,1.0555105585344424,7130,C_short
EURUSD,C,2023-10-26T13:45:00Z,sell,1.0547,1.0558677690552254,1.0511966928343237,7172,C_short
EURUSD,C,2023-10-27T01:00:00Z,sell,1.05535,1.0557363580625196,1.0541909258124411,7159,C_short
EURUSD,C,2023-10-27T06:00:00Z,sell,1.0559,1.0563052834932267,1.05468414952032,7152,C_short
EURUSD,C,2023-10-27T10:15:00Z,sell,1.05582,1.0563537831889889,1.0542186504330333,7150,C_short
EURUSD,C,2023-10-27T10:45:00Z,sell,1.05557,1.0561735971508404,1.0537592085474785,7147,C_short
EURUSD,C,2023-10-27T19:15:00Z,buy,1.05695,1.056144343571102,1.0593669692866943,7149,C_long
EURUSD,C,2023-10-30T06:30:00Z,sell,1.0562,1.0565082717826098,1.0552751846521709,7148,C_short
EURUSD,C,2023-10-30T07:15:00Z,sell,1.05597,1.0564130498093018,1.0546408505720948,7147,C_short
EURUSD,C,2023-10-31T01:45:00Z,buy,1.06098,1.060599794762756,1.0621206157117324,7110,C_long
EURUSD,C,2023-10-31T06:15:00Z,buy,1.06026,1.0598192351193574,1.0615822946419278,7111,C_long
EURUSD,C,2023-11-01T14:45:00Z,sell,1.05525,1.056518091228088,1.051445726315736,7153,C_short
EURUSD,C,2023-11-02T17:00:00Z,buy,1.06211,1.0612102204430032,1.064809338670991,7098,C_long
EURUSD,C,2023-11-06T13:15:00Z,buy,1.07407,1.0733918618737015,1.0761044143788958,7036,C_long
EURUSD,C,2023-11-06T15:45:00Z,buy,1.07436,1.0735359831443119,1.0768320505670643,7029,C_long
EURUSD,C,2023-11-07T16:15:00Z,sell,1.0685,1.0693488599075283,1.0659534202774152,7061,C_short
EURUSD,C,2023-11-08T00:30:00Z,sell,1.06914,1.0694608399219983,1.0681774802340052,7051,C_short
EURUSD,C,2023-11-08T03:15:00Z,sell,1.06922,1.0695993059641629,1.0680820821075117,7048,C_short
EURUSD,C,2023-11-09T06:15:00Z,buy,1.0706,1.0702909298853525,1.0715272103439426,7045,C_long
EURUSD,C,2023-11-09T07:30:00Z,buy,1.07074,1.0703997590517493,1.071760722844752,7042,C_long
EURUSD,C,2023-11-09T13:30:00Z,buy,1.07032,1.0695790742047,1.0725427773858998,7041,C_long
EURUSD,C,2023-11-10T08:45:00Z,sell,1.0671,1.0677194751059695,1.0652415746820911,7057,C_short
EURUSD,C,2023-11-10T09:15:00Z,sell,1.06677,1.0674184946351504,1.0648245160945489,7055,C_short
EURUSD,C,2023-11-10T10:00:00Z,sell,1.06715,1.067840554878052,1.065078335365844,7047,C_short
EURUSD,C,2023-11-10T14:45:00Z,sell,1.06726,1.0681994549808165,1.064441635057551,7041,C_short
EURUSD,C,2023-11-13T15:30:00Z,sell,1.06795,1.0687875996725469,1.0654372009823592,7030,C_short
EURUSD,C,2023-11-14T06:15:00Z,buy,1.06971,1.0694874430558439,1.0703776708324682,7012,C_long
EURUSD,C,2023-11-15T11:45:00Z,buy,1.08661,1.086001078484333,1.0884367645470012,6907,C_long
EURUSD,C,2023-11-15T12:45:00Z,buy,1.08636,1.0856756762980946,1.0884129711057162,6904,C_long
EURUSD,C,2023-11-15T15:45:00Z,buy,1.08651,1.0852760487528712,1.0902118537413867,6898,C_long
EURUSD,C,2023-11-15T23:45:00Z,buy,1.08541,1.085084669451055,1.086385991646835,6897,C_long
EURUSD,C,2023-11-16T08:00:00Z,buy,1.08432,1.0838593475419445,1.0857019573741664,6901,C_long
EURUSD,C,2023-11-16T11:00:00Z,buy,1.08494,1.0843686617691708,1.0866540146924877,6905,C_long
EURUSD,C,2023-11-16T13:15:00Z,buy,1.08479,1.084094854919883,1.0868754352403507,6902,C_long
EURUSD,C,2023-11-16T17:15:00Z,buy,1.08573,1.08469637564042,1.0888308730787404,6908,C_long
EURUSD,C,2023-11-16T23:00:00Z,buy,1.0854,1.0849852385952585,1.086644284214224,6903,C_long
EURUSD,C,2023-11-17T02:00:00Z,buy,1.08538,1.0850054985850488,1.0865035042448536,6900,C_long
EURUSD,C,2023-11-17T02:45:00Z,buy,1.08551,1.0851111793752155,1.0867064618743534,6896,C_long
EURUSD,C,2023-11-17T05:45:00Z,buy,1.08531,1.0849580942906105,1.0863657171281684,6894,C_long
EURUSD,C,2023-11-17T09:00:00Z,buy,1.08564,1.084861536502529,1.087975390492413,6889,C_long
EURUSD,C,2023-11-21T13:00:00Z,buy,1.09544,1.0948033529547305,1.0973499411358083,6822,C_long
EURUSD,C,2023-11-21T14:00:00Z,buy,1.09545,1.094613228518322,1.0979603144450338,6818,C_long
EURUSD,C,2023-11-21T14:45:00Z,buy,1.09529,1.0943904305347418,1.097988708395775,6813,C_long
EURUSD,C,2023-11-22T08:15:00Z,sell,1.09007,1.0907275859290588,1.088097242212824,6839,C_short
EURUSD,C,2023-11-22T12:15:00Z,sell,1.09043,1.0912416117217705,1.0879951648346886,6832,C_short
EURUSD,C,2023-11-22T13:30:00Z,sell,1.08967,1.0906573828490684,1.0867078514527944,6831,C_short
EURUSD,C,2023-11-22T21:30:00Z,sell,1.08878,1.089173114256505,1.087600657230485,6854,C_short
EURUSD,C,2023-11-23T16:30:00Z,sell,1.09038,1.090910250124956,1.088789249625132,6841,C_short
EURUSD,C,2023-11-24T01:15:00Z,sell,1.09037,1.090724904623814,1.089305286128558,6837,C_short
EURUSD,C,2023-11-24T07:15:00Z,sell,1.09038,1.0906818453333391,1.0894744639999823,6834,C_short
EURUSD,C,2023-11-24T10:00:00Z,buy,1.09084,1.0901718364593285,1.0928444906220147,6829,C_long
EURUSD,C,2023-11-27T01:15:00Z,buy,1.09442,1.0938692905689296,1.096072128293211,6819,C_long
EURUSD,C,2023-11-27T09:00:00Z,buy,1.09483,1.0941807423779282,1.0967777728662154,6812,C_long
EURUSD,C,2023-11-27T18:45:00Z,buy,1.0942,1.093618794728948,1.0959436158131564,6811,C_long
EURUSD,C,2023-11-28T04:15:00Z,buy,1.09526,1.094920495085688,1.096278514742936,6815,C_long
EURUSD,C,2023-11-28T09:00:00Z,buy,1.09501,1.0944460375636524,1.0967018873090428,6814,C_long
EURUSD,C,2023-11-29T18:30:00Z,buy,1.09816,1.0974319785170594,1.1003440644488218,6804,C_long
EURUSD,C,2023-11-30T00:30:00Z,buy,1.09773,1.0974277881831986,1.0986366354504045,6802,C_long
EURUSD,C,2023-11-30T01:30:00Z,buy,1.09771,1.0973204064849449,1.0988787805451652,6799,C_long
EURUSD,C,2023-11-30T02:45:00Z,buy,1.09765,1.0972101544889081,1.0989695365332757,6797,C_long
EURUSD,C,2023-11-30T06:00:00Z,buy,1.09757,1.0971626998426027,1.0987919004721916,6794,C_long
EURUSD,C,2023-12-01T03:30:00Z,sell,1.09039,1.0907645314357315,1.0892664056928054,6836,C_short
EURUSD,C,2023-12-01T07:45:00Z,sell,1.08946,1.090059419314605,1.0876617420561856,6839,C_short
EURUSD,C,2023-12-01T09:45:00Z,sell,1.08978,1.0905736118077236,1.087399164576829,6832,C_short
EURUSD,C,2023-12-01T19:30:00Z,sell,1.0881,1.0889350259194892,1.0855949222415326,6857,C_short
EURUSD,C,2023-12-04T00:00:00Z,sell,1.08823,1.0889285355126137,1.086134393462159,6850,C_short
EURUSD,C,2023-12-04T10:00:00Z,sell,1.08636,1.087176355396561,1.083910933810317,6875,C_short
EURUSD,C,2023-12-04T11:45:00Z,sell,1.0869,1.087593414416968,1.0848197567490956,6866,C_short
EURUSD,C,2023-12-05T01:00:00Z,sell,1.08383,1.0842169245029858,1.082669226491043,6898,C_short
EURUSD,C,2023-12-05T02:30:00Z,sell,1.08354,1.0839200950459988,1.0823997148620033,6896,C_short
EURUSD,C,2023-12-05T06:15:00Z,sell,1.08374,1.0841622322324784,1.0824733033025644,6892,C_short
EURUSD,C,2023-12-05T09:45:00Z,sell,1.08318,1.0839188740258021,1.0809633779225938,6903,C_short
EURUSD,C,2023-12-05T10:45:00Z,sell,1.08322,1.0839090216503888,1.0811529350488338,6897,C_short
EURUSD,C,2023-12-06T04:30:00Z,sell,1.07952,1.0798412565881816,1.0785562302354552,6934,C_short
EURUSD,C,2023-12-06T06:00:00Z,sell,1.07925,1.0796711118960676,1.0779866643117975,6933,C_short
EURUSD,C,2023-12-06T09:30:00Z,sell,1.0792,1.079909384942008,1.0770718451739756,6941,C_short
EURUSD,C,2023-12-06T15:15:00Z,sell,1.0788,1.079784683765683,1.0758459487029508,6938,C_short
EURUSD,C,2023-12-06T15:45:00Z,sell,1.079,1.0800350735840019,1.0758947792479943,6930,C_short
EURUSD,C,2023-12-07T10:15:00Z,sell,1.07714,1.0778339679925584,1.0750580960223248,6961,C_short
EURUSD,C,2023-12-07T14:45:00Z,sell,1.07703,1.0781074458546804,1.0737976624359584,6956,C_short
EURUSD,C,2023-12-07T23:45:00Z,sell,1.07895,1.0793132673467989,1.0778601979596036,6936,C_short
EURUSD,C,2023-12-08T03:30:00Z,sell,1.07892,1.0793971692150475,1.077488492354858,6934,C_short
EURUSD,C,2023-12-08T09:00:00Z,sell,1.07802,1.078655123383466,1.0761146298496018,6948,C_short
EURUSD,C,2023-12-08T10:45:00Z,sell,1.0784,1.0790097100245422,1.0765708699263736,6941,C_short
EURUSD,C,2023-12-08T15:30:00Z,sell,1.07718,1.0786935910166733,1.0726392269499803,6960,C_short
EURUSD,C,2023-12-12T14:00:00Z,buy,1.07994,1.0785022134518576,1.0842533596444268,6932,C_long
EURUSD,C,2023-12-12T15:15:00Z,buy,1.07872,1.0772824228598263,1.0830327314205206,6930,C_long
EURUSD,C,2023-12-13T19:00:00Z,buy,1.08499,1.0836063814594525,1.089140855621642,6916,C_long
EURUSD,C,2023-12-15T06:45:00Z,buy,1.09872,1.0981904543839087,1.1003086368482735,6855,C_long
EURUSD,C,2023-12-18T10:15:00Z,sell,1.09142,1.0920033556739415,1.0896699329781758,6897,C_short
EURUSD,C,2023-12-18T15:30:00Z,sell,1.09135,1.0923213697607077,1.088435890717877,6893,C_short
EURUSD,C,2023-12-18T20:45:00Z,buy,1.09195,1.0914827730687504,1.0933516807937487,6883,C_long
EURUSD,C,2023-12-19T02:45:00Z,buy,1.09216,1.0917649180992683,1.093345245702195,6878,C_long
EURUSD,C,2023-12-20T02:15:00Z,buy,1.09702,1.0967270844507453,1.0978987466477645,6854,C_long
EURUSD,C,2023-12-20T08:15:00Z,buy,1.09696,1.0964366950366582,1.0985299148900252,6852,C_long
EURUSD,C,2023-12-20T13:45:00Z,buy,1.09605,1.095286758442863,1.098339724671411,6854,C_long
EURUSD,C,2023-12-20T18:00:00Z,buy,1.09599,1.0953110499663248,1.0980268501010257,6849,C_long
EURUSD,C,2023-12-21T02:00:00Z,sell,1.09499,1.0953387500261713,1.0939437499214857,6850,C_short
EURUSD,C,2023-12-21T06:00:00Z,sell,1.09449,1.0948680610709258,1.0933558167872224,6851,C_short
EURUSD,C,2023-12-21T08:30:00Z,sell,1.09482,1.0953261659657578,1.0933015021027261,6846,C_short
EURUSD,C,2023-12-22T06:00:00Z,buy,1.0997,1.0993805684557971,1.1006582946326082,6812,C_long
EURUSD,C,2023-12-22T07:00:00Z,buy,1.09996,1.0995748913711807,1.101115325886458,6807,C_long
EURUSD,C,2023-12-22T16:15:00Z,buy,1.10188,1.1008867800709314,1.1048596597872056,6802,C_long
EURUSD,C,2023-12-22T17:45:00Z,buy,1.10157,1.1007286839359027,1.1040939481922916,6797,C_long
EURUSD,C,2023-12-22T19:45:00Z,buy,1.10156,1.1008737780533202,1.1036186658400398,6792,C_long
EURUSD,C,2023-12-22T21:45:00Z,buy,1.10135,1.1009242857146349,1.1026271428560956,6788,C_long
EURUSD,C,2023-12-25T06:00:00Z,buy,1.10092,1.100607365126072,1.1018579046217838,6789,C_long
EURUSD,C,2023-12-25T07:30:00Z,buy,1.10073,1.1001524941016678,1.1024625176949965,6788,C_long
EURUSD,C,2023-12-26T13:15:00Z,buy,1.10201,1.1015044069530655,1.1035267791408032,6776,C_long
EURUSD,C,2023-12-27T01:45:00Z,buy,1.10361,1.1033417072390836,1.104414878282749,6762,C_long
EURUSD,C,2023-12-27T03:45:00Z,buy,1.10362,1.1033304811141047,1.104488556657686,6760,C_long
EURUSD,C,2023-12-27T07:45:00Z,buy,1.10412,1.1036551697693182,1.1055144906920453,6761,C_long
EURUSD,C,2023-12-28T06:30:00Z,buy,1.11107,1.1105428505373187,1.1126514483880439,6727,C_long
EURUSD,C,2023-12-28T12:30:00Z,buy,1.11157,1.1108396065866881,1.1137611802399354,6720,C_long
EURUSD,C,2023-12-28T15:15:00Z,buy,1.11122,1.110091469836685,1.1146055904899452,6717,C_long
EURUSD,C,2023-12-29T02:00:00Z,sell,1.10766,1.1080792334424685,1.1064022996725948,6732,C_short
EURUSD,C,2023-12-29T07:15:00Z,sell,1.10687,1.1073138245142762,1.1055385264571715,6743,C_short
EURUSD,C,2023-12-29T08:30:00Z,sell,1.10605,1.1067157405305403,1.104052778408379,6745,C_short
EURUSD,C,2023-12-29T12:45:00Z,sell,1.10516,1.1061326916174676,1.1022419251475968,6746,C_short
EURUSD,C,2023-12-29T15:45:00Z,sell,1.10471,1.105999487682112,1.1008415369536644,6742,C_short
EURUSD,C,2023-12-29T18:00:00Z,sell,1.10559,1.1065545863990316,1.1026962408029055,6728,C_short
EURUSD,C,2024-01-02T07:30:00Z,sell,1.10299,1.103563457973973,1.1012696260780805,6761,C_short
EURUSD,C,2024-01-02T09:15:00Z,sell,1.10332,1.1040909649287238,1.1010071052138288,6755,C_short
EURUSD,C,2024-01-03T05:45:00Z,sell,1.09512,1.0954989849455459,1.0939830451633628,6819,C_short
EURUSD,C,2024-01-03T07:00:00Z,sell,1.0955,1.0958687015471755,1.094393895358473,6814,C_short
EURUSD,C,2024-01-03T08:15:00Z,sell,1.09528,1.0959091875339002,1.0933924373982995,6812,C_short
EURUSD,C,2024-01-03T19:45:00Z,sell,1.09176,1.0928551895978231,1.0884744312065309,6845,C_short
EURUSD,C,2024-01-04T06:30:00Z,sell,1.09227,1.092705990544893,1.0909620283653212,6835,C_short
EURUSD,C,2024-01-04T13:30:00Z,sell,1.09419,1.094990774215131,1.091787677354607,6819,C_short
EURUSD,C,2024-01-04T14:00:00Z,sell,1.09421,1.0950925370771427,1.0915623887685715,6814,C_short
EURUSD,C,2024-01-04T17:15:00Z,sell,1.09458,1.0954392164812783,1.0920023505561656,6805,C_short
EURUSD,C,2024-01-05T02:45:00Z,sell,1.09469,1.0950460967819566,1.0936217096541299,6799,C_short
EURUSD,C,2024-01-05T18:00:00Z,sell,1.09399,1.0952351601259434,1.09025451962217,6809,C_short
EURUSD,C,2024-01-05T20:00:00Z,sell,1.09432,1.0951790652090885,1.0917428043727344,6799,C_short
EURUSD,C,2024-01-08T08:00:00Z,sell,1.09322,1.0938708636951757,1.0912674089144732,6799,C_short
EURUSD,C,2024-01-08T11:30:00Z,sell,1.09375,1.0944590994436092,1.0916227016691724,6791,C_short
EURUSD,C,2024-01-08T18:45:00Z,buy,1.09553,1.094902689375318,1.0974119318740456,6776,C_long
EURUSD,C,2024-01-09T07:15:00Z,buy,1.09583,1.0953598289260982,1.0972405132217058,6769,C_long
EURUSD,C,2024-01-09T13:15:00Z,sell,1.09359,1.0944566788087091,1.090989963573873,6780,C_short
EURUSD,C,2024-01-09T14:00:00Z,sell,1.09425,1.0951858439534026,1.091442468139792,6770,C_short
EURUSD,C,2024-01-10T00:30:00Z,sell,1.09303,1.0933364137586954,1.0921107587239136,6794,C_short
EURUSD,C,2024-01-10T03:30:00Z,sell,1.09317,1.093502065161803,1.0921738045145908,6791,C_short
EURUSD,C,2024-01-10T07:45:00Z,sell,1.0926,1.0933068160925201,1.0904795517224397,6792,C_short
EURUSD,C,2024-01-11T11:00:00Z,buy,1.0977,1.0970814933200588,1.0995555200398233,6755,C_long
EURUSD,C,2024-01-11T18:45:00Z,buy,1.09647,1.0954609976994383,1.0994970069016854,6758,C_long
EURUSD,C,2024-01-12T19:15:00Z,sell,1.09603,1.0966195694245973,1.0942612917262085,6754,C_short
EURUSD,C,2024-01-15T07:30:00Z,sell,1.09581,1.0962144316435742,1.094596705069277,6766,C_short
EURUSD,C,2024-01-15T08:45:00Z,sell,1.09579,1.09631187735735,1.0942243679279504,6763,C_short
EURUSD,C,2024-01-15T12:15:00Z,sell,1.09504,1.0956880385443832,1.0930958843668503,6777,C_short
EURUSD,C,2024-01-15T13:00:00Z,sell,1.09458,1.0953341216835586,1.0923176349493247,6775,C_short
EURUSD,C,2024-01-15T20:00:00Z,sell,1.09493,1.0952023267447786,1.094113019765664,6767,C_short
EURUSD,C,2024-01-17T02:15:00Z,sell,1.08768,1.0881243680486348,1.0863468958540956,6817,C_short
EURUSD,C,2024-01-17T07:45:00Z,sell,1.08701,1.0876620904210919,1.0850537287367246,6829,C_short
EURUSD,C,2024-01-17T08:30:00Z,sell,1.08721,1.087938374120041,1.085024877639877,6823,C_short
EURUSD,C,2024-01-17T10:30:00Z,sell,1.08713,1.087910506957217,1.0847884791283486,6818,C_short
EURUSD,C,2024-01-17T12:30:00Z,sell,1.0872,1.0878587814529448,1.0852236556411654,6812,C_short
EURUSD,C,2024-01-17T18:00:00Z,sell,1.08624,1.0871471221268334,1.0835186336195002,6830,C_short
EURUSD,C,2024-01-18T07:45:00Z,sell,1.08881,1.0893965149823213,1.0870504550530364,6808,C_short
EURUSD,C,2024-01-18T09:45:00Z,sell,1.08845,1.089220663379451,1.0861380098616467,6805,C_short
EURUSD,C,2024-01-18T11:00:00Z,sell,1.08877,1.089474725699617,1.0866558229011494,6798,C_short
EURUSD,C,2024-01-19T06:00:00Z,sell,1.08796,1.0882376716663982,1.0871269850008056,6815,C_short
EURUSD,C,2024-01-19T07:00:00Z,sell,1.08764,1.088036557441264,1.0864503276762076,6815,C_short
EURUSD,C,2024-01-19T07:45:00Z,sell,1.08794,1.0884292730958391,1.0864721807124822,6810,C_short
EURUSD,C,2024-01-19T09:30:00Z,sell,1.08763,1.0882893143651142,1.0856520569046577,6808,C_short
EURUSD,C,2024-01-19T10:00:00Z,sell,1.08759,1.0883157072342413,1.0854128782972763,6804,C_short
EURUSD,C,2024-01-19T13:30:00Z,sell,1.08776,1.0884337074743444,1.085738877576967,6798,C_short
EURUSD,C,2024-01-19T15:00:00Z,sell,1.08728,1.0882278524998,1.0844364425006003,6796,C_short
EURUSD,C,2024-01-22T08:15:00Z,buy,1.08989,1.0893203092831,1.0915990721506998,6773,C_long
EURUSD,C,2024-01-22T12:15:00Z,buy,1.08967,1.0890989867960144,1.0913830396119566,6771,C_long
EURUSD,C,2024-01-22T15:00:00Z,buy,1.08955,1.088789153800144,1.0918325385995682,6767,C_long
EURUSD,C,2024-01-22T16:45:00Z,buy,1.08938,1.0887065312354909,1.0914004062935274,6763,C_long
EURUSD,C,2024-01-24T02:00:00Z,sell,1.08539,1.085761673238616,1.0842749802841525,6783,C_short
EURUSD,C,2024-01-25T06:15:00Z,buy,1.08817,1.0878738885811448,1.089058334256566,6763,C_long
EURUSD,C,2024-01-26T09:15:00Z,sell,1.08382,1.0845425943344429,1.0816522169966714,6795,C_short
EURUSD,C,2024-01-26T18:45:00Z,sell,1.08556,1.086184187806123,1.0836874365816316,6779,C_short
EURUSD,C,2024-01-26T20:15:00Z,sell,1.08591,1.0863959964857313,1.084452010542806,6772,C_short
EURUSD,C,2024-01-30T04:30:00Z,sell,1.08291,1.0832435761963695,1.0819092714108918,6800,C_short
EURUSD,C,2024-01-30T15:00:00Z,sell,1.08322,1.084313570201645,1.079939289395065,6803,C_short
EURUSD,C,2024-01-30T18:00:00Z,sell,1.08351,1.0841598126501106,1.081560562049668,6794,C_short
EURUSD,C,2024-01-31T09:45:00Z,sell,1.08221,1.0830767524813216,1.0796097425560347,6798,C_short
EURUSD,C,2024-01-31T10:45:00Z,sell,1.08253,1.0832990069653141,1.0802229791040576,6790,C_short
EURUSD,C,2024-01-31T19:30:00Z,buy,1.08572,1.084139862201975,1.0904604133940754,6765,C_long
EURUSD,C,2024-02-06T01:15:00Z,sell,1.07447,1.074734387005897,1.0736768389823093,6825,C_short
EURUSD,C,2024-02-06T03:30:00Z,sell,1.07444,1.074744639588379,1.073526081234863,6823,C_short
EURUSD,C,2024-02-06T08:45:00Z,sell,1.0746,1.0751385637649886,1.0729843087050341,6819,C_short
EURUSD,C,2024-02-07T16:30:00Z,buy,1.07669,1.0758336885502382,1.079258934349285,6816,C_long
EURUSD,C,2024-02-09T01:00:00Z,buy,1.07765,1.0773561312676043,1.078531606197187,6804,C_long
EURUSD,C,2024-02-09T06:45:00Z,buy,1.07745,1.077231691338031,1.0781049259859068,6802,C_long
EURUSD,C,2024-02-09T09:15:00Z,buy,1.07748,1.0769438284914605,1.0790885145256184,6806,C_long
EURUSD,C,2024-02-09T12:00:00Z,buy,1.07738,1.0769048748559422,1.0788053754321734,6802,C_long
EURUSD,C,2024-02-09T13:00:00Z,buy,1.07721,1.0766217268298384,1.078974819510485,6800,C_long
EURUSD,C,2024-02-09T13:30:00Z,buy,1.07814,1.0772860525966341,1.080701842210098,6804,C_long
EURUSD,C,2024-02-12T16:30:00Z,sell,1.07752,1.078087488223302,1.075817535330094,6802,C_short
EURUSD,C,2024-02-12T19:30:00Z,sell,1.07727,1.0777307959535636,1.075887612139309,6800,C_short
EURUSD,C,2024-02-13T07:30:00Z,sell,1.0766,1.07701967422099,1.0753409773370297,6800,C_short
EURUSD,C,2024-02-13T08:15:00Z,sell,1.07649,1.0770013138558563,1.074956058432431,6798,C_short
EURUSD,C,2024-02-13T13:30:00Z,sell,1.07173,1.0733889431929637,1.066753170421109,6824,C_short
EURUSD,C,2024-02-15T03:30:00Z,sell,1.0726,1.0728647596119443,1.0718057211641672,6807,C_short
EURUSD,C,2024-02-16T06:30:00Z,buy,1.07619,1.0759585706951424,1.0768842879145726,6782,C_long
EURUSD,C,2024-02-16T08:15:00Z,buy,1.07629,1.0759140499585689,1.0774178501242933,6780,C_long
EURUSD,C,2024-02-16T13:15:00Z,buy,1.0767,1.0762237673929151,1.0781286978212545,6784,C_long
EURUSD,C,2024-02-16T15:00:00Z,buy,1.07689,1.0758516837688794,1.0800049486933614,6779,C_long
EURUSD,C,2024-02-21T06:45:00Z,buy,1.08114,1.0808551416924157,1.0819945749227529,6771,C_long
EURUSD,C,2024-02-21T13:00:00Z,buy,1.08097,1.0804643463487247,1.082486960953826,6770,C_long
EURUSD,C,2024-02-21T13:30:00Z,buy,1.08095,1.0804076201463755,1.0825771395608739,6766,C_long
EURUSD,C,2024-02-21T16:00:00Z,buy,1.0812,1.0805026395908799,1.08329208122736,6760,C_long
EURUSD,C,2024-02-21T18:15:00Z,buy,1.08091,1.0803566195482293,1.0825701413553124,6757,C_long
EURUSD,C,2024-02-22T23:00:00Z,buy,1.08252,1.0821589993220881,1.0836030020337353,6757,C_long
EURUSD,C,2024-02-23T01:00:00Z,buy,1.08263,1.082203239248345,1.083910282254965,6753,C_long
EURUSD,C,2024-02-23T06:00:00Z,buy,1.08269,1.082428595378414,1.0834742138647575,6750,C_long
EURUSD,C,2024-02-23T06:45:00Z,buy,1.08256,1.0822373671248522,1.0835278986254433,6748,C_long
EURUSD,C,2024-02-23T11:15:00Z,buy,1.08293,1.0824363634617868,1.0844109096146393,6743,C_long
EURUSD,C,2024-02-23T16:45:00Z,buy,1.08274,1.082094830835821,1.0846755074925374,6741,C_long
EURUSD,C,2024-02-26T05:15:00Z,sell,1.08195,1.0821495707857598,1.0813512876427205,6741,C_short
EURUSD,C,2024-02-26T18:45:00Z,buy,1.08446,1.0840147894955603,1.085795631513319,6723,C_long
EURUSD,C,2024-02-27T10:45:00Z,buy,1.08517,1.0846290149982611,1.0867929550052164,6727,C_long
EURUSD,C,2024-02-27T16:00:00Z,buy,1.08516,1.0844066515620405,1.087420045313878,6723,C_long
EURUSD,C,2024-02-29T01:45:00Z,sell,1.0829,1.0832700173147514,1.0817899480557458,6732,C_short
EURUSD,C,2024-02-29T02:30:00Z,sell,1.08343,1.0838029683082988,1.0823110950751031,6725,C_short
EURUSD,C,2024-02-29T06:30:00Z,sell,1.08346,1.083749283589782,1.0825921492306545,6722,C_short
EURUSD,C,2024-02-29T07:15:00Z,sell,1.08329,1.0836671780879261,1.082158465736222,6721,C_short
EURUSD,C,2024-02-29T07:45:00Z,sell,1.08288,1.0833847248749313,1.0813658253752063,6721,C_short
EURUSD,C,2024-02-29T11:00:00Z,buy,1.08404,1.083385369965999,1.0860038901020026,6710,C_long
EURUSD,C,2024-02-29T13:30:00Z,buy,1.08367,1.0828775735750256,1.086047279274923,6707,C_long
EURUSD,C,2024-03-01T04:15:00Z,sell,1.08146,1.0816841685471346,1.0807874943585967,6715,C_short
EURUSD,C,2024-03-01T07:15:00Z,sell,1.08138,1.081698532515774,1.0804244024526781,6714,C_short
EURUSD,C,2024-03-01T08:30:00Z,sell,1.08122,1.0817224673361374,1.079712597991588,6712,C_short
EURUSD,C,2024-03-01T10:00:00Z,sell,1.08048,1.0811590945993108,1.078442716202068,6713,C_short
EURUSD,C,2024-03-01T12:45:00Z,sell,1.08129,1.0818640443031755,1.0795678670904738,6703,C_short
EURUSD,C,2024-03-01T14:15:00Z,sell,1.08133,1.0818900305768089,1.079649908269573,6699,C_short
EURUSD,C,2024-03-04T08:45:00Z,buy,1.08447,1.0839323041331197,1.086083087600641,6676,C_long
EURUSD,C,2024-03-04T23:00:00Z,buy,1.08565,1.085364367677431,1.0865068969677072,6678,C_long
EURUSD,C,2024-03-05T00:00:00Z,buy,1.08546,1.0852004783256317,1.0862385650231052,6676,C_long
EURUSD,C,2024-03-05T03:30:00Z,buy,1.0854,1.085158909917584,1.0861232702472476,6675,C_long
EURUSD,C,2024-03-05T09:00:00Z,buy,1.08533,1.0849069347132365,1.08659919586029,6673,C_long
EURUSD,C,2024-03-05T11:15:00Z,buy,1.08518,1.0848258100188894,1.0862425699433318,6671,C_long
EURUSD,C,2024-03-05T14:00:00Z,buy,1.08509,1.084609598753653,1.0865312037390413,6669,C_long
EURUSD,C,2024-03-05T15:00:00Z,buy,1.08694,1.0860629957531474,1.089571012740558,6654,C_long
EURUSD,C,2024-03-05T19:15:00Z,buy,1.08569,1.085219326782518,1.087102019652446,6655,C_long
EURUSD,C,2024-03-05T20:30:00Z,buy,1.08554,1.0851096492629615,1.0868310522111153,6653,C_long
EURUSD,C,2024-03-06T05:00:00Z,buy,1.08538,1.0851524711904559,1.0860625864286324,6651,C_long
EURUSD,C,2024-03-07T02:30:00Z,buy,1.08955,1.0891775942748163,1.0906672171755512,6629,C_long
EURUSD,C,2024-03-07T08:45:00Z,buy,1.08978,1.089355192573178,1.0910544222804661,6625,C_long
EURUSD,C,2024-03-07T09:15:00Z,buy,1.08992,1.0894682113105203,1.0912753660684391,6621,C_long
EURUSD,C,2024-03-07T11:00:00Z,buy,1.08979,1.0893220817667615,1.0911937546997157,6618,C_long
EURUSD,C,2024-03-07T12:15:00Z,buy,1.08992,1.0894853926129069,1.0912238221612793,6614,C_long
EURUSD,C,2024-03-07T14:15:00Z,buy,1.09009,1.088937368405421,1.0935478947837367,6610,C_long
EURUSD,C,2024-03-08T13:15:00Z,buy,1.09399,1.0934496864628056,1.0956109406115833,6606,C_long
EURUSD,C,2024-03-08T17:15:00Z,buy,1.09441,1.0935234749814364,1.0970695750556911,6600,C_long
EURUSD,C,2024-03-10T23:15:00Z,buy,1.09418,1.093888874459673,1.0950533766209805,6595,C_long
EURUSD,C,2024-03-11T03:15:00Z,buy,1.09427,1.0939897998205246,1.0951106005384266,6592,C_long
EURUSD,C,2024-03-11T05:00:00Z,buy,1.09404,1.0937959996231683,1.0947720011304947,6591,C_long
EURUSD,C,2024-03-11T06:45:00Z,buy,1.0942,1.0939064920181663,1.0950805239455015,6588,C_long
EURUSD,C,2024-03-11T07:45:00Z,buy,1.09421,1.0937482233783868,1.095595329864839,6586,C_long
EURUSD,C,2024-03-11T10:45:00Z,buy,1.09415,1.09370305262965,1.0954908421110496,6583,C_long
EURUSD,C,2024-03-12T01:00:00Z,sell,1.09271,1.0929415117232635,1.0920154648302098,6588,C_short
EURUSD,C,2024-03-12T10:00:00Z,buy,1.09318,1.0927514247512362,1.0944657257462915,6584,C_long
EURUSD,C,2024-03-12T19:00:00Z,sell,1.09224,1.0926626572298406,1.0909720283104787,6586,C_short
EURUSD,C,2024-03-13T01:30:00Z,sell,1.09247,1.092694598387225,1.0917962048383254,6582,C_short
EURUSD,C,2024-03-13T04:30:00Z,sell,1.09251,1.0927507272196701,1.09178781834099,6579,C_short
EURUSD,C,2024-03-13T07:15:00Z,sell,1.09225,1.0926558788346097,1.0910323634961707,6579,C_short
EURUSD,C,2024-03-13T09:00:00Z,sell,1.09239,1.0928231821060064,1.0910904536819808,6575,C_short
EURUSD,C,2024-03-14T01:45:00Z,buy,1.09488,1.0945629655216724,1.095831103434983,6557,C_long
EURUSD,C,2024-03-14T09:30:00Z,buy,1.09437,1.0939261153264688,1.095701654020594,6557,C_long
EURUSD,C,2024-03-14T10:00:00Z,buy,1.09441,1.09391730440077,1.0958880867976906,6554,C_long
EURUSD,C,2024-03-14T11:30:00Z,buy,1.09419,1.0937745889656956,1.0954362331029133,6552,C_long
EURUSD,C,2024-03-14T12:30:00Z,buy,1.09418,1.0934837030212192,1.096268890936342,6549,C_long
EURUSD,C,2024-03-15T12:30:00Z,sell,1.08857,1.0890505646666417,1.087128306000075,6578,C_short
EURUSD,C,2024-03-15T13:15:00Z,sell,1.08843,1.0890200031326258,1.0866599906021226,6575,C_short
EURUSD,C,2024-03-15T15:00:00Z,sell,1.08865,1.0892230611847176,1.0869308164458469,6570,C_short
EURUSD,C,2024-03-18T12:45:00Z,sell,1.08922,1.0896571297363054,1.0879086107910843,6562,C_short
EURUSD,C,2024-03-19T03:30:00Z,sell,1.08733,1.087619382689651,1.0864618519310467,6581,C_short
EURUSD,C,2024-03-19T04:15:00Z,sell,1.08724,1.0875770707464187,1.0862287877607437,6579,C_short
EURUSD,C,2024-03-19T15:00:00Z,sell,1.08569,1.086183541266134,1.084209376201598,6594,C_short
EURUSD,C,2024-03-19T23:45:00Z,sell,1.08616,1.0863894325020158,1.0854717024939526,6588,C_short
EURUSD,C,2024-03-20T07:45:00Z,sell,1.08655,1.0868652726101946,1.0856041821694158,6583,C_short
EURUSD,C,2024-03-21T10:00:00Z,buy,1.09219,1.0913358135908418,1.0947525592274747,6554,C_long
EURUSD,C,2024-03-25T03:30:00Z,sell,1.08128,1.0816551811792414,1.0801544564622758,6615,C_short
EURUSD,C,2024-03-25T07:45:00Z,sell,1.08137,1.081809681033852,1.0800509568984438,6611,C_short
EURUSD,C,2024-03-25T08:30:00Z,sell,1.08072,1.0813357508833696,1.0788727473498907,6612,C_short
EURUSD,C,2024-03-26T04:00:00Z,buy,1.08381,1.08355715048917,1.08456854853249,6589,C_long
EURUSD,C,2024-03-27T07:00:00Z,sell,1.08297,1.0832766281774897,1.0820501154675308,6598,C_short
EURUSD,C,2024-03-27T09:45:00Z,sell,1.08276,1.0832279577065742,1.0813561268802772,6597,C_short
EURUSD,C,2024-03-27T11:30:00Z,sell,1.08289,1.0833363495637054,1.0815509513088835,6593,C_short
EURUSD,C,2024-03-27T22:00:00Z,sell,1.08126,1.0816447775369336,1.0801056673891998,6610,C_short
EURUSD,C,2024-03-28T06:00:00Z,sell,1.08212,1.082358221152383,1.0814053365428509,6602,C_short
EURUSD,C,2024-03-28T14:45:00Z,sell,1.08002,1.0807909156374358,1.0777072530876926,6618,C_short
EURUSD,C,2024-03-29T12:15:00Z,sell,1.07796,1.0783461710598183,1.076801486820545,6645,C_short
EURUSD,C,2024-03-29T16:30:00Z,sell,1.07869,1.0790363397154668,1.0776509808535994,6638,C_short
EURUSD,C,2024-03-31T22:30:00Z,sell,1.07885,1.0792992815046503,1.0775021554860496,6634,C_short
EURUSD,C,2024-04-01T01:30:00Z,sell,1.07903,1.079438695284329,1.077803914147013,6630,C_short
EURUSD,C,2024-04-02T08:00:00Z,sell,1.07363,1.0741710941841125,1.0720067174476628,6670,C_short
EURUSD,C,2024-04-03T07:30:00Z,buy,1.07722,1.0768356689374958,1.0783729931875128,6644,C_long
EURUSD,C,2024-04-03T10:15:00Z,buy,1.07708,1.0766443185499026,1.0783870443502923,6641,C_long
EURUSD,C,2024-04-05T07:15:00Z,buy,1.0836,1.083196194529308,1.0848114164120755,6609,C_long
EURUSD,C,2024-04-05T11:30:00Z,buy,1.08382,1.0834281420176055,1.0849955739471835,6605,C_long
EURUSD,C,2024-04-05T15:00:00Z,buy,1.08291,1.0817352023666469,1.0864343929000595,6607,C_long
EURUSD,C,2024-04-09T22:45:00Z,buy,1.08586,1.0856622761254833,1.0864531716235504,6610,C_long
EURUSD,C,2024-04-10T07:00:00Z,buy,1.08551,1.0852097790607025,1.0864106628178924,6610,C_long
EURUSD,C,2024-04-10T07:45:00Z,buy,1.08553,1.085151959880404,1.0866641203587883,6608,C_long
EURUSD,C,2024-04-10T12:00:00Z,buy,1.08607,1.0856287533974056,1.0873937398077835,6601,C_long
EURUSD,C,2024-04-11T08:45:00Z,sell,1.07405,1.0746819809842376,1.072154057047287,6672,C_short
EURUSD,C,2024-04-11T13:30:00Z,sell,1.07376,1.0751049598390043,1.0697251204829872,6685,C_short
EURUSD,C,2024-04-14T23:00:00Z,sell,1.06442,1.0649114085781055,1.0629457742656832,6768,C_short
EURUSD,C,2024-04-14T23:45:00Z,sell,1.0646,1.065039408784029,1.0632817736479132,6763,C_short
EURUSD,C,2024-04-15T04:00:00Z,sell,1.06479,1.0651847669199213,1.0636056992402358,6759,C_short
EURUSD,C,2024-04-15T12:15:00Z,sell,1.0653,1.0658307558558326,1.0637077324325017,6752,C_short
EURUSD,C,2024-04-16T07:30:00Z,sell,1.06156,1.0621752601094663,1.0597142196716014,6785,C_short
EURUSD,C,2024-04-16T08:15:00Z,sell,1.06144,1.062115308580888,1.0594140742573355,6782,C_short
EURUSD,C,2024-04-16T15:15:00Z,sell,1.06279,1.0637479216715153,1.0599162349854536,6768,C_short
EURUSD,C,2024-04-17T14:30:00Z,sell,1.06353,1.0642820159502895,1.061273952149132,6757,C_short
EURUSD,C,2024-04-18T10:45:00Z,buy,1.06758,1.0671072406874982,1.0689982779375053,6726,C_long
EURUSD,C,2024-04-18T11:45:00Z,buy,1.06772,1.067220415630136,1.0692187531095922,6722,C_long
EURUSD,C,2024-04-19T11:00:00Z,sell,1.06438,1.0650327678759077,1.0624216963722772,6739,C_short
EURUSD,C,2024-04-19T17:00:00Z,buy,1.06573,1.06495138650506,1.0680658404848205,6726,C_long
EURUSD,C,2024-04-19T19:45:00Z,buy,1.06547,1.064956363753537,1.0670109087393884,6722,C_long
EURUSD,C,2024-04-21T21:00:00Z,buy,1.06574,1.0652021318283351,1.0673536045149943,6716,C_long
EURUSD,C,2024-04-22T01:00:00Z,buy,1.0662,1.0656720370592008,1.0677838888223978,6710,C_long
EURUSD,C,2024-04-22T09:00:00Z,buy,1.06615,1.0655770736837455,1.067868778948763,6706,C_long
EURUSD,C,2024-04-22T16:30:00Z,sell,1.06474,1.0652065664847021,1.0633403005458937,6711,C_short
EURUSD,C,2024-04-23T11:00:00Z,buy,1.0661,1.0654678217833662,1.0679965346499016,6699,C_long
EURUSD,C,2024-04-24T13:15:00Z,buy,1.06972,1.068975612318166,1.0719531630455021,6687,C_long
EURUSD,C,2024-04-24T17:00:00Z,buy,1.06933,1.0687286179381594,1.0711341461855213,6684,C_long
EURUSD,C,2024-04-25T14:15:00Z,buy,1.07151,1.0702053619597263,1.075423914120821,6666,C_long
EURUSD,C,2024-04-29T09:30:00Z,buy,1.07174,1.0708259477591582,1.0744821567225251,6656,C_long
EURUSD,C,2024-04-29T14:45:00Z,buy,1.07127,1.0704683167287923,1.073675049813623,6653,C_long
EURUSD,C,2024-04-30T14:15:00Z,buy,1.07162,1.0704494376275964,1.075131687117211,6645,C_long
EURUSD,C,2024-04-30T14:30:00Z,sell,1.0702,1.0714224873894165,1.0665325378317507,6646,C_short
EURUSD,C,2024-05-01T16:30:00Z,sell,1.06733,1.067814456230097,1.0658766313097083,6686,C_short
EURUSD,C,2024-05-02T12:30:00Z,buy,1.07103,1.070297248610539,1.0732282541683824,6660,C_long
EURUSD,C,2024-05-02T15:30:00Z,buy,1.07024,1.0692896721948923,1.0730909834153233,6659,C_long
EURUSD,C,2024-05-05T21:00:00Z,buy,1.07614,1.075752690005998,1.0773019299820066,6640,C_long
EURUSD,C,2024-05-06T00:15:00Z,buy,1.07623,1.0759179060589605,1.0771662818231185,6636,C_long
EURUSD,C,2024-05-06T08:00:00Z,buy,1.07695,1.076415519679878,1.0785534409603665,6629,C_long
EURUSD,C,2024-05-06T16:30:00Z,buy,1.07749,1.0771033517243978,1.078649944826807,6635,C_long
EURUSD,C,2024-05-07T00:15:00Z,buy,1.07707,1.0768425343357135,1.0777523969928593,6635,C_long
EURUSD,C,2024-05-07T05:15:00Z,buy,1.07692,1.0766406570648768,1.07775802880537,6634,C_long
EURUSD,C,2024-05-07T10:45:00Z,buy,1.07688,1.0763908833053641,1.0783473500839078,6632,C_long
EURUSD,C,2024-05-07T16:00:00Z,buy,1.07731,1.076699194114212,1.0791424176573636,6625,C_long
EURUSD,C,2024-05-08T11:15:00Z,sell,1.07468,1.0750957049618606,1.0734328851144186,6637,C_short
EURUSD,C,2024-05-08T15:00:00Z,sell,1.07467,1.0751642091534361,1.0731873725396917,6634,C_short
EURUSD,C,2024-05-08T16:30:00Z,sell,1.07461,1.0750890410561043,1.0731728768316875,6631,C_short
EURUSD,C,2024-05-09T04:30:00Z,sell,1.07467,1.0748937719072154,1.073998684278354,6627,C_short
EURUSD,C,2024-05-10T02:30:00Z,buy,1.07755,1.0772827638113,1.0783517085660999,6613,C_long
EURUSD,C,2024-05-10T06:45:00Z,buy,1.07768,1.0773264621565055,1.0787406135304833,6610,C_long
EURUSD,C,2024-05-10T13:30:00Z,buy,1.07847,1.0779403083938937,1.0800590748183192,6602,C_long
EURUSD,C,2024-05-10T16:30:00Z,buy,1.0777,1.077191486917939,1.0792255392461831,6603,C_long
EURUSD,C,2024-05-12T23:00:00Z,buy,1.07751,1.0772725093630504,1.0782224719108486,6600,C_long
EURUSD,C,2024-05-13T05:30:00Z,buy,1.07734,1.0771298920486663,1.077970323854001,6599,C_long
EURUSD,C,2024-05-13T07:15:00Z,buy,1.07763,1.0772658064319498,1.078722580704151,6595,C_long
EURUSD,C,2024-05-13T17:15:00Z,buy,1.07916,1.0787030793246168,1.080530762026149,6592,C_long
EURUSD,C,2024-05-13T20:15:00Z,buy,1.07894,1.0787056802252513,1.0796429593242463,6590,C_long
EURUSD,C,2024-05-13T21:30:00Z,buy,1.0789,1.078685388678682,1.0795438339639538,6588,C_long
EURUSD,C,2024-05-14T04:00:00Z,buy,1.07884,1.0786614246597217,1.079375726020835,6587,C_long
EURUSD,C,2024-05-14T06:00:00Z,buy,1.07877,1.0785846169688071,1.0793261490935786,6586,C_long
EURUSD,C,2024-05-14T06:45:00Z,buy,1.07876,1.0784990854756946,1.079542743572916,6584,C_long
EURUSD,C,2024-05-14T09:00:00Z,buy,1.0789,1.078491741464297,1.080124775607109,6581,C_long
EURUSD,C,2024-05-16T07:15:00Z,buy,1.08812,1.0877744461336234,1.0891566615991297,6522,C_long
EURUSD,C,2024-05-16T15:30:00Z,buy,1.08722,1.0867058574337811,1.088762427698657,6525,C_long
EURUSD,C,2024-05-16T18:45:00Z,buy,1.08709,1.0867109193218958,1.0882272420343122,6522,C_long
EURUSD,C,2024-05-17T06:00:00Z,buy,1.0865,1.0861935561078258,1.0874193316765228,6523,C_long
EURUSD,C,2024-05-17T07:00:00Z,buy,1.08649,1.0861396192789257,1.0875411421632228,6520,C_long
EURUSD,C,2024-05-17T13:30:00Z,sell,1.08477,1.0853140842748206,1.0831377471755383,6528,C_short
EURUSD,C,2024-05-20T08:45:00Z,buy,1.08746,1.087069962200352,1.0886301133989447,6508,C_long
EURUSD,C,2024-05-20T17:00:00Z,buy,1.08697,1.0865879164221062,1.0881162507336815,6508,C_long
EURUSD,C,2024-05-21T04:45:00Z,sell,1.08587,1.0860910398460581,1.0852068804618251,6512,C_short
EURUSD,C,2024-05-21T05:45:00Z,sell,1.08584,1.08608423504283,1.08510729487151,6510,C_short
EURUSD,C,2024-05-21T23:45:00Z,sell,1.0854,1.0855922979894754,1.0848231060315734,6511,C_short
EURUSD,C,2024-05-22T03:15:00Z,sell,1.08548,1.0857547464549884,1.0846557606350349,6508,C_short
EURUSD,C,2024-05-22T07:00:00Z,sell,1.08537,1.0857812126006532,1.0841363621980402,6507,C_short
EURUSD,C,2024-05-22T08:00:00Z,sell,1.08525,1.0857225598634521,1.0838323204096438,6505,C_short
EURUSD,C,2024-05-22T17:15:00Z,sell,1.08416,1.0846469322483636,1.0826992032549092,6519,C_short
EURUSD,C,2024-05-23T03:15:00Z,sell,1.0829,1.0831726401781365,1.0820820794655903,6535,C_short
EURUSD,C,2024-05-23T04:15:00Z,sell,1.08287,1.083117734046968,1.082126797859096,6533,C_short
EURUSD,C,2024-05-23T13:45:00Z,sell,1.08341,1.084319077684894,1.0806827669453176,6533,C_short
EURUSD,C,2024-05-24T06:45:00Z,sell,1.08128,1.0816126520494649,1.0802820438516054,6562,C_short
EURUSD,C,2024-05-27T06:15:00Z,buy,1.08474,1.0845468947506396,1.0853193157480814,6538,C_long
EURUSD,C,2024-05-27T13:15:00Z,buy,1.08528,1.0846795492005639,1.0870813523983085,6534,C_long
EURUSD,C,2024-05-28T09:30:00Z,buy,1.08746,1.0870350270230973,1.0887349189307085,6530,C_long
EURUSD,C,2024-05-28T14:45:00Z,buy,1.08749,1.0868230133152619,1.0894909600542146,6537,C_long
EURUSD,C,2024-05-29T07:45:00Z,sell,1.0852,1.085570499168759,1.084088502493723,6546,C_short
EURUSD,C,2024-05-29T10:00:00Z,sell,1.0847,1.0852854769117035,1.0829435692648894,6555,C_short
EURUSD,C,2024-05-29T12:45:00Z,sell,1.08461,1.0852814278221983,1.0825957165334055,6552,C_short
EURUSD,C,2024-05-31T07:00:00Z,sell,1.08219,1.0825632524748294,1.0810702425755117,6578,C_short
EURUSD,C,2024-05-31T15:30:00Z,buy,1.08505,1.0841462398303081,1.087761280509076,6558,C_long
EURUSD,C,2024-05-31T16:30:00Z,buy,1.0851,1.0843486673736973,1.087353997878908,6552,C_long
EURUSD,C,2024-05-31T19:45:00Z,buy,1.0851,1.0846294632200653,1.086511610339804,6547,C_long
EURUSD,C,2024-06-02T21:00:00Z,buy,1.08468,1.0842248957463279,1.0860453127610168,6546,C_long
EURUSD,C,2024-06-03T12:15:00Z,buy,1.08468,1.084189900175745,1.0861502994727656,6542,C_long
EURUSD,C,2024-06-04T14:45:00Z,buy,1.08802,1.0872704846151797,1.0902685461544608,6530,C_long
EURUSD,C,2024-06-05T20:00:00Z,sell,1.08715,1.0875560730129565,1.0859317809611306,6530,C_short
EURUSD,C,2024-06-06T06:45:00Z,buy,1.08839,1.0880392945139956,1.089442116458013,6520,C_long
EURUSD,C,2024-06-06T07:15:00Z,buy,1.0883,1.0878776478794012,1.0895670563617965,6518,C_long
EURUSD,C,2024-06-06T12:15:00Z,buy,1.08897,1.0882109119999988,1.0912472640000037,6511,C_long
EURUSD,C,2024-06-06T15:00:00Z,buy,1.0883,1.087391569944019,1.091025290167943,6510,C_long
EURUSD,C,2024-06-10T17:00:00Z,sell,1.07517,1.0756829075999703,1.0736312772000889,6583,C_short
EURUSD,C,2024-06-11T07:00:00Z,sell,1.07636,1.0767151061312845,1.0752946816061464,6572,C_short
EURUSD,C,2024-06-11T07:45:00Z,sell,1.0764,1.076822544643091,1.075132366070727,6569,C_short
EURUSD,C,2024-06-11T19:45:00Z,sell,1.07401,1.074386190682964,1.0728814279511079,6591,C_short
EURUSD,C,2024-06-12T07:00:00Z,sell,1.07403,1.0743616585818108,1.0730350242545679,6588,C_short
EURUSD,C,2024-06-13T07:00:00Z,buy,1.08091,1.0805205908738067,1.08207822737858,6543,C_long
EURUSD,C,2024-06-13T09:00:00Z,buy,1.08093,1.0804443156759982,1.0823870529720052,6540,C_long
EURUSD,C,2024-06-13T10:15:00Z,buy,1.08082,1.0803253835197213,1.0823038494408357,6537,C_long
EURUSD,C,2024-06-13T13:30:00Z,buy,1.08041,1.0794287200629082,1.0833538398112756,6536,C_long
EURUSD,C,2024-06-14T17:15:00Z,sell,1.07002,1.07063574325966,1.0681727702210198,6593,C_short
EURUSD,C,2024-06-16T23:45:00Z,sell,1.07025,1.0705416763577198,1.0693749709268403,6587,C_short
EURUSD,C,2024-06-17T01:00:00Z,sell,1.07024,1.0705454586599334,1.0693236240202,6585,C_short
EURUSD,C,2024-06-17T07:30:00Z,sell,1.06966,1.0703723237117009,1.0675230288648976,6594,C_short
EURUSD,C,2024-06-17T10:15:00Z,sell,1.0704,1.0710167792179675,1.0685496623460977,6584,C_short
EURUSD,C,2024-06-18T06:15:00Z,buy,1.07276,1.072393294086681,1.073860117739957,6565,C_long
EURUSD,C,2024-06-19T01:30:00Z,buy,1.07388,1.0736803752144637,1.0744788743566087,6556,C_long
EURUSD,C,2024-06-19T05:30:00Z,buy,1.07372,1.0735513862441133,1.0742258412676602,6555,C_long
EURUSD,C,2024-06-19T07:45:00Z,buy,1.07367,1.0730868019036426,1.0754195942890719,6553,C_long
EURUSD,C,2024-06-20T14:45:00Z,sell,1.07217,1.072903225840751,1.0699703224777475,6559,C_short
EURUSD,C,2024-06-21T16:45:00Z,sell,1.06921,1.0698399545307244,1.0673201364078266,6589,C_short
EURUSD,C,2024-06-25T08:30:00Z,buy,1.07335,1.0728795578327626,1.0747613265017124,6560,C_long
EURUSD,C,2024-06-25T19:00:00Z,sell,1.07147,1.0717963261991132,1.07049102140266,6568,C_short
EURUSD,C,2024-06-27T08:00:00Z,sell,1.06867,1.069087025383739,1.067418923848783,6590,C_short
EURUSD,C,2024-06-27T20:00:00Z,buy,1.07044,1.0701271671786046,1.0713784984641865,6576,C_long
EURUSD,C,2024-06-28T07:00:00Z,sell,1.06955,1.0698984690793871,1.0685045927618386,6579,C_short
EURUSD,C,2024-06-28T08:00:00Z,sell,1.06956,1.0699901800568175,1.068269459829548,6576,C_short
EURUSD,C,2024-06-28T09:00:00Z,sell,1.0696,1.0700672634588202,1.0681982096235398,6573,C_short
EURUSD,C,2024-06-28T12:00:00Z,buy,1.0703,1.069692343017535,1.0721229709473954,6565,C_long
EURUSD,C,2024-06-28T13:30:00Z,buy,1.07014,1.0692762985163786,1.0727311044508645,6562,C_long
EURUSD,C,2024-06-28T14:45:00Z,buy,1.07183,1.0707730798815365,1.0750007603553908,6546,C_long
EURUSD,C,2024-07-01T10:15:00Z,buy,1.07526,1.0745175883422218,1.077487234973335,6518,C_long
EURUSD,C,2024-07-01T13:00:00Z,buy,1.0754,1.07480001274453,1.0771999617664094,6512,C_long
EURUSD,C,2024-07-01T20:00:00Z,buy,1.07396,1.0736024146415997,1.075032756075201,6517,C_long
EURUSD,C,2024-07-01T21:30:00Z,buy,1.07393,1.0736060442411022,1.0749018672766937,6514,C_long
EURUSD,C,2024-07-02T14:30:00Z,sell,1.07269,1.073524763371525,1.0701857098854246,6519,C_short
EURUSD,C,2024-07-03T02:00:00Z,buy,1.07446,1.0741912309034487,1.0752663072896538,6503,C_long
EURUSD,C,2024-07-03T06:45:00Z,buy,1.07469,1.0743645894016312,1.0756662317951062,6499,C_long
EURUSD,C,2024-07-04T04:00:00Z,buy,1.07865,1.078452540742597,1.079242377772209,6480,C_long
EURUSD,C,2024-07-05T12:00:00Z,buy,1.08252,1.0821052023627566,1.0837643929117298,6460,C_long
EURUSD,C,2024-07-05T14:30:00Z,buy,1.08247,1.08150818125134,1.08535545624598,6457,C_long
EURUSD,C,2024-07-07T22:00:00Z,buy,1.08287,1.0820099173366053,1.085450247990184,6441,C_long
EURUSD,C,2024-07-08T01:30:00Z,buy,1.08279,1.0823393802480923,1.0841418592557228,6435,C_long
EURUSD,C,2024-07-08T06:30:00Z,buy,1.08284,1.082307999702696,1.0844360008919118,6432,C_long
EURUSD,C,2024-07-08T07:00:00Z,buy,1.08264,1.0820623642211362,1.0843729073365915,6429,C_long
EURUSD,C,2024-07-08T15:45:00Z,buy,1.08346,1.0830353224353446,1.0847340326939665,6434,C_long
EURUSD,C,2024-07-08T23:15:00Z,buy,1.08296,1.0827968435550086,1.0834494693349739,6434,C_long
EURUSD,C,2024-07-09T01:15:00Z,buy,1.08293,1.0827112027282246,1.083586391815326,6433,C_long
EURUSD,C,2024-07-09T03:30:00Z,buy,1.08287,1.0826157716570115,1.0836326850289655,6431,C_long
EURUSD,C,2024-07-09T06:15:00Z,buy,1.08289,1.0825995435024787,1.0837613694925636,6429,C_long
EURUSD,C,2024-07-09T10:30:00Z,buy,1.08263,1.082250006471013,1.083769980586961,6428,C_long
EURUSD,C,2024-07-09T13:45:00Z,sell,1.08218,1.0825980044221883,1.0809259867334347,6428,C_short
EURUSD,C,2024-07-09T23:30:00Z,sell,1.08151,1.0816678544303668,1.0810364367088994,6429,C_short
EURUSD,C,2024-07-10T06:00:00Z,sell,1.08151,1.0817407945119368,1.0808176164641894,6427,C_short
EURUSD,C,2024-07-10T07:45:00Z,sell,1.08161,1.0819968987578572,1.0804493037264282,6425,C_short
EURUSD,C,2024-07-10T10:00:00Z,sell,1.08168,1.0821446246473878,1.0802861260578365,6421,C_short
EURUSD,C,2024-07-10T18:30:00Z,buy,1.08225,1.081923713832665,1.083228858502005,6415,C_long
EURUSD,C,2024-07-12T02:30:00Z,buy,1.08668,1.0863287024637667,1.0877338926087003,6394,C_long
EURUSD,C,2024-07-12T07:15:00Z,buy,1.08684,1.0864478721983537,1.088016383404939,6390,C_long
EURUSD,C,2024-07-15T02:45:00Z,buy,1.08917,1.088870323210815,1.0900690303675549,6383,C_long
EURUSD,C,2024-07-15T07:30:00Z,buy,1.0893,1.088866646205664,1.0906000613830078,6380,C_long
EURUSD,C,2024-07-15T16:45:00Z,buy,1.09061,1.08989655360595,1.0927503391821505,6379,C_long
EURUSD,C,2024-07-16T07:00:00Z,buy,1.08938,1.0890401267580805,1.0903996197257586,6381,C_long
EURUSD,C,2024-07-16T11:45:00Z,buy,1.09021,1.0897329300482979,1.091641209855106,6382,C_long
EURUSD,C,2024-07-17T07:00:00Z,buy,1.09048,1.0900207193910247,1.0918578418269254,6377,C_long
EURUSD,C,2024-07-17T16:30:00Z,buy,1.09283,1.0922701543650675,1.0945095369047975,6371,C_long
EURUSD,C,2024-07-19T12:00:00Z,sell,1.08886,1.0893247842485847,1.0874656472542457,6390,C_short
EURUSD,C,2024-07-22T01:45:00Z,sell,1.08866,1.0890636078691636,1.0874491763925092,6388,C_short
EURUSD,C,2024-07-22T04:30:00Z,sell,1.08895,1.0892262931871097,1.0881211204386712,6383,C_short
EURUSD,C,2024-07-22T08:30:00Z,sell,1.08878,1.089294630296744,1.0872361091097686,6389,C_short
EURUSD,C,2024-07-22T10:00:00Z,sell,1.08873,1.0892108647469296,1.087287405759211,6385,C_short
EURUSD,C,2024-07-22T11:00:00Z,sell,1.08851,1.0890105633192506,1.0870083100422485,6383,C_short
EURUSD,C,2024-07-23T05:00:00Z,sell,1.0889,1.0891287191392227,1.0882138425823318,6377,C_short
EURUSD,C,2024-07-24T06:15:00Z,sell,1.08462,1.0849246706115132,1.08370598816546,6406,C_short
EURUSD,C,2024-07-24T10:45:00Z,sell,1.08426,1.084749963397009,1.082790109808973,6406,C_short
EURUSD,C,2024-07-24T16:00:00Z,sell,1.08492,1.0854791061204627,1.0832426816386123,6398,C_short
EURUSD,C,2024-07-24T17:45:00Z,sell,1.08463,1.0850932388402723,1.083240283479183,6396,C_short
EURUSD,C,2024-07-25T12:30:00Z,sell,1.08427,1.0849522540778525,1.082223237766443,6406,C_short
EURUSD,C,2024-07-25T13:15:00Z,sell,1.08402,1.0848090525063827,1.0816528424808518,6403,C_short
EURUSD,C,2024-07-25T18:15:00Z,sell,1.08497,1.0854887629628782,1.0834137111113653,6392,C_short
EURUSD,C,2024-07-26T09:15:00Z,buy,1.08535,1.0848596862918247,1.086820941124526,6386,C_long
EURUSD,C,2024-07-26T12:30:00Z,buy,1.08608,1.085452142282707,1.0879635731518786,6378,C_long
EURUSD,C,2024-07-26T15:00:00Z,buy,1.0857,1.0850892585713747,1.0875322242858763,6376,C_long
EURUSD,C,2024-07-29T00:30:00Z,buy,1.08592,1.0856415080334623,1.0867554758996132,6371,C_long
EURUSD,C,2024-07-29T05:00:00Z,buy,1.08608,1.085828445693289,1.0868346629201329,6374,C_long
EURUSD,C,2024-07-30T05:45:00Z,sell,1.08205,1.0822815119496558,1.0813554641510323,6396,C_short
EURUSD,C,2024-07-30T07:45:00Z,sell,1.08187,1.08230811755716,1.0805556473285203,6395,C_short
EURUSD,C,2024-07-30T11:45:00Z,sell,1.08242,1.0828005419093396,1.081278374271981,6389,C_short
EURUSD,C,2024-07-30T21:00:00Z,sell,1.08143,1.0817270330300859,1.080538900909742,6400,C_short
EURUSD,C,2024-07-31T00:00:00Z,sell,1.0814,1.081655483687537,1.0806335489373888,6398,C_short
EURUSD,C,2024-07-31T06:15:00Z,sell,1.082,1.0824352321866455,1.0806943034400638,6393,C_short
EURUSD,C,2024-07-31T07:00:00Z,sell,1.08159,1.0821991452189808,1.079762564343058,6392,C_short
EURUSD,C,2024-07-31T19:15:00Z,sell,1.08225,1.0830806912751811,1.0797579261744563,6384,C_short
EURUSD,C,2024-07-31T19:45:00Z,sell,1.08227,1.0831504747800251,1.0796285756599249,6378,C_short
EURUSD,C,2024-08-01T02:15:00Z,buy,1.08285,1.0824451233972328,1.084064629808302,6369,C_long
EURUSD,C,2024-08-01T14:15:00Z,sell,1.08005,1.081012766275138,1.0771617011745855,6383,C_short
EURUSD,C,2024-08-05T06:30:00Z,buy,1.09135,1.090169631896859,1.0948911043094232,6311,C_long
EURUSD,C,2024-08-05T16:15:00Z,buy,1.09568,1.0943727939425032,1.0996016181724904,6305,C_long
EURUSD,C,2024-08-06T00:30:00Z,buy,1.0955,1.0949889983245271,1.0970330050264183,6298,C_long
EURUSD,C,2024-08-06T14:45:00Z,buy,1.09337,1.092539221274027,1.0958623361779187,6307,C_long
EURUSD,C,2024-08-06T16:15:00Z,buy,1.0929,1.0921650806174785,1.0951047581475644,6304,C_long
EURUSD,C,2024-08-07T08:45:00Z,sell,1.09186,1.092444959834179,1.0901051204974632,6305,C_short
EURUSD,C,2024-08-07T12:00:00Z,sell,1.09189,1.0924831296015225,1.0901106111954326,6301,C_short
EURUSD,C,2024-08-07T13:30:00Z,sell,1.09175,1.0923708748597023,1.089887375420893,6298,C_short
EURUSD,C,2024-08-07T17:15:00Z,buy,1.0923,1.0917454900125045,1.0939635299624866,6291,C_long
EURUSD,C,2024-08-07T18:45:00Z,buy,1.09221,1.0917484921232825,1.093594523630152,6288,C_long
EURUSD,C,2024-08-07T21:30:00Z,buy,1.0923,1.0919696372503025,1.0932910882490927,6284,C_long
EURUSD,C,2024-08-08T12:00:00Z,buy,1.09318,1.0926199829828722,1.0948600510513835,6284,C_long
EURUSD,C,2024-08-08T19:00:00Z,sell,1.09145,1.0919240485499015,1.0900278543502955,6290,C_short
EURUSD,C,2024-08-08T23:15:00Z,sell,1.09153,1.091783304938757,1.0907700851837283,6286,C_short
EURUSD,C,2024-08-09T08:00:00Z,sell,1.09175,1.09213841772295,1.0905847468311498,6283,C_short
EURUSD,C,2024-08-09T09:45:00Z,sell,1.09195,1.092405648503523,1.090583054489431,6279,C_short
EURUSD,C,2024-08-09T16:00:00Z,sell,1.0918,1.0922862611492736,1.0903412165521795,6277,C_short
EURUSD,C,2024-08-09T18:00:00Z,sell,1.092,1.0923861857736872,1.0908414426789388,6272,C_short
EURUSD,C,2024-08-12T08:00:00Z,sell,1.09173,1.0921883560469698,1.0903549318590908,6271,C_short
EURUSD,C,2024-08-12T11:45:00Z,buy,1.09259,1.0921360707478838,1.0939517877563485,6263,C_long
EURUSD,C,2024-08-12T13:00:00Z,buy,1.09229,1.0918728934665929,1.0935413196002213,6262,C_long
EURUSD,C,2024-08-12T14:30:00Z,buy,1.09266,1.092058784608447,1.0944636461746586,6257,C_long
EURUSD,C,2024-08-13T11:45:00Z,buy,1.09302,1.0925931741827835,1.09430047745165,6250,C_long
EURUSD,C,2024-08-13T12:30:00Z,buy,1.09397,1.0933424929420965,1.095852521173711,6242,C_long
EURUSD,C,2024-08-14T18:45:00Z,buy,1.1016,1.1011635951802765,1.1029092144591701,6209,C_long
EURUSD,C,2024-08-15T04:45:00Z,buy,1.10116,1.1009518852542137,1.1017843442373585,6208,C_long
EURUSD,C,2024-08-15T05:15:00Z,buy,1.10112,1.1009046604798318,1.101766018560505,6207,C_long
EURUSD,C,2024-08-15T06:00:00Z,buy,1.10141,1.1011141241701303,1.102297627489609,6204,C_long
EURUSD,C,2024-08-15T06:45:00Z,buy,1.10145,1.1011085009783041,1.1024744970650877,6201,C_long
EURUSD,C,2024-08-15T07:45:00Z,buy,1.10134,1.1009447578556315,1.1025257264331054,6199,C_long
EURUSD,C,2024-08-15T09:15:00Z,buy,1.10117,1.1007516209646426,1.102425137106072,6198,C_long
EURUSD,C,2024-08-16T02:00:00Z,sell,1.09789,1.098149291403695,1.0971121257889151,6213,C_short
EURUSD,C,2024-08-16T03:30:00Z,sell,1.09782,1.0980584268853533,1.0971047193439403,6212,C_short
EURUSD,C,2024-08-16T07:15:00Z,sell,1.09792,1.098268159955285,1.096875520134145,6209,C_short
EURUSD,C,2024-08-16T08:45:00Z,sell,1.09808,1.0985106463803005,1.0967880608590983,6206,C_short
EURUSD,C,2024-08-16T14:45:00Z,buy,1.09904,1.0984239839046943,1.1008880482859171,6197,C_long
EURUSD,C,2024-08-19T10:30:00Z,buy,1.10366,1.1032170447752903,1.1049888656741296,6181,C_long
EURUSD,C,2024-08-19T13:45:00Z,buy,1.10443,1.1038659372516422,1.1061221882450736,6174,C_long
EURUSD,C,2024-08-20T04:00:00Z,buy,1.1078,1.107525184573134,1.1086244462805976,6164,C_long
EURUSD,C,2024-08-20T05:45:00Z,buy,1.10765,1.1073712490011476,1.1084862529965573,6163,C_long
EURUSD,C,2024-08-20T07:45:00Z,buy,1.10866,1.1081003407100474,1.1103389778698578,6155,C_long
EURUSD,C,2024-08-20T09:30:00Z,buy,1.10796,1.107378389754207,1.109704830737379,6155,C_long
EURUSD,C,2024-08-21T03:15:00Z,buy,1.112,1.1116711717939538,1.112986484618139,6142,C_long
EURUSD,C,2024-08-21T04:45:00Z,buy,1.1119,1.111618819221562,1.1127435423353147,6140,C_long
EURUSD,C,2024-08-21T06:30:00Z,buy,1.1119,1.1115834737090904,1.1128495788727293,6138,C_long
EURUSD,C,2024-08-21T07:00:00Z,buy,1.11227,1.1118575869192724,1.1135072392421832,6133,C_long
EURUSD,C,2024-08-21T08:30:00Z,buy,1.112,1.1114551175401022,1.1136346473796939,6132,C_long
EURUSD,C,2024-08-21T10:15:00Z,buy,1.11241,1.111898929154412,1.1139432125367639,6126,C_long
EURUSD,C,2024-08-21T12:00:00Z,buy,1.11192,1.1113916709422436,1.1135049871732694,6126,C_long
EURUSD,C,2024-08-21T14:00:00Z,buy,1.11218,1.111281506397875,1.114875480806375,6121,C_long
EURUSD,C,2024-08-22T04:30:00Z,buy,1.11455,1.11427201609867,1.1153839517039894,6102,C_long
EURUSD,C,2024-08-22T06:15:00Z,buy,1.11487,1.1145497135600062,1.1158308593199815,6099,C_long
EURUSD,C,2024-08-22T08:00:00Z,buy,1.11458,1.1137572436436405,1.1170482690690782,6105,C_long
EURUSD,C,2024-08-22T10:45:00Z,buy,1.11453,1.1138897731593027,1.116450680522092,6100,C_long
EURUSD,C,2024-08-23T06:15:00Z,buy,1.11228,1.1119641971277971,1.1132274086166083,6108,C_long
EURUSD,C,2024-08-23T08:15:00Z,buy,1.11223,1.1117178434732362,1.1137664695802916,6106,C_long
EURUSD,C,2024-08-23T12:15:00Z,sell,1.11145,1.1120164770736454,1.109750568779064,6107,C_short
EURUSD,C,2024-08-26T06:00:00Z,buy,1.11821,1.1178690251585126,1.1192329245244619,6067,C_long
EURUSD,C,2024-08-26T08:15:00Z,buy,1.11825,1.1177233909106032,1.1198298272681901,6064,C_long
EURUSD,C,2024-08-26T14:30:00Z,buy,1.11765,1.1168586962363927,1.1200239112908221,6064,C_long
EURUSD,C,2024-08-26T17:00:00Z,buy,1.11748,1.1169143298996203,1.1191770103011394,6060,C_long
EURUSD,C,2024-08-26T23:00:00Z,buy,1.11665,1.1164029128184707,1.1173912615445876,6061,C_long
EURUSD,C,2024-08-27T01:15:00Z,buy,1.11677,1.1164285341376363,1.1177943975870912,6059,C_long
EURUSD,C,2024-08-27T02:45:00Z,buy,1.11682,1.1164851429998222,1.1178245710005332,6056,C_long
EURUSD,C,2024-08-27T05:45:00Z,buy,1.11668,1.1164138693459933,1.1174783919620197,6054,C_long
EURUSD,C,2024-08-27T07:00:00Z,buy,1.11677,1.1163543676327006,1.1180168971018984,6052,C_long
EURUSD,C,2024-08-27T08:00:00Z,buy,1.11683,1.116310983386816,1.1183870498395523,6049,C_long
EURUSD,C,2024-08-27T11:15:00Z,buy,1.11696,1.116475117433622,1.1184146476991337,6045,C_long
EURUSD,C,2024-08-27T13:45:00Z,buy,1.11681,1.1160532295548065,1.119080311335581,6043,C_long
EURUSD,C,2024-08-27T16:00:00Z,buy,1.11656,1.1159284098830173,1.118454770350948,6039,C_long
EURUSD,C,2024-08-28T00:15:00Z,buy,1.1178,1.117514409974481,1.1186567700765568,6042,C_long
EURUSD,C,2024-08-28T01:30:00Z,buy,1.11785,1.117521603361521,1.1188351899154372,6040,C_long
EURUSD,C,2024-08-28T02:00:00Z,buy,1.11772,1.11733307096932,1.1188807870920399,6038,C_long
EURUSD,C,2024-08-28T22:30:00Z,sell,1.1123,1.1125369876068067,1.11158903717958,6065,C_short
EURUSD,C,2024-08-29T06:45:00Z,sell,1.11281,1.1132106498181342,1.1116080505455976,6060,C_short
EURUSD,C,2024-08-29T08:00:00Z,sell,1.10875,1.1098666067791596,1.1054001796625208,6088,C_short
EURUSD,C,2024-08-30T07:00:00Z,sell,1.10787,1.108308155911471,1.106555532265587,6087,C_short
EURUSD,C,2024-08-30T08:45:00Z,sell,1.10749,1.1082061529357088,1.105341541192874,6086,C_short
EURUSD,C,2024-08-30T10:00:00Z,sell,1.10797,1.1085991322099857,1.1060826033700424,6079,C_short
EURUSD,C,2024-08-30T12:30:00Z,sell,1.10663,1.1074552101640573,1.104154369507828,6082,C_short
EURUSD,C,2024-09-02T03:45:00Z,sell,1.10484,1.1051858777651586,1.1038023667045243,6087,C_short
EURUSD,C,2024-09-02T11:45:00Z,sell,1.10596,1.1064893846851693,1.1043718459444922,6078,C_short
EURUSD,C,2024-09-02T22:45:00Z,sell,1.10663,1.1068762819269284,1.1058911542192147,6071,C_short
EURUSD,C,2024-09-03T02:45:00Z,sell,1.10636,1.1067256686256026,1.1052629941231922,6076,C_short
EURUSD,C,2024-09-03T07:30:00Z,sell,1.1062,1.1066681310010744,1.104795606996777,6082,C_short
EURUSD,C,2024-09-03T14:00:00Z,sell,1.10486,1.1057934494179358,1.1020596517461925,6097,C_short
EURUSD,C,2024-09-04T06:15:00Z,sell,1.10486,1.1052268445847815,1.1037594662456554,6091,C_short
EURUSD,C,2024-09-04T08:00:00Z,sell,1.10511,1.1056537700626292,1.1034786898121125,6087,C_short
EURUSD,C,2024-09-04T08:45:00Z,sell,1.10516,1.1057130023192876,1.103500993042137,6083,C_short
EURUSD,C,2024-09-04T11:00:00Z,sell,1.10474,1.105192067113554,1.1033837986593382,6082,C_short
EURUSD,C,2024-09-04T13:00:00Z,sell,1.10511,1.105736625299587,1.103230124101239,6077,C_short
EURUSD,C,2024-09-05T04:30:00Z,buy,1.10772,1.1074699022738577,1.1084702931784272,6059,C_long
EURUSD,C,2024-09-05T15:45:00Z,buy,1.10952,1.1085512029563354,1.1124263911309942,6053,C_long
EURUSD,C,2024-09-06T12:30:00Z,buy,1.1134,1.1119228056323294,1.1178315831030117,6026,C_long
EURUSD,C,2024-09-09T17:15:00Z,sell,1.10517,1.1056832714293974,1.1036301857118078,6062,C_short
EURUSD,C,2024-09-10T06:00:00Z,sell,1.10351,1.1037961784117372,1.1026514647647885,6079,C_short
EURUSD,C,2024-09-10T07:45:00Z,sell,1.1037,1.1042007470987993,1.1021977587036016,6076,C_short
EURUSD,C,2024-09-10T09:45:00Z,sell,1.10385,1.1043467161571565,1.1023598515285304,6072,C_short
EURUSD,C,2024-09-10T11:15:00Z,sell,1.10355,1.1040169252247185,1.1021492243258446,6070,C_short
EURUSD,C,2024-09-11T12:30:00Z,sell,1.10087,1.1018297319836847,1.097990804048946,6092,C_short
EURUSD,C,2024-09-12T06:45:00Z,sell,1.1008,1.1011952548551118,1.0996142354346645,6087,C_short
EURUSD,C,2024-09-12T09:45:00Z,sell,1.10144,1.10196740508539,1.0998577847438298,6080,C_short
EURUSD,C,2024-09-12T11:45:00Z,sell,1.10138,1.101866965939713,1.0999191021808614,6077,C_short
EURUSD,C,2024-09-15T22:15:00Z,buy,1.10861,1.1082264618410353,1.1097606144768943,6034,C_long
EURUSD,C,2024-09-17T01:00:00Z,buy,1.11246,1.1121667777532191,1.1133396667403426,6019,C_long
EURUSD,C,2024-09-17T07:30:00Z,buy,1.11358,1.1129630575726703,1.115430827281989,6017,C_long
EURUSD,C,2024-09-17T23:15:00Z,buy,1.11221,1.1119923677134456,1.112862896859663,6021,C_long
EURUSD,C,2024-09-18T06:00:00Z,buy,1.11239,1.1121069014478806,1.1132392956563582,6023,C_long
EURUSD,C,2024-09-18T07:15:00Z,buy,1.11237,1.1119164493686098,1.113730651894171,6021,C_long
EURUSD,C,2024-09-18T13:00:00Z,buy,1.11321,1.1126568120988287,1.114869563703514,6023,C_long
EURUSD,C,2024-09-18T16:15:00Z,buy,1.11257,1.111895912536454,1.1145922623906381,6023,C_long
EURUSD,C,2024-09-18T17:30:00Z,buy,1.11297,1.112334952761676,1.1148751417149723,6017,C_long
EURUSD,C,2024-09-19T15:15:00Z,buy,1.11437,1.1132444862972726,1.1177465411081826,6005,C_long
EURUSD,C,2024-09-20T08:30:00Z,buy,1.11685,1.116130482023874,1.1190085539283776,6009,C_long
EURUSD,C,2024-09-20T09:15:00Z,buy,1.1164,1.1157407226685783,1.1183778319942654,6007,C_long
EURUSD,C,2024-09-20T12:00:00Z,buy,1.11681,1.1162704812386057,1.1184285562841831,6001,C_long
EURUSD,C,2024-09-20T15:45:00Z,buy,1.11588,1.1149323233012862,1.1187230300961413,6003,C_long
EURUSD,C,2024-09-23T13:30:00Z,sell,1.11307,1.1137802451201055,1.1109392646396834,6012,C_short
EURUSD,C,2024-09-23T15:00:00Z,sell,1.11306,1.1140388132554562,1.1101235602336312,6008,C_short
EURUSD,C,2024-09-25T08:30:00Z,buy,1.11858,1.117980686366049,1.1203779409018524,5973,C_long
EURUSD,C,2024-09-25T10:15:00Z,buy,1.11856,1.118023191929572,1.120170424211284,5969,C_long
EURUSD,C,2024-09-26T03:15:00Z,sell,1.11425,1.1145915225639071,1.1132254323082784,6000,C_short
EURUSD,C,2024-09-26T07:45:00Z,sell,1.11348,1.1142161155695716,1.1112716532912854,6002,C_short
EURUSD,C,2024-09-26T09:45:00Z,sell,1.11436,1.1151360277316658,1.1120319168050028,5993,C_short
EURUSD,C,2024-09-26T13:00:00Z,sell,1.11411,1.1151255120302515,1.1110634639092454,5990,C_short
EURUSD,C,2024-09-26T13:30:00Z,sell,1.11438,1.1155846290360556,1.110766112891833,5982,C_short
EURUSD,C,2024-09-27T01:00:00Z,buy,1.11703,1.1167003823785204,1.1180188528644386,5961,C_long
EURUSD,C,2024-09-27T03:00:00Z,buy,1.11702,1.116650283284725,1.1181291501458248,5959,C_long
EURUSD,C,2024-09-27T06:15:00Z,buy,1.11711,1.1165888638013388,1.1186734085959837,5956,C_long
EURUSD,C,2024-09-27T12:00:00Z,sell,1.11571,1.1163958138313859,1.1136525585058423,5960,C_short
EURUSD,C,2024-09-27T12:30:00Z,buy,1.11831,1.117340744277759,1.1212177671667227,5942,C_long
EURUSD,C,2024-09-27T18:00:00Z,buy,1.1164,1.1156044667080236,1.1187865998759294,5946,C_long
EURUSD,C,2024-09-29T22:00:00Z,buy,1.11694,1.1163906556614858,1.1185880330155429,5939,C_long
EURUSD,C,2024-09-30T05:00:00Z,buy,1.11651,1.116180315723384,1.1174990528298474,5937,C_long
EURUSD,C,2024-09-30T06:45:00Z,buy,1.11681,1.1163439888925857,1.1182080333222433,5934,C_long
EURUSD,C,2024-09-30T07:30:00Z,buy,1.11664,1.1160699832880032,1.1183500501359906,5932,C_long
EURUSD,C,2024-10-01T05:45:00Z,sell,1.11375,1.1140978197975648,1.1127065406073056,5956,C_short
EURUSD,C,2024-10-02T04:15:00Z,sell,1.10702,1.107358751068994,1.1060037467930177,5989,C_short
EURUSD,C,2024-10-02T07:45:00Z,sell,1.10665,1.1072732485296874,1.1047802544109373,5996,C_short
EURUSD,C,2024-10-02T09:00:00Z,sell,1.10662,1.1073232371836488,1.1045102884490534,5992,C_short
EURUSD,C,2024-10-02T10:45:00Z,sell,1.10666,1.1073132101533978,1.1047003695398065,5988,C_short
EURUSD,C,2024-10-02T12:15:00Z,sell,1.10607,1.1068219788025078,1.1038140635924771,5987,C_short
EURUSD,C,2024-10-03T08:30:00Z,sell,1.10384,1.104540804073776,1.1017375877786715,6011,C_short
EURUSD,C,2024-10-03T09:45:00Z,sell,1.10358,1.1042799367729574,1.1014801896811277,6008,C_short
EURUSD,C,2024-10-03T12:00:00Z,sell,1.10381,1.104398149352505,1.1020455519424848,6002,C_short
EURUSD,C,2024-10-03T13:30:00Z,sell,1.10369,1.1044330285140644,1.101460914457807,5999,C_short
EURUSD,C,2024-10-03T17:15:00Z,sell,1.10319,1.1039580771558763,1.1008857685323705,6013,C_short
EURUSD,C,2024-10-04T12:30:00Z,sell,1.09681,1.098126499885177,1.0928605003444694,6060,C_short
EURUSD,C,2024-10-07T08:30:00Z,sell,1.0972,1.097858272244034,1.0952251832678979,6050,C_short
EURUSD,C,2024-10-07T18:00:00Z,sell,1.09759,1.098088918122328,1.0960932456330166,6044,C_short
EURUSD,C,2024-10-08T02:15:00Z,sell,1.09767,1.0980131996895337,1.0966404009313986,6040,C_short
EURUSD,C,2024-10-08T07:15:00Z,sell,1.09805,1.0984929244764094,1.0967212265707715,6036,C_short
EURUSD,C,2024-10-08T10:30:00Z,sell,1.0983,1.0988898245217407,1.0965305264347782,6031,C_short
EURUSD,C,2024-10-08T12:00:00Z,sell,1.09816,1.0987799657727262,1.0963001026818215,6028,C_short
EURUSD,C,2024-10-08T21:00:00Z,sell,1.0976,1.0979629406576423,1.0965111780270727,6041,C_short
EURUSD,C,2024-10-08T23:00:00Z,sell,1.0976,1.0978686872422654,1.0967939382732035,6038,C_short
EURUSD,C,2024-10-09T06:00:00Z,sell,1.09667,1.0971231793112186,1.0953104620663443,6042,C_short
EURUSD,C,2024-10-09T10:15:00Z,sell,1.09665,1.0971654194124711,1.0951037417625862,6049,C_short
EURUSD,C,2024-10-10T11:00:00Z,sell,1.09364,1.0940696379082355,1.0923510862752932,6073,C_short
EURUSD,C,2024-10-10T13:30:00Z,sell,1.09364,1.0947049372295474,1.0904451883113575,6070,C_short
EURUSD,C,2024-10-10T20:45:00Z,sell,1.09286,1.0933845692518864,1.0912862922443405,6092,C_short
EURUSD,C,2024-10-11T01:30:00Z,sell,1.09307,1.0933988098699687,1.0920835703900937,6088,C_short
EURUSD,C,2024-10-11T06:00:00Z,sell,1.0934,1.0936539554052682,1.092638133784195,6083,C_short
EURUSD,C,2024-10-11T06:30:00Z,sell,1.09337,1.0936816376155125,1.0924350871534623,6082,C_short
EURUSD,C,2024-10-11T10:00:00Z,sell,1.09378,1.0942389552390952,1.0924031342827143,6077,C_short
EURUSD,C,2024-10-11T12:30:00Z,sell,1.09292,1.0936597276009086,1.0907008171972739,6079,C_short
EURUSD,C,2024-10-11T18:45:00Z,sell,1.0939,1.094262343325807,1.0928129700225795,6069,C_short
EURUSD,C,2024-10-14T06:45:00Z,sell,1.0925,1.0927943411795296,1.0916169764614114,6082,C_short
EURUSD,C,2024-10-14T07:45:00Z,sell,1.09282,1.0932030474751315,1.091670857574605,6078,C_short
EURUSD,C,2024-10-14T10:15:00Z,sell,1.09273,1.0931569894179316,1.0914490317462051,6076,C_short
EURUSD,C,2024-10-14T23:30:00Z,sell,1.09073,1.090985657670658,1.0899630269880258,6093,C_short
EURUSD,C,2024-10-15T10:45:00Z,sell,1.09027,1.0908670838661627,1.0884787484015122,6100,C_short
EURUSD,C,2024-10-15T11:45:00Z,sell,1.09008,1.0907571277491648,1.0880486167525054,6097,C_short
EURUSD,C,2024-10-15T14:15:00Z,sell,1.09042,1.0910306623519785,1.0885880129440642,6091,C_short
EURUSD,C,2024-10-16T02:00:00Z,sell,1.08897,1.0892682719912383,1.088075184026285,6108,C_short
EURUSD,C,2024-10-16T03:45:00Z,sell,1.08909,1.0893565477489475,1.088290356753157,6106,C_short
EURUSD,C,2024-10-16T12:45:00Z,sell,1.08887,1.089414618347668,1.0872361449569958,6111,C_short
EURUSD,C,2024-10-16T13:45:00Z,sell,1.089,1.0895985889309185,1.0872042332072442,6106,C_short
EURUSD,C,2024-10-17T12:30:00Z,sell,1.08426,1.0851387834561663,1.081623649631501,6143,C_short
EURUSD,C,2024-10-18T08:30:00Z,sell,1.08361,1.084102336076608,1.0821329917701759,6161,C_short
EURUSD,C,2024-10-18T09:15:00Z,sell,1.08363,1.0842320806993506,1.0818237579019485,6157,C_short
EURUSD,C,2024-10-21T12:30:00Z,sell,1.08548,1.0859045987003322,1.0842062038990035,6143,C_short
EURUSD,C,2024-10-22T05:45:00Z,sell,1.08192,1.0821433528031392,1.0812499415905823,6170,C_short
EURUSD,C,2024-10-22T09:30:00Z,sell,1.08229,1.0827584996155035,1.0808845011534893,6166,C_short
EURUSD,C,2024-10-22T11:30:00Z,sell,1.08215,1.082664092371009,1.080607722886973,6163,C_short
EURUSD,C,2024-10-23T03:15:00Z,sell,1.08006,1.0803615687756187,1.079155293673144,6183,C_short
EURUSD,C,2024-10-23T06:00:00Z,sell,1.08016,1.080467885565667,1.0792363433029988,6180,C_short
EURUSD,C,2024-10-23T15:15:00Z,sell,1.07808,1.0787763472925183,1.075990958122445,6197,C_short
EURUSD,C,2024-10-24T06:45:00Z,sell,1.07833,1.0786426791672823,1.0773919624981532,6191,C_short
EURUSD,C,2024-10-24T07:15:00Z,sell,1.07728,1.0778567234634255,1.0755498296097235,6195,C_short
EURUSD,C,2024-10-25T07:00:00Z,buy,1.082,1.0816524062548845,1.083042781235347,6164,C_long
EURUSD,C,2024-10-25T12:00:00Z,buy,1.08228,1.0818065646785833,1.0837003059642498,6168,C_long
EURUSD,C,2024-10-28T19:00:00Z,buy,1.08139,1.0809984925669303,1.0825645222992095,6181,C_long
EURUSD,C,2024-10-29T07:30:00Z,buy,1.08121,1.080838365853765,1.082324902438705,6179,C_long
EURUSD,C,2024-10-29T14:45:00Z,sell,1.08003,1.0810964949082325,1.0768305152753028,6191,C_short
EURUSD,C,2024-10-30T04:15:00Z,buy,1.08158,1.0813644521552357,1.0822266435342929,6176,C_long
EURUSD,C,2024-10-30T12:00:00Z,buy,1.08274,1.082090435622398,1.0846886931328064,6172,C_long
EURUSD,C,2024-10-30T13:30:00Z,buy,1.08306,1.0822011376878888,1.0856365869363331,6166,C_long
EURUSD,C,2024-10-31T03:15:00Z,buy,1.08521,1.0848754176007944,1.0862137471976168,6168,C_long
EURUSD,C,2024-10-31T05:45:00Z,buy,1.08512,1.0848478321837751,1.085936503448675,6166,C_long
EURUSD,C,2024-10-31T06:45:00Z,buy,1.08517,1.084858152790139,1.0861055416295826,6164,C_long
EURUSD,C,2024-10-31T07:15:00Z,buy,1.08536,1.084984701429038,1.0864858957128867,6160,C_long
EURUSD,C,2024-10-31T14:15:00Z,buy,1.08713,1.085968798562655,1.090613604312035,6156,C_long
EURUSD,C,2024-10-31T17:00:00Z,buy,1.08614,1.0852396044979002,1.0888411865062997,6154,C_long
EURUSD,C,2024-11-01T03:30:00Z,buy,1.08786,1.0875810118443103,1.0886969644670692,6159,C_long
EURUSD,C,2024-11-01T04:00:00Z,buy,1.08777,1.0875014266741707,1.0885757199774875,6158,C_long
EURUSD,C,2024-11-01T07:15:00Z,buy,1.08758,1.0872826909230306,1.088471927230908,6157,C_long
EURUSD,C,2024-11-01T12:30:00Z,buy,1.08995,1.0888203844662467,1.0933388466012597,6141,C_long
EURUSD,C,2024-11-05T06:45:00Z,buy,1.08808,1.0878335831839234,1.0888192504482295,6145,C_long
EURUSD,C,2024-11-06T19:00:00Z,sell,1.07397,1.0751618287963387,1.0703945136109843,6229,C_short
EURUSD,C,2024-11-07T19:30:00Z,sell,1.07757,1.0789270939201945,1.0734987182394162,6201,C_short
EURUSD,C,2024-11-08T09:15:00Z,sell,1.07806,1.0789686007153092,1.0753341978540725,6190,C_short
EURUSD,C,2024-11-08T12:00:00Z,sell,1.07762,1.078481993415639,1.0750340197530828,6187,C_short
EURUSD,C,2024-11-12T00:15:00Z,sell,1.06568,1.0660594249636735,1.0645417251089795,6270,C_short
EURUSD,C,2024-11-12T23:00:00Z,sell,1.06179,1.0622322253484968,1.0604633239545096,6299,C_short
EURUSD,C,2024-11-13T03:30:00Z,sell,1.06194,1.0623983909179269,1.0605648272462198,6295,C_short
EURUSD,C,2024-11-13T10:30:00Z,sell,1.06137,1.0621364414561714,1.0590706756314856,6306,C_short
EURUSD,C,2024-11-13T14:30:00Z,sell,1.06153,1.062789921894747,1.0577502343157594,6300,C_short
EURUSD,C,2024-11-14T18:15:00Z,sell,1.05467,1.0555658792156974,1.0519823623529077,6363,C_short
EURUSD,C,2024-11-15T01:30:00Z,sell,1.05311,1.0537974327411426,1.0510477017765723,6388,C_short
EURUSD,C,2024-11-15T06:15:00Z,sell,1.05373,1.0541450237279228,1.0524849288162317,6379,C_short
EURUSD,C,2024-11-15T13:45:00Z,sell,1.05584,1.057145261324286,1.0519242160271416,6364,C_short
EURUSD,C,2024-11-18T01:15:00Z,sell,1.05396,1.0545787279224883,1.0521038162325351,6398,C_short
EURUSD,C,2024-11-18T02:30:00Z,sell,1.05401,1.0545777008941883,1.0523068973174345,6393,C_short
EURUSD,C,2024-11-18T07:15:00Z,sell,1.05405,1.0545425942947668,1.0525722171156993,6389,C_short
EURUSD,C,2024-11-18T11:00:00Z,sell,1.05394,1.0547692625657605,1.0514522123027188,6386,C_short
EURUSD,C,2024-11-19T06:15:00Z,buy,1.05883,1.0584223365069523,1.060052990479143,6351,C_long
EURUSD,C,2024-11-19T13:00:00Z,buy,1.05801,1.0571268209521385,1.060659537143584,6353,C_long
EURUSD,C,2024-11-19T15:15:00Z,buy,1.05785,1.056615144655475,1.0615545660335748,6348,C_long
EURUSD,C,2024-11-21T00:15:00Z,sell,1.05426,1.0545427212214018,1.0534118363357945,6362,C_short
EURUSD,C,2024-11-21T05:45:00Z,sell,1.05466,1.0549398914187051,1.0538203257438843,6357,C_short
EURUSD,C,2024-11-21T06:30:00Z,sell,1.05469,1.0551060300583393,1.0534419098249819,6355,C_short
EURUSD,C,2024-11-21T14:00:00Z,sell,1.05245,1.0535097045293456,1.0492708864119638,6375,C_short
EURUSD,C,2024-11-21T15:30:00Z,sell,1.05305,1.0540175909003753,1.0501472272988743,6364,C_short
EURUSD,C,2024-11-22T08:15:00Z,sell,1.04784,1.0488962563022963,1.0446712310931114,6413,C_short
EURUSD,C,2024-11-25T07:30:00Z,sell,1.04646,1.0471152543276878,1.0444942370169363,6440,C_short
EURUSD,C,2024-11-25T17:45:00Z,buy,1.04861,1.0474910105184272,1.0519669684447186,6422,C_long
EURUSD,C,2024-11-26T05:15:00Z,sell,1.04758,1.0482908666204698,1.0454474001385905,6421,C_short
EURUSD,C,2024-11-26T06:45:00Z,sell,1.04761,1.048251984382901,1.0456840468512967,6416,C_short
EURUSD,C,2024-11-26T07:45:00Z,sell,1.0472,1.048030855426371,1.0447074337208864,6414,C_short
EURUSD,C,2024-11-26T14:15:00Z,buy,1.04993,1.0484915503013135,1.0542453490960597,6392,C_long
EURUSD,C,2024-11-27T06:30:00Z,sell,1.04792,1.0484127247651902,1.0464418257044292,6395,C_short
EURUSD,C,2024-11-28T01:15:00Z,buy,1.05579,1.0552835829292542,1.0573092512122375,6344,C_long
EURUSD,C,2024-11-28T02:45:00Z,buy,1.05571,1.055191652808794,1.057265041573618,6341,C_long
EURUSD,C,2024-11-28T04:15:00Z,buy,1.05554,1.0550478298559,1.0570165104322995,6338,C_long
EURUSD,C,2024-11-28T10:45:00Z,buy,1.05504,1.0542099633154511,1.0575301100536465,6338,C_long
EURUSD,C,2024-11-28T14:45:00Z,buy,1.05492,1.0541166301575022,1.0573301095274936,6333,C_long
EURUSD,C,2024-11-29T08:15:00Z,buy,1.05691,1.0559959322872567,1.0596522031382298,6335,C_long
EURUSD,C,2024-11-29T15:30:00Z,buy,1.05617,1.0550054280412258,1.059663715876323,6333,C_long
EURUSD,C,2024-11-29T17:45:00Z,buy,1.05673,1.0556668367707616,1.059919489687715,6322,C_long
EURUSD,C,2024-12-02T11:30:00Z,sell,1.05252,1.053391231027428,1.0499063069177155,6341,C_short
EURUSD,C,2024-12-02T12:15:00Z,sell,1.05196,1.053023382094003,1.0487698537179913,6338,C_short
EURUSD,C,2024-12-02T20:45:00Z,sell,1.04999,1.0509046018220312,1.0472461945339064,6368,C_short
EURUSD,C,2024-12-03T15:00:00Z,sell,1.05021,1.0511159347963015,1.0474921956110959,6361,C_short
EURUSD,C,2024-12-03T16:00:00Z,sell,1.05059,1.0517212636783637,1.0471962089649085,6353,C_short
EURUSD,C,2024-12-03T17:30:00Z,sell,1.05098,1.0519660217155862,1.0480219348532416,6343,C_short
EURUSD,C,2024-12-03T19:15:00Z,sell,1.05134,1.052254530935647,1.0485964071930587,6335,C_short
EURUSD,C,2024-12-04T07:45:00Z,sell,1.0509,1.0515796552001344,1.0488610343995965,6331,C_short
EURUSD,C,2024-12-04T10:15:00Z,sell,1.04991,1.0507532737819116,1.0473801786542647,6349,C_short
EURUSD,C,2024-12-04T11:45:00Z,sell,1.05048,1.0512944760660627,1.048036571801812,6340,C_short
EURUSD,C,2024-12-04T20:30:00Z,buy,1.05153,1.050508625601936,1.0545941231941922,6347,C_long
EURUSD,C,2024-12-05T09:30:00Z,buy,1.05339,1.0524872769282798,1.0560981692151608,6354,C_long
EURUSD,C,2024-12-06T02:00:00Z,buy,1.05726,1.0568672450435672,1.0584382648692987,6324,C_long
EURUSD,C,2024-12-06T07:45:00Z,buy,1.05836,1.0578044734379046,1.060026579686286,6315,C_long
EURUSD,C,2024-12-06T09:30:00Z,buy,1.05789,1.0571485588734268,1.0601143233797194,6314,C_long
EURUSD,C,2024-12-06T21:30:00Z,buy,1.05671,1.0561976530493975,1.0582470408518077,6333,C_long
EURUSD,C,2024-12-08T23:00:00Z,buy,1.05671,1.056160890930718,1.058357327207846,6325,C_long
EURUSD,C,2024-12-08T23:45:00Z,buy,1.05656,1.0560232732962331,1.0581701801113004,6322,C_long
EURUSD,C,2024-12-09T07:30:00Z,sell,1.05496,1.0555933307067322,1.053060007879803,6328,C_short
EURUSD,C,2024-12-09T12:45:00Z,buy,1.05657,1.0558043086512285,1.0588670740463144,6314,C_long
EURUSD,C,2024-12-10T02:15:00Z,sell,1.05544,1.0559393527286283,1.053941941814115,6334,C_short
EURUSD,C,2024-12-10T05:00:00Z,sell,1.05554,1.0559441583328377,1.0543275250014865,6330,C_short
EURUSD,C,2024-12-10T07:30:00Z,sell,1.05563,1.0561212439808831,1.0541562680573509,6326,C_short
EURUSD,C,2024-12-10T21:00:00Z,sell,1.05259,1.0530677827446575,1.0511566517660271,6353,C_short
EURUSD,C,2024-12-11T03:45:00Z,sell,1.05282,1.0532136640336052,1.0516390078991849,6348,C_short
EURUSD,C,2024-12-11T14:15:00Z,sell,1.05075,1.0520983853964925,1.0467048438105229,6367,C_short
EURUSD,C,2024-12-12T10:30:00Z,sell,1.05035,1.0510168879358273,1.0483493361925178,6361,C_short
EURUSD,C,2024-12-12T15:15:00Z,sell,1.04834,1.0500922319792674,1.043083304062198,6384,C_short
EURUSD,C,2024-12-12T17:30:00Z,sell,1.04977,1.0511665626820414,1.045580311953876,6364,C_short
EURUSD,C,2024-12-13T08:15:00Z,sell,1.0466,1.0473413083728622,1.0443760748814133,6408,C_short
EURUSD,C,2024-12-13T15:00:00Z,sell,1.04866,1.0496046268148271,1.0458261195555183,6391,C_short
EURUSD,C,2024-12-15T22:00:00Z,sell,1.0488,1.0494491360147282,1.0468525919558151,6384,C_short
EURUSD,C,2024-12-16T08:30:00Z,buy,1.05119,1.0503306817006497,1.0537679548980512,6365,C_long
EURUSD,C,2024-12-16T13:45:00Z,buy,1.05075,1.0499837473358602,1.0530487579924197,6362,C_long
EURUSD,C,2024-12-16T15:30:00Z,buy,1.05091,1.049859648602179,1.0540610541934632,6356,C_long
EURUSD,C,2024-12-16T16:30:00Z,buy,1.05064,1.0496415429871968,1.0536353710384097,6350,C_long
EURUSD,C,2024-12-17T13:00:00Z,sell,1.04961,1.0502089477792194,1.0478131566623416,6350,C_short
EURUSD,C,2024-12-17T15:45:00Z,sell,1.04989,1.0506458733809658,1.0476223798571025,6344,C_short
EURUSD,C,2024-12-17T17:00:00Z,sell,1.04998,1.050838071934471,1.0474057841965867,6339,C_short
EURUSD,C,2024-12-18T11:45:00Z,sell,1.04966,1.0502548132795761,1.0478755601612717,6335,C_short
EURUSD,C,2024-12-18T15:00:00Z,sell,1.04899,1.04979941364029,1.0465617590791305,6335,C_short
EURUSD,C,2024-12-19T12:15:00Z,sell,1.04006,1.0408678685616912,1.0376363943149263,6403,C_short
EURUSD,C,2024-12-19T13:45:00Z,sell,1.03989,1.041079132275392,1.0363226031738237,6399,C_short
EURUSD,C,2024-12-23T17:30:00Z,sell,1.04021,1.0410262554537064,1.037761233638881,6418,C_short
EURUSD,C,2024-12-23T18:30:00Z,sell,1.04062,1.0414025294224853,1.0382724117325444,6409,C_short
EURUSD,C,2024-12-23T20:00:00Z,sell,1.04052,1.0412648781290943,1.0382853656127167,6405,C_short
EURUSD,C,2024-12-27T07:45:00Z,buy,1.04218,1.0416273501244937,1.0438379496265193,6389,C_long
EURUSD,C,2024-12-27T09:15:00Z,buy,1.04145,1.040832337192828,1.0433029884215157,6390,C_long
EURUSD,C,2024-12-27T15:15:00Z,buy,1.04229,1.0415508708093708,1.0445073875718873,6395,C_long
EURUSD,C,2024-12-27T18:00:00Z,buy,1.0427,1.0420167184856217,1.0447498445431347,6388,C_long
EURUSD,C,2024-12-30T09:45:00Z,buy,1.04338,1.0426218256717048,1.0456545229848855,6379,C_long
EURUSD,C,2024-12-30T22:00:00Z,sell,1.04017,1.0406824109772874,1.038632767068138,6412,C_short
EURUSD,C,2024-12-31T04:15:00Z,sell,1.0405,1.0408179143106489,1.0395462570680534,6406,C_short
EURUSD,C,2024-12-31T11:30:00Z,sell,1.04088,1.0415544063297386,1.0388567810107843,6401,C_short
EURUSD,C,2025-01-02T05:15:00Z,sell,1.03646,1.0368926962420228,1.0351619112739312,6440,C_short
EURUSD,C,2025-01-02T07:45:00Z,sell,1.03627,1.0367345741103662,1.0348762776689016,6438,C_short
EURUSD,C,2025-01-03T15:15:00Z,sell,1.0275,1.028421773522097,1.024734679433709,6490,C_short
EURUSD,C,2025-01-06T00:00:00Z,sell,1.02965,1.0301664792425642,1.0281005622723072,6470,C_short
EURUSD,C,2025-01-07T00:30:00Z,buy,1.03812,1.0377304216173695,1.0392887351478912,6414,C_long
EURUSD,C,2025-01-07T01:45:00Z,buy,1.03811,1.0376419943026542,1.0395140170920376,6411,C_long
EURUSD,C,2025-01-08T06:15:00Z,sell,1.03543,1.0357638246236476,1.0344285261290576,6435,C_short
EURUSD,C,2025-01-08T18:45:00Z,sell,1.03124,1.0319933227016898,1.0289800318949305,6467,C_short
EURUSD,C,2025-01-08T19:30:00Z,sell,1.03116,1.0320087022149964,1.028613893355011,6462,C_short
EURUSD,C,2025-01-09T03:45:00Z,sell,1.0311,1.031489104286504,1.0299326871404877,6457,C_short
EURUSD,C,2025-01-09T09:45:00Z,sell,1.03056,1.031398742197881,1.0280437734063568,6467,C_short
EURUSD,C,2025-01-09T15:00:00Z,sell,1.03032,1.031004494782843,1.0282665156514708,6463,C_short
EURUSD,C,2025-01-10T13:30:00Z,sell,1.02504,1.026756395323269,1.0198908140301928,6508,C_short
EURUSD,C,2025-01-13T16:45:00Z,sell,1.0208,1.0217499925688056,1.017950022293583,6524,C_short
EURUSD,C,2025-01-13T19:30:00Z,sell,1.02114,1.021722104307628,1.0193936870771154,6515,C_short
EURUSD,C,2025-01-14T12:15:00Z,buy,1.0253,1.0244188688227602,1.0279433935317197,6484,C_long
EURUSD,C,2025-01-14T13:30:00Z,buy,1.02533,1.0241488342805718,1.028873497158285,6478,C_long
EURUSD,C,2025-01-15T06:15:00Z,buy,1.02976,1.0293500226744554,1.0309899319766338,6471,C_long
EURUSD,C,2025-01-15T07:30:00Z,buy,1.03003,1.0294312158536514,1.0318263524390459,6467,C_long
EURUSD,C,2025-01-15T09:00:00Z,buy,1.03011,1.0293302470446835,1.03244925886595,6462,C_long
EURUSD,C,2025-01-16T00:30:00Z,buy,1.02977,1.0294120491796728,1.030843852460982,6478,C_long
EURUSD,C,2025-01-16T01:30:00Z,buy,1.02973,1.02922238689621,1.03125283931137,6475,C_long
EURUSD,C,2025-01-16T07:00:00Z,buy,1.02982,1.029302895923168,1.0313713122304957,6471,C_long
EURUSD,C,2025-01-16T09:15:00Z,buy,1.0294,1.02874970642772,1.0313508807168403,6470,C_long
EURUSD,C,2025-01-16T10:15:00Z,buy,1.02923,1.028492200993227,1.0314433970203196,6467,C_long
EURUSD,C,2025-01-17T08:30:00Z,buy,1.02959,1.0290393174207453,1.0312420477377642,6459,C_long
EURUSD,C,2025-01-17T09:45:00Z,buy,1.02964,1.028970262667458,1.0316492119976266,6455,C_long
EURUSD,C,2025-01-17T14:45:00Z,buy,1.02985,1.0285830969195353,1.0336507092413938,6449,C_long
EURUSD,C,2025-01-17T16:30:00Z,buy,1.02985,1.0285387948282505,1.0337836155152482,6440,C_long
EURUSD,C,2025-01-20T00:15:00Z,sell,1.02828,1.0289768950485099,1.0261893148544707,6441,C_short
EURUSD,C,2025-01-21T03:00:00Z,buy,1.0399,1.038467784875459,1.044196645373623,6364,C_long
EURUSD,C,2025-01-21T13:30:00Z,buy,1.0372,1.036290908250411,1.0399272752487665,6372,C_long
EURUSD,C,2025-01-21T23:15:00Z,buy,1.0407,1.0396962501634683,1.0437112495095948,6366,C_long
EURUSD,C,2025-01-22T20:00:00Z,buy,1.04223,1.0417015057455652,1.0438154827633044,6375,C_long
EURUSD,C,2025-01-23T06:15:00Z,buy,1.04118,1.0408176132150846,1.0422671603547462,6377,C_long
EURUSD,C,2025-01-23T09:30:00Z,buy,1.04076,1.0400814939019363,1.0427955182941908,6377,C_long
EURUSD,C,2025-01-23T13:30:00Z,buy,1.04087,1.040058653652103,1.0433040390436907,6372,C_long
EURUSD,C,2025-01-23T16:15:00Z,buy,1.04087,1.0395843785550904,1.0447268643347285,6366,C_long
EURUSD,C,2025-01-27T08:00:00Z,buy,1.04715,1.046254190234999,1.0498374292950028,6351,C_long
EURUSD,C,2025-01-27T15:45:00Z,buy,1.04989,1.049005439855956,1.0525436804321318,6350,C_long
EURUSD,C,2025-01-27T20:30:00Z,buy,1.04936,1.0487863724061282,1.0510808827816158,6347,C_long
EURUSD,C,2025-01-28T15:30:00Z,sell,1.0431,1.0438209450897225,1.0409371647308323,6381,C_short
EURUSD,C,2025-01-29T07:00:00Z,sell,1.04339,1.0438081896520015,1.0421354310439956,6374,C_short
EURUSD,C,2025-01-29T19:00:00Z,sell,1.04045,1.0414518815216445,1.037444355435067,6400,C_short
EURUSD,C,2025-01-29T20:30:00Z,sell,1.04096,1.0422989979150055,1.036943006254984,6390,C_short
EURUSD,C,2025-01-30T04:30:00Z,sell,1.04195,1.0423305273477217,1.0408084179568347,6375,C_short
EURUSD,C,2025-01-30T09:00:00Z,sell,1.04095,1.0417361042271385,1.0385916873185848,6378,C_short
EURUSD,C,2025-01-30T17:00:00Z,sell,1.04125,1.0423736696252959,1.0378789911241124,6371,C_short
EURUSD,C,2025-01-30T20:30:00Z,sell,1.03888,1.0399255115238215,1.0357434654285356,6378,C_short
EURUSD,C,2025-01-31T08:15:00Z,sell,1.03911,1.0398734593645969,1.0368196219062094,6370,C_short
EURUSD,C,2025-01-31T13:30:00Z,sell,1.03806,1.038941303466663,1.0354160896000109,6390,C_short
EURUSD,C,2025-01-31T18:15:00Z,sell,1.03824,1.0400613647273043,1.0327759058180874,6383,C_short
EURUSD,C,2025-02-03T14:45:00Z,sell,1.02503,1.0262321560872432,1.021423531738271,6557,C_short
EURUSD,C,2025-02-04T04:45:00Z,sell,1.03057,1.031097581534456,1.0289872553966317,6513,C_short
EURUSD,C,2025-02-06T16:30:00Z,sell,1.0371,1.0378701490249471,1.0347895529251583,6481,C_short
EURUSD,C,2025-02-07T01:45:00Z,buy,1.03837,1.0379027945313861,1.0397716164058417,6468,C_long
EURUSD,C,2025-02-07T04:45:00Z,buy,1.0381,1.0377346715028175,1.0391959854915476,6466,C_long
EURUSD,C,2025-02-07T07:15:00Z,buy,1.03816,1.0377608152511186,1.039357554246644,6463,C_long
EURUSD,C,2025-02-07T14:15:00Z,buy,1.03814,1.0367199785967278,1.0424000642098168,6470,C_long
EURUSD,C,2025-02-10T05:30:00Z,sell,1.03189,1.0322796032829886,1.030721190151034,6500,C_short
EURUSD,C,2025-02-10T07:15:00Z,sell,1.03123,1.0317527413614611,1.029661775915617,6501,C_short
EURUSD,C,2025-02-10T11:45:00Z,sell,1.03205,1.0327015482938033,1.0300953551185896,6492,C_short
EURUSD,C,2025-02-11T05:15:00Z,sell,1.03035,1.0306456950353535,1.0294629148939398,6514,C_short
EURUSD,C,2025-02-11T07:00:00Z,sell,1.03027,1.030622050279434,1.0292138491616978,6513,C_short
EURUSD,C,2025-02-11T07:30:00Z,sell,1.03034,1.0307438066543304,1.029128580037009,6509,C_short
EURUSD,C,2025-02-12T15:30:00Z,buy,1.03774,1.0361283136501347,1.0425750590495964,6460,C_long
EURUSD,C,2025-02-12T16:30:00Z,buy,1.03689,1.035396021257511,1.0413719362274672,6455,C_long
EURUSD,C,2025-02-13T15:00:00Z,buy,1.04233,1.0409143791663993,1.046576862500802,6448,C_long
EURUSD,C,2025-02-13T19:00:00Z,buy,1.043,1.041090833258495,1.0487275002245149,6435,C_long
EURUSD,C,2025-02-14T12:15:00Z,buy,1.04687,1.0461549375678443,1.049015187296467,6445,C_long
EURUSD,C,2025-02-16T23:00:00Z,buy,1.0492,1.0487724110875603,1.0504827667373189,6443,C_long
EURUSD,C,2025-02-17T00:30:00Z,buy,1.04893,1.0484798566258775,1.0502804301223672,6442,C_long
EURUSD,C,2025-02-17T04:15:00Z,buy,1.04931,1.0488514157544038,1.0506857527367885,6447,C_long
EURUSD,C,2025-02-17T07:00:00Z,buy,1.04925,1.0487710305533389,1.0506869083399835,6444,C_long
EURUSD,C,2025-02-17T10:45:00Z,buy,1.04888,1.0482750663896938,1.0506948008309187,6443,C_long
EURUSD,C,2025-02-17T15:00:00Z,buy,1.04824,1.0476954327185275,1.0498737018444178,6442,C_long
EURUSD,C,2025-02-17T16:15:00Z,buy,1.04816,1.0476221484778405,1.0497735545664784,6439,C_long
EURUSD,C,2025-02-17T22:30:00Z,buy,1.04826,1.0478804536440962,1.0493986390677112,6435,C_long
EURUSD,C,2025-02-17T23:30:00Z,buy,1.04833,1.047902928721561,1.0496112138353166,6432,C_long
EURUSD,C,2025-02-18T07:45:00Z,sell,1.04635,1.0469808866829868,1.044457339951039,6440,C_short
EURUSD,C,2025-02-18T16:30:00Z,sell,1.04582,1.0464955919672925,1.0437932240981225,6455,C_short
EURUSD,C,2025-02-19T03:15:00Z,sell,1.04485,1.0451806764114189,1.0438579707657436,6472,C_short
EURUSD,C,2025-02-19T07:45:00Z,sell,1.04511,1.045575902264227,1.0437122932073188,6468,C_short
EURUSD,C,2025-02-19T08:15:00Z,sell,1.04486,1.045378566589575,1.0433043002312747,6467,C_short
EURUSD,C,2025-02-19T19:30:00Z,sell,1.04268,1.043394718074411,1.0405358457767673,6476,C_short
EURUSD,C,2025-02-20T04:15:00Z,sell,1.04263,1.0431359363210038,1.0411121910369885,6472,C_short
EURUSD,C,2025-02-20T06:45:00Z,sell,1.04247,1.0429403555954113,1.041058933213766,6469,C_short
EURUSD,C,2025-02-21T06:30:00Z,buy,1.04913,1.048721737257668,1.0503547882269955,6425,C_long
EURUSD,C,2025-02-21T14:30:00Z,buy,1.04785,1.0471492294472526,1.0499523116582419,6430,C_long
EURUSD,C,2025-02-23T22:00:00Z,buy,1.04665,1.046092386930096,1.0483228392097124,6432,C_long
EURUSD,C,2025-02-24T16:45:00Z,buy,1.04775,1.047080604552714,1.0497581863418581,6435,C_long
EURUSD,C,2025-02-24T17:15:00Z,buy,1.04766,1.0469596096418163,1.0497611710745511,6431,C_long
EURUSD,C,2025-02-25T07:00:00Z,sell,1.04705,1.0474980550655386,1.0457058348033843,6430,C_short
EURUSD,C,2025-02-25T07:30:00Z,sell,1.04689,1.0473973835825603,1.0453678492523195,6427,C_short
EURUSD,C,2025-02-25T08:15:00Z,sell,1.04673,1.0475808094017436,1.044177571794769,6425,C_short
EURUSD,C,2025-02-25T09:30:00Z,sell,1.04704,1.047804396793681,1.044746809618957,6417,C_short
EURUSD,C,2025-02-25T17:15:00Z,buy,1.0493,1.0483699376620956,1.0520901870137127,6398,C_long
EURUSD,C,2025-02-26T08:15:00Z,buy,1.0509,1.050222010327646,1.0529339690170616,6405,C_long
EURUSD,C,2025-02-26T08:45:00Z,buy,1.05024,1.0494755544238765,1.0525333367283707,6404,C_long
EURUSD,C,2025-02-26T11:00:00Z,buy,1.05006,1.0494292057231411,1.0519523828305766,6400,C_long
EURUSD,C,2025-02-26T15:15:00Z,buy,1.04952,1.0486721631281681,1.0520635106154956,6399,C_long
EURUSD,C,2025-02-26T23:30:00Z,sell,1.04904,1.0494405502225514,1.0478383493323455,6416,C_short
EURUSD,C,2025-02-27T08:15:00Z,sell,1.0471,1.0476411581274132,1.04547652561776,6435,C_short
EURUSD,C,2025-02-27T10:15:00Z,sell,1.04751,1.0480834482508123,1.0457896552475627,6429,C_short
EURUSD,C,2025-02-27T11:45:00Z,sell,1.04757,1.0481599585543422,1.045800124336973,6424,C_short
EURUSD,C,2025-02-27T12:45:00Z,sell,1.04763,1.048242090592999,1.0457937282210032,6419,C_short
EURUSD,C,2025-02-27T13:30:00Z,sell,1.04594,1.0468698201578723,1.0431505395263834,6425,C_short
EURUSD,C,2025-02-28T09:45:00Z,sell,1.03952,1.0401456831597815,1.0376429505206555,6481,C_short
EURUSD,C,2025-02-28T11:00:00Z,sell,1.03958,1.0402116708838778,1.0376849873483664,6477,C_short
EURUSD,C,2025-02-28T15:45:00Z,sell,1.03998,1.0409427600479721,1.0370917198560832,6470,C_short
EURUSD,C,2025-02-28T16:15:00Z,sell,1.04001,1.0409940286582549,1.0370579140252358,6463,C_short
EURUSD,C,2025-02-28T17:30:00Z,sell,1.03981,1.0409255697680453,1.0364632906958637,6458,C_short
EURUSD,C,2025-03-03T06:30:00Z,sell,1.04079,1.0412561476062323,1.0393915571813035,6471,C_short
EURUSD,C,2025-03-04T03:15:00Z,buy,1.04805,1.0474366251233045,1.0498901246300862,6434,C_long
EURUSD,C,2025-03-04T04:30:00Z,buy,1.04789,1.0473186394230876,1.0496040817307373,6431,C_long
EURUSD,C,2025-03-04T05:15:00Z,buy,1.0479,1.0472923913518588,1.0497228259444238,6427,C_long
EURUSD,C,2025-03-06T09:30:00Z,buy,1.0793,1.0779622795263852,1.083313161420844,6250,C_long
EURUSD,C,2025-03-06T17:15:00Z,buy,1.08097,1.0794957582767122,1.0853927251698634,6263,C_long
EURUSD,C,2025-03-07T02:00:00Z,buy,1.07942,1.078748867757296,1.081433396728112,6263,C_long
EURUSD,C,2025-03-07T19:45:00Z,buy,1.08425,1.0832146618459033,1.0873560144622898,6246,C_long
EURUSD,C,2025-03-09T22:00:00Z,buy,1.08558,1.0846423700676981,1.0883928897969055,6232,C_long
EURUSD,C,2025-03-10T09:15:00Z,buy,1.08401,1.0827323757532186,1.087842872740344,6235,C_long
EURUSD,C,2025-03-10T14:45:00Z,buy,1.0845,1.0833823283414203,1.087853014975739,6224,C_long
EURUSD,C,2025-03-10T17:30:00Z,buy,1.084,1.0830130223591148,1.086960932922656,6220,C_long
EURUSD,C,2025-03-10T22:00:00Z,buy,1.08372,1.0831845586299331,1.0853263241102007,6216,C_long
EURUSD,C,2025-03-11T06:15:00Z,buy,1.08613,1.0851646002333244,1.089026199300027,6210,C_long
EURUSD,C,2025-03-11T21:30:00Z,buy,1.09135,1.0906707781857916,1.0933876654426253,6196,C_long
EURUSD,C,2025-03-12T08:00:00Z,buy,1.09049,1.089717708079398,1.0928068757618057,6197,C_long
EURUSD,C,2025-03-12T14:30:00Z,buy,1.09024,1.0888013549358793,1.0945559351923626,6193,C_long
EURUSD,C,2025-03-13T02:00:00Z,buy,1.08958,1.0891265930765994,1.0909402207702017,6188,C_long
EURUSD,C,2025-03-13T04:45:00Z,buy,1.08933,1.088907243711428,1.0905982688657156,6187,C_long
EURUSD,C,2025-03-13T17:00:00Z,sell,1.08631,1.0874467880779637,1.0828996357661094,6201,C_short
EURUSD,C,2025-03-17T00:45:00Z,buy,1.08793,1.0874595000655003,1.0893414998034994,6185,C_long
EURUSD,C,2025-03-17T01:15:00Z,buy,1.08802,1.0875089133825313,1.089553259852406,6181,C_long
EURUSD,C,2025-03-17T06:00:00Z,buy,1.08814,1.087613058244781,1.0897208252656576,6177,C_long
EURUSD,C,2025-03-17T07:00:00Z,buy,1.08811,1.0875373188450208,1.0898280434649372,6174,C_long
EURUSD,C,2025-03-17T08:00:00Z,buy,1.08829,1.0875249758722498,1.0905850723832504,6169,C_long
EURUSD,C,2025-03-17T12:45:00Z,buy,1.09016,1.0891746573416032,1.0931160279751904,6170,C_long
EURUSD,C,2025-03-18T15:30:00Z,buy,1.09326,1.0918685229927643,1.0974344310217068,6169,C_long
EURUSD,C,2025-03-19T19:15:00Z,sell,1.08888,1.0902670039659192,1.0847189881022425,6185,C_short
EURUSD,C,2025-03-20T04:30:00Z,sell,1.09043,1.0908877916784014,1.0890566249647957,6168,C_short
EURUSD,C,2025-03-20T20:45:00Z,sell,1.08501,1.0854855534237546,1.0835833397287362,6206,C_short
EURUSD,C,2025-03-20T23:45:00Z,sell,1.08532,1.0856232390007303,1.0844102829978093,6201,C_short
EURUSD,C,2025-03-21T00:45:00Z,sell,1.08529,1.0856236519328368,1.0842890442014899,6199,C_short
EURUSD,C,2025-03-21T12:30:00Z,sell,1.08394,1.0848352598102795,1.081254220569161,6212,C_short
EURUSD,C,2025-03-24T01:15:00Z,sell,1.08256,1.0831242109466486,1.0808673671600542,6234,C_short
EURUSD,C,2025-03-24T02:45:00Z,sell,1.08248,1.0829781454428693,1.0809855636713925,6231,C_short
EURUSD,C,2025-03-24T11:45:00Z,sell,1.08323,1.0840268606764956,1.080839417970513,6223,C_short
EURUSD,C,2025-03-25T01:15:00Z,sell,1.08043,1.0808475535634197,1.079177339309741,6252,C_short
EURUSD,C,2025-03-25T04:30:00Z,sell,1.08036,1.0807904664737142,1.0790686005788572,6250,C_short
EURUSD,C,2025-03-25T14:00:00Z,sell,1.08054,1.081441495286853,1.0778355141394413,6256,C_short
EURUSD,C,2025-03-25T15:30:00Z,sell,1.08088,1.0817513758923711,1.0782658723228868,6248,C_short
EURUSD,C,2025-03-26T10:30:00Z,sell,1.07901,1.0796749150428488,1.0770152548714536,6273,C_short
EURUSD,C,2025-03-26T11:45:00Z,sell,1.07922,1.0798134566992652,1.0774396299022047,6268,C_short
EURUSD,C,2025-03-26T15:00:00Z,sell,1.07869,1.0795458167554761,1.0761225497335714,6280,C_short
EURUSD,C,2025-03-27T07:15:00Z,sell,1.07639,1.0771520818496207,1.0741037544511376,6308,C_short
EURUSD,C,2025-03-27T09:15:00Z,sell,1.07661,1.0775129861803692,1.0739010414588928,6302,C_short
EURUSD,C,2025-03-28T00:45:00Z,buy,1.07948,1.079045849205906,1.0807824523822818,6279,C_long
EURUSD,C,2025-03-28T02:45:00Z,buy,1.07944,1.0790199805375975,1.0807000583872073,6276,C_long
EURUSD,C,2025-03-28T07:15:00Z,buy,1.07992,1.079339576870698,1.0816612693879062,6270,C_long
EURUSD,C,2025-03-30T22:15:00Z,buy,1.08137,1.0806432549255782,1.083550235223265,6258,C_long
EURUSD,C,2025-03-31T07:45:00Z,buy,1.08313,1.0821336260609034,1.0861191218172896,6260,C_long
EURUSD,C,2025-03-31T11:00:00Z,buy,1.08255,1.0815718302528587,1.0854845092414234,6257,C_long
EURUSD,C,2025-03-31T11:30:00Z,buy,1.08264,1.081624130278814,1.0856876091635579,6250,C_long
EURUSD,C,2025-03-31T17:15:00Z,buy,1.0816,1.0805160593483158,1.084851821955052,6250,C_long
EURUSD,C,2025-04-01T08:45:00Z,buy,1.08176,1.0810241440496944,1.083967567850917,6242,C_long
EURUSD,C,2025-04-01T14:15:00Z,sell,1.07948,1.080705971441395,1.0758020856758153,6251,C_short
EURUSD,C,2025-04-01T15:30:00Z,sell,1.08006,1.0811663123942583,1.0767410628172251,6240,C_short
EURUSD,C,2025-04-02T20:45:00Z,buy,1.0849,1.0817060559333946,1.094481832199816,6205,C_long
EURUSD,C,2025-04-02T22:45:00Z,buy,1.08384,1.0816460200018851,1.0904219399943442,6198,C_long
EURUSD,C,2025-04-03T18:15:00Z,buy,1.10319,1.1016145475355754,1.1079163573932733,6126,C_long
EURUSD,C,2025-04-03T20:15:00Z,buy,1.10309,1.1020534083912237,1.1061997748263286,6117,C_long
EURUSD,C,2025-04-04T07:00:00Z,buy,1.10638,1.1050390932670582,1.1104027201988251,6115,C_long
EURUSD,C,2025-04-04T10:15:00Z,buy,1.10442,1.101979955390208,1.1117401338293755,6118,C_long
EURUSD,C,2025-04-07T00:00:00Z,sell,1.09516,1.0974531223727955,1.0882806328816133,6155,C_short
EURUSD,C,2025-04-07T01:45:00Z,sell,1.09676,1.0986171104110174,1.0911886687669476,6133,C_short
EURUSD,C,2025-04-07T08:30:00Z,buy,1.09863,1.0962940288748215,1.1056379133755354,6112,C_long
EURUSD,C,2025-04-07T10:15:00Z,buy,1.09849,1.0965094632271142,1.1044316103186573,6099,C_long
EURUSD,C,2025-04-07T13:00:00Z,sell,1.09712,1.099104915089216,1.0911652547323523,6095,C_short
EURUSD,C,2025-04-08T07:30:00Z,sell,1.09477,1.0963229420105045,1.0901111739684866,6141,C_short
EURUSD,C,2025-04-08T13:30:00Z,sell,1.09297,1.0946215157581394,1.0880154527255819,6142,C_short
EURUSD,C,2025-04-09T08:15:00Z,buy,1.10208,1.099948401252988,1.1084747962410355,6081,C_long
EURUSD,C,2025-04-09T14:45:00Z,buy,1.10404,1.1020279409648157,1.1100761771055525,6105,C_long
EURUSD,C,2025-04-10T01:30:00Z,sell,1.09798,1.0990560788223418,1.0947517635329744,6127,C_short
EURUSD,C,2025-04-10T06:00:00Z,sell,1.09693,1.0979489250863823,1.093873224740853,6126,C_short
EURUSD,C,2025-04-10T06:30:00Z,sell,1.09779,1.098976037064883,1.0942318888053515,6115,C_short
EURUSD,C,2025-04-11T15:30:00Z,buy,1.13382,1.1307107106636873,1.1431478680089382,5914,C_long
EURUSD,C,2025-04-11T19:15:00Z,buy,1.13344,1.1313104554013031,1.1398286337960906,5899,C_long
EURUSD,C,2025-04-13T22:15:00Z,buy,1.13429,1.1328363448605856,1.1386509654182433,5882,C_long
EURUSD,C,2025-04-13T23:30:00Z,buy,1.13393,1.1324608208754852,1.138337537373545,5876,C_long
EURUSD,C,2025-04-14T14:45:00Z,buy,1.13674,1.1347099848874007,1.1428300453377982,5884,C_long
EURUSD,C,2025-04-14T19:00:00Z,buy,1.13585,1.1344683319785063,1.1399950040644813,5877,C_long
EURUSD,C,2025-04-15T02:30:00Z,buy,1.13447,1.1335803294505795,1.1371390116482618,5877,C_long
EURUSD,C,2025-04-15T07:30:00Z,buy,1.13487,1.1333551522925742,1.1394145431222775,5870,C_long
EURUSD,C,2025-04-15T09:15:00Z,buy,1.13483,1.1332703821908992,1.1395088534273026,5862,C_long
EURUSD,C,2025-04-17T02:30:00Z,buy,1.13786,1.1369239014908934,1.1406682955273202,5838,C_long
EURUSD,C,2025-04-17T07:30:00Z,buy,1.13699,1.135873740065456,1.140338779803632,5837,C_long
EURUSD,C,2025-04-17T14:15:00Z,buy,1.13777,1.136224347108435,1.1424069586746948,5827,C_long
EURUSD,C,2025-04-17T15:15:00Z,buy,1.13747,1.1356911904743507,1.1428064285769477,5820,C_long
EURUSD,C,2025-04-17T18:45:00Z,buy,1.13733,1.1360821685776874,1.1410734942669376,5811,C_long
EURUSD,C,2025-04-17T21:15:00Z,buy,1.1368,1.1359750328954807,1.139274901313558,5807,C_long
EURUSD,C,2025-04-18T07:00:00Z,buy,1.13729,1.1365747997424014,1.1394356007727955,5800,C_long
EURUSD,C,2025-04-21T13:30:00Z,buy,1.15148,1.1499517505661545,1.1560647483015367,5739,C_long
EURUSD,C,2025-04-21T17:45:00Z,buy,1.15137,1.150240124756587,1.154759625730239,5731,C_long
EURUSD,C,2025-04-22T02:15:00Z,buy,1.15112,1.1501683805399412,1.153974858380176,5727,C_long
EURUSD,C,2025-04-23T07:30:00Z,sell,1.13923,1.1407097284974859,1.1347908145075423,5800,C_short
EURUSD,C,2025-04-23T10:15:00Z,sell,1.13973,1.1411079142356704,1.1355962572929885,5789,C_short
EURUSD,C,2025-04-23T13:15:00Z,sell,1.13978,1.1410209717817776,1.1360570846546671,5782,C_short
EURUSD,C,2025-04-24T03:00:00Z,sell,1.13445,1.135425403606029,1.131523789181913,5827,C_short
EURUSD,C,2025-04-24T15:00:00Z,sell,1.13673,1.1380434407971467,1.13278967760856,5810,C_short
EURUSD,C,2025-04-24T18:15:00Z,sell,1.13647,1.1374811545778503,1.1334365362664496,5804,C_short
EURUSD,C,2025-04-24T23:15:00Z,sell,1.13745,1.1381425748130862,1.1353722755607416,5794,C_short
EURUSD,C,2025-04-25T08:15:00Z,sell,1.135,1.1361039322624389,1.1316882032126834,5816,C_short
EURUSD,C,2025-04-25T11:45:00Z,sell,1.13492,1.1360361085767465,1.1315716742697601,5810,C_short
EURUSD,C,2025-04-25T19:45:00Z,sell,1.13592,1.136721447050107,1.133515658849679,5799,C_short
EURUSD,C,2025-04-28T06:30:00Z,sell,1.13457,1.1354538218369707,1.131918534489088,5801,C_short
EURUSD,C,2025-04-28T07:45:00Z,sell,1.13483,1.1360595529103727,1.1311413412688818,5795,C_short
EURUSD,C,2025-04-28T12:45:00Z,sell,1.13509,1.1361574504455063,1.1318876486634808,5787,C_short
EURUSD,C,2025-04-29T01:00:00Z,buy,1.14065,1.139939736488269,1.1427807905351925,5753,C_long
EURUSD,C,2025-04-29T02:00:00Z,buy,1.1419,1.1408699236314361,1.1449902291056913,5742,C_long
EURUSD,C,2025-04-29T07:00:00Z,buy,1.13993,1.1390555888261245,1.142553233521627,5747,C_long
EURUSD,C,2025-04-29T08:15:00Z,buy,1.13959,1.138435574679201,1.1430532759623975,5743,C_long
EURUSD,C,2025-04-29T09:15:00Z,buy,1.1396,1.1385318289069166,1.14280451327925,5737,C_long
EURUSD,C,2025-04-29T12:30:00Z,buy,1.14036,1.1392362693694948,1.1437311918915156,5727,C_long
EURUSD,C,2025-04-29T15:00:00Z,buy,1.13949,1.1378905474612906,1.1442883576161278,5726,C_long
EURUSD,C,2025-04-29T22:15:00Z,buy,1.13952,1.138775092411451,1.1417547227656473,5717,C_long
EURUSD,C,2025-04-29T22:45:00Z,buy,1.13914,1.1383960471890455,1.1413718584328636,5715,C_long
EURUSD,C,2025-04-30T06:00:00Z,sell,1.13732,1.1380996995572326,1.1349809013283028,5719,C_short
EURUSD,C,2025-04-30T07:15:00Z,sell,1.13803,1.1390096492743422,1.1350910521769737,5711,C_short
EURUSD,C,2025-05-01T09:00:00Z,sell,1.13167,1.132632726167471,1.128781821497587,5758,C_short
EURUSD,C,2025-05-01T12:00:00Z,sell,1.13137,1.132398103257369,1.1282856902278933,5754,C_short
EURUSD,C,2025-05-01T13:30:00Z,sell,1.13163,1.1327058948113555,1.128402315565933,5747,C_short
EURUSD,C,2025-05-01T22:45:00Z,sell,1.12946,1.1300184270841394,1.1277847187475816,5773,C_short
EURUSD,C,2025-05-02T12:45:00Z,sell,1.13185,1.1333375110613202,1.1273874668160395,5769,C_short
EURUSD,C,2025-05-02T16:00:00Z,buy,1.13372,1.1320802939248316,1.1386391182255056,5752,C_long
EURUSD,C,2025-05-05T08:30:00Z,buy,1.13272,1.1317556532972357,1.1356130401082927,5748,C_long
EURUSD,C,2025-05-06T02:30:00Z,sell,1.13064,1.1315452946093756,1.1279241161718736,5773,C_short
EURUSD,C,2025-05-06T09:15:00Z,sell,1.13173,1.1328410611375843,1.1283968165872467,5762,C_short
EURUSD,C,2025-05-06T16:15:00Z,buy,1.1349,1.1335842192068428,1.1388473423794716,5740,C_long
EURUSD,C,2025-05-07T00:00:00Z,buy,1.13499,1.1338887451114095,1.1382937646657714,5733,C_long
EURUSD,C,2025-05-07T01:00:00Z,buy,1.13503,1.133647851242014,1.1391764462739578,5726,C_long
EURUSD,C,2025-05-07T04:00:00Z,buy,1.13512,1.1341267168951434,1.1380998493145693,5718,C_long
EURUSD,C,2025-05-07T18:00:00Z,buy,1.13573,1.1345283267991177,1.1393350196026464,5710,C_long
EURUSD,C,2025-05-08T02:00:00Z,sell,1.13228,1.1334041990203296,1.128907402939011,5720,C_short
EURUSD,C,2025-05-08T02:45:00Z,sell,1.13225,1.133277480073382,1.1291675597798538,5715,C_short
EURUSD,C,2025-05-08T04:30:00Z,sell,1.13234,1.1331563615440579,1.129890915367826,5709,C_short
EURUSD,C,2025-05-08T12:45:00Z,sell,1.12995,1.1313001776335205,1.1258994670994384,5732,C_short
EURUSD,C,2025-05-08T14:15:00Z,sell,1.12936,1.1308002315687748,1.1250393052936751,5728,C_short
EURUSD,C,2025-05-09T17:00:00Z,sell,1.1254,1.126298963969541,1.1227031080913765,5770,C_short
EURUSD,C,2025-05-09T19:15:00Z,sell,1.12498,1.12562432681824,1.1230470195452804,5767,C_short
EURUSD,C,2025-05-09T20:00:00Z,sell,1.12525,1.1258664995613847,1.1234005013158461,5762,C_short
EURUSD,C,2025-05-13T00:15:00Z,sell,1.10999,1.110629732937778,1.1080708011866665,5872,C_short
EURUSD,C,2025-05-13T01:00:00Z,sell,1.11031,1.110965162448681,1.1083445126539568,5867,C_short
EURUSD,C,2025-05-13T02:15:00Z,sell,1.11007,1.1107232430631218,1.1081102708106343,5864,C_short
EURUSD,C,2025-05-13T06:00:00Z,sell,1.11062,1.1113221224715744,1.1085136325852767,5857,C_short
EURUSD,C,2025-05-13T07:00:00Z,sell,1.11066,1.1115301384673706,1.1080495845978882,5853,C_short
EURUSD,C,2025-05-13T08:15:00Z,sell,1.11071,1.1117440153704896,1.1076079538885315,5848,C_short
EURUSD,C,2025-05-14T07:15:00Z,buy,1.1192,1.118183111694245,1.1222506649172652,5797,C_long
EURUSD,C,2025-05-15T00:45:00Z,buy,1.11911,1.1184626758084562,1.1210519725746317,5813,C_long
EURUSD,C,2025-05-15T12:30:00Z,buy,1.12016,1.1190795973937473,1.1234012078187583,5817,C_long
EURUSD,C,2025-05-16T08:15:00Z,buy,1.12021,1.119464684232087,1.1224459473037387,5810,C_long
EURUSD,C,2025-05-16T11:00:00Z,buy,1.12042,1.1196051214488802,1.1228646356533591,5805,C_long
EURUSD,C,2025-05-16T13:45:00Z,buy,1.11998,1.1191437255548045,1.1224888233355865,5803,C_long
EURUSD,C,2025-05-19T01:45:00Z,sell,1.11759,1.1185504270255924,1.1147087189232232,5810,C_short
EURUSD,C,2025-05-19T19:00:00Z,buy,1.12365,1.1229594270191883,1.1257217189424353,5773,C_long
EURUSD,C,2025-05-20T01:00:00Z,buy,1.12382,1.1232457998134031,1.1255426005597908,5768,C_long
EURUSD,C,2025-05-20T03:00:00Z,buy,1.12417,1.1233033891661681,1.1267698325014952,5763,C_long
EURUSD,C,2025-05-20T13:45:00Z,buy,1.12456,1.123621943450589,1.1273741696482331,5774,C_long
EURUSD,C,2025-05-21T12:45:00Z,buy,1.13344,1.1323137166580814,1.1368188500257557,5742,C_long
EURUSD,C,2025-05-21T23:45:00Z,buy,1.13318,1.1325520505747577,1.1350638482757271,5737,C_long
EURUSD,C,2025-05-22T01:15:00Z,buy,1.13373,1.1329087653146948,1.1361937040559154,5731,C_long
EURUSD,C,2025-05-22T04:45:00Z,buy,1.13331,1.1326923088967704,1.135163073309689,5728,C_long
EURUSD,C,2025-05-22T05:45:00Z,buy,1.13332,1.132691034951124,1.135206895146628,5725,C_long
EURUSD,C,2025-05-22T08:00:00Z,buy,1.13323,1.1318960648131648,1.1372318055605053,5722,C_long
EURUSD,C,2025-05-23T12:15:00Z,buy,1.13253,1.1303902868429465,1.1389491394711606,5718,C_long
EURUSD,C,2025-05-26T08:00:00Z,buy,1.13936,1.1385330209108055,1.141840937267583,5715,C_long
EURUSD,C,2025-05-26T08:30:00Z,buy,1.13913,1.1382833357063384,1.1416699928809846,5711,C_long
EURUSD,C,2025-05-26T14:45:00Z,buy,1.1384,1.1378156305830098,1.1401531082509708,5710,C_long
EURUSD,C,2025-05-26T16:45:00Z,buy,1.13831,1.1378685297813902,1.1396344106558292,5707,C_long
EURUSD,C,2025-05-26T19:15:00Z,buy,1.13829,1.1380215201393487,1.1390954395819541,5705,C_long
EURUSD,C,2025-05-26T21:15:00Z,buy,1.13839,1.1380642767433693,1.1393671697698922,5702,C_long
EURUSD,C,2025-05-27T13:45:00Z,sell,1.1358,1.1367075359552195,1.1330773921343413,5720,C_short
EURUSD,C,2025-05-28T00:45:00Z,sell,1.13344,1.1339157231602262,1.1320128305193216,5745,C_short
EURUSD,C,2025-05-28T08:15:00Z,sell,1.13208,1.132945164939555,1.129484505181335,5758,C_short
EURUSD,C,2025-05-28T11:00:00Z,sell,1.13226,1.1330028836970738,1.1300313489087788,5752,C_short
EURUSD,C,2025-05-28T14:45:00Z,sell,1.13021,1.1314339980890076,1.126538005732977,5774,C_short
EURUSD,C,2025-05-29T08:15:00Z,sell,1.12636,1.1273042199487462,1.1235273401537615,5811,C_short
EURUSD,C,2025-05-29T11:45:00Z,sell,1.12709,1.1280061584125105,1.1243415247624682,5802,C_short
EURUSD,C,2025-05-30T12:00:00Z,buy,1.13478,1.1337771863337076,1.1377884409988768,5758,C_long
EURUSD,C,2025-05-30T14:45:00Z,buy,1.1352,1.1336093145394601,1.1399720563816196,5750,C_long
EURUSD,C,2025-06-03T01:30:00Z,buy,1.14346,1.142849605599944,1.1452911832001678,5732,C_long
EURUSD,C,2025-06-03T06:15:00Z,buy,1.14289,1.142109007872049,1.1452329763838527,5731,C_long
EURUSD,C,2025-06-03T06:45:00Z,buy,1.14286,1.14205383257945,1.1452785022616498,5727,C_long
EURUSD,C,2025-06-03T07:15:00Z,buy,1.14292,1.1420861231374537,1.1454216305876386,5722,C_long
EURUSD,C,2025-06-04T01:00:00Z,sell,1.13793,1.1385173195558023,1.1361680413325936,5742,C_short
EURUSD,C,2025-06-04T02:15:00Z,sell,1.13811,1.1387433443685036,1.1362099668944892,5738,C_short
EURUSD,C,2025-06-04T10:15:00Z,sell,1.13782,1.1385375810021408,1.135667256993578,5748,C_short
EURUSD,C,2025-06-04T11:30:00Z,sell,1.13813,1.1387319487118062,1.1363241538645819,5743,C_short
EURUSD,C,2025-06-05T02:30:00Z,buy,1.14165,1.1410039965521688,1.1435880103434939,5721,C_long
EURUSD,C,2025-06-05T06:00:00Z,buy,1.14169,1.1410374144327193,1.1436477567018424,5717,C_long
EURUSD,C,2025-06-05T07:00:00Z,buy,1.1419,1.141138358984946,1.1441849230451617,5713,C_long
EURUSD,C,2025-06-05T08:00:00Z,buy,1.14168,1.1408991030314874,1.1440226909055378,5709,C_long
EURUSD,C,2025-06-05T09:00:00Z,buy,1.14197,1.1411878398356998,1.1443164804929002,5703,C_long
EURUSD,C,2025-06-05T09:45:00Z,buy,1.14185,1.1411048723315653,1.1440853830053042,5700,C_long
EURUSD,C,2025-06-05T17:45:00Z,buy,1.14429,1.1431914952579156,1.1475855142262532,5698,C_long
EURUSD,C,2025-06-05T18:45:00Z,buy,1.1442,1.1432406496012115,1.1470780511963659,5693,C_long
EURUSD,C,2025-06-09T00:00:00Z,sell,1.14012,1.140603992465749,1.1386680226027532,5708,C_short
EURUSD,C,2025-06-09T10:45:00Z,buy,1.14194,1.1412609467870318,1.1439771596389043,5696,C_long
EURUSD,C,2025-06-09T21:30:00Z,buy,1.14192,1.1415744814039592,1.1429565557881225,5692,C_long
EURUSD,C,2025-06-10T15:45:00Z,buy,1.14223,1.141458979606775,1.1445430611796756,5695,C_long
EURUSD,C,2025-06-11T05:45:00Z,buy,1.14221,1.141779768231714,1.143500695304858,5691,C_long
EURUSD,C,2025-06-11T07:45:00Z,buy,1.14195,1.1412159620547089,1.1441521138358735,5690,C_long
EURUSD,C,2025-06-13T00:15:00Z,buy,1.15819,1.156823492808001,1.1622895215759972,5620,C_long
EURUSD,C,2025-06-13T07:00:00Z,buy,1.15545,1.1539123527673112,1.1600629416980668,5626,C_long
EURUSD,C,2025-06-13T14:00:00Z,buy,1.154,1.1527152012956217,1.1578543961131347,5626,C_long
EURUSD,C,2025-06-15T22:45:00Z,buy,1.15404,1.1531470835545121,1.1567187493364635,5619,C_long
EURUSD,C,2025-06-15T23:30:00Z,buy,1.15385,1.1529707237242262,1.1564878288273217,5615,C_long
EURUSD,C,2025-06-16T04:45:00Z,buy,1.15358,1.1529752449889314,1.1553942650332059,5611,C_long
EURUSD,C,2025-06-16T17:15:00Z,buy,1.15777,1.1569345134991331,1.1602764595026005,5599,C_long
EURUSD,C,2025-06-17T03:15:00Z,buy,1.15613,1.155494590743951,1.1580362277681477,5603,C_long
EURUSD,C,2025-06-17T06:00:00Z,buy,1.15616,1.1555277020315395,1.1580568939053817,5599,C_long
EURUSD,C,2025-06-17T10:00:00Z,buy,1.15611,1.155343920669251,1.1584082379922467,5595,C_long
EURUSD,C,2025-06-17T13:30:00Z,buy,1.15621,1.1552194078467675,1.1591817764596974,5591,C_long
EURUSD,C,2025-06-18T03:45:00Z,sell,1.14997,1.15049798001927,1.1483860599421896,5616,C_short
EURUSD,C,2025-06-18T08:15:00Z,sell,1.15037,1.151091444611191,1.1482056661664264,5611,C_short
EURUSD,C,2025-06-18T13:15:00Z,sell,1.1501,1.1508965269932385,1.147710419020284,5608,C_short
EURUSD,C,2025-06-18T14:15:00Z,sell,1.15019,1.1515195709126695,1.1462012872619916,5604,C_short
EURUSD,C,2025-06-18T16:30:00Z,sell,1.15066,1.1516962427364479,1.1475512717906564,5594,C_short
EURUSD,C,2025-06-18T18:30:00Z,sell,1.14975,1.1511052083828446,1.1456843748514665,5593,C_short
EURUSD,C,2025-06-19T07:45:00Z,sell,1.14614,1.147054864035865,1.1433954078924045,5630,C_short
EURUSD,C,2025-06-19T12:00:00Z,sell,1.14723,1.1480840843194662,1.1446677470416013,5619,C_short
EURUSD,C,2025-06-19T13:30:00Z,sell,1.14732,1.1481631225872118,1.1447906322383643,5614,C_short
EURUSD,C,2025-06-19T14:15:00Z,sell,1.14666,1.1475923734293643,1.1438628797119073,5613,C_short
EURUSD,C,2025-06-20T11:45:00Z,buy,1.15211,1.1513879616699234,1.1542761149902296,5581,C_long
EURUSD,C,2025-06-20T12:30:00Z,buy,1.15182,1.1509844094189103,1.1543267717432693,5579,C_long
EURUSD,C,2025-06-20T13:15:00Z,buy,1.15183,1.1509734511091394,1.1543996466725814,5574,C_long
EURUSD,C,2025-06-20T13:45:00Z,buy,1.15182,1.1508937921664204,1.154598623500739,5570,C_long
EURUSD,C,2025-06-20T15:00:00Z,buy,1.15205,1.1508643680722261,1.1556068957833217,5564,C_long
EURUSD,C,2025-06-23T02:45:00Z,sell,1.14994,1.150823689250162,1.147288932249514,5545,C_short
EURUSD,C,2025-06-23T07:00:00Z,sell,1.15008,1.1510318833423205,1.1472243499730383,5539,C_short
EURUSD,C,2025-06-24T14:00:00Z,buy,1.16069,1.1596565908979113,1.1637902273062661,5502,C_long
EURUSD,C,2025-06-24T20:15:00Z,buy,1.16119,1.160594757370556,1.162975727888332,5513,C_long
EURUSD,C,2025-06-24T23:00:00Z,buy,1.16102,1.1605834584141415,1.1623296247575754,5511,C_long
EURUSD,C,2025-06-25T05:30:00Z,buy,1.16179,1.1612746401418195,1.163336079574542,5513,C_long
EURUSD,C,2025-06-25T11:00:00Z,buy,1.16116,1.1604146309048955,1.1633961072853134,5513,C_long
EURUSD,C,2025-06-25T14:00:00Z,buy,1.16064,1.1598222950557766,1.1630931148326697,5511,C_long
EURUSD,C,2025-06-26T12:00:00Z,buy,1.16972,1.1687053266547929,1.1727640200356217,5479,C_long
EURUSD,C,2025-06-26T19:30:00Z,buy,1.17108,1.170279965674692,1.1734801029759234,5486,C_long
EURUSD,C,2025-06-27T01:45:00Z,buy,1.17011,1.1693460989761078,1.1724017030716767,5487,C_long
EURUSD,C,2025-06-27T03:00:00Z,buy,1.1705,1.1697159337838827,1.1728521986483522,5481,C_long
EURUSD,C,2025-06-27T06:15:00Z,buy,1.17007,1.1693353863528029,1.1722738409415911,5479,C_long
EURUSD,C,2025-06-27T10:30:00Z,buy,1.17042,1.1696465136240324,1.172740459127903,5487,C_long
EURUSD,C,2025-06-27T20:15:00Z,buy,1.17133,1.1705779940051684,1.1735860179844948,5493,C_long
EURUSD,C,2025-06-30T01:00:00Z,buy,1.17188,1.171273529708875,1.1736994108733751,5501,C_long
EURUSD,C,2025-06-30T04:30:00Z,buy,1.17245,1.1717990655083552,1.1744028034749343,5495,C_long
EURUSD,C,2025-06-30T08:45:00Z,buy,1.17294,1.1719884878026259,1.1757945365921227,5501,C_long
EURUSD,C,2025-06-30T10:45:00Z,buy,1.17245,1.171667877757189,1.1747963667284331,5498,C_long
EURUSD,C,2025-06-30T14:00:00Z,buy,1.17241,1.1715771155225356,1.174908653432393,5495,C_long
EURUSD,C,2025-07-01T06:15:00Z,buy,1.17818,1.1775668548816307,1.180019435355108,5479,C_long
EURUSD,C,2025-07-01T07:00:00Z,buy,1.17842,1.177632965977761,1.1807811020667174,5474,C_long
EURUSD,C,2025-07-01T08:15:00Z,buy,1.17883,1.177973569220452,1.181399292338644,5468,C_long
EURUSD,C,2025-07-01T19:00:00Z,buy,1.17896,1.178208631312894,1.1812141060613177,5479,C_long
EURUSD,C,2025-07-02T15:00:00Z,buy,1.17778,1.1763484266480695,1.1820747200557917,5481,C_long
EURUSD,C,2025-07-04T01:30:00Z,sell,1.17586,1.1763718143972204,1.1743245568083385,5483,C_short
EURUSD,C,2025-07-04T07:45:00Z,sell,1.17696,1.177603339195298,1.175029982414106,5475,C_short
EURUSD,C,2025-07-04T08:15:00Z,sell,1.17696,1.177674863662246,1.1748154090132619,5471,C_short
EURUSD,C,2025-07-04T11:45:00Z,sell,1.17687,1.1774299700450561,1.175190089864832,5468,C_short
EURUSD,C,2025-07-04T17:00:00Z,buy,1.17751,1.1770050345413743,1.1790248963758774,5462,C_long
EURUSD,C,2025-07-08T05:45:00Z,sell,1.17346,1.1740041032525312,1.171827690242406,5478,C_short
EURUSD,C,2025-07-08T09:30:00Z,sell,1.17413,1.1747675412906275,1.172217376128117,5472,C_short
EURUSD,C,2025-07-08T19:30:00Z,sell,1.17198,1.1726731069884273,1.1699006790347182,5490,C_short
EURUSD,C,2025-07-08T21:00:00Z,sell,1.172,1.1726294758355844,1.1701115724932465,5487,C_short
EURUSD,C,2025-07-09T00:00:00Z,sell,1.1722,1.1726327130870677,1.1709018607387964,5482,C_short
EURUSD,C,2025-07-09T05:45:00Z,sell,1.17166,1.1721975222792456,1.170047433162263,5490,C_short
EURUSD,C,2025-07-09T07:30:00Z,sell,1.17102,1.1718086252806268,1.1686541241581194,5490,C_short
EURUSD,C,2025-07-09T08:45:00Z,sell,1.17133,1.172134130036306,1.168917609891082,5485,C_short
EURUSD,C,2025-07-09T13:30:00Z,sell,1.17095,1.17190785040473,1.1680764487858097,5482,C_short
EURUSD,C,2025-07-09T15:00:00Z,sell,1.17097,1.171852626262756,1.1683221212117323,5477,C_short
EURUSD,C,2025-07-10T07:45:00Z,buy,1.17331,1.1727100589325985,1.1751098232022048,5462,C_long
EURUSD,C,2025-07-10T09:15:00Z,buy,1.17315,1.1726922979736754,1.1745231060789736,5459,C_long
EURUSD,C,2025-07-11T00:00:00Z,sell,1.16938,1.1698736685396705,1.167898994380989,5474,C_short
EURUSD,C,2025-07-11T08:15:00Z,sell,1.16857,1.16932445431695,1.1663066370491502,5484,C_short
EURUSD,C,2025-07-11T11:45:00Z,sell,1.16878,1.1695424190019104,1.1664927429942686,5479,C_short
EURUSD,C,2025-07-11T13:45:00Z,sell,1.16886,1.1699172250638799,1.1656883248083605,5475,C_short
EURUSD,C,2025-07-11T18:00:00Z,sell,1.16904,1.1697177289112097,1.1670068132663711,5469,C_short
EURUSD,C,2025-07-14T01:45:00Z,sell,1.16846,1.1691312011304182,1.1664463966087455,5482,C_short
EURUSD,C,2025-07-14T12:30:00Z,sell,1.16828,1.1688106081741279,1.1666881754776164,5492,C_short
EURUSD,C,2025-07-14T14:45:00Z,sell,1.16833,1.1690530391002172,1.1661608826993488,5489,C_short
EURUSD,C,2025-07-14T15:45:00Z,sell,1.1671,1.1680827030072356,1.1641518909782933,5491,C_short
EURUSD,C,2025-07-15T11:00:00Z,sell,1.16774,1.16834704267982,1.1659188719605402,5483,C_short
EURUSD,C,2025-07-15T13:00:00Z,sell,1.16706,1.1681385884122024,1.1638242347633927,5483,C_short
EURUSD,C,2025-07-16T07:30:00Z,sell,1.16159,1.162136505977365,1.1599504820679047,5523,C_short
EURUSD,C,2025-07-16T09:45:00Z,sell,1.16154,1.1620798845438385,1.1599203463684846,5520,C_short
EURUSD,C,2025-07-17T00:15:00Z,sell,1.16275,1.1632503101560117,1.1612490695319648,5512,C_short
EURUSD,C,2025-07-17T15:45:00Z,sell,1.15962,1.1605210697024049,1.1569167908927858,5533,C_short
EURUSD,C,2025-07-20T21:30:00Z,buy,1.1632,1.1626100986664334,1.1649697040006999,5511,C_long
EURUSD,C,2025-07-21T00:00:00Z,buy,1.16359,1.1630299443798016,1.165270166860595,5506,C_long
EURUSD,C,2025-07-21T04:30:00Z,buy,1.16277,1.1623855616521537,1.1639233150435393,5506,C_long
EURUSD,C,2025-07-22T01:45:00Z,buy,1.16879,1.1682806911753667,1.1703179264738999,5483,C_long
EURUSD,C,2025-07-22T08:00:00Z,buy,1.16893,1.1682986930012416,1.1708239209962754,5479,C_long
EURUSD,C,2025-07-22T13:30:00Z,buy,1.16989,1.1689166368907422,1.1728100893277738,5483,C_long
EURUSD,C,2025-07-23T00:15:00Z,buy,1.17424,1.1736911079458965,1.1758866761623104,5476,C_long
EURUSD,C,2025-07-23T01:45:00Z,buy,1.1737,1.1729833614339182,1.1758499156982452,5475,C_long
EURUSD,C,2025-07-23T06:45:00Z,buy,1.17422,1.1736299770364729,1.1759900688905816,5469,C_long
EURUSD,C,2025-07-23T14:30:00Z,buy,1.17336,1.17247465931431,1.1760160220570697,5470,C_long
EURUSD,C,2025-07-23T15:45:00Z,buy,1.17466,1.1733579383319022,1.1785661850042937,5459,C_long
EURUSD,C,2025-07-24T13:15:00Z,buy,1.17691,1.175647013553825,1.1806989593385244,5442,C_long
EURUSD,C,2025-07-24T15:15:00Z,buy,1.17754,1.1759853832763967,1.18220385017081,5433,C_long
EURUSD,C,2025-07-24T16:30:00Z,buy,1.17655,1.1753076633058017,1.1802770100825948,5430,C_long
EURUSD,C,2025-07-25T00:30:00Z,buy,1.17575,1.1752808750327792,1.1771573749016626,5427,C_long
EURUSD,C,2025-07-25T06:15:00Z,buy,1.17491,1.1743270307877551,1.1766589076367342,5429,C_long
EURUSD,C,2025-07-25T15:30:00Z,sell,1.17282,1.1738834669287617,1.169629599213715,5435,C_short
EURUSD,C,2025-07-28T02:15:00Z,buy,1.17507,1.1743400034709044,1.177259989587287,5419,C_long
EURUSD,C,2025-07-29T09:45:00Z,sell,1.15766,1.1587389526899283,1.1544231419302147,5497,C_short
EURUSD,C,2025-07-29T10:30:00Z,sell,1.15786,1.158888473795488,1.1547745786135353,5490,C_short
EURUSD,C,2025-07-29T19:45:00Z,sell,1.15498,1.1556214665867444,1.1530556002397665,5518,C_short
EURUSD,C,2025-07-30T04:00:00Z,sell,1.15545,1.1560172515376244,1.1537482453871273,5512,C_short
EURUSD,C,2025-07-30T07:30:00Z,sell,1.1555,1.156311402096657,1.153065793710029,5509,C_short
EURUSD,C,2025-07-31T05:30:00Z,sell,1.14364,1.1443630726834586,1.1414707819496241,5577,C_short
EURUSD,C,2025-07-31T07:15:00Z,sell,1.14394,1.1449226018370384,1.1409921944888846,5572,C_short
EURUSD,C,2025-07-31T08:30:00Z,sell,1.144,1.145020710352434,1.1409378689426979,5566,C_short
EURUSD,C,2025-07-31T09:15:00Z,sell,1.1439,1.1449329779686805,1.140801066093958,5561,C_short
EURUSD,C,2025-07-31T12:15:00Z,sell,1.1437,1.1446809054630587,1.1407572836108237,5557,C_short
EURUSD,C,2025-07-31T15:15:00Z,sell,1.14348,1.1446740172293761,1.1398979483118719,5571,C_short
EURUSD,C,2025-08-01T11:15:00Z,sell,1.14117,1.142054169208197,1.1385174923754093,5599,C_short
EURUSD,C,2025-08-04T07:45:00Z,buy,1.15636,1.1553212655393987,1.159476203381804,5521,C_long
EURUSD,C,2025-08-04T09:00:00Z,buy,1.15684,1.1557969596654092,1.1599691210037728,5513,C_long
EURUSD,C,2025-08-04T10:45:00Z,buy,1.15739,1.1563922727259375,1.1603831818221872,5505,C_long
EURUSD,C,2025-08-04T12:15:00Z,buy,1.15838,1.1572793671193644,1.1616818986419066,5496,C_long
EURUSD,C,2025-08-04T15:00:00Z,buy,1.15723,1.155877934375602,1.1612861968731938,5495,C_long
EURUSD,C,2025-08-04T16:45:00Z,buy,1.1572,1.1560889253140623,1.1605332240578132,5489,C_long
EURUSD,C,2025-08-05T13:15:00Z,buy,1.15509,1.1541302455284306,1.157969263414708,5493,C_long
EURUSD,C,2025-08-05T14:30:00Z,buy,1.15582,1.1545087281026998,1.159753815691901,5484,C_long
EURUSD,C,2025-08-07T10:30:00Z,buy,1.16665,1.1659591436347918,1.1687225690956244,5451,C_long
EURUSD,C,2025-08-07T19:30:00Z,buy,1.16542,1.1644574636831886,1.1683076089504338,5454,C_long
EURUSD,C,2025-08-08T07:30:00Z,buy,1.16597,1.165317429132691,1.1679277126019265,5446,C_long
EURUSD,C,2025-08-08T12:15:00Z,buy,1.16497,1.1642557562186138,1.167112731344159,5447,C_long
EURUSD,C,2025-08-08T13:00:00Z,buy,1.16516,1.164336884862902,1.1676293454112936,5442,C_long
EURUSD,C,2025-08-11T01:15:00Z,buy,1.16509,1.1646631549104947,1.1663705352685159,5438,C_long
EURUSD,C,2025-08-12T00:45:00Z,sell,1.16151,1.1619098457939425,1.1603104626181726,5461,C_short
EURUSD,C,2025-08-12T01:15:00Z,sell,1.16156,1.1619966841741167,1.1602499474776495,5458,C_short
EURUSD,C,2025-08-12T05:15:00Z,sell,1.16184,1.162349121090081,1.1603126367297572,5454,C_short
EURUSD,C,2025-08-12T08:00:00Z,sell,1.16176,1.1623897394367122,1.159870781689863,5452,C_short
EURUSD,C,2025-08-13T13:15:00Z,buy,1.17017,1.1693562698771476,1.172611190368557,5421,C_long
EURUSD,C,2025-08-14T10:15:00Z,buy,1.16952,1.1687570394231697,1.1718088817304906,5420,C_long
EURUSD,C,2025-08-15T01:45:00Z,sell,1.16527,1.1657458147609725,1.1638425557170826,5436,C_short
EURUSD,C,2025-08-18T01:45:00Z,buy,1.1703,1.1697788059710275,1.1718635820869172,5410,C_long
EURUSD,C,2025-08-18T02:45:00Z,buy,1.17012,1.1696669656758225,1.1714791029725327,5407,C_long
EURUSD,C,2025-08-18T22:15:00Z,sell,1.16684,1.1673467191496696,1.1653198425509916,5420,C_short
EURUSD,C,2025-08-19T05:45:00Z,sell,1.16551,1.1660219462252148,1.1639741613243557,5433,C_short
EURUSD,C,2025-08-19T13:00:00Z,sell,1.16717,1.167851784138952,1.1651246475831443,5422,C_short
EURUSD,C,2025-08-20T08:15:00Z,sell,1.16365,1.164356399043975,1.1615308028680755,5448,C_short
EURUSD,C,2025-08-20T11:45:00Z,sell,1.16417,1.1648017779639177,1.1622746661082466,5441,C_short
EURUSD,C,2025-08-20T15:45:00Z,sell,1.16479,1.1656432593393364,1.1622302219819907,5435,C_short
EURUSD,C,2025-08-20T19:45:00Z,sell,1.16527,1.1658623893762798,1.1634928318711606,5428,C_short
EURUSD,C,2025-08-21T10:30:00Z,sell,1.16486,1.1654370734979997,1.1631287795060008,5438,C_short
EURUSD,C,2025-08-21T11:15:00Z,sell,1.16496,1.165567683103735,1.1631369506887952,5434,C_short
EURUSD,C,2025-08-22T11:15:00Z,sell,1.15969,1.1602462710455363,1.1580211868633914,5456,C_short
EURUSD,C,2025-08-22T13:45:00Z,sell,1.15996,1.1606428911555575,1.1579113265333278,5452,C_short
EURUSD,C,2025-08-25T02:15:00Z,buy,1.16965,1.1692225507063205,1.1709323478810387,5403,C_long
EURUSD,C,2025-08-25T08:00:00Z,buy,1.17027,1.1695627342207058,1.1723917973378823,5405,C_long
EURUSD,C,2025-08-25T11:45:00Z,buy,1.17024,1.169633378868633,1.1720598633941006,5402,C_long
EURUSD,C,2025-08-25T12:45:00Z,buy,1.16998,1.1693991631381142,1.1717225105856575,5400,C_long
EURUSD,C,2025-08-26T01:00:00Z,sell,1.16394,1.165024317413508,1.160687047759476,5425,C_short
EURUSD,C,2025-08-26T17:30:00Z,sell,1.1645,1.1651664356982818,1.162500692905155,5436,C_short
EURUSD,C,2025-08-28T06:00:00Z,buy,1.16418,1.1637608397635781,1.1654374807092656,5447,C_long
EURUSD,C,2025-08-28T08:30:00Z,buy,1.16409,1.163261792916252,1.166574621251244,5445,C_long
EURUSD,C,2025-08-28T23:00:00Z,buy,1.16768,1.1673376776125604,1.1687069671623191,5439,C_long
EURUSD,C,2025-08-29T05:45:00Z,buy,1.16698,1.1665772561239072,1.1681882316282781,5440,C_long
EURUSD,C,2025-08-29T06:15:00Z,buy,1.16687,1.166392116821957,1.168303649534129,5438,C_long
EURUSD,C,2025-08-29T07:00:00Z,buy,1.16699,1.1664342994541748,1.1686571016374756,5435,C_long
EURUSD,C,2025-08-29T07:45:00Z,buy,1.16757,1.166903418044688,1.169569745865936,5429,C_long
EURUSD,C,2025-08-29T10:15:00Z,buy,1.16713,1.1663663151119728,1.1694210546640817,5428,C_long
EURUSD,C,2025-08-29T13:45:00Z,buy,1.16686,1.1659948896346568,1.1694553310960296,5425,C_long
EURUSD,C,2025-08-31T21:00:00Z,buy,1.16951,1.1688920965510365,1.1713637103468906,5424,C_long
EURUSD,C,2025-09-01T13:00:00Z,buy,1.17138,1.1707616486487735,1.1732350540536798,5412,C_long
EURUSD,C,2025-09-01T19:00:00Z,buy,1.1709,1.170656772395486,1.1716296828135424,5411,C_long
EURUSD,C,2025-09-01T22:00:00Z,buy,1.17129,1.1710094356731646,1.172131692980506,5408,C_long
EURUSD,C,2025-09-02T06:30:00Z,buy,1.17029,1.1697868443126707,1.1717994670619882,5411,C_long
EURUSD,C,2025-09-02T15:00:00Z,sell,1.16573,1.1670497845447716,1.161770646365685,5429,C_short
EURUSD,C,2025-09-03T10:30:00Z,sell,1.16399,1.1648326782301035,1.1614619653096898,5455,C_short
EURUSD,C,2025-09-04T00:30:00Z,sell,1.16563,1.165984012172822,1.1645679634815338,5443,C_short
EURUSD,C,2025-09-04T01:45:00Z,sell,1.16582,1.1663487799594188,1.164233660121744,5440,C_short
