symbol,strategy,timestamp,side,price,sl,tp,size,tag
EURUSD,B,2020-09-04T07:15:00Z,buy,1.1842,1.183555686874112,1.1861329393776638,8360,B_long
EURUSD,B,2020-09-04T09:00:00Z,sell,1.1857,1.186607778224479,1.1829766653265628,8362,B_short
EURUSD,B,2020-09-07T08:45:00Z,sell,1.18324,1.1840351514901883,1.1808545455294353,8397,B_short
EURUSD,B,2020-09-08T10:45:00Z,buy,1.18005,1.1788854131946536,1.1835437604160395,8436,B_long
EURUSD,B,2020-09-09T09:15:00Z,buy,1.17691,1.1760415811847795,1.179515256445661,8450,B_long
EURUSD,B,2020-09-09T11:45:00Z,buy,1.17671,1.1757568268583316,1.1795695194250049,8444,B_long
EURUSD,B,2020-09-11T07:45:00Z,sell,1.18343,1.1842007176030338,1.1811178471908985,8416,B_short
EURUSD,B,2020-09-11T08:15:00Z,sell,1.18409,1.1849123612218344,1.1816229163344971,8405,B_short
EURUSD,B,2020-09-14T09:30:00Z,sell,1.18528,1.1859910953815447,1.1831467138553655,8390,B_short
EURUSD,B,2020-09-17T08:30:00Z,sell,1.18037,1.1814235259057353,1.1772094222827938,8419,B_short
EURUSD,B,2020-09-18T07:00:00Z,sell,1.18599,1.186688028508702,1.1838959144738943,8371,B_short
EURUSD,B,2020-09-22T10:15:00Z,buy,1.17534,1.1743408662291204,1.178337401312639,8461,B_long
EURUSD,B,2020-09-23T10:45:00Z,sell,1.17081,1.1717537615128888,1.1679787154613333,8486,B_short
EURUSD,B,2020-09-24T10:00:00Z,buy,1.16463,1.1636576607828533,1.1675470176514404,8550,B_long
EURUSD,B,2020-09-25T07:00:00Z,sell,1.1674,1.1680096671977362,1.1655709984067912,8522,B_short
EURUSD,B,2020-09-25T08:00:00Z,sell,1.16651,1.1673766442436453,1.1639100672690639,8524,B_short
EURUSD,B,2020-09-29T10:30:00Z,sell,1.16817,1.1689754155003063,1.165753753499081,8530,B_short
EURUSD,B,2020-09-30T07:45:00Z,buy,1.17327,1.1723719531090993,1.1759641406727024,8486,B_long
EURUSD,B,2020-10-01T07:00:00Z,sell,1.17426,1.1750465553055662,1.1719003340833016,8471,B_short
EURUSD,B,2020-10-06T07:00:00Z,buy,1.17923,1.1785154627175976,1.1813736118472073,8429,B_long
EURUSD,B,2020-10-06T10:30:00Z,buy,1.17871,1.17798589238546,1.1808823228436196,8427,B_long
EURUSD,B,2020-10-06T11:15:00Z,buy,1.17896,1.1781146120209944,1.1814961639370167,8420,B_long
EURUSD,B,2020-10-08T07:00:00Z,sell,1.17684,1.1773879389625659,1.1751961831123028,8428,B_short
EURUSD,B,2020-10-08T10:00:00Z,buy,1.17613,1.1754135288758925,1.1782794133723222,8428,B_long
EURUSD,B,2020-10-08T11:45:00Z,buy,1.17599,1.1753544590628342,1.1778966228114978,8423,B_long
EURUSD,B,2020-10-12T07:30:00Z,buy,1.18221,1.1814488197220736,1.1844935408337791,8374,B_long
EURUSD,B,2020-10-13T08:30:00Z,buy,1.17972,1.1790300711295338,1.1817897866113989,8386,B_long
EURUSD,B,2020-10-13T10:45:00Z,buy,1.17909,1.1784773420541663,1.180927973837501,8384,B_long
EURUSD,B,2020-10-14T07:15:00Z,buy,1.17362,1.1730628118344069,1.1752915644967799,8418,B_long
EURUSD,B,2020-10-14T07:45:00Z,buy,1.17416,1.1735421120000655,1.1760136639998038,8410,B_long
EURUSD,B,2020-10-14T10:15:00Z,buy,1.17366,1.1727643112285782,1.1763470663142652,8408,B_long
EURUSD,B,2020-10-16T08:00:00Z,sell,1.17111,1.1717893873396372,1.1690718379810887,8445,B_short
EURUSD,B,2020-10-20T07:15:00Z,buy,1.17643,1.1758517319294268,1.1781648042117199,8401,B_long
EURUSD,B,2020-10-21T09:00:00Z,sell,1.18486,1.1858085227365773,1.182014431790268,8353,B_short
EURUSD,B,2020-10-22T08:00:00Z,sell,1.18498,1.1857665284239558,1.1826204147281323,8344,B_short
EURUSD,B,2020-10-27T08:30:00Z,buy,1.18131,1.1804619337142557,1.1838541988572333,8386,B_long
EURUSD,B,2020-10-27T09:45:00Z,buy,1.18087,1.1799939734842038,1.183498079547389,8383,B_long
EURUSD,B,2020-10-28T07:00:00Z,buy,1.17744,1.1767948656246274,1.1793754031261179,8425,B_long
EURUSD,B,2020-10-30T07:15:00Z,buy,1.16724,1.166581646621172,1.1692150601364841,8493,B_long
EURUSD,B,2020-10-30T10:15:00Z,buy,1.16715,1.1662188778975855,1.1699433663072432,8488,B_long
EURUSD,B,2020-11-02T08:45:00Z,buy,1.16332,1.1625314918255778,1.1656855245232662,8536,B_long
EURUSD,B,2020-11-03T07:00:00Z,sell,1.16594,1.1663694952008397,1.164651514397481,8510,B_short
EURUSD,B,2020-11-05T07:30:00Z,sell,1.17379,1.1746293095918836,1.1712720712243487,8449,B_short
EURUSD,B,2020-11-06T09:00:00Z,sell,1.18301,1.1840044461575299,1.18002666152741,8377,B_short
EURUSD,B,2020-11-09T07:15:00Z,sell,1.18896,1.1897243566346778,1.1866669300959667,8327,B_short
EURUSD,B,2020-11-09T09:00:00Z,buy,1.18821,1.1871239148875785,1.1914682553372644,8348,B_long
EURUSD,B,2020-11-09T10:45:00Z,buy,1.18799,1.1870926200075926,1.1906821399772225,8341,B_long
EURUSD,B,2020-11-09T11:45:00Z,buy,1.18866,1.1873211304698639,1.1926766085904086,8329,B_long
EURUSD,B,2020-11-10T08:45:00Z,sell,1.18345,1.184493540106413,1.1803193796807607,8356,B_short
EURUSD,B,2020-11-12T07:00:00Z,buy,1.17712,1.1765795002138453,1.178741499358464,8422,B_long
EURUSD,B,2020-11-12T09:00:00Z,sell,1.17867,1.179456905201216,1.1763092843963523,8406,B_short
EURUSD,B,2020-11-13T08:15:00Z,sell,1.18131,1.1818953927396367,1.1795538217810901,8381,B_short
EURUSD,B,2020-11-13T09:00:00Z,sell,1.18098,1.1816426986219204,1.1789919041342385,8379,B_short
EURUSD,B,2020-11-16T09:15:00Z,sell,1.18433,1.1850636542584694,1.1821290372245923,8350,B_short
EURUSD,B,2020-11-17T08:00:00Z,buy,1.18591,1.1852511295708879,1.1878866112873365,8353,B_long
EURUSD,B,2020-11-18T10:30:00Z,sell,1.18741,1.1881468000622428,1.1851995998132718,8356,B_short
EURUSD,B,2020-11-19T09:00:00Z,buy,1.18321,1.1824201552960996,1.1855795341117017,8400,B_long
EURUSD,B,2020-11-19T11:30:00Z,buy,1.18329,1.1825393239663904,1.1855420281008286,8393,B_long
EURUSD,B,2020-11-20T09:30:00Z,buy,1.18654,1.1858068154601207,1.1887395536196377,8364,B_long
EURUSD,B,2020-11-20T11:45:00Z,buy,1.18738,1.1866444405500651,1.189586678349805,8352,B_long
EURUSD,B,2020-11-23T09:45:00Z,sell,1.18776,1.1883792660520154,1.1859022018439536,8343,B_short
EURUSD,B,2020-11-25T08:30:00Z,sell,1.19081,1.1918037830673915,1.187828650797825,8317,B_short
EURUSD,B,2020-11-26T07:45:00Z,sell,1.1926,1.193177482924661,1.1908675512260172,8297,B_short
EURUSD,B,2020-11-26T08:15:00Z,sell,1.1927,1.1933410427300788,1.190776871809764,8292,B_short
EURUSD,B,2020-11-27T08:15:00Z,sell,1.19233,1.1928616200789834,1.1907351397630492,8307,B_short
EURUSD,B,2020-11-27T09:00:00Z,sell,1.19258,1.193157081278082,1.1908487561657537,8301,B_short
EURUSD,B,2020-11-30T07:00:00Z,buy,1.1966,1.196162385751145,1.1979128427465655,8268,B_long
EURUSD,B,2020-11-30T09:00:00Z,sell,1.19722,1.1978641844752929,1.1952874465741212,8272,B_short
EURUSD,B,2020-12-02T07:45:00Z,sell,1.20688,1.207777199991986,1.204188400024042,8201,B_short
EURUSD,B,2020-12-03T08:30:00Z,sell,1.21219,1.212975793228474,1.2098326203145786,8182,B_short
EURUSD,B,2020-12-04T07:45:00Z,sell,1.21531,1.2158560037006396,1.2136719888980807,8155,B_short
EURUSD,B,2020-12-07T07:30:00Z,buy,1.21203,1.2115020857466323,1.2136137427601028,8173,B_long
EURUSD,B,2020-12-08T08:15:00Z,buy,1.21124,1.2104921450676571,1.213483564797029,8174,B_long
EURUSD,B,2020-12-09T07:45:00Z,sell,1.21292,1.2135029059326783,1.2111712822019651,8157,B_short
EURUSD,B,2020-12-09T08:15:00Z,sell,1.21307,1.2137470271227673,1.2110389186316985,8151,B_short
EURUSD,B,2020-12-10T10:30:00Z,sell,1.21,1.2107265990755527,1.2078202027733418,8185,B_short
EURUSD,B,2020-12-14T07:00:00Z,sell,1.21406,1.2144362550089172,1.2129312349732482,8152,B_short
EURUSD,B,2020-12-14T09:00:00Z,sell,1.21413,1.2147727417036822,1.212201774888953,8148,B_short
EURUSD,B,2020-12-15T09:15:00Z,buy,1.2159,1.2150017194737375,1.2185948415787875,8131,B_long
EURUSD,B,2020-12-16T07:45:00Z,sell,1.21545,1.216043309590904,1.2136700712272877,8128,B_short
EURUSD,B,2020-12-17T08:30:00Z,sell,1.22335,1.2240845495821457,1.2211463512535625,8070,B_short
EURUSD,B,2020-12-21T08:00:00Z,buy,1.21912,1.2180230204877533,1.2224109385367399,8093,B_long
EURUSD,B,2020-12-22T08:30:00Z,buy,1.22183,1.22101880081997,1.2242635975400897,8096,B_long
EURUSD,B,2020-12-22T10:15:00Z,buy,1.22204,1.2211151886953906,1.2248144339138283,8088,B_long
EURUSD,B,2020-12-23T08:00:00Z,sell,1.21839,1.2190389629130078,1.2164431112609768,8130,B_short
EURUSD,B,2020-12-23T10:15:00Z,sell,1.21868,1.2195776934130995,1.2159869197607014,8123,B_short
EURUSD,B,2020-12-23T11:45:00Z,sell,1.21913,1.2200437753411766,1.2163886739764704,8113,B_short
EURUSD,B,2020-12-24T10:30:00Z,buy,1.21965,1.219030242893413,1.2215092713197606,8127,B_long
EURUSD,B,2020-12-28T07:00:00Z,sell,1.22225,1.2227211566342762,1.2208365300971717,8105,B_short
EURUSD,B,2020-12-28T10:15:00Z,sell,1.22143,1.2224007465022269,1.2185177604933195,8107,B_short
EURUSD,B,2020-12-29T07:45:00Z,sell,1.22402,1.224507217252154,1.2225583482435383,8082,B_short
EURUSD,B,2020-12-29T09:00:00Z,sell,1.22391,1.2246367676117913,1.2217296971646263,8079,B_short
EURUSD,B,2020-12-31T09:30:00Z,buy,1.22897,1.2279581088809641,1.2320056733571072,8040,B_long
EURUSD,B,2020-12-31T11:15:00Z,buy,1.22866,1.2276767274442801,1.23160981766716,8035,B_long
EURUSD,B,2021-01-05T09:45:00Z,sell,1.22722,1.2281420625057098,1.2244538124828706,8037,B_short
EURUSD,B,2021-01-06T08:15:00Z,sell,1.23248,1.233622619838995,1.229052140483015,7996,B_short
EURUSD,B,2021-01-06T08:45:00Z,sell,1.23245,1.233646012234623,1.2288619632961315,7989,B_short
EURUSD,B,2021-01-07T07:45:00Z,buy,1.23111,1.2304481911769656,1.233095426469103,7989,B_long
EURUSD,B,2021-01-08T09:45:00Z,buy,1.22399,1.2228346939893262,1.227455918032021,8030,B_long
EURUSD,B,2021-01-11T10:45:00Z,buy,1.2167,1.2157253605116718,1.2196239184649842,8100,B_long
EURUSD,B,2021-01-12T08:00:00Z,sell,1.21547,1.2162275662952104,1.2131973011143689,8101,B_short
EURUSD,B,2021-01-12T08:45:00Z,sell,1.21519,1.2160757224149858,1.2125328327550424,8097,B_short
EURUSD,B,2021-01-12T09:45:00Z,sell,1.21617,1.2174104653411242,1.2124486039766273,8084,B_short
EURUSD,B,2021-01-13T08:00:00Z,buy,1.22057,1.2198377345563929,1.222766796330821,8046,B_long
EURUSD,B,2021-01-15T09:00:00Z,buy,1.21391,1.212999275689592,1.2166421729312242,8084,B_long
EURUSD,B,2021-01-15T11:15:00Z,buy,1.2136,1.2128074369499011,1.2159776891502967,8080,B_long
EURUSD,B,2021-01-18T10:00:00Z,buy,1.20677,1.206005493305214,1.2090635200843576,8120,B_long
EURUSD,B,2021-01-18T10:45:00Z,buy,1.20672,1.205962423345646,1.2089927299630618,8114,B_long
EURUSD,B,2021-01-20T08:00:00Z,sell,1.21444,1.215082397271925,1.2125128081842251,8057,B_short
EURUSD,B,2021-01-20T09:30:00Z,buy,1.21277,1.2119254294295787,1.2153037117112635,8080,B_long
EURUSD,B,2021-01-21T10:30:00Z,sell,1.21378,1.2145660907610363,1.2114217277168915,8067,B_short
EURUSD,B,2021-01-22T08:30:00Z,buy,1.21763,1.2168307929552165,1.2200276211343506,8035,B_long
EURUSD,B,2021-01-22T11:45:00Z,sell,1.21762,1.2184844132812689,1.215026760156193,8029,B_short
EURUSD,B,2021-01-26T08:30:00Z,buy,1.2131,1.2123402379388413,1.2153792861834765,8076,B_long
EURUSD,B,2021-01-26T11:00:00Z,buy,1.21328,1.21250055220467,1.21561834338599,8069,B_long
EURUSD,B,2021-01-28T10:15:00Z,sell,1.21043,1.2113368668908902,1.2077093993273291,8102,B_short
EURUSD,B,2021-01-28T11:15:00Z,sell,1.21051,1.2113727149683104,1.2079218550950686,8095,B_short
EURUSD,B,2021-01-29T10:30:00Z,sell,1.2121,1.2130496954542236,1.209250913637329,8078,B_short
EURUSD,B,2021-02-03T07:45:00Z,buy,1.20374,1.2031961559210418,1.2053715322368748,8127,B_long
EURUSD,B,2021-02-08T10:45:00Z,buy,1.20322,1.2025900625726806,1.205109812281958,8127,B_long
EURUSD,B,2021-02-09T07:30:00Z,sell,1.20805,1.2085279814638266,1.2066160556085206,8089,B_short
EURUSD,B,2021-02-10T08:00:00Z,sell,1.21277,1.2132547238698028,1.2113158283905912,8054,B_short
EURUSD,B,2021-02-10T09:15:00Z,sell,1.21233,1.2130206065643334,1.2102581803069994,8053,B_short
EURUSD,B,2021-02-11T07:30:00Z,sell,1.21265,1.2129858745722968,1.2116423762831097,8045,B_short
EURUSD,B,2021-02-11T09:30:00Z,sell,1.21273,1.2133286566455233,1.2109340300634306,8042,B_short
EURUSD,B,2021-02-15T08:15:00Z,sell,1.21374,1.2143079284916938,1.2120362145249188,8031,B_short
EURUSD,B,2021-02-15T09:45:00Z,sell,1.21345,1.2141286382639287,1.2114140852082136,8028,B_short
EURUSD,B,2021-02-16T08:00:00Z,buy,1.21415,1.2135847351345168,1.2158457945964498,8018,B_long
EURUSD,B,2021-02-16T09:00:00Z,sell,1.21492,1.2156742962928013,1.212657111121596,8009,B_short
EURUSD,B,2021-02-22T08:00:00Z,buy,1.21196,1.211354393707313,1.2137768188780607,8023,B_long
EURUSD,B,2021-02-22T10:00:00Z,buy,1.21163,1.2107310746817275,1.2143267759548175,8020,B_long
EURUSD,B,2021-02-24T09:30:00Z,sell,1.2162,1.2170349985270026,1.213695004418992,8007,B_short
EURUSD,B,2021-02-26T08:00:00Z,buy,1.21445,1.213541824771847,1.217174525684459,8012,B_long
EURUSD,B,2021-03-02T08:30:00Z,buy,1.20157,1.2007040738786552,1.2041677783640345,8091,B_long
EURUSD,B,2021-03-02T10:15:00Z,buy,1.20202,1.2010493557232904,1.2049319328301291,8082,B_long
EURUSD,B,2021-03-03T07:00:00Z,buy,1.2083,1.2079433751940725,1.2093698744177823,8058,B_long
EURUSD,B,2021-03-03T08:00:00Z,sell,1.20841,1.209150962786807,1.2061871116395793,8064,B_short
EURUSD,B,2021-03-03T10:30:00Z,sell,1.20867,1.2096721267826616,1.205663619652015,8057,B_short
EURUSD,B,2021-03-04T10:45:00Z,buy,1.20489,1.2040891780066263,1.2072924659801212,8101,B_long
EURUSD,B,2021-03-10T09:15:00Z,sell,1.18976,1.1904886024342836,1.187574192697149,8198,B_short
EURUSD,B,2021-03-15T08:00:00Z,buy,1.19319,1.192382666449078,1.195612000652766,8168,B_long
EURUSD,B,2021-03-15T10:45:00Z,buy,1.19303,1.1923009081211111,1.1952172756366668,8163,B_long
EURUSD,B,2021-03-16T07:30:00Z,buy,1.19231,1.1917465164094296,1.194000450771711,8163,B_long
EURUSD,B,2021-03-16T08:00:00Z,buy,1.19245,1.1917725389919716,1.1944823830240854,8157,B_long
EURUSD,B,2021-03-17T07:00:00Z,sell,1.19039,1.1907320895490956,1.1893637313527134,8184,B_short
EURUSD,B,2021-03-17T08:30:00Z,buy,1.18939,1.1888992724311105,1.1908621827066683,8197,B_long
EURUSD,B,2021-03-17T11:00:00Z,sell,1.19036,1.190958419735675,1.1885647407929751,8200,B_short
EURUSD,B,2021-03-19T09:00:00Z,sell,1.19181,1.1924996816575395,1.1897409550273816,8185,B_short
EURUSD,B,2021-03-19T11:30:00Z,buy,1.19088,1.1902371695882812,1.1928084912351562,8205,B_long
EURUSD,B,2021-03-22T09:15:00Z,sell,1.1896,1.1903839685768156,1.1872480942695531,8208,B_short
EURUSD,B,2021-03-24T09:15:00Z,buy,1.18427,1.1832251827531022,1.1874044517406932,8239,B_long
EURUSD,B,2021-03-26T08:00:00Z,sell,1.17785,1.178458993060965,1.1760230208171052,8276,B_short
EURUSD,B,2021-03-26T10:30:00Z,sell,1.17833,1.178943874100696,1.1764883776979127,8267,B_short
EURUSD,B,2021-03-29T09:15:00Z,buy,1.17749,1.1767513297737358,1.1797060106787924,8268,B_long
EURUSD,B,2021-03-29T11:30:00Z,buy,1.17763,1.1769569807978342,1.1796490576064973,8261,B_long
EURUSD,B,2021-03-31T10:00:00Z,sell,1.17241,1.1731066860008093,1.170319941997572,8293,B_short
EURUSD,B,2021-04-01T08:45:00Z,sell,1.17275,1.173632416025282,1.1701027519241538,8285,B_short
EURUSD,B,2021-04-02T08:45:00Z,sell,1.1782,1.1786503328206275,1.1768490015381172,8239,B_short
EURUSD,B,2021-04-05T08:00:00Z,buy,1.17499,1.1744109183252893,1.176727245024132,8270,B_long
EURUSD,B,2021-04-05T10:45:00Z,buy,1.17493,1.1744433148612796,1.1763900554161613,8266,B_long
EURUSD,B,2021-04-06T07:15:00Z,buy,1.18086,1.180226393113721,1.1827608206588374,8234,B_long
EURUSD,B,2021-04-07T08:00:00Z,sell,1.18733,1.1880776160262632,1.1850871519212105,8184,B_short
EURUSD,B,2021-04-08T08:00:00Z,sell,1.18774,1.1884033288394062,1.1857500134817813,8175,B_short
EURUSD,B,2021-04-09T07:00:00Z,buy,1.18975,1.1891933844040756,1.1914198467877735,8156,B_long
EURUSD,B,2021-04-09T07:45:00Z,buy,1.18987,1.1891820342328159,1.1919338973015523,8151,B_long
EURUSD,B,2021-04-09T09:00:00Z,buy,1.18927,1.1886001114290106,1.1912796657129685,8150,B_long
EURUSD,B,2021-04-09T10:30:00Z,buy,1.18932,1.1887247784416175,1.1911056646751472,8144,B_long
EURUSD,B,2021-04-09T11:00:00Z,buy,1.18928,1.1885183446961483,1.1915649659115548,8139,B_long
EURUSD,B,2021-04-12T09:00:00Z,buy,1.18919,1.188518373494758,1.191204879515726,8134,B_long
EURUSD,B,2021-04-13T07:00:00Z,buy,1.18943,1.1888237923896474,1.1912486228310577,8145,B_long
EURUSD,B,2021-04-14T07:00:00Z,sell,1.19656,1.1970444355136272,1.1951066934591188,8092,B_short
EURUSD,B,2021-04-14T07:30:00Z,sell,1.1958,1.1964668871191242,1.1937993386426273,8094,B_short
EURUSD,B,2021-04-14T09:15:00Z,sell,1.19587,1.19653345722271,1.19387962833187,8088,B_short
EURUSD,B,2021-04-16T08:30:00Z,sell,1.19737,1.19816973280615,1.1949708015815501,8073,B_short
EURUSD,B,2021-04-20T07:00:00Z,sell,1.2069,1.2076600294699242,1.2046199115902276,8003,B_short
EURUSD,B,2021-04-20T07:45:00Z,sell,1.20691,1.207793711035681,1.204258866892957,7997,B_short
EURUSD,B,2021-04-22T07:15:00Z,sell,1.20448,1.2050255817262632,1.2028432548212105,8030,B_short
EURUSD,B,2021-04-22T09:30:00Z,buy,1.20362,1.2029847698659113,1.2055256904022658,8046,B_long
EURUSD,B,2021-04-22T11:45:00Z,sell,1.20447,1.2052923590530185,1.2020029228409443,8052,B_short
EURUSD,B,2021-04-27T09:15:00Z,buy,1.20657,1.2059376926342105,1.2084669220973683,8032,B_long
EURUSD,B,2021-04-28T07:45:00Z,buy,1.20733,1.2066492232920274,1.2093723301239179,8039,B_long
EURUSD,B,2021-04-28T10:00:00Z,buy,1.20732,1.206645872019089,1.209342383942733,8034,B_long
EURUSD,B,2021-04-28T11:30:00Z,buy,1.2073,1.2065993237890447,1.2094020286328662,8029,B_long
EURUSD,B,2021-04-29T11:00:00Z,buy,1.21272,1.2120420499071614,1.214753850278516,7988,B_long
EURUSD,B,2021-05-03T07:15:00Z,sell,1.20337,1.2040588658767277,1.201303402369817,8044,B_short
EURUSD,B,2021-05-03T07:45:00Z,sell,1.20354,1.2042327925918532,1.2014616222244405,8038,B_short
EURUSD,B,2021-05-05T10:15:00Z,buy,1.20131,1.2006811696279376,1.2031964911161876,8047,B_long
EURUSD,B,2021-05-07T07:00:00Z,buy,1.20818,1.2074873009811806,1.2102580970564583,7997,B_long
EURUSD,B,2021-05-07T11:45:00Z,sell,1.20664,1.2072841238670393,1.2047076283988818,8002,B_short
EURUSD,B,2021-05-10T08:15:00Z,buy,1.21589,1.214981420199105,1.2186157394026849,7936,B_long
EURUSD,B,2021-05-11T07:15:00Z,buy,1.2137,1.212938590918567,1.2159842272442989,7943,B_long
EURUSD,B,2021-05-13T07:45:00Z,sell,1.20865,1.2094930865856852,1.2061207402429444,7991,B_short
EURUSD,B,2021-05-13T09:15:00Z,buy,1.20706,1.2060360545080218,1.2101318364759348,8017,B_long
EURUSD,B,2021-05-13T11:00:00Z,buy,1.20723,1.206498728425991,1.2094238147220273,8008,B_long
EURUSD,B,2021-05-17T11:45:00Z,sell,1.21467,1.2154370164667323,1.2123689505998028,7973,B_short
EURUSD,B,2021-05-20T10:00:00Z,sell,1.21839,1.2190475695617748,1.2164172913146758,7943,B_short
EURUSD,B,2021-05-21T09:00:00Z,buy,1.22254,1.2217690195030098,1.2248529414909706,7911,B_long
EURUSD,B,2021-05-26T07:30:00Z,buy,1.22418,1.223496405960888,1.2262307821173364,7895,B_long
EURUSD,B,2021-05-26T09:15:00Z,buy,1.22444,1.2237298898494489,1.2265703304516533,7888,B_long
EURUSD,B,2021-05-27T08:45:00Z,sell,1.21824,1.2192316588953676,1.2152650233138973,7923,B_short
EURUSD,B,2021-05-27T11:45:00Z,sell,1.21962,1.2203304075254626,1.2174887774236118,7907,B_short
EURUSD,B,2021-05-28T09:15:00Z,sell,1.21895,1.219641338558488,1.2168759843245356,7906,B_short
EURUSD,B,2021-06-01T08:00:00Z,sell,1.22229,1.223094570029279,1.2198762899121633,7897,B_short
EURUSD,B,2021-06-01T09:30:00Z,sell,1.22319,1.2239810799221686,1.220816760233494,7886,B_short
EURUSD,B,2021-06-03T10:00:00Z,buy,1.22005,1.2193517414006587,1.2221447757980242,7900,B_long
EURUSD,B,2021-06-07T07:30:00Z,buy,1.21634,1.2157070973082025,1.2182387080753925,7919,B_long
EURUSD,B,2021-06-07T08:45:00Z,buy,1.21619,1.2154966248965986,1.2182701253102046,7915,B_long
EURUSD,B,2021-06-07T09:30:00Z,buy,1.21609,1.2153756814512078,1.2182329556463762,7911,B_long
EURUSD,B,2021-06-07T11:00:00Z,buy,1.21588,1.215296746204868,1.2176297613853961,7907,B_long
EURUSD,B,2021-06-08T10:00:00Z,buy,1.21762,1.2170375559059092,1.219367332282272,7906,B_long
EURUSD,B,2021-06-10T08:15:00Z,buy,1.21653,1.215933480397423,1.2183195588077302,7924,B_long
EURUSD,B,2021-06-14T08:15:00Z,sell,1.21084,1.2115792990562264,1.2086221028313204,7972,B_short
EURUSD,B,2021-06-15T09:00:00Z,sell,1.21216,1.212772564774767,1.2103223056756989,7957,B_short
EURUSD,B,2021-06-16T08:00:00Z,sell,1.21288,1.2135282499377864,1.2109352501866406,7948,B_short
EURUSD,B,2021-06-18T07:00:00Z,buy,1.19036,1.189483575265336,1.192989274203992,8111,B_long
EURUSD,B,2021-06-22T10:30:00Z,buy,1.18926,1.1885647171822398,1.1913458484532806,8111,B_long
EURUSD,B,2021-06-23T08:30:00Z,sell,1.19361,1.1944584378325782,1.1910646865022656,8076,B_short
EURUSD,B,2021-06-24T07:45:00Z,sell,1.19321,1.193841968223157,1.1913140953305297,8073,B_short
EURUSD,B,2021-06-24T08:30:00Z,sell,1.19319,1.1939280130922298,1.1909759607233104,8068,B_short
EURUSD,B,2021-06-25T07:00:00Z,sell,1.19433,1.1948234263227544,1.1928497210317364,8054,B_short
EURUSD,B,2021-06-25T08:00:00Z,sell,1.19413,1.1947293076386012,1.192332077084196,8051,B_short
EURUSD,B,2021-06-25T11:00:00Z,sell,1.19429,1.194778336553435,1.1928249903396952,8046,B_short
EURUSD,B,2021-06-28T07:15:00Z,sell,1.1938,1.1943705785307006,1.192088264407898,8045,B_short
EURUSD,B,2021-06-29T09:15:00Z,buy,1.19077,1.1901830407697978,1.1925308776906072,8061,B_long
EURUSD,B,2021-06-30T07:30:00Z,buy,1.18966,1.1890719007969988,1.1914242976090035,8064,B_long
EURUSD,B,2021-07-01T07:15:00Z,sell,1.18563,1.1862721059653987,1.1837036821038038,8086,B_short
EURUSD,B,2021-07-05T07:00:00Z,sell,1.18579,1.1863134210206379,1.184219736938086,8080,B_short
EURUSD,B,2021-07-06T07:30:00Z,sell,1.18767,1.1882524046243883,1.185922786126835,8063,B_short
EURUSD,B,2021-07-09T07:00:00Z,buy,1.18327,1.1827579872007703,1.1848060383976893,8104,B_long
EURUSD,B,2021-07-09T07:30:00Z,buy,1.18346,1.1828593326085786,1.1852620021742641,8099,B_long
EURUSD,B,2021-07-12T07:00:00Z,buy,1.1871,1.1865338145241375,1.1887985564275876,8085,B_long
EURUSD,B,2021-07-13T07:00:00Z,buy,1.18563,1.1850693313569192,1.1873120059292424,8091,B_long
EURUSD,B,2021-07-14T07:00:00Z,sell,1.17875,1.1791876741882585,1.1774369774352242,8134,B_short
EURUSD,B,2021-07-14T07:45:00Z,sell,1.17837,1.178924687464179,1.1767059376074627,8133,B_short
EURUSD,B,2021-07-14T08:30:00Z,sell,1.17894,1.1796609980322375,1.176777005903288,8124,B_short
EURUSD,B,2021-07-15T09:45:00Z,sell,1.18431,1.184889972509463,1.1825700824716108,8082,B_short
EURUSD,B,2021-07-16T07:45:00Z,buy,1.18019,1.1796021912189483,1.1819534263431555,8121,B_long
EURUSD,B,2021-07-16T09:15:00Z,sell,1.18156,1.1821979627610126,1.1796461117169619,8123,B_short
EURUSD,B,2021-07-16T10:00:00Z,sell,1.1814,1.182031758277317,1.179504725168049,8119,B_short
EURUSD,B,2021-07-20T07:00:00Z,buy,1.17857,1.1778961769532899,1.18059146914013,8151,B_long
EURUSD,B,2021-07-20T07:45:00Z,buy,1.17835,1.1775629098567046,1.180711270429886,8147,B_long
EURUSD,B,2021-07-21T08:30:00Z,buy,1.17737,1.1766357511111318,1.1795727466666046,8147,B_long
EURUSD,B,2021-07-22T08:30:00Z,buy,1.17969,1.1789773758048454,1.1818278725854634,8126,B_long
EURUSD,B,2021-07-23T08:15:00Z,sell,1.17799,1.1786815809967413,1.1759152570097766,8132,B_short
EURUSD,B,2021-07-26T07:45:00Z,sell,1.17834,1.1790791667411369,1.1761224997765891,8143,B_short
EURUSD,B,2021-07-28T08:30:00Z,buy,1.18127,1.180686666461468,1.1830200006155964,8117,B_long
EURUSD,B,2021-07-28T09:00:00Z,sell,1.18228,1.183038237191164,1.1800052884265078,8121,B_short
EURUSD,B,2021-07-30T10:00:00Z,sell,1.18855,1.1892223948212048,1.1865328155363855,8093,B_short
EURUSD,B,2021-07-30T11:30:00Z,sell,1.18894,1.1896428141260507,1.1868315576218484,8085,B_short
EURUSD,B,2021-08-03T09:00:00Z,sell,1.18819,1.1886916911523753,1.1866849265428745,8085,B_short
EURUSD,B,2021-08-04T07:15:00Z,sell,1.18701,1.1875198023447355,1.185480592965793,8089,B_short
EURUSD,B,2021-08-04T08:00:00Z,sell,1.18607,1.1867656194818916,1.183983141554325,8091,B_short
EURUSD,B,2021-08-05T08:15:00Z,sell,1.18366,1.18423191739663,1.1819442478101096,8102,B_short
EURUSD,B,2021-08-05T09:30:00Z,sell,1.18388,1.1844433964851977,1.182189810544407,8096,B_short
EURUSD,B,2021-08-09T11:30:00Z,sell,1.17619,1.1768069055042907,1.1743392834871282,8144,B_short
EURUSD,B,2021-08-10T08:00:00Z,buy,1.17341,1.1728968806427502,1.1749493580717496,8158,B_long
EURUSD,B,2021-08-11T07:30:00Z,buy,1.17118,1.1707191692961259,1.172562492111623,8170,B_long
EURUSD,B,2021-08-12T07:30:00Z,buy,1.17389,1.1734850661557412,1.1751048015327767,8159,B_long
EURUSD,B,2021-08-16T07:00:00Z,buy,1.17896,1.1785362720987458,1.1802311837037627,8121,B_long
EURUSD,B,2021-08-16T08:30:00Z,buy,1.17903,1.1785266855631429,1.1805399433105714,8117,B_long
EURUSD,B,2021-08-17T07:15:00Z,buy,1.17714,1.1766082047458033,1.1787353857625904,8126,B_long
EURUSD,B,2021-08-17T10:30:00Z,buy,1.17682,1.1762079832006498,1.1786560503980505,8123,B_long
EURUSD,B,2021-08-18T08:00:00Z,sell,1.17217,1.1726629549455345,1.1706911351633962,8151,B_short
EURUSD,B,2021-08-20T10:15:00Z,buy,1.16806,1.1674828704555755,1.1697913886332738,8189,B_long
EURUSD,B,2021-08-23T10:00:00Z,sell,1.17236,1.1729455674293747,1.170603297711876,8154,B_short
EURUSD,B,2021-08-24T09:15:00Z,buy,1.17343,1.1728711117489075,1.1751066647532775,8142,B_long
EURUSD,B,2021-08-25T07:00:00Z,buy,1.1735,1.1731046062419281,1.1746861812742155,8152,B_long
EURUSD,B,2021-08-26T07:00:00Z,buy,1.17672,1.1762495966858715,1.1781312099423855,8137,B_long
EURUSD,B,2021-08-26T08:30:00Z,buy,1.1764,1.1758205908938038,1.1781382273185883,8135,B_long
EURUSD,B,2021-08-26T09:15:00Z,buy,1.17629,1.1757120676129444,1.178023797161167,8131,B_long
EURUSD,B,2021-08-27T07:15:00Z,sell,1.17596,1.1763881555218052,1.174675533434584,8129,B_short
EURUSD,B,2021-08-27T11:45:00Z,sell,1.17624,1.17673475260548,1.1747557421835595,8123,B_short
EURUSD,B,2021-08-30T09:45:00Z,buy,1.17997,1.17937869299472,1.1817439210158396,8107,B_long
EURUSD,B,2021-08-31T07:15:00Z,sell,1.18244,1.1828768103956395,1.1811295688130812,8085,B_short
EURUSD,B,2021-08-31T08:45:00Z,sell,1.18201,1.182490456952008,1.1805686291439759,8085,B_short
EURUSD,B,2021-08-31T09:15:00Z,sell,1.18266,1.183182298777286,1.1810931036681422,8076,B_short
EURUSD,B,2021-09-02T08:00:00Z,sell,1.18458,1.1850074325551316,1.183297702334605,8059,B_short
EURUSD,B,2021-09-03T09:15:00Z,buy,1.18738,1.1869322655910939,1.1887232032267188,8036,B_long
EURUSD,B,2021-09-06T08:15:00Z,buy,1.18661,1.1861758297605796,1.187912510718261,8038,B_long
EURUSD,B,2021-09-06T11:00:00Z,buy,1.18662,1.1861593362433995,1.1880019912698014,8034,B_long
EURUSD,B,2021-09-07T08:45:00Z,buy,1.18762,1.1869278364068765,1.1896964907793701,8024,B_long
EURUSD,B,2021-09-07T10:45:00Z,buy,1.18746,1.1867172557334753,1.189688232799574,8019,B_long
EURUSD,B,2021-09-08T07:00:00Z,buy,1.18371,1.183236227229093,1.185131318312721,8039,B_long
EURUSD,B,2021-09-09T07:45:00Z,sell,1.18222,1.1827444910258382,1.1806465269224855,8045,B_short
EURUSD,B,2021-09-10T10:15:00Z,sell,1.18323,1.1837291208045744,1.181732637586277,8034,B_short
EURUSD,B,2021-09-10T11:45:00Z,sell,1.18335,1.1838302739772055,1.181909178068383,8030,B_short
EURUSD,B,2021-09-13T08:45:00Z,buy,1.17894,1.1783990351000746,1.1805628946997766,8056,B_long
EURUSD,B,2021-09-14T09:15:00Z,sell,1.18183,1.182272989396545,1.180501031810365,8032,B_short
EURUSD,B,2021-09-14T11:00:00Z,buy,1.18066,1.1801413620759182,1.1822159137722454,8048,B_long
EURUSD,B,2021-09-17T07:45:00Z,sell,1.17728,1.1777955131459372,1.1757334605621887,8081,B_short
EURUSD,B,2021-09-20T07:30:00Z,buy,1.17107,1.1706117890378724,1.172444632886383,8120,B_long
EURUSD,B,2021-09-20T10:00:00Z,buy,1.17135,1.1707449472470555,1.1731651582588332,8114,B_long
EURUSD,B,2021-09-21T07:45:00Z,buy,1.17267,1.1720903110895995,1.174409066731202,8100,B_long
EURUSD,B,2021-09-22T07:15:00Z,sell,1.17291,1.1733981200425125,1.171445639872462,8109,B_short
EURUSD,B,2021-09-22T09:45:00Z,sell,1.17285,1.173374408893572,1.1712767733192837,8106,B_short
EURUSD,B,2021-09-22T11:45:00Z,sell,1.17261,1.1730820187137725,1.1711939438586823,8103,B_short
EURUSD,B,2021-09-23T11:15:00Z,sell,1.17113,1.171854968562588,1.1689550943122358,8110,B_short
EURUSD,B,2021-09-24T07:15:00Z,buy,1.17387,1.1734356293626507,1.1751731119120479,8085,B_long
EURUSD,B,2021-09-24T08:45:00Z,buy,1.1736,1.173127864261909,1.175016407214273,8083,B_long
EURUSD,B,2021-09-24T10:15:00Z,buy,1.17368,1.1732406402993831,1.1749980791018508,8079,B_long
EURUSD,B,2021-09-28T07:45:00Z,buy,1.16869,1.1680213333237914,1.1706960000286257,8109,B_long
EURUSD,B,2021-09-28T11:30:00Z,buy,1.16892,1.168273254108887,1.170860237673339,8103,B_long
EURUSD,B,2021-09-30T07:15:00Z,buy,1.16054,1.1597924162150666,1.1627827513548,8156,B_long
EURUSD,B,2021-10-01T07:45:00Z,sell,1.15785,1.1584062272493545,1.1561813182519367,8169,B_short
EURUSD,B,2021-10-04T09:30:00Z,sell,1.16125,1.1617654824798613,1.1597035525604156,8141,B_short
EURUSD,B,2021-10-07T08:45:00Z,sell,1.156,1.1564561819144683,1.1546314542565947,8173,B_short
EURUSD,B,2021-10-08T11:15:00Z,sell,1.15586,1.1562935334485605,1.154559399654319,8170,B_short
EURUSD,B,2021-10-11T07:15:00Z,sell,1.15755,1.158026896753474,1.1561193097395785,8155,B_short
EURUSD,B,2021-10-11T10:45:00Z,buy,1.15662,1.1560827427513602,1.1582317717459192,8170,B_long
EURUSD,B,2021-10-12T07:00:00Z,sell,1.15573,1.1561772813154412,1.1543881560536762,8172,B_short
EURUSD,B,2021-10-12T08:45:00Z,sell,1.15619,1.1566261418720263,1.1548815743839214,8165,B_short
EURUSD,B,2021-10-12T09:15:00Z,sell,1.15601,1.1565050576727665,1.1545248269817006,8163,B_short
EURUSD,B,2021-10-13T09:00:00Z,sell,1.15518,1.1556364403906805,1.153810678827959,8178,B_short
EURUSD,B,2021-10-15T07:30:00Z,sell,1.16086,1.1612856380308165,1.1595830859075504,8134,B_short
EURUSD,B,2021-10-15T08:30:00Z,sell,1.16065,1.1612304860799636,1.158908541760109,8132,B_short
EURUSD,B,2021-10-18T07:00:00Z,buy,1.15825,1.1578195760523124,1.1595412718430627,8160,B_long
EURUSD,B,2021-10-20T08:15:00Z,buy,1.16289,1.1623191353354296,1.164602593993711,8136,B_long
EURUSD,B,2021-10-20T10:30:00Z,buy,1.16294,1.1624612355790245,1.164376293262927,8131,B_long
EURUSD,B,2021-10-22T11:45:00Z,sell,1.1631,1.163629462808319,1.161511611575043,8126,B_short
EURUSD,B,2021-10-27T07:15:00Z,sell,1.16026,1.1607626721257929,1.1587519836226217,8141,B_short
EURUSD,B,2021-10-27T07:45:00Z,sell,1.16051,1.161103207063373,1.1587303788098804,8135,B_short
EURUSD,B,2021-10-27T11:00:00Z,buy,1.16005,1.1594734587007611,1.1617796238977167,8150,B_long
EURUSD,B,2021-10-28T07:45:00Z,sell,1.16083,1.1613688934835151,1.1592133195494547,8156,B_short
EURUSD,B,2021-10-28T08:15:00Z,sell,1.1598,1.160465924438729,1.1578022266838128,8158,B_short
EURUSD,B,2021-10-29T07:00:00Z,buy,1.16738,1.1668109974707432,1.1690870075877706,8100,B_long
EURUSD,B,2021-11-02T08:00:00Z,sell,1.15962,1.1602670260630144,1.1576789218109573,8150,B_short
EURUSD,B,2021-11-02T09:45:00Z,buy,1.15984,1.1590734664006908,1.1621396007979277,8143,B_long
EURUSD,B,2021-11-02T10:30:00Z,buy,1.15978,1.1590768253873533,1.16188952383794,8137,B_long
EURUSD,B,2021-11-03T08:30:00Z,sell,1.15871,1.1591098057533613,1.1575105827399157,8139,B_short
EURUSD,B,2021-11-03T10:00:00Z,sell,1.15836,1.1589310148274197,1.1566469555177412,8138,B_short
EURUSD,B,2021-11-03T11:00:00Z,sell,1.1585,1.1590874716935493,1.1567375849193524,8132,B_short
EURUSD,B,2021-11-03T11:45:00Z,sell,1.15873,1.1593147097216971,1.1569758708349087,8126,B_short
EURUSD,B,2021-11-05T08:00:00Z,sell,1.15556,1.1559873745186804,1.1542778764439585,8159,B_short
EURUSD,B,2021-11-05T09:30:00Z,buy,1.15435,1.153755018276597,1.156134945170209,8164,B_long
EURUSD,B,2021-11-08T09:30:00Z,sell,1.15669,1.1573839346388795,1.1546081960833616,8143,B_short
EURUSD,B,2021-11-08T11:15:00Z,sell,1.15636,1.1569789169215012,1.1545032492354965,8140,B_short
EURUSD,B,2021-11-10T09:45:00Z,buy,1.15776,1.1570478252500995,1.159896524249701,8125,B_long
EURUSD,B,2021-11-11T08:30:00Z,buy,1.14712,1.1464095581974278,1.1492513254077161,8194,B_long
EURUSD,B,2021-11-11T10:00:00Z,buy,1.1472,1.1463922098843013,1.149623370347096,8188,B_long
EURUSD,B,2021-11-11T11:30:00Z,buy,1.14714,1.146306207466178,1.149641377601466,8182,B_long
EURUSD,B,2021-11-12T08:00:00Z,sell,1.14445,1.1449181656902725,1.1430455029291824,8195,B_short
EURUSD,B,2021-11-12T09:00:00Z,sell,1.14436,1.1449630514623186,1.1425508456130444,8191,B_short
EURUSD,B,2021-11-15T08:45:00Z,buy,1.14486,1.144168769642486,1.1469336910725418,8183,B_long
EURUSD,B,2021-11-16T11:15:00Z,buy,1.13722,1.1365030527921631,1.1393708416235102,8232,B_long
EURUSD,B,2021-11-18T08:30:00Z,sell,1.13303,1.1337507548390349,1.1308677354828953,8256,B_short
EURUSD,B,2021-11-22T08:00:00Z,buy,1.12703,1.1262154469232657,1.1294736592302028,8294,B_long
EURUSD,B,2021-11-23T11:45:00Z,sell,1.12432,1.1251987037730817,1.1216838886807547,8308,B_short
EURUSD,B,2021-11-24T08:15:00Z,sell,1.12404,1.1248030013042736,1.121750996087179,8303,B_short
EURUSD,B,2021-11-25T09:00:00Z,sell,1.12166,1.122187324275387,1.1200780271738393,8336,B_short
EURUSD,B,2021-11-29T08:30:00Z,buy,1.12728,1.1265926787916496,1.1293419636250515,8290,B_long
EURUSD,B,2021-12-01T08:15:00Z,sell,1.13214,1.133301524194917,1.128655427415249,8269,B_short
EURUSD,B,2021-12-02T08:30:00Z,buy,1.13237,1.1316694906576603,1.1344715280270194,8258,B_long
EURUSD,B,2021-12-03T07:45:00Z,buy,1.12922,1.1287267769606582,1.130699669118025,8275,B_long
EURUSD,B,2021-12-03T09:30:00Z,buy,1.12917,1.1285263932023695,1.1311008203928916,8271,B_long
EURUSD,B,2021-12-03T11:30:00Z,sell,1.13025,1.130993192319115,1.128020423042655,8277,B_short
EURUSD,B,2021-12-06T07:00:00Z,buy,1.12828,1.127875456605535,1.129493630183395,8285,B_long
EURUSD,B,2021-12-06T08:00:00Z,buy,1.12876,1.1281504662935444,1.1305886011193667,8278,B_long
EURUSD,B,2021-12-06T10:30:00Z,sell,1.12982,1.1305814138714647,1.127535758385606,8283,B_short
EURUSD,B,2021-12-07T07:00:00Z,sell,1.12903,1.1293804489533747,1.1279786531398757,8282,B_short
EURUSD,B,2021-12-07T07:45:00Z,sell,1.12885,1.1292898507705376,1.127530447688387,8280,B_short
EURUSD,B,2021-12-13T08:00:00Z,buy,1.12924,1.1288258366972126,1.1304824899083623,8274,B_long
EURUSD,B,2021-12-14T08:15:00Z,buy,1.12781,1.1273052694963128,1.1293241915110614,8280,B_long
EURUSD,B,2021-12-15T07:15:00Z,sell,1.12701,1.1274027229464827,1.1258318311605522,8297,B_short
EURUSD,B,2021-12-15T08:15:00Z,sell,1.12715,1.1276644063224592,1.1256067810326227,8292,B_short
EURUSD,B,2021-12-15T09:45:00Z,sell,1.12715,1.1276114613971493,1.1257656158085525,8287,B_short
EURUSD,B,2021-12-15T10:15:00Z,sell,1.12695,1.127445942116081,1.1254621736517567,8284,B_short
EURUSD,B,2021-12-17T08:00:00Z,buy,1.13212,1.1316149613404443,1.1336351159786673,8242,B_long
EURUSD,B,2021-12-21T11:00:00Z,sell,1.12865,1.1292556246829075,1.1268331259512772,8278,B_short
EURUSD,B,2021-12-22T08:00:00Z,buy,1.12722,1.126664580773285,1.1288862576801457,8283,B_long
EURUSD,B,2021-12-22T10:45:00Z,sell,1.12927,1.1300064303266173,1.127060709020148,8280,B_short
EURUSD,B,2021-12-23T10:00:00Z,buy,1.13267,1.1321141956585499,1.1343374130243506,8249,B_long
EURUSD,B,2021-12-24T11:45:00Z,sell,1.13273,1.1331479086946263,1.131476273916121,8244,B_short
EURUSD,B,2021-12-27T08:15:00Z,sell,1.13185,1.1323865767188996,1.1302402698433012,8246,B_short
EURUSD,B,2021-12-28T08:00:00Z,buy,1.13222,1.131827258525166,1.1333982244245018,8239,B_long
EURUSD,B,2021-12-28T10:45:00Z,sell,1.13303,1.13346943824724,1.1317116852582803,8229,B_short
EURUSD,B,2021-12-29T11:30:00Z,buy,1.13026,1.1295470298072796,1.1323989105781613,8258,B_long
EURUSD,B,2021-12-30T11:45:00Z,buy,1.13258,1.1319417301068155,1.134494809679553,8236,B_long
EURUSD,B,2021-12-31T08:00:00Z,buy,1.13113,1.1305704896281659,1.1328085311155023,8241,B_long
EURUSD,B,2021-12-31T09:45:00Z,sell,1.13284,1.133649177438339,1.1304124676849832,8240,B_short
EURUSD,B,2022-01-04T08:00:00Z,buy,1.12998,1.129320751691111,1.131957744926667,8254,B_long
EURUSD,B,2022-01-04T09:00:00Z,buy,1.1297,1.128908657166416,1.1320740285007518,8251,B_long
EURUSD,B,2022-01-06T08:15:00Z,buy,1.13053,1.1297050798281751,1.1330047605154747,8238,B_long
EURUSD,B,2022-01-06T09:45:00Z,buy,1.13051,1.129696112620717,1.1329516621378486,8232,B_long
EURUSD,B,2022-01-07T07:30:00Z,sell,1.13026,1.130569242475495,1.1293322725735153,8250,B_short
EURUSD,B,2022-01-07T11:00:00Z,sell,1.13023,1.130740306456235,1.1286990806312955,8247,B_short
EURUSD,B,2022-01-10T08:45:00Z,buy,1.13354,1.1328192232442376,1.1357023302672873,8219,B_long
EURUSD,B,2022-01-10T11:15:00Z,buy,1.13335,1.132631314675663,1.1355060559730112,8214,B_long
EURUSD,B,2022-01-11T09:30:00Z,sell,1.13361,1.1342617552522845,1.1316547342431467,8207,B_short
EURUSD,B,2022-01-12T08:00:00Z,buy,1.13644,1.1359243406558983,1.1379869780323046,8181,B_long
EURUSD,B,2022-01-12T08:45:00Z,buy,1.13668,1.1360810893099285,1.1384767320702143,8175,B_long
EURUSD,B,2022-01-14T11:45:00Z,buy,1.14518,1.1446021009472511,1.146913697158247,8109,B_long
EURUSD,B,2022-01-17T09:30:00Z,sell,1.14196,1.1425897572979924,1.1400707281060232,8127,B_short
EURUSD,B,2022-01-17T11:30:00Z,sell,1.14107,1.1417944311393766,1.1388967065818703,8128,B_short
EURUSD,B,2022-01-19T07:00:00Z,sell,1.13308,1.1334559155334125,1.1319522533997628,8180,B_short
EURUSD,B,2022-01-19T07:45:00Z,sell,1.13307,1.1336065293116762,1.1314604120649716,8176,B_short
EURUSD,B,2022-01-19T08:15:00Z,sell,1.1332,1.1337395264607701,1.1315814206176895,8171,B_short
EURUSD,B,2022-01-19T08:45:00Z,sell,1.13331,1.1338972887638674,1.131548133708398,8165,B_short
EURUSD,B,2022-01-20T07:45:00Z,sell,1.13597,1.1365129525698914,1.1343411422903256,8141,B_short
EURUSD,B,2022-01-20T10:30:00Z,buy,1.13459,1.1339683959867968,1.1364548120396096,8146,B_long
EURUSD,B,2022-01-21T10:15:00Z,sell,1.13332,1.1339235732395108,1.1315092802814681,8150,B_short
EURUSD,B,2022-01-25T07:00:00Z,buy,1.13097,1.1305378197201787,1.1322665408394639,8162,B_long
EURUSD,B,2022-01-25T08:00:00Z,buy,1.13084,1.1302564831412942,1.1325905505761176,8159,B_long
EURUSD,B,2022-01-31T07:00:00Z,sell,1.11644,1.1167745326148655,1.115436402155404,8259,B_short
EURUSD,B,2022-01-31T11:00:00Z,sell,1.11617,1.1168403106979239,1.1141590679062288,8258,B_short
EURUSD,B,2022-02-03T07:45:00Z,buy,1.12971,1.1292263282805868,1.1311610151582396,8154,B_long
EURUSD,B,2022-02-04T10:15:00Z,sell,1.14693,1.147902994411272,1.144011016766184,8027,B_short
EURUSD,B,2022-02-07T10:15:00Z,buy,1.14291,1.1420688914343597,1.1454333256969211,8048,B_long
EURUSD,B,2022-02-07T11:15:00Z,buy,1.14302,1.1421956286075405,1.145493114177378,8041,B_long
EURUSD,B,2022-02-08T10:30:00Z,buy,1.14165,1.1409046228507973,1.1438861314476083,8067,B_long
EURUSD,B,2022-02-09T08:00:00Z,buy,1.14158,1.1410155497975099,1.1432733506074706,8062,B_long
EURUSD,B,2022-02-09T11:45:00Z,sell,1.14293,1.1435632560415196,1.141030231875441,8063,B_short
EURUSD,B,2022-02-15T07:30:00Z,sell,1.13177,1.1322910126415675,1.1302069620752973,8138,B_short
EURUSD,B,2022-02-18T07:45:00Z,sell,1.13697,1.1373750631643218,1.1357548105070348,8096,B_short
EURUSD,B,2022-02-18T09:00:00Z,sell,1.13705,1.1375801600098376,1.1354595199704867,8091,B_short
EURUSD,B,2022-02-18T11:45:00Z,buy,1.13624,1.1355173887174628,1.1384078338476114,8108,B_long
EURUSD,B,2022-02-21T08:30:00Z,sell,1.13656,1.1373371024692756,1.1342286925921734,8100,B_short
EURUSD,B,2022-02-22T09:45:00Z,sell,1.13193,1.1329304331720753,1.1289287004837745,8148,B_short
EURUSD,B,2022-02-23T08:00:00Z,sell,1.13372,1.1343609976261901,1.1317970071214298,8128,B_short
EURUSD,B,2022-03-01T08:15:00Z,sell,1.1213,1.1221854548253554,1.1186436355239338,8213,B_short
EURUSD,B,2022-03-01T09:30:00Z,sell,1.12047,1.1216312381214428,1.1169862856356718,8211,B_short
EURUSD,B,2022-03-03T10:30:00Z,buy,1.10929,1.10845235877694,1.1118029236691807,8319,B_long
EURUSD,B,2022-03-04T10:15:00Z,buy,1.10145,1.1004869165478872,1.1043392503563385,8371,B_long
EURUSD,B,2022-03-07T10:30:00Z,buy,1.08226,1.0806191868976631,1.0871824393070106,8511,B_long
EURUSD,B,2022-03-08T09:00:00Z,sell,1.08826,1.0903175940256613,1.082087217923016,8502,B_short
EURUSD,B,2022-03-08T11:30:00Z,sell,1.08832,1.089950018415607,1.0834299447531788,8484,B_short
EURUSD,B,2022-03-10T09:00:00Z,buy,1.10495,1.1032692439460512,1.1099922681618468,8344,B_long
EURUSD,B,2022-03-10T11:00:00Z,buy,1.10429,1.1027299561814337,1.108970131455699,8335,B_long
EURUSD,B,2022-03-11T08:15:00Z,buy,1.09816,1.0970807826681386,1.1013976519955844,8416,B_long
EURUSD,B,2022-03-11T10:15:00Z,buy,1.09815,1.0969552490930334,1.1017342527208995,8407,B_long
EURUSD,B,2022-03-11T11:45:00Z,sell,1.10112,1.1030903401973557,1.0952089794079332,8411,B_short
EURUSD,B,2022-03-15T11:15:00Z,sell,1.09824,1.0992214618119132,1.095295614564261,8417,B_short
EURUSD,B,2022-03-16T07:00:00Z,sell,1.09715,1.0977138466103589,1.0954584601689237,8417,B_short
EURUSD,B,2022-03-17T09:00:00Z,sell,1.10449,1.1054208214464631,1.1016975356606105,8356,B_short
EURUSD,B,2022-03-17T10:00:00Z,sell,1.10381,1.1050396598781715,1.1001210203654852,8354,B_short
EURUSD,B,2022-03-17T11:30:00Z,sell,1.10508,1.1060811045071626,1.1020766864785125,8334,B_short
EURUSD,B,2022-03-21T08:15:00Z,sell,1.10515,1.1060363983807255,1.1024908048578237,8326,B_short
EURUSD,B,2022-03-21T10:15:00Z,sell,1.10499,1.1057946527283395,1.102576041814981,8320,B_short
EURUSD,B,2022-03-22T07:45:00Z,buy,1.09822,1.0974097820954962,1.1006506537135112,8388,B_long
EURUSD,B,2022-03-23T08:00:00Z,buy,1.10209,1.1014156464585085,1.1041130606244745,8376,B_long
EURUSD,B,2022-03-24T08:15:00Z,buy,1.09769,1.0969354367023163,1.0999536898930513,8404,B_long
EURUSD,B,2022-03-25T09:15:00Z,buy,1.10083,1.0999546504744797,1.1034560485765608,8396,B_long
EURUSD,B,2022-03-28T09:00:00Z,sell,1.09719,1.0984567642114837,1.0933897073655492,8417,B_short
EURUSD,B,2022-03-28T09:45:00Z,sell,1.09793,1.0991797721400385,1.0941806835798848,8400,B_short
EURUSD,B,2022-03-28T11:15:00Z,sell,1.09836,1.0993461629237629,1.0954015112287114,8387,B_short
EURUSD,B,2022-03-29T08:30:00Z,sell,1.09956,1.1004484288979304,1.0968947133062092,8399,B_short
EURUSD,B,2022-03-30T07:15:00Z,sell,1.11191,1.1128506522829125,1.1090880431512624,8299,B_short
EURUSD,B,2022-04-01T08:00:00Z,buy,1.10675,1.1054481995302785,1.110655401409164,8330,B_long
EURUSD,B,2022-04-01T10:45:00Z,buy,1.1067,1.1055720236670752,1.1100839289987745,8320,B_long
EURUSD,B,2022-04-05T08:15:00Z,sell,1.0977,1.0985036525444325,1.095289042366702,8379,B_short
EURUSD,B,2022-04-05T09:45:00Z,sell,1.09782,1.0986525392060875,1.0953223823817375,8371,B_short
EURUSD,B,2022-04-06T10:15:00Z,sell,1.08994,1.0908962301831104,1.0870713094506683,8449,B_short
EURUSD,B,2022-04-07T07:30:00Z,buy,1.08992,1.0891133541521287,1.0923399375436138,8441,B_long
EURUSD,B,2022-04-07T11:00:00Z,buy,1.0897,1.0885586267394418,1.0931241197816741,8436,B_long
EURUSD,B,2022-04-08T07:30:00Z,buy,1.08563,1.0849741206978232,1.0875976379065309,8493,B_long
EURUSD,B,2022-04-08T08:15:00Z,sell,1.08664,1.087491770911669,1.0840846872649934,8500,B_short
EURUSD,B,2022-04-08T09:30:00Z,sell,1.08696,1.0878576258859012,1.0842671223422962,8490,B_short
EURUSD,B,2022-04-08T11:15:00Z,sell,1.08637,1.0874074121587483,1.0832577635237555,8487,B_short
EURUSD,B,2022-04-12T07:45:00Z,buy,1.08706,1.0862399876025253,1.0895200371924239,8473,B_long
EURUSD,B,2022-04-12T09:00:00Z,buy,1.087,1.0861645765226726,1.089506270431982,8466,B_long
EURUSD,B,2022-04-14T07:00:00Z,sell,1.09155,1.0922029922303582,1.0895910233089254,8424,B_short
EURUSD,B,2022-04-18T07:45:00Z,buy,1.07912,1.0784872186197847,1.0810183441406462,8535,B_long
EURUSD,B,2022-04-18T08:30:00Z,buy,1.079,1.0783313953504197,1.0810058139487408,8531,B_long
EURUSD,B,2022-04-19T11:00:00Z,sell,1.07862,1.079541542708596,1.0758553718742119,8549,B_short
EURUSD,B,2022-04-28T08:00:00Z,sell,1.05411,1.0557737464804728,1.0491187605585819,8739,B_short
EURUSD,B,2022-05-02T07:15:00Z,sell,1.05463,1.0558544515340733,1.0509566453977799,8775,B_short
EURUSD,B,2022-05-03T07:00:00Z,buy,1.05048,1.0496089203261354,1.0530932390215941,8840,B_long
EURUSD,B,2022-05-03T09:30:00Z,buy,1.05057,1.049508068835445,1.053755793493665,8831,B_long
EURUSD,B,2022-05-05T10:00:00Z,buy,1.06056,1.0595275687128651,1.0636572938614044,8773,B_long
EURUSD,B,2022-05-06T07:45:00Z,buy,1.05211,1.0503281624663092,1.0574555126010727,8834,B_long
EURUSD,B,2022-05-09T07:00:00Z,buy,1.05171,1.0507612522287622,1.0545562433137132,8881,B_long
EURUSD,B,2022-05-09T10:15:00Z,sell,1.05338,1.0546480798877447,1.049575760336766,8859,B_short
EURUSD,B,2022-05-10T10:45:00Z,buy,1.05532,1.05413480877477,1.0588755736756903,8831,B_long
EURUSD,B,2022-05-11T10:45:00Z,sell,1.05462,1.0555350307621876,1.0518749077134368,8826,B_short
EURUSD,B,2022-05-11T11:30:00Z,sell,1.05461,1.0555923770620819,1.0516628688137546,8818,B_short
EURUSD,B,2022-05-13T09:00:00Z,sell,1.03954,1.0406499567137915,1.0362101298586253,8937,B_short
EURUSD,B,2022-05-16T07:30:00Z,sell,1.04169,1.0426215905259302,1.0388952284222095,8946,B_short
EURUSD,B,2022-05-16T09:30:00Z,sell,1.04161,1.0425918603262376,1.0386644190212868,8938,B_short
EURUSD,B,2022-05-18T10:00:00Z,buy,1.05263,1.051767007202633,1.0552189783921007,8836,B_long
EURUSD,B,2022-05-19T07:15:00Z,buy,1.04733,1.0464827090068813,1.0498718729793564,8872,B_long
EURUSD,B,2022-05-20T10:30:00Z,sell,1.05881,1.0598356109979394,1.0557331670061818,8796,B_short
EURUSD,B,2022-05-26T11:30:00Z,sell,1.07062,1.0715033119327282,1.067970064201815,8724,B_short
EURUSD,B,2022-05-31T07:00:00Z,buy,1.07412,1.0732420480151428,1.0767538559545715,8687,B_long
EURUSD,B,2022-06-01T07:15:00Z,sell,1.07247,1.0733180855952476,1.0699257432142575,8693,B_short
EURUSD,B,2022-06-06T10:30:00Z,sell,1.07255,1.07340810837872,1.0699756748638398,8685,B_short
EURUSD,B,2022-06-07T08:15:00Z,sell,1.06925,1.0702531296235362,1.0662406111293914,8731,B_short
EURUSD,B,2022-06-08T08:45:00Z,buy,1.0679,1.067003330388478,1.0705900088345661,8766,B_long
EURUSD,B,2022-06-09T08:45:00Z,buy,1.07152,1.070737126012797,1.0738686219616094,8757,B_long
EURUSD,B,2022-06-09T11:45:00Z,sell,1.07282,1.0744860391001216,1.0678218826996355,8765,B_short
EURUSD,B,2022-06-13T07:00:00Z,buy,1.0481,1.0470871869029859,1.0511384392910426,8957,B_long
EURUSD,B,2022-06-13T08:15:00Z,buy,1.04815,1.046866002142249,1.052001993573253,8947,B_long
EURUSD,B,2022-06-14T09:45:00Z,sell,1.04357,1.0448887806144032,1.039613658156791,8975,B_short
EURUSD,B,2022-06-15T07:45:00Z,sell,1.04663,1.0483851002254716,1.041364699323585,8937,B_short
EURUSD,B,2022-06-15T11:30:00Z,sell,1.04728,1.048643768981188,1.0431886930564358,8915,B_short
EURUSD,B,2022-06-17T07:15:00Z,buy,1.05262,1.0515130055084987,1.0559409834745035,8904,B_long
EURUSD,B,2022-06-17T08:45:00Z,buy,1.05198,1.0506715237421538,1.0559054287735383,8899,B_long
EURUSD,B,2022-06-20T10:00:00Z,sell,1.0527,1.0536519675752136,1.049844097274359,8881,B_short
EURUSD,B,2022-06-20T11:00:00Z,sell,1.05206,1.0530765488575937,1.0490103534272188,8878,B_short
EURUSD,B,2022-06-20T11:45:00Z,sell,1.05259,1.0536018926933728,1.0495543219198813,8864,B_short
EURUSD,B,2022-06-22T07:15:00Z,buy,1.04903,1.0477382679172378,1.0529051962482863,8885,B_long
EURUSD,B,2022-06-24T09:30:00Z,sell,1.05434,1.0552882146862983,1.0514953559411053,8872,B_short
EURUSD,B,2022-06-24T10:00:00Z,sell,1.05461,1.0555602590310418,1.0517592229068748,8861,B_short
EURUSD,B,2022-06-27T09:45:00Z,sell,1.05686,1.0578037276566308,1.0540288170301073,8865,B_short
EURUSD,B,2022-06-27T11:45:00Z,sell,1.05668,1.0575767592838696,1.0539897221483914,8858,B_short
EURUSD,B,2022-06-28T07:45:00Z,sell,1.05842,1.0594455120243764,1.0553434639268704,8835,B_short
EURUSD,B,2022-06-28T09:15:00Z,sell,1.05844,1.0594379426369378,1.0554461720891868,8826,B_short
EURUSD,B,2022-06-29T07:00:00Z,buy,1.05056,1.0494660801316897,1.0538417596049305,8916,B_long
EURUSD,B,2022-06-29T07:30:00Z,buy,1.05066,1.0494930112989136,1.054160966103259,8905,B_long
EURUSD,B,2022-07-01T07:30:00Z,buy,1.04562,1.0444653079138984,1.049084076258305,8937,B_long
EURUSD,B,2022-07-01T08:00:00Z,buy,1.04522,1.0439892312775503,1.0489123061673493,8930,B_long
EURUSD,B,2022-07-04T08:15:00Z,buy,1.04277,1.0420279286957772,1.0449962139126683,8940,B_long
EURUSD,B,2022-07-04T09:45:00Z,sell,1.04419,1.0450375087916477,1.0416474736250567,8946,B_short
EURUSD,B,2022-07-08T10:15:00Z,buy,1.014,1.0124927424240284,1.0185217727279148,9204,B_long
EURUSD,B,2022-07-12T09:45:00Z,buy,1.00127,1.0002651315260465,1.004284605421861,9306,B_long
EURUSD,B,2022-07-13T07:45:00Z,buy,1.0033,1.001838818915179,1.0076835432544633,9315,B_long
EURUSD,B,2022-07-14T07:15:00Z,buy,1.00222,1.00110762921641,1.0055571123507703,9364,B_long
EURUSD,B,2022-07-15T10:00:00Z,sell,1.00406,1.0050294527213628,1.0011516418359114,9336,B_short
EURUSD,B,2022-07-20T07:30:00Z,sell,1.0239,1.0251305338554733,1.0202083984335804,9146,B_short
EURUSD,B,2022-07-20T10:00:00Z,sell,1.02399,1.025288773580324,1.0200936792590278,9134,B_short
EURUSD,B,2022-07-21T09:45:00Z,buy,1.01817,1.0167551943739177,1.022414416878247,9220,B_long
EURUSD,B,2022-07-26T07:00:00Z,buy,1.02257,1.0216266849187408,1.0253999452437776,9217,B_long
EURUSD,B,2022-07-26T08:15:00Z,buy,1.0216,1.0203495079421026,1.0253514761736926,9217,B_long
EURUSD,B,2022-07-27T11:45:00Z,sell,1.01505,1.0161446439684956,1.0117660680945133,9264,B_short
EURUSD,B,2022-07-29T07:30:00Z,sell,1.02222,1.0237319836768661,1.0176840489694012,9228,B_short
EURUSD,B,2022-07-29T08:00:00Z,sell,1.02193,1.0235294010728462,1.0171317967814615,9216,B_short
EURUSD,B,2022-07-29T11:00:00Z,sell,1.02187,1.0236136395604596,1.0166390813186215,9202,B_short
EURUSD,B,2022-08-01T08:15:00Z,sell,1.02395,1.0251037603142172,1.020488719057348,9229,B_short
EURUSD,B,2022-08-01T11:30:00Z,sell,1.02384,1.025002848774516,1.0203514536764524,9219,B_short
EURUSD,B,2022-08-03T09:15:00Z,sell,1.0185,1.0195283359816112,1.0154149920551663,9256,B_short
EURUSD,B,2022-08-03T10:15:00Z,sell,1.0181,1.0192150926216454,1.0147547221350637,9250,B_short
EURUSD,B,2022-08-03T11:30:00Z,sell,1.01884,1.0202005899387898,1.0147582301836304,9232,B_short
EURUSD,B,2022-08-04T08:15:00Z,sell,1.01757,1.0184923379081872,1.0148029862754389,9280,B_short
EURUSD,B,2022-08-04T11:30:00Z,sell,1.01684,1.0181232124408972,1.0129903626773082,9277,B_short
EURUSD,B,2022-08-05T09:00:00Z,buy,1.0229,1.022126182766675,1.0252214516999747,9210,B_long
EURUSD,B,2022-08-08T08:30:00Z,sell,1.01886,1.019823337272936,1.0159699881811926,9238,B_short
EURUSD,B,2022-08-09T07:00:00Z,sell,1.01984,1.020381505984717,1.0182154820458493,9220,B_short
EURUSD,B,2022-08-15T07:30:00Z,buy,1.02407,1.0233266831018444,1.026299950694467,9176,B_long
EURUSD,B,2022-08-16T07:45:00Z,buy,1.01595,1.0150012477846166,1.0187962566461497,9242,B_long
EURUSD,B,2022-08-17T07:45:00Z,buy,1.01663,1.0156961155398287,1.0194316533805134,9226,B_long
EURUSD,B,2022-08-17T08:15:00Z,buy,1.01729,1.0162270378943603,1.0204788863169192,9211,B_long
EURUSD,B,2022-08-17T11:45:00Z,buy,1.01672,1.0158224307787658,1.019412707663703,9206,B_long
EURUSD,B,2022-08-18T08:00:00Z,buy,1.01729,1.0163216050678152,1.0201951847965545,9192,B_long
EURUSD,B,2022-08-18T09:30:00Z,buy,1.0164,1.015504574978614,1.0190862750641578,9190,B_long
EURUSD,B,2022-08-23T07:30:00Z,buy,0.99429,0.9928313911175212,0.9986658266474365,9386,B_long
EURUSD,B,2022-08-25T07:30:00Z,sell,0.99985,1.001123066956761,0.996030799129717,9319,B_short
EURUSD,B,2022-08-26T07:15:00Z,buy,0.9969,0.9960262681270857,0.9995211956187429,9334,B_long
EURUSD,B,2022-08-31T08:00:00Z,buy,1.0018,1.0006797034191874,1.0051608897424378,9312,B_long
EURUSD,B,2022-09-02T08:45:00Z,sell,0.99726,0.9980825268553194,0.994792419434042,9343,B_short
EURUSD,B,2022-09-05T11:00:00Z,sell,0.99225,0.9933936776625638,0.9888189670123084,9382,B_short
EURUSD,B,2022-09-06T08:00:00Z,sell,0.99616,0.9974030411509311,0.9924308765472067,9334,B_short
EURUSD,B,2022-09-07T07:00:00Z,sell,0.99028,0.9911733688307612,0.9875998935077165,9423,B_short
EURUSD,B,2022-09-07T09:00:00Z,sell,0.98985,0.9911445543703473,0.9859663368889581,9418,B_short
EURUSD,B,2022-09-07T10:00:00Z,sell,0.98975,0.9910103557011652,0.9859689328965043,9406,B_short
EURUSD,B,2022-09-08T09:45:00Z,sell,0.9998,1.0006573646298507,0.9972279061104481,9299,B_short
EURUSD,B,2022-09-09T09:30:00Z,sell,1.00776,1.0091193486748473,1.003681953975458,9217,B_short
EURUSD,B,2022-09-09T10:45:00Z,sell,1.00737,1.0086534771062126,1.0035195686813627,9207,B_short
EURUSD,B,2022-09-13T08:00:00Z,sell,1.01459,1.0156006958710047,1.0115579123869864,9176,B_short
EURUSD,B,2022-09-14T07:00:00Z,buy,0.99812,0.9970461764184392,1.0013414707446824,9317,B_long
EURUSD,B,2022-09-14T11:15:00Z,sell,0.99949,1.000659851157645,0.995980446527065,9293,B_short
EURUSD,B,2022-09-15T10:30:00Z,sell,0.99754,0.9984483309021487,0.9948150072935539,9300,B_short
EURUSD,B,2022-09-16T10:30:00Z,buy,0.99822,0.9971108222220023,1.001547533333993,9285,B_long
EURUSD,B,2022-09-16T11:15:00Z,buy,0.99815,0.9970334537545893,1.001499638736232,9274,B_long
EURUSD,B,2022-09-19T07:30:00Z,buy,0.99781,0.9970123004510861,1.0002030986467414,9266,B_long
EURUSD,B,2022-09-19T09:00:00Z,buy,0.998,0.9971272997520335,1.0006181007438995,9256,B_long
EURUSD,B,2022-09-19T10:15:00Z,buy,0.99764,0.9967620746098196,1.0002737761705411,9251,B_long
EURUSD,B,2022-09-27T07:45:00Z,sell,0.96469,0.9659156331680692,0.9610131004957927,9591,B_short
EURUSD,B,2022-09-27T10:00:00Z,buy,0.96202,0.9605856539231014,0.9663230382306959,9653,B_long
EURUSD,B,2022-09-28T07:00:00Z,buy,0.95496,0.9537162920582224,0.958691123825333,9709,B_long
EURUSD,B,2022-09-29T07:45:00Z,buy,0.9655,0.9641236695840191,0.9696289912479429,9639,B_long
EURUSD,B,2022-09-30T08:45:00Z,sell,0.98329,0.984920145024103,0.9783995649276911,9504,B_short
EURUSD,B,2022-10-06T07:00:00Z,buy,0.99103,0.9899915840973902,0.9941452477078293,9476,B_long
EURUSD,B,2022-10-07T07:00:00Z,buy,0.97891,0.977944893759024,0.9818053187229276,9582,B_long
EURUSD,B,2022-10-13T07:30:00Z,buy,0.96995,0.9690346753286286,0.972695974014114,9660,B_long
EURUSD,B,2022-10-17T07:00:00Z,buy,0.97466,0.9737051641448068,0.9775245075655795,9640,B_long
EURUSD,B,2022-10-17T10:30:00Z,sell,0.97498,0.9762893627998379,0.9710519116004861,9627,B_short
EURUSD,B,2022-10-18T11:15:00Z,buy,0.98359,0.9823041655293517,0.9874475034119446,9529,B_long
EURUSD,B,2022-10-19T07:30:00Z,buy,0.98349,0.9825152628901882,0.9864142113294353,9566,B_long
EURUSD,B,2022-10-20T07:00:00Z,sell,0.97775,0.9788653645581995,0.9744039063254015,9612,B_short
EURUSD,B,2022-10-21T08:00:00Z,sell,0.97809,0.9791746232371008,0.9748361302886976,9597,B_short
EURUSD,B,2022-10-24T09:45:00Z,buy,0.98332,0.9818649843711376,0.9876850468865872,9576,B_long
EURUSD,B,2022-10-24T11:45:00Z,buy,0.98352,0.9821504238366402,0.9876287284900792,9560,B_long
EURUSD,B,2022-10-25T08:00:00Z,buy,0.98725,0.9862614484200686,0.9902156547397941,9562,B_long
EURUSD,B,2022-10-25T09:15:00Z,buy,0.98714,0.9860531299005532,0.9904006102983406,9553,B_long
EURUSD,B,2022-10-25T11:45:00Z,buy,0.98666,0.9858086463865672,0.9892140608402984,9546,B_long
EURUSD,B,2022-10-27T07:00:00Z,buy,1.00653,1.0055863833600573,1.0093608499198277,9349,B_long
EURUSD,B,2022-10-28T09:00:00Z,buy,0.99614,0.9948062922947482,1.0001411231157555,9437,B_long
EURUSD,B,2022-10-28T11:15:00Z,buy,0.99661,0.9953740532792525,1.0003178401622423,9419,B_long
EURUSD,B,2022-10-31T07:30:00Z,buy,0.99435,0.9935677227763506,0.9966968316709479,9428,B_long
EURUSD,B,2022-10-31T09:45:00Z,buy,0.99461,0.9935739266067465,0.9977182201797605,9417,B_long
EURUSD,B,2022-11-01T07:15:00Z,sell,0.99173,0.9926632391979342,0.9889302824061974,9433,B_short
EURUSD,B,2022-11-01T08:30:00Z,sell,0.99234,0.9935716403378023,0.988645078986593,9418,B_short
EURUSD,B,2022-11-01T11:00:00Z,sell,0.99277,0.993906264077317,0.9893612077680493,9402,B_short
EURUSD,B,2022-11-02T09:00:00Z,sell,0.98941,0.990275026852679,0.9868149194419631,9422,B_short
EURUSD,B,2022-11-02T10:15:00Z,sell,0.98983,0.9907316576463694,0.9871250270608918,9409,B_short
EURUSD,B,2022-11-08T07:15:00Z,buy,0.99961,0.9987644921919552,1.0021465234241345,9308,B_long
EURUSD,B,2022-11-08T08:30:00Z,buy,0.99974,0.9986738877753779,1.002938336673866,9298,B_long
EURUSD,B,2022-11-08T09:30:00Z,buy,0.99991,0.9986986619012853,1.003544014296144,9286,B_long
EURUSD,B,2022-11-09T07:00:00Z,buy,1.0068,1.0059600498894943,1.0093198503315168,9210,B_long
EURUSD,B,2022-11-09T11:30:00Z,buy,1.00599,1.0047950765712357,1.0095747702862927,9210,B_long
EURUSD,B,2022-11-14T10:15:00Z,buy,1.03041,1.0287796936380278,1.0353009190859168,8980,B_long
EURUSD,B,2022-11-17T08:45:00Z,sell,1.03861,1.039821758201128,1.0349747253966162,8894,B_short
EURUSD,B,2022-11-18T09:00:00Z,buy,1.03591,1.0346502890956069,1.0396891327131799,8947,B_long
EURUSD,B,2022-11-22T08:30:00Z,sell,1.02657,1.0277040468172296,1.0231678595483111,9017,B_short
EURUSD,B,2022-11-23T08:15:00Z,sell,1.03298,1.0339907630554033,1.0299477108337902,8950,B_short
EURUSD,B,2022-11-23T10:30:00Z,buy,1.03067,1.0294978249199251,1.0341865252402245,8997,B_long
EURUSD,B,2022-11-24T10:45:00Z,buy,1.04053,1.0393237525173298,1.0441487424480105,8941,B_long
EURUSD,B,2022-11-25T10:00:00Z,buy,1.04058,1.0393845145383638,1.044166456384909,8930,B_long
EURUSD,B,2022-11-30T09:45:00Z,sell,1.03579,1.0368384531451376,1.0326446405645873,8960,B_short
EURUSD,B,2022-11-30T10:45:00Z,sell,1.03537,1.0365244748696942,1.031906575390917,8954,B_short
EURUSD,B,2022-12-01T07:00:00Z,sell,1.04472,1.0455680286485707,1.0421759140542883,8863,B_short
EURUSD,B,2022-12-01T08:00:00Z,buy,1.04236,1.0406108447164084,1.0476074658507746,8875,B_long
EURUSD,B,2022-12-01T08:30:00Z,buy,1.043,1.04112023447588,1.0486392965723594,8854,B_long
EURUSD,B,2022-12-02T07:15:00Z,sell,1.05283,1.0535494473586804,1.0506716579239586,8817,B_short
EURUSD,B,2022-12-02T08:00:00Z,sell,1.05214,1.0531666328435618,1.0490601014693148,8816,B_short
EURUSD,B,2022-12-02T09:15:00Z,sell,1.05264,1.0537909326332637,1.0491872021002089,8803,B_short
EURUSD,B,2022-12-05T08:15:00Z,buy,1.05422,1.0531009133575915,1.0575772599272253,8779,B_long
EURUSD,B,2022-12-05T11:00:00Z,buy,1.05418,1.0529761929050772,1.057791421284768,8770,B_long
EURUSD,B,2022-12-06T07:30:00Z,buy,1.04884,1.0478455297872544,1.0518234106382367,8844,B_long
EURUSD,B,2022-12-07T07:15:00Z,buy,1.04579,1.0448511611533118,1.0486065165400646,8894,B_long
EURUSD,B,2022-12-08T09:15:00Z,sell,1.05059,1.0516619151496305,1.0473742545511082,8876,B_short
EURUSD,B,2022-12-09T09:30:00Z,buy,1.0553,1.0543871584485707,1.0580385246542876,8827,B_long
EURUSD,B,2022-12-13T07:45:00Z,sell,1.05512,1.055885210280781,1.0528243691576573,8820,B_short
EURUSD,B,2022-12-13T08:15:00Z,sell,1.05473,1.0556024468331198,1.0521126595006405,8816,B_short
EURUSD,B,2022-12-16T08:00:00Z,buy,1.0639,1.0629846330302932,1.0666461009091206,8732,B_long
EURUSD,B,2022-12-16T08:30:00Z,buy,1.06424,1.0631539688094203,1.0674980935717395,8721,B_long
EURUSD,B,2022-12-16T11:15:00Z,buy,1.06358,1.0624501016035697,1.0669696951892909,8717,B_long
EURUSD,B,2022-12-19T11:00:00Z,sell,1.06114,1.0624369308671289,1.0572492073986133,8727,B_short
EURUSD,B,2022-12-21T08:15:00Z,sell,1.06203,1.0628910317098188,1.0594469048705437,8708,B_short
EURUSD,B,2022-12-21T09:15:00Z,sell,1.0625,1.063465545218057,1.059603364345829,8697,B_short
EURUSD,B,2022-12-23T08:15:00Z,sell,1.06026,1.061150924825825,1.0575872255225247,8707,B_short
EURUSD,B,2022-12-27T07:00:00Z,sell,1.06573,1.0663746418107685,1.0637960745676949,8654,B_short
EURUSD,B,2022-12-27T07:30:00Z,sell,1.0657,1.0663959309600883,1.0636122071197354,8648,B_short
EURUSD,B,2022-12-27T11:30:00Z,sell,1.06577,1.0665758890059964,1.0633523329820112,8641,B_short
EURUSD,B,2022-12-28T07:45:00Z,sell,1.06456,1.0650751622135315,1.0630145133594053,8670,B_short
EURUSD,B,2022-12-29T07:45:00Z,buy,1.06232,1.061729875293718,1.0640903741188454,8700,B_long
EURUSD,B,2022-12-29T08:30:00Z,sell,1.06334,1.0641442382162078,1.0609272853513763,8705,B_short
EURUSD,B,2022-12-29T10:30:00Z,sell,1.06352,1.0644418237928523,1.060754528621443,8696,B_short
EURUSD,B,2022-12-30T07:30:00Z,buy,1.06425,1.0636487103790506,1.0660538688628478,8682,B_long
EURUSD,B,2022-12-30T09:00:00Z,sell,1.06685,1.0676321227504202,1.0645036317487397,8675,B_short
EURUSD,B,2023-01-02T09:00:00Z,buy,1.06863,1.0674107060858382,1.0722878817424852,8653,B_long
EURUSD,B,2023-01-05T07:45:00Z,buy,1.06052,1.0596582853610963,1.0631051439167107,8709,B_long
EURUSD,B,2023-01-06T10:00:00Z,buy,1.05133,1.05039632143574,1.0541310356927807,8777,B_long
EURUSD,B,2023-01-06T10:30:00Z,buy,1.05138,1.0503799481006224,1.0543801556981327,8768,B_long
EURUSD,B,2023-01-09T07:15:00Z,sell,1.06779,1.0685800002491168,1.0654199992526496,8625,B_short
EURUSD,B,2023-01-09T09:00:00Z,sell,1.06757,1.0687463438344644,1.0640409684966063,8619,B_short
EURUSD,B,2023-01-10T09:30:00Z,sell,1.07367,1.074753021959547,1.0704209341213589,8560,B_short
EURUSD,B,2023-01-11T07:30:00Z,sell,1.0747,1.075502558632784,1.072292324101648,8543,B_short
EURUSD,B,2023-01-12T07:30:00Z,buy,1.07604,1.075507404940202,1.0776377851793943,8525,B_long
EURUSD,B,2023-01-12T09:15:00Z,buy,1.07665,1.0757879539737645,1.079236138078707,8515,B_long
EURUSD,B,2023-01-12T10:30:00Z,buy,1.07607,1.0751725903470366,1.0787622289588905,8512,B_long
EURUSD,B,2023-01-16T10:00:00Z,buy,1.08266,1.0817480594570392,1.0853958216288822,8481,B_long
EURUSD,B,2023-01-17T08:15:00Z,sell,1.08306,1.0838847379973575,1.080585786007927,8470,B_short
EURUSD,B,2023-01-20T07:00:00Z,buy,1.08334,1.0826914430684484,1.0852856707946545,8460,B_long
EURUSD,B,2023-01-20T08:45:00Z,sell,1.08402,1.0849702163650365,1.0811693509048903,8469,B_short
EURUSD,B,2023-01-23T07:15:00Z,sell,1.0894,1.0905307646784703,1.0860077059645887,8419,B_short
EURUSD,B,2023-01-23T08:00:00Z,sell,1.09028,1.091438159999585,1.0868055200012445,8403,B_short
EURUSD,B,2023-01-23T10:30:00Z,sell,1.08967,1.090616038302772,1.0868318850916834,8398,B_short
EURUSD,B,2023-01-24T08:30:00Z,sell,1.08757,1.08858114116102,1.0845365765169397,8435,B_short
EURUSD,B,2023-01-25T07:30:00Z,sell,1.08939,1.090131405780006,1.0871657826599823,8444,B_short
EURUSD,B,2023-01-25T09:15:00Z,buy,1.08815,1.0871785981360367,1.0910642055918898,8470,B_long
EURUSD,B,2023-01-30T08:00:00Z,buy,1.08834,1.087443515416129,1.0910294537516132,8460,B_long
EURUSD,B,2023-01-31T11:45:00Z,buy,1.08357,1.0826596771750583,1.0863009684748248,8517,B_long
EURUSD,B,2023-02-01T07:30:00Z,sell,1.08693,1.0875373251626015,1.0851080245121953,8483,B_short
EURUSD,B,2023-02-01T08:00:00Z,sell,1.08737,1.088163946455465,1.0849881606336045,8474,B_short
EURUSD,B,2023-02-02T07:00:00Z,buy,1.10088,1.1002540575027102,1.1027578274918697,8363,B_long
EURUSD,B,2023-02-06T08:00:00Z,buy,1.07875,1.0780139738415058,1.080958078475483,8529,B_long
EURUSD,B,2023-02-06T08:30:00Z,buy,1.07894,1.0780148070187308,1.0817155789438078,8521,B_long
EURUSD,B,2023-02-08T11:45:00Z,sell,1.07348,1.0742775919958278,1.0710872240125164,8557,B_short
EURUSD,B,2023-02-09T07:00:00Z,sell,1.07346,1.0741075464445293,1.0715173606664123,8550,B_short
EURUSD,B,2023-02-10T08:15:00Z,sell,1.07379,1.0746941742335665,1.0710774772993006,8541,B_short
EURUSD,B,2023-02-13T08:15:00Z,sell,1.06756,1.0682411467852881,1.0655165596441358,8612,B_short
EURUSD,B,2023-02-13T08:45:00Z,sell,1.06742,1.068111172474283,1.0653464825771508,8607,B_short
EURUSD,B,2023-02-13T09:15:00Z,sell,1.06729,1.0681327028806837,1.064761891357949,8601,B_short
EURUSD,B,2023-02-13T11:15:00Z,sell,1.06759,1.0683221449105107,1.065393565268468,8591,B_short
EURUSD,B,2023-02-15T07:30:00Z,buy,1.07174,1.0710352189455647,1.0738543431633054,8551,B_long
EURUSD,B,2023-02-15T08:00:00Z,buy,1.07165,1.0708304977857799,1.0741085066426603,8545,B_long
EURUSD,B,2023-02-16T08:30:00Z,sell,1.07087,1.0716340452740392,1.0685778641778825,8544,B_short
EURUSD,B,2023-02-20T08:30:00Z,sell,1.06883,1.0694568926209962,1.0669493221370112,8578,B_short
EURUSD,B,2023-02-20T09:15:00Z,sell,1.06875,1.0694745579520974,1.066576326143708,8573,B_short
EURUSD,B,2023-02-21T07:30:00Z,buy,1.0665,1.0659789770276058,1.0680630689171826,8607,B_long
EURUSD,B,2023-02-21T09:00:00Z,buy,1.06671,1.0658098839473376,1.0694103481579875,8617,B_long
EURUSD,B,2023-02-21T09:30:00Z,buy,1.06669,1.0654937350537779,1.070278794838666,8610,B_long
EURUSD,B,2023-02-24T08:30:00Z,buy,1.05933,1.0587105855182732,1.0611882434451807,8659,B_long
EURUSD,B,2023-02-24T10:15:00Z,buy,1.05941,1.0587062246391414,1.0615213260825755,8653,B_long
EURUSD,B,2023-02-27T07:00:00Z,buy,1.05442,1.053822596932939,1.056212209201183,8687,B_long
EURUSD,B,2023-02-28T09:30:00Z,sell,1.06099,1.0618978881996244,1.0582663354011272,8647,B_short
EURUSD,B,2023-02-28T11:00:00Z,sell,1.06144,1.062329806671095,1.058770579986715,8635,B_short
EURUSD,B,2023-03-02T08:45:00Z,buy,1.06383,1.0631262218174058,1.0659413345477828,8608,B_long
EURUSD,B,2023-03-03T07:45:00Z,sell,1.06097,1.0615286773119363,1.0592939680641908,8625,B_short
EURUSD,B,2023-03-03T09:00:00Z,sell,1.06138,1.0621231150290447,1.059150654912866,8616,B_short
EURUSD,B,2023-03-03T11:00:00Z,sell,1.06108,1.0618888142025602,1.0586535573923195,8612,B_short
EURUSD,B,2023-03-06T07:45:00Z,sell,1.06482,1.0654040214784584,1.0630679355646253,8575,B_short
EURUSD,B,2023-03-06T08:15:00Z,sell,1.06495,1.0655630650215977,1.0631108049352072,8568,B_short
EURUSD,B,2023-03-07T07:00:00Z,buy,1.06837,1.0678598042389094,1.069900587283272,8555,B_long
EURUSD,B,2023-03-09T08:00:00Z,sell,1.05505,1.0555407612326957,1.053577716301913,8658,B_short
EURUSD,B,2023-03-09T09:00:00Z,sell,1.05553,1.0561771686235462,1.0535884941293618,8649,B_short
EURUSD,B,2023-03-13T11:45:00Z,buy,1.06639,1.064929939421058,1.0707701817368256,8555,B_long
EURUSD,B,2023-03-14T08:00:00Z,buy,1.06983,1.068851842903982,1.0727644712880544,8561,B_long
EURUSD,B,2023-03-14T08:45:00Z,buy,1.07061,1.0694633715140884,1.074049885457735,8547,B_long
EURUSD,B,2023-03-14T09:15:00Z,buy,1.06998,1.0687887990483596,1.073553602854921,8542,B_long
EURUSD,B,2023-03-16T08:45:00Z,sell,1.06122,1.0623882822102113,1.0577151533693663,8640,B_short
EURUSD,B,2023-03-17T09:15:00Z,sell,1.0644,1.065353001640474,1.0615409950785781,8642,B_short
EURUSD,B,2023-03-20T07:15:00Z,buy,1.06674,1.0656087882448366,1.0701336352654902,8645,B_long
EURUSD,B,2023-03-20T09:45:00Z,buy,1.06743,1.066012349403722,1.0716829517888347,8630,B_long
EURUSD,B,2023-03-21T07:00:00Z,buy,1.07113,1.0706553108361778,1.0725540674914662,8633,B_long
EURUSD,B,2023-03-22T07:45:00Z,buy,1.07657,1.0760299732003848,1.0781900803988456,8600,B_long
EURUSD,B,2023-03-23T07:30:00Z,sell,1.09074,1.0917604546544846,1.0876786360365465,8500,B_short
EURUSD,B,2023-03-27T08:00:00Z,buy,1.07636,1.0753236532032353,1.079469040390294,8637,B_long
EURUSD,B,2023-03-28T08:15:00Z,sell,1.0819,1.082688266874112,1.0795351993776643,8616,B_short
EURUSD,B,2023-03-29T07:15:00Z,buy,1.08327,1.0825807037529749,1.0853378887410752,8599,B_long
EURUSD,B,2023-04-04T07:15:00Z,sell,1.0907,1.0915473917405594,1.088157824778322,8555,B_short
EURUSD,B,2023-04-04T11:00:00Z,sell,1.09082,1.0917899495304093,1.0879101514087717,8547,B_short
EURUSD,B,2023-04-05T07:00:00Z,buy,1.09614,1.0954790293483645,1.098122911954906,8497,B_long
EURUSD,B,2023-04-05T09:00:00Z,buy,1.09583,1.0949900405769566,1.0983498782691306,8494,B_long
EURUSD,B,2023-04-05T09:45:00Z,buy,1.0952,1.0943515819696514,1.0977452540910455,8492,B_long
EURUSD,B,2023-04-06T08:00:00Z,sell,1.09032,1.091012144241923,1.088243567274231,8522,B_short
EURUSD,B,2023-04-07T09:30:00Z,buy,1.09149,1.0912067276806847,1.0923398169579461,8507,B_long
EURUSD,B,2023-04-07T10:15:00Z,buy,1.09155,1.0912650194709523,1.092404941587143,8504,B_long
EURUSD,B,2023-04-10T08:00:00Z,sell,1.09144,1.0919591844235825,1.0898824467292523,8501,B_short
EURUSD,B,2023-04-13T07:00:00Z,buy,1.09973,1.0990454348510241,1.101783695446928,8448,B_long
EURUSD,B,2023-04-17T07:15:00Z,sell,1.0994,1.1000283102917823,1.097515069124653,8466,B_short
EURUSD,B,2023-04-19T07:00:00Z,buy,1.09657,1.095816765412029,1.0988297037639132,8501,B_long
EURUSD,B,2023-04-19T07:45:00Z,buy,1.09625,1.0954163773659933,1.09875086790202,8497,B_long
EURUSD,B,2023-04-19T09:00:00Z,buy,1.09603,1.0950980473696814,1.098825857890956,8491,B_long
EURUSD,B,2023-04-20T07:00:00Z,sell,1.09559,1.0962146522735552,1.0937160431793347,8487,B_short
EURUSD,B,2023-04-20T09:00:00Z,sell,1.09587,1.096790880267226,1.0931073591983218,8479,B_short
EURUSD,B,2023-04-20T11:45:00Z,sell,1.09547,1.0962817007947339,1.0930348976157982,8474,B_short
EURUSD,B,2023-04-21T07:45:00Z,buy,1.09561,1.094783592604307,1.0980892221870788,8466,B_long
EURUSD,B,2023-04-27T10:30:00Z,buy,1.10409,1.103337565760405,1.1063473027187851,8419,B_long
EURUSD,B,2023-04-28T07:15:00Z,buy,1.10057,1.099366511400727,1.1041804657978194,8440,B_long
EURUSD,B,2023-05-01T07:15:00Z,buy,1.10021,1.0995913612696526,1.1020659161910418,8432,B_long
EURUSD,B,2023-05-01T09:30:00Z,buy,1.10021,1.099604647767032,1.1020260566989035,8427,B_long
EURUSD,B,2023-05-02T07:45:00Z,sell,1.09855,1.09947739662623,1.09576781012131,8453,B_short
EURUSD,B,2023-05-02T11:00:00Z,buy,1.09731,1.0962093362037788,1.1006119913886636,8483,B_long
EURUSD,B,2023-05-04T11:45:00Z,buy,1.10743,1.1065791746414653,1.1099824760756039,8396,B_long
EURUSD,B,2023-05-08T07:15:00Z,sell,1.10443,1.1049041303191092,1.1030076090426726,8411,B_short
EURUSD,B,2023-05-08T08:45:00Z,sell,1.10359,1.1043685724551067,1.1012542826346803,8414,B_short
EURUSD,B,2023-05-08T11:30:00Z,sell,1.10437,1.1050008526042816,1.1024774421871555,8401,B_short
EURUSD,B,2023-05-10T07:30:00Z,sell,1.09754,1.0981638743554605,1.0956683769336184,8467,B_short
EURUSD,B,2023-05-12T07:15:00Z,sell,1.09288,1.0934148871405212,1.0912753385784368,8517,B_short
EURUSD,B,2023-05-12T07:45:00Z,sell,1.09076,1.0915909152299914,1.0882672543100256,8545,B_short
EURUSD,B,2023-05-15T07:00:00Z,sell,1.08682,1.087344978867175,1.0852450633984747,8569,B_short
EURUSD,B,2023-05-15T08:45:00Z,sell,1.08684,1.0874647776909612,1.0849656669271166,8563,B_short
EURUSD,B,2023-05-18T07:00:00Z,buy,1.0828,1.0822441552921147,1.0844675341236558,8590,B_long
EURUSD,B,2023-05-19T07:15:00Z,sell,1.07784,1.078524220315365,1.0757873390539043,8624,B_short
EURUSD,B,2023-05-22T08:30:00Z,buy,1.08123,1.0804075164349762,1.083697450695071,8591,B_long
EURUSD,B,2023-05-23T07:45:00Z,buy,1.08034,1.0794579649196083,1.0829861052411753,8591,B_long
EURUSD,B,2023-05-23T08:15:00Z,buy,1.08011,1.079172382539617,1.082922852381149,8585,B_long
EURUSD,B,2023-05-24T08:15:00Z,sell,1.07832,1.0791602664464082,1.0757992006607753,8591,B_short
EURUSD,B,2023-05-24T11:15:00Z,buy,1.07686,1.0759716336101077,1.0795250991696765,8622,B_long
EURUSD,B,2023-05-25T08:30:00Z,buy,1.07359,1.0727809062598268,1.0760172812205198,8668,B_long
EURUSD,B,2023-05-25T09:30:00Z,buy,1.07334,1.0725210618012229,1.0757968145963313,8663,B_long
EURUSD,B,2023-05-25T11:45:00Z,buy,1.07328,1.072672319826216,1.075103040521352,8656,B_long
EURUSD,B,2023-05-29T11:00:00Z,buy,1.07183,1.0713610996069214,1.073236701179236,8662,B_long
EURUSD,B,2023-05-30T07:30:00Z,buy,1.06829,1.0674302537183544,1.0708692388449366,8687,B_long
EURUSD,B,2023-05-30T10:15:00Z,sell,1.07261,1.0735129729570514,1.069901081128846,8671,B_short
EURUSD,B,2023-06-01T08:30:00Z,buy,1.06804,1.0672426601955678,1.070432019413297,8700,B_long
EURUSD,B,2023-06-02T07:30:00Z,sell,1.07619,1.0768301574163024,1.0742695277510927,8653,B_short
EURUSD,B,2023-06-02T09:00:00Z,sell,1.0769,1.0776199357505338,1.0747401927483984,8641,B_short
EURUSD,B,2023-06-02T10:45:00Z,sell,1.07673,1.0774454211444429,1.0745837365666713,8636,B_short
EURUSD,B,2023-06-05T07:30:00Z,buy,1.06943,1.0687297277923595,1.0715308166229218,8712,B_long
EURUSD,B,2023-06-05T08:00:00Z,buy,1.06944,1.0687023733195944,1.0716528800412166,8705,B_long
EURUSD,B,2023-06-05T08:30:00Z,buy,1.06929,1.0685344492933844,1.0715566521198472,8700,B_long
EURUSD,B,2023-06-07T07:30:00Z,buy,1.06837,1.067744398888583,1.070246803334251,8700,B_long
EURUSD,B,2023-06-08T07:30:00Z,buy,1.07055,1.0699511332631333,1.0723466002105997,8697,B_long
EURUSD,B,2023-06-09T07:45:00Z,buy,1.07753,1.0769386547329638,1.079304035801109,8654,B_long
EURUSD,B,2023-06-09T11:30:00Z,buy,1.07751,1.0769281732018547,1.0792554803944356,8649,B_long
EURUSD,B,2023-06-13T11:00:00Z,sell,1.07959,1.080190300212447,1.0777890993626589,8627,B_short
EURUSD,B,2023-06-15T10:00:00Z,sell,1.08401,1.0847318348381176,1.0818444954856468,8586,B_short
EURUSD,B,2023-06-19T07:30:00Z,buy,1.09319,1.0926017894865983,1.0949546315402057,8530,B_long
EURUSD,B,2023-06-19T08:00:00Z,buy,1.09333,1.0927202774366003,1.0951591676901988,8524,B_long
EURUSD,B,2023-06-20T09:45:00Z,sell,1.0925,1.0932438892552065,1.0902683322343805,8525,B_short
EURUSD,B,2023-06-21T07:00:00Z,buy,1.09133,1.0908219720294094,1.0928540839117713,8528,B_long
EURUSD,B,2023-06-21T09:00:00Z,sell,1.09183,1.0925649570181124,1.089625128945663,8535,B_short
EURUSD,B,2023-06-21T09:45:00Z,sell,1.09165,1.092410326094457,1.0893690217166287,8530,B_short
EURUSD,B,2023-06-21T10:30:00Z,sell,1.09192,1.092638849312451,1.089763452062647,8521,B_short
EURUSD,B,2023-06-22T07:00:00Z,buy,1.09872,1.098212080044802,1.1002437598655934,8462,B_long
EURUSD,B,2023-06-22T08:15:00Z,sell,1.09932,1.100048578928626,1.097134263214122,8468,B_short
EURUSD,B,2023-06-22T11:30:00Z,sell,1.09927,1.1000888737508383,1.096813378747485,8462,B_short
EURUSD,B,2023-06-26T07:45:00Z,buy,1.09021,1.089579769035283,1.0921006928941503,8525,B_long
EURUSD,B,2023-06-26T10:15:00Z,buy,1.09057,1.089914154923653,1.092537535229041,8517,B_long
EURUSD,B,2023-06-27T09:00:00Z,sell,1.093,1.093642776007475,1.091071671977575,8512,B_short
EURUSD,B,2023-06-28T07:00:00Z,buy,1.09478,1.094194560307891,1.096536319076327,8493,B_long
EURUSD,B,2023-06-29T08:15:00Z,sell,1.09134,1.0920595901950472,1.0891812294148584,8514,B_short
EURUSD,B,2023-07-03T11:00:00Z,buy,1.09031,1.089419461187165,1.0929816164385044,8516,B_long
EURUSD,B,2023-07-04T11:15:00Z,buy,1.08956,1.0889701825499678,1.091329452350097,8514,B_long
EURUSD,B,2023-07-05T07:45:00Z,sell,1.08865,1.0894806080776425,1.0861581757670722,8516,B_short
EURUSD,B,2023-07-05T10:00:00Z,sell,1.08876,1.0897624126119434,1.0857527621641696,8508,B_short
EURUSD,B,2023-07-06T07:45:00Z,sell,1.08556,1.0864297584478466,1.0829507246564605,8524,B_short
EURUSD,B,2023-07-07T09:30:00Z,buy,1.08848,1.087524552907278,1.0913463412781659,8494,B_long
EURUSD,B,2023-07-10T09:45:00Z,sell,1.09619,1.0969005658195317,1.094058302541405,8426,B_short
EURUSD,B,2023-07-11T09:15:00Z,buy,1.10033,1.0995979603650434,1.1025261189048698,8388,B_long
EURUSD,B,2023-07-13T07:15:00Z,sell,1.11409,1.1149897177531842,1.1113908467404474,8279,B_short
EURUSD,B,2023-07-14T07:45:00Z,buy,1.12214,1.1213853159477398,1.1244040521567802,8212,B_long
EURUSD,B,2023-07-17T07:30:00Z,sell,1.12338,1.124132104749346,1.1211236857519622,8218,B_short
EURUSD,B,2023-07-17T10:30:00Z,sell,1.12336,1.1240778993454366,1.12120630196369,8213,B_short
EURUSD,B,2023-07-18T07:30:00Z,sell,1.12634,1.1272125546158431,1.1237223361524702,8206,B_short
EURUSD,B,2023-07-19T07:00:00Z,buy,1.12267,1.1216134516528773,1.1258396450413684,8251,B_long
EURUSD,B,2023-07-20T07:45:00Z,buy,1.12054,1.1197281959109764,1.1229754122670712,8258,B_long
EURUSD,B,2023-07-21T08:15:00Z,buy,1.1133,1.1126048080634319,1.1153855758097042,8305,B_long
EURUSD,B,2023-07-21T11:30:00Z,buy,1.11308,1.1124831031684308,1.1148706904947079,8301,B_long
EURUSD,B,2023-07-24T07:15:00Z,sell,1.11246,1.1133811222097596,1.1096966333707212,8300,B_short
EURUSD,B,2023-07-25T07:15:00Z,sell,1.10802,1.1086070302275728,1.1062589093172817,8353,B_short
EURUSD,B,2023-07-25T08:15:00Z,buy,1.10635,1.1054538717959563,1.1090383846121308,8378,B_long
EURUSD,B,2023-07-26T07:15:00Z,sell,1.10616,1.1067605561672342,1.1043583314982974,8372,B_short
EURUSD,B,2023-07-26T11:45:00Z,sell,1.10627,1.107020456207572,1.1040186313772842,8366,B_short
EURUSD,B,2023-07-31T11:30:00Z,sell,1.10245,1.1031430594926959,1.1003708215219121,8388,B_short
EURUSD,B,2023-08-01T08:00:00Z,buy,1.09851,1.0976010526060505,1.101236842181849,8412,B_long
EURUSD,B,2023-08-01T10:45:00Z,buy,1.0982,1.0974540566667548,1.100437829999736,8407,B_long
EURUSD,B,2023-08-02T09:45:00Z,buy,1.09805,1.0973342286154113,1.100197314153766,8402,B_long
EURUSD,B,2023-08-03T08:45:00Z,buy,1.09247,1.0916692822174996,1.0948721533475014,8438,B_long
EURUSD,B,2023-08-07T07:00:00Z,buy,1.09826,1.0976731164676514,1.1000206505970458,8411,B_long
EURUSD,B,2023-08-07T11:45:00Z,buy,1.09839,1.097826845848592,1.1000794624542238,8405,B_long
EURUSD,B,2023-08-08T08:15:00Z,buy,1.09797,1.0972110516908475,1.100246844927457,8420,B_long
EURUSD,B,2023-08-09T08:15:00Z,sell,1.09783,1.098489389078451,1.0958518327646471,8415,B_short
EURUSD,B,2023-08-09T09:45:00Z,sell,1.09784,1.0984507098546716,1.0960078704359848,8409,B_short
EURUSD,B,2023-08-11T09:00:00Z,sell,1.09966,1.1002743135895627,1.0978170592313121,8390,B_short
EURUSD,B,2023-08-11T10:00:00Z,buy,1.09865,1.0978889904112297,1.1009330287663106,8411,B_long
EURUSD,B,2023-08-14T08:45:00Z,sell,1.09461,1.0954012086412053,1.0922363740763845,8435,B_short
EURUSD,B,2023-08-16T10:30:00Z,sell,1.09177,1.0923197499742456,1.0901207500772627,8475,B_short
EURUSD,B,2023-08-17T08:45:00Z,sell,1.08729,1.0879637804145503,1.0852686587563494,8522,B_short
EURUSD,B,2023-08-18T07:45:00Z,buy,1.0873,1.0866664111980675,1.0892007664057972,8516,B_long
EURUSD,B,2023-08-18T10:00:00Z,buy,1.08733,1.086718061482578,1.0891658155522657,8510,B_long
EURUSD,B,2023-08-21T08:00:00Z,sell,1.08856,1.0891042691676234,1.0869271924971298,8494,B_short
EURUSD,B,2023-08-22T08:30:00Z,sell,1.09142,1.0919945631713606,1.0896963104859185,8467,B_short
EURUSD,B,2023-08-23T07:30:00Z,sell,1.08222,1.0834468315391113,1.078539505382666,8552,B_short
EURUSD,B,2023-08-24T08:00:00Z,buy,1.08583,1.0852747591726808,1.087495722481958,8513,B_long
EURUSD,B,2023-08-25T08:00:00Z,buy,1.07778,1.0769398056328097,1.0803005831015708,8571,B_long
EURUSD,B,2023-08-25T11:30:00Z,sell,1.0802,1.0808120467970088,1.0783638596089737,8571,B_short
EURUSD,B,2023-08-28T07:45:00Z,sell,1.08087,1.081363308889642,1.0793900733310742,8560,B_short
EURUSD,B,2023-08-28T10:45:00Z,sell,1.08117,1.081797297434527,1.0792881076964191,8553,B_short
EURUSD,B,2023-08-29T07:15:00Z,buy,1.08238,1.081818063872724,1.0840658083818278,8538,B_long
EURUSD,B,2023-09-01T08:00:00Z,sell,1.0854,1.0860615250283512,1.0834154249149461,8509,B_short
EURUSD,B,2023-09-06T10:15:00Z,sell,1.07377,1.0745533350269412,1.071419994919176,8616,B_short
EURUSD,B,2023-09-07T07:45:00Z,buy,1.07155,1.070940896297387,1.073377311107839,8627,B_long
EURUSD,B,2023-09-13T07:15:00Z,buy,1.07433,1.0737279677998521,1.0761360966004436,8599,B_long
EURUSD,B,2023-09-14T10:00:00Z,buy,1.0731,1.07259382340623,1.0746185297813098,8603,B_long
EURUSD,B,2023-09-15T07:15:00Z,sell,1.0655,1.066104629190605,1.063686112428185,8659,B_short
EURUSD,B,2023-09-15T10:45:00Z,sell,1.0656,1.066183455440017,1.0638496336799497,8653,B_short
EURUSD,B,2023-09-18T07:15:00Z,buy,1.06636,1.0658476136527189,1.0678971590418433,8641,B_long
EURUSD,B,2023-09-18T08:30:00Z,buy,1.0664,1.0658463947008512,1.0680608158974465,8636,B_long
EURUSD,B,2023-09-20T07:15:00Z,buy,1.06803,1.0674521308071676,1.0697636075784973,8618,B_long
EURUSD,B,2023-09-21T11:00:00Z,sell,1.06477,1.0656525444080656,1.0621223667758033,8657,B_short
EURUSD,B,2023-09-22T07:15:00Z,sell,1.06228,1.06345232678195,1.0587630196541495,8670,B_short
EURUSD,B,2023-09-22T07:30:00Z,buy,1.06439,1.0629833167889764,1.0686100496330706,8642,B_long
EURUSD,B,2023-09-26T07:15:00Z,buy,1.05813,1.057458138806659,1.0601455835800229,8681,B_long
EURUSD,B,2023-09-26T11:00:00Z,sell,1.05916,1.059753300160025,1.0573800995199254,8688,B_short
EURUSD,B,2023-09-27T07:30:00Z,sell,1.05679,1.0573813337796023,1.0550159986611927,8702,B_short
EURUSD,B,2023-09-28T07:00:00Z,buy,1.05105,1.0503061641726608,1.0532815074820179,8763,B_long
EURUSD,B,2023-10-02T08:15:00Z,sell,1.05671,1.0574739477569826,1.0544181567290525,8734,B_short
EURUSD,B,2023-10-03T10:15:00Z,sell,1.048,1.0486237053683596,1.0461288838949214,8824,B_short
EURUSD,B,2023-10-06T08:00:00Z,sell,1.05474,1.0553051890420437,1.0530444328738688,8783,B_short
EURUSD,B,2023-10-10T11:15:00Z,sell,1.05793,1.0587834638367017,1.055369608489895,8751,B_short
EURUSD,B,2023-10-11T07:45:00Z,sell,1.05998,1.061042228988244,1.0567933130352678,8726,B_short
EURUSD,B,2023-10-11T10:15:00Z,buy,1.06011,1.0592470162956078,1.062698951113177,8716,B_long
EURUSD,B,2023-10-12T07:00:00Z,sell,1.06311,1.0636597049821583,1.061460885053525,8683,B_short
EURUSD,B,2023-10-13T09:00:00Z,sell,1.0544,1.0551118908590436,1.0522643274228693,8767,B_short
EURUSD,B,2023-10-16T07:15:00Z,sell,1.05258,1.0531955184458415,1.0507334446624759,8799,B_short
EURUSD,B,2023-10-16T08:00:00Z,sell,1.05271,1.0534158708223744,1.0505923875328769,8792,B_short
EURUSD,B,2023-10-16T10:00:00Z,sell,1.0529,1.0535308964470258,1.0510073106589224,8784,B_short
EURUSD,B,2023-10-17T07:00:00Z,buy,1.05477,1.054192570111524,1.056502289665428,8762,B_long
EURUSD,B,2023-10-17T09:00:00Z,buy,1.05444,1.053777805968207,1.056426582095379,8760,B_long
EURUSD,B,2023-10-18T09:15:00Z,sell,1.0577,1.0583999973010052,1.0556000080969847,8748,B_short
EURUSD,B,2023-10-18T11:15:00Z,buy,1.05607,1.055357051400796,1.0582088457976124,8778,B_long
EURUSD,B,2023-10-19T07:15:00Z,sell,1.05417,1.0546952651255845,1.0525942046232466,8787,B_short
EURUSD,B,2023-10-20T09:15:00Z,sell,1.05807,1.0587829030968936,1.0559312907093195,8750,B_short
EURUSD,B,2023-10-20T10:45:00Z,sell,1.05852,1.0591603563723861,1.0565989308828412,8739,B_short
EURUSD,B,2023-10-24T07:15:00Z,sell,1.06776,1.0684603671706754,1.065658898487974,8658,B_short
EURUSD,B,2023-10-25T08:00:00Z,buy,1.05908,1.0584559131090299,1.0609522606729105,8745,B_long
EURUSD,B,2023-10-26T07:00:00Z,buy,1.05439,1.053799227248036,1.0561623182558915,8778,B_long
EURUSD,B,2023-10-30T08:30:00Z,buy,1.05562,1.0549882411024263,1.0575152766927212,8762,B_long
EURUSD,B,2023-11-01T08:00:00Z,buy,1.05675,1.0562246505661559,1.0583260483015327,8767,B_long
EURUSD,B,2023-11-02T08:00:00Z,sell,1.05973,1.0603522239218537,1.0578633282344392,8737,B_short
EURUSD,B,2023-11-02T08:45:00Z,sell,1.06003,1.060761699542611,1.057834901372167,8729,B_short
EURUSD,B,2023-11-03T07:30:00Z,sell,1.0628,1.06319916253646,1.0616025123906196,8699,B_short
EURUSD,B,2023-11-06T07:45:00Z,sell,1.0733,1.0738498251824167,1.0716505244527497,8610,B_short
EURUSD,B,2023-11-09T08:30:00Z,buy,1.07033,1.0697555264844842,1.0720534205465473,8629,B_long
EURUSD,B,2023-11-09T09:15:00Z,buy,1.07034,1.0696759293885665,1.0723322118343008,8624,B_long
EURUSD,B,2023-11-10T07:30:00Z,buy,1.06682,1.066316751598884,1.0683297452033482,8646,B_long
EURUSD,B,2023-11-10T08:45:00Z,sell,1.0671,1.0677194751059695,1.0652415746820911,8639,B_short
EURUSD,B,2023-11-10T10:00:00Z,sell,1.06715,1.067840554878052,1.065078335365844,8633,B_short
EURUSD,B,2023-11-13T08:00:00Z,sell,1.06898,1.0693768728619244,1.067789381414227,8612,B_short
EURUSD,B,2023-11-13T09:45:00Z,sell,1.06896,1.0695893107368752,1.067072067789374,8608,B_short
EURUSD,B,2023-11-13T11:15:00Z,sell,1.06866,1.0692903895992139,1.0667688312023582,8605,B_short
EURUSD,B,2023-11-14T08:00:00Z,sell,1.07016,1.070547946762382,1.068996159712854,8607,B_short
EURUSD,B,2023-11-14T08:45:00Z,sell,1.06981,1.0703041508257638,1.0683275475227083,8606,B_short
EURUSD,B,2023-11-15T11:45:00Z,buy,1.08661,1.086001078484333,1.0884367645470012,8468,B_long
EURUSD,B,2023-11-16T09:15:00Z,sell,1.08557,1.0861295404814602,1.0838913785556192,8470,B_short
EURUSD,B,2023-11-17T08:45:00Z,buy,1.08482,1.0840971575029181,1.0869885274912452,8471,B_long
EURUSD,B,2023-11-20T10:00:00Z,sell,1.09271,1.0934486084580755,1.090494174625774,8426,B_short
EURUSD,B,2023-11-21T11:30:00Z,buy,1.09444,1.0938832303722763,1.0961103088831714,8406,B_long
EURUSD,B,2023-11-22T07:15:00Z,buy,1.09104,1.090529236103127,1.0925722916906193,8444,B_long
EURUSD,B,2023-11-22T09:30:00Z,buy,1.09086,1.0899196532775532,1.09368104016734,8441,B_long
EURUSD,B,2023-11-22T11:15:00Z,buy,1.09051,1.0897155382019317,1.0928933853942053,8436,B_long
EURUSD,B,2023-11-23T07:30:00Z,sell,1.09106,1.0915283798748885,1.0896548603753342,8425,B_short
EURUSD,B,2023-11-23T08:00:00Z,sell,1.09104,1.0915565164393608,1.0894904506819176,8421,B_short
EURUSD,B,2023-11-23T09:00:00Z,sell,1.0911,1.092098227081967,1.0881053187540988,8416,B_short
EURUSD,B,2023-11-24T09:15:00Z,sell,1.09104,1.0916713117659382,1.0891460647021853,8408,B_short
EURUSD,B,2023-11-27T07:45:00Z,sell,1.09475,1.0952922366884392,1.0931232899346819,8374,B_short
EURUSD,B,2023-11-27T11:30:00Z,sell,1.09468,1.0952588139239465,1.0929435582281608,8369,B_short
EURUSD,B,2023-11-28T09:00:00Z,buy,1.09501,1.0944460375636524,1.0967018873090428,8362,B_long
EURUSD,B,2023-12-01T11:15:00Z,buy,1.08931,1.0885202678987302,1.0916791963038093,8417,B_long
EURUSD,B,2023-12-04T08:00:00Z,buy,1.08692,1.086203015872496,1.0890709523825124,8429,B_long
EURUSD,B,2023-12-04T10:45:00Z,buy,1.08681,1.0860822213907424,1.088993335827773,8424,B_long
EURUSD,B,2023-12-05T09:00:00Z,buy,1.08357,1.082782826655857,1.0859315200324287,8442,B_long
EURUSD,B,2023-12-06T07:45:00Z,buy,1.07901,1.0784074573759894,1.0808176278720318,8471,B_long
EURUSD,B,2023-12-06T09:00:00Z,buy,1.07932,1.078574724189634,1.0815558274310983,8464,B_long
EURUSD,B,2023-12-07T10:15:00Z,sell,1.07714,1.0778339679925584,1.0750580960223248,8474,B_short
EURUSD,B,2023-12-08T08:00:00Z,buy,1.0784,1.0778970091632656,1.0799089725102033,8458,B_long
EURUSD,B,2023-12-08T08:30:00Z,buy,1.07864,1.0780653091048529,1.0803640726854415,8452,B_long
EURUSD,B,2023-12-08T10:00:00Z,buy,1.07846,1.0777842734033545,1.0804871797899365,8448,B_long
EURUSD,B,2023-12-11T08:15:00Z,buy,1.0764,1.075865777794999,1.0780026666150033,8458,B_long
EURUSD,B,2023-12-11T09:45:00Z,buy,1.07669,1.0760615431008307,1.0785753706975076,8451,B_long
EURUSD,B,2023-12-13T07:15:00Z,buy,1.07848,1.078092351540038,1.0796429453798864,8431,B_long
EURUSD,B,2023-12-18T10:15:00Z,sell,1.09142,1.0920033556739415,1.0896699329781758,8328,B_short
EURUSD,B,2023-12-19T07:45:00Z,sell,1.09283,1.0934258058210604,1.0910425825368186,8312,B_short
EURUSD,B,2023-12-20T07:45:00Z,buy,1.09668,1.096212286291409,1.0980831411257734,8278,B_long
EURUSD,B,2023-12-21T09:15:00Z,buy,1.09425,1.09367836544392,1.09596490366824,8292,B_long
EURUSD,B,2023-12-22T07:00:00Z,buy,1.09996,1.0995748913711807,1.101115325886458,8261,B_long
EURUSD,B,2023-12-25T07:00:00Z,sell,1.10009,1.100553780042158,1.0986986598735258,8268,B_short
EURUSD,B,2023-12-26T10:00:00Z,buy,1.10184,1.1014260537270906,1.103081838818728,8250,B_long
EURUSD,B,2023-12-27T07:30:00Z,sell,1.10368,1.104100957958479,1.1024171261245628,8233,B_short
EURUSD,B,2023-12-28T11:15:00Z,sell,1.11216,1.1129535552736887,1.1097793341789342,8166,B_short
EURUSD,B,2023-12-29T10:30:00Z,buy,1.10628,1.1055531703668795,1.1084604888993612,8226,B_long
EURUSD,B,2024-01-02T08:00:00Z,buy,1.10323,1.1022989137884378,1.1060232586346863,8243,B_long
EURUSD,B,2024-01-03T08:15:00Z,sell,1.09528,1.0959091875339002,1.0933924373982995,8295,B_short
EURUSD,B,2024-01-08T09:30:00Z,buy,1.09325,1.092530746698127,1.095407759905619,8324,B_long
EURUSD,B,2024-01-09T08:45:00Z,buy,1.09496,1.0943699857952438,1.0967300426142683,8327,B_long
EURUSD,B,2024-01-10T07:00:00Z,buy,1.09273,1.09233299303038,1.09392102090886,8338,B_long
EURUSD,B,2024-01-10T07:45:00Z,sell,1.0926,1.0933068160925201,1.0904795517224397,8348,B_short
EURUSD,B,2024-01-10T08:00:00Z,buy,1.09308,1.092322092719816,1.095353721840552,8338,B_long
EURUSD,B,2024-01-11T07:15:00Z,sell,1.09827,1.0986294833056622,1.0971915500830136,8315,B_short
EURUSD,B,2024-01-11T11:00:00Z,buy,1.0977,1.0970814933200588,1.0995555200398233,8326,B_long
EURUSD,B,2024-01-12T08:00:00Z,buy,1.09758,1.0969754660339155,1.0993936018982535,8322,B_long
EURUSD,B,2024-01-15T11:00:00Z,buy,1.09423,1.0936607731370076,1.0959376805889773,8342,B_long
EURUSD,B,2024-01-16T07:30:00Z,buy,1.09226,1.091723379236999,1.0938698622890033,8352,B_long
EURUSD,B,2024-01-18T07:00:00Z,sell,1.09006,1.0905342048544988,1.0886373854365037,8364,B_short
EURUSD,B,2024-01-18T09:00:00Z,buy,1.0885,1.0878141880265602,1.0905574359203196,8386,B_long
EURUSD,B,2024-01-19T08:45:00Z,buy,1.08771,1.0871075393799454,1.0895173818601636,8386,B_long
EURUSD,B,2024-01-22T08:45:00Z,buy,1.08917,1.088545832305973,1.0910425030820812,8370,B_long
EURUSD,B,2024-01-23T07:30:00Z,sell,1.09059,1.0911621748772253,1.0888734753683238,8353,B_short
EURUSD,B,2024-01-26T08:45:00Z,buy,1.08402,1.0833402146434932,1.0860593560695204,8417,B_long
EURUSD,B,2024-01-30T07:45:00Z,buy,1.08227,1.0817805837892995,1.0837382486321017,8445,B_long
EURUSD,B,2024-01-30T08:30:00Z,buy,1.08244,1.0818205133585457,1.0842984599243632,8439,B_long
EURUSD,B,2024-01-30T09:30:00Z,buy,1.08253,1.0819136385586847,1.0843790843239458,8433,B_long
EURUSD,B,2024-01-30T11:45:00Z,sell,1.08419,1.084834236394599,1.0822572908162027,8434,B_short
EURUSD,B,2024-01-31T07:00:00Z,buy,1.082,1.0816861577874035,1.0829415266377898,8445,B_long
EURUSD,B,2024-01-31T08:15:00Z,buy,1.08185,1.0811987849130646,1.083803645260806,8443,B_long
EURUSD,B,2024-02-01T11:15:00Z,buy,1.08057,1.0798310070871795,1.0827869787384616,8467,B_long
EURUSD,B,2024-02-02T07:15:00Z,sell,1.08804,1.0885258054417337,1.0865825836747984,8425,B_short
EURUSD,B,2024-02-02T08:15:00Z,sell,1.08772,1.0883724793920269,1.0857625618239195,8423,B_short
EURUSD,B,2024-02-02T10:30:00Z,sell,1.08815,1.0888712807788097,1.0859861576635708,8414,B_short
EURUSD,B,2024-02-05T08:15:00Z,sell,1.07728,1.0779308325443895,1.0753275023668316,8515,B_short
EURUSD,B,2024-02-06T07:45:00Z,sell,1.07517,1.0756370582473493,1.0737688252579518,8546,B_short
EURUSD,B,2024-02-06T08:30:00Z,sell,1.07517,1.075688342805756,1.073614971582732,8541,B_short
EURUSD,B,2024-02-07T08:00:00Z,sell,1.07655,1.0770060740014382,1.075181777995685,8542,B_short
EURUSD,B,2024-02-07T10:30:00Z,sell,1.07654,1.0770722167929099,1.0749433496212706,8538,B_short
EURUSD,B,2024-02-08T08:45:00Z,buy,1.07771,1.0771641037692434,1.0793476886922695,8523,B_long
EURUSD,B,2024-02-09T08:00:00Z,sell,1.07746,1.0778560164056343,1.0762719507830973,8520,B_short
EURUSD,B,2024-02-09T08:30:00Z,sell,1.07754,1.078083941211343,1.0759081763659708,8516,B_short
EURUSD,B,2024-02-12T08:00:00Z,sell,1.07894,1.0795198954489529,1.0772003136531414,8500,B_short
EURUSD,B,2024-02-13T07:15:00Z,sell,1.07716,1.0774934702549885,1.076159589235034,8526,B_short
EURUSD,B,2024-02-13T10:30:00Z,sell,1.0773,1.0778553067676655,1.0756340796970032,8522,B_short
EURUSD,B,2024-02-13T11:30:00Z,sell,1.0774,1.0780036072413095,1.0755891782760711,8516,B_short
EURUSD,B,2024-02-14T07:00:00Z,sell,1.07127,1.0716638210544087,1.0700885368367736,8559,B_short
EURUSD,B,2024-02-14T08:30:00Z,buy,1.07052,1.0698951355355997,1.0723945933932006,8574,B_long
EURUSD,B,2024-02-14T10:45:00Z,buy,1.07036,1.0697923742550988,1.0720628772347036,8569,B_long
EURUSD,B,2024-02-14T11:30:00Z,buy,1.07045,1.0698586714780598,1.0722239855658202,8563,B_long
EURUSD,B,2024-02-15T07:45:00Z,sell,1.07328,1.0737115567168847,1.071985329849346,8554,B_short
EURUSD,B,2024-02-15T11:45:00Z,sell,1.07353,1.0739242008295151,1.072347397511455,8548,B_short
EURUSD,B,2024-02-19T10:15:00Z,buy,1.0777,1.0772663812971464,1.0790008561085613,8511,B_long
EURUSD,B,2024-02-23T08:15:00Z,sell,1.08267,1.0830856503093957,1.0814230490718129,8468,B_short
EURUSD,B,2024-02-27T09:15:00Z,sell,1.08538,1.0858901508316223,1.083849547505133,8455,B_short
EURUSD,B,2024-02-29T08:45:00Z,sell,1.08376,1.0844394699684525,1.0817215900946426,8463,B_short
EURUSD,B,2024-02-29T10:45:00Z,sell,1.08378,1.0844538038853857,1.0817585883438428,8458,B_short
EURUSD,B,2024-03-01T10:30:00Z,buy,1.0808,1.080079613389851,1.0829611598304472,8475,B_long
EURUSD,B,2024-03-04T07:15:00Z,sell,1.08478,1.0850880553889088,1.0838558338332738,8438,B_short
EURUSD,B,2024-03-04T08:15:00Z,sell,1.08419,1.0846868140239532,1.0826995579281404,8440,B_short
EURUSD,B,2024-03-05T08:00:00Z,buy,1.08494,1.084577390142418,1.086027829572746,8429,B_long
EURUSD,B,2024-03-05T09:00:00Z,buy,1.08533,1.0849069347132365,1.08659919586029,8422,B_long
EURUSD,B,2024-03-07T07:45:00Z,buy,1.08937,1.089017785582337,1.0904266432529885,8387,B_long
EURUSD,B,2024-03-07T08:45:00Z,buy,1.08978,1.089355192573178,1.0910544222804661,8380,B_long
EURUSD,B,2024-03-07T10:45:00Z,buy,1.08964,1.0891554789616478,1.0910935631150565,8378,B_long
EURUSD,B,2024-03-11T07:30:00Z,sell,1.09393,1.0943443576403227,1.0926869270790323,8340,B_short
EURUSD,B,2024-03-11T10:00:00Z,buy,1.09373,1.0932548123008965,1.0951555630973109,8338,B_long
EURUSD,B,2024-03-12T09:15:00Z,buy,1.09267,1.0922951336073836,1.0937945991778493,8342,B_long
EURUSD,B,2024-03-13T08:45:00Z,sell,1.09275,1.0931729024300076,1.0914812927099775,8338,B_short
EURUSD,B,2024-03-13T10:45:00Z,sell,1.09305,1.0934926568846037,1.0917220293461891,8331,B_short
EURUSD,B,2024-03-14T07:00:00Z,buy,1.094,1.0937687898661903,1.0946936304014294,8320,B_long
EURUSD,B,2024-03-14T08:15:00Z,buy,1.09424,1.0938118937228476,1.0955243188314576,8315,B_long
EURUSD,B,2024-03-14T09:00:00Z,buy,1.09414,1.093681692002695,1.0955149239919144,8312,B_long
EURUSD,B,2024-03-15T08:45:00Z,sell,1.08828,1.0886424286182512,1.087192714145246,8353,B_short
EURUSD,B,2024-03-20T07:15:00Z,sell,1.0869,1.0872083806940462,1.0859748579178612,8360,B_short
EURUSD,B,2024-03-21T07:15:00Z,sell,1.09373,1.0940953696112736,1.0926338911661795,8314,B_short
EURUSD,B,2024-03-22T07:00:00Z,buy,1.0833,1.082871655788427,1.0845850326347186,8402,B_long
EURUSD,B,2024-03-26T07:15:00Z,sell,1.08474,1.0850437691504886,1.0838286925485343,8386,B_short
EURUSD,B,2024-03-26T09:00:00Z,sell,1.0847,1.085147007391801,1.083358977824597,8384,B_short
EURUSD,B,2024-03-27T09:30:00Z,sell,1.08306,1.083532258892201,1.0816432233233968,8392,B_short
EURUSD,B,2024-03-29T08:30:00Z,buy,1.07742,1.0770855431733386,1.0784233704799844,8446,B_long
EURUSD,B,2024-04-01T11:00:00Z,buy,1.07848,1.0781360537631854,1.079511838710444,8445,B_long
EURUSD,B,2024-04-02T08:00:00Z,sell,1.07363,1.0741710941841125,1.0720067174476628,8480,B_short
EURUSD,B,2024-04-03T07:30:00Z,buy,1.07722,1.0768356689374958,1.0783729931875128,8446,B_long
EURUSD,B,2024-04-05T08:45:00Z,sell,1.08375,1.084242510144104,1.082272469567688,8392,B_short
EURUSD,B,2024-04-08T09:15:00Z,buy,1.08275,1.0822458613083616,1.0842624160749155,8395,B_long
EURUSD,B,2024-04-09T07:00:00Z,buy,1.08582,1.085460020364354,1.0868999389069378,8366,B_long
EURUSD,B,2024-04-09T08:15:00Z,buy,1.08549,1.085100566401504,1.086658300795488,8365,B_long
EURUSD,B,2024-04-09T11:30:00Z,sell,1.08603,1.0864925132869092,1.0846424601392726,8369,B_short
EURUSD,B,2024-04-10T09:00:00Z,sell,1.0857,1.086145359420741,1.0843639217377772,8367,B_short
EURUSD,B,2024-04-10T11:45:00Z,sell,1.08556,1.085984515310686,1.0842864540679424,8364,B_short
EURUSD,B,2024-04-11T07:00:00Z,buy,1.07418,1.0736214554463692,1.075855633660892,8449,B_long
EURUSD,B,2024-04-11T08:45:00Z,sell,1.07405,1.0746819809842376,1.072154057047287,8445,B_short
EURUSD,B,2024-04-15T09:15:00Z,sell,1.06565,1.0662049423207387,1.0639851730377838,8525,B_short
EURUSD,B,2024-04-15T11:30:00Z,sell,1.06581,1.0663569736064793,1.0641690791805618,8519,B_short
EURUSD,B,2024-04-16T09:15:00Z,sell,1.06222,1.063091963819827,1.0596041085405186,8560,B_short
EURUSD,B,2024-04-16T10:30:00Z,sell,1.06249,1.0631924165959572,1.0603827502121281,8550,B_short
EURUSD,B,2024-04-17T11:45:00Z,sell,1.06355,1.064273328437662,1.061380014687014,8535,B_short
EURUSD,B,2024-04-18T07:00:00Z,sell,1.06833,1.0687560591830885,1.0670518224507346,8490,B_short
EURUSD,B,2024-04-18T07:45:00Z,sell,1.0681,1.068630391711184,1.0665088248664485,8488,B_short
EURUSD,B,2024-04-19T11:00:00Z,sell,1.06438,1.0650327678759077,1.0624216963722772,8530,B_short
EURUSD,B,2024-04-22T08:15:00Z,buy,1.06539,1.0648282765965598,1.067075170210321,8515,B_long
EURUSD,B,2024-04-22T10:15:00Z,buy,1.06537,1.0648127387644561,1.0670417837066313,8510,B_long
EURUSD,B,2024-04-23T07:15:00Z,buy,1.06649,1.065817467660074,1.0685075970197777,8496,B_long
EURUSD,B,2024-04-23T09:45:00Z,sell,1.06592,1.0667104270569503,1.063548718829149,8516,B_short
EURUSD,B,2024-04-26T07:30:00Z,sell,1.07281,1.0732613368621926,1.0714559894134223,8455,B_short
EURUSD,B,2024-04-26T10:30:00Z,sell,1.07281,1.07343554387169,1.07093336838493,8450,B_short
EURUSD,B,2024-04-29T09:15:00Z,buy,1.07087,1.0699984012605672,1.0734847962182983,8460,B_long
EURUSD,B,2024-05-01T07:00:00Z,buy,1.06589,1.0655468635368197,1.0669194093895409,8492,B_long
EURUSD,B,2024-05-02T07:45:00Z,sell,1.07153,1.0722661853621467,1.0693214439135603,8454,B_short
EURUSD,B,2024-05-06T08:30:00Z,sell,1.07702,1.0776026985515585,1.0752719043453247,8428,B_short
EURUSD,B,2024-05-07T08:15:00Z,buy,1.0759,1.075320258793529,1.077639223619413,8431,B_long
EURUSD,B,2024-05-10T07:15:00Z,sell,1.07786,1.0782947906468914,1.076555628059326,8428,B_short
EURUSD,B,2024-05-10T08:15:00Z,sell,1.07812,1.0786048899884615,1.0766653300346154,8422,B_short
EURUSD,B,2024-05-10T09:45:00Z,sell,1.07797,1.0784231413368728,1.076610575989382,8418,B_short
EURUSD,B,2024-05-14T09:00:00Z,buy,1.0789,1.078491741464297,1.080124775607109,8407,B_long
EURUSD,B,2024-05-15T07:45:00Z,sell,1.08258,1.0829729653547795,1.081401103935662,8374,B_short
EURUSD,B,2024-05-15T09:15:00Z,sell,1.08269,1.083149370207617,1.081311889377149,8370,B_short
EURUSD,B,2024-05-16T07:15:00Z,buy,1.08812,1.0877744461336234,1.0891566615991297,8324,B_long
EURUSD,B,2024-05-20T09:45:00Z,buy,1.08689,1.086501111316627,1.0880566660501187,8330,B_long
EURUSD,B,2024-05-21T08:00:00Z,sell,1.0861,1.0865017108365962,1.0848948674902117,8332,B_short
EURUSD,B,2024-05-23T07:30:00Z,buy,1.08273,1.0820200090123364,1.0848599729629906,8354,B_long
EURUSD,B,2024-05-27T08:45:00Z,sell,1.08493,1.085280055817046,1.083879832548862,8353,B_short
EURUSD,B,2024-05-29T09:15:00Z,buy,1.08473,1.0841539396554396,1.086458181033681,8351,B_long
EURUSD,B,2024-05-29T11:30:00Z,buy,1.0845,1.0838774570959273,1.0863676287122181,8347,B_long
EURUSD,B,2024-05-30T08:00:00Z,sell,1.08037,1.0809732507814067,1.07856024765578,8374,B_short
EURUSD,B,2024-06-03T07:30:00Z,buy,1.08503,1.0845346026328628,1.0865161921014113,8332,B_long
EURUSD,B,2024-06-05T07:15:00Z,buy,1.0878,1.0874037656289317,1.0889887031132053,8307,B_long
EURUSD,B,2024-06-06T08:15:00Z,buy,1.08751,1.0870577029349842,1.0888668911950474,8305,B_long
EURUSD,B,2024-06-07T07:15:00Z,sell,1.08927,1.0896703493715498,1.0880689518853504,8287,B_short
EURUSD,B,2024-06-10T11:30:00Z,buy,1.07489,1.0743090256823333,1.0766329229529996,8394,B_long
EURUSD,B,2024-06-17T07:15:00Z,buy,1.07063,1.0700080880249605,1.0724957359251184,8422,B_long
EURUSD,B,2024-06-17T07:45:00Z,buy,1.07006,1.0693293194498592,1.0722520416504224,8421,B_long
EURUSD,B,2024-06-18T10:15:00Z,buy,1.07182,1.0712800007878918,1.0734399976363247,8424,B_long
EURUSD,B,2024-06-19T07:45:00Z,buy,1.07367,1.0730868019036426,1.0754195942890719,8404,B_long
EURUSD,B,2024-06-25T08:30:00Z,buy,1.07335,1.0728795578327626,1.0747613265017124,8401,B_long
EURUSD,B,2024-06-27T11:45:00Z,sell,1.06927,1.0698210442992488,1.0676168671022532,8429,B_short
EURUSD,B,2024-07-01T07:15:00Z,sell,1.07587,1.0767173804185073,1.0733278587444786,8372,B_short
EURUSD,B,2024-07-01T09:00:00Z,sell,1.07617,1.0769361287786883,1.0738716136639355,8363,B_short
EURUSD,B,2024-07-04T10:15:00Z,sell,1.07949,1.0798966374128927,1.0782700877613223,8330,B_short
EURUSD,B,2024-07-05T11:00:00Z,sell,1.08233,1.0827298428061147,1.0811304715816559,8305,B_short
EURUSD,B,2024-07-08T08:15:00Z,sell,1.08358,1.0841873730386722,1.0817578808839834,8291,B_short
EURUSD,B,2024-07-08T10:15:00Z,sell,1.0835,1.084019844347182,1.0819404669584536,8287,B_short
EURUSD,B,2024-07-09T08:30:00Z,buy,1.08213,1.0817361254989055,1.0833116235032836,8292,B_long
EURUSD,B,2024-07-10T07:45:00Z,sell,1.08161,1.0819968987578572,1.0804493037264282,8293,B_short
EURUSD,B,2024-07-10T09:30:00Z,sell,1.08204,1.0825059203885339,1.080642238834398,8286,B_short
EURUSD,B,2024-07-16T08:00:00Z,sell,1.08975,1.09013617994395,1.0885914601681501,8223,B_short
EURUSD,B,2024-07-16T09:30:00Z,sell,1.08961,1.0901427952776144,1.0880116141671567,8220,B_short
EURUSD,B,2024-07-16T11:00:00Z,sell,1.08965,1.090098835269456,1.0883034941916319,8215,B_short
EURUSD,B,2024-07-18T07:00:00Z,buy,1.09337,1.0930126088710508,1.0944421733868475,8183,B_long
EURUSD,B,2024-07-18T08:00:00Z,buy,1.09322,1.0928313061129105,1.094386081661269,8181,B_long
EURUSD,B,2024-07-18T10:30:00Z,buy,1.09361,1.0932454403641358,1.0947036789075923,8174,B_long
EURUSD,B,2024-07-19T07:15:00Z,buy,1.08895,1.088491334114563,1.0903259976563113,8206,B_long
EURUSD,B,2024-07-19T10:15:00Z,buy,1.08854,1.088065683166934,1.0899629504991983,8205,B_long
EURUSD,B,2024-07-22T07:00:00Z,buy,1.08836,1.0878671392375692,1.0898385822872925,8202,B_long
EURUSD,B,2024-07-24T10:15:00Z,buy,1.0845,1.0839854333471772,1.0860436999584684,8227,B_long
EURUSD,B,2024-07-24T11:30:00Z,buy,1.08436,1.0839082341975619,1.0857152974073143,8223,B_long
EURUSD,B,2024-07-25T07:15:00Z,buy,1.08353,1.0830712157310232,1.084906352806931,8239,B_long
EURUSD,B,2024-07-25T08:15:00Z,sell,1.08441,1.0851788149630865,1.0821035551107407,8242,B_short
EURUSD,B,2024-07-26T07:15:00Z,buy,1.08528,1.0849270201174737,1.086338939647579,8229,B_long
EURUSD,B,2024-07-26T08:45:00Z,buy,1.08514,1.0845892273116007,1.086792318065198,8226,B_long
EURUSD,B,2024-07-30T11:45:00Z,sell,1.08242,1.0828005419093396,1.081278374271981,8259,B_short
EURUSD,B,2024-07-31T08:15:00Z,buy,1.0816,1.0808403952779706,1.0838788141660878,8273,B_long
EURUSD,B,2024-07-31T11:45:00Z,sell,1.08281,1.0833794386429254,1.081101684071224,8280,B_short
EURUSD,B,2024-08-05T07:00:00Z,buy,1.09305,1.0916543457358632,1.0972369627924108,8197,B_long
EURUSD,B,2024-08-05T10:00:00Z,sell,1.09393,1.0954421251103927,1.089393624668822,8221,B_short
EURUSD,B,2024-08-08T07:00:00Z,sell,1.09373,1.094296463599228,1.0920306092023162,8210,B_short
EURUSD,B,2024-08-08T08:45:00Z,sell,1.09369,1.0942575361414968,1.0919873915755098,8206,B_short
EURUSD,B,2024-08-09T07:30:00Z,sell,1.09233,1.0926571833589571,1.0913484499231287,8228,B_short
EURUSD,B,2024-08-12T07:30:00Z,sell,1.09213,1.0925423675181551,1.0908928974455347,8236,B_short
EURUSD,B,2024-08-12T11:15:00Z,sell,1.09218,1.0926254087676102,1.0908437736971692,8232,B_short
EURUSD,B,2024-08-13T07:45:00Z,buy,1.09301,1.0925597395810291,1.0943607812569127,8221,B_long
EURUSD,B,2024-08-13T11:45:00Z,buy,1.09302,1.0925931741827835,1.09430047745165,8217,B_long
EURUSD,B,2024-08-15T07:00:00Z,sell,1.10116,1.1015052991521364,1.1001241025435906,8153,B_short
EURUSD,B,2024-08-16T08:30:00Z,sell,1.09838,1.0988015150541928,1.0971154548374213,8170,B_short
EURUSD,B,2024-08-21T08:15:00Z,buy,1.11174,1.111172827930887,1.1134415162073388,8068,B_long
EURUSD,B,2024-08-22T08:00:00Z,buy,1.11458,1.1137572436436405,1.1170482690690782,8043,B_long
EURUSD,B,2024-08-22T09:15:00Z,buy,1.1141,1.113307368143774,1.1164778955686785,8040,B_long
EURUSD,B,2024-08-22T10:30:00Z,buy,1.1143,1.1136228151838108,1.116331554448568,8032,B_long
EURUSD,B,2024-08-23T07:15:00Z,sell,1.11222,1.1126585597201577,1.1109043208395268,8041,B_short
EURUSD,B,2024-08-23T11:30:00Z,buy,1.11169,1.1111888347184555,1.1131934958446337,8042,B_long
EURUSD,B,2024-08-26T07:45:00Z,buy,1.11807,1.1175826210348268,1.1195321368955193,7991,B_long
EURUSD,B,2024-08-27T08:45:00Z,sell,1.11666,1.1171883909627156,1.1150748271118531,7997,B_short
EURUSD,B,2024-08-27T09:15:00Z,sell,1.11713,1.1177352358786619,1.1153142923640142,7989,B_short
EURUSD,B,2024-08-29T07:15:00Z,buy,1.11301,1.1123939563588237,1.1148581309235293,8031,B_long
EURUSD,B,2024-08-30T07:00:00Z,sell,1.10787,1.108308155911471,1.106555532265587,8063,B_short
EURUSD,B,2024-08-30T08:45:00Z,sell,1.10749,1.1082061529357088,1.105341541192874,8062,B_short
EURUSD,B,2024-08-30T09:15:00Z,sell,1.10819,1.1089239104272657,1.105988268718203,8051,B_short
EURUSD,B,2024-09-04T07:45:00Z,sell,1.10559,1.106112811610726,1.1040215651678225,8085,B_short
EURUSD,B,2024-09-05T07:15:00Z,sell,1.10827,1.1087253033316036,1.1069040900051896,8076,B_short
EURUSD,B,2024-09-06T07:00:00Z,sell,1.11177,1.1120891604112393,1.1108125187662818,8047,B_short
EURUSD,B,2024-09-06T09:45:00Z,buy,1.11134,1.1108624626127759,1.1127726121616723,8056,B_long
EURUSD,B,2024-09-06T10:30:00Z,buy,1.11093,1.1104652386252647,1.1123242841242058,8055,B_long
EURUSD,B,2024-09-10T07:00:00Z,sell,1.10422,1.1046890220566443,1.102812933830067,8100,B_short
EURUSD,B,2024-09-11T11:30:00Z,sell,1.10482,1.1053290946281304,1.1032927161156083,8105,B_short
EURUSD,B,2024-09-13T07:15:00Z,buy,1.10813,1.1076651464044212,1.1095245607867368,8091,B_long
EURUSD,B,2024-09-13T11:15:00Z,sell,1.10873,1.1093581794730396,1.1068454615808812,8096,B_short
EURUSD,B,2024-09-17T07:15:00Z,buy,1.11239,1.111861220276158,1.113976339171526,8064,B_long
EURUSD,B,2024-09-18T08:00:00Z,sell,1.11301,1.113480817996197,1.1115975460114091,8070,B_short
EURUSD,B,2024-09-18T10:45:00Z,sell,1.11299,1.1134380295394792,1.111645911381562,8066,B_short
EURUSD,B,2024-09-20T07:30:00Z,sell,1.1168,1.1173906101866664,1.1150281694400008,8034,B_short
EURUSD,B,2024-09-25T08:30:00Z,buy,1.11858,1.117980686366049,1.1203779409018524,8017,B_long
EURUSD,B,2024-09-25T10:15:00Z,buy,1.11856,1.118023191929572,1.120170424211284,8012,B_long
EURUSD,B,2024-09-26T07:15:00Z,sell,1.11484,1.115342402385524,1.113332792843428,8049,B_short
EURUSD,B,2024-09-27T09:45:00Z,buy,1.11594,1.1150684565643123,1.1185546303070628,8037,B_long
EURUSD,B,2024-10-02T08:45:00Z,sell,1.10722,1.1078991198272872,1.1051826405181389,8119,B_short
EURUSD,B,2024-10-04T08:30:00Z,buy,1.10265,1.1021590741990226,1.1041227774029319,8166,B_long
EURUSD,B,2024-10-04T09:15:00Z,buy,1.10256,1.1020365084489638,1.1041304746531084,8163,B_long
EURUSD,B,2024-10-07T07:45:00Z,buy,1.09693,1.0963485030388642,1.0986744908834072,8200,B_long
EURUSD,B,2024-10-07T10:30:00Z,buy,1.09668,1.0960319454551675,1.098624163634498,8196,B_long
EURUSD,B,2024-10-08T10:30:00Z,sell,1.0983,1.0988898245217407,1.0965305264347782,8198,B_short
EURUSD,B,2024-10-09T08:00:00Z,buy,1.09637,1.095743206591326,1.0982503802260224,8207,B_long
EURUSD,B,2024-10-09T09:30:00Z,buy,1.09637,1.0958105914806142,1.0980482255581576,8202,B_long
EURUSD,B,2024-10-10T07:30:00Z,buy,1.09416,1.0937439194237886,1.0954082417286344,8214,B_long
EURUSD,B,2024-10-10T10:45:00Z,buy,1.0939,1.0934534947212666,1.0952395158362005,8212,B_long
EURUSD,B,2024-10-11T09:45:00Z,sell,1.09389,1.0943749483528022,1.0924351549415934,8208,B_short
EURUSD,B,2024-10-14T07:45:00Z,sell,1.09282,1.0932030474751315,1.091670857574605,8211,B_short
EURUSD,B,2024-10-14T09:45:00Z,sell,1.0929,1.0933464652013882,1.0915606043958352,8207,B_short
EURUSD,B,2024-10-15T07:15:00Z,buy,1.08912,1.088628941750502,1.0905931747484945,8244,B_long
EURUSD,B,2024-10-15T09:00:00Z,sell,1.09092,1.091553129585758,1.0890206112427259,8241,B_short
EURUSD,B,2024-10-16T07:15:00Z,buy,1.08831,1.0878580865326501,1.08966574040205,8255,B_long
EURUSD,B,2024-10-16T07:45:00Z,buy,1.08821,1.0877236294400792,1.089669111679762,8252,B_long
EURUSD,B,2024-10-17T07:00:00Z,buy,1.0852,1.084825202536715,1.0863243923898545,8285,B_long
EURUSD,B,2024-10-17T11:45:00Z,sell,1.08632,1.0866969659374424,1.0851891021876727,8285,B_short
EURUSD,B,2024-10-18T07:00:00Z,sell,1.084,1.084403933700839,1.082788198897483,8299,B_short
EURUSD,B,2024-10-18T08:30:00Z,sell,1.08361,1.084102336076608,1.0821329917701759,8298,B_short
EURUSD,B,2024-10-18T09:15:00Z,sell,1.08363,1.0842320806993506,1.0818237579019485,8293,B_short
EURUSD,B,2024-10-18T10:00:00Z,sell,1.08413,1.0847581455693254,1.082245563292024,8284,B_short
EURUSD,B,2024-10-18T11:00:00Z,sell,1.0843,1.0848247124070223,1.0827258627789333,8277,B_short
EURUSD,B,2024-10-22T09:30:00Z,sell,1.08229,1.0827584996155035,1.0808845011534893,8288,B_short
EURUSD,B,2024-10-22T11:30:00Z,sell,1.08215,1.082664092371009,1.080607722886973,8285,B_short
EURUSD,B,2024-10-24T07:30:00Z,buy,1.07969,1.0788541729983647,1.082197481004906,8314,B_long
EURUSD,B,2024-10-25T07:00:00Z,buy,1.082,1.0816524062548845,1.083042781235347,8290,B_long
EURUSD,B,2024-10-25T08:30:00Z,sell,1.08252,1.0831117679422566,1.0807446961732299,8293,B_short
EURUSD,B,2024-10-29T09:45:00Z,sell,1.08178,1.0823424399058792,1.0800926802823623,8293,B_short
EURUSD,B,2024-10-30T11:45:00Z,sell,1.08242,1.0830756512049255,1.080453046385223,8300,B_short
EURUSD,B,2024-10-31T07:45:00Z,sell,1.08589,1.086371624259967,1.084445127220099,8268,B_short
EURUSD,B,2024-11-07T09:45:00Z,sell,1.07462,1.0755630666291491,1.0717908001125522,8351,B_short
EURUSD,B,2024-11-08T08:15:00Z,buy,1.07773,1.0768801701196553,1.0802794896410344,8318,B_long
EURUSD,B,2024-11-08T10:45:00Z,buy,1.07785,1.0769611486884996,1.0805165539345012,8310,B_long
EURUSD,B,2024-11-13T08:45:00Z,buy,1.06121,1.0605030183434367,1.0633309449696897,8433,B_long
EURUSD,B,2024-11-18T08:30:00Z,sell,1.0548,1.0554817980226987,1.0527546059319037,8500,B_short
EURUSD,B,2024-11-18T10:15:00Z,sell,1.05499,1.0558815071276475,1.0523154786170579,8492,B_short
EURUSD,B,2024-11-19T07:30:00Z,buy,1.05854,1.057823996521713,1.0606880104348608,8456,B_long
EURUSD,B,2024-11-19T08:15:00Z,buy,1.05858,1.057806506772801,1.060900479681597,8449,B_long
EURUSD,B,2024-11-22T08:30:00Z,sell,1.04723,1.0484120887953234,1.04368373361403,8534,B_short
EURUSD,B,2024-11-25T09:00:00Z,buy,1.04818,1.04707872501762,1.0514838249471399,8554,B_long
EURUSD,B,2024-11-28T10:45:00Z,buy,1.05504,1.0542099633154511,1.0575301100536465,8524,B_long
EURUSD,B,2024-11-29T08:00:00Z,sell,1.0567,1.0576393088993192,1.0538820733020422,8503,B_short
EURUSD,B,2024-11-29T09:15:00Z,sell,1.05705,1.0580566261322206,1.0540301216033383,8492,B_short
EURUSD,B,2024-12-02T10:45:00Z,buy,1.05217,1.051124954611939,1.0553051361641832,8523,B_long
EURUSD,B,2024-12-03T07:45:00Z,sell,1.0498,1.0505407638681605,1.0475777083955187,8533,B_short
EURUSD,B,2024-12-04T07:00:00Z,sell,1.05163,1.0522877315887365,1.049656805233791,8512,B_short
EURUSD,B,2024-12-05T09:00:00Z,sell,1.05278,1.0536308443262548,1.050227467021236,8517,B_short
EURUSD,B,2024-12-06T08:15:00Z,sell,1.05829,1.0589535732844182,1.0562992801467452,8465,B_short
EURUSD,B,2024-12-09T09:30:00Z,sell,1.05647,1.057325060842682,1.0539048174719539,8473,B_short
EURUSD,B,2024-12-10T07:00:00Z,sell,1.056,1.0564676325189273,1.0545971024432184,8470,B_short
EURUSD,B,2024-12-10T08:15:00Z,buy,1.05471,1.0540529502145184,1.056681149356445,8490,B_long
EURUSD,B,2024-12-12T08:30:00Z,sell,1.0508,1.051495384202525,1.048713847392425,8516,B_short
EURUSD,B,2024-12-12T10:15:00Z,sell,1.05091,1.0515656399259548,1.0489430802221358,8509,B_short
EURUSD,B,2024-12-16T08:30:00Z,buy,1.05119,1.0503306817006497,1.0537679548980512,8521,B_long
EURUSD,B,2024-12-18T07:30:00Z,sell,1.05028,1.0507037115889977,1.0490088652330074,8521,B_short
EURUSD,B,2024-12-18T08:30:00Z,buy,1.04944,1.0488913330035878,1.0510860009892362,8537,B_long
EURUSD,B,2024-12-26T07:30:00Z,buy,1.03952,1.039204280527642,1.040467158417074,8614,B_long
EURUSD,B,2024-12-27T08:15:00Z,sell,1.04137,1.042033190350936,1.039380428947192,8595,B_short
EURUSD,B,2024-12-30T08:30:00Z,buy,1.04215,1.041693907236201,1.0435182782913965,8583,B_long
EURUSD,B,2024-12-30T09:30:00Z,buy,1.04216,1.0415590296211978,1.0439629111364064,8578,B_long
EURUSD,B,2024-12-31T09:15:00Z,sell,1.04137,1.041901648587454,1.0397750542376378,8598,B_short
EURUSD,B,2024-12-31T10:00:00Z,sell,1.04126,1.041964572428633,1.0391462827141011,8594,B_short
EURUSD,B,2024-12-31T11:15:00Z,sell,1.04137,1.0420527765343135,1.0393216703970591,8587,B_short
EURUSD,B,2025-01-09T07:00:00Z,buy,1.03052,1.0299381551684375,1.032265534494688,8693,B_long
EURUSD,B,2025-01-09T08:45:00Z,buy,1.03076,1.0299338838357293,1.0332383484928118,8686,B_long
EURUSD,B,2025-01-10T07:00:00Z,buy,1.02865,1.0281961358439191,1.030011592468243,8696,B_long
EURUSD,B,2025-01-10T08:45:00Z,sell,1.03027,1.030913338778885,1.0283399836633453,8693,B_short
EURUSD,B,2025-01-14T08:45:00Z,sell,1.02614,1.0270591531883764,1.023382540434871,8721,B_short
EURUSD,B,2025-01-15T07:15:00Z,buy,1.02952,1.0289998644465208,1.0310804066604375,8684,B_long
EURUSD,B,2025-01-15T08:15:00Z,sell,1.03016,1.030959238153934,1.0277622855381976,8691,B_short
EURUSD,B,2025-01-15T10:15:00Z,sell,1.03058,1.0312823062571699,1.0284730812284906,8680,B_short
EURUSD,B,2025-01-17T08:00:00Z,buy,1.02903,1.0284931740808738,1.030640477757378,8686,B_long
EURUSD,B,2025-01-20T09:45:00Z,sell,1.03061,1.0312924141573476,1.0285627575279572,8686,B_short
EURUSD,B,2025-01-21T09:45:00Z,buy,1.03533,1.0342942883055646,1.0384371350833066,8640,B_long
EURUSD,B,2025-01-21T11:45:00Z,buy,1.03533,1.034422935021677,1.0380511949349696,8630,B_long
EURUSD,B,2025-01-22T07:00:00Z,buy,1.04126,1.0406112529718607,1.043206241084418,8603,B_long
EURUSD,B,2025-01-23T07:45:00Z,buy,1.04,1.0394273259074975,1.0417180222775075,8628,B_long
EURUSD,B,2025-01-23T09:00:00Z,buy,1.0403,1.0396019889226964,1.0423940332319108,8621,B_long
EURUSD,B,2025-01-24T07:00:00Z,sell,1.04476,1.045627449276281,1.0421576521711569,8577,B_short
EURUSD,B,2025-01-29T08:30:00Z,buy,1.04272,1.0420685839349477,1.0446742481951572,8586,B_long
EURUSD,B,2025-01-30T07:30:00Z,buy,1.04202,1.0415495711592795,1.0434312865221613,8586,B_long
EURUSD,B,2025-01-31T08:00:00Z,sell,1.03988,1.0406255300360732,1.0376434098917802,8599,B_short
EURUSD,B,2025-01-31T09:30:00Z,buy,1.03774,1.03674740943821,1.0407177716853702,8634,B_long
EURUSD,B,2025-02-04T08:30:00Z,sell,1.03299,1.033884537222713,1.0303063883318613,8665,B_short
EURUSD,B,2025-02-04T10:30:00Z,sell,1.03301,1.0338930036118006,1.0303609891645982,8656,B_short
EURUSD,B,2025-02-07T09:15:00Z,sell,1.03908,1.0395848613489922,1.0375654159530234,8598,B_short
EURUSD,B,2025-02-07T10:00:00Z,sell,1.03888,1.039476687521107,1.037089937436679,8594,B_short
EURUSD,B,2025-02-10T11:45:00Z,sell,1.03205,1.0327015482938033,1.0300953551185896,8665,B_short
EURUSD,B,2025-02-12T09:15:00Z,sell,1.03676,1.0373805932631157,1.0348982202106525,8641,B_short
EURUSD,B,2025-02-14T07:30:00Z,sell,1.04646,1.0469895108965097,1.0448714673104706,8555,B_short
EURUSD,B,2025-02-14T10:45:00Z,sell,1.04668,1.0474190423023313,1.0444628730930063,8548,B_short
EURUSD,B,2025-02-17T10:45:00Z,buy,1.04888,1.0482750663896938,1.0506948008309187,8524,B_long
EURUSD,B,2025-02-19T09:15:00Z,buy,1.04412,1.0435469641409412,1.0458391075771762,8557,B_long
EURUSD,B,2025-02-20T08:30:00Z,sell,1.04301,1.043641032789595,1.0411169016312147,8561,B_short
EURUSD,B,2025-02-20T11:30:00Z,sell,1.0435,1.044076767975453,1.0417696960736413,8551,B_short
EURUSD,B,2025-02-24T10:30:00Z,buy,1.0472,1.0464616845598411,1.0494149463204763,8515,B_long
EURUSD,B,2025-02-28T09:15:00Z,sell,1.04017,1.040800169887283,1.038279490338151,8566,B_short
EURUSD,B,2025-03-03T09:00:00Z,buy,1.04158,1.0407615449965417,1.0440353650103746,8549,B_long
EURUSD,B,2025-03-04T07:45:00Z,sell,1.04927,1.0501270408132641,1.0466988775602073,8505,B_short
EURUSD,B,2025-03-10T09:15:00Z,buy,1.08401,1.0827323757532186,1.087842872740344,8225,B_long
EURUSD,B,2025-03-12T07:00:00Z,buy,1.08954,1.088957997322206,1.0912860080333815,8173,B_long
EURUSD,B,2025-03-12T07:30:00Z,buy,1.08994,1.0892726290997903,1.0919421127006288,8165,B_long
EURUSD,B,2025-03-12T09:45:00Z,sell,1.09142,1.0923098026620364,1.0887505920138911,8148,B_short
EURUSD,B,2025-03-13T07:00:00Z,buy,1.08816,1.0874724319738998,1.0902227040783008,8166,B_long
EURUSD,B,2025-03-13T08:15:00Z,buy,1.08829,1.087179602297791,1.0916211931066266,8159,B_long
EURUSD,B,2025-03-13T09:45:00Z,buy,1.08792,1.0868788972385097,1.0910433082844708,8153,B_long
EURUSD,B,2025-03-14T07:45:00Z,buy,1.08388,1.083064634674218,1.0863260959773455,8174,B_long
EURUSD,B,2025-03-17T07:45:00Z,buy,1.0876,1.086917279852596,1.089648160442212,8164,B_long
EURUSD,B,2025-03-18T11:45:00Z,sell,1.09162,1.092454615806809,1.0891161525795734,8148,B_short
EURUSD,B,2025-03-24T07:30:00Z,sell,1.08385,1.0845601899951645,1.0817194300145065,8200,B_short
EURUSD,B,2025-03-24T09:00:00Z,sell,1.08361,1.0845866297249158,1.0806801108252524,8195,B_short
EURUSD,B,2025-03-24T11:30:00Z,sell,1.08393,1.084703300780572,1.0816100976582843,8184,B_short
EURUSD,B,2025-03-25T09:00:00Z,buy,1.07957,1.0787757035461762,1.081952889361471,8234,B_long
EURUSD,B,2025-03-26T09:45:00Z,sell,1.07958,1.0801993483248131,1.0777219550255606,8251,B_short
EURUSD,B,2025-03-27T11:15:00Z,sell,1.07845,1.079469631366885,1.0753911058993446,8273,B_short
EURUSD,B,2025-03-31T07:45:00Z,buy,1.08313,1.0821336260609034,1.0861191218172896,8229,B_long
EURUSD,B,2025-03-31T08:45:00Z,buy,1.08273,1.0816383789417374,1.0860048631747876,8224,B_long
EURUSD,B,2025-03-31T11:00:00Z,buy,1.08255,1.0815718302528587,1.0854845092414234,8216,B_long
EURUSD,B,2025-03-31T11:30:00Z,buy,1.08264,1.081624130278814,1.0856876091635579,8207,B_long
EURUSD,B,2025-04-01T08:15:00Z,buy,1.08089,1.080150901841309,1.083107294476073,8212,B_long
EURUSD,B,2025-04-02T07:15:00Z,buy,1.07867,1.0781000864606178,1.0803797406181466,8223,B_long
EURUSD,B,2025-04-02T10:00:00Z,sell,1.08003,1.08067506554029,1.0780948033791304,8224,B_short
EURUSD,B,2025-04-03T07:15:00Z,sell,1.09495,1.0969605038655001,1.0889184884035,8107,B_short
EURUSD,B,2025-04-04T10:15:00Z,buy,1.10442,1.101979955390208,1.1117401338293755,8022,B_long
EURUSD,B,2025-04-07T07:45:00Z,sell,1.10003,1.1021395414417288,1.093701375674814,8036,B_short
EURUSD,B,2025-04-09T07:00:00Z,sell,1.10585,1.107881113752514,1.099756658742458,7978,B_short
EURUSD,B,2025-04-11T10:00:00Z,sell,1.1371,1.140616319009934,1.1265510429701977,7744,B_short
EURUSD,B,2025-04-14T07:15:00Z,sell,1.13989,1.141785026573489,1.1342049202795332,7700,B_short
EURUSD,B,2025-04-16T07:30:00Z,sell,1.13808,1.1394807545624162,1.1338777363127515,7750,B_short
EURUSD,B,2025-04-18T07:00:00Z,buy,1.13729,1.1365747997424014,1.1394356007727955,7783,B_long
EURUSD,B,2025-04-21T10:15:00Z,sell,1.15335,1.1547082980735892,1.1492751057792328,7689,B_short
EURUSD,B,2025-04-23T10:00:00Z,sell,1.14053,1.1419060548873121,1.1364018353380638,7765,B_short
EURUSD,B,2025-04-28T07:15:00Z,buy,1.13496,1.1338576958293853,1.1382669125118439,7793,B_long
EURUSD,B,2025-04-28T08:30:00Z,buy,1.13492,1.1336899532610105,1.1386101402169682,7786,B_long
EURUSD,B,2025-05-01T11:30:00Z,sell,1.13286,1.1337962321473847,1.1300513035578459,7824,B_short
EURUSD,B,2025-05-05T08:00:00Z,buy,1.13252,1.1314777632655506,1.135646710203348,7820,B_long
EURUSD,B,2025-05-05T11:30:00Z,sell,1.13409,1.1350359812937358,1.1312520561187926,7829,B_short
EURUSD,B,2025-05-06T09:00:00Z,sell,1.13225,1.1333704551587513,1.1288886345237459,7835,B_short
EURUSD,B,2025-05-06T11:45:00Z,sell,1.1327,1.1336302305336872,1.1299093083989387,7824,B_short
EURUSD,B,2025-05-07T07:15:00Z,sell,1.13599,1.1369652831091195,1.1330641506726418,7794,B_short
EURUSD,B,2025-05-07T08:45:00Z,sell,1.13578,1.13678032203401,1.13277903389797,7789,B_short
EURUSD,B,2025-05-07T11:30:00Z,sell,1.13665,1.1375107637618098,1.1340677087145703,7775,B_short
EURUSD,B,2025-05-08T07:45:00Z,buy,1.12971,1.1286600454809481,1.1328598635571556,7840,B_long
EURUSD,B,2025-05-08T10:30:00Z,buy,1.12982,1.1287112730225084,1.133146180932475,7831,B_long
EURUSD,B,2025-05-13T07:45:00Z,sell,1.11156,1.1125749908778706,1.1085150273663886,7952,B_short
EURUSD,B,2025-05-15T07:45:00Z,sell,1.11971,1.1207810057371599,1.1164969827885203,7886,B_short
EURUSD,B,2025-05-15T10:45:00Z,sell,1.12002,1.1208699549634409,1.1174701351096774,7875,B_short
EURUSD,B,2025-05-16T10:15:00Z,buy,1.11929,1.118471586203901,1.1217452413882967,7874,B_long
EURUSD,B,2025-05-20T08:30:00Z,sell,1.12514,1.126137498949044,1.122147503152868,7826,B_short
EURUSD,B,2025-05-20T09:30:00Z,sell,1.12515,1.1261689133330104,1.1220932600009692,7819,B_short
EURUSD,B,2025-05-21T10:45:00Z,sell,1.13386,1.1350881076036818,1.1301756771889548,7751,B_short
EURUSD,B,2025-05-22T07:15:00Z,buy,1.13206,1.1311199493602326,1.1348801519193024,7754,B_long
EURUSD,B,2025-05-22T07:45:00Z,buy,1.1321,1.1309362286305749,1.1355913141082759,7747,B_long
EURUSD,B,2025-05-23T11:45:00Z,sell,1.13212,1.134127073729805,1.126098778810585,7738,B_short
EURUSD,B,2025-06-03T09:00:00Z,buy,1.14124,1.1403618867637473,1.1438743397087583,7663,B_long
EURUSD,B,2025-06-04T07:30:00Z,sell,1.13917,1.1399859270121662,1.1367222189635016,7670,B_short
EURUSD,B,2025-06-04T09:00:00Z,sell,1.1392,1.1399802442100997,1.1368592673697009,7664,B_short
EURUSD,B,2025-06-09T07:00:00Z,sell,1.14216,1.1427064405178826,1.1405206784463524,7638,B_short
EURUSD,B,2025-06-09T07:45:00Z,sell,1.14222,1.1428467940200855,1.1403396179397436,7634,B_short
EURUSD,B,2025-06-09T10:15:00Z,sell,1.14242,1.1431127039817621,1.1403418880547136,7627,B_short
EURUSD,B,2025-06-10T07:15:00Z,buy,1.13911,1.137921246121279,1.142676261636163,7663,B_long
EURUSD,B,2025-06-11T09:30:00Z,sell,1.14375,1.144579022105979,1.141262933682063,7654,B_short
EURUSD,B,2025-06-17T11:30:00Z,sell,1.15657,1.15723389088293,1.1545783273512102,7564,B_short
EURUSD,B,2025-06-18T08:15:00Z,sell,1.15037,1.151091444611191,1.1482056661664264,7599,B_short
EURUSD,B,2025-06-20T10:15:00Z,sell,1.1526,1.1532872919673283,1.1505381240980155,7579,B_short
EURUSD,B,2025-06-23T09:45:00Z,buy,1.1472,1.1459563195840192,1.1509310412479423,7628,B_long
EURUSD,B,2025-06-23T11:45:00Z,buy,1.14727,1.146193341972207,1.150499974083379,7618,B_long
EURUSD,B,2025-06-24T09:45:00Z,sell,1.16095,1.1619629562083118,1.1579111313750643,7521,B_short
EURUSD,B,2025-06-25T08:45:00Z,buy,1.16099,1.1601893204285358,1.1633920387143923,7513,B_long
EURUSD,B,2025-06-25T11:00:00Z,buy,1.16116,1.1604146309048955,1.1633961072853134,7507,B_long
EURUSD,B,2025-06-26T10:30:00Z,sell,1.17154,1.1726337927298867,1.1682586218103401,7435,B_short
EURUSD,B,2025-06-27T09:00:00Z,sell,1.17058,1.1715297449787747,1.1677307650636757,7433,B_short
EURUSD,B,2025-06-27T10:15:00Z,sell,1.1703,1.171127868895347,1.1678163933139585,7428,B_short
EURUSD,B,2025-06-30T07:00:00Z,sell,1.17379,1.1747677533086276,1.1708567400741168,7400,B_short
EURUSD,B,2025-07-01T08:15:00Z,buy,1.17883,1.177973569220452,1.181399292338644,7387,B_long
EURUSD,B,2025-07-08T08:30:00Z,sell,1.17494,1.1756603265935377,1.1727790202193873,7426,B_short
EURUSD,B,2025-07-08T11:00:00Z,buy,1.1732,1.1725924999849022,1.1750225000452934,7450,B_long
EURUSD,B,2025-07-10T07:45:00Z,buy,1.17331,1.1727100589325985,1.1751098232022048,7445,B_long
EURUSD,B,2025-07-10T09:15:00Z,buy,1.17315,1.1726922979736754,1.1745231060789736,7442,B_long
EURUSD,B,2025-07-14T07:00:00Z,buy,1.16723,1.1664998762278778,1.1694203713163667,7476,B_long
EURUSD,B,2025-07-15T08:30:00Z,sell,1.1684,1.1690381476879177,1.1664855569362473,7481,B_short
EURUSD,B,2025-07-15T09:15:00Z,sell,1.16846,1.1690980416208459,1.1665458751374627,7476,B_short
EURUSD,B,2025-07-16T07:30:00Z,sell,1.16159,1.162136505977365,1.1599504820679047,7532,B_short
EURUSD,B,2025-07-16T09:00:00Z,sell,1.16201,1.1625466819915586,1.160399954025324,7525,B_short
EURUSD,B,2025-07-18T09:45:00Z,sell,1.16335,1.163985330440339,1.1614440086789837,7525,B_short
EURUSD,B,2025-07-23T11:30:00Z,buy,1.17304,1.1723741455840686,1.1750375632477945,7458,B_long
EURUSD,B,2025-07-24T07:00:00Z,buy,1.17664,1.17606080821998,1.1783775753400598,7431,B_long
EURUSD,B,2025-07-24T08:00:00Z,buy,1.17631,1.1756874357248563,1.1781776928254308,7429,B_long
EURUSD,B,2025-07-29T09:15:00Z,buy,1.15821,1.1570524594364857,1.1616826216905427,7540,B_long
EURUSD,B,2025-07-31T07:15:00Z,sell,1.14394,1.1449226018370384,1.1409921944888846,7626,B_short
EURUSD,B,2025-07-31T08:30:00Z,sell,1.144,1.145020710352434,1.1409378689426979,7618,B_short
EURUSD,B,2025-07-31T09:15:00Z,sell,1.1439,1.1449329779686805,1.140801066093958,7612,B_short
EURUSD,B,2025-08-01T10:00:00Z,buy,1.14112,1.1402876894730722,1.143616931580783,7623,B_long
EURUSD,B,2025-08-07T09:45:00Z,sell,1.16705,1.1678041921859708,1.1647874234420874,7447,B_short
EURUSD,B,2025-08-08T09:45:00Z,buy,1.16415,1.1634181933564762,1.1663454199305714,7480,B_long
EURUSD,B,2025-08-08T11:00:00Z,buy,1.16421,1.163474182434115,1.1664174526976547,7474,B_long
EURUSD,B,2025-08-11T10:00:00Z,buy,1.16441,1.1638365687824608,1.1661302936526174,7486,B_long
EURUSD,B,2025-08-12T07:00:00Z,buy,1.16121,1.1605604835620755,1.1631585493137737,7502,B_long
EURUSD,B,2025-08-20T07:30:00Z,sell,1.16401,1.1647303535609537,1.161848939317139,7479,B_short
EURUSD,B,2025-08-20T11:30:00Z,sell,1.16423,1.1648666668814436,1.1623199993556697,7472,B_short
EURUSD,B,2025-08-21T07:15:00Z,buy,1.16429,1.1636447584305236,1.1662257247084293,7467,B_long
EURUSD,B,2025-08-21T10:15:00Z,sell,1.165,1.1655981617284612,1.1632055148146165,7474,B_short
EURUSD,B,2025-08-21T11:15:00Z,sell,1.16496,1.165567683103735,1.1631369506887952,7470,B_short
EURUSD,B,2025-08-25T07:45:00Z,sell,1.16975,1.1704614605145702,1.1676156184562896,7435,B_short
EURUSD,B,2025-08-25T10:00:00Z,buy,1.16937,1.1687901814193136,1.1711094557420594,7432,B_long
EURUSD,B,2025-08-25T11:15:00Z,buy,1.16943,1.1689001197955176,1.1710196406134472,7427,B_long
EURUSD,B,2025-08-28T08:30:00Z,buy,1.16409,1.163261792916252,1.166574621251244,7457,B_long
EURUSD,B,2025-08-29T08:45:00Z,sell,1.16756,1.1684165453279143,1.1649903640162569,7450,B_short
EURUSD,B,2025-09-01T11:45:00Z,sell,1.17143,1.1720549909299063,1.169555027210281,7419,B_short
EURUSD,B,2025-09-03T07:30:00Z,buy,1.16228,1.1614825908524222,1.1646722274427332,7489,B_long
