symbol,strategy,timestamp,side,price,sl,tp,size,tag
EURUSD,A,2020-09-01T14:00:00Z,buy,1.19541,1.1936349439349863,1.2007351681950416,8281,A_long
EURUSD,A,2020-09-01T17:00:00Z,buy,1.19096,1.1895797888559436,1.1951006334321692,8299,A_long
EURUSD,A,2020-09-02T01:00:00Z,buy,1.18988,1.1891421598347662,1.1920935204957015,8296,A_long
EURUSD,A,2020-09-02T07:00:00Z,buy,1.18839,1.1873535290853852,1.1914994127438447,8301,A_long
EURUSD,A,2020-09-02T07:15:00Z,buy,1.18731,1.1862410585406673,1.1905168243779984,8300,A_long
EURUSD,A,2020-09-02T13:15:00Z,buy,1.18353,1.182315817509169,1.1871725474724928,8319,A_long
EURUSD,A,2020-09-02T14:00:00Z,buy,1.18269,1.1813670195755983,1.1866589412732051,8316,A_long
EURUSD,A,2020-09-03T04:30:00Z,buy,1.1809,1.1802823654439263,1.1827529036682214,8318,A_long
EURUSD,A,2020-09-03T05:30:00Z,buy,1.17973,1.1790373212729675,1.1818080361810974,8322,A_long
EURUSD,A,2020-09-03T08:30:00Z,sell,1.18336,1.1844611690243303,1.180056492927009,8291,A_short
EURUSD,A,2020-09-03T13:15:00Z,sell,1.18464,1.185786423073414,1.1812007307797574,8273,A_short
EURUSD,A,2020-09-04T06:45:00Z,buy,1.18366,1.1830735476134626,1.1854193571596119,8303,A_long
EURUSD,A,2020-09-04T08:45:00Z,sell,1.18591,1.1868528210282452,1.1830815369152645,8299,A_short
EURUSD,A,2020-09-04T12:45:00Z,buy,1.18114,1.1794416717951224,1.1862349846146332,8351,A_long
EURUSD,A,2020-09-04T14:00:00Z,buy,1.17912,1.177577808231541,1.183746575305377,8353,A_long
EURUSD,A,2020-09-07T06:15:00Z,buy,1.1825,1.1820469070800537,1.1838592787598394,8361,A_long
EURUSD,A,2020-09-07T07:30:00Z,sell,1.18413,1.1848109091549308,1.1820872725352072,8358,A_short
EURUSD,A,2020-09-07T10:15:00Z,buy,1.18129,1.1804515352564757,1.1838053942305726,8372,A_long
EURUSD,A,2020-09-08T01:00:00Z,buy,1.18015,1.1796761916005116,1.1815714251984653,8374,A_long
EURUSD,A,2020-09-08T01:45:00Z,buy,1.17969,1.179209497169281,1.1811315084921565,8373,A_long
EURUSD,A,2020-09-08T09:45:00Z,buy,1.17934,1.1783104636735175,1.1824286089794476,8385,A_long
EURUSD,A,2020-09-08T13:30:00Z,buy,1.1775,1.1761741514232702,1.1814775457301894,8390,A_long
EURUSD,A,2020-09-08T22:00:00Z,buy,1.17618,1.1754432998942148,1.1783901003173556,8390,A_long
EURUSD,A,2020-09-09T10:15:00Z,buy,1.17576,1.174952502720365,1.1781824918389043,8407,A_long
EURUSD,A,2020-09-09T12:30:00Z,sell,1.17831,1.1793254611532578,1.1752636165402266,8406,A_short
EURUSD,A,2020-09-09T12:45:00Z,sell,1.17984,1.1812560663328235,1.1755918010015294,8387,A_short
EURUSD,A,2020-09-09T13:00:00Z,sell,1.18114,1.1826992574884472,1.1764622275346588,8367,A_short
EURUSD,A,2020-09-10T01:45:00Z,sell,1.18205,1.1826091668150747,1.1803724995547762,8349,A_short
EURUSD,A,2020-09-10T06:00:00Z,sell,1.18309,1.1835610249711637,1.181676925086509,8337,A_short
EURUSD,A,2020-09-10T08:30:00Z,sell,1.18376,1.184546232370599,1.1814013028882024,8341,A_short
EURUSD,A,2020-09-10T12:30:00Z,sell,1.18753,1.1891129220308765,1.1827812339073704,8308,A_short
EURUSD,A,2020-09-10T12:45:00Z,sell,1.18877,1.1905591990934263,1.1834024027197214,8288,A_short
EURUSD,A,2020-09-10T13:00:00Z,sell,1.18995,1.1917979725476362,1.1844060823570917,8267,A_short
EURUSD,A,2020-09-10T18:15:00Z,buy,1.18223,1.1807823451039907,1.1865729646880274,8358,A_long
EURUSD,A,2020-09-11T09:00:00Z,sell,1.18645,1.1873994541049986,1.1836016376850043,8358,A_short
EURUSD,A,2020-09-11T09:45:00Z,sell,1.18729,1.1882246046425724,1.1844861860722826,8345,A_short
EURUSD,A,2020-09-14T05:45:00Z,sell,1.18541,1.1857672557500196,1.1843382327499414,8377,A_short
EURUSD,A,2020-09-14T07:45:00Z,sell,1.18636,1.1869842138789692,1.1844873583630926,8377,A_short
EURUSD,A,2020-09-14T17:15:00Z,buy,1.18617,1.1855253255746685,1.1881040232759943,8373,A_long
EURUSD,A,2020-09-15T02:15:00Z,sell,1.18802,1.1885192037328274,1.1865223888015182,8373,A_short
EURUSD,A,2020-09-15T03:00:00Z,sell,1.18866,1.1891418579558584,1.1872144261324251,8364,A_short
EURUSD,A,2020-09-15T10:45:00Z,sell,1.18991,1.1906172734508618,1.1877881796474148,8351,A_short
EURUSD,A,2020-09-15T12:45:00Z,buy,1.18748,1.186565213602654,1.190224359192038,8382,A_long
EURUSD,A,2020-09-15T13:45:00Z,buy,1.18638,1.185368817890477,1.1894135463285687,8383,A_long
EURUSD,A,2020-09-15T14:00:00Z,buy,1.18439,1.183189642171747,1.1879910734847594,8389,A_long
EURUSD,A,2020-09-16T00:00:00Z,buy,1.18324,1.182774838441043,1.1846354846768712,8388,A_long
EURUSD,A,2020-09-16T07:30:00Z,sell,1.18616,1.1867599760727796,1.1843600717816616,8377,A_short
EURUSD,A,2020-09-16T08:00:00Z,sell,1.18678,1.1874338486946654,1.1848184539160036,8367,A_short
EURUSD,A,2020-09-16T09:15:00Z,sell,1.18777,1.1884930904143387,1.1856007287569839,8355,A_short
EURUSD,A,2020-09-16T13:30:00Z,buy,1.1847,1.1836063679549156,1.1879808961352536,8391,A_long
EURUSD,A,2020-09-16T14:15:00Z,buy,1.18115,1.1797376949324294,1.1853869152027114,8408,A_long
EURUSD,A,2020-09-16T18:30:00Z,buy,1.18114,1.1794543271161673,1.1861970186514985,8437,A_long
EURUSD,A,2020-09-16T18:45:00Z,buy,1.17996,1.1781444168340114,1.1854067494979654,8433,A_long
EURUSD,A,2020-09-17T00:15:00Z,buy,1.17777,1.1769770390450152,1.1801488828649545,8435,A_long
EURUSD,A,2020-09-17T00:30:00Z,buy,1.1777,1.1768727671723465,1.1801816984829605,8429,A_long
EURUSD,A,2020-09-17T01:45:00Z,buy,1.1762,1.175226761536424,1.1791197153907276,8433,A_long
EURUSD,A,2020-09-17T07:30:00Z,sell,1.17859,1.1795944210279001,1.1755767369162997,8408,A_short
EURUSD,A,2020-09-17T08:00:00Z,sell,1.17982,1.1808918540165116,1.1766044379504654,8391,A_short
EURUSD,A,2020-09-17T08:15:00Z,sell,1.18075,1.18182560681431,1.1775231795570698,8377,A_short
EURUSD,A,2020-09-17T18:00:00Z,sell,1.18407,1.18477857916807,1.1819442624957897,8345,A_short
EURUSD,A,2020-09-18T06:45:00Z,sell,1.18652,1.1871777252023485,1.1845468243929544,8322,A_short
EURUSD,A,2020-09-18T14:45:00Z,sell,1.186,1.1870958838449277,1.1827123484652167,8339,A_short
EURUSD,A,2020-09-21T07:15:00Z,buy,1.18503,1.184320933226294,1.187157200321118,8337,A_long
EURUSD,A,2020-09-21T07:30:00Z,buy,1.18358,1.1827094754627883,1.1861915736116355,8342,A_long
EURUSD,A,2020-09-21T08:00:00Z,buy,1.18287,1.181997206014272,1.1854883819571842,8340,A_long
EURUSD,A,2020-09-21T08:15:00Z,buy,1.18157,1.1806015785457025,1.1844752643628926,8342,A_long
EURUSD,A,2020-09-21T08:30:00Z,buy,1.17979,1.178669368072942,1.1831518957811733,8347,A_long
EURUSD,A,2020-09-21T13:30:00Z,buy,1.17595,1.174634154390555,1.1798975368283353,8366,A_long
EURUSD,A,2020-09-21T14:15:00Z,buy,1.17456,1.1732686539840145,1.1784340380479568,8366,A_long
EURUSD,A,2020-09-21T14:30:00Z,buy,1.17372,1.1724088334528127,1.1776534996415624,8362,A_long
EURUSD,A,2020-09-22T07:30:00Z,buy,1.1723,1.1714072770475088,1.1749781688574732,8362,A_long
EURUSD,A,2020-09-22T10:30:00Z,sell,1.17627,1.1772879159347625,1.1732162521957124,8352,A_short
EURUSD,A,2020-09-22T13:45:00Z,buy,1.17286,1.1716047430568084,1.1766257708295749,8397,A_long
EURUSD,A,2020-09-22T14:30:00Z,buy,1.17115,1.1698102608876468,1.1751692173370591,8399,A_long
EURUSD,A,2020-09-23T00:15:00Z,buy,1.16968,1.1692357247827474,1.171012825651758,8399,A_long
EURUSD,A,2020-09-23T00:45:00Z,buy,1.16803,1.1673439443923745,1.170088166822876,8407,A_long
EURUSD,A,2020-09-23T09:00:00Z,sell,1.17111,1.1722886071078185,1.167574178676545,8379,A_short
EURUSD,A,2020-09-23T14:15:00Z,buy,1.16704,1.1658857034767653,1.1705028895697043,8433,A_long
EURUSD,A,2020-09-23T18:45:00Z,buy,1.16573,1.1649094951773344,1.1681915144679964,8434,A_long
EURUSD,A,2020-09-24T15:45:00Z,sell,1.16651,1.1677128194777573,1.1629015415667279,8421,A_short
EURUSD,A,2020-09-24T17:30:00Z,sell,1.16849,1.1695069322696399,1.1654392031910805,8398,A_short
EURUSD,A,2020-09-25T08:15:00Z,buy,1.16553,1.1645922416555072,1.1683432750334781,8440,A_long
EURUSD,A,2020-09-25T09:30:00Z,buy,1.16442,1.1634479080967879,1.1673362757096364,8441,A_long
EURUSD,A,2020-09-25T14:00:00Z,buy,1.1617,1.16055864463821,1.1651240660853701,8452,A_long
EURUSD,A,2020-09-28T10:00:00Z,sell,1.16575,1.1665972827871436,1.1632081516385695,8447,A_short
EURUSD,A,2020-09-28T14:45:00Z,buy,1.16432,1.1631698981859455,1.1677703054421635,8450,A_long
EURUSD,A,2020-09-28T23:45:00Z,sell,1.16768,1.1681046214858204,1.166406135542539,8450,A_short
EURUSD,A,2020-09-29T00:00:00Z,sell,1.16819,1.1686553386210443,1.1667939841368673,8442,A_short
EURUSD,A,2020-09-29T06:45:00Z,sell,1.168,1.1685786351985914,1.1662640944042255,8453,A_short
EURUSD,A,2020-09-29T09:15:00Z,sell,1.16934,1.1702308359585156,1.1666674921244533,8438,A_short
EURUSD,A,2020-09-29T11:00:00Z,sell,1.17097,1.1720197565313413,1.1678207304059764,8420,A_short
EURUSD,A,2020-09-29T13:30:00Z,sell,1.17218,1.1733142295463546,1.1687773113609363,8403,A_short
EURUSD,A,2020-09-29T14:00:00Z,sell,1.17272,1.1738046435259286,1.169466069422214,8390,A_short
EURUSD,A,2020-09-29T14:15:00Z,sell,1.17381,1.1749833577224713,1.1702899268325861,8374,A_short
EURUSD,A,2020-09-30T03:00:00Z,buy,1.17302,1.1723259373592834,1.1751021879221497,8370,A_long
EURUSD,A,2020-09-30T08:45:00Z,buy,1.17097,1.1699949833629428,1.1738950499111718,8379,A_long
EURUSD,A,2020-09-30T09:15:00Z,buy,1.16967,1.1686788097259437,1.1726435708221687,8381,A_long
EURUSD,A,2020-09-30T15:00:00Z,sell,1.17473,1.1763914289729884,1.169745713081035,8337,A_short
EURUSD,A,2020-10-01T11:45:00Z,sell,1.17628,1.1773547323876803,1.173055802836959,8313,A_short
EURUSD,A,2020-10-01T14:15:00Z,buy,1.17236,1.1709331646579018,1.176640506026295,8363,A_long
EURUSD,A,2020-10-02T04:45:00Z,buy,1.17059,1.1700360675347679,1.1722517973956965,8365,A_long
EURUSD,A,2020-10-05T00:30:00Z,sell,1.17269,1.1732350629709214,1.1710548110872359,8345,A_short
EURUSD,A,2020-10-05T01:30:00Z,sell,1.17334,1.1738924437237035,1.1716826688288897,8336,A_short
EURUSD,A,2020-10-05T08:00:00Z,sell,1.17405,1.1747035375232948,1.1720893874301157,8326,A_short
EURUSD,A,2020-10-05T08:45:00Z,sell,1.1749,1.175617802055905,1.1727465938322854,8315,A_short
EURUSD,A,2020-10-05T13:30:00Z,sell,1.17818,1.1789929324682638,1.1757412025952088,8286,A_short
EURUSD,A,2020-10-05T13:45:00Z,sell,1.17864,1.1794938748058286,1.176078375582514,8276,A_short
EURUSD,A,2020-10-05T14:00:00Z,sell,1.1788,1.1797440248317181,1.1759679255048459,8269,A_short
EURUSD,A,2020-10-06T06:00:00Z,buy,1.17835,1.1779250789565623,1.1796247631303132,8265,A_long
EURUSD,A,2020-10-06T06:30:00Z,buy,1.17786,1.1773714148607066,1.1793257554178798,8265,A_long
EURUSD,A,2020-10-06T08:15:00Z,buy,1.177,1.1762081266683853,1.1793756199948444,8280,A_long
EURUSD,A,2020-10-06T11:30:00Z,sell,1.17969,1.1805493362484714,1.1771119912545855,8277,A_short
EURUSD,A,2020-10-06T12:15:00Z,sell,1.18035,1.1811972479223383,1.1778082562329852,8266,A_short
EURUSD,A,2020-10-06T18:45:00Z,buy,1.17556,1.1743006508723848,1.1793380473828454,8316,A_long
EURUSD,A,2020-10-06T19:00:00Z,buy,1.17512,1.1737632307560668,1.1791903077317993,8310,A_long
EURUSD,A,2020-10-07T01:15:00Z,buy,1.17271,1.1721919402941128,1.1742641791176613,8317,A_long
EURUSD,A,2020-10-07T06:30:00Z,sell,1.17517,1.1758158086055794,1.1732325741832619,8309,A_short
EURUSD,A,2020-10-07T07:00:00Z,sell,1.17551,1.1761746295748574,1.173516111275428,8302,A_short
EURUSD,A,2020-10-07T07:45:00Z,sell,1.17666,1.1773734373854703,1.1745196878435893,8288,A_short
EURUSD,A,2020-10-07T11:15:00Z,sell,1.17737,1.1782203613267666,1.1748189160197005,8277,A_short
EURUSD,A,2020-10-08T13:00:00Z,buy,1.17388,1.1729188247424749,1.1767635257725755,8319,A_long
EURUSD,A,2020-10-09T01:30:00Z,sell,1.17715,1.1775936220441487,1.1758191338675534,8315,A_short
EURUSD,A,2020-10-09T02:30:00Z,sell,1.17768,1.1780901327249964,1.176449601825011,8308,A_short
EURUSD,A,2020-10-09T08:00:00Z,sell,1.17888,1.1795624395490665,1.1768326813528003,8296,A_short
EURUSD,A,2020-10-09T08:30:00Z,sell,1.17939,1.1800661434835211,1.1773615695494364,8287,A_short
EURUSD,A,2020-10-09T08:45:00Z,sell,1.18016,1.1808779910190517,1.1780060269428454,8276,A_short
EURUSD,A,2020-10-09T12:45:00Z,sell,1.18091,1.1815974345948583,1.1788476962154246,8265,A_short
EURUSD,A,2020-10-09T13:00:00Z,sell,1.1816,1.1823237766488774,1.1794286700533676,8254,A_short
EURUSD,A,2020-10-11T21:30:00Z,buy,1.18138,1.1808183828648648,1.1830648514054058,8250,A_long
EURUSD,A,2020-10-12T07:15:00Z,buy,1.18083,1.180207099679316,1.1826987009620524,8249,A_long
EURUSD,A,2020-10-12T09:15:00Z,buy,1.17988,1.1790957463401144,1.182232760979657,8251,A_long
EURUSD,A,2020-10-13T00:00:00Z,buy,1.18016,1.1797874559775838,1.181277632067249,8242,A_long
EURUSD,A,2020-10-13T00:15:00Z,buy,1.17995,1.179527128513906,1.1812186144582824,8240,A_long
EURUSD,A,2020-10-13T00:30:00Z,buy,1.17947,1.1790235113787184,1.1808094658638448,8240,A_long
EURUSD,A,2020-10-13T06:45:00Z,buy,1.1787,1.1781660730218964,1.1803017809343113,8241,A_long
EURUSD,A,2020-10-13T07:15:00Z,buy,1.17853,1.1779477170697799,1.1802768487906607,8238,A_long
EURUSD,A,2020-10-13T13:15:00Z,buy,1.17672,1.1758420577383313,1.179353826785006,8246,A_long
EURUSD,A,2020-10-13T13:30:00Z,buy,1.17547,1.1744291167065537,1.178592649880339,8248,A_long
EURUSD,A,2020-10-13T14:00:00Z,buy,1.17434,1.1732647587707004,1.1775657236878987,8248,A_long
EURUSD,A,2020-10-14T00:30:00Z,sell,1.17494,1.1752637939284338,1.173968618214699,8236,A_short
EURUSD,A,2020-10-14T07:00:00Z,buy,1.1733,1.1727893982704694,1.174831805188592,8253,A_long
EURUSD,A,2020-10-14T09:30:00Z,buy,1.17208,1.1711869505673425,1.1747591482979727,8272,A_long
EURUSD,A,2020-10-14T12:15:00Z,sell,1.17584,1.176596465021789,1.1735706049346328,8263,A_short
EURUSD,A,2020-10-14T12:30:00Z,sell,1.17669,1.1774842696855505,1.1743071909433485,8251,A_short
EURUSD,A,2020-10-14T22:30:00Z,buy,1.17411,1.1737158657681517,1.175292402695545,8285,A_long
EURUSD,A,2020-10-15T06:30:00Z,buy,1.17438,1.1739550464181523,1.175654860745543,8291,A_long
EURUSD,A,2020-10-15T06:45:00Z,buy,1.17367,1.1731870402290654,1.1751188793128038,8292,A_long
EURUSD,A,2020-10-15T08:00:00Z,buy,1.1729,1.1721322043229898,1.1752033870310308,8293,A_long
EURUSD,A,2020-10-15T08:15:00Z,buy,1.17159,1.1707205770799245,1.1741982687602261,8297,A_long
EURUSD,A,2020-10-15T08:30:00Z,buy,1.17095,1.1700711668026011,1.1735864995921963,8294,A_long
EURUSD,A,2020-10-15T13:00:00Z,buy,1.1692,1.1681930829251816,1.1722207512244551,8300,A_long
EURUSD,A,2020-10-16T11:15:00Z,sell,1.17298,1.1739324596072314,1.1701226211783056,8293,A_short
EURUSD,A,2020-10-16T11:30:00Z,sell,1.17333,1.1742847983262672,1.1704656050211983,8283,A_short
EURUSD,A,2020-10-16T12:15:00Z,sell,1.17408,1.174980578347499,1.1713782649575033,8271,A_short
EURUSD,A,2020-10-19T00:45:00Z,sell,1.17234,1.1727109961291,1.1712270116126997,8301,A_short
EURUSD,A,2020-10-19T03:15:00Z,buy,1.17086,1.1704479502364005,1.1720961492907986,8319,A_long
EURUSD,A,2020-10-19T07:30:00Z,sell,1.17189,1.1725022952553326,1.1700531142340027,8308,A_short
EURUSD,A,2020-10-19T08:00:00Z,sell,1.17274,1.173372523991783,1.1708424280246508,8297,A_short
EURUSD,A,2020-10-19T08:15:00Z,sell,1.17342,1.1740695207928784,1.1714714376213644,8287,A_short
EURUSD,A,2020-10-19T08:45:00Z,sell,1.17376,1.1744166622844288,1.1717900131467134,8279,A_short
EURUSD,A,2020-10-19T09:15:00Z,sell,1.17526,1.1760039818936376,1.173028054319087,8263,A_short
EURUSD,A,2020-10-19T09:30:00Z,sell,1.17604,1.176811450974486,1.1737256470765418,8252,A_short
EURUSD,A,2020-10-19T18:30:00Z,buy,1.17715,1.176619431249327,1.1787417062520187,8238,A_long
EURUSD,A,2020-10-20T03:45:00Z,sell,1.17761,1.1779446581584634,1.17660602552461,8231,A_short
EURUSD,A,2020-10-20T07:00:00Z,buy,1.17633,1.1757566137647233,1.1780501587058305,8237,A_long
EURUSD,A,2020-10-20T09:15:00Z,sell,1.17969,1.1805667357969947,1.1770597926090156,8224,A_short
EURUSD,A,2020-10-20T09:30:00Z,sell,1.18043,1.1813525043573956,1.1776624869278136,8212,A_short
EURUSD,A,2020-10-20T10:15:00Z,sell,1.18146,1.1823129072809475,1.1789012781571573,8198,A_short
EURUSD,A,2020-10-20T14:00:00Z,sell,1.18297,1.1838785826297085,1.180244252110875,8181,A_short
EURUSD,A,2020-10-20T14:30:00Z,sell,1.18377,1.1846730687307587,1.1810607938077238,8169,A_short
EURUSD,A,2020-10-21T03:30:00Z,sell,1.18467,1.1851494647753364,1.1832316056739902,8156,A_short
EURUSD,A,2020-10-21T06:15:00Z,sell,1.18616,1.186736437346869,1.1844306879593935,8141,A_short
EURUSD,A,2020-10-21T07:45:00Z,sell,1.18673,1.1876794246675493,1.1838817259973524,8133,A_short
EURUSD,A,2020-10-21T14:30:00Z,sell,1.18773,1.1886885698685878,1.1848542903942363,8119,A_short
EURUSD,A,2020-10-22T00:00:00Z,buy,1.18471,1.1842717772182438,1.1860246683452682,8158,A_long
EURUSD,A,2020-10-22T00:30:00Z,buy,1.18457,1.1841308015550365,1.1858875953348902,8156,A_long
EURUSD,A,2020-10-22T06:00:00Z,sell,1.18524,1.1855584245692183,1.1842847262923453,8147,A_short
EURUSD,A,2020-10-22T06:15:00Z,sell,1.18546,1.185799967959989,1.1844400961200325,8143,A_short
EURUSD,A,2020-10-22T06:30:00Z,sell,1.18558,1.1859399722319905,1.1845000833040287,8139,A_short
EURUSD,A,2020-10-22T07:15:00Z,sell,1.18606,1.1867418722944245,1.184014383116726,8142,A_short
EURUSD,A,2020-10-22T09:00:00Z,buy,1.18371,1.182890864428314,1.186167406715058,8172,A_long
EURUSD,A,2020-10-22T09:30:00Z,buy,1.18295,1.1820518048372668,1.1856445854881994,8170,A_long
EURUSD,A,2020-10-22T23:45:00Z,buy,1.18146,1.1811250784267593,1.182464764719722,8174,A_long
EURUSD,A,2020-10-23T00:00:00Z,buy,1.17993,1.1793330679698582,1.1817207960904252,8182,A_long
EURUSD,A,2020-10-23T00:15:00Z,buy,1.17965,1.1790313255738771,1.181506023278369,8179,A_long
EURUSD,A,2020-10-23T00:30:00Z,buy,1.17887,1.1782004821640268,1.1808785535079198,8179,A_long
EURUSD,A,2020-10-23T07:30:00Z,sell,1.18224,1.1830601719757885,1.1797794840726343,8169,A_short
EURUSD,A,2020-10-23T07:45:00Z,sell,1.18283,1.1836674823790168,1.18031755286295,8158,A_short
EURUSD,A,2020-10-23T08:00:00Z,sell,1.18369,1.184566484728481,1.1810605458145569,8146,A_short
EURUSD,A,2020-10-23T08:15:00Z,sell,1.18428,1.1851942867646836,1.181537139705949,8135,A_short
EURUSD,A,2020-10-23T14:15:00Z,buy,1.18276,1.1819474865225674,1.1851975404322979,8139,A_long
EURUSD,A,2020-10-25T22:15:00Z,buy,1.18463,1.1840881047590244,1.1862556857229272,8142,A_long
EURUSD,A,2020-10-26T01:30:00Z,buy,1.18348,1.182932495728772,1.1851225128136846,8145,A_long
EURUSD,A,2020-10-26T08:15:00Z,buy,1.18191,1.1810181815394274,1.1845854553817179,8152,A_long
EURUSD,A,2020-10-26T09:15:00Z,buy,1.18121,1.1802501567001993,1.1840895298994025,8149,A_long
EURUSD,A,2020-10-27T08:00:00Z,buy,1.18026,1.1795319827556658,1.1824440517330028,8149,A_long
EURUSD,A,2020-10-27T12:00:00Z,sell,1.18276,1.1834828118703562,1.1805915643889315,8146,A_short
EURUSD,A,2020-10-27T18:45:00Z,buy,1.1812,1.1806556515915272,1.1828330452254185,8151,A_long
EURUSD,A,2020-10-27T20:45:00Z,buy,1.1795,1.178912209310712,1.1812633720678638,8158,A_long
EURUSD,A,2020-10-27T21:00:00Z,buy,1.17842,1.1777119147359505,1.1805442557921486,8161,A_long
EURUSD,A,2020-10-28T06:45:00Z,buy,1.17678,1.1761986911053393,1.178523926683982,8166,A_long
EURUSD,A,2020-10-28T08:00:00Z,buy,1.17595,1.1751835355477527,1.1782493933567422,8168,A_long
EURUSD,A,2020-10-28T08:15:00Z,buy,1.17531,1.174516397474719,1.1776908075758432,8166,A_long
EURUSD,A,2020-10-28T16:00:00Z,sell,1.17555,1.1766597529351956,1.1722207411944134,8158,A_short
EURUSD,A,2020-10-29T14:00:00Z,buy,1.16855,1.1670654201607666,1.1730037395177,8230,A_long
EURUSD,A,2020-10-29T15:00:00Z,buy,1.16701,1.165460570967144,1.1716582870985686,8229,A_long
EURUSD,A,2020-10-29T23:30:00Z,sell,1.16771,1.168056712861353,1.166669861415941,8213,A_short
EURUSD,A,2020-10-30T01:30:00Z,sell,1.16818,1.1686736265537714,1.1666991203386858,8206,A_short
EURUSD,A,2020-10-30T02:00:00Z,sell,1.16871,1.169219168389277,1.1671824948321687,8198,A_short
EURUSD,A,2020-10-30T07:00:00Z,buy,1.16682,1.1662234384090446,1.168609684772866,8208,A_long
EURUSD,A,2020-10-30T12:45:00Z,sell,1.16992,1.1709320183602863,1.1668839449191415,8181,A_short
EURUSD,A,2020-10-30T15:45:00Z,buy,1.16467,1.163466254703999,1.1682812358880037,8238,A_long
EURUSD,A,2020-11-02T04:15:00Z,buy,1.16352,1.1631757089678798,1.164552873096361,8237,A_long
EURUSD,A,2020-11-02T04:30:00Z,buy,1.16318,1.162812281105496,1.1642831566835126,8236,A_long
EURUSD,A,2020-11-02T14:15:00Z,buy,1.16322,1.1625279895281,1.1652960314156997,8243,A_long
EURUSD,A,2020-11-03T01:15:00Z,sell,1.16471,1.165111983352203,1.1635040499433906,8227,A_short
EURUSD,A,2020-11-03T02:00:00Z,sell,1.16499,1.1654101947925304,1.1637294156224087,8221,A_short
EURUSD,A,2020-11-03T06:30:00Z,sell,1.16592,1.1663126415395797,1.1647420753812612,8211,A_short
EURUSD,A,2020-11-03T06:45:00Z,sell,1.16604,1.166470956000969,1.164747131997093,8207,A_short
EURUSD,A,2020-11-03T07:30:00Z,sell,1.16661,1.167093754173075,1.1651587374807746,8199,A_short
EURUSD,A,2020-11-03T07:45:00Z,sell,1.16714,1.1676632536166653,1.1655702391500042,8191,A_short
EURUSD,A,2020-11-03T08:15:00Z,sell,1.16867,1.1694026660498509,1.1664720018504477,8176,A_short
EURUSD,A,2020-11-03T14:15:00Z,sell,1.1718,1.172626412832556,1.1693207615023316,8148,A_short
EURUSD,A,2020-11-03T15:45:00Z,sell,1.17296,1.1738734593315026,1.1702196220054923,8134,A_short
EURUSD,A,2020-11-03T22:45:00Z,sell,1.17279,1.173422199194438,1.170893402416686,8128,A_short
EURUSD,A,2020-11-03T23:00:00Z,sell,1.17422,1.1750039059685131,1.1718682820944608,8113,A_short
EURUSD,A,2020-11-03T23:30:00Z,sell,1.17532,1.1762033782607941,1.1726698652176173,8099,A_short
EURUSD,A,2020-11-04T00:00:00Z,sell,1.17663,1.1779117374492187,1.172784787652344,8084,A_short
EURUSD,A,2020-11-04T02:15:00Z,buy,1.16405,1.1614117455217292,1.1719647634348125,8197,A_long
EURUSD,A,2020-11-04T02:30:00Z,buy,1.1615,1.158670846118832,1.169987461643504,8195,A_long
EURUSD,A,2020-11-04T12:15:00Z,sell,1.1738,1.175461360036995,1.168815919889015,8167,A_short
EURUSD,A,2020-11-05T08:15:00Z,sell,1.17605,1.1771097046439611,1.1728708860681167,8185,A_short
EURUSD,A,2020-11-05T09:15:00Z,sell,1.17763,1.1787575426041712,1.1742473721874862,8166,A_short
EURUSD,A,2020-11-05T09:30:00Z,sell,1.1791,1.1803278702569484,1.175416389229155,8147,A_short
EURUSD,A,2020-11-05T10:15:00Z,sell,1.18021,1.1814846462087454,1.1763860613737638,8131,A_short
EURUSD,A,2020-11-05T17:15:00Z,buy,1.17927,1.1779485773587324,1.183234267923803,8128,A_long
EURUSD,A,2020-11-05T19:30:00Z,sell,1.18371,1.1848964990073612,1.1801505029779167,8123,A_short
EURUSD,A,2020-11-06T01:00:00Z,buy,1.17999,1.1787972020521242,1.1835683938436277,8172,A_long
EURUSD,A,2020-11-06T07:15:00Z,sell,1.18345,1.1841623433525401,1.1813129699423792,8172,A_short
EURUSD,A,2020-11-06T08:30:00Z,sell,1.18457,1.1854830792038118,1.1818307623885642,8159,A_short
EURUSD,A,2020-11-06T21:45:00Z,buy,1.187,1.1863726623951742,1.1888820128144775,8135,A_long
EURUSD,A,2020-11-08T23:15:00Z,sell,1.18939,1.1900322207505742,1.187463337748277,8118,A_short
EURUSD,A,2020-11-09T08:30:00Z,buy,1.18683,1.1857704192290248,1.1900087423129257,8148,A_long
EURUSD,A,2020-11-09T14:00:00Z,sell,1.19067,1.1922674576291195,1.1858776271126412,8142,A_short
EURUSD,A,2020-11-09T15:30:00Z,buy,1.1826,1.180359191642131,1.1893224250736074,8230,A_long
EURUSD,A,2020-11-09T16:00:00Z,buy,1.18077,1.1784656595000895,1.1876830214997318,8226,A_long
EURUSD,A,2020-11-10T10:45:00Z,buy,1.17802,1.1767887632864487,1.1817137101406543,8229,A_long
EURUSD,A,2020-11-11T06:15:00Z,buy,1.18171,1.1813204464145144,1.182878660756457,8228,A_long
EURUSD,A,2020-11-11T07:45:00Z,buy,1.1808,1.1801948337310373,1.1826154988068884,8231,A_long
EURUSD,A,2020-11-11T08:00:00Z,buy,1.17997,1.1792881892335656,1.182015432299303,8232,A_long
EURUSD,A,2020-11-11T08:15:00Z,buy,1.17919,1.17843243066909,1.1814627079927296,8232,A_long
EURUSD,A,2020-11-11T08:45:00Z,buy,1.1789,1.1780594257025612,1.1814217228923167,8228,A_long
EURUSD,A,2020-11-11T12:00:00Z,buy,1.17563,1.1745587904516746,1.1788436286449762,8244,A_long
EURUSD,A,2020-11-12T01:15:00Z,sell,1.17855,1.1790133777261311,1.1771598668216066,8215,A_short
EURUSD,A,2020-11-12T06:15:00Z,buy,1.17628,1.1758465786170815,1.1775802641487554,8240,A_long
EURUSD,A,2020-11-12T08:00:00Z,sell,1.17866,1.1794590699139234,1.17626279025823,8232,A_short
EURUSD,A,2020-11-12T09:15:00Z,sell,1.17975,1.1806039845077205,1.1771880464768387,8218,A_short
EURUSD,A,2020-11-12T09:30:00Z,sell,1.18095,1.1818834532400244,1.1781496402799265,8203,A_short
EURUSD,A,2020-11-13T07:45:00Z,sell,1.18156,1.1821070613397529,1.1799188159807412,8192,A_short
EURUSD,A,2020-11-13T09:45:00Z,sell,1.18267,1.1834448707769953,1.1803453876690144,8179,A_short
EURUSD,A,2020-11-15T22:15:00Z,sell,1.18409,1.1846220149373345,1.1824939551879967,8164,A_short
EURUSD,A,2020-11-15T23:15:00Z,sell,1.18459,1.1850885824913622,1.1830942525259136,8156,A_short
EURUSD,A,2020-11-16T08:15:00Z,sell,1.186,1.1864734157359687,1.1845797527920938,8142,A_short
EURUSD,A,2020-11-16T08:30:00Z,sell,1.18657,1.1871042936378395,1.184967119086481,8134,A_short
EURUSD,A,2020-11-16T11:45:00Z,buy,1.18293,1.1820299953931588,1.1856300138205238,8169,A_long
EURUSD,A,2020-11-16T13:30:00Z,buy,1.18148,1.1802131558612312,1.1852805324163067,8172,A_long
EURUSD,A,2020-11-16T21:15:00Z,sell,1.18541,1.1858537050684061,1.1840788847947818,8170,A_short
EURUSD,A,2020-11-17T05:15:00Z,buy,1.18551,1.1852262164316407,1.186361350705078,8166,A_long
EURUSD,A,2020-11-17T07:30:00Z,buy,1.18485,1.1843971843399395,1.1862084469801815,8168,A_long
EURUSD,A,2020-11-17T08:45:00Z,sell,1.18739,1.18816604691341,1.1850618592597695,8146,A_short
EURUSD,A,2020-11-18T01:00:00Z,buy,1.18541,1.185033674972748,1.1865389750817565,8154,A_long
EURUSD,A,2020-11-18T04:30:00Z,sell,1.18679,1.1870809457944136,1.1859171626167593,8151,A_short
EURUSD,A,2020-11-18T05:00:00Z,sell,1.18735,1.1876831103966927,1.1863506688099215,8145,A_short
EURUSD,A,2020-11-18T08:00:00Z,sell,1.18891,1.1894448009189402,1.187305597243179,8131,A_short
EURUSD,A,2020-11-18T13:15:00Z,buy,1.18582,1.1850467530157445,1.188139740952767,8163,A_long
EURUSD,A,2020-11-18T21:00:00Z,buy,1.18497,1.184448615098999,1.1865341547030033,8163,A_long
EURUSD,A,2020-11-19T00:00:00Z,buy,1.1832,1.1826815586983745,1.1847553239048765,8171,A_long
EURUSD,A,2020-11-19T08:15:00Z,buy,1.18358,1.183008390589138,1.1852948282325864,8178,A_long
EURUSD,A,2020-11-19T08:45:00Z,buy,1.18267,1.1819371022647303,1.1848686932058097,8179,A_long
EURUSD,A,2020-11-19T17:00:00Z,sell,1.18467,1.1853662016826216,1.1825813949521347,8160,A_short
EURUSD,A,2020-11-19T19:00:00Z,sell,1.18638,1.186999228285275,1.1845223151441748,8142,A_short
EURUSD,A,2020-11-19T19:30:00Z,sell,1.18725,1.1878503981342732,1.1854488055971801,8132,A_short
EURUSD,A,2020-11-19T20:00:00Z,sell,1.18787,1.1884796323764097,1.1860411028707707,8123,A_short
EURUSD,A,2020-11-20T04:30:00Z,sell,1.18841,1.1887869507860407,1.1872791476418778,8114,A_short
EURUSD,A,2020-11-20T05:30:00Z,sell,1.18873,1.1891543751387676,1.1874568745836973,8109,A_short
EURUSD,A,2020-11-20T07:30:00Z,buy,1.18676,1.1861877187251948,1.1884768438244158,8130,A_long
EURUSD,A,2020-11-20T09:00:00Z,buy,1.18612,1.1853871803463145,1.1883184589610567,8130,A_long
EURUSD,A,2020-11-22T23:45:00Z,sell,1.18654,1.1869227225387275,1.185391832383817,8121,A_short
EURUSD,A,2020-11-23T00:15:00Z,sell,1.18709,1.1874842227068665,1.1859073318794005,8114,A_short
EURUSD,A,2020-11-23T01:00:00Z,sell,1.1876,1.1879699577146625,1.1864901268560124,8107,A_short
EURUSD,A,2020-11-23T08:15:00Z,buy,1.18653,1.1860114895609628,1.188085531317112,8121,A_long
EURUSD,A,2020-11-23T10:45:00Z,sell,1.18952,1.19031424746097,1.1871372576170895,8110,A_short
EURUSD,A,2020-11-23T11:00:00Z,sell,1.19031,1.1911503477995073,1.1877889566014779,8099,A_short
EURUSD,A,2020-11-23T14:45:00Z,buy,1.18685,1.185869471955004,1.1897915841349878,8139,A_long
EURUSD,A,2020-11-23T15:00:00Z,buy,1.18364,1.182308875694337,1.1876333729169892,8153,A_long
EURUSD,A,2020-11-23T15:15:00Z,buy,1.18213,1.1807336922684253,1.1863189231947238,8154,A_long
EURUSD,A,2020-11-23T16:00:00Z,buy,1.18116,1.1795773368633276,1.1859079894100173,8150,A_long
EURUSD,A,2020-11-24T08:00:00Z,sell,1.18706,1.18785557487546,1.18467327537362,8141,A_short
EURUSD,A,2020-11-24T08:30:00Z,sell,1.18781,1.188594854017568,1.1854554379472964,8130,A_short
EURUSD,A,2020-11-24T09:30:00Z,sell,1.18864,1.1894822620364591,1.1861132138906223,8118,A_short
EURUSD,A,2020-11-24T13:45:00Z,buy,1.1854,1.1843888455307576,1.1884334634077272,8157,A_long
EURUSD,A,2020-11-24T14:00:00Z,buy,1.18526,1.1841569994599899,1.1885690016200303,8150,A_long
EURUSD,A,2020-11-24T20:45:00Z,sell,1.18921,1.1897635206657666,1.1875494380027005,8145,A_short
EURUSD,A,2020-11-25T01:00:00Z,sell,1.19023,1.190652806625462,1.1889615801236135,8134,A_short
EURUSD,A,2020-11-25T04:15:00Z,sell,1.19096,1.1913649948919292,1.1897450153242126,8125,A_short
EURUSD,A,2020-11-25T06:15:00Z,buy,1.18923,1.1887464893287654,1.190680532013704,8144,A_long
EURUSD,A,2020-11-25T08:00:00Z,sell,1.19269,1.193605036628184,1.189944890115448,8130,A_short
EURUSD,A,2020-11-25T15:30:00Z,sell,1.19251,1.1937805612984012,1.1886983161047964,8149,A_short
EURUSD,A,2020-11-26T06:15:00Z,sell,1.19376,1.194196962170808,1.1924491134875759,8131,A_short
EURUSD,A,2020-11-26T09:45:00Z,buy,1.19034,1.1895198378702723,1.192800486389183,8162,A_long
EURUSD,A,2020-11-26T17:15:00Z,sell,1.19141,1.1920217999069593,1.1895746002791223,8149,A_short
EURUSD,A,2020-11-27T03:15:00Z,sell,1.192,1.1923007798470533,1.19109766045884,8140,A_short
EURUSD,A,2020-11-27T03:30:00Z,sell,1.19225,1.1925586758674462,1.1913239723976614,8135,A_short
EURUSD,A,2020-11-27T13:45:00Z,sell,1.19366,1.1943500079190137,1.1915899762429587,8123,A_short
EURUSD,A,2020-11-27T14:30:00Z,sell,1.19451,1.1952247814512809,1.1923656556461573,8112,A_short
EURUSD,A,2020-11-29T23:30:00Z,sell,1.19737,1.1978020340752178,1.1960738977743468,8087,A_short
EURUSD,A,2020-11-30T08:30:00Z,sell,1.19828,1.198874683473023,1.1964959495809309,8077,A_short
EURUSD,A,2020-11-30T14:15:00Z,sell,1.19971,1.2004242576373727,1.197567227087882,8063,A_short
EURUSD,A,2020-11-30T15:45:00Z,buy,1.19636,1.1949915209189674,1.200465437243098,8099,A_long
EURUSD,A,2020-11-30T16:15:00Z,buy,1.19459,1.1932362534902465,1.1986512395292606,8101,A_long
EURUSD,A,2020-11-30T20:45:00Z,buy,1.19275,1.1920282457916147,1.1949152626251558,8103,A_long
EURUSD,A,2020-12-01T07:00:00Z,sell,1.1962,1.1965700354863023,1.195089893541093,8094,A_short
EURUSD,A,2020-12-01T07:15:00Z,sell,1.19672,1.1971420307547953,1.195453907735614,8087,A_short
EURUSD,A,2020-12-01T07:30:00Z,sell,1.19711,1.197571759987489,1.1957247200375323,8081,A_short
EURUSD,A,2020-12-01T08:30:00Z,sell,1.19821,1.198900568039559,1.196138295881323,8069,A_short
EURUSD,A,2020-12-01T13:45:00Z,sell,1.19921,1.2000916018966703,1.1965651943099895,8076,A_short
EURUSD,A,2020-12-01T15:15:00Z,sell,1.20151,1.2027681135722812,1.1977356592831567,8054,A_short
EURUSD,A,2020-12-01T15:30:00Z,sell,1.20251,1.2038856984293103,1.198382904712069,8038,A_short
EURUSD,A,2020-12-01T15:45:00Z,sell,1.20314,1.2045829386387357,1.1988111840837934,8024,A_short
EURUSD,A,2020-12-01T16:00:00Z,sell,1.20481,1.2062872134869043,1.200378359539287,8003,A_short
EURUSD,A,2020-12-01T20:45:00Z,sell,1.20719,1.207953974536131,1.204898076391607,7976,A_short
EURUSD,A,2020-12-02T03:15:00Z,sell,1.20805,1.2085858984494247,1.2064423046517263,7965,A_short
EURUSD,A,2020-12-02T13:30:00Z,sell,1.20779,1.2087881848158644,1.2047954455524066,7977,A_short
EURUSD,A,2020-12-02T15:00:00Z,sell,1.20911,1.2102355973041756,1.2057332080874728,7960,A_short
EURUSD,A,2020-12-02T21:00:00Z,sell,1.2107,1.2112823353121667,1.2089529940635004,7942,A_short
EURUSD,A,2020-12-02T21:15:00Z,sell,1.2116,1.2122406906038776,1.2096779281883672,7931,A_short
EURUSD,A,2020-12-03T03:00:00Z,sell,1.21247,1.2129143020022835,1.2111370939931494,7921,A_short
EURUSD,A,2020-12-03T08:00:00Z,sell,1.21337,1.2141335708663112,1.2110792874010665,7911,A_short
EURUSD,A,2020-12-03T09:15:00Z,buy,1.21058,1.209707642156161,1.213197073531517,7944,A_long
EURUSD,A,2020-12-03T12:30:00Z,sell,1.21425,1.2151762327392133,1.2114713017823604,7936,A_short
EURUSD,A,2020-12-03T12:45:00Z,sell,1.21554,1.2166254017073181,1.2122837948780458,7921,A_short
EURUSD,A,2020-12-04T06:15:00Z,sell,1.21563,1.216096132532404,1.214231602402788,7912,A_short
EURUSD,A,2020-12-04T08:00:00Z,sell,1.21621,1.2169525365405545,1.2139823903783367,7905,A_short
EURUSD,A,2020-12-04T09:00:00Z,sell,1.21683,1.2176855789853784,1.214263263043865,7895,A_short
EURUSD,A,2020-12-04T10:45:00Z,sell,1.21751,1.2184895459731073,1.2145713620806784,7885,A_short
EURUSD,A,2020-12-04T13:45:00Z,buy,1.21456,1.2133976440042678,1.218047067987197,7922,A_long
EURUSD,A,2020-12-04T20:30:00Z,buy,1.21236,1.2116522989175103,1.2144831032474697,7928,A_long
EURUSD,A,2020-12-04T20:45:00Z,buy,1.21271,1.2118846590618422,1.2151860228144733,7921,A_long
EURUSD,A,2020-12-04T21:15:00Z,buy,1.21194,1.211171099473117,1.2142467015806488,7920,A_long
EURUSD,A,2020-12-04T21:30:00Z,buy,1.21118,1.2104029528767013,1.2135111413698958,7919,A_long
EURUSD,A,2020-12-07T02:00:00Z,sell,1.2138,1.2143313129947872,1.2122060610156382,7916,A_short
EURUSD,A,2020-12-07T07:00:00Z,buy,1.21183,1.2114089307277651,1.2130932078167045,7938,A_long
EURUSD,A,2020-12-07T08:00:00Z,buy,1.21074,1.210062233294137,1.2127733001175884,7942,A_long
EURUSD,A,2020-12-07T08:15:00Z,buy,1.20968,1.2089339355215858,1.211918193435243,7944,A_long
EURUSD,A,2020-12-07T09:00:00Z,buy,1.20821,1.2072929974343478,1.2109610076969566,7948,A_long
EURUSD,A,2020-12-07T13:00:00Z,sell,1.21273,1.2137414629798446,1.2096956110604664,7935,A_short
EURUSD,A,2020-12-07T13:30:00Z,sell,1.21375,1.2147259877493055,1.2108220367520839,7921,A_short
EURUSD,A,2020-12-07T14:30:00Z,sell,1.21612,1.2172906324169466,1.2126081027491606,7899,A_short
EURUSD,A,2020-12-07T20:00:00Z,buy,1.21127,1.210600785022632,1.2132776449321045,7952,A_long
EURUSD,A,2020-12-08T06:00:00Z,sell,1.21203,1.2123205877292245,1.2111582368123264,7942,A_short
EURUSD,A,2020-12-08T08:00:00Z,buy,1.20979,1.209176321231912,1.2116310363042637,7962,A_long
EURUSD,A,2020-12-08T09:00:00Z,sell,1.21312,1.2139822866033652,1.2105331401899044,7951,A_short
EURUSD,A,2020-12-09T00:15:00Z,sell,1.21144,1.2118264980299793,1.2102805059100623,7978,A_short
EURUSD,A,2020-12-09T02:45:00Z,sell,1.21196,1.2122917324132847,1.2109648027601456,7971,A_short
EURUSD,A,2020-12-09T03:30:00Z,sell,1.21223,1.2125889381072552,1.211153185678234,7967,A_short
EURUSD,A,2020-12-09T04:00:00Z,sell,1.21255,1.2129272468450052,1.2114182594649845,7962,A_short
EURUSD,A,2020-12-09T04:15:00Z,sell,1.21264,1.2130202805990045,1.2114991582029864,7958,A_short
EURUSD,A,2020-12-09T06:00:00Z,sell,1.21369,1.2141090486000046,1.212432854199986,7948,A_short
EURUSD,A,2020-12-09T06:15:00Z,sell,1.2143,1.2148338421200038,1.2126984736399884,7941,A_short
EURUSD,A,2020-12-09T11:30:00Z,buy,1.21092,1.2100074760231425,1.2136575719305724,7972,A_long
EURUSD,A,2020-12-09T15:00:00Z,buy,1.20909,1.2079732290088139,1.2124403129735584,7978,A_long
EURUSD,A,2020-12-09T15:45:00Z,buy,1.2083,1.2071949493725522,1.211615151882343,7975,A_long
EURUSD,A,2020-12-10T02:15:00Z,sell,1.20876,1.2091295346326636,1.2076513961020094,7964,A_short
EURUSD,A,2020-12-10T02:45:00Z,sell,1.20891,1.2092707615685339,1.2078277152943981,7960,A_short
EURUSD,A,2020-12-10T03:30:00Z,sell,1.20944,1.2098057698269835,1.2083426905190497,7953,A_short
EURUSD,A,2020-12-10T09:30:00Z,sell,1.21061,1.2114198777423708,1.2081803667728874,7943,A_short
EURUSD,A,2020-12-10T13:00:00Z,sell,1.21146,1.212575922200952,1.208112233397144,7952,A_short
EURUSD,A,2020-12-10T13:30:00Z,sell,1.21312,1.2144313371198263,1.209185988640521,7933,A_short
EURUSD,A,2020-12-10T14:45:00Z,sell,1.21523,1.2170222748223627,1.209853175532912,7910,A_short
EURUSD,A,2020-12-14T12:30:00Z,sell,1.21647,1.2172782151728658,1.2140453544814023,7890,A_short
EURUSD,A,2020-12-14T13:45:00Z,sell,1.21713,1.2180351157809763,1.2144146526570712,7880,A_short
EURUSD,A,2020-12-14T15:15:00Z,buy,1.21365,1.2124339886505209,1.217298034048437,7919,A_long
EURUSD,A,2020-12-14T15:45:00Z,buy,1.21247,1.2112721959197246,1.216063412240826,7918,A_long
EURUSD,A,2020-12-15T07:45:00Z,buy,1.21369,1.21311726437291,1.2154082068812697,7933,A_long
EURUSD,A,2020-12-15T09:15:00Z,sell,1.2159,1.2167982805262625,1.2132051584212125,7929,A_short
EURUSD,A,2020-12-15T12:45:00Z,buy,1.21249,1.2113918619797495,1.2157844140607519,7967,A_long
EURUSD,A,2020-12-16T03:15:00Z,sell,1.21609,1.21643013609747,1.2150695917075893,7964,A_short
EURUSD,A,2020-12-16T07:00:00Z,sell,1.21701,1.2174237914744204,1.2157686255767386,7956,A_short
EURUSD,A,2020-12-16T08:30:00Z,sell,1.21983,1.221005277384064,1.2163041678478077,7944,A_short
EURUSD,A,2020-12-16T08:45:00Z,sell,1.22087,1.2220872403995222,1.217218278801433,7929,A_short
EURUSD,A,2020-12-16T19:00:00Z,buy,1.21541,1.2144373826733459,1.2183278519799627,7988,A_long
EURUSD,A,2020-12-16T19:15:00Z,buy,1.21408,1.2128490649835664,1.217772805049301,7990,A_long
EURUSD,A,2020-12-16T20:30:00Z,sell,1.21978,1.221268167894725,1.2153154963158252,7975,A_short
EURUSD,A,2020-12-17T02:45:00Z,sell,1.22119,1.2217259282700987,1.2195822151897038,7956,A_short
EURUSD,A,2020-12-17T04:15:00Z,sell,1.22282,1.2234621692573908,1.2208934922278276,7941,A_short
EURUSD,A,2020-12-17T12:45:00Z,sell,1.22481,1.2255355201324347,1.2226334396026957,7923,A_short
EURUSD,A,2020-12-17T13:15:00Z,sell,1.22549,1.22628427956614,1.22310716130158,7914,A_short
EURUSD,A,2020-12-18T00:30:00Z,buy,1.22527,1.2247828308261661,1.226731507521502,7909,A_long
EURUSD,A,2020-12-18T02:30:00Z,buy,1.22467,1.2241854745772498,1.2261235762682503,7909,A_long
EURUSD,A,2020-12-18T08:15:00Z,sell,1.22605,1.226726261629738,1.224021215110786,7897,A_short
EURUSD,A,2020-12-18T12:30:00Z,sell,1.22657,1.2272678817350178,1.2244763547949464,7888,A_short
EURUSD,A,2020-12-18T14:45:00Z,buy,1.22377,1.222807739351708,1.226656781944876,7919,A_long
EURUSD,A,2020-12-18T16:00:00Z,buy,1.22286,1.2218333002496973,1.2259400992509084,7918,A_long
EURUSD,A,2020-12-20T23:15:00Z,buy,1.22164,1.2207278252427436,1.2243765242717695,7918,A_long
EURUSD,A,2020-12-21T02:30:00Z,buy,1.21867,1.2176923610571433,1.2216029168285698,7931,A_long
EURUSD,A,2020-12-21T07:30:00Z,buy,1.21696,1.2160905302351745,1.2195684092944765,7935,A_long
EURUSD,A,2020-12-21T08:30:00Z,sell,1.22192,1.2231968423891986,1.2180894728324039,7919,A_short
EURUSD,A,2020-12-21T10:00:00Z,buy,1.21449,1.2128388122297271,1.219443563310819,7992,A_long
EURUSD,A,2020-12-22T04:30:00Z,buy,1.22219,1.2217318978619525,1.223564306414143,7972,A_long
EURUSD,A,2020-12-22T08:15:00Z,buy,1.22065,1.2199124624845807,1.2228626125462578,7979,A_long
EURUSD,A,2020-12-22T11:45:00Z,sell,1.22436,1.2253243249381303,1.2214670251856088,7968,A_short
EURUSD,A,2020-12-22T12:15:00Z,sell,1.2253,1.2262803151757513,1.2223590544727463,7955,A_short
EURUSD,A,2020-12-22T15:00:00Z,buy,1.22025,1.2191060339143682,1.2236818982568956,8006,A_long
EURUSD,A,2020-12-22T15:45:00Z,buy,1.21734,1.2158921678547754,1.2216834964356742,8017,A_long
EURUSD,A,2020-12-22T23:15:00Z,sell,1.21743,1.2179193201123597,1.215962039662921,8007,A_short
EURUSD,A,2020-12-22T23:30:00Z,sell,1.21788,1.2184000774307118,1.216319767707865,8000,A_short
EURUSD,A,2020-12-22T23:45:00Z,sell,1.21872,1.2192920671066168,1.2170037986801499,7990,A_short
EURUSD,A,2020-12-23T07:45:00Z,sell,1.21969,1.220223418745778,1.2180897437626654,7994,A_short
EURUSD,A,2020-12-23T13:00:00Z,buy,1.21666,1.2157192174778582,1.2194823475664258,8024,A_long
EURUSD,A,2020-12-23T14:30:00Z,sell,1.22185,1.2231395307487445,1.217981407753767,8007,A_short
EURUSD,A,2020-12-24T01:00:00Z,sell,1.22064,1.2212124065594943,1.218922780321517,8040,A_short
EURUSD,A,2020-12-24T08:30:00Z,buy,1.21959,1.2190519791114514,1.2212040626656457,8042,A_long
EURUSD,A,2020-12-25T00:45:00Z,buy,1.21753,1.2172204525879056,1.2184586422362833,8052,A_long
EURUSD,A,2020-12-25T01:45:00Z,sell,1.21901,1.2194837280718385,1.2175888157844843,8047,A_short
EURUSD,A,2020-12-25T03:00:00Z,sell,1.21981,1.2202694981095996,1.2184315056712014,8038,A_short
EURUSD,A,2020-12-25T07:15:00Z,buy,1.21883,1.2182775967485395,1.2204872097543817,8041,A_long
EURUSD,A,2020-12-27T22:15:00Z,buy,1.21834,1.2176782500885932,1.2203252497342203,8040,A_long
EURUSD,A,2020-12-28T02:00:00Z,sell,1.22123,1.222040785712625,1.2187976428621252,8033,A_short
EURUSD,A,2020-12-28T05:45:00Z,sell,1.22234,1.2228000057882948,1.2209599826351154,8020,A_short
EURUSD,A,2020-12-28T07:45:00Z,sell,1.22308,1.2236337573705198,1.2214187278884403,8011,A_short
EURUSD,A,2020-12-28T08:45:00Z,sell,1.2239,1.2244986240841367,1.22210412774759,8001,A_short
EURUSD,A,2020-12-28T09:45:00Z,sell,1.22488,1.225513952443793,1.2229781426686208,7990,A_short
EURUSD,A,2020-12-28T11:15:00Z,buy,1.2203,1.2193487353906152,1.2231537938281543,8032,A_long
EURUSD,A,2020-12-29T00:00:00Z,sell,1.22272,1.223239514288047,1.221161457135859,8009,A_short
EURUSD,A,2020-12-29T00:30:00Z,sell,1.22303,1.2235657240652442,1.2214228278042676,8003,A_short
EURUSD,A,2020-12-29T07:15:00Z,sell,1.22483,1.2252469460457673,1.2235791618626983,7987,A_short
EURUSD,A,2020-12-29T08:15:00Z,sell,1.22567,1.2263110654027292,1.2237468037918127,7978,A_short
EURUSD,A,2020-12-29T14:45:00Z,sell,1.22671,1.227530084731887,1.2242497458043387,7983,A_short
EURUSD,A,2020-12-30T00:30:00Z,sell,1.22625,1.2267389904442076,1.2247830286673773,8001,A_short
EURUSD,A,2020-12-30T00:45:00Z,sell,1.22684,1.2274891250516464,1.2248926248450605,7994,A_short
EURUSD,A,2020-12-30T01:00:00Z,sell,1.22787,1.2286765750447604,1.225450274865719,7982,A_short
EURUSD,A,2020-12-30T01:30:00Z,sell,1.22908,1.2299399608113977,1.2265001175658068,7968,A_short
EURUSD,A,2020-12-30T08:00:00Z,buy,1.22608,1.2252944823175587,1.2284365530473242,8004,A_long
EURUSD,A,2020-12-30T08:15:00Z,buy,1.22606,1.2252712180085508,1.2284263459743474,7998,A_long
EURUSD,A,2020-12-30T12:45:00Z,sell,1.22895,1.2297426582380562,1.2265720252858314,7994,A_short
EURUSD,A,2020-12-30T23:00:00Z,sell,1.23035,1.230882416155841,1.2287527515324774,7979,A_short
EURUSD,A,2020-12-31T02:45:00Z,buy,1.22896,1.2283060773237868,1.2309217680286397,7984,A_long
EURUSD,A,2020-12-31T12:15:00Z,buy,1.22672,1.2257312563463918,1.2296862309608247,7993,A_long
EURUSD,A,2020-12-31T15:15:00Z,buy,1.22589,1.2249750826294283,1.2286347521117147,7992,A_long
EURUSD,A,2020-12-31T15:30:00Z,buy,1.22361,1.2224250716121714,1.2271647851634861,8000,A_long
EURUSD,A,2021-01-03T23:30:00Z,sell,1.2247,1.2255344191234743,1.2221967426295768,7984,A_short
EURUSD,A,2021-01-04T07:00:00Z,sell,1.22631,1.227073120475935,1.2240206385721948,7968,A_short
EURUSD,A,2021-01-04T08:15:00Z,sell,1.22722,1.2280377207715178,1.2247668376854464,7956,A_short
EURUSD,A,2021-01-04T08:30:00Z,sell,1.22849,1.2293973580019821,1.225767925994054,7942,A_short
EURUSD,A,2021-01-04T09:15:00Z,sell,1.2294,1.2302965171941793,1.2267104484174622,7929,A_short
EURUSD,A,2021-01-04T15:15:00Z,buy,1.22711,1.2258061176526447,1.2310216470420656,7938,A_long
EURUSD,A,2021-01-04T16:45:00Z,buy,1.22535,1.2241510305115693,1.228946908465292,7940,A_long
EURUSD,A,2021-01-05T01:00:00Z,sell,1.22597,1.2264319850584546,1.2245840448246361,7928,A_short
EURUSD,A,2021-01-05T02:15:00Z,sell,1.22647,1.2269234827171145,1.2251095518486563,7921,A_short
EURUSD,A,2021-01-05T02:30:00Z,sell,1.22689,1.2273616850214992,1.2254749449355025,7914,A_short
EURUSD,A,2021-01-05T03:15:00Z,sell,1.22753,1.2280291917014026,1.2260324248957923,7906,A_short
EURUSD,A,2021-01-05T09:15:00Z,sell,1.22838,1.2292275980105603,1.2258372059683194,7909,A_short
EURUSD,A,2021-01-05T16:30:00Z,sell,1.22905,1.2300666427363285,1.2260000717910144,7921,A_short
EURUSD,A,2021-01-05T17:00:00Z,sell,1.2298,1.2308078783219534,1.22677636503414,7909,A_short
EURUSD,A,2021-01-06T00:45:00Z,sell,1.23088,1.2317436089309932,1.2282891732070202,7894,A_short
EURUSD,A,2021-01-06T02:45:00Z,buy,1.22787,1.226881428244972,1.230835715265084,7930,A_long
EURUSD,A,2021-01-06T06:45:00Z,sell,1.23164,1.2324613998696765,1.2291758003909707,7924,A_short
EURUSD,A,2021-01-06T07:00:00Z,sell,1.23308,1.2340812132203862,1.2300763603388412,7908,A_short
EURUSD,A,2021-01-06T07:30:00Z,sell,1.23376,1.2349224223744235,1.2302727328767293,7897,A_short
EURUSD,A,2021-01-06T13:45:00Z,buy,1.23194,1.2308585009429203,1.2351844971712393,7901,A_long
EURUSD,A,2021-01-06T14:00:00Z,buy,1.23035,1.2290527008171974,1.234241897548408,7903,A_long
EURUSD,A,2021-01-06T15:45:00Z,buy,1.22822,1.2266698462918633,1.2328704611244106,7908,A_long
EURUSD,A,2021-01-06T16:00:00Z,buy,1.22721,1.2256438667862815,1.2319083996411553,7904,A_long
EURUSD,A,2021-01-06T20:00:00Z,sell,1.23291,1.2342019776568276,1.229034067029517,7897,A_short
EURUSD,A,2021-01-07T05:00:00Z,buy,1.23184,1.2313620922576431,1.2332737232270707,7894,A_long
EURUSD,A,2021-01-07T05:30:00Z,buy,1.23137,1.230899660406852,1.2327810187794441,7894,A_long
EURUSD,A,2021-01-07T08:00:00Z,buy,1.22975,1.22885243235337,1.2324427029398894,7900,A_long
EURUSD,A,2021-01-07T09:00:00Z,buy,1.22856,1.227515323070511,1.2316940307884676,7902,A_long
EURUSD,A,2021-01-07T09:45:00Z,buy,1.22689,1.2258053317884186,1.2301440046347445,7905,A_long
EURUSD,A,2021-01-07T10:15:00Z,buy,1.22541,1.2242327158766344,1.2289418523700972,7907,A_long
EURUSD,A,2021-01-08T01:00:00Z,buy,1.22395,1.2231129346756136,1.2264611959731597,7908,A_long
EURUSD,A,2021-01-08T07:30:00Z,buy,1.22453,1.223792988614664,1.2267410341560079,7920,A_long
EURUSD,A,2021-01-08T07:45:00Z,buy,1.2239,1.2230185901327089,1.2265442296018734,7919,A_long
EURUSD,A,2021-01-08T08:00:00Z,buy,1.22186,1.2207521114483477,1.2251836656549566,7926,A_long
EURUSD,A,2021-01-08T13:30:00Z,sell,1.22715,1.2283143779106072,1.2236568662681784,7912,A_short
EURUSD,A,2021-01-08T13:45:00Z,sell,1.22715,1.2285271275225262,1.2230186174324211,7904,A_short
EURUSD,A,2021-01-08T15:15:00Z,buy,1.22249,1.2207823409698875,1.227612977090338,7960,A_long
EURUSD,A,2021-01-08T18:30:00Z,buy,1.21984,1.218275166216251,1.2245345013512472,7965,A_long
EURUSD,A,2021-01-10T23:45:00Z,buy,1.2187,1.2175650366771351,1.2221048899685942,7962,A_long
EURUSD,A,2021-01-11T06:45:00Z,sell,1.21899,1.2195930791884264,1.2171807624347208,7952,A_short
EURUSD,A,2021-01-11T09:45:00Z,buy,1.21605,1.2149627830224219,1.2193116509327346,7966,A_long
EURUSD,A,2021-01-11T13:45:00Z,buy,1.21444,1.213420694453726,1.2174979166388218,7969,A_long
EURUSD,A,2021-01-11T14:45:00Z,buy,1.21374,1.2125031248255382,1.2174506255233855,7966,A_long
EURUSD,A,2021-01-12T18:15:00Z,sell,1.21832,1.2191423579176168,1.2158529262471498,7960,A_short
EURUSD,A,2021-01-12T18:30:00Z,sell,1.21883,1.2196893768619346,1.2162518694141966,7950,A_short
EURUSD,A,2021-01-12T19:15:00Z,sell,1.21992,1.220757798804643,1.2174066035860707,7937,A_short
EURUSD,A,2021-01-13T00:00:00Z,sell,1.22113,1.2216101144783789,1.2196896565648636,7923,A_short
EURUSD,A,2021-01-13T01:30:00Z,sell,1.22162,1.2221483674939055,1.220034897518283,7916,A_short
EURUSD,A,2021-01-13T08:15:00Z,buy,1.21967,1.2188793699488738,1.2220418901533787,7925,A_long
EURUSD,A,2021-01-13T08:45:00Z,buy,1.2191,1.2182913045393764,1.221526086381871,7923,A_long
EURUSD,A,2021-01-13T09:00:00Z,buy,1.21837,1.2175291306007927,1.2208926081976217,7922,A_long
EURUSD,A,2021-01-13T10:15:00Z,buy,1.21749,1.2166171247778241,1.2201086256665274,7921,A_long
EURUSD,A,2021-01-14T00:00:00Z,sell,1.21651,1.2170088246219288,1.2150135261342134,7921,A_short
EURUSD,A,2021-01-14T00:15:00Z,sell,1.21702,1.2175456480056717,1.215443055982985,7914,A_short
EURUSD,A,2021-01-14T02:15:00Z,buy,1.2149,1.2142347729607936,1.2168956811176195,7937,A_long
EURUSD,A,2021-01-14T03:00:00Z,buy,1.2146,1.213794647761441,1.2170160567156767,7934,A_long
EURUSD,A,2021-01-14T12:45:00Z,buy,1.21294,1.211910258763262,1.2160292237102137,7939,A_long
EURUSD,A,2021-01-14T13:00:00Z,buy,1.21236,1.2112542242614939,1.2156773272155188,7935,A_long
EURUSD,A,2021-01-14T13:15:00Z,buy,1.21125,1.2101223276932946,1.2146330169201158,7934,A_long
EURUSD,A,2021-01-15T05:15:00Z,buy,1.21415,1.2137318274060893,1.2154045177817323,7936,A_long
EURUSD,A,2021-01-15T05:45:00Z,buy,1.21397,1.2135447059183513,1.2152458822449461,7934,A_long
EURUSD,A,2021-01-15T08:00:00Z,buy,1.21252,1.211754384712916,1.2148168458612523,7940,A_long
EURUSD,A,2021-01-15T14:00:00Z,buy,1.21109,1.2101667690948845,1.2138596927153464,7944,A_long
EURUSD,A,2021-01-15T14:45:00Z,buy,1.20974,1.2086259560596924,1.213082131820923,7946,A_long
EURUSD,A,2021-01-15T15:00:00Z,buy,1.20966,1.2084584952517332,1.2132645142448002,7939,A_long
EURUSD,A,2021-01-15T15:15:00Z,buy,1.20855,1.207299362551502,1.212301912345494,7938,A_long
EURUSD,A,2021-01-17T23:45:00Z,buy,1.20662,1.2059920955525076,1.2085037133424772,7941,A_long
EURUSD,A,2021-01-18T09:45:00Z,buy,1.2062,1.205442492275247,1.208472523174259,7956,A_long
EURUSD,A,2021-01-18T12:45:00Z,buy,1.2056,1.2048851514804737,1.207744545558579,7954,A_long
EURUSD,A,2021-01-19T00:00:00Z,sell,1.2083,1.2086235259124753,1.2073294222625737,7949,A_short
EURUSD,A,2021-01-19T00:30:00Z,sell,1.20878,1.2092117150187038,1.2074848549438884,7943,A_short
EURUSD,A,2021-01-19T01:15:00Z,sell,1.20915,1.2095851756729161,1.2078444729812514,7937,A_short
EURUSD,A,2021-01-19T01:30:00Z,sell,1.20958,1.2100331522498609,1.2082205432504178,7931,A_short
EURUSD,A,2021-01-19T08:00:00Z,sell,1.21094,1.2116864389856636,1.2087006830430087,7919,A_short
EURUSD,A,2021-01-19T08:15:00Z,sell,1.21162,1.2123922471209085,1.209303258637274,7909,A_short
EURUSD,A,2021-01-19T10:00:00Z,sell,1.21284,1.213697097764255,1.2102687067072349,7895,A_short
EURUSD,A,2021-01-19T14:00:00Z,sell,1.21445,1.215190265461382,1.2122292036158542,7879,A_short
EURUSD,A,2021-01-19T23:00:00Z,sell,1.21348,1.2138964224131505,1.212230732760548,7898,A_short
EURUSD,A,2021-01-19T23:15:00Z,sell,1.21377,1.2141988994247306,1.2124833017258083,7893,A_short
EURUSD,A,2021-01-20T00:15:00Z,sell,1.21435,1.214906403288291,1.212680790135127,7886,A_short
EURUSD,A,2021-01-20T06:30:00Z,sell,1.2157,1.2161804295893044,1.2142587112320868,7873,A_short
EURUSD,A,2021-01-20T09:00:00Z,buy,1.2126,1.2117716664003269,1.215085000799019,7902,A_long
EURUSD,A,2021-01-20T10:00:00Z,buy,1.21177,1.210855011438217,1.214514965685349,7901,A_long
EURUSD,A,2021-01-20T12:45:00Z,buy,1.20982,1.209072142467194,1.2120635725984177,7907,A_long
EURUSD,A,2021-01-20T14:45:00Z,buy,1.20804,1.206998570100454,1.211164289698638,7913,A_long
EURUSD,A,2021-01-20T23:00:00Z,sell,1.21153,1.2119552862642458,1.2102541412072627,7910,A_short
EURUSD,A,2021-01-21T01:00:00Z,sell,1.21278,1.2133401840949902,1.2110994477150292,7898,A_short
EURUSD,A,2021-01-21T07:45:00Z,buy,1.21195,1.2113034362728523,1.2138896911814434,7899,A_long
EURUSD,A,2021-01-21T09:30:00Z,sell,1.21431,1.215171997296224,1.2117240081113279,7896,A_short
EURUSD,A,2021-01-21T13:00:00Z,sell,1.21578,1.2167283545960852,1.2129349362117448,7880,A_short
EURUSD,A,2021-01-21T15:15:00Z,sell,1.21694,1.2181586560763722,1.213284031770883,7866,A_short
EURUSD,A,2021-01-25T01:30:00Z,buy,1.21603,1.2154912544358842,1.217646236692347,7863,A_long
EURUSD,A,2021-01-25T09:00:00Z,buy,1.21624,1.215544215578849,1.218327353263453,7872,A_long
EURUSD,A,2021-01-25T09:15:00Z,buy,1.21556,1.2147689868350025,1.2179330394949925,7871,A_long
EURUSD,A,2021-01-25T09:45:00Z,buy,1.21475,1.213944039000513,1.2171678829984611,7870,A_long
EURUSD,A,2021-01-25T14:45:00Z,buy,1.21207,1.211131002422933,1.2148869927312012,7882,A_long
EURUSD,A,2021-01-26T07:45:00Z,buy,1.21112,1.2104799285587569,1.2130402143237293,7881,A_long
EURUSD,A,2021-01-26T12:30:00Z,sell,1.21479,1.215593468676524,1.2123795939704283,7869,A_short
EURUSD,A,2021-01-26T13:30:00Z,sell,1.21604,1.2168952191381768,1.2134743425854697,7855,A_short
EURUSD,A,2021-01-27T08:15:00Z,buy,1.21469,1.2140692652028586,1.2165522043914243,7857,A_long
EURUSD,A,2021-01-27T09:00:00Z,buy,1.21219,1.2112595661187202,1.2149813016438398,7869,A_long
EURUSD,A,2021-01-27T14:30:00Z,buy,1.20617,1.2047458109647662,1.2104425671057013,7902,A_long
EURUSD,A,2021-01-28T00:15:00Z,buy,1.20878,1.2080191357092336,1.2110625928722991,7911,A_long
EURUSD,A,2021-01-28T13:45:00Z,sell,1.21285,1.2141074973640298,1.2090775079079106,7899,A_short
EURUSD,A,2021-01-28T14:00:00Z,sell,1.21292,1.2142351643821592,1.2089745068535225,7890,A_short
EURUSD,A,2021-01-31T23:00:00Z,buy,1.21227,1.2116997679791603,1.2139806960625188,7885,A_long
EURUSD,A,2021-02-01T08:15:00Z,buy,1.21128,1.2105626493516368,1.2134320519450892,7887,A_long
EURUSD,A,2021-02-01T08:45:00Z,buy,1.20888,1.2079597677352294,1.2116406967943116,7897,A_long
EURUSD,A,2021-02-01T16:45:00Z,buy,1.20685,1.2059061390838235,1.2096815827485294,7903,A_long
EURUSD,A,2021-02-01T20:45:00Z,buy,1.20565,1.204964670317948,1.2077059890461566,7904,A_long
EURUSD,A,2021-02-02T01:30:00Z,sell,1.20805,1.2085381716348456,1.2065854850954636,7901,A_short
EURUSD,A,2021-02-02T01:45:00Z,sell,1.20838,1.2089270820835327,1.2067387537494019,7895,A_short
EURUSD,A,2021-02-02T07:00:00Z,buy,1.20672,1.206302778162014,1.2079716655139583,7916,A_long
EURUSD,A,2021-02-02T08:45:00Z,sell,1.20866,1.209464557039341,1.2062463288819774,7911,A_short
EURUSD,A,2021-02-02T10:15:00Z,buy,1.20376,1.2026897662982932,1.2069707011051203,7958,A_long
EURUSD,A,2021-02-02T20:45:00Z,sell,1.20368,1.2043484417909134,1.2016746746272602,7951,A_short
EURUSD,A,2021-02-02T21:15:00Z,sell,1.2037,1.204362074056286,1.2017137778311422,7946,A_short
EURUSD,A,2021-02-02T21:45:00Z,sell,1.20428,1.2049081356244993,1.2023955931265022,7937,A_short
EURUSD,A,2021-02-03T07:15:00Z,buy,1.20339,1.202935769717363,1.2047526908479107,7938,A_long
EURUSD,A,2021-02-03T07:30:00Z,buy,1.20315,1.202676333755048,1.204570998734856,7935,A_long
EURUSD,A,2021-02-03T09:00:00Z,buy,1.20176,1.2009004538474288,1.2043386384577133,7941,A_long
EURUSD,A,2021-02-03T20:30:00Z,sell,1.20337,1.2038172755610785,1.2020281733167646,7924,A_short
EURUSD,A,2021-02-04T03:00:00Z,buy,1.2029,1.2025002864886714,1.2040991405339863,7923,A_long
EURUSD,A,2021-02-04T03:15:00Z,buy,1.20235,1.201895581623515,1.203713255129455,7923,A_long
EURUSD,A,2021-02-04T03:30:00Z,buy,1.20184,1.2013688374070464,1.203253487778861,7923,A_long
EURUSD,A,2021-02-04T07:00:00Z,buy,1.20028,1.19973679736642,1.2019096079007403,7930,A_long
EURUSD,A,2021-02-04T08:15:00Z,buy,1.19966,1.1987112216817384,1.2025063349547847,7930,A_long
EURUSD,A,2021-02-04T09:00:00Z,buy,1.19888,1.1979674411954901,1.2016176764135293,7928,A_long
EURUSD,A,2021-02-04T15:15:00Z,buy,1.19695,1.196181960379376,1.199254118861872,7934,A_long
EURUSD,A,2021-02-04T17:15:00Z,buy,1.19607,1.1953625785671607,1.1981922642985179,7934,A_long
EURUSD,A,2021-02-05T02:45:00Z,buy,1.19541,1.1949674708610967,1.1967375874167103,7933,A_long
EURUSD,A,2021-02-05T08:00:00Z,sell,1.1982,1.1987795202031177,1.1964614393906465,7923,A_short
EURUSD,A,2021-02-05T12:45:00Z,sell,1.19894,1.199583367327866,1.1970098980164017,7913,A_short
EURUSD,A,2021-02-05T13:30:00Z,sell,1.20011,1.200940512005725,1.197618463982825,7901,A_short
EURUSD,A,2021-02-05T13:45:00Z,sell,1.20039,1.2014151104049617,1.197314668785115,7893,A_short
EURUSD,A,2021-02-05T14:00:00Z,sell,1.2005,1.2015710956843,1.1972867129470997,7884,A_short
EURUSD,A,2021-02-05T14:15:00Z,sell,1.2016,1.2027442829263935,1.1981671512208196,7869,A_short
EURUSD,A,2021-02-08T00:45:00Z,buy,1.20322,1.2026128745707576,1.205041376287727,7851,A_long
EURUSD,A,2021-02-08T14:00:00Z,sell,1.2044,1.2052413964796775,1.201875810560967,7838,A_short
EURUSD,A,2021-02-08T14:30:00Z,sell,1.20606,1.206988337800291,1.2032749865991266,7821,A_short
EURUSD,A,2021-02-09T02:00:00Z,sell,1.20716,1.2076989935786515,1.2055430192640455,7807,A_short
EURUSD,A,2021-02-09T02:15:00Z,sell,1.20767,1.2082411277681648,1.2059566166955056,7800,A_short
EURUSD,A,2021-02-09T08:15:00Z,buy,1.20683,1.2061911302885846,1.2087466091342465,7801,A_long
EURUSD,A,2021-02-09T08:45:00Z,sell,1.20976,1.210607328805463,1.2072180135836106,7793,A_short
EURUSD,A,2021-02-09T09:15:00Z,sell,1.21006,1.2109181269694367,1.2074856190916896,7785,A_short
EURUSD,A,2021-02-09T09:30:00Z,sell,1.2107,1.211601043373512,1.2079968698794643,7775,A_short
EURUSD,A,2021-02-09T09:45:00Z,sell,1.21095,1.2118775709237102,1.2081672872288693,7767,A_short
EURUSD,A,2021-02-09T19:30:00Z,sell,1.21181,1.21233845067128,1.2102246479861603,7755,A_short
EURUSD,A,2021-02-10T02:30:00Z,sell,1.21247,1.212901555981826,1.211175332054522,7747,A_short
EURUSD,A,2021-02-10T03:15:00Z,sell,1.21282,1.2132113447383917,1.211645965784825,7741,A_short
EURUSD,A,2021-02-10T08:30:00Z,sell,1.21377,1.2143418148177632,1.2120545555467106,7732,A_short
EURUSD,A,2021-02-10T08:45:00Z,sell,1.21392,1.214514239508728,1.2121372814738163,7727,A_short
EURUSD,A,2021-02-10T20:45:00Z,buy,1.21197,1.2115153137222041,1.2133340588333876,7749,A_long
EURUSD,A,2021-02-11T04:00:00Z,sell,1.21245,1.2127225545347162,1.2116323363958514,7743,A_short
EURUSD,A,2021-02-11T09:15:00Z,sell,1.21342,1.2139738345909883,1.211758496227035,7734,A_short
EURUSD,A,2021-02-11T13:00:00Z,sell,1.2147,1.2153090919418836,1.2128727241743487,7722,A_short
EURUSD,A,2021-02-12T02:00:00Z,buy,1.21247,1.2121268924335826,1.2134993226992519,7747,A_long
EURUSD,A,2021-02-12T02:45:00Z,buy,1.21197,1.2116283148671352,1.2129950553985944,7747,A_long
EURUSD,A,2021-02-12T05:45:00Z,sell,1.21313,1.2134084697689314,1.212294590693206,7746,A_short
EURUSD,A,2021-02-12T07:45:00Z,buy,1.21152,1.211043698352852,1.2129489049414435,7760,A_long
EURUSD,A,2021-02-12T08:00:00Z,buy,1.21123,1.2107038719058054,1.2128083842825839,7759,A_long
EURUSD,A,2021-02-12T08:15:00Z,buy,1.21084,1.2102973556516978,1.2124679330449062,7757,A_long
EURUSD,A,2021-02-12T08:45:00Z,buy,1.21029,1.20973672491172,1.2119498252648406,7756,A_long
EURUSD,A,2021-02-12T13:15:00Z,buy,1.20943,1.2087557300092562,1.2114528099722315,7758,A_long
EURUSD,A,2021-02-12T13:30:00Z,buy,1.20898,1.2082702993413552,1.2111091019759341,7756,A_long
EURUSD,A,2021-02-12T16:00:00Z,sell,1.21231,1.2132213410462385,1.2095759768612846,7729,A_short
EURUSD,A,2021-02-15T02:15:00Z,sell,1.21298,1.2133784810410775,1.2117845568767673,7719,A_short
EURUSD,A,2021-02-15T03:15:00Z,sell,1.21347,1.2138230065583056,1.2124109803250835,7712,A_short
EURUSD,A,2021-02-15T12:00:00Z,buy,1.2125,1.2118984344584036,1.2143046966247888,7715,A_long
EURUSD,A,2021-02-16T01:30:00Z,sell,1.21444,1.2148101677497376,1.213329496750787,7714,A_short
EURUSD,A,2021-02-16T08:45:00Z,sell,1.2155,1.2162257264916938,1.2133228205249187,7704,A_short
EURUSD,A,2021-02-16T10:30:00Z,sell,1.21652,1.2171875900747116,1.2145172297758655,7693,A_short
EURUSD,A,2021-02-16T13:15:00Z,buy,1.2135,1.212736168257054,1.2157914952288378,7723,A_long
EURUSD,A,2021-02-16T13:30:00Z,buy,1.21186,1.2109446791561134,1.2146059625316596,7728,A_long
EURUSD,A,2021-02-16T13:45:00Z,buy,1.21081,1.2098527219352984,1.2136818341941047,7729,A_long
EURUSD,A,2021-02-16T23:00:00Z,buy,1.20861,1.208038625434079,1.210324123697763,7736,A_long
EURUSD,A,2021-02-17T07:00:00Z,buy,1.20793,1.2074697877136535,1.2093106368590392,7736,A_long
EURUSD,A,2021-02-17T07:15:00Z,buy,1.20753,1.207039149351833,1.2090025519445007,7735,A_long
EURUSD,A,2021-02-17T09:30:00Z,buy,1.20648,1.2056139215733983,1.209078235279805,7738,A_long
EURUSD,A,2021-02-17T13:30:00Z,buy,1.20401,1.2032027813324382,1.2064316560026855,7747,A_long
EURUSD,A,2021-02-17T13:45:00Z,buy,1.20336,1.202516410488113,1.205890768535661,7746,A_long
EURUSD,A,2021-02-18T03:30:00Z,buy,1.20377,1.2033859393334945,1.2049221819995166,7737,A_long
EURUSD,A,2021-02-18T08:15:00Z,sell,1.20556,1.206192540502717,1.203662378491849,7732,A_short
EURUSD,A,2021-02-18T08:45:00Z,sell,1.20686,1.2075478193109297,1.204796542067211,7719,A_short
EURUSD,A,2021-02-18T13:00:00Z,sell,1.20842,1.2092187771467016,1.2060236685598955,7704,A_short
EURUSD,A,2021-02-19T00:45:00Z,sell,1.20972,1.2100992236571795,1.2085823290284612,7690,A_short
EURUSD,A,2021-02-19T06:00:00Z,sell,1.20974,1.2100556445841955,1.2087930662474138,7697,A_short
EURUSD,A,2021-02-19T07:15:00Z,sell,1.21019,1.2106421892933001,1.2088334321201,7691,A_short
EURUSD,A,2021-02-19T07:45:00Z,sell,1.21094,1.211476533291412,1.2093304001257639,7683,A_short
EURUSD,A,2021-02-19T08:15:00Z,sell,1.21166,1.2122423738944383,1.2099128783166848,7674,A_short
EURUSD,A,2021-02-19T08:30:00Z,sell,1.21248,1.2131887240418466,1.21035382787446,7665,A_short
EURUSD,A,2021-02-19T08:45:00Z,sell,1.21324,1.2139728941696004,1.2110413174911991,7655,A_short
EURUSD,A,2021-02-19T14:15:00Z,buy,1.2119,1.2111694568911695,1.2140916293264914,7658,A_long
EURUSD,A,2021-02-19T18:15:00Z,buy,1.21101,1.2102696742755021,1.2132309771734933,7658,A_long
EURUSD,A,2021-02-22T01:15:00Z,sell,1.21339,1.2139285491934482,1.2117743524196554,7657,A_short
EURUSD,A,2021-02-22T07:00:00Z,buy,1.21127,1.2108958422825786,1.2123924731522644,7679,A_long
EURUSD,A,2021-02-22T07:15:00Z,buy,1.21082,1.2103957299782349,1.2120928100652955,7679,A_long
EURUSD,A,2021-02-22T08:30:00Z,buy,1.20928,1.2084895668290485,1.211651299512854,7696,A_long
EURUSD,A,2021-02-22T10:30:00Z,sell,1.21326,1.2142302150168358,1.2103493549494926,7685,A_short
EURUSD,A,2021-02-22T17:15:00Z,sell,1.21633,1.217193538531669,1.2137393844049926,7659,A_short
EURUSD,A,2021-02-23T00:45:00Z,sell,1.21704,1.2174493673265254,1.2158118980204233,7648,A_short
EURUSD,A,2021-02-23T01:30:00Z,sell,1.2175,1.2180192651900374,1.2159422044298878,7643,A_short
EURUSD,A,2021-02-23T08:30:00Z,buy,1.21582,1.2151617058878694,1.2177948823363913,7662,A_long
EURUSD,A,2021-02-23T09:00:00Z,buy,1.21512,1.2144424368668887,1.2171526893993339,7662,A_long
EURUSD,A,2021-02-23T15:30:00Z,sell,1.21641,1.217395184515215,1.2134544464543553,7649,A_short
EURUSD,A,2021-02-24T08:45:00Z,sell,1.21683,1.2175929221796242,1.2145412334611276,7639,A_short
EURUSD,A,2021-02-24T13:00:00Z,buy,1.21456,1.213680920744664,1.2171972377660085,7667,A_long
EURUSD,A,2021-02-24T13:15:00Z,buy,1.2139,1.2129367979787087,1.2167896060638739,7665,A_long
EURUSD,A,2021-02-24T13:45:00Z,buy,1.21333,1.2122391504817855,1.2166025485546434,7662,A_long
EURUSD,A,2021-02-24T15:00:00Z,buy,1.21141,1.2102690198648016,1.2148329404055955,7667,A_long
EURUSD,A,2021-02-24T20:30:00Z,sell,1.21669,1.217317616468929,1.2148071505932132,7654,A_short
EURUSD,A,2021-02-25T01:45:00Z,buy,1.21573,1.2152617351504216,1.2171347945487352,7655,A_long
EURUSD,A,2021-02-25T04:15:00Z,sell,1.2174,1.2178221203906607,1.216133638828018,7653,A_short
EURUSD,A,2021-02-25T05:00:00Z,sell,1.21792,1.218357688443935,1.2166069346681943,7646,A_short
EURUSD,A,2021-02-25T08:00:00Z,sell,1.21975,1.2205339961958155,1.217398011412553,7632,A_short
EURUSD,A,2021-02-25T08:45:00Z,sell,1.22083,1.221719220634728,1.2181623380958162,7619,A_short
EURUSD,A,2021-02-25T09:00:00Z,sell,1.22176,1.2227186578834308,1.2188840263497074,7607,A_short
EURUSD,A,2021-02-25T18:00:00Z,buy,1.21997,1.2186251396319954,1.224004581104014,7612,A_long
EURUSD,A,2021-02-25T18:30:00Z,buy,1.2173,1.215717593768032,1.2220472186959042,7620,A_long
EURUSD,A,2021-02-26T00:15:00Z,buy,1.21418,1.2131799757367907,1.217180072789628,7629,A_long
EURUSD,A,2021-02-26T07:30:00Z,buy,1.21317,1.2123111868264236,1.2157464395207296,7653,A_long
EURUSD,A,2021-02-26T09:45:00Z,buy,1.21251,1.2114646992588334,1.2156459022234998,7672,A_long
EURUSD,A,2021-02-26T11:15:00Z,buy,1.2105,1.209328439359107,1.2140146819226785,7678,A_long
EURUSD,A,2021-02-26T11:30:00Z,buy,1.21005,1.2088653141112264,1.213604057666321,7673,A_long
EURUSD,A,2021-02-26T16:15:00Z,buy,1.20916,1.207343358748361,1.2146099237549168,7700,A_long
EURUSD,A,2021-02-26T21:00:00Z,buy,1.20654,1.2056493882501802,1.2092118352494592,7704,A_long
EURUSD,A,2021-03-01T06:45:00Z,sell,1.20903,1.2094665842241412,1.2077202473275765,7705,A_short
EURUSD,A,2021-03-01T08:00:00Z,buy,1.20705,1.206306891303593,1.2092793260892207,7725,A_long
EURUSD,A,2021-03-01T08:15:00Z,buy,1.20588,1.205063972463114,1.2083280826106582,7727,A_long
EURUSD,A,2021-03-01T08:30:00Z,buy,1.2052,1.2043487761346987,1.207753671595904,7725,A_long
EURUSD,A,2021-03-01T09:15:00Z,buy,1.20383,1.2029615144201284,1.2064354567396145,7728,A_long
EURUSD,A,2021-03-02T00:45:00Z,buy,1.20387,1.2034573777689612,1.2051078666931163,7721,A_long
EURUSD,A,2021-03-02T01:15:00Z,buy,1.20341,1.2029575859686865,1.2047672420939408,7721,A_long
EURUSD,A,2021-03-02T01:30:00Z,buy,1.2033,1.2028239078395284,1.204728276481415,7718,A_long
EURUSD,A,2021-03-02T01:45:00Z,buy,1.20312,1.2026273867942578,1.2045978396172263,7716,A_long
EURUSD,A,2021-03-02T02:45:00Z,buy,1.20212,1.201458685910732,1.2041039422678046,7718,A_long
EURUSD,A,2021-03-02T07:30:00Z,buy,1.20044,1.1996920650574883,1.202683804827535,7724,A_long
EURUSD,A,2021-03-02T14:15:00Z,sell,1.20446,1.205310931749741,1.2019072047507773,7693,A_short
EURUSD,A,2021-03-02T15:45:00Z,sell,1.20623,1.2072582353679482,1.203145293896155,7676,A_short
EURUSD,A,2021-03-02T16:00:00Z,sell,1.20695,1.2080411373188884,1.2036765880433347,7664,A_short
EURUSD,A,2021-03-02T16:45:00Z,sell,1.20784,1.2088338455376588,1.2048584633870236,7651,A_short
EURUSD,A,2021-03-03T06:15:00Z,buy,1.20793,1.207638771634044,1.2088036850978678,7643,A_long
EURUSD,A,2021-03-03T07:15:00Z,sell,1.20937,1.209855074831804,1.2079147755045883,7639,A_short
EURUSD,A,2021-03-03T07:30:00Z,sell,1.21006,1.2106977315208967,1.2081468054373097,7631,A_short
EURUSD,A,2021-03-03T09:30:00Z,sell,1.21098,1.2120708654589212,1.2077074036232363,7636,A_short
EURUSD,A,2021-03-03T11:45:00Z,buy,1.20621,1.2051967278491986,1.2092498164524041,7686,A_long
EURUSD,A,2021-03-03T13:00:00Z,buy,1.20478,1.2037794786282305,1.2077815641153082,7688,A_long
EURUSD,A,2021-03-03T16:15:00Z,sell,1.20782,1.2088781088598284,1.2046456734205144,7687,A_short
EURUSD,A,2021-03-03T23:15:00Z,buy,1.20484,1.2042471613834862,1.206618515849541,7725,A_long
EURUSD,A,2021-03-04T08:15:00Z,buy,1.20434,1.2035759597712337,1.2066321206862989,7724,A_long
EURUSD,A,2021-03-04T09:00:00Z,buy,1.20367,1.2028735032940445,1.2060594901178665,7723,A_long
EURUSD,A,2021-03-04T09:15:00Z,buy,1.20334,1.2024683695215053,1.2059548914354845,7719,A_long
EURUSD,A,2021-03-04T17:15:00Z,buy,1.20164,1.200298935318831,1.2056631940435074,7724,A_long
EURUSD,A,2021-03-04T17:30:00Z,buy,1.20067,1.1992797439429868,1.2048407681710394,7721,A_long
EURUSD,A,2021-03-04T17:45:00Z,buy,1.19938,1.1979524447505885,1.203662665748234,7719,A_long
EURUSD,A,2021-03-04T18:00:00Z,buy,1.19821,1.1966501187838434,1.2028896436484697,7717,A_long
EURUSD,A,2021-03-04T18:45:00Z,buy,1.19682,1.195316521768327,1.2013304346950189,7716,A_long
EURUSD,A,2021-03-05T02:00:00Z,buy,1.19528,1.1946119607054988,1.1972841178835032,7715,A_long
EURUSD,A,2021-03-05T08:00:00Z,buy,1.19321,1.192433038144777,1.1955408855656695,7723,A_long
EURUSD,A,2021-03-05T08:15:00Z,buy,1.1928,1.1919906330588066,1.1952281008235806,7720,A_long
EURUSD,A,2021-03-05T08:45:00Z,buy,1.19268,1.1917463866086146,1.195480840174156,7715,A_long
EURUSD,A,2021-03-05T13:45:00Z,buy,1.19178,1.1904988483331398,1.1956234550005809,7714,A_long
EURUSD,A,2021-03-08T02:45:00Z,buy,1.19055,1.189859882240833,1.1926203532775008,7713,A_long
EURUSD,A,2021-03-08T07:00:00Z,buy,1.18908,1.1884306235877793,1.1910281292366618,7718,A_long
EURUSD,A,2021-03-08T07:15:00Z,buy,1.18853,1.1878365404427422,1.1906103786717737,7716,A_long
EURUSD,A,2021-03-08T15:45:00Z,buy,1.18576,1.1847166011677284,1.1888901964968146,7729,A_long
EURUSD,A,2021-03-08T16:45:00Z,buy,1.18483,1.1839232927595356,1.1875501217213935,7728,A_long
EURUSD,A,2021-03-09T01:15:00Z,buy,1.18394,1.1834050936951224,1.1855447189146329,7727,A_long
EURUSD,A,2021-03-09T03:00:00Z,sell,1.18638,1.1870587020569694,1.1843438938290918,7721,A_short
EURUSD,A,2021-03-09T07:15:00Z,sell,1.18713,1.1877505223249631,1.1852684330251106,7711,A_short
EURUSD,A,2021-03-09T07:45:00Z,sell,1.18805,1.1888081701018611,1.1857754896944168,7700,A_short
EURUSD,A,2021-03-09T08:45:00Z,sell,1.1896,1.1904617927166272,1.1870146218501183,7684,A_short
EURUSD,A,2021-03-10T00:15:00Z,buy,1.18894,1.1885281576226672,1.190175527131999,7682,A_long
EURUSD,A,2021-03-10T01:30:00Z,buy,1.18855,1.1880239877770442,1.1901280366688674,7682,A_long
EURUSD,A,2021-03-10T02:00:00Z,buy,1.18789,1.1873399730414242,1.1895400808757268,7682,A_long
EURUSD,A,2021-03-10T08:45:00Z,sell,1.1896,1.190377133418425,1.187268599744725,7666,A_short
EURUSD,A,2021-03-10T13:45:00Z,sell,1.19105,1.1921347675231948,1.1877956974304154,7651,A_short
EURUSD,A,2021-03-10T14:00:00Z,sell,1.19226,1.193425465186769,1.1887636044396932,7636,A_short
EURUSD,A,2021-03-11T00:30:00Z,buy,1.19171,1.1913078888320128,1.1929163335039619,7661,A_long
EURUSD,A,2021-03-11T07:15:00Z,sell,1.1941,1.194667694378638,1.1923969168640856,7653,A_short
EURUSD,A,2021-03-11T08:15:00Z,sell,1.19581,1.1966165536621882,1.1933903390134355,7637,A_short
EURUSD,A,2021-03-11T08:30:00Z,sell,1.1967,1.19756034650723,1.1941189604783105,7626,A_short
EURUSD,A,2021-03-11T14:30:00Z,buy,1.19338,1.191984432343435,1.1975667029696955,7663,A_long
EURUSD,A,2021-03-12T02:15:00Z,buy,1.1973,1.1968613827465528,1.1986158517603416,7663,A_long
EURUSD,A,2021-03-12T02:30:00Z,buy,1.19633,1.195816531713679,1.1978704048589623,7666,A_long
EURUSD,A,2021-03-12T06:30:00Z,buy,1.19475,1.1942617799084558,1.1962146602746324,7672,A_long
EURUSD,A,2021-03-12T08:30:00Z,buy,1.19308,1.1922642580801426,1.195527225759572,7679,A_long
EURUSD,A,2021-03-12T09:15:00Z,buy,1.19196,1.1910615155561697,1.1946554533314906,7680,A_long
EURUSD,A,2021-03-12T16:30:00Z,sell,1.19498,1.1959812344052132,1.1919762967843601,7654,A_short
EURUSD,A,2021-03-12T20:45:00Z,sell,1.19604,1.1965199195225857,1.1946002414322427,7641,A_short
EURUSD,A,2021-03-15T01:15:00Z,sell,1.19648,1.1970232404207302,1.1948502787378095,7647,A_short
EURUSD,A,2021-03-15T05:00:00Z,buy,1.19402,1.1935324244556167,1.1954827266331502,7672,A_long
EURUSD,A,2021-03-15T05:15:00Z,buy,1.19352,1.1930241011948677,1.1950076964153966,7671,A_long
EURUSD,A,2021-03-15T05:30:00Z,buy,1.19337,1.1928575543688855,1.1949073368933436,7668,A_long
EURUSD,A,2021-03-15T06:00:00Z,buy,1.19278,1.192235451948185,1.1944136441554447,7668,A_long
EURUSD,A,2021-03-16T03:15:00Z,sell,1.19358,1.1940094928027296,1.1922915215918115,7659,A_short
EURUSD,A,2021-03-16T07:15:00Z,buy,1.19184,1.1912913650878034,1.1934859047365898,7678,A_long
EURUSD,A,2021-03-16T10:30:00Z,sell,1.19442,1.195153325195285,1.192220024414145,7671,A_short
EURUSD,A,2021-03-16T13:45:00Z,buy,1.19025,1.1892148797979978,1.1933553606060068,7692,A_long
EURUSD,A,2021-03-17T01:15:00Z,buy,1.1895,1.1891004090127935,1.1906987729616196,7690,A_long
EURUSD,A,2021-03-17T06:30:00Z,sell,1.19074,1.191056509754713,1.1897904707358606,7689,A_short
EURUSD,A,2021-03-17T07:45:00Z,buy,1.18911,1.188674749410559,1.1904157517683227,7705,A_long
EURUSD,A,2021-03-17T08:00:00Z,buy,1.18905,1.1885767828224845,1.1904696515325464,7702,A_long
EURUSD,A,2021-03-17T18:00:00Z,sell,1.19591,1.1970680914810523,1.1924357255568432,7666,A_short
EURUSD,A,2021-03-17T18:30:00Z,sell,1.19808,1.1994392776013238,1.1940021671960286,7644,A_short
EURUSD,A,2021-03-18T12:30:00Z,buy,1.19271,1.1917843726311863,1.1954868821064408,7704,A_long
EURUSD,A,2021-03-18T13:00:00Z,buy,1.19115,1.1901361732207576,1.194191480337727,7707,A_long
EURUSD,A,2021-03-19T09:30:00Z,buy,1.19032,1.189573616888337,1.192559149334989,7706,A_long
EURUSD,A,2021-03-19T09:45:00Z,buy,1.18933,1.1885284679698922,1.1917345960903234,7707,A_long
EURUSD,A,2021-03-19T13:30:00Z,buy,1.18785,1.18681969486491,1.1909409154052706,7710,A_long
EURUSD,A,2021-03-21T21:00:00Z,buy,1.1876,1.186838240529332,1.1898852784120038,7731,A_long
EURUSD,A,2021-03-22T06:45:00Z,buy,1.18827,1.1877734577970875,1.1897596266087371,7741,A_long
EURUSD,A,2021-03-22T07:00:00Z,buy,1.188,1.1874336634241425,1.1896990097275724,7739,A_long
EURUSD,A,2021-03-22T11:00:00Z,sell,1.19208,1.1928850808642475,1.1896647574072576,7722,A_short
EURUSD,A,2021-03-22T15:30:00Z,sell,1.19346,1.1943045389684173,1.190926383094748,7708,A_short
EURUSD,A,2021-03-23T00:00:00Z,sell,1.19392,1.194287672641965,1.1928169820741057,7698,A_short
EURUSD,A,2021-03-23T02:15:00Z,buy,1.19247,1.191942439521366,1.1940526814359016,7714,A_long
EURUSD,A,2021-03-23T07:30:00Z,buy,1.19145,1.1907975408005673,1.1934073775982976,7717,A_long
EURUSD,A,2021-03-23T07:45:00Z,buy,1.19051,1.1897725353604915,1.1927223939185252,7718,A_long
EURUSD,A,2021-03-23T08:00:00Z,buy,1.18998,1.189226197312426,1.192241408062722,7716,A_long
EURUSD,A,2021-03-23T08:15:00Z,buy,1.1892,1.1883293710041027,1.191811886987692,7716,A_long
EURUSD,A,2021-03-23T14:00:00Z,buy,1.18687,1.1859581110170452,1.1896056669488648,7724,A_long
EURUSD,A,2021-03-23T23:15:00Z,buy,1.18444,1.1840606119008994,1.1855781642973016,7734,A_long
EURUSD,A,2021-03-23T23:45:00Z,buy,1.18396,1.1835492596055646,1.185192221183306,7734,A_long
EURUSD,A,2021-03-24T07:15:00Z,buy,1.18242,1.1816874033872353,1.1846177898382941,7740,A_long
EURUSD,A,2021-03-24T08:00:00Z,buy,1.18162,1.1808568963679276,1.1839093108962169,7740,A_long
EURUSD,A,2021-03-24T19:45:00Z,buy,1.18124,1.180675994918874,1.182932015243378,7756,A_long
EURUSD,A,2021-03-25T02:30:00Z,sell,1.18238,1.1828548673159114,1.1809553980522658,7745,A_short
EURUSD,A,2021-03-25T07:45:00Z,buy,1.1806,1.179998686909433,1.1824039392717014,7765,A_long
EURUSD,A,2021-03-25T12:30:00Z,buy,1.17922,1.1784864072047727,1.1814207783856816,7769,A_long
EURUSD,A,2021-03-25T15:00:00Z,buy,1.17883,1.1779263407269773,1.1815409778190682,7786,A_long
EURUSD,A,2021-03-25T15:45:00Z,buy,1.17758,1.1766615053561984,1.180335483931405,7787,A_long
EURUSD,A,2021-03-25T16:45:00Z,buy,1.17627,1.1753401107057457,1.1790596678827625,7789,A_long
EURUSD,A,2021-03-26T09:30:00Z,sell,1.17957,1.1802728184008868,1.1774615447973396,7785,A_short
EURUSD,A,2021-03-26T11:15:00Z,buy,1.1773,1.1766699195854138,1.1791902412437587,7813,A_long
EURUSD,A,2021-03-26T15:30:00Z,sell,1.17987,1.1806121477809932,1.1776435566570203,7807,A_short
EURUSD,A,2021-03-29T01:15:00Z,buy,1.1779,1.1775072055141174,1.1790783834576477,7835,A_long
EURUSD,A,2021-03-29T08:30:00Z,buy,1.17681,1.1760012553419927,1.1792362339740214,7849,A_long
EURUSD,A,2021-03-29T14:45:00Z,buy,1.17633,1.1753870059021105,1.1791589822936688,7867,A_long
EURUSD,A,2021-03-30T06:15:00Z,buy,1.17562,1.1751925529682425,1.1769023410952728,7865,A_long
EURUSD,A,2021-03-30T06:30:00Z,buy,1.17544,1.1749882125724769,1.1767953622825695,7863,A_long
EURUSD,A,2021-03-30T06:45:00Z,buy,1.17471,1.1741344508961464,1.1764366473115604,7864,A_long
EURUSD,A,2021-03-30T07:00:00Z,buy,1.17493,1.1742725241099936,1.1769024276700193,7858,A_long
EURUSD,A,2021-03-30T07:30:00Z,buy,1.17357,1.1727833625537285,1.1759299123388145,7862,A_long
EURUSD,A,2021-03-30T13:15:00Z,buy,1.17227,1.17145556247326,1.1747133125802194,7865,A_long
EURUSD,A,2021-03-30T13:30:00Z,buy,1.17168,1.1708194874768254,1.174261537569524,7863,A_long
EURUSD,A,2021-03-31T02:45:00Z,buy,1.17069,1.1702849353260205,1.1719051940219385,7863,A_long
EURUSD,A,2021-03-31T06:30:00Z,sell,1.17224,1.1727467514039327,1.1707197457882017,7860,A_short
EURUSD,A,2021-03-31T07:00:00Z,sell,1.1733,1.1739197377211763,1.1714407868364711,7849,A_short
EURUSD,A,2021-03-31T14:00:00Z,sell,1.17446,1.1752506026931238,1.172088191920629,7836,A_short
EURUSD,A,2021-03-31T14:45:00Z,sell,1.17517,1.1761087656642348,1.1723537030072957,7825,A_short
EURUSD,A,2021-04-01T04:45:00Z,buy,1.17156,1.17117168219598,1.17272495341206,7867,A_long
EURUSD,A,2021-04-01T06:45:00Z,sell,1.17323,1.1738708524399868,1.1713074426800396,7863,A_short
EURUSD,A,2021-04-01T07:15:00Z,sell,1.17419,1.1750299291660347,1.1716702125018963,7852,A_short
EURUSD,A,2021-04-01T13:00:00Z,sell,1.17574,1.1766196385292045,1.1731010844123866,7835,A_short
EURUSD,A,2021-04-01T15:30:00Z,sell,1.17707,1.1779923580245144,1.174302925926457,7820,A_short
EURUSD,A,2021-04-02T07:00:00Z,buy,1.17696,1.176558389857175,1.178164830428475,7814,A_long
EURUSD,A,2021-04-02T12:00:00Z,buy,1.1771,1.1767058516294944,1.178282445111517,7820,A_long
EURUSD,A,2021-04-02T12:15:00Z,buy,1.17682,1.1763930714122284,1.1781007857633148,7819,A_long
EURUSD,A,2021-04-02T12:30:00Z,buy,1.17681,1.1760479952239313,1.1790960143282057,7816,A_long
EURUSD,A,2021-04-02T13:00:00Z,buy,1.17571,1.1748056497459751,1.1784230507620748,7817,A_long
EURUSD,A,2021-04-05T05:45:00Z,buy,1.17492,1.1745230238928712,1.1761109283213862,7816,A_long
EURUSD,A,2021-04-05T12:30:00Z,sell,1.17782,1.1784639371520624,1.175888188543813,7793,A_short
EURUSD,A,2021-04-05T13:45:00Z,sell,1.1797,1.1804183400520174,1.1775449798439477,7776,A_short
EURUSD,A,2021-04-05T14:00:00Z,sell,1.18017,1.1809298947117484,1.1778903158647547,7767,A_short
EURUSD,A,2021-04-05T14:15:00Z,sell,1.18118,1.1819759087501818,1.1787922737494543,7755,A_short
EURUSD,A,2021-04-06T00:00:00Z,sell,1.18186,1.182108770966939,1.181113687099183,7745,A_short
EURUSD,A,2021-04-06T02:15:00Z,buy,1.18033,1.179967597000273,1.1814172089991815,7759,A_long
EURUSD,A,2021-04-06T06:00:00Z,sell,1.18154,1.1819155971948523,1.1804132084154433,7748,A_short
EURUSD,A,2021-04-06T12:30:00Z,sell,1.18285,1.1837302818320126,1.1802091545039621,7746,A_short
EURUSD,A,2021-04-06T13:30:00Z,sell,1.18374,1.1845181927783528,1.1814054216649417,7733,A_short
EURUSD,A,2021-04-06T18:00:00Z,sell,1.18648,1.1870747798437173,1.1846956604688479,7710,A_short
EURUSD,A,2021-04-07T01:00:00Z,sell,1.18773,1.1880895815742516,1.186651255277245,7697,A_short
EURUSD,A,2021-04-07T14:15:00Z,sell,1.19075,1.1917963249228218,1.1876110252315344,7684,A_short
EURUSD,A,2021-04-08T01:00:00Z,buy,1.18644,1.1861126521409724,1.1874220435770826,7731,A_long
EURUSD,A,2021-04-08T01:15:00Z,buy,1.18634,1.1860069651888427,1.1873391044334716,7729,A_long
EURUSD,A,2021-04-08T05:30:00Z,sell,1.18778,1.1880604367004692,1.1869386898985925,7725,A_short
EURUSD,A,2021-04-08T06:45:00Z,sell,1.18814,1.1885994728083322,1.1867615815750032,7728,A_short
EURUSD,A,2021-04-08T07:00:00Z,sell,1.18892,1.1895315431005546,1.187085370698336,7719,A_short
EURUSD,A,2021-04-08T12:45:00Z,sell,1.18925,1.190072335150447,1.1867829945486588,7728,A_short
EURUSD,A,2021-04-09T01:30:00Z,buy,1.19088,1.1904592721294533,1.1921421836116397,7711,A_long
EURUSD,A,2021-04-09T02:15:00Z,buy,1.19049,1.1900841572943435,1.1917075281169698,7710,A_long
EURUSD,A,2021-04-09T05:45:00Z,buy,1.18926,1.1888925028261907,1.1903624915214277,7715,A_long
EURUSD,A,2021-04-09T06:15:00Z,buy,1.1888,1.1883541021227833,1.1901376936316506,7715,A_long
EURUSD,A,2021-04-09T12:30:00Z,buy,1.18699,1.1860609324698577,1.189777202590427,7723,A_long
EURUSD,A,2021-04-11T21:00:00Z,buy,1.18946,1.1890492998650115,1.1906921004049653,7724,A_long
EURUSD,A,2021-04-12T01:45:00Z,buy,1.18892,1.1884062192841778,1.1904613421474666,7724,A_long
EURUSD,A,2021-04-12T07:15:00Z,buy,1.18745,1.1868201313476603,1.1893396059570187,7730,A_long
EURUSD,A,2021-04-12T09:15:00Z,sell,1.19034,1.191086076304543,1.1881017710863708,7722,A_short
EURUSD,A,2021-04-12T19:00:00Z,buy,1.19007,1.1896101601660172,1.1914495195019483,7719,A_long
EURUSD,A,2021-04-13T00:15:00Z,buy,1.19046,1.1900696626386402,1.1916310120840796,7724,A_long
EURUSD,A,2021-04-13T01:00:00Z,buy,1.19026,1.189862811501361,1.1914515654959175,7723,A_long
EURUSD,A,2021-04-13T01:15:00Z,buy,1.19004,1.189607769967846,1.191336690096462,7721,A_long
EURUSD,A,2021-04-13T06:45:00Z,buy,1.18841,1.1878720681419008,1.1900237955742974,7728,A_long
EURUSD,A,2021-04-13T12:30:00Z,sell,1.19264,1.1939663583421516,1.188660924973545,7710,A_short
EURUSD,A,2021-04-13T13:30:00Z,sell,1.19389,1.1951260087034112,1.1901819738897659,7692,A_short
EURUSD,A,2021-04-13T19:45:00Z,sell,1.19549,1.1959962457020898,1.1939712628937302,7673,A_short
EURUSD,A,2021-04-14T05:15:00Z,sell,1.19651,1.19685617467511,1.1954714759746696,7663,A_short
EURUSD,A,2021-04-14T06:45:00Z,sell,1.19691,1.1973412717464926,1.1956161847605218,7657,A_short
EURUSD,A,2021-04-14T15:15:00Z,sell,1.19748,1.1982229932507806,1.1952510202476585,7650,A_short
EURUSD,A,2021-04-14T16:15:00Z,sell,1.19804,1.1986977337330478,1.1960667988008566,7641,A_short
EURUSD,A,2021-04-15T00:45:00Z,sell,1.19861,1.1989217259541547,1.1976748221375357,7633,A_short
EURUSD,A,2021-04-15T01:30:00Z,buy,1.19761,1.1971436172085101,1.1990091483744698,7637,A_long
EURUSD,A,2021-04-15T07:15:00Z,sell,1.19865,1.1991880734388072,1.1970357796835784,7627,A_short
EURUSD,A,2021-04-15T10:30:00Z,buy,1.19672,1.196109659726761,1.1985510208197168,7635,A_long
EURUSD,A,2021-04-16T00:30:00Z,buy,1.19608,1.1956739808323824,1.197298057502853,7634,A_long
EURUSD,A,2021-04-16T00:45:00Z,buy,1.19568,1.1952494500547313,1.1969716498358065,7634,A_long
EURUSD,A,2021-04-16T05:15:00Z,sell,1.19656,1.196882233226255,1.1955933003212353,7625,A_short
EURUSD,A,2021-04-16T05:45:00Z,sell,1.19705,1.1973910551788314,1.1960268344635057,7619,A_short
EURUSD,A,2021-04-16T07:45:00Z,sell,1.19875,1.1995226983253329,1.1964319050240013,7613,A_short
EURUSD,A,2021-04-19T00:45:00Z,buy,1.19613,1.195636922307329,1.1976092330780124,7644,A_long
EURUSD,A,2021-04-19T01:00:00Z,buy,1.19569,1.195137332666352,1.197348002000944,7643,A_long
EURUSD,A,2021-04-19T01:15:00Z,buy,1.19514,1.1945743549775052,1.1968369350674848,7642,A_long
EURUSD,A,2021-04-19T01:30:00Z,buy,1.19457,1.1939757743138375,1.1963526770584871,7642,A_long
EURUSD,A,2021-04-19T05:45:00Z,sell,1.19666,1.197017231974774,1.195588304075678,7639,A_short
EURUSD,A,2021-04-19T06:30:00Z,sell,1.19749,1.1979422544143936,1.196133236756819,7631,A_short
EURUSD,A,2021-04-19T06:45:00Z,sell,1.19761,1.198085953825808,1.1961821385225764,7626,A_short
EURUSD,A,2021-04-19T07:00:00Z,sell,1.19833,1.1988624933157,1.1967325200528998,7618,A_short
EURUSD,A,2021-04-19T07:30:00Z,sell,1.1988,1.1993651172015705,1.197104648395289,7611,A_short
EURUSD,A,2021-04-19T07:45:00Z,sell,1.20198,1.2029244349080277,1.199146695275917,7586,A_short
EURUSD,A,2021-04-19T08:30:00Z,sell,1.203,1.2039671062201294,1.2000986813396122,7573,A_short
EURUSD,A,2021-04-19T23:30:00Z,sell,1.20426,1.2045227142327737,1.2034718573016794,7559,A_short
EURUSD,A,2021-04-20T02:15:00Z,sell,1.205,1.2053961885720275,1.203811434283918,7552,A_short
EURUSD,A,2021-04-20T02:45:00Z,sell,1.20547,1.2059648260829896,1.2039855217510314,7546,A_short
EURUSD,A,2021-04-20T03:00:00Z,sell,1.20684,1.207503515938591,1.2048494521842268,7533,A_short
EURUSD,A,2021-04-20T12:30:00Z,buy,1.20337,1.2025435800823838,1.2058492597528487,7567,A_long
EURUSD,A,2021-04-21T00:30:00Z,sell,1.2041,1.2045222444344919,1.2028332666965242,7556,A_short
EURUSD,A,2021-04-21T07:15:00Z,buy,1.20153,1.2008673468769784,1.2035179593690648,7579,A_long
EURUSD,A,2021-04-21T07:30:00Z,buy,1.20072,1.199967033960048,1.2029788981198564,7580,A_long
EURUSD,A,2021-04-21T14:45:00Z,sell,1.2028,1.2037536807562932,1.1999389577311208,7561,A_short
EURUSD,A,2021-04-21T15:30:00Z,sell,1.20379,1.2046546212212077,1.2011961363363766,7548,A_short
EURUSD,A,2021-04-22T10:00:00Z,sell,1.20535,1.2060958395229375,1.203112481431187,7533,A_short
EURUSD,A,2021-04-22T14:00:00Z,buy,1.20152,1.2001773743509438,1.2055478769471681,7551,A_long
EURUSD,A,2021-04-23T01:15:00Z,sell,1.20219,1.202536504847858,1.2011504854564263,7538,A_short
EURUSD,A,2021-04-23T01:45:00Z,sell,1.20253,1.2029043969746134,1.2014068090761603,7533,A_short
EURUSD,A,2021-04-23T05:45:00Z,sell,1.20292,1.2032460586201001,1.2019418241396995,7527,A_short
EURUSD,A,2021-04-23T06:45:00Z,sell,1.2035,1.204028630128369,1.2019141096148933,7521,A_short
EURUSD,A,2021-04-23T07:00:00Z,sell,1.20419,1.2047668127779199,1.2024595616662408,7513,A_short
EURUSD,A,2021-04-23T07:15:00Z,sell,1.20496,1.205578571074197,1.2031042867774089,7505,A_short
EURUSD,A,2021-04-23T07:45:00Z,sell,1.20539,1.2060287489401746,1.203473753179476,7498,A_short
EURUSD,A,2021-04-23T12:00:00Z,sell,1.20656,1.2071875424126581,1.204677372762026,7486,A_short
EURUSD,A,2021-04-23T12:30:00Z,sell,1.20714,1.2078212207455077,1.2050963377634774,7478,A_short
EURUSD,A,2021-04-26T00:30:00Z,sell,1.21048,1.2109679359896515,1.2090161920310456,7469,A_short
EURUSD,A,2021-04-26T01:00:00Z,sell,1.21056,1.211065071921116,1.2090447842366523,7465,A_short
EURUSD,A,2021-04-26T01:45:00Z,sell,1.211,1.2115110171883532,1.2094669484349407,7459,A_short
EURUSD,A,2021-04-26T06:45:00Z,buy,1.20926,1.2085824966888372,1.2112925099334884,7466,A_long
EURUSD,A,2021-04-26T11:45:00Z,buy,1.20825,1.2076336384282575,1.2100990847152275,7467,A_long
EURUSD,A,2021-04-26T13:45:00Z,buy,1.20663,1.2058490642438384,1.208972807268485,7473,A_long
EURUSD,A,2021-04-26T23:15:00Z,buy,1.20804,1.2077348554961282,1.2089554335116153,7478,A_long
EURUSD,A,2021-04-27T01:00:00Z,buy,1.20735,1.2069232051698735,1.2086303844903792,7480,A_long
EURUSD,A,2021-04-27T02:15:00Z,buy,1.2068,1.206345766067013,1.2081627017989616,7480,A_long
EURUSD,A,2021-04-27T08:00:00Z,buy,1.20591,1.2052745573552521,1.2078163279342438,7482,A_long
EURUSD,A,2021-04-27T10:45:00Z,sell,1.20836,1.20902776078257,1.2063567176522907,7477,A_short
EURUSD,A,2021-04-27T18:15:00Z,sell,1.20892,1.2094934292705593,1.2071997121883222,7469,A_short
EURUSD,A,2021-04-28T06:15:00Z,buy,1.20656,1.206099916779543,1.2079402496613714,7494,A_long
EURUSD,A,2021-04-28T06:30:00Z,buy,1.20633,1.2058365945422704,1.2078102163731883,7492,A_long
EURUSD,A,2021-04-28T14:00:00Z,sell,1.20864,1.2095649335841232,1.2058651992476301,7473,A_short
EURUSD,A,2021-04-28T14:15:00Z,sell,1.20942,1.2104069424395736,1.206459172681279,7462,A_short
EURUSD,A,2021-04-28T18:30:00Z,sell,1.21288,1.2142860078417834,1.2086619764746496,7435,A_short
EURUSD,A,2021-04-29T01:15:00Z,sell,1.21447,1.2148485517084808,1.2133343448745573,7416,A_short
EURUSD,A,2021-04-29T01:30:00Z,sell,1.21489,1.2152927448140167,1.21368176555795,7410,A_short
EURUSD,A,2021-04-29T03:30:00Z,buy,1.21262,1.2121740153592482,1.2139579539222556,7431,A_long
EURUSD,A,2021-04-29T07:45:00Z,buy,1.21157,1.2109474317280535,1.2134377048158396,7434,A_long
EURUSD,A,2021-04-29T13:45:00Z,buy,1.21062,1.2096224527433934,1.2136126417698199,7451,A_long
EURUSD,A,2021-04-30T08:00:00Z,buy,1.21022,1.2096877803137625,1.211816659058713,7446,A_long
EURUSD,A,2021-04-30T08:45:00Z,buy,1.2095,1.2089645195109144,1.2111064414672568,7447,A_long
EURUSD,A,2021-04-30T10:45:00Z,buy,1.20798,1.2073598761918984,1.209840371424305,7452,A_long
EURUSD,A,2021-04-30T14:00:00Z,buy,1.20608,1.2051107577589635,1.2089877267231097,7460,A_long
EURUSD,A,2021-04-30T14:45:00Z,buy,1.20394,1.2024743688285755,1.2083368935142735,7466,A_long
EURUSD,A,2021-05-03T02:45:00Z,buy,1.20194,1.2015225684597737,1.203192294620679,7469,A_long
EURUSD,A,2021-05-03T06:45:00Z,sell,1.20376,1.204452277054815,1.201683168835555,7455,A_short
EURUSD,A,2021-05-03T09:00:00Z,sell,1.20535,1.2060937330170296,1.2031188009489109,7440,A_short
EURUSD,A,2021-05-03T14:00:00Z,sell,1.20688,1.2076677601401355,1.2045167195795932,7425,A_short
EURUSD,A,2021-05-04T07:00:00Z,buy,1.2021,1.201601029942556,1.203596910172332,7469,A_long
EURUSD,A,2021-05-04T07:15:00Z,buy,1.20184,1.2012542259502152,1.2035973221493543,7466,A_long
EURUSD,A,2021-05-04T07:30:00Z,buy,1.20144,1.2007749958235199,1.2034350125294406,7465,A_long
EURUSD,A,2021-05-04T08:45:00Z,buy,1.20032,1.1995616223398218,1.2025951329805349,7467,A_long
EURUSD,A,2021-05-05T03:15:00Z,sell,1.20253,1.202810560601409,1.2016883181957734,7466,A_short
EURUSD,A,2021-05-05T05:30:00Z,buy,1.20157,1.201317512860839,1.2023274614174828,7477,A_long
EURUSD,A,2021-05-05T05:45:00Z,buy,1.20121,1.200917844479394,1.2020864665618185,7477,A_long
EURUSD,A,2021-05-05T06:00:00Z,buy,1.20094,1.2005774652154746,1.2020276043535758,7476,A_long
EURUSD,A,2021-05-05T06:15:00Z,buy,1.20053,1.2001478031867447,1.2016765904397662,7476,A_long
EURUSD,A,2021-05-05T06:30:00Z,buy,1.20045,1.2000240960951787,1.201727711714464,7473,A_long
EURUSD,A,2021-05-05T06:45:00Z,buy,1.19996,1.1994215499491547,1.2015753501525355,7473,A_long
EURUSD,A,2021-05-05T07:00:00Z,buy,1.19916,1.1984573432892676,1.2012679701321973,7474,A_long
EURUSD,A,2021-05-05T20:00:00Z,sell,1.20048,1.2008622060963274,1.1993333817110177,7478,A_short
EURUSD,A,2021-05-06T00:45:00Z,buy,1.2,1.1997218013210753,1.200834596036774,7478,A_long
EURUSD,A,2021-05-06T06:30:00Z,sell,1.20174,1.202232621755912,1.200262134732264,7472,A_short
EURUSD,A,2021-05-06T07:00:00Z,sell,1.20239,1.2030180581188852,1.2005058256433447,7464,A_short
EURUSD,A,2021-05-06T08:30:00Z,sell,1.20389,1.2045790355569388,1.2018228933291832,7450,A_short
EURUSD,A,2021-05-06T13:30:00Z,sell,1.20646,1.2072782386079932,1.2040052841760207,7429,A_short
EURUSD,A,2021-05-07T07:00:00Z,sell,1.20818,1.2088726990188194,1.2061019029435418,7413,A_short
EURUSD,A,2021-05-07T08:30:00Z,sell,1.20877,1.2095776580906075,1.2063470257281772,7405,A_short
EURUSD,A,2021-05-07T12:00:00Z,buy,1.20587,1.2051997593152326,1.2078807220543022,7437,A_long
EURUSD,A,2021-05-07T12:30:00Z,sell,1.21254,1.2141396030032252,1.2077411909903242,7407,A_short
EURUSD,A,2021-05-07T12:45:00Z,sell,1.21289,1.2145536559361287,1.2078990321916139,7395,A_short
EURUSD,A,2021-05-09T22:00:00Z,sell,1.21732,1.2178254606616346,1.2158036180150962,7357,A_short
EURUSD,A,2021-05-10T07:30:00Z,buy,1.21376,1.2130442617988073,1.2159072146035779,7387,A_long
EURUSD,A,2021-05-10T18:30:00Z,buy,1.2147,1.2140365529459252,1.216690341162224,7394,A_long
EURUSD,A,2021-05-11T02:30:00Z,sell,1.21445,1.214923921937945,1.213028234186165,7391,A_short
EURUSD,A,2021-05-11T06:45:00Z,buy,1.21302,1.2124869997436545,1.2146190007690365,7396,A_long
EURUSD,A,2021-05-11T07:00:00Z,buy,1.21258,1.2119660664445004,1.2144218006664986,7394,A_long
EURUSD,A,2021-05-11T08:30:00Z,sell,1.21557,1.2164331122726881,1.2129806631819358,7386,A_short
EURUSD,A,2021-05-11T09:00:00Z,sell,1.21621,1.2170890487737078,1.2135728536788766,7377,A_short
EURUSD,A,2021-05-11T18:15:00Z,buy,1.21502,1.2143711083540023,1.216966674937993,7378,A_long
EURUSD,A,2021-05-12T00:30:00Z,buy,1.21404,1.2137119208318883,1.2150242375043352,7380,A_long
EURUSD,A,2021-05-12T00:45:00Z,buy,1.2138,1.2134503313876364,1.2148490058370909,7378,A_long
EURUSD,A,2021-05-12T01:00:00Z,buy,1.21348,1.2131142872026182,1.214577138392145,7378,A_long
EURUSD,A,2021-05-12T02:45:00Z,buy,1.21245,1.2120392814003116,1.2136821557990654,7381,A_long
EURUSD,A,2021-05-12T03:45:00Z,buy,1.21168,1.2111900287619617,1.2131499137141153,7383,A_long
EURUSD,A,2021-05-12T11:45:00Z,buy,1.21183,1.2112107719284733,1.21368768421458,7390,A_long
EURUSD,A,2021-05-12T12:30:00Z,buy,1.21121,1.2100257499042535,1.2147627502872391,7389,A_long
EURUSD,A,2021-05-12T13:15:00Z,buy,1.20937,1.2072761400117469,1.2156515799647596,7421,A_long
EURUSD,A,2021-05-13T01:30:00Z,sell,1.20879,1.2092917351585277,1.207284794524417,7411,A_short
EURUSD,A,2021-05-13T06:15:00Z,sell,1.20913,1.20969719305033,1.2074284208490103,7418,A_short
EURUSD,A,2021-05-13T06:45:00Z,sell,1.20947,1.2101090027800256,1.2075529916599232,7412,A_short
EURUSD,A,2021-05-13T07:00:00Z,sell,1.21019,1.2109171357426889,1.2080085927719337,7403,A_short
EURUSD,A,2021-05-14T00:15:00Z,buy,1.20716,1.206806379571271,1.2082208612861873,7434,A_long
EURUSD,A,2021-05-14T05:45:00Z,sell,1.20961,1.2099712832181153,1.2085261503456544,7424,A_short
EURUSD,A,2021-05-14T06:15:00Z,sell,1.21054,1.2110376749504954,1.2090469751485136,7416,A_short
EURUSD,A,2021-05-14T06:45:00Z,sell,1.21071,1.2112594536294832,1.2090616391115503,7412,A_short
EURUSD,A,2021-05-14T13:30:00Z,sell,1.21376,1.2146706629115238,1.2110280112654284,7389,A_short
EURUSD,A,2021-05-17T00:15:00Z,buy,1.21354,1.213103942956938,1.2148481711291865,7384,A_long
EURUSD,A,2021-05-17T07:00:00Z,sell,1.21441,1.2149897015651625,1.2126708953045124,7375,A_short
EURUSD,A,2021-05-17T09:45:00Z,sell,1.21554,1.2162393199862698,1.213442040041191,7365,A_short
EURUSD,A,2021-05-17T10:00:00Z,sell,1.21635,1.217089410654767,1.2141317680356993,7355,A_short
EURUSD,A,2021-05-17T20:45:00Z,buy,1.21513,1.2148012978890024,1.216116106332993,7375,A_long
EURUSD,A,2021-05-18T01:00:00Z,sell,1.21619,1.2165268404292549,1.2151794787122359,7374,A_short
EURUSD,A,2021-05-18T01:15:00Z,sell,1.21656,1.2169292617053542,1.2154522148839377,7369,A_short
EURUSD,A,2021-05-18T06:00:00Z,sell,1.2177,1.2180944582715023,1.216516625185493,7359,A_short
EURUSD,A,2021-05-18T06:15:00Z,sell,1.21831,1.2187771971686354,1.2169084084940938,7352,A_short
EURUSD,A,2021-05-18T06:45:00Z,sell,1.21833,1.218861272539997,1.2167361823800087,7348,A_short
EURUSD,A,2021-05-18T07:00:00Z,sell,1.21959,1.2202304362013308,1.2176686913960075,7337,A_short
EURUSD,A,2021-05-18T07:45:00Z,sell,1.22025,1.2208686246916516,1.2183941259250455,7329,A_short
EURUSD,A,2021-05-18T08:15:00Z,sell,1.22127,1.2219655003239518,1.219183499028145,7318,A_short
EURUSD,A,2021-05-18T12:30:00Z,sell,1.22287,1.2235624610476599,1.22079261685702,7304,A_short
EURUSD,A,2021-05-18T18:00:00Z,sell,1.22274,1.2233106656755435,1.2210280029733693,7316,A_short
EURUSD,A,2021-05-19T04:15:00Z,sell,1.22348,1.2238184066811029,1.222464779956691,7308,A_short
EURUSD,A,2021-05-19T06:00:00Z,sell,1.22422,1.2246009848809416,1.2230770453571755,7301,A_short
EURUSD,A,2021-05-19T07:45:00Z,buy,1.22211,1.2214026754434253,1.2242319736697242,7319,A_long
EURUSD,A,2021-05-19T08:15:00Z,buy,1.22144,1.2206656984441728,1.2237629046674818,7319,A_long
EURUSD,A,2021-05-19T13:30:00Z,sell,1.22321,1.2241566732338656,1.220369980298403,7303,A_short
EURUSD,A,2021-05-19T18:00:00Z,buy,1.21852,1.217508928411018,1.221553214766946,7347,A_long
EURUSD,A,2021-05-19T18:45:00Z,buy,1.2171,1.2158966742871131,1.220709977138661,7349,A_long
EURUSD,A,2021-05-20T13:15:00Z,sell,1.22116,1.2218819002913115,1.2189942991260656,7345,A_short
EURUSD,A,2021-05-20T15:45:00Z,sell,1.22243,1.2232814029413104,1.2198757911760685,7333,A_short
EURUSD,A,2021-05-21T00:00:00Z,sell,1.22367,1.2240576716193439,1.2225069851419685,7320,A_short
EURUSD,A,2021-05-21T06:30:00Z,buy,1.22245,1.221991430763288,1.2238257077101362,7333,A_long
EURUSD,A,2021-05-21T07:30:00Z,buy,1.22137,1.2205224488697337,1.2239126533907991,7336,A_long
EURUSD,A,2021-05-21T11:45:00Z,buy,1.21862,1.217573448918714,1.2217596532438582,7347,A_long
EURUSD,A,2021-05-21T16:45:00Z,buy,1.21641,1.2155408125721403,1.219017562283579,7354,A_long
EURUSD,A,2021-05-24T06:00:00Z,sell,1.21918,1.219528398113185,1.2181348056604446,7352,A_short
EURUSD,A,2021-05-24T08:00:00Z,sell,1.22011,1.2206148651531914,1.218595404540426,7343,A_short
EURUSD,A,2021-05-24T09:30:00Z,sell,1.22076,1.2215941243860817,1.218257626841755,7348,A_short
EURUSD,A,2021-05-24T10:00:00Z,sell,1.22153,1.2223662978722123,1.2190211063833631,7338,A_short
EURUSD,A,2021-05-24T14:00:00Z,sell,1.22251,1.2232941464013491,1.2201575607959525,7326,A_short
EURUSD,A,2021-05-25T06:30:00Z,sell,1.22509,1.2258150825071863,1.2229147524784412,7306,A_short
EURUSD,A,2021-05-25T07:00:00Z,sell,1.22571,1.226601906416509,1.2230342807504733,7297,A_short
EURUSD,A,2021-05-25T15:15:00Z,buy,1.22368,1.2228082927973982,1.2262951216078057,7303,A_long
EURUSD,A,2021-05-26T03:00:00Z,sell,1.22571,1.2261587967204852,1.2243636098385446,7285,A_short
EURUSD,A,2021-05-26T07:00:00Z,buy,1.22391,1.2232213097112414,1.225976070866276,7293,A_long
EURUSD,A,2021-05-26T11:45:00Z,buy,1.22268,1.2220031785208536,1.2247104644374391,7295,A_long
EURUSD,A,2021-05-26T12:45:00Z,buy,1.22199,1.2213043423552414,1.2240469729342753,7295,A_long
EURUSD,A,2021-05-26T15:15:00Z,buy,1.22081,1.2198825610004467,1.2235923169986598,7298,A_long
EURUSD,A,2021-05-26T15:45:00Z,buy,1.22035,1.2194067235958912,1.2231798292123266,7294,A_long
EURUSD,A,2021-05-27T00:15:00Z,buy,1.21849,1.2181131844397366,1.2196204466807905,7299,A_long
EURUSD,A,2021-05-27T01:00:00Z,buy,1.21758,1.2170287811004745,1.2192336566985769,7302,A_long
EURUSD,A,2021-05-27T07:15:00Z,sell,1.22077,1.2214345447841517,1.2187763656475445,7292,A_short
EURUSD,A,2021-05-27T08:15:00Z,sell,1.22117,1.221916291428744,1.2189311257137683,7284,A_short
EURUSD,A,2021-05-28T00:30:00Z,buy,1.21851,1.2181777645530414,1.2195067063408758,7313,A_long
EURUSD,A,2021-05-28T01:00:00Z,buy,1.21817,1.2178020542642845,1.2192738372071465,7312,A_long
EURUSD,A,2021-05-28T05:30:00Z,buy,1.21784,1.2174516009241905,1.2190051972274287,7311,A_long
EURUSD,A,2021-05-28T06:00:00Z,buy,1.21746,1.2170262246941697,1.218761325917491,7311,A_long
EURUSD,A,2021-05-28T08:00:00Z,sell,1.21965,1.2203847318097887,1.2174458045706336,7305,A_short
EURUSD,A,2021-05-28T11:15:00Z,buy,1.21714,1.2164522124049635,1.21920336278511,7332,A_long
EURUSD,A,2021-05-28T11:30:00Z,buy,1.21644,1.2157012507509681,1.2186562477470955,7331,A_long
EURUSD,A,2021-05-28T11:45:00Z,buy,1.21566,1.2148344173175059,1.2181367480474823,7331,A_long
EURUSD,A,2021-05-28T12:00:00Z,buy,1.21421,1.2132758283418383,1.217012514974485,7334,A_long
EURUSD,A,2021-05-31T00:00:00Z,buy,1.2187,1.2183534509182565,1.21973964724523,7301,A_long
EURUSD,A,2021-05-31T06:30:00Z,buy,1.21836,1.217895036106607,1.2197548916801795,7309,A_long
EURUSD,A,2021-05-31T14:45:00Z,sell,1.22278,1.2235786779721103,1.220383966083669,7290,A_short
EURUSD,A,2021-06-01T04:45:00Z,buy,1.22223,1.2219066738203237,1.2231999785390286,7287,A_long
EURUSD,A,2021-06-01T05:30:00Z,buy,1.22196,1.2216170525580003,1.2229888423259987,7287,A_long
EURUSD,A,2021-06-01T07:45:00Z,sell,1.22414,1.2247791192645525,1.2222226422063425,7279,A_short
EURUSD,A,2021-06-01T13:45:00Z,sell,1.22387,1.224648223665277,1.2215353290041693,7291,A_short
EURUSD,A,2021-06-01T14:00:00Z,sell,1.2246,1.22548379384324,1.22194861847028,7282,A_short
EURUSD,A,2021-06-02T00:15:00Z,sell,1.22238,1.2227072032429174,1.221398390271248,7310,A_short
EURUSD,A,2021-06-02T06:00:00Z,buy,1.2213,1.2209418661206735,1.2223744016379798,7321,A_long
EURUSD,A,2021-06-02T06:30:00Z,buy,1.22087,1.2203914016639723,1.2223057950080827,7321,A_long
EURUSD,A,2021-06-02T07:45:00Z,buy,1.22004,1.2193914935677648,1.2219855192967057,7322,A_long
EURUSD,A,2021-06-02T08:00:00Z,buy,1.21947,1.2187879610920629,1.2215161167238116,7321,A_long
EURUSD,A,2021-06-02T08:30:00Z,buy,1.21882,1.2181325129980383,1.2208824610058853,7320,A_long
EURUSD,A,2021-06-02T08:45:00Z,buy,1.21812,1.2174055112649664,1.220263466205101,7320,A_long
EURUSD,A,2021-06-02T09:30:00Z,buy,1.21758,1.216742811333076,1.2200915660007723,7318,A_long
EURUSD,A,2021-06-02T13:45:00Z,sell,1.22044,1.2212008994527874,1.2181573016416376,7295,A_short
EURUSD,A,2021-06-03T01:45:00Z,buy,1.22056,1.220232248231235,1.221543255306295,7289,A_long
EURUSD,A,2021-06-03T03:00:00Z,buy,1.22032,1.2200343873086683,1.2211768380739954,7288,A_long
EURUSD,A,2021-06-03T05:30:00Z,buy,1.21969,1.2193828868323187,1.2206113395030438,7290,A_long
EURUSD,A,2021-06-03T06:00:00Z,buy,1.21915,1.2188067905540527,1.2201796283378417,7290,A_long
EURUSD,A,2021-06-03T06:30:00Z,buy,1.21872,1.2183681671272664,1.219775498618201,7290,A_long
EURUSD,A,2021-06-03T12:15:00Z,buy,1.21659,1.2155319404088303,1.2197641787735094,7300,A_long
EURUSD,A,2021-06-03T13:00:00Z,buy,1.21582,1.214753126837985,1.2190206194860447,7298,A_long
EURUSD,A,2021-06-03T13:30:00Z,buy,1.21477,1.2137630597138642,1.217790820858407,7297,A_long
EURUSD,A,2021-06-03T14:00:00Z,buy,1.21371,1.2126341204073028,1.216937638778092,7297,A_long
EURUSD,A,2021-06-04T00:00:00Z,buy,1.21205,1.2116941116434243,1.2131176650697273,7300,A_long
EURUSD,A,2021-06-04T12:30:00Z,sell,1.21494,1.216016844114754,1.2117094676557374,7280,A_short
EURUSD,A,2021-06-04T12:45:00Z,sell,1.21675,1.2180379315661203,1.2128862053016392,7262,A_short
EURUSD,A,2021-06-07T05:45:00Z,buy,1.21578,1.215473747178179,1.2166987584654636,7259,A_long
EURUSD,A,2021-06-07T06:15:00Z,buy,1.21561,1.2152234367693877,1.2167696896918372,7258,A_long
EURUSD,A,2021-06-07T06:45:00Z,buy,1.21525,1.2148370702845621,1.2164887891463134,7257,A_long
EURUSD,A,2021-06-07T07:00:00Z,buy,1.2148,1.2143314609132874,1.2162056172601383,7257,A_long
EURUSD,A,2021-06-07T13:15:00Z,sell,1.21758,1.2183070401338834,1.2153988795983504,7248,A_short
EURUSD,A,2021-06-07T14:30:00Z,sell,1.21873,1.2194745781233647,1.2164962656299063,7236,A_short
EURUSD,A,2021-06-07T15:00:00Z,sell,1.21961,1.220410327568216,1.217209017295352,7226,A_short
EURUSD,A,2021-06-08T07:15:00Z,buy,1.21692,1.2163390194624677,1.218662941612597,7256,A_long
EURUSD,A,2021-06-09T01:30:00Z,sell,1.21774,1.217970437405287,1.2170486877841389,7260,A_short
EURUSD,A,2021-06-09T01:45:00Z,sell,1.21801,1.2182510457512488,1.2172868627462539,7257,A_short
EURUSD,A,2021-06-09T02:45:00Z,sell,1.2184,1.2186733571891637,1.2175799284325086,7252,A_short
EURUSD,A,2021-06-09T08:00:00Z,sell,1.2189,1.2193869229995622,1.2174392310013138,7254,A_short
EURUSD,A,2021-06-09T13:00:00Z,sell,1.22039,1.220937254932831,1.2187482352015073,7241,A_short
EURUSD,A,2021-06-09T13:15:00Z,sell,1.22122,1.22184095427512,1.2193571371746397,7233,A_short
EURUSD,A,2021-06-10T00:45:00Z,buy,1.21728,1.216985361488108,1.2181639155356754,7266,A_long
EURUSD,A,2021-06-10T01:45:00Z,buy,1.21698,1.216653090952333,1.2179607271430009,7266,A_long
EURUSD,A,2021-06-10T06:30:00Z,sell,1.21728,1.217634016375742,1.2162179508727737,7261,A_short
EURUSD,A,2021-06-10T07:30:00Z,buy,1.21576,1.215168004707011,1.2175359858789667,7276,A_long
EURUSD,A,2021-06-10T11:15:00Z,sell,1.21777,1.218339554678091,1.2160613359657269,7274,A_short
EURUSD,A,2021-06-10T12:30:00Z,sell,1.21841,1.219651696006706,1.2146849119798817,7266,A_short
EURUSD,A,2021-06-10T13:15:00Z,buy,1.21482,1.2131418233698568,1.2198545298904298,7309,A_long
EURUSD,A,2021-06-11T19:45:00Z,sell,1.2109,1.2112537503131124,1.209838749060663,7322,A_short
EURUSD,A,2021-06-14T01:00:00Z,buy,1.2098,1.2094215527986993,1.210935341603902,7335,A_long
EURUSD,A,2021-06-14T07:30:00Z,sell,1.21185,1.2126517816635252,1.2094446550094249,7319,A_short
EURUSD,A,2021-06-14T13:00:00Z,sell,1.21286,1.213514972626992,1.210895082119024,7307,A_short
EURUSD,A,2021-06-15T06:30:00Z,sell,1.21361,1.2139704587661635,1.2125286237015098,7298,A_short
EURUSD,A,2021-06-15T07:00:00Z,sell,1.21406,1.2145519001399183,1.2125842995802447,7293,A_short
EURUSD,A,2021-06-15T07:30:00Z,sell,1.21457,1.2151249827717607,1.2129050516847175,7286,A_short
EURUSD,A,2021-06-15T11:15:00Z,buy,1.21106,1.2104219933619451,1.2129740199141648,7317,A_long
EURUSD,A,2021-06-16T02:15:00Z,buy,1.21184,1.2116092712071433,1.21253218637857,7307,A_long
EURUSD,A,2021-06-16T04:45:00Z,sell,1.21283,1.2130818276647124,1.212074517005863,7305,A_short
EURUSD,A,2021-06-16T06:30:00Z,sell,1.2133,1.2136769353764771,1.2121691938705688,7300,A_short
EURUSD,A,2021-06-16T18:00:00Z,buy,1.20432,1.2029614503094748,1.208395649071576,7360,A_long
EURUSD,A,2021-06-16T18:30:00Z,buy,1.2015,1.1997636671213388,1.2067089986359838,7369,A_long
EURUSD,A,2021-06-17T06:00:00Z,buy,1.19835,1.1975850873799885,1.2006447378600347,7377,A_long
EURUSD,A,2021-06-17T07:00:00Z,buy,1.19602,1.1948638263834046,1.1994885208497865,7386,A_long
EURUSD,A,2021-06-17T07:30:00Z,buy,1.19461,1.193489229594646,1.1979723112160618,7387,A_long
EURUSD,A,2021-06-17T15:30:00Z,buy,1.19106,1.1898706501578251,1.1946280495265247,7401,A_long
EURUSD,A,2021-06-17T16:15:00Z,buy,1.18941,1.188255641006442,1.1928730769806744,7403,A_long
EURUSD,A,2021-06-18T12:15:00Z,buy,1.1873,1.1861413329622268,1.1907760011133197,7409,A_long
EURUSD,A,2021-06-18T13:30:00Z,buy,1.18668,1.1854372088092762,1.1904083735721713,7405,A_long
EURUSD,A,2021-06-18T20:15:00Z,buy,1.1863,1.1857153231382398,1.1880540305852803,7399,A_long
EURUSD,A,2021-06-18T20:30:00Z,buy,1.18609,1.1855006133864747,1.1878581598405762,7396,A_long
EURUSD,A,2021-06-20T21:00:00Z,buy,1.18587,1.185275127388063,1.1876546178358107,7392,A_long
EURUSD,A,2021-06-21T03:30:00Z,buy,1.18511,1.184402913865857,1.1872312584024296,7393,A_long
EURUSD,A,2021-06-21T06:30:00Z,sell,1.18777,1.188495452222152,1.185593643333544,7389,A_short
EURUSD,A,2021-06-21T08:00:00Z,sell,1.1888,1.189855090321642,1.1856347290350742,7395,A_short
EURUSD,A,2021-06-21T13:45:00Z,sell,1.19109,1.1919572363540742,1.1884882909377772,7373,A_short
EURUSD,A,2021-06-21T14:15:00Z,sell,1.19166,1.1925153019726158,1.1890940940821524,7364,A_short
EURUSD,A,2021-06-22T09:30:00Z,buy,1.18839,1.1876289505742406,1.1906731482772785,7399,A_long
EURUSD,A,2021-06-22T13:15:00Z,sell,1.1909,1.1917420537463566,1.1883738387609306,7397,A_short
EURUSD,A,2021-06-22T16:15:00Z,sell,1.19291,1.193855772614413,1.1900726821567607,7379,A_short
EURUSD,A,2021-06-22T16:30:00Z,sell,1.1934,1.1944690029324914,1.190192991202526,7369,A_short
EURUSD,A,2021-06-23T00:45:00Z,buy,1.19318,1.1928091162700376,1.1942926511898868,7363,A_long
EURUSD,A,2021-06-23T01:30:00Z,buy,1.19284,1.1924454543541547,1.1940236369375354,7362,A_long
EURUSD,A,2021-06-23T01:45:00Z,buy,1.19241,1.1919947271069342,1.1936558186791972,7362,A_long
EURUSD,A,2021-06-23T06:30:00Z,sell,1.19368,1.1941880306137322,1.1921559081588036,7351,A_short
EURUSD,A,2021-06-23T13:45:00Z,sell,1.19693,1.197752230615391,1.1944633081538274,7339,A_short
EURUSD,A,2021-06-23T16:45:00Z,buy,1.19355,1.1928320451874057,1.1957038644377833,7374,A_long
EURUSD,A,2021-06-24T06:15:00Z,sell,1.19328,1.1937473505377765,1.1918779483866702,7371,A_short
EURUSD,A,2021-06-24T06:45:00Z,sell,1.19341,1.1939395210705968,1.19182143678821,7367,A_short
EURUSD,A,2021-06-24T07:00:00Z,sell,1.19383,1.194390251594517,1.1921492452164486,7360,A_short
EURUSD,A,2021-06-24T12:45:00Z,sell,1.19544,1.1962398726314956,1.1930403821055136,7346,A_short
EURUSD,A,2021-06-24T14:45:00Z,buy,1.1926,1.1917090031151845,1.195272990654447,7378,A_long
EURUSD,A,2021-06-25T12:30:00Z,sell,1.19543,1.1961322118918978,1.1933233643243066,7376,A_short
EURUSD,A,2021-06-25T13:00:00Z,sell,1.1966,1.1973227280432477,1.1944318158702574,7363,A_short
EURUSD,A,2021-06-25T13:45:00Z,sell,1.19738,1.1981365906699306,1.1951102279902086,7354,A_short
EURUSD,A,2021-06-28T01:15:00Z,buy,1.19252,1.1920340609964017,1.1939778170107949,7397,A_long
EURUSD,A,2021-06-28T06:15:00Z,sell,1.19317,1.1935651268553875,1.1919846194338377,7389,A_short
EURUSD,A,2021-06-28T07:00:00Z,sell,1.19422,1.19478451368927,1.19252645893219,7379,A_short
EURUSD,A,2021-06-28T11:30:00Z,buy,1.19096,1.1901565033212775,1.1933704900361675,7409,A_long
EURUSD,A,2021-06-28T23:45:00Z,sell,1.19286,1.193093602307617,1.192159193077149,7412,A_short
EURUSD,A,2021-06-29T02:00:00Z,buy,1.19133,1.1909335625491109,1.1925193123526674,7425,A_long
EURUSD,A,2021-06-29T11:45:00Z,buy,1.18901,1.1883040588707252,1.191127823387824,7436,A_long
EURUSD,A,2021-06-29T12:15:00Z,buy,1.18873,1.1880127375517893,1.1908817873446325,7433,A_long
EURUSD,A,2021-06-29T12:45:00Z,buy,1.18825,1.1875349895388996,1.1903950313833014,7431,A_long
EURUSD,A,2021-06-29T15:15:00Z,sell,1.1911,1.1920357970683289,1.1882926087950136,7425,A_short
EURUSD,A,2021-06-30T13:30:00Z,buy,1.18674,1.1859185266940386,1.1892044199178837,7469,A_long
EURUSD,A,2021-06-30T14:15:00Z,buy,1.186,1.185115212784238,1.188654361647286,7468,A_long
EURUSD,A,2021-06-30T15:30:00Z,buy,1.18471,1.183611212339487,1.1880063629815385,7470,A_long
EURUSD,A,2021-07-01T12:00:00Z,sell,1.18832,1.1890403765335837,1.186158870399249,7467,A_short
EURUSD,A,2021-07-02T06:15:00Z,buy,1.18378,1.183429438803461,1.1848316835896173,7509,A_long
EURUSD,A,2021-07-02T07:00:00Z,buy,1.18238,1.1818420554225788,1.1839938337322635,7515,A_long
EURUSD,A,2021-07-02T12:30:00Z,sell,1.18484,1.1859918331722015,1.1813845004833952,7495,A_short
EURUSD,A,2021-07-02T17:30:00Z,sell,1.186,1.186761853659427,1.1837144390217185,7480,A_short
EURUSD,A,2021-07-02T17:45:00Z,sell,1.18675,1.1875302731715036,1.184409180485489,7470,A_short
EURUSD,A,2021-07-05T20:00:00Z,buy,1.18637,1.18612038484686,1.1871188454594197,7466,A_long
EURUSD,A,2021-07-05T20:45:00Z,buy,1.1862,1.1859666357062375,1.1869000928812872,7465,A_long
EURUSD,A,2021-07-06T02:45:00Z,sell,1.18718,1.1875581609876011,1.1860455170371962,7457,A_short
EURUSD,A,2021-07-06T06:00:00Z,sell,1.18936,1.1898451645413508,1.1879045063759475,7440,A_short
EURUSD,A,2021-07-06T08:00:00Z,buy,1.18609,1.1853462383043485,1.188321285086955,7469,A_long
EURUSD,A,2021-07-06T08:15:00Z,buy,1.18484,1.183986073197102,1.1874017804086938,7472,A_long
EURUSD,A,2021-07-06T13:00:00Z,buy,1.18251,1.181687135859892,1.184978592420324,7480,A_long
EURUSD,A,2021-07-07T04:15:00Z,sell,1.18262,1.1828837179881977,1.181828846035407,7474,A_short
EURUSD,A,2021-07-07T05:30:00Z,sell,1.18337,1.1838313330212238,1.1819860009363288,7467,A_short
EURUSD,A,2021-07-07T13:00:00Z,buy,1.18071,1.179815358185529,1.1833939254434125,7491,A_long
EURUSD,A,2021-07-07T14:00:00Z,buy,1.17935,1.178420640891593,1.1821380773252208,7494,A_long
EURUSD,A,2021-07-07T20:15:00Z,buy,1.17916,1.1784883057254492,1.1811750828236525,7488,A_long
EURUSD,A,2021-07-08T01:45:00Z,buy,1.17851,1.1780320156535269,1.1799439530394191,7488,A_long
EURUSD,A,2021-07-08T05:30:00Z,sell,1.1802,1.1805780221929447,1.1790659334211655,7485,A_short
EURUSD,A,2021-07-08T05:45:00Z,sell,1.18056,1.180968952567219,1.1793331422983435,7480,A_short
EURUSD,A,2021-07-08T07:45:00Z,sell,1.18201,1.1827984251339179,1.1796447245982464,7477,A_short
EURUSD,A,2021-07-08T09:45:00Z,sell,1.18335,1.1840935367586258,1.1811193897241221,7463,A_short
EURUSD,A,2021-07-09T02:15:00Z,buy,1.18356,1.1831655336384304,1.1847433990847087,7456,A_long
EURUSD,A,2021-07-09T06:15:00Z,buy,1.18289,1.18250811415685,1.1840356575294497,7457,A_long
EURUSD,A,2021-07-09T08:00:00Z,sell,1.18424,1.184940590174001,1.1821382294779965,7446,A_short
EURUSD,A,2021-07-09T09:45:00Z,sell,1.18551,1.186341510778986,1.183015467663042,7433,A_short
EURUSD,A,2021-07-09T18:00:00Z,sell,1.18761,1.1880576679878365,1.1862669960364907,7414,A_short
EURUSD,A,2021-07-12T01:15:00Z,sell,1.18796,1.188280822880333,1.1869975313590007,7408,A_short
EURUSD,A,2021-07-12T04:00:00Z,buy,1.18656,1.186248474842324,1.187494575473028,7422,A_long
EURUSD,A,2021-07-12T06:30:00Z,buy,1.18593,1.1855244867924906,1.187146539622528,7423,A_long
EURUSD,A,2021-07-12T07:45:00Z,sell,1.18773,1.1883752828119911,1.1857941515640265,7419,A_short
EURUSD,A,2021-07-12T09:45:00Z,buy,1.18527,1.1845045484631695,1.1875663546104915,7446,A_long
EURUSD,A,2021-07-12T10:45:00Z,buy,1.1845,1.1837941684672908,1.186617494598128,7445,A_long
EURUSD,A,2021-07-12T22:15:00Z,sell,1.18641,1.1866632781906912,1.1856501654279263,7428,A_short
EURUSD,A,2021-07-13T00:00:00Z,sell,1.1867,1.1869710947360912,1.1858867157917268,7424,A_short
EURUSD,A,2021-07-13T02:30:00Z,sell,1.1873,1.1877166008633413,1.1860501974099762,7418,A_short
EURUSD,A,2021-07-13T05:45:00Z,buy,1.1857,1.1853158346350738,1.1868524960947784,7435,A_long
EURUSD,A,2021-07-13T08:00:00Z,buy,1.18455,1.183795661291555,1.186813016125335,7439,A_long
EURUSD,A,2021-07-13T09:30:00Z,buy,1.18384,1.183199452510554,1.185761642468338,7438,A_long
EURUSD,A,2021-07-13T12:30:00Z,buy,1.1815,1.1803749297708375,1.1848752106874876,7448,A_long
EURUSD,A,2021-07-13T12:45:00Z,buy,1.17993,1.1786429391347257,1.1837911825958225,7450,A_long
EURUSD,A,2021-07-14T05:30:00Z,sell,1.17876,1.1790220983325908,1.1779737050022279,7449,A_short
EURUSD,A,2021-07-14T06:15:00Z,sell,1.17929,1.1796511881590228,1.1782064355229314,7443,A_short
EURUSD,A,2021-07-14T11:00:00Z,sell,1.18038,1.180976221179353,1.1785913364619407,7433,A_short
EURUSD,A,2021-07-14T12:00:00Z,sell,1.18115,1.1817471309255012,1.179358607223496,7424,A_short
EURUSD,A,2021-07-14T12:30:00Z,sell,1.18143,1.1821952227840433,1.17913433164787,7418,A_short
EURUSD,A,2021-07-14T12:45:00Z,sell,1.18219,1.1830065264128375,1.1797404207614877,7408,A_short
EURUSD,A,2021-07-15T00:15:00Z,buy,1.18311,1.1828561452554203,1.1838715642337396,7396,A_long
EURUSD,A,2021-07-15T00:30:00Z,buy,1.18313,1.1828673258880307,1.183918022335908,7394,A_long
EURUSD,A,2021-07-15T01:45:00Z,buy,1.18258,1.1821828582991862,1.1837714251024412,7395,A_long
EURUSD,A,2021-07-15T02:00:00Z,buy,1.1825,1.1820704771926283,1.1837885684221157,7392,A_long
EURUSD,A,2021-07-15T05:45:00Z,sell,1.18418,1.1845406017415512,1.1830981947753465,7389,A_short
EURUSD,A,2021-07-15T08:30:00Z,sell,1.18483,1.1854756346453434,1.1828930960639699,7382,A_short
EURUSD,A,2021-07-15T10:45:00Z,buy,1.18174,1.1810574618302663,1.1837876145092012,7413,A_long
EURUSD,A,2021-07-15T16:00:00Z,buy,1.18028,1.1796136231542451,1.1822791305372646,7417,A_long
EURUSD,A,2021-07-18T23:30:00Z,sell,1.18133,1.1816346416327461,1.1804160751017616,7406,A_short
EURUSD,A,2021-07-19T00:45:00Z,buy,1.1802,1.1798537939940776,1.1812386180177668,7418,A_long
EURUSD,A,2021-07-19T06:45:00Z,buy,1.17973,1.1794100930378073,1.1806897208865779,7418,A_long
EURUSD,A,2021-07-19T07:00:00Z,buy,1.17893,1.1784727472994332,1.1803017581017006,7420,A_long
EURUSD,A,2021-07-19T07:15:00Z,buy,1.17807,1.177548380992842,1.1796348570214739,7422,A_long
EURUSD,A,2021-07-19T08:30:00Z,buy,1.17723,1.1765360515739591,1.1793118452781226,7423,A_long
EURUSD,A,2021-07-19T12:00:00Z,buy,1.17659,1.1759241422402802,1.1785875732791595,7422,A_long
EURUSD,A,2021-07-19T13:00:00Z,sell,1.1792,1.1800062440192665,1.1767812679422007,7418,A_short
EURUSD,A,2021-07-19T13:15:00Z,sell,1.18143,1.1824460781500308,1.1783817655499076,7398,A_short
EURUSD,A,2021-07-20T05:15:00Z,buy,1.17824,1.177873006900522,1.1793409792984335,7437,A_long
EURUSD,A,2021-07-20T06:00:00Z,buy,1.17779,1.177386040343836,1.1790018789684913,7436,A_long
EURUSD,A,2021-07-20T12:30:00Z,buy,1.17671,1.175856071898132,1.179271784305604,7440,A_long
EURUSD,A,2021-07-20T13:15:00Z,buy,1.17587,1.1750350903585765,1.1783747289242705,7439,A_long
EURUSD,A,2021-07-21T02:00:00Z,buy,1.17735,1.177024455658584,1.1783266330242474,7445,A_long
EURUSD,A,2021-07-21T02:15:00Z,buy,1.17708,1.1767458615707729,1.178082415287681,7444,A_long
EURUSD,A,2021-07-21T05:45:00Z,buy,1.17669,1.176380385460807,1.177618843617579,7444,A_long
EURUSD,A,2021-07-21T06:00:00Z,buy,1.17645,1.1760883340660329,1.1775349978019014,7443,A_long
EURUSD,A,2021-07-21T06:15:00Z,buy,1.17622,1.1758372228572285,1.1773683314283148,7441,A_long
EURUSD,A,2021-07-21T07:00:00Z,buy,1.17569,1.1751935195903203,1.1771794412290388,7442,A_long
EURUSD,A,2021-07-21T13:30:00Z,sell,1.17823,1.1790523215398574,1.1757630353804283,7422,A_short
EURUSD,A,2021-07-21T14:15:00Z,sell,1.1789,1.1797272949401678,1.1764181151794968,7412,A_short
EURUSD,A,2021-07-21T15:15:00Z,sell,1.18013,1.181077363768615,1.1772879086941548,7398,A_short
EURUSD,A,2021-07-22T12:00:00Z,buy,1.17751,1.176339934206611,1.1810201973801673,7408,A_long
EURUSD,A,2021-07-22T13:00:00Z,sell,1.18207,1.1834972515382713,1.1777882453851858,7401,A_short
EURUSD,A,2021-07-23T04:00:00Z,buy,1.17683,1.1765569912743195,1.1776490261770418,7460,A_long
EURUSD,A,2021-07-23T05:45:00Z,buy,1.17644,1.1761381222927654,1.1773456331217036,7460,A_long
EURUSD,A,2021-07-26T00:30:00Z,buy,1.17663,1.1763492232757335,1.1774723301727996,7464,A_long
EURUSD,A,2021-07-26T03:45:00Z,sell,1.17785,1.1781791497099525,1.1768625508701427,7454,A_short
EURUSD,A,2021-07-26T07:15:00Z,sell,1.17972,1.1803903699216323,1.1777088902351036,7439,A_short
EURUSD,A,2021-07-26T13:30:00Z,sell,1.1808,1.1816837030608918,1.178148890817325,7444,A_short
EURUSD,A,2021-07-26T14:15:00Z,sell,1.1812,1.182037474259194,1.1786875772224183,7436,A_short
EURUSD,A,2021-07-27T07:00:00Z,buy,1.17768,1.1772053898842327,1.179103830347302,7473,A_long
EURUSD,A,2021-07-27T11:30:00Z,sell,1.17952,1.1800835746628724,1.1778292760113824,7458,A_short
EURUSD,A,2021-07-27T12:00:00Z,sell,1.1809,1.1815467738578909,1.1789596784263277,7445,A_short
EURUSD,A,2021-07-27T12:30:00Z,sell,1.18146,1.1821183323643714,1.1794850029068857,7437,A_short
EURUSD,A,2021-07-27T15:00:00Z,sell,1.18362,1.1846184685672125,1.180624594298362,7418,A_short
EURUSD,A,2021-07-28T06:45:00Z,buy,1.18037,1.1798988523894494,1.1817834428316516,7457,A_long
EURUSD,A,2021-07-28T08:45:00Z,sell,1.18288,1.1836348890667279,1.1806153327998161,7449,A_short
EURUSD,A,2021-07-28T18:45:00Z,sell,1.18386,1.1853746540818966,1.17931603775431,7456,A_short
EURUSD,A,2021-07-29T02:30:00Z,sell,1.18548,1.1858943778003224,1.1842368665990333,7436,A_short
EURUSD,A,2021-07-29T07:00:00Z,sell,1.18689,1.1875728698297963,1.1848413905106112,7424,A_short
EURUSD,A,2021-07-29T08:30:00Z,sell,1.18764,1.1883161464151695,1.1856115607544917,7414,A_short
EURUSD,A,2021-07-29T12:30:00Z,sell,1.18832,1.1889133367301377,1.1865399898095872,7405,A_short
EURUSD,A,2021-07-29T23:00:00Z,sell,1.18938,1.1896355095326898,1.188613471401931,7394,A_short
EURUSD,A,2021-07-30T00:45:00Z,buy,1.18813,1.187824525540576,1.1890464233782718,7406,A_long
EURUSD,A,2021-07-30T05:30:00Z,buy,1.18762,1.1873720995343797,1.1883637013968604,7407,A_long
EURUSD,A,2021-07-30T07:00:00Z,sell,1.18883,1.1892536655476378,1.1875590033570869,7403,A_short
EURUSD,A,2021-07-30T07:15:00Z,sell,1.18944,1.1899178434746194,1.188006469576142,7396,A_short
EURUSD,A,2021-07-30T08:00:00Z,sell,1.18968,1.190172480626293,1.1882025581211213,7391,A_short
EURUSD,A,2021-07-30T08:45:00Z,sell,1.19066,1.1911903347958417,1.1890689956124751,7381,A_short
EURUSD,A,2021-07-30T14:15:00Z,buy,1.18674,1.1858594556212474,1.1893816331362574,7415,A_long
EURUSD,A,2021-07-30T14:45:00Z,buy,1.18589,1.1849429244444036,1.1887312266667895,7414,A_long
EURUSD,A,2021-08-02T09:45:00Z,sell,1.18953,1.190185133950916,1.187564598147252,7408,A_short
EURUSD,A,2021-08-02T12:45:00Z,buy,1.18729,1.1865336887582398,1.1895589337252803,7434,A_long
EURUSD,A,2021-08-03T04:45:00Z,sell,1.18802,1.1883643557522778,1.1869869327431668,7424,A_short
EURUSD,A,2021-08-03T13:30:00Z,buy,1.18703,1.1863710944431314,1.189006716670606,7427,A_long
EURUSD,A,2021-08-03T13:45:00Z,buy,1.1869,1.186206281850714,1.1889811544478583,7423,A_long
EURUSD,A,2021-08-03T14:45:00Z,buy,1.18588,1.1850633840185332,1.1883298479444007,7425,A_long
EURUSD,A,2021-08-04T08:15:00Z,buy,1.18518,1.1844277964490273,1.1874366106529177,7423,A_long
EURUSD,A,2021-08-04T08:30:00Z,buy,1.1847,1.1839147569224904,1.1870557292325292,7421,A_long
EURUSD,A,2021-08-04T12:30:00Z,sell,1.18847,1.1892408470676723,1.1861574587969828,7411,A_short
EURUSD,A,2021-08-04T13:00:00Z,sell,1.1892,1.189987969575274,1.1868360912741782,7401,A_short
EURUSD,A,2021-08-05T00:45:00Z,buy,1.18317,1.1829183731861876,1.1839248804414373,7453,A_long
EURUSD,A,2021-08-05T07:15:00Z,sell,1.18468,1.1851547165086798,1.1832558504739605,7448,A_short
EURUSD,A,2021-08-05T11:15:00Z,sell,1.18544,1.186069641741515,1.183551074775455,7451,A_short
EURUSD,A,2021-08-06T00:15:00Z,buy,1.18275,1.182503855419325,1.1834884337420248,7479,A_long
EURUSD,A,2021-08-06T00:45:00Z,buy,1.18253,1.182286895848293,1.1832593124551212,7478,A_long
EURUSD,A,2021-08-06T08:15:00Z,buy,1.18109,1.1805027156263257,1.1828518531210228,7485,A_long
EURUSD,A,2021-08-06T12:30:00Z,buy,1.17846,1.1776145463872532,1.1809963608382408,7498,A_long
EURUSD,A,2021-08-06T13:45:00Z,buy,1.17737,1.176402412934008,1.180272761197976,7498,A_long
EURUSD,A,2021-08-06T14:15:00Z,buy,1.17632,1.1753465679370994,1.179240296188702,7498,A_long
EURUSD,A,2021-08-08T22:45:00Z,buy,1.1754,1.1750552532482008,1.1764342402553976,7497,A_long
EURUSD,A,2021-08-08T23:00:00Z,buy,1.17479,1.1743458861484406,1.1761223415546782,7498,A_long
EURUSD,A,2021-08-08T23:15:00Z,buy,1.17464,1.1741711013286484,1.1760466960140543,7495,A_long
EURUSD,A,2021-08-09T14:45:00Z,buy,1.17442,1.1736893553459498,1.1766119339621508,7505,A_long
EURUSD,A,2021-08-10T01:45:00Z,buy,1.17326,1.1730201671185967,1.1739794986442098,7507,A_long
EURUSD,A,2021-08-10T07:30:00Z,buy,1.1728,1.1723418233409395,1.1741745299771817,7514,A_long
EURUSD,A,2021-08-10T09:15:00Z,buy,1.17249,1.1718935740898615,1.1742792777304156,7512,A_long
EURUSD,A,2021-08-10T10:00:00Z,buy,1.17175,1.171194009563089,1.173417971310733,7513,A_long
EURUSD,A,2021-08-11T00:15:00Z,buy,1.17165,1.17143314921745,1.1723005523476506,7509,A_long
EURUSD,A,2021-08-11T00:45:00Z,buy,1.17129,1.1710546765233287,1.1719959704300136,7509,A_long
EURUSD,A,2021-08-11T06:00:00Z,buy,1.17129,1.171008365492333,1.172134903523001,7513,A_long
EURUSD,A,2021-08-11T06:15:00Z,buy,1.17111,1.1708045834266885,1.172026249719935,7512,A_long
EURUSD,A,2021-08-11T06:30:00Z,buy,1.17083,1.1705066389697967,1.1718000830906101,7511,A_long
EURUSD,A,2021-08-11T12:30:00Z,sell,1.17444,1.1752435898448614,1.1720292304654154,7494,A_short
EURUSD,A,2021-08-11T17:15:00Z,sell,1.17505,1.1756745777894484,1.1731762666316545,7484,A_short
EURUSD,A,2021-08-12T12:30:00Z,buy,1.17279,1.1722098285564089,1.1745305143307734,7510,A_long
EURUSD,A,2021-08-13T09:30:00Z,sell,1.17479,1.1751623186124505,1.1736730441626486,7508,A_short
EURUSD,A,2021-08-13T11:15:00Z,sell,1.17561,1.1759835947194164,1.174489215841751,7499,A_short
EURUSD,A,2021-08-13T11:30:00Z,sell,1.17617,1.1765844487568273,1.1749266537295178,7493,A_short
EURUSD,A,2021-08-13T14:00:00Z,sell,1.17789,1.1785378316743904,1.1759465049768292,7479,A_short
EURUSD,A,2021-08-13T14:15:00Z,sell,1.17825,1.1789807874511384,1.1760576376465848,7472,A_short
EURUSD,A,2021-08-13T14:45:00Z,sell,1.17917,1.1799003247966329,1.1769790256101016,7461,A_short
EURUSD,A,2021-08-16T01:30:00Z,sell,1.17991,1.1801900460077484,1.179069861976755,7451,A_short
EURUSD,A,2021-08-16T03:30:00Z,buy,1.17902,1.1787373536987698,1.1798679389036906,7461,A_long
EURUSD,A,2021-08-16T11:15:00Z,buy,1.17742,1.176905084917776,1.1789647452466716,7469,A_long
EURUSD,A,2021-08-16T11:45:00Z,buy,1.17681,1.1762819971160183,1.1783940086519447,7469,A_long
EURUSD,A,2021-08-17T03:00:00Z,buy,1.17697,1.1766682019462757,1.177875394161173,7477,A_long
EURUSD,A,2021-08-17T03:15:00Z,buy,1.17677,1.1764604416867723,1.1776986749396834,7476,A_long
EURUSD,A,2021-08-17T06:15:00Z,buy,1.17642,1.176099201892661,1.177382394322017,7475,A_long
EURUSD,A,2021-08-17T06:45:00Z,buy,1.17612,1.175728911643821,1.1772932650685373,7475,A_long
EURUSD,A,2021-08-17T08:00:00Z,sell,1.17796,1.1785929167921392,1.176061249623582,7470,A_short
EURUSD,A,2021-08-17T12:30:00Z,buy,1.17554,1.1747643364185945,1.1778669907442167,7496,A_long
EURUSD,A,2021-08-17T12:45:00Z,buy,1.17439,1.1735177582294487,1.177006725311654,7498,A_long
EURUSD,A,2021-08-17T13:15:00Z,buy,1.17358,1.1727303606256747,1.1761289181229762,7497,A_long
EURUSD,A,2021-08-17T14:30:00Z,buy,1.17183,1.1709756838423553,1.1743929484729339,7502,A_long
EURUSD,A,2021-08-17T22:15:00Z,buy,1.1702,1.1698602146085726,1.1712193561742819,7507,A_long
EURUSD,A,2021-08-18T02:15:00Z,sell,1.1719,1.1722883587517021,1.1707349237448934,7501,A_short
EURUSD,A,2021-08-18T07:15:00Z,sell,1.17281,1.1733229189536547,1.1712712431390355,7492,A_short
EURUSD,A,2021-08-18T15:15:00Z,buy,1.17022,1.1694746780772434,1.17245596576827,7518,A_long
EURUSD,A,2021-08-18T18:15:00Z,sell,1.17222,1.1732606535119436,1.1690980394641692,7499,A_short
EURUSD,A,2021-08-19T00:15:00Z,buy,1.16877,1.1681797795407542,1.1705406613777376,7541,A_long
EURUSD,A,2021-08-19T08:15:00Z,sell,1.16933,1.1700088496558279,1.1672934510325164,7533,A_short
EURUSD,A,2021-08-19T14:45:00Z,buy,1.16823,1.167463599666512,1.1705292010004646,7535,A_long
EURUSD,A,2021-08-20T00:15:00Z,sell,1.16811,1.168339318311709,1.167422045064873,7530,A_short
EURUSD,A,2021-08-20T00:45:00Z,sell,1.16822,1.168441843531906,1.1675544694042823,7527,A_short
EURUSD,A,2021-08-20T01:15:00Z,sell,1.16852,1.168771962475076,1.1677641125747718,7523,A_short
EURUSD,A,2021-08-20T08:30:00Z,buy,1.16716,1.1666140873746162,1.1687977378761512,7536,A_long
EURUSD,A,2021-08-20T13:30:00Z,sell,1.16841,1.1691354579279236,1.166233626216229,7524,A_short
EURUSD,A,2021-08-20T16:00:00Z,sell,1.16947,1.170207613763206,1.167257158710382,7512,A_short
EURUSD,A,2021-08-20T16:45:00Z,sell,1.17031,1.1709508822037817,1.1683873533886546,7501,A_short
EURUSD,A,2021-08-23T01:45:00Z,sell,1.17134,1.1718226265054785,1.1698921204835646,7489,A_short
EURUSD,A,2021-08-23T06:30:00Z,buy,1.171,1.1705815240476714,1.172255427856986,7488,A_long
EURUSD,A,2021-08-23T08:30:00Z,sell,1.17313,1.173817774345374,1.1710666769638782,7481,A_short
EURUSD,A,2021-08-23T13:15:00Z,sell,1.17405,1.174717541063792,1.1720473768086241,7470,A_short
EURUSD,A,2021-08-24T00:45:00Z,buy,1.1739,1.1736254291928363,1.1747237124214909,7466,A_long
EURUSD,A,2021-08-24T01:45:00Z,buy,1.17359,1.1733289736923773,1.1743730789228677,7466,A_long
EURUSD,A,2021-08-24T05:30:00Z,sell,1.17452,1.1747783261632079,1.1737450215103764,7464,A_short
EURUSD,A,2021-08-24T08:15:00Z,buy,1.17327,1.172741449259075,1.1748556522227749,7476,A_long
EURUSD,A,2021-08-24T08:45:00Z,buy,1.17285,1.1722857996657052,1.174542601002884,7475,A_long
EURUSD,A,2021-08-24T12:30:00Z,sell,1.17472,1.1752563579697994,1.1731109260906016,7473,A_short
EURUSD,A,2021-08-24T12:45:00Z,sell,1.17505,1.1756428435738262,1.173271469278521,7466,A_short
EURUSD,A,2021-08-24T14:30:00Z,sell,1.17637,1.1773160661039557,1.1735318016881326,7454,A_short
EURUSD,A,2021-08-25T01:45:00Z,buy,1.17359,1.1732176766083078,1.1747069701750763,7488,A_long
EURUSD,A,2021-08-25T08:15:00Z,sell,1.17563,1.1763134646052553,1.1735796061842338,7482,A_short
EURUSD,A,2021-08-25T16:00:00Z,sell,1.17617,1.1769645129761335,1.1737864610715993,7490,A_short
EURUSD,A,2021-08-25T18:00:00Z,sell,1.1773,1.177958923490426,1.1753232295287221,7478,A_short
EURUSD,A,2021-08-27T00:15:00Z,buy,1.17478,1.1745374077250936,1.1755077768247189,7505,A_long
EURUSD,A,2021-08-27T00:30:00Z,buy,1.17429,1.1740010866950812,1.1751567399147567,7506,A_long
EURUSD,A,2021-08-27T08:00:00Z,buy,1.17531,1.1748005962425463,1.1768382112723614,7505,A_long
EURUSD,A,2021-08-27T13:00:00Z,buy,1.17372,1.1729506177064737,1.1760281468805793,7511,A_long
EURUSD,A,2021-08-27T14:00:00Z,sell,1.17962,1.1813152795592177,1.1745341613223466,7488,A_short
EURUSD,A,2021-08-31T03:15:00Z,sell,1.18147,1.1818124644649612,1.1804426066051164,7464,A_short
EURUSD,A,2021-08-31T03:45:00Z,sell,1.18193,1.1822811844203487,1.1808764467389536,7459,A_short
EURUSD,A,2021-08-31T11:00:00Z,sell,1.18395,1.1845493244835739,1.1821520265492786,7443,A_short
EURUSD,A,2021-08-31T14:45:00Z,buy,1.18036,1.1792451781775286,1.1837044654674145,7476,A_long
EURUSD,A,2021-09-01T12:45:00Z,sell,1.18377,1.1843962042301412,1.1818913873095762,7475,A_short
EURUSD,A,2021-09-01T13:30:00Z,sell,1.18448,1.1851521335388504,1.1824635993834487,7466,A_short
EURUSD,A,2021-09-02T00:00:00Z,sell,1.18454,1.1847432437245473,1.1839302688263578,7461,A_short
EURUSD,A,2021-09-02T06:45:00Z,sell,1.18454,1.184856531032239,1.1835904069032828,7464,A_short
EURUSD,A,2021-09-02T07:30:00Z,sell,1.18483,1.1852435640526902,1.1835893078419297,7460,A_short
EURUSD,A,2021-09-02T10:00:00Z,sell,1.18534,1.1857856219613572,1.1840031341159287,7453,A_short
EURUSD,A,2021-09-02T12:30:00Z,buy,1.18404,1.1834812833692776,1.1857161498921671,7469,A_long
EURUSD,A,2021-09-02T13:30:00Z,sell,1.18575,1.1863234041617792,1.1840297875146628,7468,A_short
EURUSD,A,2021-09-02T14:30:00Z,sell,1.18653,1.1872063337533743,1.1845009987398776,7459,A_short
EURUSD,A,2021-09-03T00:00:00Z,sell,1.18775,1.1879242570162953,1.1872272289511143,7446,A_short
EURUSD,A,2021-09-03T00:30:00Z,sell,1.18826,1.1884859086033508,1.187582274189948,7442,A_short
EURUSD,A,2021-09-03T12:45:00Z,sell,1.18911,1.1903607430471523,1.1853577708585425,7440,A_short
EURUSD,A,2021-09-03T13:15:00Z,sell,1.18963,1.1908578914443055,1.1859463256670832,7428,A_short
EURUSD,A,2021-09-06T21:15:00Z,sell,1.18707,1.1872155959023343,1.1866332122929975,7466,A_short
EURUSD,A,2021-09-06T23:45:00Z,sell,1.18731,1.1874478182963772,1.1868965451108686,7463,A_short
EURUSD,A,2021-09-07T00:00:00Z,sell,1.18769,1.1878654425235269,1.187163672429419,7459,A_short
EURUSD,A,2021-09-07T00:30:00Z,sell,1.18799,1.1881735990510047,1.1874392028469862,7456,A_short
EURUSD,A,2021-09-07T01:15:00Z,sell,1.18831,1.1885560465526095,1.1875718603421714,7452,A_short
EURUSD,A,2021-09-07T04:45:00Z,buy,1.18752,1.187248201470267,1.1883353955891987,7461,A_long
EURUSD,A,2021-09-07T05:00:00Z,buy,1.18742,1.1871177746075647,1.1883266761773055,7459,A_long
EURUSD,A,2021-09-07T05:45:00Z,buy,1.18712,1.1868142432037985,1.1880372703886044,7458,A_long
EURUSD,A,2021-09-07T06:15:00Z,buy,1.18667,1.186314831561964,1.1877355053141074,7458,A_long
EURUSD,A,2021-09-07T06:30:00Z,buy,1.18672,1.1863455206870357,1.187843437938893,7455,A_long
EURUSD,A,2021-09-07T08:15:00Z,buy,1.18631,1.185704693441108,1.188125919676676,7463,A_long
EURUSD,A,2021-09-07T12:45:00Z,buy,1.18504,1.1843085781389635,1.1872342655831098,7467,A_long
EURUSD,A,2021-09-07T14:15:00Z,buy,1.18405,1.1832091456463847,1.1865725630608461,7468,A_long
EURUSD,A,2021-09-08T06:15:00Z,buy,1.18322,1.1829048597624892,1.1841654207125323,7467,A_long
EURUSD,A,2021-09-08T08:00:00Z,buy,1.18281,1.1822413445114097,1.1845159664657705,7467,A_long
EURUSD,A,2021-09-08T08:15:00Z,buy,1.18205,1.181421165243222,1.183936504270334,7468,A_long
EURUSD,A,2021-09-08T14:15:00Z,buy,1.18064,1.1798901397193022,1.182889580842093,7472,A_long
EURUSD,A,2021-09-08T20:45:00Z,buy,1.1814,1.1810540217174594,1.1824379348476217,7481,A_long
EURUSD,A,2021-09-09T02:15:00Z,sell,1.18236,1.182631675431748,1.181544973704756,7480,A_short
EURUSD,A,2021-09-09T08:30:00Z,sell,1.18342,1.184005495343338,1.1816635139699854,7478,A_short
EURUSD,A,2021-09-09T12:30:00Z,buy,1.18171,1.180910730479257,1.1841078085622292,7485,A_long
EURUSD,A,2021-09-09T14:30:00Z,buy,1.18054,1.1795376805290747,1.1835469584127756,7486,A_long
EURUSD,A,2021-09-10T01:15:00Z,buy,1.18201,1.1817598714946147,1.182760385516156,7495,A_long
EURUSD,A,2021-09-10T02:45:00Z,sell,1.18324,1.1835736573700697,1.1822390278897912,7491,A_short
EURUSD,A,2021-09-10T07:15:00Z,sell,1.18389,1.1843210872569014,1.1825967382292961,7484,A_short
EURUSD,A,2021-09-10T07:45:00Z,sell,1.1842,1.1846895722062947,1.1827312833811157,7479,A_short
EURUSD,A,2021-09-10T08:00:00Z,sell,1.18493,1.1854596292454556,1.1833411122636335,7471,A_short
EURUSD,A,2021-09-12T22:15:00Z,buy,1.18088,1.180582019442077,1.1817739416737685,7506,A_long
EURUSD,A,2021-09-13T00:45:00Z,buy,1.18051,1.1802241863634173,1.1813674409097479,7506,A_long
EURUSD,A,2021-09-13T04:45:00Z,buy,1.17954,1.1792362327776644,1.1804513016670068,7509,A_long
EURUSD,A,2021-09-13T05:00:00Z,buy,1.17908,1.1787407350739756,1.1800977947780729,7510,A_long
EURUSD,A,2021-09-13T06:15:00Z,buy,1.1786,1.1781625966983662,1.1799122099049018,7510,A_long
EURUSD,A,2021-09-13T06:45:00Z,buy,1.17794,1.1773836392978838,1.1796090821063485,7511,A_long
EURUSD,A,2021-09-13T13:45:00Z,sell,1.17999,1.180594970874539,1.1781750873763837,7494,A_short
EURUSD,A,2021-09-13T14:00:00Z,sell,1.18025,1.1808756414246004,1.1783730757261988,7488,A_short
EURUSD,A,2021-09-13T14:45:00Z,sell,1.18095,1.1816999123584733,1.17870026292458,7479,A_short
EURUSD,A,2021-09-14T02:30:00Z,sell,1.18171,1.1820426807563835,1.1807119577308496,7468,A_short
EURUSD,A,2021-09-14T07:00:00Z,sell,1.1824,1.1828834311321004,1.1809497066036985,7470,A_short
EURUSD,A,2021-09-14T07:15:00Z,sell,1.18289,1.1834116403144872,1.1813250790565384,7463,A_short
EURUSD,A,2021-09-14T12:30:00Z,sell,1.18305,1.1839285311622232,1.1804144065133302,7471,A_short
EURUSD,A,2021-09-14T12:45:00Z,sell,1.18414,1.1851120603405934,1.1812238189782198,7458,A_short
EURUSD,A,2021-09-14T18:30:00Z,buy,1.18122,1.1807193343843683,1.182721996846895,7494,A_long
EURUSD,A,2021-09-14T19:00:00Z,buy,1.18057,1.1800849667153699,1.18202509985389,7494,A_long
EURUSD,A,2021-09-14T19:30:00Z,buy,1.18027,1.1798100416662112,1.1816498750013662,7492,A_long
EURUSD,A,2021-09-15T07:30:00Z,sell,1.18141,1.1818956716638125,1.1799529850085628,7493,A_short
EURUSD,A,2021-09-15T08:00:00Z,sell,1.18178,1.1822537711608192,1.1803586865175426,7487,A_short
EURUSD,A,2021-09-15T08:30:00Z,sell,1.18254,1.1830790547830152,1.180922835650954,7478,A_short
EURUSD,A,2021-09-15T16:45:00Z,buy,1.18037,1.1797229170270225,1.1823112489189322,7488,A_long
EURUSD,A,2021-09-16T06:45:00Z,buy,1.17917,1.1786606721285762,1.1806979836142717,7491,A_long
EURUSD,A,2021-09-16T07:15:00Z,buy,1.17892,1.1783630381765748,1.1805908854702754,7489,A_long
EURUSD,A,2021-09-16T07:45:00Z,buy,1.17814,1.177524593119294,1.179986220642118,7489,A_long
EURUSD,A,2021-09-16T12:30:00Z,buy,1.17563,1.1750045747485505,1.1775062757543484,7501,A_long
EURUSD,A,2021-09-17T07:00:00Z,sell,1.17832,1.178794145137705,1.1768975645868849,7495,A_short
EURUSD,A,2021-09-17T13:00:00Z,buy,1.17655,1.1758892347111507,1.1785322958665478,7515,A_long
EURUSD,A,2021-09-17T13:15:00Z,buy,1.17563,1.1749266700829972,1.1777399897510081,7516,A_long
EURUSD,A,2021-09-17T14:00:00Z,buy,1.17479,1.1740297404955096,1.1770707785134713,7516,A_long
EURUSD,A,2021-09-19T22:15:00Z,buy,1.17233,1.1720100381271896,1.1732898856184315,7526,A_long
EURUSD,A,2021-09-20T01:45:00Z,buy,1.17184,1.171571605219259,1.1726451843422228,7527,A_long
EURUSD,A,2021-09-20T02:15:00Z,buy,1.17127,1.1709607612535768,1.1721977162392696,7528,A_long
EURUSD,A,2021-09-20T07:15:00Z,buy,1.17059,1.1701612950436988,1.1718761148689036,7529,A_long
EURUSD,A,2021-09-20T09:15:00Z,buy,1.17017,1.1696483372593593,1.1717349882219217,7529,A_long
EURUSD,A,2021-09-20T15:00:00Z,sell,1.17349,1.1742333315994935,1.1712600052015192,7516,A_short
EURUSD,A,2021-09-21T11:30:00Z,sell,1.17434,1.1749044207058172,1.172646737882548,7506,A_short
EURUSD,A,2021-09-21T14:00:00Z,buy,1.17268,1.1719377255956633,1.1749068232130098,7526,A_long
EURUSD,A,2021-09-21T14:15:00Z,buy,1.17233,1.1715746955162416,1.1745959134512756,7523,A_long
EURUSD,A,2021-09-21T15:15:00Z,buy,1.17157,1.1708583174052223,1.1737050477843332,7522,A_long
EURUSD,A,2021-09-22T08:45:00Z,sell,1.17342,1.1739579440578791,1.1718061678263623,7523,A_short
EURUSD,A,2021-09-22T14:00:00Z,sell,1.17399,1.1746201122235562,1.1720996633293317,7516,A_short
EURUSD,A,2021-09-22T18:00:00Z,sell,1.17523,1.1763906501204429,1.1717480496386714,7503,A_short
EURUSD,A,2021-09-22T18:45:00Z,buy,1.16937,1.1675609960549296,1.1747970118352113,7562,A_long
EURUSD,A,2021-09-23T14:00:00Z,sell,1.17467,1.1755062914942753,1.1721611255171744,7562,A_short
EURUSD,A,2021-09-24T11:15:00Z,buy,1.17225,1.1716540321499394,1.174037903550182,7593,A_long
EURUSD,A,2021-09-24T11:30:00Z,buy,1.17138,1.1707434945299475,1.1732895164101578,7594,A_long
EURUSD,A,2021-09-24T12:45:00Z,buy,1.17065,1.1700290144981171,1.1725129565056485,7594,A_long
EURUSD,A,2021-09-24T16:15:00Z,sell,1.17242,1.1730649635072787,1.1704851094781639,7594,A_short
EURUSD,A,2021-09-27T07:00:00Z,buy,1.17093,1.1704069165444806,1.1724992503665583,7615,A_long
EURUSD,A,2021-09-27T07:30:00Z,buy,1.17034,1.169727106204521,1.172178681386437,7615,A_long
EURUSD,A,2021-09-27T07:45:00Z,buy,1.16944,1.1687834920439182,1.1714095238682456,7616,A_long
EURUSD,A,2021-09-28T00:45:00Z,buy,1.16887,1.168600182452003,1.1696794526439915,7615,A_long
EURUSD,A,2021-09-28T01:00:00Z,buy,1.16871,1.1684334914584023,1.169539525624793,7613,A_long
EURUSD,A,2021-09-28T04:45:00Z,sell,1.16986,1.1701266813539792,1.169059955938062,7610,A_short
EURUSD,A,2021-09-28T05:00:00Z,sell,1.17026,1.170552457173449,1.1693826284796536,7605,A_short
EURUSD,A,2021-09-28T06:30:00Z,buy,1.16832,1.1677893440564573,1.1699119678306282,7623,A_long
EURUSD,A,2021-09-28T06:45:00Z,buy,1.16762,1.1670254315155963,1.1694037054532114,7624,A_long
EURUSD,A,2021-09-29T07:00:00Z,buy,1.16598,1.16527452897365,1.1680964130790503,7645,A_long
EURUSD,A,2021-09-29T11:15:00Z,buy,1.16452,1.1637524836163076,1.1668225491510773,7649,A_long
EURUSD,A,2021-09-29T13:30:00Z,buy,1.16332,1.162586030387107,1.1655219088386788,7652,A_long
EURUSD,A,2021-09-29T14:00:00Z,buy,1.16245,1.1614690183796492,1.1653929448610523,7652,A_long
EURUSD,A,2021-09-29T14:30:00Z,buy,1.16111,1.1601440182496032,1.1640079452511907,7653,A_long
EURUSD,A,2021-09-30T05:45:00Z,buy,1.1595,1.1590461428636898,1.1608615714089305,7657,A_long
EURUSD,A,2021-09-30T10:15:00Z,buy,1.15808,1.1573861085919261,1.1601616742242216,7675,A_long
EURUSD,A,2021-09-30T10:30:00Z,buy,1.15712,1.1563399607796694,1.1594601176609916,7676,A_long
EURUSD,A,2021-09-30T16:00:00Z,buy,1.15665,1.1555380883567614,1.1599857349297156,7694,A_long
EURUSD,A,2021-10-01T11:30:00Z,sell,1.15989,1.1605166187145517,1.1580101438563453,7693,A_short
EURUSD,A,2021-10-01T12:00:00Z,sell,1.16,1.1606411491678186,1.158076552496544,7688,A_short
EURUSD,A,2021-10-01T12:30:00Z,sell,1.16063,1.1612567298193839,1.1587498105418486,7679,A_short
EURUSD,A,2021-10-03T22:15:00Z,sell,1.16087,1.161327431915412,1.159497704253764,7689,A_short
EURUSD,A,2021-10-04T03:30:00Z,buy,1.15883,1.1584829411240818,1.1598711766277547,7699,A_long
EURUSD,A,2021-10-04T06:30:00Z,sell,1.16073,1.1611161167653468,1.1595716497039599,7692,A_short
EURUSD,A,2021-10-04T09:00:00Z,sell,1.16171,1.1622832754909396,1.1599901735271814,7682,A_short
EURUSD,A,2021-10-04T11:00:00Z,sell,1.16271,1.163270607613115,1.1610281771606548,7671,A_short
EURUSD,A,2021-10-04T11:45:00Z,sell,1.16333,1.1638468992373374,1.1617793022879876,7663,A_short
EURUSD,A,2021-10-04T12:15:00Z,sell,1.16382,1.1643310932049336,1.1622867203851996,7656,A_short
EURUSD,A,2021-10-05T00:45:00Z,buy,1.16115,1.160845320064267,1.1620640398071986,7682,A_long
EURUSD,A,2021-10-05T01:15:00Z,buy,1.16068,1.1603336404038274,1.1617190787885177,7683,A_long
EURUSD,A,2021-10-05T01:45:00Z,buy,1.1603,1.159960556569986,1.1613183302900425,7683,A_long
EURUSD,A,2021-10-05T13:00:00Z,buy,1.15887,1.1582242903498539,1.1608071289504387,7689,A_long
EURUSD,A,2021-10-05T15:15:00Z,sell,1.16101,1.1618314130694982,1.1585457607915057,7670,A_short
EURUSD,A,2021-10-06T04:15:00Z,buy,1.15845,1.1581283259941577,1.1594150220175268,7703,A_long
EURUSD,A,2021-10-06T06:15:00Z,buy,1.15757,1.1571154282175882,1.1589337153472354,7705,A_long
EURUSD,A,2021-10-06T07:00:00Z,buy,1.15721,1.1566347543093456,1.1589357370719635,7704,A_long
EURUSD,A,2021-10-06T07:45:00Z,buy,1.15561,1.1548241230274465,1.1579676309176605,7710,A_long
EURUSD,A,2021-10-07T05:45:00Z,buy,1.15494,1.154679579483786,1.155721261548642,7709,A_long
EURUSD,A,2021-10-07T06:30:00Z,sell,1.15672,1.157147201147888,1.1554383965563357,7701,A_short
EURUSD,A,2021-10-07T23:45:00Z,sell,1.15592,1.156154474727015,1.1552165758189554,7703,A_short
EURUSD,A,2021-10-08T05:45:00Z,buy,1.15421,1.1538087341411571,1.1554137975765284,7719,A_long
EURUSD,A,2021-10-08T09:00:00Z,sell,1.15608,1.1566017382499219,1.1545147852502344,7713,A_short
EURUSD,A,2021-10-08T09:30:00Z,sell,1.15665,1.1572208167299411,1.1549375498101764,7706,A_short
EURUSD,A,2021-10-08T12:30:00Z,sell,1.15756,1.1583201786926305,1.1552794639221082,7695,A_short
EURUSD,A,2021-10-11T06:30:00Z,sell,1.1586,1.159028478171586,1.1573145654852421,7682,A_short
EURUSD,A,2021-10-11T09:00:00Z,buy,1.15583,1.155146148070291,1.1578815557891269,7709,A_long
EURUSD,A,2021-10-11T14:00:00Z,sell,1.15813,1.1587529770735452,1.1562610687793649,7706,A_short
EURUSD,A,2021-10-12T03:00:00Z,sell,1.15583,1.1561364199798745,1.1549107400603762,7733,A_short
EURUSD,A,2021-10-12T06:30:00Z,sell,1.15672,1.1570206999761792,1.1558179000714623,7724,A_short
EURUSD,A,2021-10-12T06:45:00Z,sell,1.15684,1.1571499399793554,1.155910180061934,7721,A_short
EURUSD,A,2021-10-12T12:15:00Z,buy,1.15469,1.1541458788139203,1.1563223635582391,7741,A_long
EURUSD,A,2021-10-12T12:30:00Z,buy,1.15342,1.1527550949720642,1.155414715083807,7745,A_long
EURUSD,A,2021-10-13T00:00:00Z,sell,1.15354,1.1537853265486715,1.1528040203539855,7739,A_short
EURUSD,A,2021-10-13T00:30:00Z,sell,1.15399,1.1542532008298911,1.1532003975103269,7734,A_short
EURUSD,A,2021-10-13T01:00:00Z,sell,1.15449,1.154792315290007,1.153583054129979,7728,A_short
EURUSD,A,2021-10-13T01:30:00Z,sell,1.15496,1.155267872373383,1.1540363828798512,7722,A_short
EURUSD,A,2021-10-13T02:00:00Z,sell,1.15541,1.1557418685826744,1.1544143942519771,7717,A_short
EURUSD,A,2021-10-13T08:30:00Z,sell,1.15593,1.1563703496325624,1.1546089511023125,7710,A_short
EURUSD,A,2021-10-13T12:30:00Z,buy,1.15435,1.1536043159174318,1.1565870522477044,7717,A_long
EURUSD,A,2021-10-14T01:45:00Z,buy,1.15896,1.158635049238889,1.1599348522833328,7701,A_long
EURUSD,A,2021-10-14T06:30:00Z,sell,1.16005,1.1604808513834668,1.1587574458495997,7699,A_short
EURUSD,A,2021-10-14T07:00:00Z,sell,1.16078,1.1612780172613593,1.159285948215922,7691,A_short
EURUSD,A,2021-10-14T08:15:00Z,sell,1.1615,1.1619952610278477,1.160014216916457,7682,A_short
EURUSD,A,2021-10-14T14:30:00Z,buy,1.15869,1.1580505787621749,1.1606082637134754,7697,A_long
EURUSD,A,2021-10-15T02:30:00Z,sell,1.1607,1.161060828941403,1.159617513175791,7695,A_short
EURUSD,A,2021-10-15T03:00:00Z,sell,1.16106,1.1614210670715426,1.1599767987853722,7690,A_short
EURUSD,A,2021-10-15T06:45:00Z,sell,1.16143,1.1617709323413772,1.1604072029758683,7684,A_short
EURUSD,A,2021-10-15T12:15:00Z,buy,1.15939,1.158821478704094,1.1610955638877176,7695,A_long
EURUSD,A,2021-10-18T00:30:00Z,buy,1.15882,1.158411972518307,1.1600440824450786,7694,A_long
EURUSD,A,2021-10-18T00:45:00Z,buy,1.1584,1.1579730428491997,1.1596808714524014,7694,A_long
EURUSD,A,2021-10-18T07:45:00Z,sell,1.15927,1.1598285189372057,1.157594443188383,7685,A_short
EURUSD,A,2021-10-18T12:00:00Z,sell,1.16033,1.1609807033870545,1.1583778898388368,7673,A_short
EURUSD,A,2021-10-18T16:15:00Z,sell,1.16159,1.1622748261516491,1.1595355215450522,7660,A_short
EURUSD,A,2021-10-19T00:45:00Z,sell,1.1625,1.1628103809713857,1.1615688570858433,7649,A_short
EURUSD,A,2021-10-19T01:00:00Z,sell,1.1629,1.1632343301752008,1.1618970094743977,7644,A_short
EURUSD,A,2021-10-19T01:30:00Z,sell,1.16321,1.163583519109373,1.162089442671881,7639,A_short
EURUSD,A,2021-10-19T01:45:00Z,sell,1.16339,1.163788383228123,1.1621948503156305,7635,A_short
EURUSD,A,2021-10-19T09:00:00Z,sell,1.16606,1.1667029397035682,1.1641311808892958,7614,A_short
EURUSD,A,2021-10-19T09:45:00Z,sell,1.16659,1.1673231314159227,1.164390605752232,7606,A_short
EURUSD,A,2021-10-19T14:30:00Z,buy,1.16334,1.1625479761937423,1.1657160714187733,7640,A_long
EURUSD,A,2021-10-20T07:15:00Z,buy,1.16249,1.1619673108909396,1.1640580673271812,7640,A_long
EURUSD,A,2021-10-20T07:30:00Z,buy,1.16183,1.1612636694388143,1.1635289916835567,7640,A_long
EURUSD,A,2021-10-20T13:45:00Z,sell,1.16478,1.1654581615101551,1.1627455154695343,7631,A_short
EURUSD,A,2021-10-20T23:30:00Z,sell,1.16559,1.1658362198280243,1.1648513405159266,7621,A_short
EURUSD,A,2021-10-21T01:30:00Z,sell,1.16621,1.166575652168601,1.1651130434941968,7614,A_short
EURUSD,A,2021-10-21T02:30:00Z,sell,1.16659,1.166921404475801,1.1655957865725972,7609,A_short
EURUSD,A,2021-10-21T07:00:00Z,buy,1.16391,1.1634431521085877,1.1653105436742368,7632,A_long
EURUSD,A,2021-10-21T17:45:00Z,buy,1.16266,1.1620673899019947,1.1644378302940162,7636,A_long
EURUSD,A,2021-10-22T01:00:00Z,sell,1.16281,1.1631206996334231,1.1618779010997302,7631,A_short
EURUSD,A,2021-10-22T01:30:00Z,sell,1.16308,1.16338874772466,1.1621537568260194,7626,A_short
EURUSD,A,2021-10-22T06:15:00Z,sell,1.1632,1.1635902252187587,1.162029324343724,7623,A_short
EURUSD,A,2021-10-22T06:45:00Z,sell,1.16362,1.1640288358309787,1.1623934925070643,7617,A_short
EURUSD,A,2021-10-22T07:15:00Z,sell,1.1639,1.164343347801935,1.162569956594195,7612,A_short
EURUSD,A,2021-10-22T07:30:00Z,sell,1.1643,1.164788234761677,1.1628352957149688,7606,A_short
EURUSD,A,2021-10-25T03:00:00Z,sell,1.1657,1.1661139505279927,1.1644581484160217,7606,A_short
EURUSD,A,2021-10-25T03:15:00Z,sell,1.16625,1.166699423790927,1.1649017286272192,7599,A_short
EURUSD,A,2021-10-25T09:15:00Z,buy,1.16308,1.1623125993431593,1.1653822019705216,7628,A_long
EURUSD,A,2021-10-25T09:30:00Z,buy,1.16268,1.161906919430738,1.1649992417077855,7625,A_long
EURUSD,A,2021-10-25T23:00:00Z,buy,1.1606,1.1603968617533702,1.1612094147398897,7632,A_long
EURUSD,A,2021-10-26T00:15:00Z,buy,1.16001,1.159721818549457,1.1608745443516286,7634,A_long
EURUSD,A,2021-10-26T09:30:00Z,sell,1.16152,1.1621833046244836,1.1595300861265496,7629,A_short
EURUSD,A,2021-10-26T14:45:00Z,buy,1.15932,1.1585724638731147,1.1615626083806554,7639,A_long
EURUSD,A,2021-10-26T15:30:00Z,buy,1.15869,1.1579744690753284,1.1608365927740147,7637,A_long
EURUSD,A,2021-10-27T07:00:00Z,sell,1.16115,1.1615653909143762,1.1599038272568711,7635,A_short
EURUSD,A,2021-10-27T09:15:00Z,buy,1.15891,1.1582901115941968,1.16076966521741,7657,A_long
EURUSD,A,2021-10-27T12:00:00Z,sell,1.16175,1.1623902116750136,1.1598293649749596,7650,A_short
EURUSD,A,2021-10-27T12:30:00Z,sell,1.16203,1.1626663367692323,1.1601209896923028,7643,A_short
EURUSD,A,2021-10-27T23:45:00Z,buy,1.15982,1.1596127774698641,1.160441667590408,7669,A_long
EURUSD,A,2021-10-28T00:00:00Z,buy,1.15951,1.159230407140549,1.160348778578353,7669,A_long
EURUSD,A,2021-10-28T00:30:00Z,buy,1.15933,1.1590404391411233,1.16019868257663,7668,A_long
EURUSD,A,2021-10-28T00:45:00Z,buy,1.15924,1.1589450472556404,1.160124858233079,7666,A_long
EURUSD,A,2021-10-28T06:45:00Z,buy,1.1598,1.1594105142465965,1.1609684572602104,7660,A_long
EURUSD,A,2021-10-28T07:30:00Z,sell,1.16115,1.1616948770963635,1.159515368710909,7658,A_short
EURUSD,A,2021-10-28T09:00:00Z,buy,1.1588,1.1580521078542556,1.1610436764372334,7683,A_long
EURUSD,A,2021-10-28T12:30:00Z,sell,1.16199,1.1633262644475737,1.1579812066572792,7676,A_short
EURUSD,A,2021-10-28T12:45:00Z,sell,1.16298,1.1644047625212304,1.1587057124363085,7660,A_short
EURUSD,A,2021-10-28T13:15:00Z,sell,1.16383,1.165295177182613,1.1594344684521607,7645,A_short
EURUSD,A,2021-10-28T13:45:00Z,sell,1.16573,1.1672580664171626,1.161145800748512,7622,A_short
EURUSD,A,2021-10-28T14:00:00Z,sell,1.16754,1.1691349908948743,1.1627550273153773,7600,A_short
EURUSD,A,2021-10-29T04:45:00Z,buy,1.16642,1.1660694813564163,1.1674715559307511,7596,A_long
EURUSD,A,2021-10-29T08:30:00Z,buy,1.1655,1.1647841850671723,1.167647444798483,7599,A_long
EURUSD,A,2021-10-29T09:00:00Z,buy,1.1648,1.1640738101171206,1.1669785696486383,7598,A_long
EURUSD,A,2021-10-29T12:30:00Z,buy,1.16336,1.162685731883823,1.1653828043485306,7602,A_long
EURUSD,A,2021-10-29T12:45:00Z,buy,1.16257,1.16179230096598,1.1649030971020602,7602,A_long
EURUSD,A,2021-10-29T14:00:00Z,buy,1.16071,1.1597766882009042,1.163509935397287,7609,A_long
EURUSD,A,2021-10-29T14:15:00Z,buy,1.15953,1.1585477964407838,1.1624766106776485,7610,A_long
EURUSD,A,2021-10-29T14:45:00Z,buy,1.15711,1.1558551893266331,1.160874432020101,7619,A_long
EURUSD,A,2021-10-29T15:15:00Z,buy,1.1556,1.1541786533164489,1.1598640400506532,7620,A_long
EURUSD,A,2021-11-01T03:45:00Z,buy,1.15504,1.1546887274437239,1.1560938176688287,7614,A_long
EURUSD,A,2021-11-01T04:30:00Z,buy,1.15473,1.1544306382796627,1.155628085161012,7613,A_long
EURUSD,A,2021-11-01T08:15:00Z,sell,1.15696,1.1577168034334286,1.154689589699714,7603,A_short
EURUSD,A,2021-11-01T14:45:00Z,sell,1.15837,1.159047824593767,1.1563365262186986,7588,A_short
EURUSD,A,2021-11-01T15:30:00Z,sell,1.15928,1.1599751764837056,1.1571944705488835,7577,A_short
EURUSD,A,2021-11-02T00:15:00Z,buy,1.15973,1.159437210933661,1.1606083671990166,7569,A_long
EURUSD,A,2021-11-02T04:30:00Z,sell,1.16073,1.1610424942130435,1.1597925173608696,7567,A_short
EURUSD,A,2021-11-02T07:30:00Z,sell,1.16111,1.1616070465335988,1.159618860399204,7562,A_short
EURUSD,A,2021-11-02T14:00:00Z,buy,1.15831,1.157547597824971,1.160597206525087,7589,A_long
EURUSD,A,2021-11-03T09:30:00Z,sell,1.15925,1.1597247830542567,1.1578256508372293,7578,A_short
EURUSD,A,2021-11-03T13:00:00Z,buy,1.15776,1.1571217092652535,1.1596748722042391,7596,A_long
EURUSD,A,2021-11-03T13:15:00Z,buy,1.15718,1.1565001480298864,1.159219555910341,7595,A_long
EURUSD,A,2021-11-03T14:00:00Z,buy,1.15638,1.155655960065677,1.1585521198029687,7595,A_long
EURUSD,A,2021-11-03T18:45:00Z,sell,1.16098,1.1623646946239852,1.156825916128044,7578,A_short
EURUSD,A,2021-11-04T08:00:00Z,buy,1.15545,1.1547224598390313,1.1576326204829064,7641,A_long
EURUSD,A,2021-11-04T13:00:00Z,sell,1.15688,1.15769942821433,1.1544217153570095,7626,A_short
EURUSD,A,2021-11-04T15:15:00Z,buy,1.15283,1.1519024651915621,1.1556126044253137,7668,A_long
EURUSD,A,2021-11-04T23:00:00Z,buy,1.15494,1.1546887642657102,1.1556937072028697,7672,A_long
EURUSD,A,2021-11-05T02:30:00Z,buy,1.15451,1.1541790541840231,1.1555028374479304,7672,A_long
EURUSD,A,2021-11-05T02:45:00Z,buy,1.15422,1.15388518029282,1.15522445912154,7671,A_long
EURUSD,A,2021-11-05T04:45:00Z,sell,1.15574,1.1560578575128475,1.1547864274614574,7667,A_short
EURUSD,A,2021-11-05T09:00:00Z,buy,1.15434,1.1537607639777179,1.156077708066846,7673,A_long
EURUSD,A,2021-11-05T10:00:00Z,buy,1.15378,1.1531758581721996,1.1555924254834014,7673,A_long
EURUSD,A,2021-11-05T10:30:00Z,buy,1.15323,1.1526229779160075,1.1550510662519773,7671,A_long
EURUSD,A,2021-11-05T12:45:00Z,buy,1.15145,1.1505474056283334,1.1541577831150003,7679,A_long
EURUSD,A,2021-11-05T15:30:00Z,sell,1.15517,1.1561589748374799,1.1522030754875605,7671,A_short
EURUSD,A,2021-11-08T01:45:00Z,buy,1.15549,1.155061354927728,1.1567759352168157,7662,A_long
EURUSD,A,2021-11-08T06:00:00Z,sell,1.15681,1.157172927931669,1.1557212162049928,7661,A_short
EURUSD,A,2021-11-08T15:00:00Z,sell,1.15878,1.1595775121435863,1.1563874635692408,7654,A_short
EURUSD,A,2021-11-09T04:30:00Z,sell,1.1597,1.160100626872167,1.158498119383499,7642,A_short
EURUSD,A,2021-11-09T05:00:00Z,sell,1.16005,1.16044327085065,1.15887018744805,7637,A_short
EURUSD,A,2021-11-09T05:30:00Z,sell,1.16045,1.1608195234389327,1.1593414296832019,7631,A_short
EURUSD,A,2021-11-09T11:45:00Z,buy,1.15797,1.1572967959150444,1.1599896122548665,7654,A_long
EURUSD,A,2021-11-09T12:45:00Z,buy,1.15721,1.156603835024782,1.1590284949256542,7653,A_long
EURUSD,A,2021-11-10T02:00:00Z,buy,1.15874,1.158386377629036,1.1598008671128925,7655,A_long
EURUSD,A,2021-11-10T02:45:00Z,buy,1.15852,1.158167333822516,1.159577998532452,7653,A_long
EURUSD,A,2021-11-10T07:00:00Z,buy,1.15737,1.1570150325151811,1.1584349024544567,7657,A_long
EURUSD,A,2021-11-10T07:15:00Z,buy,1.1572,1.1568363615131572,1.1582909154605285,7656,A_long
EURUSD,A,2021-11-10T07:30:00Z,buy,1.15648,1.1560288466447362,1.1578334600657914,7657,A_long
EURUSD,A,2021-11-10T11:15:00Z,buy,1.15561,1.1548818031159491,1.1577945906521527,7659,A_long
EURUSD,A,2021-11-10T11:45:00Z,buy,1.15491,1.1542164654515352,1.1569906036453947,7659,A_long
EURUSD,A,2021-11-10T15:15:00Z,buy,1.15293,1.151575722545829,1.1569928323625132,7666,A_long
EURUSD,A,2021-11-10T15:30:00Z,buy,1.15154,1.1501756262063851,1.1556331213808446,7666,A_long
EURUSD,A,2021-11-11T02:45:00Z,buy,1.14686,1.146315729035625,1.148492812893125,7688,A_long
EURUSD,A,2021-11-11T07:45:00Z,buy,1.14601,1.1454528579500771,1.1476814261497685,7689,A_long
EURUSD,A,2021-11-11T17:45:00Z,buy,1.1451,1.144431709358834,1.1471048719234977,7691,A_long
EURUSD,A,2021-11-12T00:15:00Z,buy,1.1442,1.1438775887624046,1.1451672337127865,7692,A_long
EURUSD,A,2021-11-12T01:00:00Z,buy,1.14382,1.1434295237069638,1.1449914288791088,7691,A_long
EURUSD,A,2021-11-12T07:30:00Z,sell,1.14543,1.1458167294692978,1.1442698115921064,7687,A_short
EURUSD,A,2021-11-12T14:30:00Z,buy,1.14353,1.1428605726687509,1.1455382819937472,7707,A_long
EURUSD,A,2021-11-15T01:30:00Z,sell,1.14537,1.1457169599429537,1.1443291201711387,7708,A_short
EURUSD,A,2021-11-15T01:45:00Z,sell,1.14596,1.1463473652838934,1.1447979041483203,7701,A_short
EURUSD,A,2021-11-15T02:00:00Z,sell,1.14578,1.1462277165793742,1.1444368502618776,7699,A_short
EURUSD,A,2021-11-15T08:30:00Z,buy,1.1437,1.1430855034336376,1.145543489699087,7709,A_long
EURUSD,A,2021-11-15T15:30:00Z,buy,1.14216,1.1412310532526413,1.1449468402420764,7731,A_long
EURUSD,A,2021-11-15T17:15:00Z,buy,1.1389,1.137710582602279,1.1424682521931628,7746,A_long
EURUSD,A,2021-11-16T07:15:00Z,buy,1.13697,1.1365059230816594,1.1383622307550219,7750,A_long
EURUSD,A,2021-11-16T09:15:00Z,buy,1.13616,1.1354502861878792,1.1382891414363625,7752,A_long
EURUSD,A,2021-11-16T14:00:00Z,buy,1.13348,1.1323185451468762,1.1369643645593714,7765,A_long
EURUSD,A,2021-11-17T03:15:00Z,buy,1.13112,1.1306477916955446,1.1325366249133657,7773,A_long
EURUSD,A,2021-11-17T03:30:00Z,buy,1.12794,1.1268854194694722,1.1311037415915832,7791,A_long
EURUSD,A,2021-11-17T11:45:00Z,sell,1.13245,1.1331915561488877,1.1302253315533368,7781,A_short
EURUSD,A,2021-11-17T13:45:00Z,buy,1.12988,1.1290123806194912,1.1324828581415265,7792,A_long
EURUSD,A,2021-11-18T02:00:00Z,sell,1.13371,1.1342941025574695,1.1319576923275914,7783,A_short
EURUSD,A,2021-11-18T16:45:00Z,sell,1.13585,1.1366897773593896,1.1333306679218313,7779,A_short
EURUSD,A,2021-11-18T17:00:00Z,sell,1.13698,1.1378718070448044,1.1343045788655872,7765,A_short
EURUSD,A,2021-11-19T08:00:00Z,buy,1.13418,1.1336601591189517,1.1357395226431448,7802,A_long
EURUSD,A,2021-11-19T08:15:00Z,buy,1.13361,1.133020804569758,1.1353775862907258,7801,A_long
EURUSD,A,2021-11-19T08:30:00Z,buy,1.13312,1.132481363960457,1.1350359081186288,7800,A_long
EURUSD,A,2021-11-19T08:45:00Z,buy,1.13236,1.1316931820990628,1.1343604537028118,7800,A_long
EURUSD,A,2021-11-19T09:00:00Z,buy,1.13188,1.1311327578191877,1.134121726542437,7799,A_long
EURUSD,A,2021-11-19T09:15:00Z,buy,1.13096,1.1300083901099627,1.1338148296701118,7799,A_long
EURUSD,A,2021-11-19T09:30:00Z,buy,1.13006,1.128829938095301,1.133750185714097,7798,A_long
EURUSD,A,2021-11-19T10:00:00Z,buy,1.12861,1.1272966646138038,1.132550006158588,7799,A_long
EURUSD,A,2021-11-19T12:45:00Z,buy,1.12572,1.124405428901554,1.1296637132953384,7809,A_long
EURUSD,A,2021-11-19T18:45:00Z,buy,1.12869,1.1277269845191384,1.1315790464425846,7815,A_long
EURUSD,A,2021-11-21T23:15:00Z,buy,1.12727,1.126739052092821,1.1288628437215367,7817,A_long
EURUSD,A,2021-11-22T07:45:00Z,buy,1.126,1.125258592603768,1.1282242221886958,7836,A_long
EURUSD,A,2021-11-22T14:00:00Z,buy,1.12524,1.1242566770047444,1.1281899689857668,7857,A_long
EURUSD,A,2021-11-22T14:15:00Z,buy,1.12433,1.1232564534041118,1.1275506397876647,7855,A_long
EURUSD,A,2021-11-23T00:15:00Z,sell,1.12437,1.1246452461047276,1.1235442616858176,7847,A_short
EURUSD,A,2021-11-23T02:00:00Z,buy,1.12323,1.1228584752213235,1.1243445743360292,7860,A_long
EURUSD,A,2021-11-23T02:15:00Z,buy,1.1231,1.1226833451918137,1.124349964424559,7857,A_long
EURUSD,A,2021-11-23T07:15:00Z,sell,1.12552,1.1262020831627684,1.1234737505116952,7848,A_short
EURUSD,A,2021-11-23T07:45:00Z,sell,1.1253,1.1261220980200348,1.1228337059398954,7844,A_short
EURUSD,A,2021-11-23T08:30:00Z,sell,1.12661,1.1276333153629678,1.123540053911096,7829,A_short
EURUSD,A,2021-11-23T16:15:00Z,sell,1.1267,1.1276241370089604,1.123927588973119,7848,A_short
EURUSD,A,2021-11-24T01:15:00Z,buy,1.12398,1.1236008391792758,1.1251174824621726,7886,A_long
EURUSD,A,2021-11-24T08:00:00Z,sell,1.12539,1.125981155351085,1.1236165339467445,7873,A_short
EURUSD,A,2021-11-24T08:45:00Z,buy,1.1222,1.12127712346479,1.1249686296056303,7907,A_long
EURUSD,A,2021-11-24T09:45:00Z,buy,1.12077,1.1196785361635135,1.1240443915094596,7910,A_long
EURUSD,A,2021-11-24T14:00:00Z,buy,1.11938,1.1182108926870653,1.1228873219388043,7911,A_long
EURUSD,A,2021-11-25T15:15:00Z,buy,1.12101,1.1204492500507601,1.1226922498477199,7923,A_long
EURUSD,A,2021-11-26T05:30:00Z,sell,1.12269,1.1231166515401079,1.1214100453796763,7922,A_short
EURUSD,A,2021-11-26T06:45:00Z,sell,1.12314,1.1236342933995473,1.121657119801358,7916,A_short
EURUSD,A,2021-11-26T07:00:00Z,sell,1.12376,1.1244123876129413,1.1218028371611766,7907,A_short
EURUSD,A,2021-11-26T08:15:00Z,sell,1.12696,1.1281503461056417,1.1233889616830748,7879,A_short
EURUSD,A,2021-11-26T15:15:00Z,sell,1.13025,1.1313224945440308,1.1270325163679076,7848,A_short
EURUSD,A,2021-11-26T15:45:00Z,sell,1.13167,1.1327950292352942,1.1282949122941173,7830,A_short
EURUSD,A,2021-11-28T23:00:00Z,buy,1.12836,1.1273373824328088,1.1314278527015738,7844,A_long
EURUSD,A,2021-11-29T04:45:00Z,buy,1.12727,1.126839876364113,1.128560370907661,7844,A_long
EURUSD,A,2021-11-29T07:00:00Z,buy,1.1266,1.1259542031435537,1.1285373905693392,7845,A_long
EURUSD,A,2021-11-29T13:45:00Z,buy,1.12623,1.125382143185354,1.1287735704439386,7860,A_long
EURUSD,A,2021-11-29T21:30:00Z,sell,1.12898,1.1294663699793737,1.1275208900618794,7858,A_short
EURUSD,A,2021-11-30T02:15:00Z,sell,1.13011,1.1305659799728274,1.1287420600815177,7846,A_short
EURUSD,A,2021-11-30T05:15:00Z,sell,1.13104,1.1315265247884905,1.1295804256345288,7835,A_short
EURUSD,A,2021-11-30T06:30:00Z,sell,1.13227,1.1328277701508387,1.1305966895474844,7823,A_short
EURUSD,A,2021-11-30T08:15:00Z,sell,1.13368,1.1345000372620582,1.1312198882138256,7809,A_short
EURUSD,A,2021-11-30T08:30:00Z,sell,1.13446,1.1353360322937838,1.1318319031186488,7797,A_short
EURUSD,A,2021-11-30T09:00:00Z,sell,1.1355,1.1363720420339976,1.1328838738980072,7783,A_short
EURUSD,A,2021-11-30T09:15:00Z,sell,1.1363,1.1372104364294646,1.1335686907116065,7771,A_short
EURUSD,A,2021-11-30T14:45:00Z,sell,1.13783,1.1386204675968599,1.13545859720942,7754,A_short
EURUSD,A,2021-11-30T15:30:00Z,buy,1.13226,1.1306893874636144,1.136971837609157,7807,A_long
EURUSD,A,2021-11-30T15:45:00Z,buy,1.12593,1.1235688024684658,1.133013592594603,7840,A_long
EURUSD,A,2021-11-30T16:00:00Z,buy,1.12798,1.125334962139337,1.1359151135819892,7808,A_long
EURUSD,A,2021-12-01T08:30:00Z,buy,1.13059,1.1293353456977386,1.134353962906784,7844,A_long
EURUSD,A,2021-12-01T14:15:00Z,sell,1.1343,1.1352803259415725,1.131359022175283,7843,A_short
EURUSD,A,2021-12-01T14:45:00Z,sell,1.13524,1.1362552670405588,1.1321941988783237,7830,A_short
EURUSD,A,2021-12-02T01:45:00Z,sell,1.13282,1.133215469862308,1.1316335904130757,7866,A_short
EURUSD,A,2021-12-02T02:00:00Z,sell,1.13326,1.1337067405473336,1.131919778357999,7860,A_short
EURUSD,A,2021-12-02T02:15:00Z,sell,1.13376,1.134216508474356,1.1323904745769322,7853,A_short
EURUSD,A,2021-12-02T07:30:00Z,buy,1.13105,1.1305469684025087,1.1325590947924744,7880,A_long
EURUSD,A,2021-12-02T11:00:00Z,sell,1.13373,1.1344617133351822,1.131534859994453,7871,A_short
EURUSD,A,2021-12-02T15:45:00Z,buy,1.13175,1.1308668742293115,1.1343993773120655,7879,A_long
EURUSD,A,2021-12-02T16:15:00Z,buy,1.13126,1.1303790744211273,1.1339027767366179,7876,A_long
EURUSD,A,2021-12-02T17:15:00Z,buy,1.12967,1.128739976583542,1.132460070249374,7880,A_long
EURUSD,A,2021-12-03T06:45:00Z,buy,1.12827,1.1278465730763394,1.1295402807709822,7883,A_long
EURUSD,A,2021-12-03T10:15:00Z,sell,1.13063,1.1313312219657465,1.1285263341027605,7874,A_short
EURUSD,A,2021-12-03T10:30:00Z,sell,1.13112,1.1318450590369802,1.128944822889059,7865,A_short
EURUSD,A,2021-12-06T00:30:00Z,buy,1.12954,1.1290178408447316,1.1311064774658053,7891,A_long
EURUSD,A,2021-12-06T01:00:00Z,buy,1.12882,1.1282818449011538,1.1304344652965383,7891,A_long
EURUSD,A,2021-12-06T05:45:00Z,buy,1.12818,1.1278519160873708,1.1291642517378875,7891,A_long
EURUSD,A,2021-12-06T07:45:00Z,buy,1.12752,1.1270320764925512,1.1289837705223467,7893,A_long
EURUSD,A,2021-12-06T10:00:00Z,sell,1.13033,1.130957326160234,1.1284480215192985,7883,A_short
EURUSD,A,2021-12-06T10:15:00Z,sell,1.1309,1.131577016005536,1.1288689519833919,7874,A_short
EURUSD,A,2021-12-06T15:30:00Z,buy,1.12802,1.1271979636550815,1.1304861090347555,7907,A_long
EURUSD,A,2021-12-06T15:45:00Z,buy,1.12722,1.1263155685010706,1.1299332944967886,7906,A_long
EURUSD,A,2021-12-07T09:00:00Z,buy,1.12585,1.1249015906210433,1.12869522813687,7909,A_long
EURUSD,A,2021-12-07T13:15:00Z,buy,1.12386,1.1229353326545022,1.1266340020364938,7916,A_long
EURUSD,A,2021-12-07T13:30:00Z,buy,1.12356,1.1225999549672352,1.126440135098294,7911,A_long
EURUSD,A,2021-12-08T02:00:00Z,sell,1.12816,1.1284836162608505,1.1271891512174488,7897,A_short
EURUSD,A,2021-12-08T02:15:00Z,sell,1.1286,1.128947134092737,1.127558597721789,7892,A_short
EURUSD,A,2021-12-08T02:30:00Z,sell,1.129,1.129374182880372,1.1278774513588838,7885,A_short
EURUSD,A,2021-12-08T08:30:00Z,buy,1.12815,1.1275855888894128,1.1298432333317614,7888,A_long
EURUSD,A,2021-12-08T12:00:00Z,buy,1.12719,1.1262624827021606,1.129972551893518,7890,A_long
EURUSD,A,2021-12-08T13:15:00Z,sell,1.13028,1.131458341293915,1.1267449761182549,7887,A_short
EURUSD,A,2021-12-08T13:45:00Z,sell,1.13162,1.1328340430163184,1.127977870951045,7869,A_short
EURUSD,A,2021-12-09T01:00:00Z,buy,1.13349,1.1331261588837018,1.134581523348895,7847,A_long
EURUSD,A,2021-12-09T05:45:00Z,buy,1.13267,1.1323260617356916,1.1337018147929254,7850,A_long
EURUSD,A,2021-12-09T07:30:00Z,buy,1.13219,1.131665510082927,1.1337634697512193,7850,A_long
EURUSD,A,2021-12-09T14:45:00Z,buy,1.1302,1.1294572867949422,1.1324281396151739,7859,A_long
EURUSD,A,2021-12-09T15:00:00Z,buy,1.12955,1.1287423152222833,1.1319730543331503,7858,A_long
EURUSD,A,2021-12-09T15:30:00Z,buy,1.12811,1.1272771167669593,1.130608649699122,7862,A_long
EURUSD,A,2021-12-10T10:30:00Z,buy,1.12714,1.1266072027775313,1.128738391667406,7862,A_long
EURUSD,A,2021-12-10T10:45:00Z,buy,1.12684,1.126294242407194,1.1284772727784182,7860,A_long
EURUSD,A,2021-12-10T15:00:00Z,sell,1.13036,1.1317494575644031,1.1261916273067907,7846,A_short
EURUSD,A,2021-12-10T16:30:00Z,sell,1.13209,1.1332443216651396,1.1286270350045815,7824,A_short
EURUSD,A,2021-12-13T06:30:00Z,buy,1.12886,1.1285200087986051,1.1298799736041845,7869,A_long
EURUSD,A,2021-12-13T06:45:00Z,buy,1.12851,1.1281646742921245,1.129545977123626,7868,A_long
EURUSD,A,2021-12-13T08:30:00Z,buy,1.12809,1.127580517341462,1.1296184479756144,7868,A_long
EURUSD,A,2021-12-13T08:45:00Z,buy,1.12742,1.1268744483626003,1.1290566549121994,7869,A_long
EURUSD,A,2021-12-13T09:15:00Z,buy,1.12633,1.1256884967701308,1.1282545096896077,7872,A_long
EURUSD,A,2021-12-13T13:30:00Z,sell,1.1292,1.1299373570955056,1.1269879287134832,7865,A_short
EURUSD,A,2021-12-14T00:45:00Z,buy,1.12776,1.1274309535552103,1.1287471393343695,7869,A_long
EURUSD,A,2021-12-14T03:45:00Z,buy,1.12733,1.1269414557876674,1.1284956326369977,7869,A_long
EURUSD,A,2021-12-14T08:00:00Z,buy,1.12698,1.1265699263418996,1.1282102209743017,7868,A_long
EURUSD,A,2021-12-14T09:00:00Z,sell,1.12868,1.1292676423456594,1.1269170729630216,7864,A_short
EURUSD,A,2021-12-14T09:15:00Z,sell,1.12924,1.129854623366238,1.1273961299012858,7855,A_short
EURUSD,A,2021-12-14T09:45:00Z,sell,1.13012,1.1307716059950856,1.1281651820147431,7844,A_short
EURUSD,A,2021-12-14T10:00:00Z,sell,1.13143,1.132188058529074,1.1291558244127777,7830,A_short
EURUSD,A,2021-12-14T14:15:00Z,buy,1.1296,1.1288282499553823,1.1319152501338527,7837,A_long
EURUSD,A,2021-12-14T15:30:00Z,buy,1.12801,1.1272119396618059,1.1304041810145822,7842,A_long
EURUSD,A,2021-12-14T15:45:00Z,buy,1.12729,1.1264783477068983,1.1297249568793049,7840,A_long
EURUSD,A,2021-12-15T00:45:00Z,sell,1.12649,1.1268210791875786,1.1254967624372643,7840,A_short
EURUSD,A,2021-12-15T01:30:00Z,sell,1.12696,1.1273051499185511,1.1259245502443465,7834,A_short
EURUSD,A,2021-12-15T06:45:00Z,sell,1.12753,1.1278604299583348,1.1265387101249953,7836,A_short
EURUSD,A,2021-12-15T19:00:00Z,buy,1.12462,1.1236306325474055,1.1275881023577834,7862,A_long
EURUSD,A,2021-12-15T19:15:00Z,buy,1.12314,1.1219318815410848,1.1267643553767457,7865,A_long
EURUSD,A,2021-12-15T20:15:00Z,sell,1.12912,1.1307778728159026,1.1241463815522919,7848,A_short
EURUSD,A,2021-12-16T07:45:00Z,sell,1.13051,1.1310002039576146,1.1290393881271559,7826,A_short
EURUSD,A,2021-12-16T08:45:00Z,sell,1.13176,1.1323971621774507,1.1298485134676484,7813,A_short
EURUSD,A,2021-12-16T12:45:00Z,sell,1.13277,1.133884960135083,1.129425119594751,7819,A_short
EURUSD,A,2021-12-16T13:15:00Z,sell,1.13431,1.135450481168129,1.1308885564956128,7800,A_short
EURUSD,A,2021-12-16T13:45:00Z,sell,1.13592,1.1372307614107282,1.1319877157678155,7780,A_short
EURUSD,A,2021-12-16T20:15:00Z,sell,1.13305,1.1336322259691969,1.131303322092409,7826,A_short
EURUSD,A,2021-12-17T01:15:00Z,buy,1.13233,1.1319093599676355,1.1335919200970936,7827,A_long
EURUSD,A,2021-12-17T05:00:00Z,sell,1.13384,1.134181838887892,1.132814483336324,7824,A_short
EURUSD,A,2021-12-17T05:45:00Z,sell,1.1348,1.1351916148256884,1.1336251555229349,7814,A_short
EURUSD,A,2021-12-17T11:00:00Z,buy,1.13158,1.1308008624312866,1.1339174127061402,7844,A_long
EURUSD,A,2021-12-17T15:15:00Z,buy,1.12874,1.1277280600333197,1.1317758199000412,7858,A_long
EURUSD,A,2021-12-17T15:45:00Z,buy,1.12738,1.1263618762028047,1.130434371391586,7859,A_long
EURUSD,A,2021-12-17T20:45:00Z,buy,1.12367,1.1230552800348368,1.1255141598954894,7878,A_long
EURUSD,A,2021-12-20T08:30:00Z,sell,1.12652,1.127160335638092,1.124598993085724,7870,A_short
EURUSD,A,2021-12-20T13:15:00Z,sell,1.12768,1.1283506739398963,1.1256679781803112,7856,A_short
EURUSD,A,2021-12-20T13:30:00Z,sell,1.12877,1.1295125840812434,1.1265422477562699,7843,A_short
EURUSD,A,2021-12-20T13:45:00Z,sell,1.12931,1.1300922395370776,1.1269632813887673,7834,A_short
EURUSD,A,2021-12-21T01:30:00Z,sell,1.12836,1.1287516742902894,1.1271849771291318,7835,A_short
EURUSD,A,2021-12-21T07:15:00Z,sell,1.12877,1.129197846869536,1.127486459391392,7828,A_short
EURUSD,A,2021-12-21T07:30:00Z,sell,1.12923,1.1297221339535979,1.1277535981392062,7821,A_short
EURUSD,A,2021-12-21T08:15:00Z,sell,1.12975,1.1303824617173495,1.1278526148479517,7814,A_short
EURUSD,A,2021-12-21T14:30:00Z,buy,1.12753,1.1267514443231526,1.129865667030542,7841,A_long
EURUSD,A,2021-12-21T15:45:00Z,buy,1.12641,1.1254195970331868,1.1293812089004391,7843,A_long
EURUSD,A,2021-12-22T09:30:00Z,sell,1.12809,1.1287095335200907,1.126231399439728,7851,A_short
EURUSD,A,2021-12-22T10:15:00Z,sell,1.12941,1.1301582652277449,1.1271652043167655,7837,A_short
EURUSD,A,2021-12-22T11:30:00Z,sell,1.13069,1.1315093888674306,1.1282318333977082,7822,A_short
EURUSD,A,2021-12-22T15:45:00Z,sell,1.13211,1.1329377551973092,1.1296267344080722,7806,A_short
EURUSD,A,2021-12-22T16:00:00Z,sell,1.13342,1.1344200545043348,1.130419836486996,7791,A_short
EURUSD,A,2021-12-23T12:30:00Z,buy,1.13042,1.1296940882564628,1.1325977352306116,7831,A_long
EURUSD,A,2021-12-23T14:00:00Z,buy,1.1295,1.1286194695991738,1.1321415912024784,7832,A_long
EURUSD,A,2021-12-23T17:15:00Z,sell,1.13315,1.1340812219486858,1.130356334153943,7824,A_short
EURUSD,A,2021-12-24T09:15:00Z,sell,1.13404,1.1343633517300642,1.1330699448098072,7810,A_short
EURUSD,A,2021-12-24T11:45:00Z,buy,1.13273,1.1323120913053737,1.133983726083879,7825,A_long
EURUSD,A,2021-12-24T12:45:00Z,buy,1.13213,1.1316067081436598,1.1336998755690209,7826,A_long
EURUSD,A,2021-12-24T13:00:00Z,buy,1.13168,1.1311398137245052,1.1333005588264844,7825,A_long
EURUSD,A,2021-12-24T15:45:00Z,buy,1.1307,1.130090457633678,1.1325286270989658,7842,A_long
EURUSD,A,2021-12-27T05:30:00Z,buy,1.13153,1.131294900394866,1.1322352988154016,7848,A_long
EURUSD,A,2021-12-27T07:30:00Z,sell,1.13263,1.1329686829432344,1.131613951170297,7845,A_short
EURUSD,A,2021-12-27T07:45:00Z,sell,1.13297,1.1333195252174697,1.131921424347591,7839,A_short
EURUSD,A,2021-12-27T14:45:00Z,sell,1.13297,1.1336587808408385,1.1309036574774847,7836,A_short
EURUSD,A,2021-12-28T14:15:00Z,buy,1.13089,1.1302436785381693,1.1328289643854919,7864,A_long
EURUSD,A,2021-12-28T14:45:00Z,buy,1.13063,1.1298110296575583,1.1330869110273252,7860,A_long
EURUSD,A,2021-12-28T15:00:00Z,buy,1.12956,1.1286608923698838,1.1322573228903483,7862,A_long
EURUSD,A,2021-12-29T08:15:00Z,buy,1.12848,1.1279872503816837,1.1299582488549487,7862,A_long
EURUSD,A,2021-12-29T09:00:00Z,buy,1.12792,1.1273114278780916,1.1297457163657254,7862,A_long
EURUSD,A,2021-12-29T13:15:00Z,sell,1.13116,1.1319216995903116,1.1288749012290649,7852,A_short
EURUSD,A,2021-12-29T13:30:00Z,sell,1.13157,1.1323941396449368,1.1290975810651893,7843,A_short
EURUSD,A,2021-12-29T14:15:00Z,sell,1.13292,1.1337927214222003,1.1303018357333987,7827,A_short
EURUSD,A,2021-12-29T14:30:00Z,sell,1.13371,1.1345970252325737,1.131048924302279,7815,A_short
EURUSD,A,2021-12-29T14:45:00Z,sell,1.13466,1.135608755201564,1.1318137343953083,7802,A_short
EURUSD,A,2021-12-29T15:00:00Z,sell,1.13536,1.136358254508022,1.1323652364759338,7790,A_short
EURUSD,A,2021-12-29T21:15:00Z,sell,1.135,1.13546702383407,1.1335989284977899,7785,A_short
EURUSD,A,2021-12-29T23:45:00Z,sell,1.13595,1.1363523887397562,1.1347428337807315,7774,A_short
EURUSD,A,2021-12-30T03:45:00Z,buy,1.13377,1.1334399156567125,1.1347602530298622,7797,A_long
EURUSD,A,2021-12-30T05:30:00Z,buy,1.13264,1.1323290359452258,1.1335728921643229,7802,A_long
EURUSD,A,2021-12-30T06:15:00Z,buy,1.13197,1.1316117872508624,1.1330446382474124,7804,A_long
EURUSD,A,2021-12-30T06:30:00Z,buy,1.13174,1.1313802156174142,1.1328193531477573,7802,A_long
EURUSD,A,2021-12-30T08:45:00Z,buy,1.13016,1.1295460907581965,1.1320017277254109,7810,A_long
EURUSD,A,2021-12-30T12:30:00Z,sell,1.13369,1.1344182959867632,1.1315051120397106,7797,A_short
EURUSD,A,2021-12-30T12:45:00Z,sell,1.13429,1.1350251898551948,1.1320844304344155,7787,A_short
EURUSD,A,2021-12-31T05:45:00Z,buy,1.13107,1.1306369746355371,1.1323690760933887,7824,A_long
EURUSD,A,2021-12-31T07:45:00Z,buy,1.13047,1.1300090264940377,1.1318529205178873,7824,A_long
EURUSD,A,2021-12-31T09:00:00Z,sell,1.13274,1.133511458286024,1.1304256251419285,7817,A_short
EURUSD,A,2021-12-31T09:15:00Z,sell,1.13337,1.1341665971812207,1.1309802084563378,7807,A_short
EURUSD,A,2021-12-31T13:45:00Z,sell,1.1348,1.1358723591987199,1.1315829224038405,7791,A_short
EURUSD,A,2021-12-31T15:15:00Z,sell,1.13636,1.1375265243453818,1.1328604269638547,7772,A_short
EURUSD,A,2021-12-31T15:45:00Z,sell,1.13719,1.1385013893971978,1.1332558318084063,7758,A_short
EURUSD,A,2021-12-31T21:45:00Z,buy,1.13667,1.1360971279557988,1.138388616132604,7752,A_long
EURUSD,A,2022-01-03T00:30:00Z,buy,1.13625,1.1357514349687532,1.1377456950937404,7749,A_long
EURUSD,A,2022-01-03T01:30:00Z,buy,1.13574,1.1351818153904703,1.1374145538285891,7748,A_long
EURUSD,A,2022-01-03T02:00:00Z,buy,1.13496,1.1343153191155089,1.1368940426534733,7749,A_long
EURUSD,A,2022-01-03T02:45:00Z,buy,1.13425,1.1336528492138587,1.136041452358424,7749,A_long
EURUSD,A,2022-01-03T14:15:00Z,buy,1.13262,1.1315593074983472,1.1358020775049582,7755,A_long
EURUSD,A,2022-01-03T14:45:00Z,buy,1.13061,1.1294216576320917,1.1341750271037245,7761,A_long
EURUSD,A,2022-01-03T15:15:00Z,buy,1.12958,1.1283733783992156,1.1331998648023534,7759,A_long
EURUSD,A,2022-01-03T23:45:00Z,sell,1.13017,1.1305175444186677,1.1291273667439965,7747,A_short
EURUSD,A,2022-01-04T00:00:00Z,sell,1.13063,1.1309992051628455,1.1295223845114637,7740,A_short
EURUSD,A,2022-01-04T07:00:00Z,buy,1.12864,1.1281338123441929,1.1301585629674218,7761,A_long
EURUSD,A,2022-01-04T11:45:00Z,buy,1.1276,1.1267755319661676,1.1300734041014968,7777,A_long
EURUSD,A,2022-01-04T15:15:00Z,sell,1.13117,1.1321720617976994,1.128163814606902,7769,A_short
EURUSD,A,2022-01-04T15:30:00Z,sell,1.13222,1.1332391202246728,1.1291626393259817,7754,A_short
EURUSD,A,2022-01-05T00:45:00Z,buy,1.12771,1.1273341177262224,1.1288376468213328,7805,A_long
EURUSD,A,2022-01-05T02:15:00Z,sell,1.12911,1.1294964433726868,1.1279506698819397,7802,A_short
EURUSD,A,2022-01-05T06:30:00Z,sell,1.13,1.130347550535673,1.1289573483929805,7793,A_short
EURUSD,A,2022-01-05T08:00:00Z,sell,1.1306,1.1311373304637404,1.128988008608779,7786,A_short
EURUSD,A,2022-01-05T10:15:00Z,sell,1.13128,1.131949136929809,1.1292725892105735,7776,A_short
EURUSD,A,2022-01-05T11:30:00Z,sell,1.13189,1.132593419941504,1.1297797401754883,7767,A_short
EURUSD,A,2022-01-05T14:15:00Z,sell,1.13352,1.1344989109967472,1.1305832670097589,7750,A_short
EURUSD,A,2022-01-05T19:00:00Z,buy,1.13127,1.130300511109256,1.1341784666722323,7758,A_long
EURUSD,A,2022-01-06T06:45:00Z,buy,1.1297,1.1292020426720444,1.1311938719838666,7762,A_long
EURUSD,A,2022-01-06T07:00:00Z,buy,1.12913,1.1286024369824386,1.1307126890526842,7762,A_long
EURUSD,A,2022-01-06T07:30:00Z,buy,1.1287,1.1281019637779206,1.1304941086662383,7761,A_long
EURUSD,A,2022-01-06T10:15:00Z,sell,1.13243,1.1333826531871058,1.1295720404386826,7746,A_short
EURUSD,A,2022-01-07T01:45:00Z,sell,1.13005,1.13040022183862,1.12899933448414,7781,A_short
EURUSD,A,2022-01-07T08:15:00Z,sell,1.13075,1.1311347187314555,1.129595843805633,7774,A_short
EURUSD,A,2022-01-07T08:30:00Z,sell,1.13118,1.1315920895672615,1.1299437312982157,7767,A_short
EURUSD,A,2022-01-07T14:15:00Z,sell,1.13236,1.1334617062440275,1.1290548812679175,7756,A_short
EURUSD,A,2022-01-07T15:00:00Z,sell,1.13397,1.1350761892201862,1.1306514323394412,7736,A_short
EURUSD,A,2022-01-09T23:00:00Z,buy,1.13523,1.1347977379838745,1.1365267860483763,7720,A_long
EURUSD,A,2022-01-10T02:15:00Z,buy,1.13466,1.1343156337337363,1.135693098798791,7720,A_long
EURUSD,A,2022-01-10T02:45:00Z,buy,1.13395,1.1335664537822285,1.1351006386533145,7722,A_long
EURUSD,A,2022-01-10T03:30:00Z,buy,1.13357,1.133230737469498,1.1345877875915056,7721,A_long
EURUSD,A,2022-01-10T08:00:00Z,buy,1.13236,1.1318030580106064,1.1340308259681808,7726,A_long
EURUSD,A,2022-01-10T12:30:00Z,buy,1.13144,1.1307118163883072,1.1336245508350784,7743,A_long
EURUSD,A,2022-01-10T13:30:00Z,buy,1.13004,1.1291588505257568,1.1326834484227293,7747,A_long
EURUSD,A,2022-01-10T14:00:00Z,buy,1.12909,1.1281976699504574,1.1317669901486274,7747,A_long
EURUSD,A,2022-01-11T01:15:00Z,sell,1.13404,1.1344315008786194,1.1328654973641414,7730,A_short
EURUSD,A,2022-01-11T08:45:00Z,sell,1.13492,1.1355147355377604,1.1331357933867185,7721,A_short
EURUSD,A,2022-01-11T10:15:00Z,buy,1.13275,1.1320320840624387,1.1349037478126835,7747,A_long
EURUSD,A,2022-01-11T14:30:00Z,buy,1.13209,1.1313628924832086,1.1342713225503742,7747,A_long
EURUSD,A,2022-01-11T16:00:00Z,sell,1.13597,1.13697451578083,1.1329564526575098,7715,A_short
EURUSD,A,2022-01-12T06:45:00Z,buy,1.13641,1.1360678105850979,1.137436568244706,7704,A_long
EURUSD,A,2022-01-12T07:15:00Z,buy,1.13577,1.135343022172807,1.137050933481579,7705,A_long
EURUSD,A,2022-01-12T13:30:00Z,sell,1.14033,1.1415362140292304,1.136711357912309,7682,A_short
EURUSD,A,2022-01-12T14:30:00Z,sell,1.14136,1.1426562279286685,1.1374713162139942,7667,A_short
EURUSD,A,2022-01-13T07:15:00Z,sell,1.14509,1.1454861034907446,1.1439016895277658,7632,A_short
EURUSD,A,2022-01-13T07:30:00Z,sell,1.14636,1.1469246230253123,1.1446661309240633,7621,A_short
EURUSD,A,2022-01-13T08:00:00Z,sell,1.14743,1.1480779168501234,1.1454862494496296,7609,A_short
EURUSD,A,2022-01-14T01:15:00Z,sell,1.14638,1.1468086909956647,1.1450939270130056,7628,A_short
EURUSD,A,2022-01-14T01:30:00Z,sell,1.14668,1.1471195321962429,1.1453614034112711,7623,A_short
EURUSD,A,2022-01-14T02:45:00Z,sell,1.14712,1.147575547322126,1.1457533580336214,7616,A_short
EURUSD,A,2022-01-14T07:15:00Z,buy,1.14638,1.1458826944376488,1.1478719166870535,7617,A_long
EURUSD,A,2022-01-14T11:30:00Z,buy,1.14509,1.1445170395545203,1.1468088813364388,7622,A_long
EURUSD,A,2022-01-14T12:15:00Z,buy,1.14432,1.1436758002670464,1.1462525991988608,7623,A_long
EURUSD,A,2022-01-14T16:30:00Z,buy,1.14152,1.1405393490612363,1.1444619528162914,7636,A_long
EURUSD,A,2022-01-17T07:30:00Z,sell,1.14262,1.143052029268357,1.1413239121949288,7622,A_short
EURUSD,A,2022-01-17T08:30:00Z,sell,1.14339,1.1438934936875762,1.141879518937271,7613,A_short
EURUSD,A,2022-01-17T12:45:00Z,buy,1.13963,1.1388002902636607,1.1421191292090176,7648,A_long
EURUSD,A,2022-01-18T03:30:00Z,buy,1.13968,1.1390218828596133,1.1416543514211603,7663,A_long
EURUSD,A,2022-01-18T03:45:00Z,buy,1.13925,1.138499631811665,1.1415011045650056,7661,A_long
EURUSD,A,2022-01-18T12:45:00Z,buy,1.13816,1.1374836697953867,1.14018899061384,7663,A_long
EURUSD,A,2022-01-18T13:00:00Z,buy,1.13668,1.1358591804893352,1.139142458531994,7667,A_long
EURUSD,A,2022-01-18T14:15:00Z,buy,1.13616,1.1352352056117554,1.138934383164734,7665,A_long
EURUSD,A,2022-01-18T15:45:00Z,buy,1.13431,1.133350751734314,1.1371877447970578,7670,A_long
EURUSD,A,2022-01-18T16:15:00Z,buy,1.13327,1.1322978535248849,1.1361864394253454,7670,A_long
EURUSD,A,2022-01-19T07:15:00Z,sell,1.13388,1.1343257934622908,1.1325426196131276,7659,A_short
EURUSD,A,2022-01-19T10:30:00Z,sell,1.13476,1.1353856976974395,1.1328829069076816,7649,A_short
EURUSD,A,2022-01-20T01:00:00Z,sell,1.13558,1.135951048355831,1.134466854932507,7639,A_short
EURUSD,A,2022-01-20T01:15:00Z,sell,1.13612,1.1365335752417203,1.1348792742748393,7632,A_short
EURUSD,A,2022-01-20T07:30:00Z,sell,1.13663,1.1371503298883363,1.1350690103349912,7636,A_short
EURUSD,A,2022-01-20T13:30:00Z,sell,1.13561,1.1363143442649257,1.1334969672052229,7652,A_short
EURUSD,A,2022-01-20T18:30:00Z,buy,1.13174,1.1309921181944556,1.1339836454166332,7692,A_long
EURUSD,A,2022-01-21T02:30:00Z,sell,1.13226,1.1327268029182747,1.1308595912451762,7683,A_short
EURUSD,A,2022-01-21T02:45:00Z,sell,1.13345,1.1340412291958382,1.1316763124124858,7671,A_short
EURUSD,A,2022-01-21T09:15:00Z,sell,1.13412,1.1347164880518967,1.1323305358443099,7662,A_short
EURUSD,A,2022-01-21T14:15:00Z,sell,1.13556,1.1362500479862332,1.1334898560413,7647,A_short
EURUSD,A,2022-01-24T00:00:00Z,buy,1.13341,1.1330135917098734,1.13459922487038,7675,A_long
EURUSD,A,2022-01-24T05:45:00Z,buy,1.13178,1.1314100979246724,1.1328897062259828,7683,A_long
EURUSD,A,2022-01-24T11:45:00Z,buy,1.1304,1.1296324270881466,1.1327027187355605,7699,A_long
EURUSD,A,2022-01-24T17:30:00Z,sell,1.13266,1.1335364798113488,1.1300305605659537,7677,A_short
EURUSD,A,2022-01-25T09:00:00Z,buy,1.12951,1.1287320111604642,1.1318439665186075,7716,A_long
EURUSD,A,2022-01-25T09:30:00Z,buy,1.12857,1.12778519949386,1.1309244015184206,7716,A_long
EURUSD,A,2022-01-25T16:30:00Z,sell,1.12856,1.1292929009736803,1.1263612970789592,7710,A_short
EURUSD,A,2022-01-26T02:30:00Z,sell,1.13104,1.1313580289681153,1.1300859130956542,7688,A_short
EURUSD,A,2022-01-26T06:30:00Z,buy,1.12987,1.1295883468533576,1.1307149594399268,7701,A_long
EURUSD,A,2022-01-26T06:45:00Z,buy,1.12935,1.1290299006062434,1.13031029818127,7702,A_long
EURUSD,A,2022-01-26T07:45:00Z,buy,1.12911,1.1287027225918995,1.1303318322243017,7701,A_long
EURUSD,A,2022-01-26T14:00:00Z,sell,1.12898,1.1295843728198087,1.1271668815405742,7698,A_short
EURUSD,A,2022-01-26T14:15:00Z,sell,1.12955,1.1302164564438342,1.1275506306684977,7690,A_short
EURUSD,A,2022-01-26T19:30:00Z,buy,1.12564,1.1244200281467327,1.1292999155598018,7729,A_long
EURUSD,A,2022-01-26T20:15:00Z,buy,1.12422,1.1230141931372954,1.1278374205881136,7730,A_long
EURUSD,A,2022-01-27T02:00:00Z,buy,1.12281,1.122404040344891,1.1240278789653275,7731,A_long
EURUSD,A,2022-01-27T05:00:00Z,buy,1.12165,1.1212140462389728,1.1229578612830817,7735,A_long
EURUSD,A,2022-01-27T07:15:00Z,buy,1.12102,1.120505538476437,1.1225633845706884,7736,A_long
EURUSD,A,2022-01-27T07:45:00Z,buy,1.11984,1.1191572266778573,1.1218883199664278,7740,A_long
EURUSD,A,2022-01-27T11:30:00Z,buy,1.1159,1.1148439735342617,1.1190680793972145,7762,A_long
EURUSD,A,2022-01-28T02:45:00Z,sell,1.11522,1.1155798113906528,1.114140565828042,7758,A_short
EURUSD,A,2022-01-28T07:00:00Z,buy,1.11386,1.1133526662178803,1.1153820013463593,7765,A_long
EURUSD,A,2022-01-28T07:15:00Z,buy,1.11309,1.1124796440554963,1.1149210678335109,7766,A_long
EURUSD,A,2022-01-28T08:30:00Z,buy,1.11235,1.1116991178538895,1.1143026464383312,7766,A_long
EURUSD,A,2022-01-28T13:45:00Z,sell,1.11686,1.1180871146281157,1.1131786561156527,7747,A_short
EURUSD,A,2022-01-31T08:15:00Z,sell,1.11811,1.1187176575317481,1.1162870274047554,7730,A_short
EURUSD,A,2022-01-31T11:30:00Z,buy,1.11541,1.1147194110757817,1.117481766772655,7760,A_long
EURUSD,A,2022-01-31T13:45:00Z,sell,1.11932,1.1203687223053556,1.1161738330839337,7728,A_short
EURUSD,A,2022-01-31T15:15:00Z,sell,1.12076,1.121815758325991,1.1175927250220272,7710,A_short
EURUSD,A,2022-02-01T04:00:00Z,sell,1.12371,1.1240970040407465,1.1225489878777604,7682,A_short
EURUSD,A,2022-02-01T04:30:00Z,sell,1.12422,1.1246029497017163,1.1230711508948512,7675,A_short
EURUSD,A,2022-02-01T07:45:00Z,sell,1.12664,1.127437198010225,1.1242484059693256,7655,A_short
EURUSD,A,2022-02-01T15:30:00Z,buy,1.12471,1.1237520202554327,1.1275839392337021,7662,A_long
EURUSD,A,2022-02-01T16:30:00Z,buy,1.12396,1.122861018084255,1.127256945747235,7660,A_long
EURUSD,A,2022-02-02T01:15:00Z,sell,1.12746,1.1277490104775902,1.126592968567229,7658,A_short
EURUSD,A,2022-02-02T06:30:00Z,buy,1.12683,1.1265615767085897,1.127635269874231,7660,A_long
EURUSD,A,2022-02-02T07:45:00Z,sell,1.12814,1.1286018043906338,1.1267545868280981,7655,A_short
EURUSD,A,2022-02-02T08:00:00Z,sell,1.12871,1.129235563805216,1.1271333085843522,7647,A_short
EURUSD,A,2022-02-02T08:15:00Z,sell,1.12921,1.129772155297854,1.1275235341064385,7640,A_short
EURUSD,A,2022-02-02T10:15:00Z,sell,1.13036,1.1312501053075148,1.1276896840774557,7628,A_short
EURUSD,A,2022-02-02T10:30:00Z,sell,1.13114,1.1320847579331794,1.1283057262004619,7616,A_short
EURUSD,A,2022-02-03T00:15:00Z,buy,1.12956,1.1292327805704567,1.1305416582886294,7620,A_long
EURUSD,A,2022-02-03T06:45:00Z,buy,1.12911,1.1286681211863978,1.1304356364408068,7629,A_long
EURUSD,A,2022-02-03T09:45:00Z,buy,1.12841,1.1277708888413471,1.1303273334759583,7630,A_long
EURUSD,A,2022-02-03T10:30:00Z,buy,1.12796,1.1273916719361303,1.1296649841916093,7628,A_long
EURUSD,A,2022-02-03T13:30:00Z,sell,1.13368,1.1353535548109763,1.128659335567071,7600,A_short
EURUSD,A,2022-02-03T13:45:00Z,sell,1.13668,1.138571747502846,1.1310047574914615,7568,A_short
EURUSD,A,2022-02-03T14:00:00Z,sell,1.13767,1.1397881811691333,1.1313154564926,7549,A_short
EURUSD,A,2022-02-03T14:30:00Z,sell,1.14007,1.1424018783003713,1.1330743650988857,7518,A_short
EURUSD,A,2022-02-04T00:45:00Z,sell,1.14456,1.1450666057074126,1.1430401828777623,7473,A_short
EURUSD,A,2022-02-04T01:00:00Z,sell,1.14484,1.1453897249464242,1.1431908251607277,7467,A_short
EURUSD,A,2022-02-04T01:45:00Z,sell,1.14519,1.1457580313206797,1.1434859060379607,7461,A_short
EURUSD,A,2022-02-04T02:45:00Z,sell,1.14631,1.1469023880009863,1.1445328359970408,7449,A_short
EURUSD,A,2022-02-04T13:30:00Z,buy,1.14249,1.1411625441304416,1.1464723676086752,7469,A_long
EURUSD,A,2022-02-07T01:00:00Z,buy,1.1445,1.143953643501766,1.146139069494702,7447,A_long
EURUSD,A,2022-02-07T01:45:00Z,buy,1.14412,1.143608383636557,1.1456548490903293,7445,A_long
EURUSD,A,2022-02-07T02:00:00Z,buy,1.14357,1.1430292658183494,1.1451922025449517,7445,A_long
EURUSD,A,2022-02-07T02:15:00Z,buy,1.14308,1.1425180303759028,1.144765908872292,7444,A_long
EURUSD,A,2022-02-07T08:15:00Z,sell,1.14451,1.1452810876700779,1.142196736989766,7430,A_short
EURUSD,A,2022-02-07T09:15:00Z,buy,1.14203,1.1411131357047883,1.1447805928856354,7461,A_long
EURUSD,A,2022-02-07T17:45:00Z,buy,1.14185,1.1408572274147115,1.1448283177558656,7479,A_long
EURUSD,A,2022-02-08T01:15:00Z,sell,1.14475,1.1452119012903048,1.1433642961290853,7479,A_short
EURUSD,A,2022-02-08T07:00:00Z,buy,1.14053,1.139972207147509,1.1422033785574734,7515,A_long
EURUSD,A,2022-02-08T07:15:00Z,buy,1.13986,1.1392205795278412,1.1417782614164769,7515,A_long
EURUSD,A,2022-02-08T10:45:00Z,sell,1.14279,1.1436039935293092,1.1403480194120723,7507,A_short
EURUSD,A,2022-02-09T02:30:00Z,sell,1.14284,1.1432535278348026,1.1415994164955925,7522,A_short
EURUSD,A,2022-02-09T07:15:00Z,buy,1.14132,1.1408895132301298,1.1426114603096102,7540,A_long
EURUSD,A,2022-02-09T07:30:00Z,buy,1.14087,1.1403595781327793,1.1424012656016622,7539,A_long
EURUSD,A,2022-02-09T07:45:00Z,buy,1.1409,1.140365634381742,1.1425030968547738,7535,A_long
EURUSD,A,2022-02-09T10:15:00Z,sell,1.14353,1.1442215470941435,1.1414553587175693,7527,A_short
EURUSD,A,2022-02-09T10:45:00Z,sell,1.14416,1.1448405842618234,1.14211824721453,7518,A_short
EURUSD,A,2022-02-10T00:30:00Z,buy,1.1414,1.140999627427086,1.142601117718742,7549,A_long
EURUSD,A,2022-02-10T02:45:00Z,sell,1.14289,1.1432879817892267,1.1416960546323196,7546,A_short
EURUSD,A,2022-02-10T09:15:00Z,sell,1.14444,1.1451471313014505,1.142318606095648,7532,A_short
EURUSD,A,2022-02-10T13:30:00Z,buy,1.1399,1.1386567492507742,1.143629752247677,7576,A_long
EURUSD,A,2022-02-10T13:45:00Z,buy,1.14078,1.139311849350671,1.1451844519479863,7561,A_long
EURUSD,A,2022-02-10T14:00:00Z,buy,1.13844,1.136840936103915,1.1432371916882549,7566,A_long
EURUSD,A,2022-02-10T16:00:00Z,sell,1.14835,1.1503380887664874,1.1423857337005379,7531,A_short
EURUSD,A,2022-02-10T21:15:00Z,buy,1.14123,1.1401060576276336,1.144601827117099,7617,A_long
EURUSD,A,2022-02-11T00:15:00Z,buy,1.13868,1.1375793949418376,1.141981815174487,7626,A_long
EURUSD,A,2022-02-11T12:00:00Z,sell,1.14075,1.1415534106281087,1.1383397681156737,7604,A_short
EURUSD,A,2022-02-11T13:00:00Z,sell,1.14163,1.1425575166607291,1.1388474500178123,7592,A_short
EURUSD,A,2022-02-11T18:30:00Z,buy,1.13548,1.1340733059260037,1.139700082221989,7651,A_long
EURUSD,A,2022-02-11T19:00:00Z,buy,1.13511,1.1333839053399761,1.1402882839800719,7644,A_long
EURUSD,A,2022-02-11T19:45:00Z,buy,1.13339,1.1316539674168673,1.1385980977493977,7643,A_long
EURUSD,A,2022-02-14T08:30:00Z,buy,1.13111,1.1301010137921808,1.134136958623458,7646,A_long
EURUSD,A,2022-02-14T19:15:00Z,buy,1.1287,1.1276696456209254,1.1317910631372239,7655,A_long
EURUSD,A,2022-02-15T02:30:00Z,sell,1.13198,1.1324228092530069,1.1306515722409793,7652,A_short
EURUSD,A,2022-02-15T08:15:00Z,sell,1.13387,1.1348707777106737,1.1308676668679787,7636,A_short
EURUSD,A,2022-02-15T08:45:00Z,sell,1.13459,1.1356293397026838,1.1314719808919487,7624,A_short
EURUSD,A,2022-02-15T14:45:00Z,buy,1.13218,1.1309788650223098,1.1357834049330704,7632,A_long
EURUSD,A,2022-02-16T01:30:00Z,buy,1.1351,1.1347360385611,1.1361918843166998,7636,A_long
EURUSD,A,2022-02-16T02:30:00Z,buy,1.13462,1.1342566988117249,1.1357099035648253,7636,A_long
EURUSD,A,2022-02-16T06:15:00Z,sell,1.13593,1.1362153585084733,1.1350739244745804,7634,A_short
EURUSD,A,2022-02-16T06:45:00Z,sell,1.13634,1.136663313724142,1.1353700588275737,7628,A_short
EURUSD,A,2022-02-16T07:00:00Z,sell,1.13671,1.1370888718942567,1.1355733843172304,7623,A_short
EURUSD,A,2022-02-16T07:30:00Z,sell,1.13737,1.1379049748894638,1.1357650753316084,7615,A_short
EURUSD,A,2022-02-16T08:00:00Z,sell,1.13781,1.1383560922503084,1.1361717232490747,7608,A_short
EURUSD,A,2022-02-16T08:15:00Z,sell,1.13827,1.138909946616934,1.1363501601491979,7601,A_short
EURUSD,A,2022-02-16T08:30:00Z,sell,1.13896,1.1396586204013426,1.1368641387959721,7591,A_short
EURUSD,A,2022-02-16T14:00:00Z,buy,1.1359,1.1349152406700826,1.1388542779897517,7625,A_long
EURUSD,A,2022-02-16T19:00:00Z,sell,1.13916,1.1400222450258377,1.1365732649224867,7622,A_short
EURUSD,A,2022-02-17T03:45:00Z,buy,1.13366,1.1325769581635015,1.1369091255094952,7676,A_long
EURUSD,A,2022-02-18T11:00:00Z,buy,1.13582,1.1352377000097575,1.1375668999707276,7653,A_long
EURUSD,A,2022-02-18T11:15:00Z,buy,1.13476,1.1340953400084564,1.136753979974631,7656,A_long
EURUSD,A,2022-02-18T14:00:00Z,buy,1.13402,1.1331250027637245,1.1367049917088266,7673,A_long
EURUSD,A,2022-02-18T16:00:00Z,buy,1.13222,1.130899531317307,1.1361814060480793,7679,A_long
EURUSD,A,2022-02-21T06:15:00Z,sell,1.1369,1.1372870639387647,1.135738808183706,7673,A_short
EURUSD,A,2022-02-21T07:00:00Z,sell,1.13733,1.1377498694736194,1.1360703915791415,7667,A_short
EURUSD,A,2022-02-21T07:30:00Z,sell,1.13757,1.1380118575157407,1.1362444274527776,7661,A_short
EURUSD,A,2022-02-21T11:15:00Z,buy,1.135,1.1342288854860632,1.1373133435418106,7675,A_long
EURUSD,A,2022-02-21T12:45:00Z,buy,1.13343,1.1326444102666973,1.135786769199908,7680,A_long
EURUSD,A,2022-02-21T18:15:00Z,buy,1.13233,1.1314732002622074,1.134900399213378,7682,A_long
EURUSD,A,2022-02-21T19:00:00Z,buy,1.13088,1.1300548951040208,1.133355314687938,7685,A_long
EURUSD,A,2022-02-21T23:30:00Z,buy,1.12988,1.1293131206706077,1.1315806379881768,7685,A_long
EURUSD,A,2022-02-22T08:15:00Z,sell,1.13215,1.1331470457295223,1.129158862811433,7681,A_short
EURUSD,A,2022-02-22T09:00:00Z,sell,1.13296,1.1339648620645215,1.1299454138064353,7668,A_short
EURUSD,A,2022-02-22T10:45:00Z,sell,1.13522,1.13648677909783,1.1314196627065098,7645,A_short
EURUSD,A,2022-02-23T16:00:00Z,buy,1.13115,1.1302286593041344,1.1339140220875972,7698,A_long
EURUSD,A,2022-02-24T00:15:00Z,buy,1.1292,1.1286987822768337,1.1307036531694987,7704,A_long
EURUSD,A,2022-02-24T00:30:00Z,buy,1.12888,1.128344277973256,1.1304871660802325,7702,A_long
EURUSD,A,2022-02-24T00:45:00Z,buy,1.1276,1.1269437075768216,1.129568877269535,7707,A_long
EURUSD,A,2022-02-24T03:15:00Z,buy,1.12581,1.1247856720331206,1.128882983900638,7714,A_long
EURUSD,A,2022-02-24T03:30:00Z,buy,1.12415,1.1230102490953713,1.127569252713886,7717,A_long
EURUSD,A,2022-02-24T04:00:00Z,buy,1.12198,1.1206231204316344,1.1260506387050968,7724,A_long
EURUSD,A,2022-02-24T09:45:00Z,buy,1.12112,1.119482058361756,1.1260338249147317,7757,A_long
EURUSD,A,2022-02-24T10:00:00Z,buy,1.12041,1.118745117246855,1.1254046482594346,7750,A_long
EURUSD,A,2022-02-24T10:15:00Z,buy,1.11851,1.116739101613941,1.1238226951581767,7751,A_long
EURUSD,A,2022-02-24T10:30:00Z,buy,1.11793,1.1160978880654158,1.123426335803753,7742,A_long
EURUSD,A,2022-02-24T11:15:00Z,buy,1.11599,1.1142061689125091,1.1213414932624728,7742,A_long
EURUSD,A,2022-02-24T15:00:00Z,buy,1.11412,1.1127366181756073,1.118270145473178,7741,A_long
EURUSD,A,2022-02-24T15:30:00Z,buy,1.11286,1.1115683043185671,1.1167350870442985,7740,A_long
EURUSD,A,2022-02-24T15:45:00Z,buy,1.11096,1.1095405304094248,1.1152184087717254,7744,A_long
EURUSD,A,2022-02-24T18:45:00Z,sell,1.11906,1.1208130850491405,1.1138007448525784,7716,A_short
EURUSD,A,2022-02-24T19:30:00Z,sell,1.12116,1.1229856675119885,1.1156829974640343,7689,A_short
EURUSD,A,2022-02-25T12:45:00Z,sell,1.12211,1.1235636280893204,1.1177491157320385,7670,A_short
EURUSD,A,2022-02-25T13:45:00Z,sell,1.12366,1.125233995295982,1.1189380141120544,7649,A_short
EURUSD,A,2022-02-27T22:00:00Z,buy,1.11491,1.1122891798520969,1.1227724604437097,7697,A_long
EURUSD,A,2022-02-28T10:45:00Z,sell,1.1229,1.1246728276670621,1.1175815169988137,7695,A_short
EURUSD,A,2022-03-01T10:00:00Z,buy,1.11751,1.1161419589221162,1.1216141232336514,7768,A_long
EURUSD,A,2022-03-01T15:00:00Z,buy,1.11297,1.1114860111181777,1.117421966645467,7789,A_long
EURUSD,A,2022-03-01T16:15:00Z,buy,1.11159,1.1100294380854012,1.1162716857437966,7788,A_long
EURUSD,A,2022-03-01T16:45:00Z,buy,1.11031,1.1088339334952568,1.1147381995142291,7785,A_long
EURUSD,A,2022-03-02T08:00:00Z,buy,1.10829,1.107053562599132,1.111999312202604,7788,A_long
EURUSD,A,2022-03-02T09:00:00Z,buy,1.10655,1.105055520027532,1.1110334399174036,7791,A_long
EURUSD,A,2022-03-02T18:30:00Z,sell,1.11295,1.114707378090862,1.1076778657274142,7777,A_short
EURUSD,A,2022-03-03T09:15:00Z,buy,1.10743,1.1065257054839135,1.1101428835482592,7852,A_long
EURUSD,A,2022-03-03T15:15:00Z,buy,1.10631,1.1050263422434576,1.1101609732696267,7853,A_long
EURUSD,A,2022-03-03T16:00:00Z,buy,1.10392,1.1025511122692968,1.1080266631921096,7860,A_long
EURUSD,A,2022-03-04T00:15:00Z,buy,1.103,1.1021113325446554,1.1056660023660336,7856,A_long
EURUSD,A,2022-03-04T00:30:00Z,buy,1.10111,1.1000051548720349,1.1044245353838955,7862,A_long
EURUSD,A,2022-03-04T06:45:00Z,buy,1.10152,1.1007843724212565,1.1037268827362308,7882,A_long
EURUSD,A,2022-03-04T10:45:00Z,buy,1.10012,1.099164439540413,1.102986681378761,7886,A_long
EURUSD,A,2022-03-04T11:00:00Z,buy,1.09926,1.098187847601691,1.1024764571949264,7885,A_long
EURUSD,A,2022-03-04T11:15:00Z,buy,1.0984,1.097298801254799,1.101703596235603,7883,A_long
EURUSD,A,2022-03-04T11:45:00Z,buy,1.09756,1.0964781218313826,1.1008056345058526,7880,A_long
EURUSD,A,2022-03-04T12:15:00Z,buy,1.0965,1.095383300397794,1.0998500988066182,7879,A_long
EURUSD,A,2022-03-04T12:45:00Z,buy,1.09372,1.0924175011876762,1.0976274964369714,7891,A_long
EURUSD,A,2022-03-04T13:00:00Z,buy,1.0929,1.091495167695986,1.0971144969120417,7886,A_long
EURUSD,A,2022-03-04T13:30:00Z,buy,1.09078,1.0889897926249852,1.0961506221250448,7891,A_long
EURUSD,A,2022-03-06T23:00:00Z,buy,1.08776,1.0862839403974098,1.0921881788077707,7899,A_long
EURUSD,A,2022-03-07T01:15:00Z,buy,1.083,1.0813193426068477,1.0880419721794568,7922,A_long
EURUSD,A,2022-03-07T09:30:00Z,buy,1.08537,1.083955227992514,1.0896143160224578,7940,A_long
EURUSD,A,2022-03-07T10:00:00Z,buy,1.08392,1.082397615692155,1.0884871529235347,7940,A_long
EURUSD,A,2022-03-07T10:15:00Z,buy,1.08172,1.0801006002665343,1.086578199200397,7944,A_long
EURUSD,A,2022-03-07T12:30:00Z,sell,1.09022,1.0924685534673473,1.083474339597958,7917,A_short
EURUSD,A,2022-03-08T01:45:00Z,sell,1.08749,1.0884440028527402,1.0846279914417796,7920,A_short
EURUSD,A,2022-03-08T02:00:00Z,sell,1.08828,1.0892494691390415,1.085371592582875,7906,A_short
EURUSD,A,2022-03-08T08:00:00Z,sell,1.09089,1.0926837270245826,1.0855088189262518,7908,A_short
EURUSD,A,2022-03-08T17:15:00Z,sell,1.09373,1.0957009106939215,1.0878172679182359,7873,A_short
EURUSD,A,2022-03-08T18:00:00Z,sell,1.09474,1.0967128920872729,1.0888213237381816,7852,A_short
EURUSD,A,2022-03-09T09:15:00Z,sell,1.09675,1.09811715554582,1.0926485333625395,7823,A_short
EURUSD,A,2022-03-09T10:00:00Z,sell,1.09869,1.1000306698471605,1.0946679904585184,7799,A_short
EURUSD,A,2022-03-09T13:45:00Z,sell,1.1014,1.1028165968776997,1.0971502093669006,7807,A_short
EURUSD,A,2022-03-09T14:00:00Z,sell,1.10291,1.1047443839606732,1.0974068481179806,7786,A_short
EURUSD,A,2022-03-09T14:15:00Z,sell,1.10484,1.10680446609925,1.0989466017022502,7758,A_short
EURUSD,A,2022-03-09T16:15:00Z,sell,1.10851,1.110673688805948,1.1020189335821562,7718,A_short
EURUSD,A,2022-03-10T12:45:00Z,sell,1.10982,1.1120331282450848,1.1031806152647456,7693,A_short
EURUSD,A,2022-03-10T23:30:00Z,sell,1.10001,1.100602863583137,1.0982314092505885,7807,A_short
EURUSD,A,2022-03-10T23:45:00Z,sell,1.10133,1.1020438151053855,1.0991885546838431,7793,A_short
EURUSD,A,2022-03-11T07:45:00Z,buy,1.09834,1.097418793493084,1.1011036195207486,7829,A_long
EURUSD,A,2022-03-11T08:00:00Z,buy,1.09738,1.096316287694006,1.100571136917982,7828,A_long
EURUSD,A,2022-03-11T11:15:00Z,sell,1.10098,1.1027421689018049,1.0956934932945857,7794,A_short
EURUSD,A,2022-03-11T12:00:00Z,sell,1.10267,1.1046042948377084,1.096867115486875,7769,A_short
EURUSD,A,2022-03-11T15:30:00Z,buy,1.09507,1.0933971323292109,1.1000886030123673,7863,A_long
EURUSD,A,2022-03-13T22:15:00Z,sell,1.09355,1.0943937349917108,1.0910187950248678,7862,A_short
EURUSD,A,2022-03-14T02:15:00Z,buy,1.09117,1.090319938086979,1.0937201857390628,7896,A_long
EURUSD,A,2022-03-14T02:30:00Z,buy,1.09078,1.0898939463420487,1.0934381609738542,7892,A_long
EURUSD,A,2022-03-14T08:00:00Z,sell,1.09411,1.0950126295963047,1.0914021112110854,7886,A_short
EURUSD,A,2022-03-14T08:30:00Z,sell,1.09535,1.0963187306745579,1.0924438079763266,7870,A_short
EURUSD,A,2022-03-14T09:00:00Z,sell,1.09657,1.0975689132622235,1.0935732602133297,7854,A_short
EURUSD,A,2022-03-14T09:45:00Z,sell,1.09822,1.099374089610994,1.0947577311670178,7834,A_short
EURUSD,A,2022-03-14T15:30:00Z,sell,1.09782,1.0989892273002149,1.0943123180993555,7860,A_short
EURUSD,A,2022-03-14T16:15:00Z,sell,1.09908,1.10020265848254,1.0957120245523804,7842,A_short
EURUSD,A,2022-03-14T19:45:00Z,buy,1.09495,1.0940645078352638,1.097606476494209,7895,A_long
EURUSD,A,2022-03-15T02:15:00Z,sell,1.09689,1.0978812249795407,1.0939163250613777,7874,A_short
EURUSD,A,2022-03-15T07:15:00Z,sell,1.09999,1.1012334244047575,1.0962597267857277,7844,A_short
EURUSD,A,2022-03-15T07:45:00Z,sell,1.10049,1.10182874988624,1.0964737503412798,7831,A_short
EURUSD,A,2022-03-15T08:00:00Z,sell,1.10142,1.102856249901408,1.097111250295776,7814,A_short
EURUSD,A,2022-03-15T16:00:00Z,buy,1.09444,1.0929616208861326,1.0988751373416026,7894,A_long
EURUSD,A,2022-03-15T23:30:00Z,sell,1.09724,1.097980916739546,1.095017249781362,7863,A_short
EURUSD,A,2022-03-16T07:45:00Z,buy,1.09582,1.0951588589620864,1.0978034231137408,7867,A_long
EURUSD,A,2022-03-16T08:15:00Z,sell,1.09908,1.1001558792684774,1.0958523621945682,7857,A_short
EURUSD,A,2022-03-16T08:30:00Z,sell,1.09926,1.1004510953660136,1.0956867139019588,7847,A_short
EURUSD,A,2022-03-16T10:00:00Z,sell,1.10118,1.1025251708200852,1.0971444875397447,7824,A_short
EURUSD,A,2022-03-16T18:00:00Z,buy,1.09584,1.0940765955776648,1.1011302132670053,7852,A_long
EURUSD,A,2022-03-16T19:45:00Z,sell,1.10448,1.1065226995917126,1.098351901224862,7828,A_short
EURUSD,A,2022-03-17T08:15:00Z,sell,1.10569,1.1066604699052405,1.1027785902842788,7804,A_short
EURUSD,A,2022-03-17T13:45:00Z,sell,1.107,1.1081654310679963,1.1035037067960112,7815,A_short
EURUSD,A,2022-03-17T14:15:00Z,sell,1.10845,1.1095939904466283,1.1050180286601148,7795,A_short
EURUSD,A,2022-03-17T15:45:00Z,sell,1.11098,1.1121571128523413,1.1074486614429764,7769,A_short
EURUSD,A,2022-03-18T00:00:00Z,sell,1.11131,1.111914958228587,1.109495125314239,7758,A_short
EURUSD,A,2022-03-18T08:15:00Z,buy,1.10662,1.105784646012027,1.1091260619639185,7802,A_long
EURUSD,A,2022-03-18T10:15:00Z,buy,1.10499,1.1041444471149098,1.1075266586552703,7807,A_long
EURUSD,A,2022-03-18T10:30:00Z,buy,1.10357,1.1025731874995883,1.1065604375012348,7811,A_long
EURUSD,A,2022-03-18T11:45:00Z,buy,1.10225,1.1013033439687698,1.1050899680936903,7812,A_long
EURUSD,A,2022-03-18T13:00:00Z,buy,1.10075,1.0995177944391064,1.1044466166826805,7816,A_long
EURUSD,A,2022-03-18T16:00:00Z,sell,1.10643,1.1078159322491845,1.1022722032524466,7801,A_short
EURUSD,A,2022-03-21T18:00:00Z,buy,1.10181,1.100766104130685,1.1049416876079445,7862,A_long
EURUSD,A,2022-03-22T00:15:00Z,buy,1.10056,1.1000755734295784,1.1020132797112647,7863,A_long
EURUSD,A,2022-03-22T00:30:00Z,buy,1.09964,1.099088163638968,1.1012955090830958,7865,A_long
EURUSD,A,2022-03-22T00:45:00Z,buy,1.09865,1.0979664084871055,1.1007007745386832,7868,A_long
EURUSD,A,2022-03-22T06:45:00Z,buy,1.09678,1.096014570168569,1.0990762894942931,7876,A_long
EURUSD,A,2022-03-22T08:30:00Z,sell,1.10088,1.1018918425885023,1.0978444722344936,7862,A_short
EURUSD,A,2022-03-22T12:15:00Z,sell,1.10288,1.1040673857789545,1.099317842663137,7840,A_short
EURUSD,A,2022-03-22T13:45:00Z,sell,1.10409,1.1053723458839466,1.1002429623481602,7822,A_short
EURUSD,A,2022-03-23T09:30:00Z,buy,1.09943,1.098503161354776,1.1022105159356717,7882,A_long
EURUSD,A,2022-03-23T11:15:00Z,buy,1.09804,1.0969906641865799,1.10118800744026,7885,A_long
EURUSD,A,2022-03-24T01:00:00Z,buy,1.09954,1.0989997316873703,1.101160804937889,7866,A_long
EURUSD,A,2022-03-24T01:15:00Z,buy,1.09837,1.0976884341290545,1.1004146976128368,7869,A_long
EURUSD,A,2022-03-24T06:00:00Z,buy,1.0976,1.0971249411901076,1.0990251764296768,7869,A_long
EURUSD,A,2022-03-24T08:30:00Z,sell,1.09952,1.100491288191326,1.0966061354260221,7865,A_short
EURUSD,A,2022-03-24T15:00:00Z,sell,1.10066,1.101802073173358,1.097233780479926,7877,A_short
EURUSD,A,2022-03-25T01:00:00Z,sell,1.10176,1.1022914640004593,1.1001656079986224,7860,A_short
EURUSD,A,2022-03-25T01:15:00Z,sell,1.10231,1.1028719354670646,1.1006241935988057,7852,A_short
EURUSD,A,2022-03-25T01:30:00Z,sell,1.10288,1.103460344071456,1.101138967785632,7843,A_short
EURUSD,A,2022-03-25T01:45:00Z,sell,1.10324,1.1038549648619287,1.101395105414214,7835,A_short
EURUSD,A,2022-03-25T08:00:00Z,buy,1.10146,1.1007322723403299,1.1036431829790108,7860,A_long
EURUSD,A,2022-03-25T09:00:00Z,buy,1.10012,1.099285365932092,1.1026239022037239,7864,A_long
EURUSD,A,2022-03-25T15:45:00Z,buy,1.09822,1.0968515479896328,1.1023253560311015,7871,A_long
EURUSD,A,2022-03-28T00:45:00Z,buy,1.09706,1.096591712496804,1.0984648625095874,7869,A_long
EURUSD,A,2022-03-28T01:15:00Z,buy,1.09592,1.095312441830933,1.097742674507201,7873,A_long
EURUSD,A,2022-03-28T08:30:00Z,sell,1.09696,1.0978387097490165,1.0943238707529501,7860,A_short
EURUSD,A,2022-03-28T08:45:00Z,sell,1.09908,1.1002508817824812,1.0955673546525566,7838,A_short
EURUSD,A,2022-03-28T16:30:00Z,sell,1.09922,1.100165037920201,1.0963848862393972,7861,A_short
EURUSD,A,2022-03-29T06:30:00Z,sell,1.10021,1.100905087829461,1.0981247365116165,7846,A_short
EURUSD,A,2022-03-29T07:15:00Z,sell,1.10145,1.102297409766319,1.0989077707010433,7832,A_short
EURUSD,A,2022-03-29T09:30:00Z,sell,1.10329,1.1048064495358774,1.0987406513923683,7836,A_short
EURUSD,A,2022-03-29T10:15:00Z,sell,1.10509,1.1066309895200954,1.1004670314397134,7812,A_short
EURUSD,A,2022-03-29T11:45:00Z,sell,1.10844,1.1104486057898055,1.1024141826305838,7777,A_short
EURUSD,A,2022-03-29T12:15:00Z,sell,1.11152,1.1137100194598983,1.1049499416203052,7741,A_short
EURUSD,A,2022-03-30T08:45:00Z,sell,1.11561,1.1170197222641456,1.1113808332075632,7697,A_short
EURUSD,A,2022-03-30T13:45:00Z,sell,1.11639,1.1178450790204217,1.1120247629387348,7720,A_short
EURUSD,A,2022-03-31T01:15:00Z,sell,1.11818,1.1187995214024944,1.1163214357925166,7697,A_short
EURUSD,A,2022-03-31T08:00:00Z,buy,1.11376,1.1126727584461877,1.1170217246614371,7739,A_long
EURUSD,A,2022-03-31T08:30:00Z,buy,1.11183,1.110592471899581,1.1155425843012574,7745,A_long
EURUSD,A,2022-03-31T13:00:00Z,buy,1.10786,1.1064173555652779,1.1121879333041667,7763,A_long
EURUSD,A,2022-04-01T14:15:00Z,buy,1.10318,1.102091511681216,1.1064454649563522,7825,A_long
EURUSD,A,2022-04-04T08:00:00Z,buy,1.10265,1.1019012075060481,1.1048963774818552,7821,A_long
EURUSD,A,2022-04-04T09:30:00Z,buy,1.10136,1.1004751786290092,1.1040144641129719,7824,A_long
EURUSD,A,2022-04-04T17:45:00Z,buy,1.09637,1.095638995488638,1.098563013534086,7853,A_long
EURUSD,A,2022-04-05T07:15:00Z,sell,1.0984,1.0992344963433318,1.0958965109700047,7853,A_short
EURUSD,A,2022-04-05T10:30:00Z,buy,1.09583,1.0949834433671781,1.098369669898466,7888,A_long
EURUSD,A,2022-04-05T14:15:00Z,buy,1.09404,1.0929178652906615,1.0974064041280152,7895,A_long
EURUSD,A,2022-04-05T15:00:00Z,buy,1.09274,1.0915638548277284,1.0962684355168149,7895,A_long
EURUSD,A,2022-04-06T00:00:00Z,buy,1.09007,1.0898033186601754,1.090870044019474,7906,A_long
EURUSD,A,2022-04-06T00:45:00Z,buy,1.08942,1.089112391435972,1.0903428256920844,7908,A_long
EURUSD,A,2022-04-06T01:00:00Z,buy,1.08926,1.0889320725778422,1.090243782266473,7906,A_long
EURUSD,A,2022-04-06T05:45:00Z,buy,1.08837,1.0878810740325213,1.0898367779024363,7919,A_long
EURUSD,A,2022-04-06T06:00:00Z,buy,1.08767,1.0871115974948518,1.0893452075154444,7920,A_long
EURUSD,A,2022-04-06T08:15:00Z,sell,1.09155,1.0925137183124751,1.0886588450625747,7903,A_short
EURUSD,A,2022-04-06T08:45:00Z,sell,1.09232,1.093320037310259,1.089319888069223,7889,A_short
EURUSD,A,2022-04-06T18:00:00Z,buy,1.08897,1.0878283256965302,1.0923950229104094,7906,A_long
EURUSD,A,2022-04-07T06:15:00Z,sell,1.09272,1.0933756814987818,1.0907529555036541,7903,A_short
EURUSD,A,2022-04-07T07:15:00Z,buy,1.0896,1.0887815624832253,1.0920553125503236,7939,A_long
EURUSD,A,2022-04-07T08:00:00Z,buy,1.08852,1.087609408229821,1.0912517753105364,7940,A_long
EURUSD,A,2022-04-07T11:30:00Z,sell,1.09174,1.0930747203601525,1.0877358389195422,7909,A_short
EURUSD,A,2022-04-07T16:00:00Z,buy,1.08866,1.0874219368277294,1.0923741895168118,7921,A_long
EURUSD,A,2022-04-07T23:45:00Z,buy,1.0864,1.0859100995131845,1.0878697014604466,7928,A_long
EURUSD,A,2022-04-08T00:00:00Z,buy,1.08649,1.0859267529114267,1.0881797412657197,7923,A_long
EURUSD,A,2022-04-08T07:15:00Z,buy,1.08523,1.0845824469590266,1.0871726591229198,7928,A_long
EURUSD,A,2022-04-08T10:30:00Z,sell,1.08865,1.0896346181318957,1.0856961456043126,7916,A_short
EURUSD,A,2022-04-08T13:15:00Z,buy,1.08415,1.0831519832403773,1.0871440502788678,7970,A_long
EURUSD,A,2022-04-10T21:00:00Z,sell,1.09077,1.0918150616165139,1.0876348151504585,7942,A_short
EURUSD,A,2022-04-11T07:15:00Z,sell,1.09027,1.091216588883139,1.087430233350583,7968,A_short
EURUSD,A,2022-04-11T07:45:00Z,sell,1.09098,1.0919710823166688,1.0880067530499937,7955,A_short
EURUSD,A,2022-04-12T01:00:00Z,buy,1.087,1.0864681512734489,1.0885955461796533,7976,A_long
EURUSD,A,2022-04-12T06:15:00Z,buy,1.08636,1.0857238121966326,1.0882685634101021,7976,A_long
EURUSD,A,2022-04-12T07:00:00Z,buy,1.08563,1.084910354191408,1.0877889374257763,7976,A_long
EURUSD,A,2022-04-12T12:30:00Z,sell,1.08886,1.0900580521958236,1.0852658434125289,7967,A_short
EURUSD,A,2022-04-12T12:45:00Z,sell,1.08958,1.090824978569714,1.0858450642908581,7953,A_short
EURUSD,A,2022-04-12T16:30:00Z,buy,1.08346,1.0822566689638737,1.0870699931083792,8024,A_long
EURUSD,A,2022-04-13T00:15:00Z,buy,1.08211,1.0816979416625188,1.0833461750124433,8024,A_long
EURUSD,A,2022-04-13T00:30:00Z,buy,1.08132,1.0808455494408498,1.082743351677451,8026,A_long
EURUSD,A,2022-04-13T14:45:00Z,sell,1.08474,1.0858580703998526,1.0813857888004423,8011,A_short
EURUSD,A,2022-04-13T15:15:00Z,sell,1.08635,1.0875201062114448,1.0828396813656653,7990,A_short
EURUSD,A,2022-04-13T16:00:00Z,sell,1.0886,1.089751989139717,1.0851440325808492,7964,A_short
EURUSD,A,2022-04-14T01:45:00Z,sell,1.09061,1.0912366586714288,1.0887300239857138,7941,A_short
EURUSD,A,2022-04-14T11:45:00Z,buy,1.08652,1.0852060673872,1.0904617978384,7965,A_long
EURUSD,A,2022-04-14T12:45:00Z,buy,1.08474,1.082871944901646,1.0903441652950623,7968,A_long
EURUSD,A,2022-04-14T13:15:00Z,buy,1.08241,1.0805611941705697,1.0879564174882912,7971,A_long
EURUSD,A,2022-04-14T13:30:00Z,buy,1.07851,1.0763317016144938,1.085044895156519,7985,A_long
EURUSD,A,2022-04-14T13:45:00Z,buy,1.07707,1.0747234747325611,1.0841095758023165,7979,A_long
EURUSD,A,2022-04-20T08:45:00Z,sell,1.08396,1.084848431580972,1.0812947052570838,7979,A_short
EURUSD,A,2022-04-20T09:30:00Z,sell,1.08584,1.0870519242024876,1.0822042273925367,7958,A_short
EURUSD,A,2022-04-21T00:15:00Z,buy,1.08412,1.0836754661915908,1.0854536014252274,7997,A_long
EURUSD,A,2022-04-21T00:45:00Z,buy,1.08355,1.0830335279394616,1.0850994161816152,7997,A_long
EURUSD,A,2022-04-21T02:00:00Z,buy,1.08304,1.0824711150607098,1.0847466548178706,7996,A_long
EURUSD,A,2022-04-21T05:00:00Z,sell,1.08441,1.0849804901338713,1.0826985295983864,7981,A_short
EURUSD,A,2022-04-21T06:00:00Z,sell,1.08515,1.085754689159773,1.0833359325206815,7971,A_short
EURUSD,A,2022-04-21T06:15:00Z,sell,1.08577,1.0864340639384695,1.083777808184591,7961,A_short
EURUSD,A,2022-04-21T06:30:00Z,sell,1.08955,1.0906721887466737,1.086183433759979,7928,A_short
EURUSD,A,2022-04-21T07:15:00Z,sell,1.09137,1.0926088233115383,1.087653530065385,7906,A_short
EURUSD,A,2022-04-21T07:30:00Z,sell,1.09226,1.0936189802033334,1.08818305939,7890,A_short
EURUSD,A,2022-04-21T11:15:00Z,buy,1.08831,1.087204159764727,1.0916275207058193,7908,A_long
EURUSD,A,2022-04-21T14:45:00Z,buy,1.08427,1.0830082205840466,1.0880553382478606,7929,A_long
EURUSD,A,2022-04-22T06:45:00Z,buy,1.0826,1.0817919186089693,1.0850242441730922,7932,A_long
EURUSD,A,2022-04-22T07:00:00Z,buy,1.08044,1.0794156627944402,1.0835130116166796,7941,A_long
EURUSD,A,2022-04-22T08:15:00Z,buy,1.07931,1.078168562114813,1.0827343136555612,7941,A_long
EURUSD,A,2022-04-22T14:30:00Z,buy,1.07871,1.077469213595485,1.082432359213545,7970,A_long
EURUSD,A,2022-04-22T15:00:00Z,buy,1.07752,1.0763070537672754,1.0811588386981739,7969,A_long
EURUSD,A,2022-04-25T01:30:00Z,buy,1.079,1.0782573871072134,1.0812278386783596,7984,A_long
EURUSD,A,2022-04-25T02:15:00Z,buy,1.07816,1.0774464650294957,1.080300604911513,7984,A_long
EURUSD,A,2022-04-25T06:00:00Z,buy,1.07366,1.0725214762685773,1.0770755711942683,8011,A_long
EURUSD,A,2022-04-25T06:15:00Z,buy,1.07239,1.0711139460994337,1.0762181617016988,8011,A_long
EURUSD,A,2022-04-25T06:30:00Z,buy,1.07222,1.0708354199528425,1.0763737401414724,8003,A_long
EURUSD,A,2022-04-25T14:45:00Z,buy,1.07072,1.0693416896590007,1.0748549310229976,8003,A_long
EURUSD,A,2022-04-26T07:15:00Z,buy,1.06911,1.0680042590509902,1.0724272228470295,8004,A_long
EURUSD,A,2022-04-26T07:45:00Z,buy,1.0676,1.0664099990205216,1.0711700029384357,8006,A_long
EURUSD,A,2022-04-26T14:30:00Z,buy,1.06444,1.0630879769356072,1.0684960691931786,8021,A_long
EURUSD,A,2022-04-27T06:00:00Z,buy,1.06277,1.0618852824960279,1.0654241525119164,8022,A_long
EURUSD,A,2022-04-27T06:30:00Z,buy,1.06237,1.0613573010747943,1.0654080967756172,8018,A_long
EURUSD,A,2022-04-27T07:15:00Z,buy,1.05885,1.0575219230996513,1.0628342307010463,8037,A_long
EURUSD,A,2022-04-27T12:15:00Z,buy,1.05736,1.0560784076548926,1.0612047770353226,8037,A_long
EURUSD,A,2022-04-27T12:30:00Z,buy,1.0555,1.054135953300907,1.0595921400972796,8041,A_long
EURUSD,A,2022-04-27T13:15:00Z,buy,1.05388,1.0524611227858052,1.0581366316425842,8042,A_long
EURUSD,A,2022-04-28T00:15:00Z,buy,1.05468,1.0542841003547048,1.055867698935886,8025,A_long
EURUSD,A,2022-04-28T00:45:00Z,buy,1.05383,1.0532440131553116,1.0555879605340655,8028,A_long
EURUSD,A,2022-04-28T03:30:00Z,buy,1.05229,1.051343031272039,1.0551309061838825,8034,A_long
EURUSD,A,2022-04-28T03:45:00Z,buy,1.05089,1.049870627102434,1.0539481186926982,8037,A_long
EURUSD,A,2022-04-28T05:30:00Z,buy,1.0492,1.0480259730122958,1.0527220809631122,8042,A_long
EURUSD,A,2022-04-28T07:30:00Z,sell,1.05501,1.0566685973852448,1.0500342078442657,8023,A_short
EURUSD,A,2022-04-28T10:45:00Z,buy,1.04972,1.0482941620421482,1.0539975138735553,8100,A_long
EURUSD,A,2022-04-29T00:00:00Z,sell,1.05134,1.0518893095399424,1.0496920713801725,8076,A_short
EURUSD,A,2022-04-29T01:00:00Z,sell,1.0523,1.0529660055263268,1.0503019834210197,8064,A_short
EURUSD,A,2022-04-29T05:15:00Z,sell,1.05301,1.053713136615397,1.0509005901538093,8053,A_short
EURUSD,A,2022-04-29T05:30:00Z,sell,1.05354,1.054288051733344,1.0512958447999678,8043,A_short
EURUSD,A,2022-04-29T06:15:00Z,sell,1.05461,1.0554353776764909,1.0521338669705276,8028,A_short
EURUSD,A,2022-04-29T07:15:00Z,sell,1.0557,1.0566836703569038,1.052748988929289,8013,A_short
EURUSD,A,2022-04-29T07:30:00Z,sell,1.05733,1.05847184764265,1.0539044570720504,7992,A_short
EURUSD,A,2022-04-29T08:30:00Z,sell,1.05884,1.0601478678621576,1.054916396413527,7972,A_short
EURUSD,A,2022-04-29T12:15:00Z,buy,1.05299,1.0516045311072002,1.0571464066783998,8045,A_long
EURUSD,A,2022-04-29T12:30:00Z,buy,1.05237,1.05085859362624,1.05690421912128,8039,A_long
EURUSD,A,2022-04-29T17:15:00Z,sell,1.05732,1.0586089048623355,1.0534532854129937,8034,A_short
EURUSD,A,2022-05-02T02:00:00Z,buy,1.05195,1.0511398094411577,1.0543805716765267,8104,A_long
EURUSD,A,2022-05-02T05:45:00Z,buy,1.05129,1.0507193279109857,1.0530020162670433,8102,A_long
EURUSD,A,2022-05-02T06:45:00Z,sell,1.05483,1.0558192402080857,1.0518622793757426,8087,A_short
EURUSD,A,2022-05-02T07:00:00Z,sell,1.0555,1.0566666748470077,1.0519999754589773,8074,A_short
EURUSD,A,2022-05-02T17:45:00Z,buy,1.0493,1.0483144013443024,1.0522567959670923,8147,A_long
EURUSD,A,2022-05-03T00:45:00Z,sell,1.05251,1.0530163786964928,1.0509908639105219,8144,A_short
EURUSD,A,2022-05-03T04:45:00Z,buy,1.05018,1.0495164902852918,1.0521705291441241,8173,A_long
EURUSD,A,2022-05-03T11:45:00Z,sell,1.05377,1.0550106593633957,1.0500480219098134,8140,A_short
EURUSD,A,2022-05-03T12:00:00Z,sell,1.05554,1.0569379047816094,1.0513462856551714,8116,A_short
EURUSD,A,2022-05-03T12:30:00Z,sell,1.05659,1.0579971373692978,1.0523685878921063,8096,A_short
EURUSD,A,2022-05-04T12:15:00Z,sell,1.05407,1.0549885907146852,1.0513142278559446,8147,A_short
EURUSD,A,2022-05-04T12:30:00Z,sell,1.05519,1.0562061119527273,1.0521416641418184,8131,A_short
EURUSD,A,2022-05-04T18:30:00Z,sell,1.05836,1.0605763488414035,1.0517109534757894,8098,A_short
EURUSD,A,2022-05-04T18:45:00Z,sell,1.06157,1.0641935023292164,1.0536994930123504,8056,A_short
EURUSD,A,2022-05-05T15:00:00Z,buy,1.05186,1.0501994050339143,1.0568417848982572,8189,A_long
EURUSD,A,2022-05-05T16:00:00Z,buy,1.05005,1.0485109360429357,1.0546671918711927,8190,A_long
EURUSD,A,2022-05-05T19:30:00Z,sell,1.05495,1.056193470375809,1.0512195888725735,8186,A_short
EURUSD,A,2022-05-06T06:15:00Z,buy,1.05092,1.0501179632139581,1.053326110358126,8246,A_long
EURUSD,A,2022-05-06T06:45:00Z,buy,1.04862,1.0474021145918175,1.0522736562245478,8257,A_long
EURUSD,A,2022-05-06T08:30:00Z,sell,1.05645,1.0587076939441535,1.049676918167539,8223,A_short
EURUSD,A,2022-05-06T17:45:00Z,buy,1.05502,1.0538385329050886,1.0585644012847346,8216,A_long
EURUSD,A,2022-05-09T00:30:00Z,buy,1.05268,1.0521091364372177,1.0543925906883471,8225,A_long
EURUSD,A,2022-05-09T00:45:00Z,buy,1.05193,1.051283251578922,1.0538702452632338,8225,A_long
EURUSD,A,2022-05-09T02:30:00Z,buy,1.05092,1.050130967905772,1.0532870962826844,8227,A_long
EURUSD,A,2022-05-09T10:00:00Z,sell,1.0542,1.0554462460243208,1.0504612619270377,8195,A_short
EURUSD,A,2022-05-09T12:00:00Z,sell,1.05593,1.0573106807643626,1.0517879577069122,8171,A_short
EURUSD,A,2022-05-09T16:00:00Z,sell,1.05795,1.0593089598102436,1.0538731205692689,8187,A_short
EURUSD,A,2022-05-10T09:45:00Z,buy,1.05391,1.05261226442431,1.0578032067270693,8249,A_long
EURUSD,A,2022-05-10T15:00:00Z,buy,1.05302,1.051488184501761,1.0576154464947174,8245,A_long
EURUSD,A,2022-05-11T12:30:00Z,buy,1.05294,1.0514792515304667,1.0573222454085998,8233,A_long
EURUSD,A,2022-05-11T12:45:00Z,buy,1.05207,1.0504453513264045,1.0569439460207868,8228,A_long
EURUSD,A,2022-05-12T00:30:00Z,sell,1.05271,1.0533489973868377,1.050793007839487,8260,A_short
EURUSD,A,2022-05-12T05:30:00Z,buy,1.05095,1.050323450008354,1.052829649974938,8288,A_long
EURUSD,A,2022-05-12T05:45:00Z,buy,1.05011,1.0494083233405735,1.0522150299782798,8289,A_long
EURUSD,A,2022-05-12T06:00:00Z,buy,1.04925,1.0484165468951638,1.0517503593145086,8289,A_long
EURUSD,A,2022-05-12T07:00:00Z,buy,1.04626,1.044721751819709,1.050874744540873,8306,A_long
EURUSD,A,2022-05-12T07:15:00Z,buy,1.04634,1.044669518243748,1.0513514452687562,8293,A_long
EURUSD,A,2022-05-12T11:45:00Z,buy,1.03993,1.0384385420475868,1.0444043738572397,8330,A_long
EURUSD,A,2022-05-12T15:45:00Z,buy,1.03748,1.0357878092198838,1.0425565723403485,8337,A_long
EURUSD,A,2022-05-12T16:45:00Z,buy,1.03577,1.0340412560815626,1.0409562317553125,8336,A_long
EURUSD,A,2022-05-13T07:15:00Z,sell,1.04107,1.0421945595250561,1.0376963214248314,8334,A_short
EURUSD,A,2022-05-13T09:45:00Z,buy,1.03743,1.0362368459554963,1.0410094621335115,8389,A_long
EURUSD,A,2022-05-13T13:15:00Z,buy,1.03581,1.034645824155572,1.0393025275332834,8392,A_long
EURUSD,A,2022-05-13T15:00:00Z,sell,1.04094,1.0423829624955907,1.0366111125132278,8378,A_short
EURUSD,A,2022-05-16T07:15:00Z,sell,1.04215,1.0430864506068425,1.0393406481794722,8356,A_short
EURUSD,A,2022-05-16T08:30:00Z,sell,1.04315,1.0442174990026882,1.0399475029919354,8340,A_short
EURUSD,A,2022-05-17T00:00:00Z,sell,1.04465,1.0450733608037588,1.043379917588724,8352,A_short
EURUSD,A,2022-05-17T06:00:00Z,sell,1.04554,1.0461920538058889,1.043583838582333,8341,A_short
EURUSD,A,2022-05-17T06:30:00Z,sell,1.04583,1.04653140930309,1.0437257720907303,8333,A_short
EURUSD,A,2022-05-17T07:00:00Z,sell,1.04721,1.0480889252098764,1.0445732243703707,8316,A_short
EURUSD,A,2022-05-17T08:00:00Z,sell,1.04828,1.0494797811934673,1.0446806564195985,8299,A_short
EURUSD,A,2022-05-17T10:15:00Z,sell,1.05179,1.0532735267277675,1.0473394198166974,8262,A_short
EURUSD,A,2022-05-17T11:15:00Z,sell,1.05319,1.0545471995431461,1.049118401370562,8239,A_short
EURUSD,A,2022-05-17T11:30:00Z,sell,1.05496,1.0564069062707264,1.0506192811878203,8214,A_short
EURUSD,A,2022-05-18T08:30:00Z,buy,1.05057,1.0496159467585093,1.053432159724472,8281,A_long
EURUSD,A,2022-05-18T14:30:00Z,buy,1.04989,1.048732573026676,1.0533622809199716,8308,A_long
EURUSD,A,2022-05-19T00:15:00Z,sell,1.04831,1.0488540503828752,1.0466778488513748,8311,A_short
EURUSD,A,2022-05-19T00:45:00Z,sell,1.04883,1.049499086732026,1.0468227398039218,8301,A_short
EURUSD,A,2022-05-19T07:00:00Z,buy,1.04652,1.0457362027002475,1.0488713918992572,8314,A_long
EURUSD,A,2022-05-19T10:30:00Z,sell,1.05161,1.0527409242266337,1.0482172273200987,8291,A_short
EURUSD,A,2022-05-19T10:45:00Z,sell,1.05281,1.0540434676630825,1.0491095970107525,8272,A_short
EURUSD,A,2022-05-19T13:00:00Z,sell,1.05531,1.0566747391738718,1.0512157824783845,8242,A_short
EURUSD,A,2022-05-19T14:45:00Z,sell,1.05907,1.0609223707441413,1.053512887767576,8202,A_short
EURUSD,A,2022-05-20T18:15:00Z,buy,1.05337,1.0523741704373069,1.056357488688079,8288,A_long
EURUSD,A,2022-05-23T00:15:00Z,sell,1.05835,1.0589806165330495,1.056458150400851,8272,A_short
EURUSD,A,2022-05-23T00:30:00Z,sell,1.05881,1.0594552009953098,1.0568743970140708,8262,A_short
EURUSD,A,2022-05-23T05:45:00Z,sell,1.0599,1.0605487588696085,1.0579537233911747,8248,A_short
EURUSD,A,2022-05-23T06:30:00Z,sell,1.06044,1.0612164987367496,1.0581105037897514,8238,A_short
EURUSD,A,2022-05-23T08:15:00Z,sell,1.06274,1.0640788876731138,1.0587233369806588,8214,A_short
EURUSD,A,2022-05-23T08:45:00Z,sell,1.06459,1.066119920074472,1.0600002397765838,8188,A_short
EURUSD,A,2022-05-23T09:00:00Z,sell,1.06792,1.0697112640645425,1.0625462078063723,8151,A_short
EURUSD,A,2022-05-24T00:15:00Z,buy,1.06728,1.0666877738440155,1.0690566784679536,8141,A_long
EURUSD,A,2022-05-24T06:45:00Z,sell,1.06839,1.0691859497620129,1.0660021507139612,8127,A_short
EURUSD,A,2022-05-24T07:00:00Z,sell,1.0723,1.0735311564604113,1.0686065306187662,8091,A_short
EURUSD,A,2022-05-24T07:45:00Z,sell,1.07309,1.0743873305906737,1.0691980082279793,8075,A_short
EURUSD,A,2022-05-24T14:15:00Z,sell,1.07416,1.075824757256693,1.069165728229921,8057,A_short
EURUSD,A,2022-05-25T06:15:00Z,buy,1.06954,1.0689241580751645,1.0713875257745062,8128,A_long
EURUSD,A,2022-05-25T07:00:00Z,buy,1.06877,1.0679052637899662,1.0713642086301014,8129,A_long
EURUSD,A,2022-05-25T08:00:00Z,buy,1.06678,1.0657059379576341,1.0700021861270979,8136,A_long
EURUSD,A,2022-05-25T12:15:00Z,buy,1.06423,1.063086728031661,1.0676598159050172,8147,A_long
EURUSD,A,2022-05-26T00:30:00Z,sell,1.07025,1.0708460201690781,1.0684619394927652,8126,A_short
EURUSD,A,2022-05-26T04:45:00Z,buy,1.06823,1.0675238111724938,1.0703485664825185,8154,A_long
EURUSD,A,2022-05-26T05:30:00Z,buy,1.06774,1.0670852394506574,1.0697042816480276,8152,A_long
EURUSD,A,2022-05-26T05:45:00Z,buy,1.06674,1.0660325408572366,1.0688623774282902,8154,A_long
EURUSD,A,2022-05-26T09:45:00Z,sell,1.07132,1.072382069628769,1.0681337911136934,8134,A_short
EURUSD,A,2022-05-27T00:00:00Z,sell,1.07368,1.0740692293069631,1.0725123120791105,8108,A_short
EURUSD,A,2022-05-27T01:30:00Z,sell,1.0745,1.0750825853842008,1.0727522438473978,8098,A_short
EURUSD,A,2022-05-27T01:45:00Z,sell,1.07624,1.0770115739996409,1.0739252780010777,8080,A_short
EURUSD,A,2022-05-27T06:45:00Z,buy,1.07396,1.0733328694182387,1.075841391745284,8113,A_long
EURUSD,A,2022-05-27T09:15:00Z,buy,1.07229,1.0714570408694422,1.0747888773916734,8120,A_long
EURUSD,A,2022-05-27T10:00:00Z,buy,1.07109,1.070237943345234,1.0736461699642983,8123,A_long
EURUSD,A,2022-05-27T10:45:00Z,buy,1.06985,1.068958637490216,1.0725240875293518,8125,A_long
EURUSD,A,2022-05-27T13:45:00Z,sell,1.07446,1.0757055068988102,1.0707234793035694,8109,A_short
EURUSD,A,2022-05-30T01:30:00Z,sell,1.07475,1.0753160441187763,1.0730518676436713,8134,A_short
EURUSD,A,2022-05-30T02:15:00Z,sell,1.07554,1.0760949033863558,1.0738752898409323,8123,A_short
EURUSD,A,2022-05-30T23:15:00Z,buy,1.07725,1.0769931830770938,1.0780204507687188,8122,A_long
EURUSD,A,2022-05-31T00:15:00Z,buy,1.07558,1.0750788968269605,1.0770833095191186,8132,A_long
EURUSD,A,2022-05-31T00:30:00Z,buy,1.07514,1.0746177105833659,1.0767068682499024,8131,A_long
EURUSD,A,2022-05-31T00:45:00Z,buy,1.07454,1.073974015838917,1.076237952483249,8131,A_long
EURUSD,A,2022-05-31T01:00:00Z,buy,1.07435,1.073695480393728,1.0763135588188157,8127,A_long
EURUSD,A,2022-05-31T06:45:00Z,buy,1.07337,1.0725815938636263,1.075735218409121,8129,A_long
EURUSD,A,2022-05-31T08:45:00Z,buy,1.07272,1.071807764754922,1.0754567057352336,8127,A_long
EURUSD,A,2022-05-31T10:45:00Z,buy,1.06961,1.0681579734091309,1.0739660797726072,8143,A_long
EURUSD,A,2022-05-31T12:45:00Z,buy,1.06816,1.0666928787765102,1.0725613636704694,8143,A_long
EURUSD,A,2022-06-01T00:45:00Z,buy,1.07278,1.0723585423752866,1.0740443728741405,8140,A_long
EURUSD,A,2022-06-01T01:15:00Z,buy,1.07223,1.0717885496063264,1.0735543511810208,8140,A_long
EURUSD,A,2022-06-01T01:30:00Z,buy,1.07099,1.070430076325483,1.0726697710235513,8145,A_long
EURUSD,A,2022-06-01T07:00:00Z,sell,1.07352,1.0743016372252856,1.0711750883241433,8138,A_short
EURUSD,A,2022-06-01T14:00:00Z,buy,1.06665,1.0651952075562932,1.071014377331121,8208,A_long
EURUSD,A,2022-06-01T14:15:00Z,buy,1.06533,1.0638451798821207,1.0697844603536384,8206,A_long
EURUSD,A,2022-06-01T15:30:00Z,buy,1.0628,1.061260528387124,1.067418414838628,8213,A_long
EURUSD,A,2022-06-02T06:45:00Z,sell,1.06764,1.0683193247899652,1.0656020256301042,8210,A_short
EURUSD,A,2022-06-02T07:15:00Z,sell,1.06816,1.0689018928422407,1.065934321473278,8200,A_short
EURUSD,A,2022-06-02T07:30:00Z,sell,1.06904,1.0698749737966085,1.0665350786101746,8187,A_short
EURUSD,A,2022-06-02T12:45:00Z,sell,1.0703,1.071378068491155,1.0670657945265354,8170,A_short
EURUSD,A,2022-06-02T14:00:00Z,sell,1.07165,1.07288547122869,1.0679435863139302,8151,A_short
EURUSD,A,2022-06-02T15:00:00Z,sell,1.07298,1.0743336101483973,1.0689191695548081,8130,A_short
EURUSD,A,2022-06-03T00:15:00Z,sell,1.07541,1.0757565753739766,1.07437027387807,8101,A_short
EURUSD,A,2022-06-03T00:30:00Z,sell,1.07601,1.0764276986574464,1.0747569040276606,8093,A_short
EURUSD,A,2022-06-03T04:45:00Z,buy,1.0746,1.0741942946957597,1.075817115912721,8100,A_long
EURUSD,A,2022-06-03T10:00:00Z,buy,1.07419,1.0735668831296268,1.0760593506111196,8112,A_long
EURUSD,A,2022-06-03T10:30:00Z,buy,1.0734,1.0727634366618084,1.0753096900145744,8112,A_long
EURUSD,A,2022-06-03T12:30:00Z,buy,1.07076,1.0696380021377365,1.0741259935867902,8127,A_long
EURUSD,A,2022-06-06T01:30:00Z,buy,1.0711,1.070544084772639,1.0727677456820826,8149,A_long
EURUSD,A,2022-06-06T05:00:00Z,sell,1.07339,1.0738457548450473,1.0720227354648584,8143,A_short
EURUSD,A,2022-06-06T08:00:00Z,sell,1.07501,1.075905276845688,1.072324169462936,8141,A_short
EURUSD,A,2022-06-06T15:15:00Z,buy,1.06853,1.067211800375514,1.072484598873458,8209,A_long
EURUSD,A,2022-06-07T06:00:00Z,buy,1.06659,1.0657644201622376,1.069066739513287,8213,A_long
EURUSD,A,2022-06-07T08:00:00Z,sell,1.07014,1.0711466880271572,1.0671199359185288,8204,A_short
EURUSD,A,2022-06-07T11:00:00Z,buy,1.06679,1.065873160756697,1.0695405177299089,8252,A_long
EURUSD,A,2022-06-07T11:45:00Z,buy,1.06619,1.0652727982762855,1.0689416051711433,8249,A_long
EURUSD,A,2022-06-07T14:30:00Z,sell,1.07036,1.071715954990551,1.0662921350283467,8209,A_short
EURUSD,A,2022-06-08T10:00:00Z,sell,1.07196,1.073090031736719,1.0685699047898434,8186,A_short
EURUSD,A,2022-06-08T11:00:00Z,sell,1.07325,1.0745399270406406,1.0693802188780783,8167,A_short
EURUSD,A,2022-06-08T17:30:00Z,buy,1.07181,1.0710224698605033,1.0741725904184898,8168,A_long
EURUSD,A,2022-06-09T00:30:00Z,buy,1.071,1.0706460378776366,1.07206188636709,8167,A_long
EURUSD,A,2022-06-09T02:45:00Z,sell,1.07228,1.0726916865608784,1.0710449403173643,8165,A_short
EURUSD,A,2022-06-09T03:30:00Z,sell,1.07282,1.0732777764071852,1.0714466707784447,8157,A_short
EURUSD,A,2022-06-09T03:45:00Z,sell,1.07294,1.0734127395528938,1.0715217813413185,8152,A_short
EURUSD,A,2022-06-09T07:45:00Z,buy,1.07018,1.0695029685374404,1.0722110943876784,8182,A_long
EURUSD,A,2022-06-09T08:00:00Z,buy,1.06989,1.0691765727324485,1.0720302818026546,8179,A_long
EURUSD,A,2022-06-09T11:30:00Z,sell,1.0745,1.0755408143462941,1.0713775569611177,8159,A_short
EURUSD,A,2022-06-09T12:15:00Z,sell,1.07606,1.078056802701869,1.0700695918943928,8170,A_short
EURUSD,A,2022-06-09T13:30:00Z,buy,1.06857,1.0659037332864723,1.0765688001405833,8272,A_long
EURUSD,A,2022-06-09T14:00:00Z,buy,1.06568,1.0629629374462837,1.0738311876611488,8273,A_long
EURUSD,A,2022-06-09T19:00:00Z,buy,1.06189,1.0607963170175712,1.0651710489472865,8281,A_long
EURUSD,A,2022-06-10T08:15:00Z,buy,1.06125,1.0602333806123345,1.0642998581629965,8276,A_long
EURUSD,A,2022-06-10T09:15:00Z,buy,1.05928,1.058169365603336,1.062611903189992,8283,A_long
EURUSD,A,2022-06-10T12:30:00Z,buy,1.05584,1.0543358853233196,1.0603523440300409,8301,A_long
EURUSD,A,2022-06-10T12:45:00Z,buy,1.05225,1.0503944339468771,1.0578166981593682,8316,A_long
EURUSD,A,2022-06-12T22:00:00Z,buy,1.05032,1.0497629803593644,1.0519910589219064,8316,A_long
EURUSD,A,2022-06-12T23:45:00Z,buy,1.04907,1.0481695889918843,1.051771233024347,8339,A_long
EURUSD,A,2022-06-13T06:45:00Z,buy,1.047,1.0461467541188298,1.0495597376435102,8347,A_long
EURUSD,A,2022-06-13T11:15:00Z,buy,1.04541,1.0443685758584247,1.0485342724247257,8352,A_long
EURUSD,A,2022-06-13T14:00:00Z,buy,1.04329,1.0418204897970567,1.0476985306088302,8360,A_long
EURUSD,A,2022-06-13T14:45:00Z,buy,1.04211,1.040715471432336,1.0462935857029927,8358,A_long
EURUSD,A,2022-06-14T07:15:00Z,sell,1.04604,1.0472427713758152,1.0424316858725546,8314,A_short
EURUSD,A,2022-06-14T07:45:00Z,sell,1.04676,1.0479142593889454,1.0432972218331633,8299,A_short
EURUSD,A,2022-06-14T14:00:00Z,buy,1.04242,1.0410701063579828,1.0464696809260512,8323,A_long
EURUSD,A,2022-06-14T14:45:00Z,buy,1.041,1.0396564573832558,1.0450306278502322,8323,A_long
EURUSD,A,2022-06-15T05:30:00Z,sell,1.04659,1.0476392209477574,1.0434423371567274,8310,A_short
EURUSD,A,2022-06-15T06:15:00Z,sell,1.04861,1.0501617387917699,1.0439547836246905,8285,A_short
EURUSD,A,2022-06-15T12:00:00Z,buy,1.04306,1.0413295246319076,1.0482514261042775,8316,A_long
EURUSD,A,2022-06-15T12:45:00Z,buy,1.04145,1.0394868016640892,1.0473395950077322,8315,A_long
EURUSD,A,2022-06-15T18:30:00Z,sell,1.04495,1.0479645740981816,1.0359062777054555,8271,A_short
EURUSD,A,2022-06-16T14:45:00Z,sell,1.04945,1.0517431313031984,1.0425706060904048,8211,A_short
EURUSD,A,2022-06-17T00:30:00Z,buy,1.05379,1.0530984139432027,1.055864758170392,8159,A_long
EURUSD,A,2022-06-17T01:00:00Z,buy,1.05302,1.0522376975840058,1.055366907247983,8159,A_long
EURUSD,A,2022-06-17T06:00:00Z,buy,1.05141,1.050609493871461,1.053811518385617,8164,A_long
EURUSD,A,2022-06-17T06:30:00Z,buy,1.05065,1.0497600198412307,1.0533199404763083,8163,A_long
EURUSD,A,2022-06-17T11:45:00Z,buy,1.04857,1.0471899779874203,1.052710066037739,8172,A_long
EURUSD,A,2022-06-17T14:00:00Z,buy,1.04681,1.0454269259265916,1.0509592222202253,8175,A_long
EURUSD,A,2022-06-17T14:30:00Z,buy,1.04571,1.0441715132515286,1.050325460245414,8172,A_long
EURUSD,A,2022-06-20T02:15:00Z,sell,1.05022,1.050898686693622,1.0481839399191335,8171,A_short
EURUSD,A,2022-06-20T02:30:00Z,sell,1.05168,1.0524721951344724,1.0493034145965825,8154,A_short
EURUSD,A,2022-06-20T03:00:00Z,sell,1.05257,1.0533822710121148,1.0501331869636557,8140,A_short
EURUSD,A,2022-06-20T09:00:00Z,sell,1.0538,1.0548307992890724,1.050707602132783,8124,A_short
EURUSD,A,2022-06-20T17:45:00Z,buy,1.05059,1.049854765028572,1.052795704914284,8172,A_long
EURUSD,A,2022-06-20T22:45:00Z,sell,1.05182,1.0522139544767677,1.0506381365696968,8156,A_short
EURUSD,A,2022-06-21T00:15:00Z,sell,1.0527,1.0532266832640047,1.0511199502079858,8145,A_short
EURUSD,A,2022-06-21T00:45:00Z,sell,1.05325,1.053938486540519,1.051184540378443,8136,A_short
EURUSD,A,2022-06-21T01:15:00Z,sell,1.05342,1.0541540187793232,1.0512179436620304,8129,A_short
EURUSD,A,2022-06-21T07:15:00Z,sell,1.05468,1.0554674383554077,1.0523176849337772,8113,A_short
EURUSD,A,2022-06-21T07:45:00Z,sell,1.05566,1.0565998981425062,1.0528403055724815,8098,A_short
EURUSD,A,2022-06-21T08:15:00Z,sell,1.05631,1.0572455679381492,1.0535032961855528,8085,A_short
EURUSD,A,2022-06-21T08:30:00Z,sell,1.05715,1.058108825546396,1.0542735233608123,8071,A_short
EURUSD,A,2022-06-21T16:00:00Z,buy,1.05322,1.051973221454054,1.056960335637838,8093,A_long
EURUSD,A,2022-06-22T00:00:00Z,buy,1.0522,1.0517183209651397,1.053645037104581,8091,A_long
EURUSD,A,2022-06-22T00:30:00Z,buy,1.05164,1.0510372277471491,1.0534483167585522,8091,A_long
EURUSD,A,2022-06-22T00:45:00Z,buy,1.05124,1.050590930714196,1.0531872078574116,8089,A_long
EURUSD,A,2022-06-22T01:30:00Z,buy,1.05047,1.0497456132678782,1.0526431601963655,8089,A_long
EURUSD,A,2022-06-22T04:45:00Z,buy,1.04963,1.0489920515185405,1.0515438454443788,8089,A_long
EURUSD,A,2022-06-22T05:45:00Z,buy,1.04881,1.0481958890552303,1.0506523328343091,8090,A_long
EURUSD,A,2022-06-22T07:00:00Z,buy,1.04731,1.046139539904505,1.0508213802864848,8115,A_long
EURUSD,A,2022-06-22T13:00:00Z,sell,1.05456,1.0557588159453934,1.0509635521638194,8085,A_short
EURUSD,A,2022-06-22T13:30:00Z,sell,1.0563,1.0577592884212066,1.0519221347363803,8062,A_short
EURUSD,A,2022-06-22T14:30:00Z,sell,1.05934,1.060975727340209,1.054432817979373,8027,A_short
EURUSD,A,2022-06-23T07:15:00Z,buy,1.05298,1.0516504431063542,1.0569686706809374,8112,A_long
EURUSD,A,2022-06-23T07:30:00Z,buy,1.0511,1.049526384025507,1.055820847923479,8115,A_long
EURUSD,A,2022-06-23T08:30:00Z,buy,1.0494,1.047866116230173,1.0540016513094814,8116,A_long
EURUSD,A,2022-06-24T01:30:00Z,sell,1.05312,1.0538389743057368,1.0509630770827898,8121,A_short
EURUSD,A,2022-06-24T07:15:00Z,buy,1.05257,1.051888639694495,1.0546140809165148,8120,A_long
EURUSD,A,2022-06-24T09:15:00Z,sell,1.05535,1.0562594784841903,1.052621564547429,8113,A_short
EURUSD,A,2022-06-24T14:00:00Z,sell,1.05607,1.0575757833651198,1.0515526499046408,8127,A_short
EURUSD,A,2022-06-27T07:15:00Z,sell,1.05814,1.0590156984710257,1.0555129045869232,8099,A_short
EURUSD,A,2022-06-27T07:45:00Z,sell,1.05877,1.0596303246293481,1.0561890261119555,8087,A_short
EURUSD,A,2022-06-27T15:00:00Z,sell,1.06044,1.0616306162437614,1.056868151268716,8093,A_short
EURUSD,A,2022-06-28T11:45:00Z,buy,1.05694,1.0560542441184348,1.0595972676446954,8146,A_long
EURUSD,A,2022-06-28T12:00:00Z,buy,1.05603,1.0550770115693102,1.0588889652920694,8146,A_long
EURUSD,A,2022-06-28T12:15:00Z,buy,1.05566,1.0546674100267355,1.0586377699197937,8140,A_long
EURUSD,A,2022-06-28T12:30:00Z,buy,1.05429,1.0532310886898373,1.057466733930488,8143,A_long
EURUSD,A,2022-06-28T13:00:00Z,buy,1.05282,1.0516418843937,1.0563543468189,8145,A_long
EURUSD,A,2022-06-29T04:30:00Z,buy,1.05121,1.0505038984927513,1.053328304521746,8148,A_long
EURUSD,A,2022-06-29T04:45:00Z,buy,1.05042,1.0496333786937178,1.0527798639188464,8148,A_long
EURUSD,A,2022-06-29T06:00:00Z,buy,1.04921,1.0483638722967263,1.0517483831098209,8151,A_long
EURUSD,A,2022-06-29T13:15:00Z,buy,1.04932,1.0479406548151238,1.0534580355546288,8168,A_long
EURUSD,A,2022-06-29T13:45:00Z,buy,1.0481,1.046725558505582,1.0522233244832544,8167,A_long
EURUSD,A,2022-06-30T01:00:00Z,buy,1.04338,1.042867268966434,1.044918193100698,8192,A_long
EURUSD,A,2022-06-30T07:00:00Z,buy,1.04357,1.0426293513729727,1.0463919458810822,8202,A_long
EURUSD,A,2022-06-30T10:00:00Z,buy,1.04184,1.0406703961242958,1.045348811627113,8237,A_long
EURUSD,A,2022-06-30T10:45:00Z,buy,1.04004,1.038906518602986,1.0434404441910423,8241,A_long
EURUSD,A,2022-06-30T11:30:00Z,buy,1.03894,1.037798655220966,1.0423640343371021,8240,A_long
EURUSD,A,2022-06-30T14:45:00Z,sell,1.04512,1.0468370078087164,1.0399689765738511,8217,A_short
EURUSD,A,2022-07-01T03:30:00Z,buy,1.04569,1.045151428220587,1.0473057153382392,8199,A_long
EURUSD,A,2022-07-01T03:45:00Z,buy,1.04543,1.0448685711245087,1.0471142866264742,8196,A_long
EURUSD,A,2022-07-01T04:00:00Z,buy,1.04479,1.044192761641241,1.0465817150762775,8196,A_long
EURUSD,A,2022-07-01T11:45:00Z,buy,1.04362,1.0424143012926899,1.0472370961219304,8219,A_long
EURUSD,A,2022-07-01T12:00:00Z,buy,1.0424,1.0411443944536645,1.0461668166390066,8218,A_long
EURUSD,A,2022-07-01T12:45:00Z,buy,1.04067,1.0394425791450965,1.0443522625647104,8221,A_long
EURUSD,A,2022-07-01T14:00:00Z,buy,1.03771,1.0360902007025783,1.0425693978922648,8235,A_long
EURUSD,A,2022-07-04T09:30:00Z,sell,1.04452,1.045422510144209,1.0418124695673727,8218,A_short
EURUSD,A,2022-07-04T10:30:00Z,sell,1.0454,1.0461886627600743,1.0430340117197776,8203,A_short
EURUSD,A,2022-07-04T11:00:00Z,sell,1.04611,1.0469718844731224,1.0435243465806332,8191,A_short
EURUSD,A,2022-07-04T14:00:00Z,buy,1.04351,1.0426364108643886,1.0461307674068339,8231,A_long
EURUSD,A,2022-07-04T14:45:00Z,buy,1.04231,1.0414501376797223,1.0448895869608334,8233,A_long
EURUSD,A,2022-07-05T07:00:00Z,buy,1.04029,1.0392583957200958,1.0433848128397123,8241,A_long
EURUSD,A,2022-07-05T07:15:00Z,buy,1.03856,1.0373859429574164,1.0420821711277506,8246,A_long
EURUSD,A,2022-07-05T07:30:00Z,buy,1.03779,1.0365924838964276,1.0413825483107173,8242,A_long
EURUSD,A,2022-07-05T07:45:00Z,buy,1.03747,1.0361668193769038,1.0413795418692882,8235,A_long
EURUSD,A,2022-07-05T08:00:00Z,buy,1.03551,1.0340672434599831,1.0398382696200503,8239,A_long
EURUSD,A,2022-07-05T08:15:00Z,buy,1.0335,1.0318562776653188,1.0384311670040438,8243,A_long
EURUSD,A,2022-07-05T08:45:00Z,buy,1.0307,1.0289245818908395,1.0360262543274814,8252,A_long
EURUSD,A,2022-07-05T13:15:00Z,buy,1.02629,1.0247645758966302,1.0308662723101092,8272,A_long
EURUSD,A,2022-07-05T14:45:00Z,buy,1.02422,1.0226639242665823,1.0288882272002529,8276,A_long
EURUSD,A,2022-07-06T09:00:00Z,buy,1.02293,1.0214769182272867,1.0272892453181395,8273,A_long
EURUSD,A,2022-07-06T10:00:00Z,buy,1.02158,1.0202539063997933,1.0255582808006198,8272,A_long
EURUSD,A,2022-07-06T10:30:00Z,buy,1.02034,1.0189705341402893,1.0244483975791323,8270,A_long
EURUSD,A,2022-07-06T10:45:00Z,buy,1.01954,1.0180917962549172,1.023884611235248,8265,A_long
EURUSD,A,2022-07-07T02:30:00Z,sell,1.01996,1.0205688692014014,1.0181333923957956,8249,A_short
EURUSD,A,2022-07-07T02:45:00Z,sell,1.02037,1.0210790199745479,1.0182429400763564,8240,A_short
EURUSD,A,2022-07-07T07:15:00Z,buy,1.01857,1.017568773911972,1.0215736782640836,8248,A_long
EURUSD,A,2022-07-07T12:45:00Z,buy,1.01702,1.0156218128063945,1.0212145615808166,8252,A_long
EURUSD,A,2022-07-07T15:30:00Z,buy,1.01533,1.0141069432508343,1.0189991702474974,8253,A_long
EURUSD,A,2022-07-08T01:00:00Z,sell,1.01906,1.0196296313443391,1.0173511059669829,8252,A_short
EURUSD,A,2022-07-08T04:00:00Z,buy,1.01399,1.013166338229391,1.016460985311827,8306,A_long
EURUSD,A,2022-07-08T07:15:00Z,buy,1.01133,1.0099517609834394,1.015464717049682,8347,A_long
EURUSD,A,2022-07-08T07:30:00Z,buy,1.0077,1.0058801928523142,1.0131594214430575,8365,A_long
EURUSD,A,2022-07-10T23:15:00Z,buy,1.01699,1.0164282047924562,1.0186753856226316,8333,A_long
EURUSD,A,2022-07-11T00:00:00Z,buy,1.01594,1.0153370417567487,1.0177488747297543,8336,A_long
EURUSD,A,2022-07-11T00:45:00Z,buy,1.01542,1.0148197631820968,1.0172207104537097,8334,A_long
EURUSD,A,2022-07-11T01:00:00Z,buy,1.01505,1.0144031280911505,1.0169906157265485,8332,A_long
EURUSD,A,2022-07-11T01:30:00Z,buy,1.01393,1.0132556828773531,1.0159529513679406,8335,A_long
EURUSD,A,2022-07-11T06:15:00Z,buy,1.01334,1.0126820222681214,1.0153139331956353,8334,A_long
EURUSD,A,2022-07-11T06:45:00Z,buy,1.01274,1.0119296078369444,1.0151711764891667,8332,A_long
EURUSD,A,2022-07-11T07:15:00Z,buy,1.01177,1.0107493943308605,1.0148318170074186,8333,A_long
EURUSD,A,2022-07-11T07:45:00Z,buy,1.01108,1.0100110117418464,1.0142869647744608,8330,A_long
EURUSD,A,2022-07-11T11:15:00Z,buy,1.0096,1.0085056355817958,1.0128830932546127,8332,A_long
EURUSD,A,2022-07-11T11:45:00Z,buy,1.00899,1.0079013440592155,1.0122559678223537,8327,A_long
EURUSD,A,2022-07-11T12:30:00Z,buy,1.00775,1.0064726260438803,1.0115821218683587,8328,A_long
EURUSD,A,2022-07-11T13:00:00Z,buy,1.00563,1.0041805057840703,1.0099784826477893,8334,A_long
EURUSD,A,2022-07-11T19:30:00Z,buy,1.0041,1.0030575489487954,1.0072273531536138,8334,A_long
EURUSD,A,2022-07-12T01:00:00Z,buy,1.00131,1.0002448952144047,1.0045053143567855,8348,A_long
EURUSD,A,2022-07-12T11:15:00Z,sell,1.00526,1.0068181312767206,1.0005856061698384,8305,A_short
EURUSD,A,2022-07-12T19:30:00Z,buy,1.00372,1.0029826001567748,1.0059321995296755,8305,A_long
EURUSD,A,2022-07-13T01:30:00Z,buy,1.00239,1.0016540257337017,1.0045979227988946,8309,A_long
EURUSD,A,2022-07-13T07:15:00Z,buy,1.00102,0.9997094334669542,1.0049516995991374,8337,A_long
EURUSD,A,2022-07-13T10:15:00Z,sell,1.00539,1.006617669971189,1.0017069900864328,8333,A_short
EURUSD,A,2022-07-13T10:30:00Z,sell,1.00599,1.0072926473083639,1.0020820580749081,8317,A_short
EURUSD,A,2022-07-13T12:30:00Z,buy,1.00065,0.9982996065866875,1.0077011802399376,8350,A_long
EURUSD,A,2022-07-13T14:45:00Z,sell,1.01072,1.0140044284228122,1.0008667147315635,8324,A_short
EURUSD,A,2022-07-14T06:45:00Z,buy,1.00065,0.9997157785425576,1.0034526643723276,8488,A_long
EURUSD,A,2022-07-14T09:45:00Z,sell,1.00464,1.0058546847841614,1.0009959456475157,8477,A_short
EURUSD,A,2022-07-14T13:15:00Z,buy,0.99717,0.9957989084957718,1.0012832745126845,8570,A_long
EURUSD,A,2022-07-14T13:30:00Z,buy,0.99533,0.9937963873630022,0.9999308379109935,8573,A_long
EURUSD,A,2022-07-14T15:30:00Z,sell,1.00373,1.0059801914939865,0.9969794255180404,8540,A_short
EURUSD,A,2022-07-15T15:15:00Z,sell,1.00962,1.0113473980951488,1.0044378057145533,8470,A_short
EURUSD,A,2022-07-18T07:00:00Z,sell,1.01368,1.0150340668640527,1.0096177994078415,8421,A_short
EURUSD,A,2022-07-18T12:15:00Z,buy,1.01203,1.0107721209146157,1.015803637256153,8423,A_long
EURUSD,A,2022-07-18T14:15:00Z,sell,1.01767,1.0189843551407043,1.0137269345778874,8407,A_short
EURUSD,A,2022-07-18T14:30:00Z,sell,1.01895,1.0203077744552769,1.0148766766341695,8385,A_short
EURUSD,A,2022-07-19T00:45:00Z,buy,1.01286,1.0123477607282945,1.014396717815117,8468,A_long
EURUSD,A,2022-07-19T01:45:00Z,buy,1.01224,1.0115607402303373,1.0142777793089883,8468,A_long
EURUSD,A,2022-07-19T06:15:00Z,sell,1.01584,1.0167785058280847,1.0130244825157462,8454,A_short
EURUSD,A,2022-07-19T06:45:00Z,sell,1.01662,1.0175909665997616,1.0137071002007156,8439,A_short
EURUSD,A,2022-07-19T07:00:00Z,sell,1.01758,1.0186508377197931,1.0143674868406203,8422,A_short
EURUSD,A,2022-07-19T07:15:00Z,sell,1.01928,1.020492059357154,1.0156438219285377,8399,A_short
EURUSD,A,2022-07-19T07:30:00Z,sell,1.02104,1.0225891181095335,1.0163926456713994,8374,A_short
EURUSD,A,2022-07-19T07:45:00Z,sell,1.02412,1.0259119023615957,1.0187442929152126,8335,A_short
EURUSD,A,2022-07-19T19:45:00Z,buy,1.02214,1.0214096393539291,1.0243310819382128,8336,A_long
EURUSD,A,2022-07-20T00:15:00Z,sell,1.02446,1.025003126432269,1.0228306207031927,8334,A_short
EURUSD,A,2022-07-20T07:00:00Z,sell,1.02562,1.0265064503992987,1.022960648802104,8320,A_short
EURUSD,A,2022-07-20T07:15:00Z,sell,1.02608,1.0270829236793924,1.0230712289618233,8308,A_short
EURUSD,A,2022-07-20T10:30:00Z,buy,1.01883,1.0169646989552232,1.02442590313433,8391,A_long
EURUSD,A,2022-07-20T17:00:00Z,buy,1.01781,1.0163471746464463,1.0221984760606615,8383,A_long
EURUSD,A,2022-07-20T17:30:00Z,buy,1.01619,1.0148016556233306,1.020355033130008,8384,A_long
EURUSD,A,2022-07-21T02:30:00Z,sell,1.02065,1.021254148897593,1.0188375533072211,8381,A_short
EURUSD,A,2022-07-21T03:00:00Z,sell,1.02099,1.0215943607275253,1.0191769178174244,8372,A_short
EURUSD,A,2022-07-21T08:00:00Z,buy,1.01788,1.0164544700334686,1.022156589899594,8392,A_long
EURUSD,A,2022-07-21T12:15:00Z,sell,1.02421,1.0262329479745036,1.0181411560764895,8374,A_short
EURUSD,A,2022-07-21T12:30:00Z,sell,1.02762,1.0298745549112363,1.0208563352662912,8329,A_short
EURUSD,A,2022-07-21T19:45:00Z,sell,1.02113,1.022114124197409,1.0181776274077734,8436,A_short
EURUSD,A,2022-07-21T20:15:00Z,sell,1.02212,1.023184075508276,1.0189277734751718,8419,A_short
EURUSD,A,2022-07-21T20:45:00Z,sell,1.02285,1.0238903944928828,1.0197288165213518,8404,A_short
EURUSD,A,2022-07-22T01:15:00Z,buy,1.01947,1.018807404071998,1.021457787784006,8457,A_long
EURUSD,A,2022-07-22T06:45:00Z,sell,1.02085,1.0216714573646806,1.0183856279059584,8439,A_short
EURUSD,A,2022-07-22T07:30:00Z,buy,1.01391,1.0122193861243844,1.018981841626847,8516,A_long
EURUSD,A,2022-07-22T12:00:00Z,sell,1.01891,1.020502191799816,1.0141334246005518,8516,A_short
EURUSD,A,2022-07-22T13:45:00Z,sell,1.02336,1.0253603903265949,1.0173588290202156,8464,A_short
EURUSD,A,2022-07-22T18:30:00Z,buy,1.0196,1.0183874444544943,1.0232376666365175,8478,A_long
EURUSD,A,2022-07-25T00:45:00Z,buy,1.01822,1.0175190348799754,1.0203228953600734,8479,A_long
EURUSD,A,2022-07-25T08:45:00Z,sell,1.0222,1.0236695910908082,1.0177912267275753,8463,A_short
EURUSD,A,2022-07-25T09:00:00Z,sell,1.02453,1.0262636456120338,1.0193290631638985,8431,A_short
EURUSD,A,2022-07-26T09:15:00Z,buy,1.0183,1.0168719825448769,1.0225840523653693,8524,A_long
EURUSD,A,2022-07-26T10:00:00Z,buy,1.01533,1.0138323127855096,1.0198230616434716,8537,A_long
EURUSD,A,2022-07-26T10:15:00Z,buy,1.01513,1.0135800044141083,1.0197799867576753,8525,A_long
EURUSD,A,2022-07-26T16:00:00Z,buy,1.01087,1.0095572405740676,1.014808278277797,8547,A_long
EURUSD,A,2022-07-27T06:15:00Z,buy,1.01351,1.012824054188,1.0155678374359995,8557,A_long
EURUSD,A,2022-07-27T06:45:00Z,buy,1.01312,1.01240131181232,1.0152760645630399,8554,A_long
EURUSD,A,2022-07-27T11:00:00Z,sell,1.01686,1.0179386360462779,1.0136240918611668,8539,A_short
EURUSD,A,2022-07-27T14:00:00Z,buy,1.01234,1.0110896025763163,1.0160911922710512,8604,A_long
EURUSD,A,2022-07-27T14:15:00Z,buy,1.01103,1.0096729888994742,1.0151010333015777,8603,A_long
EURUSD,A,2022-07-27T18:30:00Z,sell,1.01839,1.0208076884696435,1.011136934591069,8529,A_short
EURUSD,A,2022-07-27T18:45:00Z,sell,1.01994,1.0224446633403579,1.0124260099789266,8496,A_short
EURUSD,A,2022-07-28T05:45:00Z,sell,1.02209,1.0229783387517173,1.019424983744848,8457,A_short
EURUSD,A,2022-07-28T07:30:00Z,buy,1.01918,1.0177881559443613,1.0233555321669159,8473,A_long
EURUSD,A,2022-07-28T09:45:00Z,buy,1.01532,1.0136361419013717,1.0203715742958848,8493,A_long
EURUSD,A,2022-07-28T10:45:00Z,buy,1.01336,1.0117020469895324,1.018333859031403,8495,A_long
EURUSD,A,2022-07-28T18:45:00Z,sell,1.01764,1.0185917811921132,1.0147846564236607,8445,A_short
EURUSD,A,2022-07-28T19:00:00Z,sell,1.01831,1.0192722103664982,1.0154233689005057,8431,A_short
EURUSD,A,2022-07-29T03:00:00Z,sell,1.02043,1.0210567876391798,1.0185496370824603,8405,A_short
EURUSD,A,2022-07-29T03:45:00Z,sell,1.02131,1.0221764392424528,1.0187106822726413,8392,A_short
EURUSD,A,2022-07-29T06:15:00Z,sell,1.02495,1.0261011988769524,1.021496403369143,8354,A_short
EURUSD,A,2022-07-29T12:30:00Z,buy,1.01826,1.0165940368730264,1.0232578893809205,8436,A_long
EURUSD,A,2022-07-29T13:00:00Z,buy,1.01544,1.0137105432512954,1.0206283702461134,8445,A_long
EURUSD,A,2022-07-31T23:30:00Z,buy,1.02069,1.0200527430080721,1.022601770975784,8443,A_long
EURUSD,A,2022-08-01T01:00:00Z,sell,1.02321,1.024078852220484,1.0206034433385478,8438,A_short
EURUSD,A,2022-08-01T05:45:00Z,buy,1.02159,1.0209661938268388,1.0234614185194835,8443,A_long
EURUSD,A,2022-08-01T08:30:00Z,sell,1.02587,1.0272432589389886,1.0217502231830344,8422,A_short
EURUSD,A,2022-08-01T23:00:00Z,sell,1.02669,1.027110923398913,1.0254272298032612,8404,A_short
EURUSD,A,2022-08-02T00:15:00Z,sell,1.02709,1.027708710481057,1.0252338685568294,8396,A_short
EURUSD,A,2022-08-02T00:30:00Z,sell,1.0285,1.0293962157502494,1.0258113527492516,8379,A_short
EURUSD,A,2022-08-02T06:00:00Z,buy,1.02585,1.025052157951053,1.0282435261468408,8422,A_long
EURUSD,A,2022-08-02T06:30:00Z,buy,1.02396,1.02301548752768,1.02679353741696,8430,A_long
EURUSD,A,2022-08-02T07:30:00Z,buy,1.02273,1.0215068244795666,1.0263995265612997,8432,A_long
EURUSD,A,2022-08-02T12:15:00Z,buy,1.02162,1.0204209926779226,1.025217021966232,8430,A_long
EURUSD,A,2022-08-02T14:00:00Z,buy,1.01938,1.0177233119689657,1.0243500640931027,8438,A_long
EURUSD,A,2022-08-02T17:15:00Z,buy,1.01752,1.0162439541884165,1.0213481374347504,8439,A_long
EURUSD,A,2022-08-03T00:15:00Z,buy,1.01508,1.0144988556835408,1.0168234329493775,8448,A_long
EURUSD,A,2022-08-03T03:45:00Z,sell,1.01912,1.019864208713391,1.0168873738598274,8428,A_short
EURUSD,A,2022-08-03T06:30:00Z,buy,1.01633,1.0154428359715866,1.01899149208524,8469,A_long
EURUSD,A,2022-08-03T06:45:00Z,buy,1.01593,1.0149931245087085,1.0187406264738745,8464,A_long
EURUSD,A,2022-08-03T11:15:00Z,sell,1.02071,1.0219306806986037,1.017047957904189,8446,A_short
EURUSD,A,2022-08-03T14:00:00Z,buy,1.01466,1.0131597360405402,1.019160791878379,8526,A_long
EURUSD,A,2022-08-03T14:15:00Z,buy,1.01393,1.0123711045684685,1.0186066862945946,8519,A_long
EURUSD,A,2022-08-04T01:30:00Z,sell,1.01741,1.0179805913722608,1.0156982258832172,8477,A_short
EURUSD,A,2022-08-04T07:00:00Z,sell,1.01789,1.018738609020449,1.0153441729386525,8486,A_short
EURUSD,A,2022-08-04T08:45:00Z,sell,1.01914,1.020137844917705,1.0161464652468848,8468,A_short
EURUSD,A,2022-08-04T14:45:00Z,sell,1.02116,1.0225127574681485,1.0171017275955547,8475,A_short
EURUSD,A,2022-08-04T15:15:00Z,sell,1.02283,1.0242637600538536,1.018528719838439,8449,A_short
EURUSD,A,2022-08-05T00:00:00Z,buy,1.02391,1.0234522174784477,1.0252833475646572,8428,A_long
EURUSD,A,2022-08-05T00:30:00Z,buy,1.02343,1.0229597544615896,1.0248407366152315,8427,A_long
EURUSD,A,2022-08-05T06:00:00Z,buy,1.02248,1.0219727416784985,1.0240017749645047,8430,A_long
EURUSD,A,2022-08-05T12:30:00Z,buy,1.01736,1.0158406470444108,1.0219180588667678,8468,A_long
EURUSD,A,2022-08-05T12:45:00Z,buy,1.01578,1.0141965607718226,1.0205303176845317,8468,A_long
EURUSD,A,2022-08-05T13:15:00Z,buy,1.01549,1.0138710612019468,1.0203468163941596,8456,A_long
EURUSD,A,2022-08-08T07:30:00Z,sell,1.02075,1.021670643865494,1.0179880684035179,8452,A_short
EURUSD,A,2022-08-08T14:45:00Z,sell,1.02168,1.0227506330082645,1.0184681009752061,8466,A_short
EURUSD,A,2022-08-09T08:15:00Z,sell,1.02301,1.0237685160185461,1.0207344519443615,8445,A_short
EURUSD,A,2022-08-09T08:30:00Z,sell,1.0243,1.0251453805494066,1.02176385835178,8428,A_short
EURUSD,A,2022-08-10T02:45:00Z,sell,1.0218,1.0221717152938063,1.0206848541185811,8468,A_short
EURUSD,A,2022-08-10T08:00:00Z,buy,1.02036,1.01979071532302,1.02206785403094,8489,A_long
EURUSD,A,2022-08-10T09:15:00Z,sell,1.02271,1.0234313326163884,1.0205460021508348,8483,A_short
EURUSD,A,2022-08-10T10:30:00Z,sell,1.0237,1.024474951073102,1.0213751467806944,8468,A_short
EURUSD,A,2022-08-10T10:45:00Z,sell,1.02416,1.024967624263355,1.021737127209935,8457,A_short
EURUSD,A,2022-08-10T11:15:00Z,sell,1.02487,1.0257731488911421,1.0221605533265734,8444,A_short
EURUSD,A,2022-08-10T11:45:00Z,sell,1.02581,1.0267821429449024,1.0228935711652931,8428,A_short
EURUSD,A,2022-08-10T12:30:00Z,sell,1.03373,1.0360096083110963,1.0268911750667111,8355,A_short
EURUSD,A,2022-08-11T01:15:00Z,buy,1.0289,1.028397609115721,1.0304071726528368,8375,A_long
EURUSD,A,2022-08-11T01:30:00Z,buy,1.02862,1.0281085945669584,1.0301542162991253,8373,A_long
EURUSD,A,2022-08-11T06:45:00Z,sell,1.03115,1.0320348022122525,1.0284955933632425,8347,A_short
EURUSD,A,2022-08-11T07:15:00Z,sell,1.03211,1.0330408069949808,1.029317579015058,8332,A_short
EURUSD,A,2022-08-11T13:00:00Z,sell,1.03548,1.03670495768206,1.03180512695382,8296,A_short
EURUSD,A,2022-08-12T00:15:00Z,buy,1.03105,1.030518046582313,1.0326458602530613,8361,A_long
EURUSD,A,2022-08-12T07:45:00Z,buy,1.02971,1.0288518268312805,1.032284519506158,8366,A_long
EURUSD,A,2022-08-12T08:00:00Z,buy,1.02936,1.028496249920443,1.031951250238671,8362,A_long
EURUSD,A,2022-08-12T11:45:00Z,buy,1.02776,1.0268629924879589,1.0304510225361234,8367,A_long
EURUSD,A,2022-08-12T14:15:00Z,buy,1.02584,1.0246685283128778,1.029354415061367,8375,A_long
EURUSD,A,2022-08-12T14:45:00Z,buy,1.02447,1.0231582723772281,1.0284051828683156,8375,A_long
EURUSD,A,2022-08-15T08:30:00Z,buy,1.02176,1.0209025257495659,1.0243324227513024,8386,A_long
EURUSD,A,2022-08-15T08:45:00Z,buy,1.02069,1.0196815223162905,1.0237154330511289,8387,A_long
EURUSD,A,2022-08-15T09:15:00Z,buy,1.01927,1.018196698984236,1.0224899030472918,8390,A_long
EURUSD,A,2022-08-16T00:30:00Z,buy,1.01487,1.0143427501236049,1.0164517496291852,8417,A_long
EURUSD,A,2022-08-16T07:00:00Z,buy,1.01422,1.013392535854839,1.0167023924354825,8434,A_long
EURUSD,A,2022-08-16T07:15:00Z,buy,1.01395,1.0131195310741938,1.0164414067774181,8429,A_long
EURUSD,A,2022-08-16T09:00:00Z,buy,1.01315,1.012002483876469,1.016592548370593,8428,A_long
EURUSD,A,2022-08-16T13:30:00Z,sell,1.01651,1.0175592561598643,1.0133622315204072,8427,A_short
EURUSD,A,2022-08-16T13:45:00Z,sell,1.0176,1.0187026886718824,1.014291933984353,8409,A_short
EURUSD,A,2022-08-16T14:30:00Z,sell,1.01898,1.0201685768924817,1.0154142693225547,8388,A_short
EURUSD,A,2022-08-17T07:15:00Z,buy,1.01606,1.0152170177305413,1.018588946808376,8440,A_long
EURUSD,A,2022-08-17T14:00:00Z,sell,1.01848,1.0199130826293217,1.0141807521120352,8413,A_short
EURUSD,A,2022-08-17T18:30:00Z,sell,1.01957,1.0206690435124413,1.0162728694626766,8391,A_short
EURUSD,A,2022-08-18T06:45:00Z,buy,1.0151,1.0143575698393779,1.017327290481866,8454,A_long
EURUSD,A,2022-08-18T13:30:00Z,buy,1.01331,1.011962458054256,1.0173526258372314,8487,A_long
EURUSD,A,2022-08-18T14:00:00Z,buy,1.01257,1.011194379605197,1.016696861184409,8481,A_long
EURUSD,A,2022-08-19T00:00:00Z,buy,1.00805,1.0076090756271092,1.009372773118672,8507,A_long
EURUSD,A,2022-08-19T00:30:00Z,buy,1.00799,1.0075351723599175,1.0093544829202472,8503,A_long
EURUSD,A,2022-08-19T01:30:00Z,buy,1.00743,1.0068862731411676,1.0090611805764973,8503,A_long
EURUSD,A,2022-08-19T10:00:00Z,buy,1.00628,1.005377148150892,1.0089885555473244,8525,A_long
EURUSD,A,2022-08-19T11:15:00Z,buy,1.00508,1.0042370242217469,1.0076089273347593,8527,A_long
EURUSD,A,2022-08-22T00:15:00Z,buy,1.00268,1.0020976169552624,1.0044271491342127,8540,A_long
EURUSD,A,2022-08-22T02:45:00Z,sell,1.0045,1.0051741941734302,1.002477417479709,8539,A_short
EURUSD,A,2022-08-22T06:30:00Z,buy,1.00232,1.0017562037424712,1.0040113887725868,8573,A_long
EURUSD,A,2022-08-22T07:15:00Z,buy,1.0015,1.0007840117399138,1.0036479647802588,8575,A_long
EURUSD,A,2022-08-22T07:45:00Z,buy,1.00037,0.9996139021513131,1.0026382935460607,8577,A_long
EURUSD,A,2022-08-22T08:00:00Z,buy,1.00031,0.9995133818644714,1.0026998544065862,8571,A_long
EURUSD,A,2022-08-22T13:45:00Z,buy,0.99694,0.9957457088250666,1.0005228735248002,8592,A_long
EURUSD,A,2022-08-22T15:00:00Z,buy,0.99577,0.9946263685225158,0.9992008944324526,8591,A_long
EURUSD,A,2022-08-22T15:15:00Z,buy,0.99344,0.9921141860528471,0.9974174418414588,8601,A_long
EURUSD,A,2022-08-23T05:15:00Z,buy,0.99225,0.9916084514175365,0.9941746457473903,8599,A_long
EURUSD,A,2022-08-23T05:45:00Z,buy,0.99196,0.9913107479536163,0.9939077561391509,8595,A_long
EURUSD,A,2022-08-23T06:15:00Z,buy,0.9914,0.9906891395740495,0.9935325812778514,8594,A_long
EURUSD,A,2022-08-23T06:30:00Z,buy,0.99076,0.9899625876308429,0.9931522371074712,8592,A_long
EURUSD,A,2022-08-23T13:30:00Z,sell,0.99631,0.9977551463238319,0.9919745610285045,8564,A_short
EURUSD,A,2022-08-23T13:45:00Z,sell,0.99975,1.001470460147321,0.9945886195580371,8521,A_short
EURUSD,A,2022-08-23T14:00:00Z,sell,1.00014,1.001929732127678,0.9947708036169658,8503,A_short
EURUSD,A,2022-08-24T01:00:00Z,buy,0.99492,0.9943134086793223,0.9967397739620333,8592,A_long
EURUSD,A,2022-08-24T06:00:00Z,buy,0.99397,0.9933410912573529,0.9958567262279413,8594,A_long
EURUSD,A,2022-08-24T10:15:00Z,buy,0.99352,0.9926032472901846,0.9962702581294461,8614,A_long
EURUSD,A,2022-08-24T10:30:00Z,buy,0.99248,0.9915121476514933,0.9953835570455202,8614,A_long
EURUSD,A,2022-08-24T14:45:00Z,sell,0.99898,1.0008705604269208,0.9933083187192375,8549,A_short
EURUSD,A,2022-08-25T06:15:00Z,sell,1.00146,1.0023251448324921,0.9988645655025237,8511,A_short
EURUSD,A,2022-08-25T06:30:00Z,sell,1.00268,1.0036897921881598,0.9996506234355207,8492,A_short
EURUSD,A,2022-08-25T10:30:00Z,buy,0.99781,0.9966861181522209,1.0011816455433373,8559,A_long
EURUSD,A,2022-08-26T00:00:00Z,buy,0.99627,0.9958580132741707,0.9975059601774879,8562,A_long
EURUSD,A,2022-08-26T05:45:00Z,buy,0.99596,0.9955102488756206,0.9973092533731381,8560,A_long
EURUSD,A,2022-08-26T06:45:00Z,buy,0.9951,0.9944173392224513,0.9971479823326459,8563,A_long
EURUSD,A,2022-08-26T08:30:00Z,sell,0.99815,0.9990011844981596,0.9955964465055213,8554,A_short
EURUSD,A,2022-08-26T08:45:00Z,sell,0.99888,0.9997590265650717,0.996242920304785,8539,A_short
EURUSD,A,2022-08-26T09:15:00Z,sell,1.00048,1.001405935508876,0.9977021934733721,8517,A_short
EURUSD,A,2022-08-26T12:45:00Z,sell,1.00326,1.0046843597747788,0.9989869206756639,8485,A_short
EURUSD,A,2022-08-26T13:15:00Z,sell,1.00682,1.008505230230834,1.0017643093074984,8443,A_short
EURUSD,A,2022-08-26T14:00:00Z,sell,1.00729,1.009675609131005,1.0001331726069849,8424,A_short
EURUSD,A,2022-08-28T21:45:00Z,buy,0.99567,0.9950854869138229,0.9974235392585314,8581,A_long
EURUSD,A,2022-08-28T22:15:00Z,buy,0.99522,0.994606121281938,0.9970616361541859,8579,A_long
EURUSD,A,2022-08-28T22:45:00Z,buy,0.99482,0.9942146422073225,0.9966360733780327,8577,A_long
EURUSD,A,2022-08-28T23:00:00Z,buy,0.99436,0.9936980232463462,0.9963459302609616,8575,A_long
EURUSD,A,2022-08-28T23:15:00Z,buy,0.99397,0.9932416201468333,0.9961551395595003,8572,A_long
EURUSD,A,2022-08-29T04:30:00Z,buy,0.99154,0.990928308911093,0.993375073266721,8586,A_long
EURUSD,A,2022-08-29T06:30:00Z,sell,0.99421,0.9949491291752622,0.9919926124742134,8578,A_short
EURUSD,A,2022-08-29T09:00:00Z,sell,0.99557,0.9967437430567703,0.992048770829689,8559,A_short
EURUSD,A,2022-08-29T10:00:00Z,sell,0.99704,0.9981768761569269,0.9936293715292196,8535,A_short
EURUSD,A,2022-08-29T10:15:00Z,sell,0.99827,0.9994832926693366,0.9946301219919903,8514,A_short
EURUSD,A,2022-08-29T12:15:00Z,sell,1.00189,1.0035780228203113,0.996825931539066,8473,A_short
EURUSD,A,2022-08-30T14:30:00Z,buy,0.99887,0.997303479863662,1.0035695604090142,8483,A_long
EURUSD,A,2022-08-31T04:00:00Z,sell,1.00348,1.0040252620618664,1.0018442138144006,8483,A_short
EURUSD,A,2022-08-31T04:30:00Z,sell,1.00426,1.0048384412820242,1.0025246761539273,8471,A_short
EURUSD,A,2022-08-31T07:00:00Z,buy,1.00076,0.9999439769474585,1.0032080691576248,8515,A_long
EURUSD,A,2022-08-31T07:45:00Z,buy,1.00011,0.9991711962529085,1.0029264112412748,8513,A_long
EURUSD,A,2022-08-31T08:30:00Z,buy,0.99897,0.9975835550126341,1.003129334962098,8514,A_long
EURUSD,A,2022-08-31T08:45:00Z,buy,0.9979,0.9964690810109496,1.0021927569671514,8510,A_long
EURUSD,A,2022-08-31T14:30:00Z,sell,1.00569,1.0076431856637569,0.9998304430087293,8480,A_short
EURUSD,A,2022-08-31T23:30:00Z,buy,1.00401,1.0035298338964969,1.0054504983105097,8477,A_long
EURUSD,A,2022-08-31T23:45:00Z,buy,1.0038,1.0033025227102972,1.0052924318691085,8474,A_long
EURUSD,A,2022-09-01T00:00:00Z,buy,1.0027,1.0021181863489241,1.0044454409532273,8478,A_long
EURUSD,A,2022-09-01T00:30:00Z,buy,1.00211,1.0014868599687476,1.0039794200937573,8477,A_long
EURUSD,A,2022-09-01T07:45:00Z,sell,1.00297,1.0038785356536633,1.00024439303901,8464,A_short
EURUSD,A,2022-09-01T08:00:00Z,sell,1.00353,1.0045293975665084,1.000531807300475,8451,A_short
EURUSD,A,2022-09-01T08:15:00Z,sell,1.00334,1.004408811224307,1.0001335663270785,8443,A_short
EURUSD,A,2022-09-01T11:45:00Z,buy,1.00037,0.9992430686110728,1.0037507941667814,8459,A_long
EURUSD,A,2022-09-01T12:30:00Z,buy,0.99918,0.998053923478082,1.002558229565754,8459,A_long
EURUSD,A,2022-09-01T14:00:00Z,buy,0.99376,0.9921085215261952,0.9987144354214142,8494,A_long
EURUSD,A,2022-09-02T00:00:00Z,sell,0.99552,0.9959601860285765,0.9941994419142703,8465,A_short
EURUSD,A,2022-09-02T04:45:00Z,sell,0.99665,0.9971152175884934,0.9952543472345199,8451,A_short
EURUSD,A,2022-09-02T05:00:00Z,sell,0.99685,0.9973425219100276,0.9953724342699173,8444,A_short
EURUSD,A,2022-09-02T05:15:00Z,sell,0.99715,0.9976595189886905,0.9956214430339283,8437,A_short
EURUSD,A,2022-09-02T07:15:00Z,sell,0.999,0.9997837453318273,0.996648764004518,8416,A_short
EURUSD,A,2022-09-02T09:45:00Z,sell,1.00043,1.0015306208299215,0.9971281375102352,8397,A_short
EURUSD,A,2022-09-02T10:00:00Z,sell,1.00077,1.001907871385932,0.9973563858422039,8384,A_short
EURUSD,A,2022-09-02T14:45:00Z,sell,1.00255,1.004180430102483,0.9976587096925511,8359,A_short
EURUSD,A,2022-09-02T16:30:00Z,buy,0.99659,0.9946958412349748,1.0022724762950754,8449,A_long
EURUSD,A,2022-09-02T17:15:00Z,buy,0.99526,0.9934947713165155,1.0005556860504536,8444,A_long
EURUSD,A,2022-09-04T21:00:00Z,buy,0.9927,0.9915365319993976,0.9961904040018073,8445,A_long
EURUSD,A,2022-09-04T21:45:00Z,buy,0.99211,0.9910166372748672,0.9953900881753985,8439,A_long
EURUSD,A,2022-09-04T22:15:00Z,buy,0.99092,0.9897094297753447,0.994551710673966,8438,A_long
EURUSD,A,2022-09-05T05:00:00Z,buy,0.98862,0.9876934626541605,0.9913996120375188,8447,A_long
EURUSD,A,2022-09-05T22:00:00Z,sell,0.99425,0.9947111456990417,0.9928665629028747,8422,A_short
EURUSD,A,2022-09-05T22:15:00Z,sell,0.99463,0.9951443262725028,0.9930870211824916,8414,A_short
EURUSD,A,2022-09-06T00:00:00Z,sell,0.99592,0.9967025878620572,0.9935722364138284,8398,A_short
EURUSD,A,2022-09-06T00:45:00Z,sell,0.99681,0.9975729349727229,0.9945211950818311,8383,A_short
EURUSD,A,2022-09-06T07:00:00Z,sell,0.99726,0.9982775595485412,0.9942073213543764,8397,A_short
EURUSD,A,2022-09-06T07:30:00Z,sell,0.99781,0.9989643447275709,0.9943469658172872,8384,A_short
EURUSD,A,2022-09-06T09:00:00Z,buy,0.99387,0.9925429643790273,0.9978511068629181,8445,A_long
EURUSD,A,2022-09-06T10:45:00Z,buy,0.99256,0.9912554769969034,0.9964735690092897,8444,A_long
EURUSD,A,2022-09-06T12:45:00Z,buy,0.99001,0.9887388989059542,0.9938233032821371,8454,A_long
EURUSD,A,2022-09-06T13:00:00Z,buy,0.98903,0.9876977123851604,0.9930268628445188,8451,A_long
EURUSD,A,2022-09-06T22:45:00Z,buy,0.98964,0.9891947932123425,0.9909756203629724,8433,A_long
EURUSD,A,2022-09-06T23:00:00Z,buy,0.98916,0.9886888207840302,0.9905735376479096,8433,A_long
EURUSD,A,2022-09-07T01:00:00Z,buy,0.98845,0.9877362551259037,0.9905912346222892,8434,A_long
EURUSD,A,2022-09-07T06:45:00Z,sell,0.99065,0.9915300409585707,0.9880098771242881,8409,A_short
EURUSD,A,2022-09-07T07:45:00Z,sell,0.99237,0.9936127826136837,0.9886416521589488,8386,A_short
EURUSD,A,2022-09-07T11:45:00Z,buy,0.98782,0.9864607695256956,0.9918976914229133,8455,A_long
EURUSD,A,2022-09-07T14:15:00Z,sell,0.99357,0.9952188689675076,0.9886233930974772,8440,A_short
EURUSD,A,2022-09-07T15:00:00Z,sell,0.99512,0.9966926355915894,0.9904020932252319,8412,A_short
EURUSD,A,2022-09-08T00:30:00Z,buy,0.9986,0.9980276446325199,1.0003170661024403,8369,A_long
EURUSD,A,2022-09-08T06:00:00Z,sell,1.00095,1.0015805538042926,0.9990583385871223,8344,A_short
EURUSD,A,2022-09-08T11:30:00Z,sell,1.00239,1.0034154212874848,0.999313736137545,8346,A_short
EURUSD,A,2022-09-08T13:00:00Z,buy,0.99371,0.9910631556065427,1.001650533180372,8444,A_long
EURUSD,A,2022-09-09T00:00:00Z,sell,1.002,1.0024703826011632,1.0005888521965105,8440,A_short
EURUSD,A,2022-09-09T00:15:00Z,sell,1.00326,1.0038956649210082,1.0013530052369755,8425,A_short
EURUSD,A,2022-09-09T00:30:00Z,sell,1.00475,1.005540909598207,1.002377271205379,8406,A_short
EURUSD,A,2022-09-09T07:00:00Z,sell,1.01006,1.0112406388526252,1.0065180834421243,8355,A_short
EURUSD,A,2022-09-09T11:30:00Z,buy,1.00543,1.004063943940045,1.0095281681798653,8383,A_long
EURUSD,A,2022-09-09T11:45:00Z,buy,1.00371,1.0022354180813724,1.0081337457558832,8385,A_long
EURUSD,A,2022-09-11T21:00:00Z,sell,1.00937,1.0107261445342297,1.0053015663973113,8392,A_short
EURUSD,A,2022-09-12T06:30:00Z,sell,1.01064,1.0114742631021816,1.0081372106934552,8370,A_short
EURUSD,A,2022-09-12T06:45:00Z,sell,1.01439,1.015622361355224,1.0106929159343276,8332,A_short
EURUSD,A,2022-09-12T07:00:00Z,sell,1.01626,1.017833379841194,1.0115398604764176,8306,A_short
EURUSD,A,2022-09-12T07:15:00Z,sell,1.0195,1.0213515958623682,1.0139452124128956,8266,A_short
EURUSD,A,2022-09-12T18:15:00Z,buy,1.01122,1.0102689015074369,1.0140732954776894,8378,A_long
EURUSD,A,2022-09-13T00:00:00Z,sell,1.01412,1.0147022067471516,1.0123733797585448,8376,A_short
EURUSD,A,2022-09-13T06:00:00Z,sell,1.01464,1.015310435147316,1.0126286945580523,8386,A_short
EURUSD,A,2022-09-13T10:00:00Z,sell,1.01675,1.0177910240787496,1.0136269277637515,8362,A_short
EURUSD,A,2022-09-13T10:45:00Z,sell,1.0179,1.018961715526226,1.014714853421322,8344,A_short
EURUSD,A,2022-09-13T12:30:00Z,buy,1.00507,1.0026279355433871,1.0123961933698382,8476,A_long
EURUSD,A,2022-09-13T13:00:00Z,buy,1.00102,0.9983458271414776,1.0090425185755674,8489,A_long
EURUSD,A,2022-09-14T02:00:00Z,sell,0.99883,0.999631262214062,0.9964262133578141,8484,A_short
EURUSD,A,2022-09-14T04:30:00Z,sell,0.9995,1.0001248105531322,0.9976255683406037,8471,A_short
EURUSD,A,2022-09-14T06:30:00Z,buy,0.99699,0.9961057970067978,0.9996426089796068,8486,A_long
EURUSD,A,2022-09-14T06:45:00Z,buy,0.99665,0.9957263574058914,0.9994209277823258,8481,A_long
EURUSD,A,2022-09-14T10:15:00Z,sell,1.00211,1.003358752314547,0.998363743056359,8457,A_short
EURUSD,A,2022-09-14T14:15:00Z,buy,0.9971,0.9956776795548345,1.0013669613354963,8530,A_long
EURUSD,A,2022-09-15T08:15:00Z,sell,0.99824,0.9989953402149462,0.9959739793551615,8508,A_short
EURUSD,A,2022-09-15T08:30:00Z,sell,0.99871,0.9995526281862867,0.99618211544114,8496,A_short
EURUSD,A,2022-09-15T12:45:00Z,sell,1.00075,1.0020569266917956,0.9968292199246134,8471,A_short
EURUSD,A,2022-09-16T07:45:00Z,buy,0.99559,0.9943711255072667,0.9992466234781998,8547,A_long
EURUSD,A,2022-09-16T14:15:00Z,sell,0.9997,1.0011169382894223,0.9954491851317333,8542,A_short
EURUSD,A,2022-09-16T14:30:00Z,sell,1.00165,1.0031513465174993,0.9971459604475019,8513,A_short
EURUSD,A,2022-09-16T14:45:00Z,sell,1.00302,1.004666500315166,0.998080499054502,8488,A_short
EURUSD,A,2022-09-19T05:45:00Z,buy,0.99807,0.9974922797742742,0.9998031606771773,8571,A_long
EURUSD,A,2022-09-19T06:00:00Z,buy,0.99761,0.9969933091377043,0.999460072586887,8569,A_long
EURUSD,A,2022-09-19T06:45:00Z,buy,0.99708,0.9962948948668255,0.9994353153995232,8568,A_long
EURUSD,A,2022-09-19T10:45:00Z,sell,0.99938,1.0004503528486244,0.996168941454127,8567,A_short
EURUSD,A,2022-09-19T14:45:00Z,sell,1.00115,1.0022832142327858,0.9977503573016426,8542,A_short
EURUSD,A,2022-09-19T19:00:00Z,sell,1.00243,1.0030871622722088,1.0004585131833732,8521,A_short
EURUSD,A,2022-09-20T00:00:00Z,sell,1.00493,1.005624336349925,1.0028469909502251,8494,A_short
EURUSD,A,2022-09-20T12:15:00Z,buy,0.99653,0.995309841152409,1.0001904765427732,8582,A_long
EURUSD,A,2022-09-21T05:45:00Z,buy,0.99501,0.9943311256961316,0.9970466229116051,8584,A_long
EURUSD,A,2022-09-21T06:00:00Z,buy,0.99325,0.9922456422699807,0.9962630731900578,8592,A_long
EURUSD,A,2022-09-21T06:30:00Z,buy,0.99075,0.9891560601938967,0.99553181941831,8605,A_long
EURUSD,A,2022-09-21T06:45:00Z,buy,0.98974,0.987994585501377,0.9949762434958689,8599,A_long
EURUSD,A,2022-09-21T14:45:00Z,buy,0.98784,0.9866520063262182,0.9914039810213456,8599,A_long
EURUSD,A,2022-09-21T15:15:00Z,buy,0.98752,0.9863859069739149,0.990922279078255,8591,A_long
EURUSD,A,2022-09-21T18:00:00Z,buy,0.98316,0.9815402636461605,0.9880192090615185,8619,A_long
EURUSD,A,2022-09-22T00:00:00Z,buy,0.98191,0.9810087617140036,0.9846137148579889,8671,A_long
EURUSD,A,2022-09-22T00:30:00Z,buy,0.98151,0.9805536921318516,0.9843789236044451,8666,A_long
EURUSD,A,2022-09-22T07:30:00Z,sell,0.98505,0.9862938416275195,0.9813184751174413,8659,A_short
EURUSD,A,2022-09-22T08:00:00Z,sell,0.98631,0.9878867521557814,0.981579743532656,8636,A_short
EURUSD,A,2022-09-22T08:15:00Z,sell,0.98693,0.9885725185350105,0.9820024443949684,8616,A_short
EURUSD,A,2022-09-22T08:30:00Z,sell,0.98994,0.9918968493970092,0.9840694518089727,8575,A_short
EURUSD,A,2022-09-22T13:45:00Z,buy,0.9838,0.9821250715328944,0.9888247854013168,8678,A_long
EURUSD,A,2022-09-22T14:45:00Z,buy,0.98151,0.9797342589244641,0.9868372232266077,8683,A_long
EURUSD,A,2022-09-23T07:00:00Z,buy,0.97926,0.9779462859443563,0.9832011421669312,8687,A_long
EURUSD,A,2022-09-23T07:30:00Z,buy,0.97726,0.9757840992204276,0.9816877023387172,8692,A_long
EURUSD,A,2022-09-23T08:00:00Z,buy,0.97561,0.97405147897001,0.98028556308997,8693,A_long
EURUSD,A,2022-09-23T14:30:00Z,buy,0.9711,0.9691859008934598,0.9768422973196205,8719,A_long
EURUSD,A,2022-09-26T00:30:00Z,buy,0.96685,0.9656229023443903,0.970531292966829,8740,A_long
EURUSD,A,2022-09-26T00:45:00Z,buy,0.95688,0.9542098486984716,0.964890453904585,8818,A_long
EURUSD,A,2022-09-26T07:00:00Z,sell,0.96802,0.9700172798074442,0.9620281605776673,8788,A_short
EURUSD,A,2022-09-26T07:15:00Z,sell,0.96905,0.971123642499785,0.9628290725006449,8759,A_short
EURUSD,A,2022-09-26T15:30:00Z,buy,0.96138,0.9592388523173553,0.9678034430479342,8885,A_long
EURUSD,A,2022-09-26T22:15:00Z,buy,0.95858,0.9576809493939947,0.9612771518180158,8890,A_long
EURUSD,A,2022-09-27T00:00:00Z,sell,0.96323,0.9642119096841176,0.9602842709476472,8871,A_short
EURUSD,A,2022-09-27T05:30:00Z,sell,0.9651,0.9658368282290773,0.9628895153127678,8844,A_short
EURUSD,A,2022-09-27T06:15:00Z,sell,0.96596,0.9669664212205283,0.9629407363384151,8829,A_short
EURUSD,A,2022-09-27T09:45:00Z,buy,0.96079,0.9593549852958861,0.9650950441123417,8903,A_long
EURUSD,A,2022-09-28T00:30:00Z,buy,0.95741,0.9565632452311448,0.9599502643065656,8973,A_long
EURUSD,A,2022-09-28T01:15:00Z,buy,0.95592,0.9549838043771334,0.9587285868685999,8978,A_long
EURUSD,A,2022-09-28T02:00:00Z,buy,0.95529,0.9542562809530554,0.9583911571408338,8975,A_long
EURUSD,A,2022-09-28T13:30:00Z,sell,0.96125,0.963385425236278,0.9548437242911662,8909,A_short
EURUSD,A,2022-09-28T14:30:00Z,sell,0.96338,0.9656914212379918,0.9564457362860247,8869,A_short
EURUSD,A,2022-09-28T15:45:00Z,sell,0.96788,0.9702378531894225,0.9608064404317325,8806,A_short
EURUSD,A,2022-09-28T16:00:00Z,sell,0.97035,0.9727881394308329,0.9630355817075016,8761,A_short
EURUSD,A,2022-09-28T23:30:00Z,buy,0.97094,0.9702633233304843,0.9729700300085473,8734,A_long
EURUSD,A,2022-09-29T00:00:00Z,buy,0.97005,0.9692598739682303,0.9724203780953089,8735,A_long
EURUSD,A,2022-09-29T00:45:00Z,buy,0.96891,0.9680426735135415,0.9715119794593758,8737,A_long
EURUSD,A,2022-09-29T05:30:00Z,buy,0.96605,0.9652019566770331,0.9685941299689005,8754,A_long
EURUSD,A,2022-09-29T07:15:00Z,buy,0.96514,0.9638934062509129,0.9688797812472613,8754,A_long
EURUSD,A,2022-09-29T07:30:00Z,buy,0.96469,0.9633896187507912,0.9685911437476266,8746,A_long
EURUSD,A,2022-09-29T09:30:00Z,sell,0.97043,0.9722497295546985,0.9649708113359047,8729,A_short
EURUSD,A,2022-09-29T11:00:00Z,sell,0.97205,0.9737408011695744,0.9669775964912767,8697,A_short
EURUSD,A,2022-09-29T11:30:00Z,sell,0.97373,0.975420868434036,0.968657394697892,8667,A_short
EURUSD,A,2022-09-29T14:45:00Z,sell,0.97653,0.9789635432449603,0.9692293702651192,8686,A_short
EURUSD,A,2022-09-29T20:45:00Z,sell,0.98146,0.9824544923263042,0.9784765230210873,8620,A_short
EURUSD,A,2022-09-29T22:00:00Z,sell,0.98331,0.9842044841735776,0.9806265474792671,8595,A_short
EURUSD,A,2022-09-30T02:15:00Z,buy,0.98034,0.9793126291190525,0.9834221126428425,8612,A_long
EURUSD,A,2022-09-30T08:00:00Z,sell,0.98405,0.9857805322969265,0.9788584031092203,8570,A_short
EURUSD,A,2022-09-30T10:00:00Z,buy,0.97859,0.9769689701841194,0.9834530894476415,8662,A_long
EURUSD,A,2022-09-30T10:15:00Z,buy,0.97641,0.9746451074929036,0.9817046775212893,8666,A_long
EURUSD,A,2022-09-30T15:00:00Z,sell,0.9808,0.9831852765465019,0.9736441703604943,8611,A_short
EURUSD,A,2022-10-03T09:30:00Z,buy,0.97664,0.9751070161872438,0.9812389514382683,8627,A_long
EURUSD,A,2022-10-03T14:15:00Z,sell,0.9818,0.9839185323358138,0.9754444029925585,8620,A_short
EURUSD,A,2022-10-03T15:15:00Z,sell,0.9834,0.985437291892211,0.9772881243233673,8587,A_short
EURUSD,A,2022-10-04T06:00:00Z,sell,0.98541,0.9866225804035711,0.9817722587892868,8551,A_short
EURUSD,A,2022-10-04T06:15:00Z,sell,0.98605,0.9872809030164282,0.9823572909507152,8534,A_short
EURUSD,A,2022-10-04T07:00:00Z,sell,0.98821,0.9895598648672868,0.9841604053981399,8504,A_short
EURUSD,A,2022-10-04T07:15:00Z,sell,0.98825,0.9896265495516485,0.9841203513450543,8492,A_short
EURUSD,A,2022-10-04T12:15:00Z,sell,0.99163,0.9931522402453647,0.9870632792639058,8451,A_short
EURUSD,A,2022-10-04T12:45:00Z,sell,0.99239,0.9939382604509628,0.9877452186471116,8430,A_short
EURUSD,A,2022-10-04T14:00:00Z,sell,0.99477,0.9964426728528322,0.9897519814415037,8397,A_short
EURUSD,A,2022-10-04T15:00:00Z,sell,0.99681,0.9984692483822171,0.9918322548533487,8365,A_short
EURUSD,A,2022-10-05T07:45:00Z,buy,0.99405,0.9927129998515062,0.9980610004454814,8374,A_long
EURUSD,A,2022-10-05T08:15:00Z,buy,0.99296,0.991562164332909,0.9971535070012728,8371,A_long
EURUSD,A,2022-10-05T13:15:00Z,buy,0.98782,0.98623500903945,0.99257497288165,8402,A_long
EURUSD,A,2022-10-05T14:00:00Z,buy,0.98523,0.983452629588051,0.9905621112358471,8410,A_long
EURUSD,A,2022-10-05T23:45:00Z,sell,0.99116,0.9918472234873937,0.989098329537819,8404,A_short
EURUSD,A,2022-10-06T00:00:00Z,sell,0.99165,0.9924242603557413,0.9893272189327763,8393,A_short
EURUSD,A,2022-10-06T00:15:00Z,sell,0.99244,0.9932403589749758,0.9900389230750727,8379,A_short
EURUSD,A,2022-10-06T06:45:00Z,buy,0.98963,0.9886964431892964,0.9924306704321109,8422,A_long
EURUSD,A,2022-10-06T08:15:00Z,buy,0.98818,0.9869137566344326,0.991978730096702,8426,A_long
EURUSD,A,2022-10-06T11:30:00Z,buy,0.98649,0.9853096583264486,0.9900310250206542,8429,A_long
EURUSD,A,2022-10-06T13:15:00Z,buy,0.98328,0.9817136331857199,0.9879791004428404,8445,A_long
EURUSD,A,2022-10-06T16:00:00Z,buy,0.97928,0.9774886065065858,0.9846541804802429,8466,A_long
EURUSD,A,2022-10-07T06:15:00Z,buy,0.97745,0.9766254057518009,0.9799237827445975,8465,A_long
EURUSD,A,2022-10-07T12:30:00Z,buy,0.97531,0.9736953094834546,0.9801540715496362,8476,A_long
EURUSD,A,2022-10-07T12:45:00Z,buy,0.975,0.9732032682189939,0.9803901953430181,8464,A_long
EURUSD,A,2022-10-10T01:45:00Z,sell,0.97501,0.9757526169141999,0.9727821492574005,8448,A_short
EURUSD,A,2022-10-10T05:30:00Z,buy,0.97218,0.971437358085262,0.9744079257442142,8491,A_long
EURUSD,A,2022-10-10T07:30:00Z,buy,0.97043,0.9692746245024857,0.973896126492543,8499,A_long
EURUSD,A,2022-10-10T08:00:00Z,buy,0.96903,0.9678109846263114,0.9726870461210655,8500,A_long
EURUSD,A,2022-10-10T18:00:00Z,sell,0.97175,0.9728910109952226,0.9683269670143323,8507,A_short
EURUSD,A,2022-10-11T02:15:00Z,buy,0.96845,0.967514922453595,0.971255232639215,8565,A_long
EURUSD,A,2022-10-11T07:00:00Z,sell,0.97041,0.9714924332239209,0.9671627003282374,8539,A_short
EURUSD,A,2022-10-11T07:15:00Z,sell,0.97113,0.9722694421273982,0.9677116736178056,8522,A_short
EURUSD,A,2022-10-11T07:30:00Z,sell,0.97128,0.9724661831770784,0.9677214504687648,8510,A_short
EURUSD,A,2022-10-11T11:15:00Z,sell,0.97374,0.9750886350741371,0.9696940947775888,8478,A_short
EURUSD,A,2022-10-11T15:45:00Z,sell,0.97558,0.9771720493426513,0.970803851972046,8496,A_short
EURUSD,A,2022-10-11T16:30:00Z,sell,0.97727,0.97879576960172,0.9726926911948399,8467,A_short
EURUSD,A,2022-10-12T00:00:00Z,buy,0.96917,0.9685167366007856,0.971129790197643,8576,A_long
EURUSD,A,2022-10-12T01:30:00Z,buy,0.96879,0.9678527580668578,0.9716017257994268,8596,A_long
EURUSD,A,2022-10-12T04:00:00Z,sell,0.9716,0.9727789667613032,0.9680630997160906,8595,A_short
EURUSD,A,2022-10-12T13:00:00Z,buy,0.96983,0.9686715583795432,0.9733053248613702,8600,A_long
EURUSD,A,2022-10-12T14:15:00Z,buy,0.96863,0.9674322447347039,0.9722232657958882,8600,A_long
EURUSD,A,2022-10-12T14:30:00Z,buy,0.96734,0.96596461210341,0.9714661636897699,8600,A_long
EURUSD,A,2022-10-12T18:00:00Z,sell,0.97154,0.972834527743966,0.967656416768102,8598,A_short
EURUSD,A,2022-10-13T09:00:00Z,sell,0.97291,0.9739575801408349,0.9697672595774955,8574,A_short
EURUSD,A,2022-10-13T09:15:00Z,sell,0.97405,0.9752259027887235,0.9705222916338295,8554,A_short
EURUSD,A,2022-10-13T12:30:00Z,buy,0.96488,0.9624590350976705,0.9721428947069883,8624,A_long
EURUSD,A,2022-10-14T01:30:00Z,sell,0.97943,0.9803430286945223,0.9766909139164333,8558,A_short
EURUSD,A,2022-10-14T01:45:00Z,sell,0.97996,0.9809619582019193,0.9769541253942422,8545,A_short
EURUSD,A,2022-10-14T07:15:00Z,buy,0.97621,0.9749701913213901,0.9799294260358299,8603,A_long
EURUSD,A,2022-10-14T08:15:00Z,buy,0.97507,0.973819707937387,0.9788208761878389,8602,A_long
EURUSD,A,2022-10-14T09:15:00Z,buy,0.97282,0.9715373346844388,0.9766679959466836,8610,A_long
EURUSD,A,2022-10-14T12:45:00Z,sell,0.9773,0.9791378581816165,0.9717864254551504,8559,A_short
EURUSD,A,2022-10-14T13:00:00Z,sell,0.97904,0.9810634770907344,0.9729695687277969,8527,A_short
EURUSD,A,2022-10-17T00:30:00Z,sell,0.97491,0.9756108132375567,0.9728075602873301,8615,A_short
EURUSD,A,2022-10-17T10:00:00Z,sell,0.97673,0.9780389149701985,0.9728032550894046,8592,A_short
EURUSD,A,2022-10-17T12:45:00Z,sell,0.97752,0.9789398535890462,0.9732604392328611,8572,A_short
EURUSD,A,2022-10-17T13:30:00Z,sell,0.97888,0.9802833535807807,0.9746699392576579,8548,A_short
EURUSD,A,2022-10-17T14:45:00Z,sell,0.98166,0.983217198302642,0.976988405092074,8510,A_short
EURUSD,A,2022-10-18T01:45:00Z,buy,0.9832,0.9825108537902038,0.9852674386293886,8483,A_long
EURUSD,A,2022-10-18T04:15:00Z,sell,0.9859,0.9868283498269846,0.9831149505190461,8453,A_short
EURUSD,A,2022-10-18T08:45:00Z,buy,0.98287,0.9814841487504028,0.9870275537487917,8471,A_long
EURUSD,A,2022-10-18T10:45:00Z,buy,0.98191,0.9805964333970659,0.985850699808802,8467,A_long
EURUSD,A,2022-10-18T13:15:00Z,sell,0.98666,0.9880459835286761,0.9825020494139716,8458,A_short
EURUSD,A,2022-10-19T03:45:00Z,buy,0.9844,0.9838408345178791,0.986077496446363,8512,A_long
EURUSD,A,2022-10-19T04:30:00Z,buy,0.98388,0.9833740306476385,0.9853979080570844,8511,A_long
EURUSD,A,2022-10-19T06:45:00Z,buy,0.98215,0.9813235740802846,0.9846292777591461,8521,A_long
EURUSD,A,2022-10-19T10:15:00Z,buy,0.97908,0.9777672376871032,0.9830182869386903,8540,A_long
EURUSD,A,2022-10-19T11:00:00Z,buy,0.97619,0.9747679381329084,0.9804561856012748,8553,A_long
EURUSD,A,2022-10-20T10:45:00Z,sell,0.98066,0.9818580407827648,0.9770658776517054,8550,A_short
EURUSD,A,2022-10-20T11:00:00Z,sell,0.98258,0.9839796353450629,0.9783810939648112,8522,A_short
EURUSD,A,2022-10-20T14:15:00Z,sell,0.98348,0.9853415601748272,0.9778953194755184,8549,A_short
EURUSD,A,2022-10-20T23:15:00Z,buy,0.97745,0.9770000976561828,0.9787997070314518,8650,A_long
EURUSD,A,2022-10-21T00:00:00Z,buy,0.97707,0.9765119035705581,0.9787442892883258,8649,A_long
EURUSD,A,2022-10-21T07:15:00Z,sell,0.97959,0.9807310848544448,0.9761667454366654,8620,A_short
EURUSD,A,2022-10-21T09:30:00Z,buy,0.97389,0.9726245228429128,0.9776864314712618,8700,A_long
EURUSD,A,2022-10-21T12:15:00Z,buy,0.97138,0.9698852962134797,0.9758641113595609,8711,A_long
EURUSD,A,2022-10-21T13:45:00Z,sell,0.97974,0.9823471195276037,0.9719186414171892,8675,A_short
EURUSD,A,2022-10-21T15:45:00Z,sell,0.98547,0.9886566656871029,0.9759100029386912,8601,A_short
EURUSD,A,2022-10-23T23:15:00Z,buy,0.98332,0.9819960500483816,0.987291849854855,8592,A_long
EURUSD,A,2022-10-24T06:00:00Z,sell,0.98556,0.9864796407884553,0.9828010776346341,8606,A_short
EURUSD,A,2022-10-24T09:15:00Z,buy,0.98132,0.9799456892515146,0.9854429322454561,8666,A_long
EURUSD,A,2022-10-24T12:00:00Z,sell,0.98521,0.9867836326749118,0.9804891019752648,8667,A_short
EURUSD,A,2022-10-24T13:45:00Z,sell,0.98751,0.9895272185232064,0.9814583444303809,8632,A_short
EURUSD,A,2022-10-25T05:00:00Z,buy,0.98767,0.9871817049089786,0.9891348852730644,8613,A_long
EURUSD,A,2022-10-25T05:45:00Z,buy,0.98706,0.9865263098326004,0.9886610705021991,8613,A_long
EURUSD,A,2022-10-25T06:30:00Z,buy,0.98664,0.9859299385784364,0.9887701842646908,8612,A_long
EURUSD,A,2022-10-25T06:45:00Z,buy,0.98611,0.9853306134346449,0.9884481596960655,8609,A_long
EURUSD,A,2022-10-25T13:00:00Z,sell,0.9901,0.9912638589592656,0.9866084231222031,8567,A_short
EURUSD,A,2022-10-25T13:15:00Z,sell,0.99274,0.9941340110980301,0.9885579667059095,8534,A_short
EURUSD,A,2022-10-25T13:30:00Z,sell,0.99438,0.9958814762849595,0.9898755711451217,8507,A_short
EURUSD,A,2022-10-25T13:45:00Z,sell,0.99677,0.998415279446965,0.9918341616591053,8473,A_short
EURUSD,A,2022-10-26T06:45:00Z,sell,0.99825,0.999214475082004,0.9953565747539879,8446,A_short
EURUSD,A,2022-10-26T07:15:00Z,sell,1.00015,1.001361005728261,0.9965169828152176,8422,A_short
EURUSD,A,2022-10-26T07:30:00Z,sell,1.00224,1.0036522049644927,0.998003385106522,8393,A_short
EURUSD,A,2022-10-26T08:00:00Z,sell,1.00269,1.0041798783955524,0.998220364813343,8377,A_short
EURUSD,A,2022-10-26T14:45:00Z,sell,1.00478,1.0064767405560715,0.9996897783317855,8346,A_short
EURUSD,A,2022-10-26T15:15:00Z,sell,1.00689,1.0085368851287828,1.0019493446136518,8314,A_short
EURUSD,A,2022-10-26T23:45:00Z,sell,1.00932,1.0098972027533857,1.007588391739843,8280,A_short
EURUSD,A,2022-10-27T02:00:00Z,buy,1.00687,1.0061771208868824,1.0089486373393526,8313,A_long
EURUSD,A,2022-10-27T02:30:00Z,buy,1.00622,1.005571126355036,1.0081666209348916,8312,A_long
EURUSD,A,2022-10-27T06:30:00Z,buy,1.00557,1.004693587313686,1.0081992380589424,8332,A_long
EURUSD,A,2022-10-27T09:15:00Z,buy,1.00467,1.0035761067710567,1.0079516796868297,8332,A_long
EURUSD,A,2022-10-27T09:30:00Z,buy,1.00327,1.0021006258682492,1.0067781223952528,8333,A_long
EURUSD,A,2022-10-27T12:15:00Z,buy,0.99983,0.998052931093977,1.005161206718069,8352,A_long
EURUSD,A,2022-10-27T13:00:00Z,buy,0.99747,0.9951539939595458,1.0044180181213624,8356,A_long
EURUSD,A,2022-10-28T07:15:00Z,buy,0.99472,0.9935148594891571,0.998335421532529,8359,A_long
EURUSD,A,2022-10-28T13:00:00Z,sell,0.99886,1.0006458643817344,0.9935024068547966,8314,A_short
EURUSD,A,2022-10-28T19:30:00Z,sell,0.99644,0.9973185047349669,0.9938044857950994,8377,A_short
EURUSD,A,2022-10-31T07:45:00Z,buy,0.99296,0.9920740264061706,0.995617920781488,8428,A_long
EURUSD,A,2022-10-31T08:15:00Z,buy,0.9919,0.9909785353895237,0.9946643938314288,8429,A_long
EURUSD,A,2022-10-31T12:45:00Z,buy,0.99089,0.9898094550021987,0.994131634993404,8460,A_long
EURUSD,A,2022-10-31T13:45:00Z,buy,0.98897,0.9878085124803516,0.9924544625589452,8467,A_long
EURUSD,A,2022-11-01T01:00:00Z,sell,0.98915,0.9896124284137223,0.9877627147588329,8455,A_short
EURUSD,A,2022-11-01T01:30:00Z,sell,0.98957,0.9901261351196402,0.9879015946410792,8447,A_short
EURUSD,A,2022-11-01T02:15:00Z,sell,0.99009,0.9906586900319555,0.9883839299041336,8437,A_short
EURUSD,A,2022-11-01T02:30:00Z,sell,0.99027,0.9908628646943614,0.9884914059169159,8430,A_short
EURUSD,A,2022-11-01T05:30:00Z,sell,0.99157,0.9921288903748042,0.9898933288755871,8413,A_short
EURUSD,A,2022-11-01T05:45:00Z,sell,0.99247,0.9931143716581636,0.990536885025509,8400,A_short
EURUSD,A,2022-11-01T06:00:00Z,sell,0.99337,0.9940977887704086,0.9911866336887742,8386,A_short
EURUSD,A,2022-11-01T14:00:00Z,buy,0.99035,0.9889371431002237,0.9945885706993286,8429,A_long
EURUSD,A,2022-11-01T14:30:00Z,buy,0.98832,0.9866974541508348,0.9931876375474956,8433,A_long
EURUSD,A,2022-11-01T14:45:00Z,buy,0.98688,0.98512579359739,0.9921426192078298,8431,A_long
EURUSD,A,2022-11-02T18:00:00Z,sell,0.99438,0.9964835299162816,0.9880694102511552,8411,A_short
EURUSD,A,2022-11-03T01:15:00Z,sell,0.98334,0.9841733199272285,0.9808400402183146,8487,A_short
EURUSD,A,2022-11-03T07:00:00Z,buy,0.97988,0.9790418482568708,0.9823944552293875,8538,A_long
EURUSD,A,2022-11-03T07:15:00Z,buy,0.97803,0.9770116018226214,0.9810851945321357,8546,A_long
EURUSD,A,2022-11-03T08:15:00Z,buy,0.97681,0.9754339776722151,0.9809380669833546,8547,A_long
EURUSD,A,2022-11-03T14:15:00Z,sell,0.97801,0.9797063615904023,0.9729209152287934,8524,A_short
EURUSD,A,2022-11-04T11:00:00Z,sell,0.98053,0.981781367808629,0.976775896574113,8486,A_short
EURUSD,A,2022-11-04T12:45:00Z,sell,0.98473,0.9870469662605462,0.9777791012183613,8482,A_short
EURUSD,A,2022-11-04T13:00:00Z,sell,0.98718,0.98968137075914,0.9796758877225799,8440,A_short
EURUSD,A,2022-11-04T14:00:00Z,sell,0.99012,0.9928624800049738,0.9818925599850786,8393,A_short
EURUSD,A,2022-11-04T14:15:00Z,sell,0.99224,0.9950848160043106,0.9837055519870681,8351,A_short
EURUSD,A,2022-11-04T19:00:00Z,sell,0.99575,0.9970790547610107,0.9917628357169681,8298,A_short
EURUSD,A,2022-11-07T05:30:00Z,sell,0.9949,0.9956531594474136,0.9926405216577592,8349,A_short
EURUSD,A,2022-11-07T07:30:00Z,buy,0.99282,0.9919401799125054,0.995459460262484,8384,A_long
EURUSD,A,2022-11-07T08:15:00Z,sell,0.99588,0.9970623006614002,0.9923330980157993,8380,A_short
EURUSD,A,2022-11-07T08:30:00Z,sell,0.99743,0.9987439939065469,0.9934880182803595,8356,A_short
EURUSD,A,2022-11-07T08:45:00Z,sell,0.99864,1.0000654613856739,0.9943636158429783,8334,A_short
EURUSD,A,2022-11-07T09:00:00Z,sell,0.99983,1.0013427332009175,0.9952918003972475,8312,A_short
EURUSD,A,2022-11-07T17:15:00Z,sell,1.00238,1.003794010026621,0.9981379699201374,8277,A_short
EURUSD,A,2022-11-08T14:15:00Z,sell,1.00105,1.0019079311276462,0.9984762066170614,8322,A_short
EURUSD,A,2022-11-08T15:00:00Z,sell,1.00424,1.005464478425908,1.0005665647222763,8288,A_short
EURUSD,A,2022-11-08T15:15:00Z,sell,1.00481,1.0062205479691202,1.0005783560926393,8273,A_short
EURUSD,A,2022-11-08T15:30:00Z,sell,1.00692,1.0085171415732375,1.0021285752802878,8243,A_short
EURUSD,A,2022-11-09T06:00:00Z,buy,1.00575,1.004937608475041,1.0081871745748767,8239,A_long
EURUSD,A,2022-11-09T10:00:00Z,buy,1.00453,1.0031814473142056,1.008575658057383,8268,A_long
EURUSD,A,2022-11-09T13:15:00Z,buy,1.00249,1.0013160650389041,1.006011804883288,8273,A_long
EURUSD,A,2022-11-10T00:15:00Z,sell,1.00222,1.0027475549825438,1.0006373350523692,8265,A_short
EURUSD,A,2022-11-10T01:00:00Z,sell,1.00248,1.0030728587545625,1.0007014237363125,8258,A_short
EURUSD,A,2022-11-10T05:00:00Z,sell,1.00346,1.0041104709087105,1.0015085872738685,8244,A_short
EURUSD,A,2022-11-10T07:15:00Z,buy,1.00059,0.9995862890982331,1.0036011327053012,8262,A_long
EURUSD,A,2022-11-10T09:15:00Z,buy,0.99775,0.9965048833534111,1.0014853499397667,8276,A_long
EURUSD,A,2022-11-10T09:45:00Z,buy,0.99608,0.9947997123854511,0.9999208628436467,8279,A_long
EURUSD,A,2022-11-10T10:15:00Z,buy,0.99413,0.9926441839695165,0.9985874480914504,8284,A_long
EURUSD,A,2022-11-10T13:30:00Z,sell,1.01194,1.0152200146661396,1.0020999560015813,8173,A_short
EURUSD,A,2022-11-10T13:45:00Z,sell,1.01223,1.0157953460439877,1.0015339618680368,8144,A_short
EURUSD,A,2022-11-10T20:45:00Z,sell,1.01965,1.0207642189424504,1.0163073431726486,8056,A_short
EURUSD,A,2022-11-10T21:00:00Z,sell,1.02112,1.0224443230834572,1.0171470307496284,8036,A_short
EURUSD,A,2022-11-11T01:30:00Z,buy,1.01675,1.015743277384835,1.0197701678454953,8100,A_long
EURUSD,A,2022-11-11T05:00:00Z,sell,1.02015,1.0210621717069226,1.0174134848792318,8096,A_short
EURUSD,A,2022-11-11T05:15:00Z,sell,1.02114,1.0221438821459996,1.018128353562001,8081,A_short
EURUSD,A,2022-11-11T05:45:00Z,sell,1.02189,1.0229916714785507,1.0185849855643476,8066,A_short
EURUSD,A,2022-11-11T08:30:00Z,sell,1.02591,1.0274319700172523,1.0213440899482435,8025,A_short
EURUSD,A,2022-11-13T22:00:00Z,buy,1.03172,1.0305310481595138,1.0352868555214585,7967,A_long
EURUSD,A,2022-11-14T04:15:00Z,buy,1.03075,1.0297577081043017,1.0337268756870952,7965,A_long
EURUSD,A,2022-11-14T08:00:00Z,sell,1.03453,1.0356915461603942,1.0310453615188173,7958,A_short
EURUSD,A,2022-11-15T05:00:00Z,sell,1.03287,1.0335640416091438,1.0307878751725683,7996,A_short
EURUSD,A,2022-11-15T06:45:00Z,sell,1.034,1.0346796037214234,1.0319611888357298,7982,A_short
EURUSD,A,2022-11-15T07:00:00Z,sell,1.03467,1.035389656558567,1.032511030324299,7971,A_short
EURUSD,A,2022-11-15T07:15:00Z,sell,1.03784,1.0389810356840914,1.0344168929477262,7940,A_short
EURUSD,A,2022-11-15T07:30:00Z,sell,1.03888,1.0401182309262125,1.0351653072213627,7923,A_short
EURUSD,A,2022-11-15T07:45:00Z,sell,1.04071,1.0421898001360508,1.0362705995918478,7899,A_short
EURUSD,A,2022-11-15T13:30:00Z,sell,1.04426,1.0464555472532198,1.0376733582403406,7860,A_short
EURUSD,A,2022-11-15T15:45:00Z,buy,1.0368,1.0344659924878212,1.043802022536536,7965,A_long
EURUSD,A,2022-11-15T18:15:00Z,buy,1.03253,1.0301990547398707,1.0395228357803876,7980,A_long
EURUSD,A,2022-11-15T18:30:00Z,buy,1.03275,1.0301711807745548,1.0404864576763357,7959,A_long
EURUSD,A,2022-11-15T18:45:00Z,buy,1.0309,1.028175690004614,1.0390729299861579,7953,A_long
EURUSD,A,2022-11-15T19:00:00Z,buy,1.03036,1.0275175980039988,1.0388872059880034,7936,A_long
EURUSD,A,2022-11-16T07:45:00Z,sell,1.04026,1.0418694141813285,1.0354317574560143,7924,A_short
EURUSD,A,2022-11-16T10:00:00Z,sell,1.04297,1.0444640672910648,1.0384877981268055,7891,A_short
EURUSD,A,2022-11-16T13:45:00Z,buy,1.03907,1.0374334882363445,1.0439795352909662,7953,A_long
EURUSD,A,2022-11-16T15:00:00Z,buy,1.03818,1.0363846875624523,1.0435659373126436,7947,A_long
EURUSD,A,2022-11-16T18:15:00Z,buy,1.03662,1.0351457320519526,1.0410428038441426,7944,A_long
EURUSD,A,2022-11-17T10:45:00Z,buy,1.0338,1.0323617101245108,1.0381148696264677,7954,A_long
EURUSD,A,2022-11-17T18:15:00Z,sell,1.03589,1.0372091538222288,1.0319325385333136,7926,A_short
EURUSD,A,2022-11-18T01:00:00Z,sell,1.03746,1.0380344540773119,1.0357366377680646,7904,A_short
EURUSD,A,2022-11-18T03:45:00Z,sell,1.03825,1.0390693944495117,1.0357918166514644,7892,A_short
EURUSD,A,2022-11-18T08:15:00Z,buy,1.03488,1.033707080426797,1.0383987587196093,7936,A_long
EURUSD,A,2022-11-18T09:30:00Z,sell,1.03902,1.040455516190411,1.0347134514287673,7930,A_short
EURUSD,A,2022-11-18T14:30:00Z,buy,1.03406,1.0325672963537804,1.0385381109386587,8000,A_long
EURUSD,A,2022-11-18T21:30:00Z,buy,1.0315,1.0308427519569343,1.0334717441291974,8008,A_long
EURUSD,A,2022-11-21T01:15:00Z,buy,1.03056,1.0298578766535467,1.0326663700393597,8009,A_long
EURUSD,A,2022-11-21T02:00:00Z,buy,1.02917,1.0281494829652864,1.0322315511041404,8014,A_long
EURUSD,A,2022-11-21T06:45:00Z,buy,1.02592,1.0249646804732406,1.0287859585802779,8031,A_long
EURUSD,A,2022-11-21T09:00:00Z,buy,1.02362,1.0222796548472644,1.0276410354582068,8041,A_long
EURUSD,A,2022-11-22T00:00:00Z,sell,1.02519,1.0257439366797714,1.023528189960686,8017,A_short
EURUSD,A,2022-11-22T01:00:00Z,sell,1.02608,1.026710135812562,1.0241895925623141,8005,A_short
EURUSD,A,2022-11-22T01:15:00Z,sell,1.02639,1.0270694510375535,1.024351646887339,7997,A_short
EURUSD,A,2022-11-22T17:45:00Z,sell,1.02956,1.0305469434244905,1.0265991697265286,7966,A_short
EURUSD,A,2022-11-22T18:45:00Z,sell,1.03053,1.0313893969609258,1.0279518091172224,7951,A_short
EURUSD,A,2022-11-23T00:00:00Z,sell,1.03183,1.0323207722357561,1.0303576832927317,7933,A_short
EURUSD,A,2022-11-23T02:45:00Z,sell,1.03238,1.0330616927491736,1.0303349217524795,7940,A_short
EURUSD,A,2022-11-23T05:15:00Z,sell,1.03296,1.0336264150282466,1.0309607549152606,7929,A_short
EURUSD,A,2022-11-23T07:00:00Z,sell,1.03442,1.035234196430304,1.0319774107090876,7912,A_short
EURUSD,A,2022-11-23T10:15:00Z,buy,1.02976,1.0285567210614521,1.0333698368156436,7966,A_long
EURUSD,A,2022-11-23T14:00:00Z,sell,1.03384,1.035030916518325,1.0302672504450257,7961,A_short
EURUSD,A,2022-11-23T14:45:00Z,sell,1.03677,1.0383912810639289,1.0319061568082133,7929,A_short
EURUSD,A,2022-11-23T19:15:00Z,sell,1.03977,1.0412194265855346,1.0354217202433966,7893,A_short
EURUSD,A,2022-11-23T23:15:00Z,sell,1.04173,1.0424859585755708,1.0394621242732878,7867,A_short
EURUSD,A,2022-11-24T03:45:00Z,sell,1.04458,1.045401456872886,1.0421156293813423,7839,A_short
EURUSD,A,2022-11-24T07:45:00Z,buy,1.04159,1.0406521343174246,1.0444035970477261,7879,A_long
EURUSD,A,2022-11-24T08:00:00Z,buy,1.04124,1.040201849741768,1.0443544507746958,7874,A_long
EURUSD,A,2022-11-24T11:15:00Z,buy,1.03833,1.0370508185574612,1.0421675443276164,7888,A_long
EURUSD,A,2022-11-25T00:00:00Z,buy,1.03986,1.0394402555876696,1.0411192332369912,7904,A_long
EURUSD,A,2022-11-25T04:00:00Z,sell,1.04253,1.043206468009573,1.040500595971281,7893,A_short
EURUSD,A,2022-11-25T09:30:00Z,buy,1.04027,1.0392847678765196,1.0432256963704414,7924,A_long
EURUSD,A,2022-11-25T09:45:00Z,buy,1.03933,1.0381921321596503,1.0427436035210493,7924,A_long
EURUSD,A,2022-11-25T12:45:00Z,buy,1.03785,1.0367980772522913,1.0410057682431257,7925,A_long
EURUSD,A,2022-11-25T13:15:00Z,buy,1.03641,1.03528353358061,1.03978939925817,7928,A_long
EURUSD,A,2022-11-25T21:30:00Z,buy,1.03887,1.0381380505281685,1.0410658484154942,7934,A_long
EURUSD,A,2022-11-27T22:00:00Z,buy,1.03761,1.0365707135078244,1.0407278594765266,7930,A_long
EURUSD,A,2022-11-28T01:30:00Z,buy,1.03436,1.0333247344592371,1.0374657966222884,7946,A_long
EURUSD,A,2022-11-28T07:00:00Z,sell,1.03806,1.038885907209512,1.0355822783714639,7940,A_short
EURUSD,A,2022-11-28T08:00:00Z,sell,1.03898,1.040108322682684,1.0355950319519482,7926,A_short
EURUSD,A,2022-11-28T08:15:00Z,sell,1.04061,1.0418545463249926,1.0368763610250222,7905,A_short
EURUSD,A,2022-11-28T08:30:00Z,sell,1.04305,1.0445272734816604,1.038618179555019,7876,A_short
EURUSD,A,2022-11-28T09:00:00Z,sell,1.0445,1.0460057743040025,1.0399826770879923,7854,A_short
EURUSD,A,2022-11-28T15:15:00Z,buy,1.04117,1.039588623177678,1.0459141304669655,7867,A_long
EURUSD,A,2022-11-28T15:45:00Z,buy,1.03982,1.0382225214090115,1.0446124357729654,7864,A_long
EURUSD,A,2022-11-29T01:30:00Z,sell,1.03567,1.0363752118004022,1.033554364598794,7884,A_short
EURUSD,A,2022-11-29T03:15:00Z,sell,1.03732,1.0382256178288498,1.0346031465134506,7865,A_short
EURUSD,A,2022-11-29T03:45:00Z,sell,1.03786,1.0386967529470028,1.0353497411589916,7853,A_short
EURUSD,A,2022-11-29T04:45:00Z,sell,1.03928,1.0401115050058143,1.036785484982557,7835,A_short
EURUSD,A,2022-11-29T13:45:00Z,buy,1.033,1.0313694993212772,1.037891502036168,7901,A_long
EURUSD,A,2022-11-30T09:00:00Z,sell,1.03739,1.0384825941578695,1.0341122175263917,7904,A_short
EURUSD,A,2022-11-30T13:15:00Z,sell,1.0384,1.0395048125205721,1.0350855624382835,7887,A_short
EURUSD,A,2022-11-30T15:30:00Z,buy,1.03238,1.0304714396706547,1.0381056809880362,7925,A_long
EURUSD,A,2022-11-30T15:45:00Z,buy,1.02981,1.0277665810479006,1.0359402568562976,7930,A_long
EURUSD,A,2022-11-30T19:45:00Z,sell,1.04134,1.0436832150885855,1.0343103547342432,7887,A_short
EURUSD,A,2022-12-01T00:45:00Z,sell,1.04379,1.0447071718221135,1.0410384845336595,7850,A_short
EURUSD,A,2022-12-01T01:00:00Z,sell,1.04407,1.0450435489124985,1.0411493532625047,7841,A_short
EURUSD,A,2022-12-01T05:30:00Z,sell,1.045,1.04570601531677,1.0428819540496894,7826,A_short
EURUSD,A,2022-12-01T07:45:00Z,buy,1.04032,1.038778666980471,1.0449439990585865,7855,A_long
EURUSD,A,2022-12-01T13:15:00Z,sell,1.04693,1.0484102353670204,1.0424892938989385,7839,A_short
EURUSD,A,2022-12-01T13:30:00Z,sell,1.04976,1.0517682039847511,1.0437353880457467,7806,A_short
EURUSD,A,2022-12-01T20:30:00Z,sell,1.053,1.0541821454818212,1.0494535635545361,7767,A_short
EURUSD,A,2022-12-02T07:30:00Z,sell,1.05406,1.0548928543775231,1.0515614368674306,7750,A_short
EURUSD,A,2022-12-02T13:30:00Z,buy,1.04481,1.042619047691783,1.0513828569246513,7836,A_long
EURUSD,A,2022-12-05T00:30:00Z,sell,1.05455,1.0552307535213952,1.0525077394358149,7811,A_short
EURUSD,A,2022-12-05T01:15:00Z,sell,1.05621,1.0570245468108164,1.0537663595675513,7793,A_short
EURUSD,A,2022-12-05T01:30:00Z,sell,1.05726,1.0581446072360408,1.054606178291878,7779,A_short
EURUSD,A,2022-12-05T07:00:00Z,buy,1.05597,1.0551549963800049,1.0584150108599857,7781,A_long
EURUSD,A,2022-12-05T07:45:00Z,buy,1.05389,1.052828612458332,1.0570741626250042,7790,A_long
EURUSD,A,2022-12-05T10:15:00Z,buy,1.05274,1.0514991766293291,1.0564624701120127,7790,A_long
EURUSD,A,2022-12-05T12:45:00Z,sell,1.05897,1.0603839904978611,1.0547280285064164,7771,A_short
EURUSD,A,2022-12-05T16:45:00Z,buy,1.04931,1.0475311321065148,1.0546466036804554,7873,A_long
EURUSD,A,2022-12-06T18:00:00Z,buy,1.04746,1.046258742694846,1.0510637719154623,7873,A_long
EURUSD,A,2022-12-07T00:30:00Z,buy,1.04575,1.0452799003545998,1.0471602989362003,7876,A_long
EURUSD,A,2022-12-07T06:00:00Z,buy,1.04518,1.044455857694048,1.0473524269178562,7890,A_long
EURUSD,A,2022-12-07T07:00:00Z,buy,1.04449,1.0436528782538212,1.047001365238536,7889,A_long
EURUSD,A,2022-12-07T10:30:00Z,sell,1.04999,1.0513281528878162,1.0459755413365512,7866,A_short
EURUSD,A,2022-12-07T12:30:00Z,sell,1.05203,1.0533032492152787,1.0482102523541639,7840,A_short
EURUSD,A,2022-12-07T12:45:00Z,sell,1.05363,1.055026815986575,1.0494395520402753,7817,A_short
EURUSD,A,2022-12-08T00:45:00Z,buy,1.0502,1.0497094945763892,1.0516715162708326,7873,A_long
EURUSD,A,2022-12-08T02:45:00Z,buy,1.04957,1.0489326575031945,1.051482027490416,7873,A_long
EURUSD,A,2022-12-08T06:30:00Z,sell,1.05157,1.0522136332731493,1.0496391001805516,7872,A_short
EURUSD,A,2022-12-08T07:30:00Z,sell,1.05266,1.0534427253316427,1.0503118240050715,7858,A_short
EURUSD,A,2022-12-08T14:45:00Z,sell,1.05388,1.0551981367463692,1.0499255897608921,7866,A_short
EURUSD,A,2022-12-09T01:00:00Z,sell,1.05809,1.0587878539959399,1.0559964380121802,7824,A_short
EURUSD,A,2022-12-09T08:45:00Z,buy,1.05608,1.0552440508711542,1.0585878473865369,7833,A_long
EURUSD,A,2022-12-09T09:15:00Z,buy,1.05496,1.054009798209889,1.0578106053703324,7835,A_long
EURUSD,A,2022-12-09T13:30:00Z,buy,1.05429,1.0526465491195445,1.0592203526413664,7832,A_long
EURUSD,A,2022-12-09T14:00:00Z,buy,1.05292,1.050999630227569,1.0586811093172932,7829,A_long
EURUSD,A,2022-12-12T01:00:00Z,buy,1.05072,1.0500450407662474,1.0527448777012582,7831,A_long
EURUSD,A,2022-12-12T08:30:00Z,sell,1.05401,1.0549701189048117,1.0511296432855644,7820,A_short
EURUSD,A,2022-12-12T08:45:00Z,sell,1.0545,1.0554921030508368,1.0515236908474894,7809,A_short
EURUSD,A,2022-12-12T09:30:00Z,sell,1.05601,1.0570062282674633,1.0530213151976098,7790,A_short
EURUSD,A,2022-12-12T15:45:00Z,buy,1.05235,1.050836563360546,1.0568903099183613,7809,A_long
EURUSD,A,2022-12-13T13:30:00Z,sell,1.06433,1.0666089339075884,1.0574931982772349,7754,A_short
EURUSD,A,2022-12-13T14:15:00Z,sell,1.06595,1.0681536260133249,1.0593391219600252,7725,A_short
EURUSD,A,2022-12-14T18:30:00Z,sell,1.06798,1.0691395111546134,1.0645014665361596,7694,A_short
EURUSD,A,2022-12-15T01:30:00Z,buy,1.06603,1.0652567839543021,1.0683496481370938,7732,A_long
EURUSD,A,2022-12-15T07:45:00Z,buy,1.06409,1.063424939501793,1.066085181494621,7740,A_long
EURUSD,A,2022-12-15T08:15:00Z,buy,1.06375,1.0630178434480133,1.06594646965596,7736,A_long
EURUSD,A,2022-12-15T08:30:00Z,buy,1.06272,1.0618254643216118,1.065403607035165,7738,A_long
EURUSD,A,2022-12-15T09:00:00Z,buy,1.06086,1.0598931709793438,1.0637604870619684,7745,A_long
EURUSD,A,2022-12-15T13:30:00Z,sell,1.06627,1.0677226256732106,1.0619121229803683,7726,A_short
EURUSD,A,2022-12-15T14:00:00Z,sell,1.07092,1.0733105499501003,1.0637483501496994,7681,A_short
EURUSD,A,2022-12-15T14:15:00Z,sell,1.07061,1.0731004766234205,1.063138570129739,7665,A_short
EURUSD,A,2022-12-15T23:45:00Z,sell,1.06385,1.064410511927796,1.0621684642166118,7767,A_short
EURUSD,A,2022-12-16T02:15:00Z,sell,1.06518,1.0657968392861892,1.0633294821414325,7752,A_short
EURUSD,A,2022-12-16T02:30:00Z,sell,1.06572,1.0664025940480306,1.0636722178559082,7743,A_short
EURUSD,A,2022-12-16T07:45:00Z,buy,1.0631,1.0621961150349535,1.0658116548951393,7776,A_long
EURUSD,A,2022-12-16T20:45:00Z,buy,1.05923,1.0584615002790447,1.0615354991628654,7824,A_long
EURUSD,A,2022-12-19T01:45:00Z,sell,1.06062,1.061263350643478,1.0586899480695653,7807,A_short
EURUSD,A,2022-12-19T02:15:00Z,sell,1.06102,1.0617406500388793,1.0588580498833624,7799,A_short
EURUSD,A,2022-12-19T06:15:00Z,sell,1.06181,1.062413132242441,1.0600006032726765,7787,A_short
EURUSD,A,2022-12-19T06:30:00Z,sell,1.0629,1.0636373812767823,1.0606878561696529,7774,A_short
EURUSD,A,2022-12-19T07:00:00Z,sell,1.06358,1.0643506552701165,1.0612680341896503,7763,A_short
EURUSD,A,2022-12-19T15:45:00Z,buy,1.05795,1.0568292286123473,1.061312314162958,7798,A_long
EURUSD,A,2022-12-20T00:30:00Z,buy,1.05992,1.0594323146118876,1.0613830561643371,7807,A_long
EURUSD,A,2022-12-20T02:45:00Z,sell,1.06145,1.0620817709335015,1.0595546871994954,7806,A_short
EURUSD,A,2022-12-20T03:00:00Z,sell,1.06418,1.0652528681423679,1.060961395572896,7780,A_short
EURUSD,A,2022-12-20T08:45:00Z,sell,1.06335,1.0646823150493467,1.0593530548519599,7809,A_short
EURUSD,A,2022-12-20T15:00:00Z,sell,1.0655,1.0671606319660127,1.0605181041019613,7783,A_short
EURUSD,A,2022-12-21T01:30:00Z,buy,1.06144,1.0609017255218893,1.0630548234343318,7848,A_long
EURUSD,A,2022-12-21T07:15:00Z,sell,1.06263,1.063277467886614,1.060687596340158,7835,A_short
EURUSD,A,2022-12-21T07:45:00Z,sell,1.06315,1.0638123203237233,1.0611630390288302,7826,A_short
EURUSD,A,2022-12-21T17:00:00Z,buy,1.05913,1.0578093795954873,1.0630918612135378,7869,A_long
EURUSD,A,2022-12-22T11:30:00Z,buy,1.062,1.061056078055476,1.064831765833572,7877,A_long
EURUSD,A,2022-12-22T14:15:00Z,buy,1.05956,1.0583016063190804,1.063335181042759,7887,A_long
EURUSD,A,2022-12-23T02:15:00Z,sell,1.06075,1.061252593238595,1.0592422202842153,7868,A_short
EURUSD,A,2022-12-23T07:30:00Z,sell,1.06218,1.0628279250282928,1.0602362249151212,7853,A_short
EURUSD,A,2022-12-23T07:45:00Z,sell,1.06282,1.0635162016911872,1.0607313949264388,7843,A_short
EURUSD,A,2022-12-26T00:00:00Z,sell,1.06274,1.0634582237593149,1.0605853287220555,7858,A_short
EURUSD,A,2022-12-26T08:30:00Z,buy,1.06155,1.0611743701720717,1.0626768894837848,7882,A_long
EURUSD,A,2022-12-26T13:00:00Z,sell,1.06309,1.0635313989094561,1.061765803271632,7878,A_short
EURUSD,A,2022-12-26T21:45:00Z,sell,1.06361,1.063960564697218,1.062558305908346,7870,A_short
EURUSD,A,2022-12-26T23:30:00Z,sell,1.06448,1.0648943947244511,1.063236815826647,7860,A_short
EURUSD,A,2022-12-27T01:00:00Z,sell,1.0649,1.0654591136926668,1.0632226589219995,7854,A_short
EURUSD,A,2022-12-27T05:45:00Z,sell,1.06553,1.066028153951333,1.0640355381460014,7844,A_short
EURUSD,A,2022-12-27T06:30:00Z,sell,1.06589,1.0664587834758752,1.0641836495723744,7837,A_short
EURUSD,A,2022-12-27T06:45:00Z,sell,1.06637,1.066952279012425,1.064623162962725,7829,A_short
EURUSD,A,2022-12-27T12:45:00Z,buy,1.0635,1.0627162746380858,1.065851176085742,7862,A_long
EURUSD,A,2022-12-27T13:00:00Z,buy,1.06238,1.0614874380196746,1.0650576859409766,7863,A_long
EURUSD,A,2022-12-27T23:00:00Z,buy,1.06335,1.0628917912237452,1.0647246263287644,7849,A_long
EURUSD,A,2022-12-28T00:15:00Z,buy,1.06281,1.0622859166009389,1.0643822501971836,7849,A_long
EURUSD,A,2022-12-28T06:00:00Z,sell,1.06481,1.0652479021497452,1.0634962935507646,7845,A_short
EURUSD,A,2022-12-28T07:15:00Z,sell,1.06525,1.0657490029470096,1.0637529911589714,7837,A_short
EURUSD,A,2022-12-28T09:00:00Z,buy,1.06307,1.0624243545629646,1.065006936311106,7864,A_long
EURUSD,A,2022-12-28T14:30:00Z,sell,1.0663,1.0673879722583652,1.0630360832249044,7853,A_short
EURUSD,A,2022-12-28T15:45:00Z,buy,1.06189,1.0605369950897445,1.0659490147307664,7909,A_long
EURUSD,A,2022-12-29T13:30:00Z,sell,1.06634,1.0671833578967105,1.0638099263098688,7905,A_short
EURUSD,A,2022-12-29T17:45:00Z,sell,1.06818,1.0692312404884323,1.0650262785347027,7909,A_short
EURUSD,A,2022-12-30T05:45:00Z,buy,1.06431,1.063808206399852,1.0658153808004445,7961,A_long
EURUSD,A,2022-12-30T08:30:00Z,sell,1.06686,1.0676753705257072,1.0644138884228782,7952,A_short
EURUSD,A,2022-12-30T11:15:00Z,sell,1.06883,1.0697892480684026,1.065952255794792,7931,A_short
EURUSD,A,2022-12-30T11:30:00Z,sell,1.06935,1.070353348325949,1.0663399550221528,7920,A_short
EURUSD,A,2023-01-01T22:15:00Z,buy,1.06788,1.067021799156012,1.0704546025319637,7952,A_long
EURUSD,A,2023-01-02T07:00:00Z,buy,1.06831,1.0674892711253976,1.0707721866238076,7958,A_long
EURUSD,A,2023-01-02T07:15:00Z,buy,1.06794,1.0670220349753443,1.0706938950739666,7954,A_long
EURUSD,A,2023-01-02T08:00:00Z,buy,1.06751,1.0665076802491353,1.0705169592525938,7951,A_long
EURUSD,A,2023-01-02T15:15:00Z,buy,1.06662,1.0660118260512925,1.068444521846122,7949,A_long
EURUSD,A,2023-01-02T15:45:00Z,buy,1.066,1.065375727122971,1.0678728186310875,7949,A_long
EURUSD,A,2023-01-02T16:15:00Z,buy,1.06538,1.0645688794834758,1.0678133615495726,7948,A_long
EURUSD,A,2023-01-02T23:45:00Z,sell,1.06765,1.0684511795307268,1.0652464614078196,7948,A_short
EURUSD,A,2023-01-03T01:30:00Z,buy,1.06523,1.0642928959171607,1.0680413122485175,7983,A_long
EURUSD,A,2023-01-03T07:45:00Z,buy,1.06236,1.0613296480485512,1.0654510558543462,7997,A_long
EURUSD,A,2023-01-03T08:00:00Z,buy,1.05878,1.057324361642078,1.0631469150737662,8016,A_long
EURUSD,A,2023-01-03T08:15:00Z,buy,1.05761,1.0560817800898008,1.0621946597305973,8013,A_long
EURUSD,A,2023-01-03T08:30:00Z,buy,1.0568,1.0551715427444939,1.0616853717665182,8007,A_long
EURUSD,A,2023-01-03T08:45:00Z,buy,1.05517,1.0534853370452282,1.0602239888643152,8006,A_long
EURUSD,A,2023-01-03T09:00:00Z,buy,1.05442,1.0526906254391977,1.0596081236824066,7999,A_long
EURUSD,A,2023-01-03T14:30:00Z,sell,1.05905,1.0606357772304325,1.0542926683087028,7950,A_short
EURUSD,A,2023-01-04T01:30:00Z,sell,1.05651,1.0571102715579255,1.0547091853262238,8004,A_short
EURUSD,A,2023-01-04T06:15:00Z,sell,1.05731,1.0578223796847472,1.0557728609457582,7993,A_short
EURUSD,A,2023-01-04T07:15:00Z,sell,1.05845,1.0592635505417494,1.0560093483747515,7980,A_short
EURUSD,A,2023-01-04T07:30:00Z,sell,1.06045,1.0614390771361828,1.0574827685914512,7958,A_short
EURUSD,A,2023-01-04T08:00:00Z,sell,1.06263,1.0640751290489552,1.0582946128531343,7934,A_short
EURUSD,A,2023-01-05T00:15:00Z,sell,1.06258,1.0633072950663782,1.0603981148008657,7965,A_short
EURUSD,A,2023-01-05T13:15:00Z,buy,1.058,1.0568409794553475,1.0614770616339577,8016,A_long
EURUSD,A,2023-01-05T13:30:00Z,buy,1.05702,1.0557741821946345,1.0607574534160968,8014,A_long
EURUSD,A,2023-01-05T13:45:00Z,buy,1.05521,1.0538129579020166,1.0594011262939502,8017,A_long
EURUSD,A,2023-01-06T02:00:00Z,sell,1.05324,1.053703994542203,1.0518480163733905,8021,A_short
EURUSD,A,2023-01-06T05:00:00Z,buy,1.0519,1.051385028636071,1.053444914091787,8041,A_long
EURUSD,A,2023-01-06T05:45:00Z,buy,1.05142,1.0508859164187996,1.0530222507436013,8040,A_long
EURUSD,A,2023-01-06T11:45:00Z,buy,1.0494,1.0484909390355548,1.052127182893336,8050,A_long
EURUSD,A,2023-01-06T12:00:00Z,buy,1.04904,1.0480761471641475,1.0519315585075573,8045,A_long
EURUSD,A,2023-01-06T13:30:00Z,sell,1.05243,1.0538466045236998,1.0481801864289004,8041,A_short
EURUSD,A,2023-01-06T13:45:00Z,sell,1.05424,1.0557917239205399,1.0495848282383806,8016,A_short
EURUSD,A,2023-01-06T15:00:00Z,sell,1.05672,1.0591510762003347,1.0494267713989964,7984,A_short
EURUSD,A,2023-01-06T15:15:00Z,sell,1.05814,1.06068026604029,1.05051920187913,7955,A_short
EURUSD,A,2023-01-06T15:45:00Z,sell,1.06016,1.06252802204804,1.05305593385588,7920,A_short
EURUSD,A,2023-01-08T23:15:00Z,sell,1.06563,1.0661733210790352,1.0640000367628948,7862,A_short
EURUSD,A,2023-01-08T23:45:00Z,sell,1.06627,1.0668666278326975,1.0644801165019078,7852,A_short
EURUSD,A,2023-01-09T07:00:00Z,sell,1.06875,1.069367692595135,1.0668969222145954,7829,A_short
EURUSD,A,2023-01-09T13:15:00Z,sell,1.07182,1.073001033140716,1.0682769005778519,7802,A_short
EURUSD,A,2023-01-09T13:30:00Z,sell,1.07202,1.0732342287219538,1.0683773138341384,7791,A_short
EURUSD,A,2023-01-10T02:00:00Z,sell,1.07402,1.0746925883363956,1.0720022349908132,7767,A_short
EURUSD,A,2023-01-11T00:45:00Z,sell,1.07449,1.0749199728298822,1.0732000815103533,7758,A_short
EURUSD,A,2023-01-11T05:30:00Z,sell,1.07523,1.0757748900723636,1.0735953297829088,7761,A_short
EURUSD,A,2023-01-11T14:15:00Z,sell,1.07674,1.077698365386943,1.0738649038391712,7761,A_short
EURUSD,A,2023-01-11T23:15:00Z,sell,1.07645,1.0770807725578913,1.0745576823263259,7783,A_short
EURUSD,A,2023-01-12T00:00:00Z,sell,1.07693,1.0775594184621295,1.0750417446136111,7775,A_short
EURUSD,A,2023-01-12T08:15:00Z,buy,1.07483,1.0741250484899625,1.0769448545301123,7803,A_long
EURUSD,A,2023-01-12T13:15:00Z,sell,1.07768,1.0789927702483324,1.0737416892550027,7797,A_short
EURUSD,A,2023-01-12T13:45:00Z,sell,1.08287,1.0857705252087475,1.0741684243737575,7749,A_short
EURUSD,A,2023-01-12T18:00:00Z,sell,1.0863,1.0880592874082207,1.0810221377753382,7703,A_short
EURUSD,A,2023-01-13T11:30:00Z,buy,1.08133,1.0801729773515687,1.0848010679452935,7775,A_long
EURUSD,A,2023-01-15T23:15:00Z,buy,1.08219,1.0816891345714943,1.083692596285517,7760,A_long
EURUSD,A,2023-01-16T00:45:00Z,sell,1.08416,1.0848327472424122,1.0821417582727635,7756,A_short
EURUSD,A,2023-01-16T01:15:00Z,sell,1.08461,1.0852653523731897,1.0826439428804313,7747,A_short
EURUSD,A,2023-01-16T01:30:00Z,sell,1.08537,1.0860739720567643,1.083258083829707,7737,A_short
EURUSD,A,2023-01-16T01:45:00Z,sell,1.08678,1.0876501091158624,1.0841696726524133,7721,A_short
EURUSD,A,2023-01-16T06:30:00Z,buy,1.08404,1.0833469668779945,1.0861190993660161,7758,A_long
EURUSD,A,2023-01-16T07:15:00Z,buy,1.08336,1.0826590003647272,1.0854629989058189,7757,A_long
EURUSD,A,2023-01-16T07:45:00Z,buy,1.08308,1.0822538269406172,1.0855585191781485,7753,A_long
EURUSD,A,2023-01-16T08:00:00Z,buy,1.08137,1.080369983348535,1.084370049954395,7759,A_long
EURUSD,A,2023-01-16T08:45:00Z,buy,1.08032,1.079285915086439,1.083422254740683,7759,A_long
EURUSD,A,2023-01-16T23:15:00Z,sell,1.0829,1.0833007428502195,1.0816977714493414,7762,A_short
EURUSD,A,2023-01-17T00:00:00Z,sell,1.08329,1.0837405872716837,1.0819382381849494,7755,A_short
EURUSD,A,2023-01-17T12:15:00Z,sell,1.08439,1.0855072822160932,1.0810381533517204,7756,A_short
EURUSD,A,2023-01-17T12:45:00Z,sell,1.08525,1.0865129364200878,1.0814611907397367,7742,A_short
EURUSD,A,2023-01-17T15:30:00Z,buy,1.07978,1.0778403356377144,1.0855989930868566,7771,A_long
EURUSD,A,2023-01-18T02:00:00Z,sell,1.07981,1.0803431136307526,1.0782106591077418,7756,A_short
EURUSD,A,2023-01-18T03:15:00Z,buy,1.07763,1.0765851103745805,1.0807646688762589,7783,A_long
EURUSD,A,2023-01-18T07:00:00Z,sell,1.08067,1.0815597216899484,1.0780008349301549,7783,A_short
EURUSD,A,2023-01-18T07:15:00Z,sell,1.08113,1.0820850921312886,1.078264723606134,7773,A_short
EURUSD,A,2023-01-18T07:30:00Z,sell,1.08251,1.083579079847117,1.0793027604586494,7755,A_short
EURUSD,A,2023-01-18T07:45:00Z,sell,1.08252,1.0836958692008345,1.0789923923974962,7747,A_short
EURUSD,A,2023-01-18T08:00:00Z,sell,1.08356,1.08476175330739,1.07995474007783,7731,A_short
EURUSD,A,2023-01-18T08:15:00Z,sell,1.08429,1.0855395195330713,1.0805414414007861,7716,A_short
EURUSD,A,2023-01-18T17:00:00Z,buy,1.07978,1.0779267134199646,1.085339859740106,7739,A_long
EURUSD,A,2023-01-20T08:00:00Z,sell,1.08535,1.086247970064633,1.082656089806101,7738,A_short
EURUSD,A,2023-01-20T12:00:00Z,buy,1.08208,1.0811742281482752,1.084797315555174,7779,A_long
EURUSD,A,2023-01-20T13:45:00Z,buy,1.08062,1.0795766718637705,1.0837499844086882,7783,A_long
EURUSD,A,2023-01-22T22:00:00Z,sell,1.08647,1.087050103737639,1.0847296887870832,7762,A_short
EURUSD,A,2023-01-23T00:30:00Z,sell,1.08738,1.0879175784840573,1.085767264547828,7751,A_short
EURUSD,A,2023-01-23T00:45:00Z,sell,1.08848,1.0891379013528497,1.0865062959414504,7739,A_short
EURUSD,A,2023-01-23T01:15:00Z,sell,1.08939,1.0901239792383628,1.087188062284912,7727,A_short
EURUSD,A,2023-01-23T07:00:00Z,sell,1.09084,1.0918893438597737,1.0876919684206792,7711,A_short
EURUSD,A,2023-01-23T11:30:00Z,buy,1.08792,1.0869205878525336,1.090918236442399,7723,A_long
EURUSD,A,2023-01-23T12:00:00Z,buy,1.08728,1.086284263764792,1.090267208705624,7720,A_long
EURUSD,A,2023-01-23T21:15:00Z,sell,1.08714,1.0877101667167142,1.0854294998498575,7713,A_short
EURUSD,A,2023-01-24T01:30:00Z,sell,1.08805,1.0884643752672631,1.0868068741982104,7702,A_short
EURUSD,A,2023-01-24T06:15:00Z,sell,1.08848,1.088888396121423,1.0872548116357303,7696,A_short
EURUSD,A,2023-01-24T06:45:00Z,sell,1.08876,1.08926959530898,1.08723121407306,7690,A_short
EURUSD,A,2023-01-24T07:30:00Z,sell,1.08947,1.0900774017463197,1.0876477947610406,7681,A_short
EURUSD,A,2023-01-24T09:30:00Z,buy,1.08616,1.0852043736750638,1.0890268789748085,7716,A_long
EURUSD,A,2023-01-24T09:45:00Z,buy,1.08607,1.085063123851722,1.089090628444834,7709,A_long
EURUSD,A,2023-01-25T02:00:00Z,sell,1.08973,1.0902873556009414,1.0880579331971763,7676,A_short
EURUSD,A,2023-01-25T06:15:00Z,sell,1.09066,1.0911878203310916,1.089076539006725,7665,A_short
EURUSD,A,2023-01-25T07:45:00Z,buy,1.08809,1.0872314483239949,1.0906656550280154,7693,A_long
EURUSD,A,2023-01-25T08:45:00Z,buy,1.08768,1.0866809146781553,1.090677255965534,7689,A_long
EURUSD,A,2023-01-25T14:30:00Z,sell,1.08906,1.0901546533263107,1.0857760400210676,7672,A_short
EURUSD,A,2023-01-25T15:00:00Z,sell,1.09109,1.0924725618317621,1.0869423145047132,7649,A_short
EURUSD,A,2023-01-26T09:15:00Z,buy,1.08973,1.0888653990596158,1.092323802821153,7648,A_long
EURUSD,A,2023-01-26T15:30:00Z,buy,1.08746,1.086033344075566,1.0917399677733022,7657,A_long
EURUSD,A,2023-01-26T15:45:00Z,buy,1.08551,1.0839335648654904,1.0902393054035286,7660,A_long
EURUSD,A,2023-01-27T15:45:00Z,buy,1.08385,1.082367104442717,1.088298686671849,7660,A_long
EURUSD,A,2023-01-30T08:00:00Z,sell,1.08834,1.0892364845838711,1.085650546248387,7659,A_short
EURUSD,A,2023-01-30T09:45:00Z,sell,1.09016,1.0910779824695676,1.0874060525912974,7639,A_short
EURUSD,A,2023-01-30T10:00:00Z,sell,1.09065,1.091604251473625,1.0877872455791244,7629,A_short
EURUSD,A,2023-01-30T15:45:00Z,buy,1.08706,1.0858178783898216,1.090786364830535,7673,A_long
EURUSD,A,2023-01-31T01:45:00Z,sell,1.08574,1.0861521941578502,1.084503417526449,7673,A_short
EURUSD,A,2023-01-31T04:15:00Z,buy,1.08403,1.083634321206263,1.0852170363812115,7693,A_long
EURUSD,A,2023-01-31T05:45:00Z,buy,1.08344,1.0829554091735334,1.0848937724793997,7694,A_long
EURUSD,A,2023-01-31T08:00:00Z,buy,1.08143,1.0804759896358735,1.084292031092379,7718,A_long
EURUSD,A,2023-01-31T08:30:00Z,buy,1.08064,1.0795137433265007,1.084018770020498,7716,A_long
EURUSD,A,2023-01-31T13:45:00Z,sell,1.08508,1.0861895694048327,1.0817512917855021,7707,A_short
EURUSD,A,2023-01-31T14:15:00Z,sell,1.08585,1.0869947876862964,1.0824156369411106,7694,A_short
EURUSD,A,2023-02-01T01:45:00Z,buy,1.08571,1.085352591876546,1.0867822243703615,7686,A_long
EURUSD,A,2023-02-01T02:15:00Z,buy,1.08547,1.0851328356761614,1.0864814929715156,7685,A_long
EURUSD,A,2023-02-01T04:15:00Z,sell,1.08673,1.0870646892254523,1.085725932323643,7682,A_short
EURUSD,A,2023-02-01T08:45:00Z,sell,1.08872,1.089523751218565,1.0863087463443049,7665,A_short
EURUSD,A,2023-02-01T13:15:00Z,sell,1.09004,1.0907862995443327,1.0878011013670015,7649,A_short
EURUSD,A,2023-02-01T14:00:00Z,sell,1.09089,1.0916288148441182,1.088673555467645,7638,A_short
EURUSD,A,2023-02-01T15:45:00Z,sell,1.09196,1.0929994171950237,1.088841748414929,7624,A_short
EURUSD,A,2023-02-01T19:30:00Z,sell,1.09732,1.0993889373662793,1.0911131879011624,7579,A_short
EURUSD,A,2023-02-01T20:00:00Z,sell,1.09794,1.1000795129551164,1.0915214611346504,7560,A_short
EURUSD,A,2023-02-02T04:30:00Z,sell,1.10246,1.1029909465251049,1.1008671604246854,7514,A_short
EURUSD,A,2023-02-02T06:30:00Z,buy,1.10055,1.0999719108763892,1.102284267370832,7537,A_long
EURUSD,A,2023-02-02T07:15:00Z,buy,1.10035,1.0996621831690154,1.1024134504929535,7534,A_long
EURUSD,A,2023-02-02T07:30:00Z,buy,1.09979,1.0990138920798136,1.1021183237605594,7532,A_long
EURUSD,A,2023-02-02T10:15:00Z,buy,1.09841,1.0973752812010855,1.1015141563967439,7535,A_long
EURUSD,A,2023-02-02T13:15:00Z,buy,1.09722,1.095783294441063,1.1015301166768112,7536,A_long
EURUSD,A,2023-02-02T13:45:00Z,buy,1.09454,1.0926541189357317,1.100197643192805,7544,A_long
EURUSD,A,2023-02-02T14:30:00Z,buy,1.09125,1.088877010163497,1.0983689695095091,7553,A_long
EURUSD,A,2023-02-02T15:00:00Z,buy,1.08912,1.0867069543005823,1.0963591370982535,7551,A_long
EURUSD,A,2023-02-03T13:30:00Z,buy,1.08433,1.0824706617214954,1.0899080148355138,7567,A_long
EURUSD,A,2023-02-06T07:45:00Z,buy,1.07799,1.0773499698171218,1.0799100905486345,7598,A_long
EURUSD,A,2023-02-06T10:30:00Z,buy,1.07616,1.0751444950541054,1.079206514837684,7606,A_long
EURUSD,A,2023-02-06T14:00:00Z,buy,1.07519,1.074298408891302,1.0778647733260946,7605,A_long
EURUSD,A,2023-02-06T14:45:00Z,buy,1.07443,1.0733478649879082,1.0776764050362753,7603,A_long
EURUSD,A,2023-02-06T15:15:00Z,buy,1.0731,1.0719815963686954,1.0764552108939136,7604,A_long
EURUSD,A,2023-02-07T00:00:00Z,sell,1.07331,1.0737140681241053,1.072097795627684,7594,A_short
EURUSD,A,2023-02-07T01:15:00Z,sell,1.0737,1.0740783585264244,1.0725649244207272,7588,A_short
EURUSD,A,2023-02-07T01:45:00Z,sell,1.07409,1.0745550781820699,1.0726947654537904,7581,A_short
EURUSD,A,2023-02-07T07:45:00Z,buy,1.07239,1.071698112951128,1.0744656611466157,7603,A_long
EURUSD,A,2023-02-07T08:00:00Z,buy,1.07044,1.0694536978909777,1.0733989063270672,7611,A_long
EURUSD,A,2023-02-07T13:15:00Z,buy,1.06885,1.0679369504081389,1.0715891487755838,7642,A_long
EURUSD,A,2023-02-07T15:00:00Z,buy,1.06716,1.066202958060588,1.0700311258182362,7647,A_long
EURUSD,A,2023-02-07T17:45:00Z,sell,1.07602,1.077855171241222,1.0705144862763336,7603,A_short
EURUSD,A,2023-02-08T07:45:00Z,sell,1.07586,1.0766729054105044,1.073421283768487,7642,A_short
EURUSD,A,2023-02-08T15:15:00Z,buy,1.07187,1.070823179039523,1.0750104628814312,7687,A_long
EURUSD,A,2023-02-09T08:15:00Z,sell,1.07535,1.076335085210902,1.0723947443672943,7684,A_short
EURUSD,A,2023-02-09T09:00:00Z,sell,1.07645,1.0774810910246966,1.0733567269259099,7669,A_short
EURUSD,A,2023-02-09T13:45:00Z,sell,1.07895,1.0798805766210577,1.076158270136827,7643,A_short
EURUSD,A,2023-02-10T00:15:00Z,buy,1.07273,1.0723213206842153,1.073956037947354,7706,A_long
EURUSD,A,2023-02-10T03:15:00Z,buy,1.07185,1.0713190789687737,1.073442763093679,7709,A_long
EURUSD,A,2023-02-10T07:30:00Z,sell,1.07381,1.0745726527256652,1.0715220418230043,7706,A_short
EURUSD,A,2023-02-10T08:00:00Z,sell,1.07416,1.0750309702694998,1.0715470891915007,7697,A_short
EURUSD,A,2023-02-10T09:45:00Z,buy,1.07064,1.069345486223263,1.0745235413302112,7740,A_long
EURUSD,A,2023-02-10T10:00:00Z,buy,1.06984,1.0684847547268277,1.0739057358195165,7736,A_long
EURUSD,A,2023-02-10T16:45:00Z,buy,1.06686,1.0657419608036238,1.0702141175891282,7747,A_long
EURUSD,A,2023-02-13T06:30:00Z,sell,1.06773,1.0682027147300963,1.0663118558097113,7732,A_short
EURUSD,A,2023-02-13T07:00:00Z,sell,1.06806,1.0686180835083834,1.0663857494748499,7725,A_short
EURUSD,A,2023-02-13T07:15:00Z,sell,1.06887,1.0694630057072656,1.0670909828782031,7715,A_short
EURUSD,A,2023-02-13T12:15:00Z,sell,1.06935,1.0701361880649698,1.0669914358050907,7724,A_short
EURUSD,A,2023-02-13T14:45:00Z,sell,1.07049,1.071393796019158,1.0677786119425259,7709,A_short
EURUSD,A,2023-02-13T15:15:00Z,sell,1.0713,1.0722506734543897,1.0684479796368305,7696,A_short
EURUSD,A,2023-02-13T15:45:00Z,sell,1.07195,1.0730081502835194,1.0687755491494417,7684,A_short
EURUSD,A,2023-02-13T23:45:00Z,sell,1.07308,1.0734560023577608,1.0719519929267176,7668,A_short
EURUSD,A,2023-02-14T00:00:00Z,sell,1.07321,1.0736292020433928,1.0719523938698214,7664,A_short
EURUSD,A,2023-02-14T08:45:00Z,sell,1.07486,1.07573996326789,1.07222011019633,7648,A_short
EURUSD,A,2023-02-14T09:15:00Z,sell,1.07582,1.0767880612989928,1.0729158161030214,7635,A_short
EURUSD,A,2023-02-14T14:15:00Z,buy,1.07252,1.0701734702375054,1.0795595892874834,7651,A_long
EURUSD,A,2023-02-15T10:00:00Z,sell,1.07319,1.0740505819469361,1.070608254159192,7628,A_short
EURUSD,A,2023-02-15T12:45:00Z,buy,1.06974,1.0689184105322878,1.0722047684031364,7671,A_long
EURUSD,A,2023-02-15T13:30:00Z,buy,1.0691,1.0680855371672404,1.0721433884982785,7669,A_long
EURUSD,A,2023-02-15T14:00:00Z,buy,1.06814,1.066946114583394,1.0717216562498182,7668,A_long
EURUSD,A,2023-02-15T14:15:00Z,buy,1.06761,1.0662966326389414,1.0715501020831757,7662,A_long
EURUSD,A,2023-02-16T01:15:00Z,sell,1.06978,1.0702510087310242,1.0683669738069272,7636,A_short
EURUSD,A,2023-02-16T01:30:00Z,sell,1.0706,1.0711508742335543,1.0689473772993372,7627,A_short
EURUSD,A,2023-02-16T02:30:00Z,sell,1.07129,1.0718632187453738,1.0695703437638788,7617,A_short
EURUSD,A,2023-02-16T08:15:00Z,sell,1.07189,1.0725869753161992,1.0697990740514025,7608,A_short
EURUSD,A,2023-02-16T13:45:00Z,buy,1.06792,1.0666643293586802,1.0716870119239594,7650,A_long
EURUSD,A,2023-02-16T14:15:00Z,buy,1.06647,1.0650720073849642,1.0706639778451075,7651,A_long
EURUSD,A,2023-02-17T04:30:00Z,buy,1.06327,1.0627212704613684,1.0649161886158944,7664,A_long
EURUSD,A,2023-02-17T11:45:00Z,buy,1.06256,1.061776101594069,1.0649116952177928,7680,A_long
EURUSD,A,2023-02-17T12:00:00Z,buy,1.06171,1.0609066213815264,1.0641201358554206,7679,A_long
EURUSD,A,2023-02-17T15:00:00Z,sell,1.06637,1.0676180035264486,1.0626259894206542,7662,A_short
EURUSD,A,2023-02-17T15:15:00Z,sell,1.06638,1.0676856030562556,1.0624631908312336,7653,A_short
EURUSD,A,2023-02-20T00:00:00Z,buy,1.06769,1.0671566325708826,1.0692901022873524,7633,A_long
EURUSD,A,2023-02-20T07:15:00Z,sell,1.06972,1.0701757199410413,1.068352840176876,7629,A_short
EURUSD,A,2023-02-20T07:30:00Z,sell,1.07015,1.0706289572822358,1.0687131281532922,7622,A_short
EURUSD,A,2023-02-20T09:45:00Z,buy,1.06793,1.0671868431382023,1.0701594705853932,7648,A_long
EURUSD,A,2023-02-20T12:45:00Z,buy,1.06712,1.066383403152726,1.0693297905418224,7648,A_long
EURUSD,A,2023-02-21T00:00:00Z,buy,1.06783,1.0675169379025666,1.0687691862923003,7658,A_long
EURUSD,A,2023-02-21T01:00:00Z,buy,1.06699,1.0665326179443992,1.0683621461668027,7661,A_long
EURUSD,A,2023-02-21T15:30:00Z,sell,1.06881,1.0703392783466397,1.0642221649600812,7644,A_short
EURUSD,A,2023-02-22T00:45:00Z,sell,1.06576,1.0661878942346124,1.064476317296163,7697,A_short
EURUSD,A,2023-02-22T01:15:00Z,sell,1.06627,1.0667084627806644,1.0649546116580069,7690,A_short
EURUSD,A,2023-02-22T08:30:00Z,buy,1.06456,1.0638914442468193,1.066565667259542,7711,A_long
EURUSD,A,2023-02-22T09:00:00Z,buy,1.06444,1.0637377514564998,1.0665467456305007,7706,A_long
EURUSD,A,2023-02-22T09:45:00Z,buy,1.06375,1.062924761466646,1.066225715600062,7706,A_long
EURUSD,A,2023-02-22T10:45:00Z,buy,1.06249,1.061537589970348,1.0653472300889555,7708,A_long
EURUSD,A,2023-02-22T16:00:00Z,buy,1.06219,1.0609073839996852,1.0660378480009443,7730,A_long
EURUSD,A,2023-02-22T19:30:00Z,buy,1.06043,1.0594286771502184,1.0634339685493448,7733,A_long
EURUSD,A,2023-02-23T09:15:00Z,buy,1.0594,1.0586099080043665,1.0617702759869,7733,A_long
EURUSD,A,2023-02-23T16:45:00Z,buy,1.05822,1.057151199816163,1.061426400551511,7735,A_long
EURUSD,A,2023-02-24T12:15:00Z,buy,1.05708,1.0563836094023968,1.0591691717928096,7735,A_long
EURUSD,A,2023-02-24T13:30:00Z,buy,1.0552,1.0540396289657206,1.058681113102838,7743,A_long
EURUSD,A,2023-02-24T14:15:00Z,buy,1.05389,1.0527048518037596,1.0574454445887211,7744,A_long
EURUSD,A,2023-02-27T13:30:00Z,sell,1.0572,1.0580686126234196,1.054594162129741,7744,A_short
EURUSD,A,2023-02-27T13:45:00Z,sell,1.05826,1.0591674642736304,1.0555376071791087,7730,A_short
EURUSD,A,2023-02-27T14:45:00Z,sell,1.05895,1.0599287023628476,1.0560138929114573,7717,A_short
EURUSD,A,2023-02-27T15:00:00Z,sell,1.06005,1.0610902087144678,1.0569293738565964,7702,A_short
EURUSD,A,2023-02-27T15:15:00Z,sell,1.06167,1.0628635142192053,1.0580894573423836,7682,A_short
EURUSD,A,2023-02-28T01:30:00Z,buy,1.05959,1.0590394167226873,1.0612417498319382,7722,A_long
EURUSD,A,2023-02-28T01:45:00Z,buy,1.05863,1.0580154944929956,1.060473516521013,7724,A_long
EURUSD,A,2023-02-28T08:00:00Z,sell,1.05992,1.0605863324079832,1.0579210027760504,7727,A_short
EURUSD,A,2023-02-28T08:15:00Z,sell,1.06067,1.061488821420252,1.058213535739244,7716,A_short
EURUSD,A,2023-02-28T08:45:00Z,sell,1.06157,1.0624606703112114,1.0588979890663655,7703,A_short
EURUSD,A,2023-02-28T09:00:00Z,sell,1.06241,1.06332724760305,1.0596582571908504,7690,A_short
EURUSD,A,2023-02-28T14:00:00Z,sell,1.06323,1.0641206954987865,1.06055791350364,7677,A_short
EURUSD,A,2023-02-28T15:00:00Z,sell,1.06411,1.0651858292175969,1.060882512347209,7664,A_short
EURUSD,A,2023-03-01T00:00:00Z,buy,1.05696,1.0565328128509706,1.058241561447088,7738,A_long
EURUSD,A,2023-03-01T00:30:00Z,buy,1.05651,1.056078912763618,1.057803261709146,7737,A_long
EURUSD,A,2023-03-01T01:45:00Z,sell,1.05845,1.058939991365607,1.0569800259031785,7732,A_short
EURUSD,A,2023-03-01T03:15:00Z,sell,1.05942,1.0599279037711657,1.0578962886865029,7720,A_short
EURUSD,A,2023-03-01T06:15:00Z,sell,1.06018,1.060636977074336,1.0588090687769915,7710,A_short
EURUSD,A,2023-03-01T06:45:00Z,sell,1.06069,1.0612519961136124,1.0590040116591624,7703,A_short
EURUSD,A,2023-03-01T07:15:00Z,sell,1.06158,1.062225054858669,1.0596448354239931,7692,A_short
EURUSD,A,2023-03-01T07:45:00Z,sell,1.06415,1.0650674856494002,1.061397543051799,7668,A_short
EURUSD,A,2023-03-01T12:30:00Z,sell,1.06836,1.069469301930509,1.0650320942084728,7630,A_short
EURUSD,A,2023-03-01T15:00:00Z,buy,1.06505,1.063714213991748,1.0690573580247564,7677,A_long
EURUSD,A,2023-03-02T06:00:00Z,buy,1.06352,1.0630588865692503,1.0649033402922492,7678,A_long
EURUSD,A,2023-03-02T08:00:00Z,buy,1.0628,1.0621128032015223,1.0648615903954328,7679,A_long
EURUSD,A,2023-03-02T10:45:00Z,buy,1.06138,1.0604729789409522,1.0641010631771435,7683,A_long
EURUSD,A,2023-03-02T12:45:00Z,buy,1.06056,1.0596548392968117,1.0632754821095647,7682,A_long
EURUSD,A,2023-03-02T13:30:00Z,buy,1.0596,1.0586100864992878,1.062569740502137,7682,A_long
EURUSD,A,2023-03-02T13:45:00Z,buy,1.05858,1.057512741632716,1.0617817751018526,7682,A_long
EURUSD,A,2023-03-03T06:30:00Z,sell,1.06169,1.0620688258430717,1.060553522470785,7681,A_short
EURUSD,A,2023-03-03T06:45:00Z,sell,1.06211,1.0625316490639956,1.0608450528080138,7675,A_short
EURUSD,A,2023-03-06T02:30:00Z,sell,1.06442,1.0650847543789013,1.0624257368632959,7654,A_short
EURUSD,A,2023-03-06T09:45:00Z,buy,1.0629,1.0621623873155484,1.0651128380533548,7660,A_long
EURUSD,A,2023-03-06T13:30:00Z,sell,1.0654,1.0663071208862056,1.0626786373413828,7657,A_short
EURUSD,A,2023-03-06T14:30:00Z,sell,1.06659,1.0676019533754255,1.0635541398737232,7641,A_short
EURUSD,A,2023-03-06T15:00:00Z,sell,1.06799,1.0691408449797641,1.0645374650607076,7624,A_short
EURUSD,A,2023-03-07T02:00:00Z,sell,1.06919,1.0697221178177785,1.0675936465466649,7606,A_short
EURUSD,A,2023-03-07T06:45:00Z,buy,1.06759,1.0671597741218184,1.068880677634545,7628,A_long
EURUSD,A,2023-03-07T09:00:00Z,buy,1.06626,1.0654785932136899,1.0686042203589303,7646,A_long
EURUSD,A,2023-03-07T14:30:00Z,buy,1.06445,1.0635569948596735,1.0671290154209792,7653,A_long
EURUSD,A,2023-03-07T15:00:00Z,buy,1.05963,1.058074098361266,1.0642977049162023,7681,A_long
EURUSD,A,2023-03-07T15:45:00Z,buy,1.05854,1.0565188812147264,1.064603356355821,7677,A_long
EURUSD,A,2023-03-08T00:00:00Z,buy,1.05434,1.0539831871936445,1.0554104384190668,7692,A_long
EURUSD,A,2023-03-08T02:15:00Z,buy,1.05398,1.0535404829247605,1.055298551225718,7691,A_long
EURUSD,A,2023-03-08T02:45:00Z,buy,1.05322,1.052747296063487,1.0546381118095394,7693,A_long
EURUSD,A,2023-03-08T03:45:00Z,buy,1.05292,1.0524621918591457,1.0542934244225632,7691,A_long
EURUSD,A,2023-03-08T14:30:00Z,sell,1.05543,1.056248177971701,1.0529754660848973,7669,A_short
EURUSD,A,2023-03-09T05:00:00Z,sell,1.0555,1.0558937838801323,1.0543186483596034,7685,A_short
EURUSD,A,2023-03-09T09:15:00Z,sell,1.05665,1.0573615461404067,1.0545153615787803,7673,A_short
EURUSD,A,2023-03-09T11:00:00Z,sell,1.05765,1.0583690404550385,1.0554928786348843,7660,A_short
EURUSD,A,2023-03-09T18:45:00Z,sell,1.05895,1.0597742249380555,1.0564773251858337,7666,A_short
EURUSD,A,2023-03-10T00:45:00Z,sell,1.05986,1.0603279346136156,1.0584561961591532,7652,A_short
EURUSD,A,2023-03-10T06:30:00Z,buy,1.05813,1.0576126439642062,1.0596820681073815,7674,A_long
EURUSD,A,2023-03-10T13:30:00Z,sell,1.06352,1.0650922960763012,1.0588031117710965,7646,A_short
EURUSD,A,2023-03-10T14:30:00Z,sell,1.06724,1.0693097542367453,1.0610307372897638,7607,A_short
EURUSD,A,2023-03-12T21:00:00Z,sell,1.0678,1.0689435634994844,1.0643693095015472,7588,A_short
EURUSD,A,2023-03-12T21:45:00Z,sell,1.0694,1.0704679789654419,1.066196063103674,7568,A_short
EURUSD,A,2023-03-13T02:30:00Z,sell,1.07147,1.0728909087589398,1.0672072737231804,7545,A_short
EURUSD,A,2023-03-13T02:45:00Z,sell,1.073,1.074507454257748,1.068477637226756,7523,A_short
EURUSD,A,2023-03-13T09:00:00Z,buy,1.06808,1.0668212350563642,1.0718562948309072,7589,A_long
EURUSD,A,2023-03-13T09:15:00Z,buy,1.06702,1.0657290703821825,1.070892788853453,7587,A_long
EURUSD,A,2023-03-13T14:00:00Z,sell,1.0721,1.0739083576419963,1.0666749270740112,7541,A_short
EURUSD,A,2023-03-14T00:00:00Z,buy,1.07147,1.070887101301779,1.0732186960946624,7532,A_long
EURUSD,A,2023-03-14T01:00:00Z,buy,1.07088,1.0702035324499777,1.0729094026500672,7532,A_long
EURUSD,A,2023-03-14T07:15:00Z,buy,1.06833,1.0674035638602362,1.0711093084192915,7544,A_long
EURUSD,A,2023-03-14T18:15:00Z,sell,1.07444,1.0754885873318054,1.071294238004584,7520,A_short
EURUSD,A,2023-03-15T02:00:00Z,sell,1.07578,1.0764784439619037,1.0736846681142886,7503,A_short
EURUSD,A,2023-03-15T09:00:00Z,buy,1.07179,1.0708309789386818,1.0746670631839546,7545,A_long
EURUSD,A,2023-03-15T09:15:00Z,buy,1.07096,1.0699035150801908,1.0741294547594273,7543,A_long
EURUSD,A,2023-03-15T09:30:00Z,buy,1.06725,1.065741046402832,1.071776860791504,7562,A_long
EURUSD,A,2023-03-15T10:30:00Z,buy,1.06371,1.061902335334544,1.0691329939963676,7575,A_long
EURUSD,A,2023-03-15T11:00:00Z,buy,1.06136,1.0595185096512798,1.066884471046161,7579,A_long
EURUSD,A,2023-03-15T11:15:00Z,buy,1.06006,1.0580373750311092,1.0661278749066725,7574,A_long
EURUSD,A,2023-03-15T18:15:00Z,sell,1.05783,1.0594987742661468,1.0528236772015598,7575,A_short
EURUSD,A,2023-03-16T01:00:00Z,sell,1.05922,1.0600094145834529,1.0568517562496416,7553,A_short
EURUSD,A,2023-03-16T05:15:00Z,sell,1.06117,1.0618196556693447,1.0592210329919658,7533,A_short
EURUSD,A,2023-03-16T07:30:00Z,sell,1.0617,1.0625774354037891,1.059067693788633,7524,A_short
EURUSD,A,2023-03-16T07:45:00Z,sell,1.06247,1.0634357773499505,1.0595726679501485,7511,A_short
EURUSD,A,2023-03-17T01:15:00Z,sell,1.06288,1.0634706203454412,1.0611081389636767,7501,A_short
EURUSD,A,2023-03-17T02:30:00Z,sell,1.06354,1.064118234390018,1.0618052968299458,7492,A_short
EURUSD,A,2023-03-17T03:15:00Z,sell,1.06423,1.064805538060702,1.062503385817894,7482,A_short
EURUSD,A,2023-03-17T06:45:00Z,sell,1.06627,1.0668970345668194,1.064388896299542,7463,A_short
EURUSD,A,2023-03-17T07:00:00Z,sell,1.06633,1.06702542995791,1.0642437101262698,7458,A_short
EURUSD,A,2023-03-17T10:00:00Z,buy,1.06357,1.0625929082654455,1.0665012752036631,7491,A_long
EURUSD,A,2023-03-17T10:30:00Z,buy,1.06284,1.0618364066527124,1.0658507800418628,7488,A_long
EURUSD,A,2023-03-17T11:15:00Z,buy,1.0617,1.0605877053084474,1.0650368840746582,7489,A_long
EURUSD,A,2023-03-17T16:00:00Z,sell,1.06547,1.0665389115929813,1.0622632652210557,7485,A_short
EURUSD,A,2023-03-17T16:15:00Z,sell,1.06712,1.0682943900472506,1.0635968298582485,7465,A_short
EURUSD,A,2023-03-19T21:00:00Z,sell,1.06854,1.0694587198010281,1.0657838405969158,7446,A_short
EURUSD,A,2023-03-20T07:00:00Z,buy,1.0647,1.0637993710517346,1.067401886844796,7492,A_long
EURUSD,A,2023-03-20T08:15:00Z,buy,1.06316,1.0618370583913241,1.067128824826028,7495,A_long
EURUSD,A,2023-03-20T10:30:00Z,sell,1.06981,1.0711751313659328,1.0657146059022014,7476,A_short
EURUSD,A,2023-03-21T00:30:00Z,buy,1.07154,1.0711158442095612,1.0728124673713162,7454,A_long
EURUSD,A,2023-03-21T04:15:00Z,buy,1.07111,1.070703961863362,1.072328114409914,7453,A_long
EURUSD,A,2023-03-21T06:15:00Z,buy,1.07076,1.0703190642112426,1.072082807366272,7452,A_long
EURUSD,A,2023-03-21T08:00:00Z,sell,1.07311,1.0738469425621318,1.0708991723136048,7444,A_short
EURUSD,A,2023-03-21T08:30:00Z,sell,1.07335,1.0741358813022235,1.0709923560933297,7437,A_short
EURUSD,A,2023-03-21T09:45:00Z,sell,1.07462,1.075439073035518,1.072162780893446,7422,A_short
EURUSD,A,2023-03-21T10:30:00Z,sell,1.07566,1.0765740928767507,1.0729177213697483,7408,A_short
EURUSD,A,2023-03-21T11:15:00Z,sell,1.07788,1.0788644094963618,1.0749267715109145,7386,A_short
EURUSD,A,2023-03-22T09:00:00Z,sell,1.07897,1.0797753207051977,1.076554037884407,7371,A_short
EURUSD,A,2023-03-22T18:00:00Z,sell,1.08375,1.0852031376921323,1.0793905869236031,7333,A_short
EURUSD,A,2023-03-22T18:15:00Z,sell,1.08521,1.086741385999848,1.080615842000456,7313,A_short
EURUSD,A,2023-03-22T18:30:00Z,sell,1.08875,1.0908212011998684,1.0825363964003953,7278,A_short
EURUSD,A,2023-03-22T18:45:00Z,sell,1.08807,1.0903343743732192,1.0812768768803427,7268,A_short
EURUSD,A,2023-03-23T06:15:00Z,sell,1.09238,1.0931790900266074,1.0899827299201774,7224,A_short
EURUSD,A,2023-03-23T09:15:00Z,buy,1.08856,1.0873586163806659,1.0921641508580022,7264,A_long
EURUSD,A,2023-03-23T10:15:00Z,buy,1.0869,1.0858042074557668,1.0901873776326996,7267,A_long
EURUSD,A,2023-03-23T18:30:00Z,buy,1.08575,1.0846122867298715,1.0891631398103854,7296,A_long
EURUSD,A,2023-03-23T18:45:00Z,buy,1.08419,1.082778648499222,1.0884240545023343,7298,A_long
EURUSD,A,2023-03-24T01:00:00Z,buy,1.0823,1.0816739680142125,1.0841780959573628,7301,A_long
EURUSD,A,2023-03-24T08:00:00Z,buy,1.07922,1.078045860249148,1.082742419252556,7317,A_long
EURUSD,A,2023-03-24T08:15:00Z,buy,1.07864,1.077253078882595,1.0828007633522154,7312,A_long
EURUSD,A,2023-03-24T08:30:00Z,buy,1.0772,1.0756500016982489,1.0818499949052531,7312,A_long
EURUSD,A,2023-03-24T09:45:00Z,buy,1.07256,1.0706640813834376,1.078247755849687,7332,A_long
EURUSD,A,2023-03-27T13:15:00Z,sell,1.07942,1.0804088139063501,1.0764535582809498,7323,A_short
EURUSD,A,2023-03-27T23:15:00Z,sell,1.0807,1.081013094398062,1.0797607168058139,7307,A_short
EURUSD,A,2023-03-28T00:00:00Z,sell,1.0809,1.0812501298940866,1.07984961031774,7303,A_short
EURUSD,A,2023-03-28T00:30:00Z,sell,1.08126,1.0816426308982252,1.0801121073053248,7298,A_short
EURUSD,A,2023-03-28T00:45:00Z,sell,1.08158,1.0819969467784618,1.0803291596646145,7292,A_short
EURUSD,A,2023-03-28T07:15:00Z,sell,1.08244,1.083234549578163,1.0800563512655112,7283,A_short
EURUSD,A,2023-03-28T10:15:00Z,sell,1.08277,1.0836147900529192,1.0802356298412426,7275,A_short
EURUSD,A,2023-03-28T12:00:00Z,sell,1.08404,1.0848981813895608,1.081465455831317,7260,A_short
EURUSD,A,2023-03-29T06:15:00Z,buy,1.08266,1.082106118045389,1.0843216458638327,7263,A_long
EURUSD,A,2023-03-29T07:00:00Z,buy,1.08237,1.0817346581765097,1.084276025470471,7261,A_long
EURUSD,A,2023-03-29T09:30:00Z,sell,1.08531,1.0861212315435962,1.0828763053692114,7253,A_short
EURUSD,A,2023-03-29T09:45:00Z,sell,1.08597,1.0868317340044502,1.0833847979866498,7242,A_short
EURUSD,A,2023-03-30T01:00:00Z,buy,1.08325,1.0827952445777858,1.084614266266643,7254,A_long
EURUSD,A,2023-03-30T05:15:00Z,sell,1.08431,1.0847041258312384,1.0831276225062851,7243,A_short
EURUSD,A,2023-03-30T08:00:00Z,sell,1.08666,1.0877536008313209,1.0833791975060372,7225,A_short
EURUSD,A,2023-03-30T08:30:00Z,sell,1.0874,1.08858906017997,1.08383281946009,7212,A_short
EURUSD,A,2023-03-30T12:15:00Z,sell,1.08933,1.0902146580201746,1.0866760259394759,7191,A_short
EURUSD,A,2023-03-30T12:30:00Z,sell,1.0904,1.0914373702841516,1.0872878891475455,7177,A_short
EURUSD,A,2023-03-30T13:00:00Z,sell,1.09082,1.0918599803467626,1.087700058959712,7167,A_short
EURUSD,A,2023-03-30T13:15:00Z,sell,1.09177,1.092924649633861,1.0883060510984168,7153,A_short
EURUSD,A,2023-03-31T07:30:00Z,buy,1.08849,1.0876609675592306,1.090977097322308,7197,A_long
EURUSD,A,2023-03-31T08:15:00Z,buy,1.08753,1.0866688016970756,1.0901135949087737,7197,A_long
EURUSD,A,2023-04-02T22:30:00Z,buy,1.08223,1.0813953659970417,1.084733902008875,7226,A_long
EURUSD,A,2023-04-02T23:00:00Z,buy,1.08152,1.0806608304600003,1.0840975086199993,7224,A_long
EURUSD,A,2023-04-02T23:45:00Z,buy,1.08023,1.0794071213394432,1.0826986359816706,7227,A_long
EURUSD,A,2023-04-03T06:45:00Z,sell,1.08146,1.0821220733527306,1.0794737799418086,7212,A_short
EURUSD,A,2023-04-03T07:00:00Z,sell,1.08236,1.0831324635723665,1.0800426092829005,7202,A_short
EURUSD,A,2023-04-03T07:15:00Z,sell,1.08286,1.0836681350960509,1.0804355947118471,7193,A_short
EURUSD,A,2023-04-03T07:30:00Z,sell,1.08336,1.0842803837499109,1.0805988487502678,7183,A_short
EURUSD,A,2023-04-03T14:00:00Z,sell,1.0893,1.0905065899507365,1.0856802301477904,7138,A_short
EURUSD,A,2023-04-03T14:15:00Z,sell,1.09088,1.0922390446239718,1.0868028661280849,7119,A_short
EURUSD,A,2023-04-04T07:45:00Z,sell,1.0925,1.0936360409073533,1.08909187727794,7099,A_short
EURUSD,A,2023-04-04T12:45:00Z,buy,1.08911,1.0880848711687725,1.0921853864936826,7143,A_long
EURUSD,A,2023-04-04T14:00:00Z,sell,1.09422,1.0955535797716978,1.0902192606849066,7129,A_short
EURUSD,A,2023-04-04T14:15:00Z,sell,1.09554,1.096922435802138,1.0913926925935855,7111,A_short
EURUSD,A,2023-04-04T14:45:00Z,sell,1.09695,1.0983464962247171,1.092760511325849,7092,A_short
EURUSD,A,2023-04-05T14:30:00Z,buy,1.09141,1.090032494811243,1.095542515566271,7154,A_long
EURUSD,A,2023-04-06T00:30:00Z,buy,1.08971,1.0893967254763448,1.0906498235709654,7156,A_long
EURUSD,A,2023-04-06T00:45:00Z,buy,1.08939,1.0890438287461655,1.090428513761504,7155,A_long
EURUSD,A,2023-04-06T01:00:00Z,buy,1.0887,1.0882733182466768,1.0899800452599695,7157,A_long
EURUSD,A,2023-04-06T06:15:00Z,sell,1.09007,1.090484279463287,1.0888271616101395,7155,A_short
EURUSD,A,2023-04-06T06:30:00Z,sell,1.09026,1.0907030422015154,1.088930873395454,7151,A_short
EURUSD,A,2023-04-06T07:00:00Z,sell,1.0916,1.092213751698027,1.0897587449059185,7138,A_short
EURUSD,A,2023-04-06T13:00:00Z,buy,1.08876,1.0878164311765317,1.0915907064704047,7168,A_long
EURUSD,A,2023-04-07T04:45:00Z,buy,1.09146,1.0912514971633611,1.092085508509917,7169,A_long
EURUSD,A,2023-04-07T06:00:00Z,buy,1.09119,1.0909311416444785,1.091966575066565,7168,A_long
EURUSD,A,2023-04-07T10:45:00Z,sell,1.09216,1.0924829409307069,1.0911911772078795,7166,A_short
EURUSD,A,2023-04-07T12:30:00Z,buy,1.08947,1.0886399362396681,1.0919601912809953,7189,A_long
EURUSD,A,2023-04-10T12:00:00Z,buy,1.08692,1.0859421951825234,1.0898534144524301,7200,A_long
EURUSD,A,2023-04-10T12:15:00Z,buy,1.08617,1.0851372358248537,1.0892682925254393,7198,A_long
EURUSD,A,2023-04-10T12:45:00Z,buy,1.08489,1.0837179237973344,1.0884062286079963,7199,A_long
EURUSD,A,2023-04-10T23:15:00Z,sell,1.08674,1.0870311572985227,1.085866528104432,7178,A_short
EURUSD,A,2023-04-11T00:00:00Z,sell,1.08743,1.0877392659510678,1.086502202146796,7171,A_short
EURUSD,A,2023-04-11T00:45:00Z,sell,1.08775,1.0880872673465174,1.0867381979604478,7166,A_short
EURUSD,A,2023-04-11T02:00:00Z,sell,1.08833,1.0888508716179628,1.0867673851461117,7169,A_short
EURUSD,A,2023-04-11T05:45:00Z,sell,1.08941,1.0898382509636084,1.0881252471091747,7157,A_short
EURUSD,A,2023-04-11T07:15:00Z,sell,1.08981,1.0905131249440134,1.0877006251679595,7163,A_short
EURUSD,A,2023-04-11T08:00:00Z,sell,1.0906,1.0914277645931845,1.0881167062204467,7152,A_short
EURUSD,A,2023-04-11T09:15:00Z,sell,1.0915,1.09231763386877,1.08904709839369,7140,A_short
EURUSD,A,2023-04-12T00:45:00Z,sell,1.09252,1.0928697153548395,1.0914708539354814,7128,A_short
EURUSD,A,2023-04-12T01:30:00Z,sell,1.09268,1.0930598117435801,1.09154056476926,7124,A_short
EURUSD,A,2023-04-12T05:30:00Z,sell,1.09311,1.0934718345148509,1.0920244964554475,7118,A_short
EURUSD,A,2023-04-12T05:45:00Z,sell,1.09354,1.0939255899128706,1.092383230261388,7112,A_short
EURUSD,A,2023-04-12T12:30:00Z,sell,1.09722,1.098608496637874,1.0930545100863784,7095,A_short
EURUSD,A,2023-04-12T14:00:00Z,sell,1.09938,1.100952805115449,1.0946615846536534,7072,A_short
EURUSD,A,2023-04-13T08:00:00Z,sell,1.10172,1.1025990329919981,1.0990829010240057,7046,A_short
EURUSD,A,2023-04-13T12:30:00Z,sell,1.10299,1.1039413874967854,1.1001358375096435,7032,A_short
EURUSD,A,2023-04-13T12:45:00Z,sell,1.10488,1.1060298691638808,1.101430392508358,7013,A_short
EURUSD,A,2023-04-13T13:30:00Z,sell,1.1065,1.1076774881638656,1.1029675355084034,6995,A_short
EURUSD,A,2023-04-14T12:30:00Z,buy,1.10234,1.1011457793994757,1.1059226618015734,7043,A_long
EURUSD,A,2023-04-14T14:00:00Z,buy,1.10141,1.100019374006905,1.1055818779792848,7041,A_long
EURUSD,A,2023-04-17T00:45:00Z,buy,1.09727,1.0967462926637899,1.0988411220086303,7058,A_long
EURUSD,A,2023-04-17T01:00:00Z,buy,1.09625,1.0956054536419513,1.098183639074146,7060,A_long
EURUSD,A,2023-04-17T05:30:00Z,sell,1.09924,1.0996542350940341,1.0979972947178975,7053,A_short
EURUSD,A,2023-04-17T07:00:00Z,sell,1.09967,1.1002842041828258,1.0978273874515223,7047,A_short
EURUSD,A,2023-04-17T08:30:00Z,buy,1.09722,1.0964480377769,1.0995358866693006,7073,A_long
EURUSD,A,2023-04-17T08:45:00Z,buy,1.09646,1.0956682994066465,1.0988351017800606,7073,A_long
EURUSD,A,2023-04-17T12:45:00Z,buy,1.09535,1.0944846510671906,1.0979460467984283,7074,A_long
EURUSD,A,2023-04-17T13:15:00Z,buy,1.09451,1.0935738934682455,1.0973183195952638,7073,A_long
EURUSD,A,2023-04-17T13:45:00Z,buy,1.0932,1.0921430133161487,1.0963709600515537,7075,A_long
EURUSD,A,2023-04-17T14:00:00Z,buy,1.0922,1.0910639448739956,1.0956081653780134,7074,A_long
EURUSD,A,2023-04-17T14:30:00Z,buy,1.09168,1.0905236741498012,1.0951489775505963,7070,A_long
EURUSD,A,2023-04-18T06:45:00Z,sell,1.09489,1.0954517696308865,1.09320469110734,7071,A_short
EURUSD,A,2023-04-18T07:15:00Z,sell,1.09596,1.0965795514116439,1.0941013457650686,7059,A_short
EURUSD,A,2023-04-18T07:45:00Z,sell,1.09702,1.097733618615857,1.0948791441524293,7048,A_short
EURUSD,A,2023-04-18T08:45:00Z,sell,1.0981,1.0988753359266665,1.0957739922200007,7036,A_short
EURUSD,A,2023-04-18T12:45:00Z,buy,1.09559,1.0947371173658527,1.0981486479024423,7066,A_long
EURUSD,A,2023-04-18T13:15:00Z,buy,1.09499,1.094138190377018,1.0975454288689457,7064,A_long
EURUSD,A,2023-04-19T00:45:00Z,sell,1.09827,1.0985730925321586,1.0973607224035244,7058,A_short
EURUSD,A,2023-04-19T05:45:00Z,buy,1.09609,1.0957086889188847,1.0972339332433458,7077,A_long
EURUSD,A,2023-04-19T06:00:00Z,buy,1.09573,1.0952008637297002,1.0973174088109,7077,A_long
EURUSD,A,2023-04-19T06:15:00Z,buy,1.0952,1.0945734152324067,1.0970797543027797,7076,A_long
EURUSD,A,2023-04-19T09:30:00Z,buy,1.09302,1.0918527111354497,1.0965218665936514,7101,A_long
EURUSD,A,2023-04-19T14:00:00Z,sell,1.0974,1.0984240173092148,1.0943279480723553,7065,A_short
EURUSD,A,2023-04-20T12:00:00Z,buy,1.09421,1.093286525977897,1.0969804220663086,7105,A_long
EURUSD,A,2023-04-21T04:15:00Z,buy,1.09605,1.0957320730334221,1.0970037808997335,7110,A_long
EURUSD,A,2023-04-21T06:15:00Z,buy,1.09541,1.0949504830517292,1.0967885508448125,7111,A_long
EURUSD,A,2023-04-21T06:30:00Z,buy,1.09497,1.094458418644832,1.0965047440655038,7111,A_long
EURUSD,A,2023-04-21T06:45:00Z,buy,1.09417,1.0935572961588544,1.096008111523437,7112,A_long
EURUSD,A,2023-04-21T11:30:00Z,sell,1.098,1.098863075669654,1.0954107729910383,7098,A_short
EURUSD,A,2023-04-24T08:00:00Z,sell,1.09924,1.0999488800611736,1.097113359816479,7084,A_short
EURUSD,A,2023-04-24T08:45:00Z,sell,1.10086,1.101775285776118,1.0981141426716456,7068,A_short
EURUSD,A,2023-04-24T09:00:00Z,sell,1.10179,1.1028059143393023,1.0987422569820933,7056,A_short
EURUSD,A,2023-04-24T14:30:00Z,sell,1.10337,1.1043799759524748,1.1003400721425753,7039,A_short
EURUSD,A,2023-04-24T17:30:00Z,sell,1.10451,1.105132306150109,1.1026430815496733,7024,A_short
EURUSD,A,2023-04-24T22:45:00Z,sell,1.10511,1.1053796887711251,1.1043009336866247,7016,A_short
EURUSD,A,2023-04-24T23:15:00Z,sell,1.10535,1.105646344010312,1.1044609679690645,7012,A_short
EURUSD,A,2023-04-24T23:45:00Z,sell,1.1057,1.1059782317233007,1.1048653048300976,7008,A_short
EURUSD,A,2023-04-25T00:30:00Z,sell,1.10625,1.1066180163247679,1.1051459510256962,7002,A_short
EURUSD,A,2023-04-25T01:15:00Z,sell,1.10665,1.1071096242564489,1.105271127230653,6996,A_short
EURUSD,A,2023-04-25T05:15:00Z,buy,1.1046,1.104171794486244,1.1058846165412684,7017,A_long
EURUSD,A,2023-04-25T07:00:00Z,buy,1.10355,1.1027458401398846,1.1059624795803462,7021,A_long
EURUSD,A,2023-04-25T07:15:00Z,buy,1.10267,1.1017663947879,1.1053808156363003,7020,A_long
EURUSD,A,2023-04-25T13:00:00Z,buy,1.10077,1.0999273280679551,1.1032980157961347,7026,A_long
EURUSD,A,2023-04-25T13:30:00Z,buy,1.09997,1.099050304193264,1.1027290874202076,7025,A_long
EURUSD,A,2023-04-25T14:00:00Z,buy,1.09833,1.0972482729273851,1.1015751812178447,7029,A_long
EURUSD,A,2023-04-26T04:45:00Z,sell,1.09812,1.098492743697999,1.097001768906003,7023,A_short
EURUSD,A,2023-04-26T05:30:00Z,sell,1.09888,1.0992885741939271,1.097654277418219,7015,A_short
EURUSD,A,2023-04-26T06:15:00Z,sell,1.09942,1.0998850600012025,1.098024819996393,7008,A_short
EURUSD,A,2023-04-26T06:30:00Z,sell,1.10021,1.1007397186677086,1.0986208439968739,7000,A_short
EURUSD,A,2023-04-26T06:45:00Z,sell,1.10066,1.1012590895120142,1.0988627314639572,6993,A_short
EURUSD,A,2023-04-26T07:15:00Z,sell,1.10239,1.103143182789024,1.1001304516329282,6978,A_short
EURUSD,A,2023-04-26T08:15:00Z,sell,1.10363,1.104537366195305,1.1009079014140852,6964,A_short
EURUSD,A,2023-04-26T13:15:00Z,sell,1.10875,1.1103675326358808,1.103897402092357,6926,A_short
EURUSD,A,2023-04-27T02:30:00Z,sell,1.1052,1.1056585644985875,1.1038243065042375,6978,A_short
EURUSD,A,2023-04-27T05:30:00Z,sell,1.10598,1.1063934232282437,1.1047397303152686,6969,A_short
EURUSD,A,2023-04-27T07:15:00Z,buy,1.10409,1.1033759608851685,1.1062321173444944,6988,A_long
EURUSD,A,2023-04-27T12:30:00Z,buy,1.10097,1.0996006398976703,1.105078080306989,7003,A_long
EURUSD,A,2023-04-27T13:30:00Z,buy,1.09959,1.0980429344418245,1.1042311966745266,7003,A_long
EURUSD,A,2023-04-28T13:00:00Z,sell,1.10132,1.1028328928527849,1.0967813214416458,6981,A_short
EURUSD,A,2023-04-28T14:45:00Z,sell,1.10369,1.1052795735367882,1.0989212793896357,6956,A_short
EURUSD,A,2023-05-01T11:15:00Z,sell,1.10109,1.1015955539388538,1.0995733381834383,7001,A_short
EURUSD,A,2023-05-01T12:30:00Z,sell,1.10297,1.1036861362154653,1.1008215913536041,6985,A_short
EURUSD,A,2023-05-01T14:15:00Z,buy,1.09852,1.0974906343289008,1.1016080970132973,7027,A_long
EURUSD,A,2023-05-01T15:00:00Z,buy,1.09713,1.096066475146843,1.1003205745594709,7028,A_long
EURUSD,A,2023-05-02T07:30:00Z,sell,1.10015,1.1009046884148808,1.0978859347553576,7029,A_short
EURUSD,A,2023-05-02T08:00:00Z,buy,1.09648,1.0953202562572673,1.0999592312281978,7066,A_long
EURUSD,A,2023-05-02T14:30:00Z,sell,1.09919,1.1006949434951518,1.094675169514544,7041,A_short
EURUSD,A,2023-05-02T23:00:00Z,sell,1.10093,1.101237826100357,1.1000065216989288,7019,A_short
EURUSD,A,2023-05-02T23:15:00Z,sell,1.10107,1.101399449286976,1.1000816521390717,7016,A_short
EURUSD,A,2023-05-03T00:30:00Z,sell,1.10177,1.1022384390111726,1.100364682966482,7008,A_short
EURUSD,A,2023-05-03T07:15:00Z,sell,1.10385,1.1044912802911013,1.101926159126696,6992,A_short
EURUSD,A,2023-05-03T08:30:00Z,sell,1.10457,1.105324159806583,1.102307520580251,6982,A_short
EURUSD,A,2023-05-03T18:00:00Z,sell,1.10692,1.1081199860606323,1.1033200418181026,6981,A_short
EURUSD,A,2023-05-04T06:00:00Z,sell,1.10906,1.109583128417883,1.1074906147463508,6959,A_short
EURUSD,A,2023-05-04T07:00:00Z,buy,1.10692,1.1061578964791474,1.1092063105625574,6982,A_long
EURUSD,A,2023-05-04T07:30:00Z,buy,1.10616,1.1053917533554487,1.108464739933654,6982,A_long
EURUSD,A,2023-05-04T07:45:00Z,buy,1.10578,1.1049675195747222,1.1082174412758334,6979,A_long
EURUSD,A,2023-05-04T08:15:00Z,buy,1.10423,1.1033506702583469,1.1068679892249595,6983,A_long
EURUSD,A,2023-05-04T12:30:00Z,buy,1.10287,1.1012882212406814,1.107615336277956,7007,A_long
EURUSD,A,2023-05-04T12:45:00Z,buy,1.10093,1.099183125075257,1.1061706247742287,7009,A_long
EURUSD,A,2023-05-04T23:15:00Z,sell,1.10231,1.1026563984865463,1.1012708045403607,6988,A_short
EURUSD,A,2023-05-05T00:30:00Z,sell,1.10278,1.103159775859444,1.1016406724216683,6983,A_short
EURUSD,A,2023-05-05T01:15:00Z,sell,1.10323,1.1036837800187254,1.1018686599438237,6977,A_short
EURUSD,A,2023-05-05T01:30:00Z,sell,1.10364,1.104094609349562,1.1022761719513137,6971,A_short
EURUSD,A,2023-05-05T11:30:00Z,buy,1.10142,1.10076232015207,1.1033930395437903,6981,A_long
EURUSD,A,2023-05-05T12:30:00Z,buy,1.09725,1.0960944548318672,1.1007166355043987,7003,A_long
EURUSD,A,2023-05-08T01:45:00Z,sell,1.1031,1.1035683176408242,1.1016950470775273,6987,A_short
EURUSD,A,2023-05-08T02:30:00Z,sell,1.10358,1.104026913735375,1.1022392587938747,6981,A_short
EURUSD,A,2023-05-08T09:00:00Z,buy,1.10278,1.1019785705389076,1.1051842883832776,6983,A_long
EURUSD,A,2023-05-08T14:45:00Z,buy,1.10157,1.100766511315563,1.103980466053311,6985,A_long
EURUSD,A,2023-05-08T23:15:00Z,buy,1.09967,1.0994294316131132,1.10039170516066,6991,A_long
EURUSD,A,2023-05-09T00:00:00Z,buy,1.09867,1.0983163085197067,1.09973107444088,6995,A_long
EURUSD,A,2023-05-09T07:15:00Z,buy,1.09829,1.097586053260077,1.100401840219769,7004,A_long
EURUSD,A,2023-05-09T07:30:00Z,buy,1.09773,1.0969759128254002,1.0999922615237998,7002,A_long
EURUSD,A,2023-05-09T11:30:00Z,buy,1.09651,1.0959163584594875,1.0982909246215378,7005,A_long
EURUSD,A,2023-05-09T11:45:00Z,buy,1.09635,1.095751510664889,1.0981454680053329,7001,A_long
EURUSD,A,2023-05-09T12:45:00Z,buy,1.095,1.0942737620958005,1.0971787137125983,7006,A_long
EURUSD,A,2023-05-09T13:15:00Z,buy,1.09463,1.093883536863068,1.0968693894107961,7003,A_long
EURUSD,A,2023-05-09T18:15:00Z,sell,1.09705,1.0976613828172106,1.0952158515483685,7001,A_short
EURUSD,A,2023-05-09T21:45:00Z,buy,1.09474,1.0942821725300973,1.0961134824097083,7027,A_long
EURUSD,A,2023-05-10T05:15:00Z,buy,1.0966,1.0963006475994483,1.097498057201655,7018,A_long
EURUSD,A,2023-05-10T05:30:00Z,buy,1.09656,1.096236561252855,1.0975303162414347,7015,A_long
EURUSD,A,2023-05-10T08:30:00Z,buy,1.0955,1.0947746090772086,1.097676172768374,7028,A_long
EURUSD,A,2023-05-10T12:30:00Z,sell,1.09941,1.1006147619929347,1.0957957140211958,6998,A_short
EURUSD,A,2023-05-10T13:00:00Z,sell,1.09985,1.1012007767858043,1.095797669642587,6987,A_short
EURUSD,A,2023-05-11T06:30:00Z,buy,1.09539,1.094643955597627,1.0976281332071192,7040,A_long
EURUSD,A,2023-05-11T06:45:00Z,buy,1.09303,1.0920460948512767,1.0959817154461697,7050,A_long
EURUSD,A,2023-05-11T13:30:00Z,buy,1.09089,1.089823170696213,1.0940904879113609,7057,A_long
EURUSD,A,2023-05-12T11:15:00Z,buy,1.08906,1.088344798788404,1.0912056036347875,7061,A_long
EURUSD,A,2023-05-12T14:45:00Z,buy,1.08622,1.0852235300165374,1.0892094099503877,7075,A_long
EURUSD,A,2023-05-15T01:00:00Z,sell,1.08565,1.0860235861983898,1.0845292414048306,7071,A_short
EURUSD,A,2023-05-15T01:15:00Z,sell,1.08596,1.0863411080386045,1.0848166758841866,7066,A_short
EURUSD,A,2023-05-15T01:45:00Z,sell,1.08631,1.0867022100378854,1.0851333698863443,7061,A_short
EURUSD,A,2023-05-15T06:00:00Z,sell,1.08717,1.087540574389928,1.0860582768302158,7052,A_short
EURUSD,A,2023-05-15T07:30:00Z,sell,1.08754,1.0881051619046782,1.0858445142859652,7056,A_short
EURUSD,A,2023-05-15T14:45:00Z,buy,1.08647,1.0857495152343195,1.0886314542970417,7073,A_long
EURUSD,A,2023-05-16T08:00:00Z,sell,1.0894,1.0901201381433738,1.0872395855698782,7068,A_short
EURUSD,A,2023-05-16T12:15:00Z,buy,1.08805,1.087448330500619,1.0898550084981427,7071,A_long
EURUSD,A,2023-05-16T13:15:00Z,buy,1.08752,1.0866368430109272,1.0901694709672185,7070,A_long
EURUSD,A,2023-05-16T14:00:00Z,buy,1.08606,1.0849757819540762,1.0893126541377716,7073,A_long
EURUSD,A,2023-05-17T07:15:00Z,buy,1.08441,1.0835888493988537,1.0868734518034393,7076,A_long
EURUSD,A,2023-05-17T07:45:00Z,buy,1.08317,1.0823183802151388,1.0857248593545834,7078,A_long
EURUSD,A,2023-05-17T09:00:00Z,buy,1.08211,1.081182164128684,1.0848935076139474,7079,A_long
EURUSD,A,2023-05-17T17:00:00Z,sell,1.08467,1.0854019317333168,1.0824742048000497,7056,A_short
EURUSD,A,2023-05-18T07:15:00Z,buy,1.08209,1.0814762679198326,1.083931196240502,7086,A_long
EURUSD,A,2023-05-18T07:45:00Z,buy,1.08161,1.0808412856820075,1.0839161429539772,7085,A_long
EURUSD,A,2023-05-18T09:15:00Z,buy,1.08079,1.0800161513403772,1.083111545978868,7084,A_long
EURUSD,A,2023-05-18T12:30:00Z,buy,1.07964,1.0787737969405116,1.082238609178465,7086,A_long
EURUSD,A,2023-05-18T12:45:00Z,buy,1.079,1.07806662401511,1.0818001279546698,7084,A_long
EURUSD,A,2023-05-18T13:45:00Z,buy,1.07778,1.076927315525838,1.0803380534224856,7085,A_long
EURUSD,A,2023-05-19T01:15:00Z,buy,1.07647,1.0760536371210327,1.077719088636902,7087,A_long
EURUSD,A,2023-05-19T01:30:00Z,buy,1.07656,1.0761191521715616,1.077882543485315,7083,A_long
EURUSD,A,2023-05-19T06:00:00Z,sell,1.0781,1.078632117012657,1.0765036489620294,7070,A_short
EURUSD,A,2023-05-19T06:15:00Z,sell,1.07902,1.079633168077636,1.077180495767092,7059,A_short
EURUSD,A,2023-05-19T09:45:00Z,sell,1.08025,1.08109667230282,1.07770998309154,7062,A_short
EURUSD,A,2023-05-21T23:00:00Z,sell,1.08229,1.0827501413908345,1.0809095758274965,7043,A_short
EURUSD,A,2023-05-22T05:45:00Z,buy,1.08102,1.0806034134805342,1.0822697595583977,7048,A_long
EURUSD,A,2023-05-22T07:00:00Z,buy,1.08027,1.079567953029041,1.0823761409128774,7060,A_long
EURUSD,A,2023-05-22T10:15:00Z,sell,1.08283,1.0835292919885262,1.0807321240344212,7038,A_short
EURUSD,A,2023-05-23T01:30:00Z,buy,1.08061,1.0802105770508106,1.0818082688475685,7065,A_long
EURUSD,A,2023-05-23T05:30:00Z,buy,1.08007,1.0797254467466784,1.0811036597599653,7066,A_long
EURUSD,A,2023-05-23T07:15:00Z,buy,1.07897,1.0782768763722594,1.0810493708832216,7079,A_long
EURUSD,A,2023-05-23T09:30:00Z,buy,1.0781,1.0772015199345277,1.080795440196417,7080,A_long
EURUSD,A,2023-05-23T10:15:00Z,buy,1.07715,1.0763604709025651,1.0795185872923048,7079,A_long
EURUSD,A,2023-05-23T16:00:00Z,buy,1.07615,1.0753033379465773,1.078689986160268,7080,A_long
EURUSD,A,2023-05-24T06:15:00Z,sell,1.07867,1.0791117275972888,1.0773448172081337,7079,A_short
EURUSD,A,2023-05-24T10:00:00Z,buy,1.07566,1.0747947963809596,1.0782556108571213,7107,A_long
EURUSD,A,2023-05-25T01:30:00Z,buy,1.07414,1.0736726345668952,1.0755420962993147,7134,A_long
EURUSD,A,2023-05-25T06:00:00Z,buy,1.07301,1.0725708238421938,1.0743275284734186,7137,A_long
EURUSD,A,2023-05-25T07:00:00Z,buy,1.07191,1.0711971061680374,1.0740486814958874,7153,A_long
EURUSD,A,2023-05-25T13:30:00Z,buy,1.07098,1.0700935677027072,1.0736392968918784,7154,A_long
EURUSD,A,2023-05-26T02:00:00Z,sell,1.07341,1.0738476308781955,1.0720971073654135,7154,A_short
EURUSD,A,2023-05-26T11:30:00Z,sell,1.07525,1.0760230113848113,1.0729309658455664,7138,A_short
EURUSD,A,2023-05-26T14:45:00Z,buy,1.07053,1.069184959641209,1.0745651210763727,7184,A_long
EURUSD,A,2023-05-30T05:15:00Z,buy,1.06912,1.068470264371548,1.0710692068853562,7184,A_long
EURUSD,A,2023-05-30T05:45:00Z,buy,1.0686,1.0679353541279626,1.0705939376161122,7183,A_long
EURUSD,A,2023-05-30T09:15:00Z,sell,1.07156,1.0725370122177347,1.0686289633467962,7158,A_short
EURUSD,A,2023-05-30T10:00:00Z,sell,1.07299,1.073925738027367,1.0701827859178994,7142,A_short
EURUSD,A,2023-05-30T19:45:00Z,sell,1.07299,1.073416144021775,1.0717115679346751,7135,A_short
EURUSD,A,2023-05-31T01:30:00Z,buy,1.07167,1.0711152378410178,1.0733342864769462,7140,A_long
EURUSD,A,2023-05-31T02:00:00Z,buy,1.07109,1.0705271786450312,1.0727784640649067,7139,A_long
EURUSD,A,2023-05-31T02:30:00Z,buy,1.07053,1.0700040586267123,1.072107824119863,7139,A_long
EURUSD,A,2023-05-31T03:00:00Z,buy,1.06991,1.069405092924064,1.0714247212278079,7139,A_long
EURUSD,A,2023-05-31T07:00:00Z,buy,1.06773,1.0669557608549662,1.0700527174351016,7150,A_long
EURUSD,A,2023-05-31T08:00:00Z,buy,1.06665,1.0658243691018014,1.069126892694596,7151,A_long
EURUSD,A,2023-05-31T13:30:00Z,sell,1.06988,1.0707324586475844,1.0673226240572466,7145,A_short
EURUSD,A,2023-06-01T01:30:00Z,buy,1.06811,1.067633521089561,1.0695394367313162,7173,A_long
EURUSD,A,2023-06-01T05:45:00Z,buy,1.06771,1.0672296352374326,1.0691510942877018,7172,A_long
EURUSD,A,2023-06-01T07:30:00Z,buy,1.06629,1.065497096124107,1.0686687116276787,7178,A_long
EURUSD,A,2023-06-01T09:45:00Z,sell,1.07087,1.0717187663249474,1.0683237010251576,7162,A_short
EURUSD,A,2023-06-01T13:45:00Z,sell,1.07281,1.0739511751329756,1.0693864746010735,7143,A_short
EURUSD,A,2023-06-02T03:15:00Z,sell,1.0768,1.0771620274510036,1.075713917646989,7108,A_short
EURUSD,A,2023-06-02T06:00:00Z,sell,1.07744,1.0778877409050307,1.0760967772849077,7101,A_short
EURUSD,A,2023-06-02T12:30:00Z,buy,1.07478,1.0737678992097202,1.0778163023708398,7127,A_long
EURUSD,A,2023-06-02T12:45:00Z,buy,1.07474,1.0736721793150907,1.077943462054728,7120,A_long
EURUSD,A,2023-06-02T14:15:00Z,buy,1.07281,1.0714795631563407,1.076801310530978,7125,A_long
EURUSD,A,2023-06-04T22:45:00Z,buy,1.07009,1.0697979240230477,1.0709662279308567,7134,A_long
EURUSD,A,2023-06-04T23:15:00Z,buy,1.06977,1.0694818184884227,1.0706345445347323,7133,A_long
EURUSD,A,2023-06-05T00:00:00Z,buy,1.06937,1.0690313408056487,1.0703859775830538,7133,A_long
EURUSD,A,2023-06-05T00:15:00Z,buy,1.06917,1.0688178286982288,1.0702265139053133,7131,A_long
EURUSD,A,2023-06-05T07:15:00Z,buy,1.06879,1.0681896859142608,1.0705909422572173,7140,A_long
EURUSD,A,2023-06-05T12:30:00Z,buy,1.06772,1.0671248989801612,1.0695053030595165,7143,A_long
EURUSD,A,2023-06-05T14:00:00Z,sell,1.07161,1.0727669398306472,1.0681391805080582,7128,A_short
EURUSD,A,2023-06-06T05:00:00Z,sell,1.07301,1.073432563655293,1.071742309034121,7110,A_short
EURUSD,A,2023-06-06T07:30:00Z,buy,1.07099,1.0702312289737415,1.073266313078776,7131,A_long
EURUSD,A,2023-06-06T08:15:00Z,buy,1.07013,1.0692801096460176,1.0726796710619473,7131,A_long
EURUSD,A,2023-06-06T23:45:00Z,sell,1.06984,1.0700749230141247,1.0691352309576256,7127,A_short
EURUSD,A,2023-06-07T00:00:00Z,sell,1.07006,1.0703262666122415,1.0692612001632755,7124,A_short
EURUSD,A,2023-06-07T00:15:00Z,sell,1.07008,1.0703587643972758,1.0692437068081722,7121,A_short
EURUSD,A,2023-06-07T00:30:00Z,sell,1.07036,1.0706829291443059,1.0693912125670824,7117,A_short
EURUSD,A,2023-06-07T06:15:00Z,buy,1.0678,1.0673468754218844,1.069159373734347,7140,A_long
EURUSD,A,2023-06-07T06:30:00Z,buy,1.0674,1.0669232920322997,1.0688301239031004,7138,A_long
EURUSD,A,2023-06-07T07:00:00Z,buy,1.06696,1.0663699393487052,1.0687301819538841,7137,A_long
EURUSD,A,2023-06-07T10:15:00Z,sell,1.07075,1.0714108052458913,1.0687675842623265,7123,A_short
EURUSD,A,2023-06-07T10:45:00Z,sell,1.07148,1.0721702937180249,1.0694091188459254,7113,A_short
EURUSD,A,2023-06-07T13:45:00Z,sell,1.07371,1.0745643863665884,1.0711468409002347,7094,A_short
EURUSD,A,2023-06-07T23:45:00Z,sell,1.07069,1.0710177996010928,1.0697066011967213,7130,A_short
EURUSD,A,2023-06-08T05:15:00Z,sell,1.07161,1.0719772909603684,1.0705081271188945,7121,A_short
EURUSD,A,2023-06-08T08:45:00Z,sell,1.07265,1.0733502219026587,1.0705493342920243,7121,A_short
EURUSD,A,2023-06-08T09:15:00Z,sell,1.07288,1.0736911888957748,1.070446433312676,7114,A_short
EURUSD,A,2023-06-08T12:30:00Z,sell,1.0751,1.0759668915495457,1.0724993253513626,7093,A_short
EURUSD,A,2023-06-08T13:30:00Z,sell,1.07606,1.0770266482873398,1.0731600551379805,7081,A_short
EURUSD,A,2023-06-08T14:00:00Z,sell,1.07669,1.0776412158247128,1.0738363525258612,7070,A_short
EURUSD,A,2023-06-09T02:00:00Z,buy,1.07783,1.0775261776998533,1.0787414669004405,7056,A_long
EURUSD,A,2023-06-09T07:30:00Z,buy,1.07695,1.0764230631534197,1.078530810539741,7059,A_long
EURUSD,A,2023-06-09T08:30:00Z,buy,1.07637,1.0757191894661693,1.0783224316014923,7058,A_long
EURUSD,A,2023-06-09T12:00:00Z,sell,1.07783,1.0784613276839403,1.0759360169481793,7044,A_short
EURUSD,A,2023-06-09T15:30:00Z,buy,1.07497,1.0742471765617647,1.0771384703147058,7074,A_long
EURUSD,A,2023-06-12T01:45:00Z,buy,1.07367,1.0733126306090166,1.0747421081729498,7078,A_long
EURUSD,A,2023-06-12T02:30:00Z,buy,1.07347,1.073128500577188,1.0744944982684357,7076,A_long
EURUSD,A,2023-06-12T05:45:00Z,sell,1.07491,1.0752710953270828,1.0738267140187518,7072,A_short
EURUSD,A,2023-06-12T06:00:00Z,sell,1.07512,1.0754902826168051,1.074009152149585,7068,A_short
EURUSD,A,2023-06-12T07:30:00Z,sell,1.07566,1.0761760153869817,1.0741119538390551,7061,A_short
EURUSD,A,2023-06-12T07:45:00Z,sell,1.07694,1.077599213335384,1.074962359993848,7049,A_short
EURUSD,A,2023-06-12T08:00:00Z,sell,1.07778,1.0784926515573328,1.0756420453280016,7039,A_short
EURUSD,A,2023-06-12T13:45:00Z,buy,1.0753,1.0744702589250712,1.077789223224786,7050,A_long
EURUSD,A,2023-06-13T00:00:00Z,sell,1.07666,1.0769241854918878,1.0758674435243363,7035,A_short
EURUSD,A,2023-06-13T02:15:00Z,sell,1.07712,1.0775067367411333,1.0759597897766005,7029,A_short
EURUSD,A,2023-06-13T02:45:00Z,sell,1.07742,1.0777951044855623,1.0762946865433134,7024,A_short
EURUSD,A,2023-06-13T03:00:00Z,sell,1.0778,1.0781784238874874,1.0766647283375381,7019,A_short
EURUSD,A,2023-06-13T05:00:00Z,sell,1.07888,1.0792476885746476,1.0777769342760575,7009,A_short
EURUSD,A,2023-06-13T05:15:00Z,sell,1.07938,1.079778663431361,1.0781840097059168,7002,A_short
EURUSD,A,2023-06-13T12:30:00Z,sell,1.08143,1.0824267643854608,1.0784397068436171,6996,A_short
EURUSD,A,2023-06-13T14:00:00Z,buy,1.07816,1.0769488629705024,1.0817934110884928,7036,A_long
EURUSD,A,2023-06-14T12:15:00Z,sell,1.08177,1.0823363995842534,1.0800708012472393,7035,A_short
EURUSD,A,2023-06-14T12:30:00Z,sell,1.08277,1.0834488796396864,1.0807333610809409,7024,A_short
EURUSD,A,2023-06-14T13:00:00Z,sell,1.0833,1.084029469596031,1.0811115912119065,7016,A_short
EURUSD,A,2023-06-14T13:30:00Z,sell,1.08422,1.0849752904965744,1.0819541285102767,7004,A_short
EURUSD,A,2023-06-14T18:00:00Z,buy,1.08167,1.080527515969331,1.0850974520920065,7015,A_long
EURUSD,A,2023-06-15T07:45:00Z,sell,1.08269,1.0833613747281894,1.0806758758154316,7001,A_short
EURUSD,A,2023-06-15T08:30:00Z,sell,1.08345,1.084133641563802,1.0813990753085938,6991,A_short
EURUSD,A,2023-06-15T09:00:00Z,sell,1.0842,1.0849321574412558,1.0820035276762328,6981,A_short
EURUSD,A,2023-06-15T12:30:00Z,sell,1.08774,1.0891438679554182,1.0835283961337452,6972,A_short
EURUSD,A,2023-06-15T13:15:00Z,sell,1.08862,1.0903359401179418,1.0834721796461744,6957,A_short
EURUSD,A,2023-06-15T14:00:00Z,sell,1.09044,1.0920212445745536,1.0856962662763394,6934,A_short
EURUSD,A,2023-06-16T02:45:00Z,buy,1.09362,1.0932067342933183,1.0948597971200453,6903,A_long
EURUSD,A,2023-06-16T06:15:00Z,sell,1.09561,1.0961514014380516,1.0939857956858452,6898,A_short
EURUSD,A,2023-06-16T12:00:00Z,sell,1.09667,1.0974029710817137,1.094471086754859,6887,A_short
EURUSD,A,2023-06-16T14:30:00Z,buy,1.09326,1.0921649457575047,1.0965451627274856,6922,A_long
EURUSD,A,2023-06-16T14:45:00Z,buy,1.0925,1.0913429529898375,1.0959711410304875,6919,A_long
EURUSD,A,2023-06-19T09:45:00Z,buy,1.09106,1.0903453524138504,1.0932039427584483,6920,A_long
EURUSD,A,2023-06-20T06:15:00Z,sell,1.09321,1.0937699935851795,1.0915300192444617,6919,A_short
EURUSD,A,2023-06-20T07:30:00Z,sell,1.09391,1.0947379405803748,1.0914261782588754,6925,A_short
EURUSD,A,2023-06-20T13:00:00Z,buy,1.09077,1.0899353400192215,1.0932739799423354,6959,A_long
EURUSD,A,2023-06-20T14:30:00Z,buy,1.08987,1.088888829657972,1.0928135110260837,6959,A_long
EURUSD,A,2023-06-21T08:15:00Z,sell,1.09274,1.0933988165389754,1.090763550383074,6959,A_short
EURUSD,A,2023-06-21T14:15:00Z,sell,1.09445,1.0955096407585225,1.091271077724432,6943,A_short
EURUSD,A,2023-06-21T14:30:00Z,sell,1.0959,1.0970796886573864,1.0923609340278413,6927,A_short
EURUSD,A,2023-06-21T23:00:00Z,sell,1.09913,1.0994102291683905,1.0982893124948283,6898,A_short
EURUSD,A,2023-06-22T06:00:00Z,buy,1.09845,1.0980717825800255,1.0995846522599233,6900,A_long
EURUSD,A,2023-06-22T07:30:00Z,sell,1.09983,1.100500393210793,1.0978188203676211,6888,A_short
EURUSD,A,2023-06-22T12:30:00Z,buy,1.09832,1.0973720830973295,1.1011637507080114,6893,A_long
EURUSD,A,2023-06-22T13:00:00Z,buy,1.09695,1.0959585424153275,1.0999243727540178,6895,A_long
EURUSD,A,2023-06-22T14:45:00Z,buy,1.09591,1.0948365802048814,1.0991302593853556,6895,A_long
EURUSD,A,2023-06-23T01:30:00Z,buy,1.09473,1.0943758017438026,1.0957925947685923,6895,A_long
EURUSD,A,2023-06-23T02:00:00Z,buy,1.094,1.0935763577542341,1.095270926737298,6897,A_long
EURUSD,A,2023-06-23T02:30:00Z,buy,1.0938,1.0933526420465136,1.0951420738604596,6895,A_long
EURUSD,A,2023-06-23T06:30:00Z,buy,1.0921,1.0915989942335282,1.0936030172994156,6902,A_long
EURUSD,A,2023-06-23T07:15:00Z,buy,1.08793,1.086866441579574,1.0911206752612785,6925,A_long
EURUSD,A,2023-06-23T07:30:00Z,buy,1.08669,1.0854202493689638,1.0904992518931085,6925,A_long
EURUSD,A,2023-06-23T12:00:00Z,sell,1.0885,1.0893017645605299,1.0860947063184105,6905,A_short
EURUSD,A,2023-06-23T12:15:00Z,sell,1.08938,1.0902175292857925,1.0868674121426225,6894,A_short
EURUSD,A,2023-06-25T21:15:00Z,sell,1.09009,1.0906049006253082,1.0885452981240753,6884,A_short
EURUSD,A,2023-06-25T22:00:00Z,sell,1.09039,1.090856796051497,1.088989611845509,6878,A_short
EURUSD,A,2023-06-26T08:00:00Z,buy,1.08925,1.0884891331639122,1.0915326005082637,6881,A_long
EURUSD,A,2023-06-26T11:45:00Z,sell,1.09177,1.0923907354115439,1.089907793765368,6879,A_short
EURUSD,A,2023-06-27T01:45:00Z,sell,1.09241,1.0930417125323324,1.0905148624030032,6871,A_short
EURUSD,A,2023-06-27T07:00:00Z,sell,1.09387,1.0944959167704589,1.091992249688623,6857,A_short
EURUSD,A,2023-06-27T10:45:00Z,sell,1.09513,1.0957947090796873,1.0931358727609377,6845,A_short
EURUSD,A,2023-06-27T12:30:00Z,sell,1.09708,1.0979796290957218,1.094381112712835,6828,A_short
EURUSD,A,2023-06-27T23:15:00Z,buy,1.09554,1.0953069572621017,1.0962391282136947,6853,A_long
EURUSD,A,2023-06-28T01:30:00Z,buy,1.0948,1.0944203315878323,1.0959390052365032,6856,A_long
EURUSD,A,2023-06-28T02:15:00Z,buy,1.09441,1.094038512147694,1.0955244635569181,6855,A_long
EURUSD,A,2023-06-28T06:30:00Z,buy,1.09406,1.093579503368494,1.095501489894518,6855,A_long
EURUSD,A,2023-06-28T12:00:00Z,buy,1.09324,1.092388274165836,1.0957951775024921,6868,A_long
EURUSD,A,2023-06-28T13:00:00Z,buy,1.09239,1.0915550314755642,1.0948949055733073,6867,A_long
EURUSD,A,2023-06-28T14:45:00Z,buy,1.08985,1.0885619958286747,1.0937140125139757,6878,A_long
EURUSD,A,2023-06-29T07:00:00Z,sell,1.09095,1.0916379466199577,1.0888861601401272,6862,A_short
EURUSD,A,2023-06-29T07:15:00Z,sell,1.09161,1.0923688870706298,1.0893333387881103,6853,A_short
EURUSD,A,2023-06-29T11:45:00Z,sell,1.09385,1.0944376809482812,1.0920869571551564,6834,A_short
EURUSD,A,2023-06-29T12:45:00Z,buy,1.0881,1.0867817411246645,1.0920547766260067,6880,A_long
EURUSD,A,2023-06-29T13:00:00Z,buy,1.08721,1.0858235089747093,1.0913694730758723,6877,A_long
EURUSD,A,2023-06-30T06:15:00Z,buy,1.08587,1.0853268356087447,1.0874994931737656,6876,A_long
EURUSD,A,2023-06-30T08:00:00Z,buy,1.08515,1.0844298529986518,1.0873104410040448,6876,A_long
EURUSD,A,2023-06-30T08:15:00Z,buy,1.08436,1.0835612059321649,1.0867563822035053,6876,A_long
EURUSD,A,2023-06-30T08:30:00Z,buy,1.08404,1.0832303784745427,1.0864688645763714,6872,A_long
EURUSD,A,2023-06-30T12:00:00Z,sell,1.08704,1.087825701286307,1.0846828961410788,6868,A_short
EURUSD,A,2023-06-30T12:30:00Z,sell,1.08897,1.089957215632826,1.0860083531015217,6850,A_short
EURUSD,A,2023-06-30T13:00:00Z,sell,1.09046,1.091430575297545,1.0875482741073648,6834,A_short
EURUSD,A,2023-07-03T00:30:00Z,buy,1.09051,1.0902265600134489,1.0913603199596538,6827,A_long
EURUSD,A,2023-07-03T00:45:00Z,buy,1.09014,1.089823685344989,1.0910889439650335,6827,A_long
EURUSD,A,2023-07-03T04:15:00Z,sell,1.09157,1.0919184084260745,1.0905247747217763,6823,A_short
EURUSD,A,2023-07-03T06:00:00Z,buy,1.08942,1.0888603818114957,1.0910988545655131,6843,A_long
EURUSD,A,2023-07-03T06:15:00Z,buy,1.08926,1.0886909975699628,1.0909670072901112,6840,A_long
EURUSD,A,2023-07-03T07:00:00Z,buy,1.08824,1.0876440893810988,1.090027731856704,6842,A_long
EURUSD,A,2023-07-03T13:15:00Z,sell,1.09135,1.0921332124105934,1.08900036276822,6818,A_short
EURUSD,A,2023-07-04T02:15:00Z,buy,1.09034,1.0899901042608418,1.091389687217475,6819,A_long
EURUSD,A,2023-07-04T05:15:00Z,buy,1.08941,1.0890984178796645,1.0903447463610063,6822,A_long
EURUSD,A,2023-07-04T06:45:00Z,sell,1.09146,1.0919303524611401,1.09004894261658,6814,A_short
EURUSD,A,2023-07-04T14:15:00Z,sell,1.09061,1.091065026376454,1.089244920870638,6828,A_short
EURUSD,A,2023-07-04T16:30:00Z,buy,1.08926,1.088814429497283,1.0905967115081505,6844,A_long
EURUSD,A,2023-07-04T18:45:00Z,buy,1.08873,1.0883954580446766,1.08973362586597,6844,A_long
EURUSD,A,2023-07-04T19:30:00Z,buy,1.08812,1.0877749070590088,1.0891552788229735,6845,A_long
EURUSD,A,2023-07-05T00:15:00Z,sell,1.08869,1.0889305392896842,1.0879683821309472,6839,A_short
EURUSD,A,2023-07-05T00:30:00Z,sell,1.08891,1.0891731340510598,1.088120597846821,6835,A_short
EURUSD,A,2023-07-05T05:00:00Z,buy,1.08688,1.0865695357838407,1.087811392648478,6852,A_long
EURUSD,A,2023-07-05T07:00:00Z,sell,1.09016,1.0909513710796739,1.0877858867609784,6837,A_short
EURUSD,A,2023-07-05T12:30:00Z,sell,1.08985,1.0906149187740195,1.0875552436779414,6853,A_short
EURUSD,A,2023-07-06T00:45:00Z,buy,1.08489,1.0845594314023987,1.0858817057928034,6898,A_long
EURUSD,A,2023-07-06T01:15:00Z,buy,1.08438,1.0840381062533573,1.0854056812399278,6899,A_long
EURUSD,A,2023-07-06T03:45:00Z,buy,1.084,1.0836417918244237,1.0850746245267293,6898,A_long
EURUSD,A,2023-07-06T04:00:00Z,buy,1.08365,1.0832475529145005,1.0848573412564986,6898,A_long
EURUSD,A,2023-07-06T06:00:00Z,sell,1.08586,1.0864752787693774,1.0840141636918679,6890,A_short
EURUSD,A,2023-07-06T06:15:00Z,sell,1.08657,1.0872245749334604,1.084606275199619,6881,A_short
EURUSD,A,2023-07-06T10:15:00Z,sell,1.08869,1.0896677061311573,1.085756881606528,6863,A_short
EURUSD,A,2023-07-06T14:15:00Z,buy,1.0845,1.0827325279024036,1.0898024162927893,6883,A_long
EURUSD,A,2023-07-07T07:45:00Z,buy,1.08759,1.0867689947751586,1.0900530156745243,6896,A_long
EURUSD,A,2023-07-07T12:30:00Z,sell,1.09102,1.0923312528577551,1.087086241426735,6869,A_short
EURUSD,A,2023-07-07T12:45:00Z,sell,1.09119,1.0926064191433877,1.0869407425698372,6859,A_short
EURUSD,A,2023-07-07T14:15:00Z,sell,1.09292,1.0942629733600284,1.0888910799199143,6839,A_short
EURUSD,A,2023-07-07T14:30:00Z,sell,1.09481,1.0962499102453582,1.0904902692639256,6818,A_short
EURUSD,A,2023-07-10T05:45:00Z,buy,1.09461,1.0941758082696793,1.0959125751909624,6810,A_long
EURUSD,A,2023-07-10T09:00:00Z,sell,1.09672,1.097393718543887,1.094698844368339,6804,A_short
EURUSD,A,2023-07-10T12:30:00Z,buy,1.09478,1.0941738656846638,1.096598402946009,6828,A_long
EURUSD,A,2023-07-10T14:00:00Z,sell,1.09796,1.098843114488316,1.0953106565350523,6819,A_short
EURUSD,A,2023-07-10T23:15:00Z,sell,1.10039,1.1005870786752214,1.0997987639743356,6798,A_short
EURUSD,A,2023-07-11T00:15:00Z,sell,1.10075,1.1010051408206023,1.0999845775381927,6793,A_short
EURUSD,A,2023-07-11T01:15:00Z,sell,1.10112,1.101434853471155,1.100175439586535,6789,A_short
EURUSD,A,2023-07-11T02:30:00Z,sell,1.10143,1.101807579548794,1.1002972613536175,6785,A_short
EURUSD,A,2023-07-11T02:45:00Z,sell,1.10188,1.1022965689422883,1.1006302931731349,6779,A_short
EURUSD,A,2023-07-11T09:00:00Z,buy,1.09994,1.0991891850365885,1.1021924448902343,6798,A_long
EURUSD,A,2023-07-11T11:30:00Z,buy,1.09889,1.098257819681512,1.1007865409554636,6799,A_long
EURUSD,A,2023-07-11T12:30:00Z,buy,1.09819,1.0975478934898502,1.1001163195304495,6799,A_long
EURUSD,A,2023-07-11T16:45:00Z,sell,1.10024,1.1008383564144915,1.098444930756526,6797,A_short
EURUSD,A,2023-07-11T17:15:00Z,sell,1.10066,1.1012320988179956,1.0989437035460132,6791,A_short
EURUSD,A,2023-07-12T00:15:00Z,sell,1.10198,1.1022455595889147,1.1011833212332558,6778,A_short
EURUSD,A,2023-07-12T01:00:00Z,sell,1.10276,1.1031543746420283,1.101576876073915,6771,A_short
EURUSD,A,2023-07-12T01:15:00Z,sell,1.1026,1.103023124689758,1.1013306259307263,6769,A_short
EURUSD,A,2023-07-12T12:30:00Z,sell,1.1062,1.1074684829214891,1.1023945512355329,6744,A_short
EURUSD,A,2023-07-12T13:00:00Z,sell,1.10767,1.1091829493943628,1.1031311518169113,6727,A_short
EURUSD,A,2023-07-12T13:30:00Z,sell,1.10835,1.109754215322877,1.1041373540313688,6713,A_short
EURUSD,A,2023-07-12T13:45:00Z,sell,1.10978,1.1112276532798266,1.10543704016052,6695,A_short
EURUSD,A,2023-07-13T00:30:00Z,sell,1.11432,1.1146634553848764,1.1132896338453706,6659,A_short
EURUSD,A,2023-07-13T05:45:00Z,buy,1.11309,1.11259510428062,1.11457468715814,6664,A_long
EURUSD,A,2023-07-13T08:30:00Z,sell,1.11689,1.1178794739275497,1.1139215782173506,6649,A_short
EURUSD,A,2023-07-13T13:30:00Z,sell,1.11934,1.1204487221887875,1.1160138334336374,6628,A_short
EURUSD,A,2023-07-13T16:15:00Z,sell,1.12048,1.1213756247373217,1.1177931257880347,6614,A_short
EURUSD,A,2023-07-14T00:15:00Z,buy,1.1214,1.1209545396640188,1.1227363810079434,6603,A_long
EURUSD,A,2023-07-14T05:45:00Z,buy,1.12192,1.1213711628102403,1.1235665115692792,6607,A_long
EURUSD,A,2023-07-14T06:45:00Z,buy,1.121,1.1203444326128054,1.122966702161584,6608,A_long
EURUSD,A,2023-07-14T19:45:00Z,buy,1.12259,1.1221227567632222,1.1239917297103335,6610,A_long
EURUSD,A,2023-07-17T01:30:00Z,buy,1.12197,1.1215672911873804,1.1231781264378584,6610,A_long
EURUSD,A,2023-07-17T07:00:00Z,sell,1.12407,1.1247637489266438,1.1219887532200683,6595,A_short
EURUSD,A,2023-07-17T13:30:00Z,buy,1.12091,1.1199578714248688,1.123766385725394,6609,A_long
EURUSD,A,2023-07-18T00:30:00Z,sell,1.12444,1.1247731385160953,1.1234405844517146,6604,A_short
EURUSD,A,2023-07-18T01:15:00Z,sell,1.12545,1.125946333428107,1.1239609997156792,6596,A_short
EURUSD,A,2023-07-18T07:00:00Z,sell,1.12718,1.1279394366187263,1.1249016901438214,6582,A_short
EURUSD,A,2023-07-18T08:45:00Z,buy,1.1237,1.1226012252431534,1.1269963242705394,6615,A_long
EURUSD,A,2023-07-18T12:30:00Z,buy,1.12261,1.1211690953379732,1.126932713986081,6614,A_long
EURUSD,A,2023-07-19T01:15:00Z,buy,1.12219,1.1217734640587835,1.1234396078236495,6608,A_long
EURUSD,A,2023-07-19T05:45:00Z,sell,1.1235,1.12395528432019,1.1221341470394295,6597,A_short
EURUSD,A,2023-07-19T06:30:00Z,buy,1.11985,1.1190044178810497,1.122386746356851,6626,A_long
EURUSD,A,2023-07-19T14:00:00Z,buy,1.11931,1.1182569697507594,1.122469090747722,6644,A_long
EURUSD,A,2023-07-20T00:00:00Z,sell,1.12073,1.1209851553097898,1.1199645340706306,6629,A_short
EURUSD,A,2023-07-20T00:30:00Z,sell,1.12131,1.12161542776602,1.1203937167019402,6623,A_short
EURUSD,A,2023-07-20T00:45:00Z,sell,1.1218,1.122168704063884,1.1206938878083479,6618,A_short
EURUSD,A,2023-07-20T01:15:00Z,sell,1.12223,1.1226691599413174,1.120912520176048,6612,A_short
EURUSD,A,2023-07-20T01:30:00Z,sell,1.12268,1.1231406052824748,1.121298184152575,6607,A_short
EURUSD,A,2023-07-20T06:00:00Z,buy,1.1209,1.1204005538410888,1.1223983384767335,6625,A_long
EURUSD,A,2023-07-20T07:30:00Z,buy,1.12017,1.1193486875895882,1.122633937231236,6625,A_long
EURUSD,A,2023-07-20T12:30:00Z,buy,1.11793,1.1169967236083556,1.1207298291749337,6633,A_long
EURUSD,A,2023-07-20T14:00:00Z,buy,1.11663,1.1155093528321163,1.1199919415036512,6635,A_long
EURUSD,A,2023-07-20T14:15:00Z,buy,1.11486,1.1136367724545007,1.1185296826364979,6638,A_long
EURUSD,A,2023-07-21T05:45:00Z,sell,1.1143,1.114672995675549,1.1131810129733533,6634,A_short
EURUSD,A,2023-07-21T07:30:00Z,buy,1.11292,1.1123340588138748,1.1146778235583752,6648,A_long
EURUSD,A,2023-07-24T04:30:00Z,buy,1.11178,1.1114361811654152,1.1128114565037543,6651,A_long
EURUSD,A,2023-07-24T07:00:00Z,sell,1.11447,1.115154371780492,1.1124168846585245,6640,A_short
EURUSD,A,2023-07-24T07:30:00Z,buy,1.10787,1.1064050274182082,1.112264917745375,6691,A_long
EURUSD,A,2023-07-24T19:15:00Z,buy,1.10625,1.1056444618767978,1.1080666143696065,6692,A_long
EURUSD,A,2023-07-25T02:45:00Z,sell,1.10806,1.108491274471836,1.106766176584492,6691,A_short
EURUSD,A,2023-07-25T08:00:00Z,buy,1.10595,1.1050990828414882,1.1085027514755355,6701,A_long
EURUSD,A,2023-07-25T09:30:00Z,buy,1.10447,1.1036117682577595,1.1070446952267217,6703,A_long
EURUSD,A,2023-07-25T13:00:00Z,buy,1.10288,1.1021070503004946,1.1051988490985165,6707,A_long
EURUSD,A,2023-07-26T00:15:00Z,buy,1.10464,1.104320245432201,1.1055992637033973,6691,A_long
EURUSD,A,2023-07-26T01:15:00Z,buy,1.10424,1.1038821872550932,1.1053134382347207,6691,A_long
EURUSD,A,2023-07-26T01:45:00Z,buy,1.10384,1.1034235984271588,1.1050892047185235,6690,A_long
EURUSD,A,2023-07-26T05:30:00Z,sell,1.10573,1.1061158275676226,1.1045725172971326,6686,A_short
EURUSD,A,2023-07-26T05:45:00Z,sell,1.10621,1.1066177172252727,1.1049868483241816,6680,A_short
EURUSD,A,2023-07-26T06:15:00Z,sell,1.10698,1.1074627742714271,1.1055316771857189,6672,A_short
EURUSD,A,2023-07-26T18:30:00Z,sell,1.10971,1.1110888326106274,1.1055735021681177,6652,A_short
EURUSD,A,2023-07-27T02:00:00Z,sell,1.11136,1.1120275589139315,1.1093573232582052,6634,A_short
EURUSD,A,2023-07-27T07:15:00Z,sell,1.11168,1.1124730146834136,1.109300955949759,6643,A_short
EURUSD,A,2023-07-27T07:30:00Z,sell,1.11292,1.1137806127256251,1.1103381618231243,6630,A_short
EURUSD,A,2023-07-27T12:15:00Z,buy,1.10931,1.1081227462156593,1.1128717613530221,6646,A_long
EURUSD,A,2023-07-27T12:30:00Z,buy,1.1081,1.1067510467202382,1.1121468598392859,6646,A_long
EURUSD,A,2023-07-27T12:45:00Z,buy,1.1059,1.1042589071575397,1.1108232785273813,6650,A_long
EURUSD,A,2023-07-27T13:00:00Z,buy,1.10368,1.1018377195365343,1.109206841390397,6653,A_long
EURUSD,A,2023-07-27T13:30:00Z,buy,1.09949,1.0974892648963304,1.1054922053110092,6667,A_long
EURUSD,A,2023-07-27T18:45:00Z,buy,1.09732,1.096272492283606,1.1004625231491822,6668,A_long
EURUSD,A,2023-07-28T04:15:00Z,buy,1.09604,1.0952392651798557,1.0984422044604325,6668,A_long
EURUSD,A,2023-07-28T07:45:00Z,buy,1.09515,1.0936981711987925,1.0995054864036227,6668,A_long
EURUSD,A,2023-07-28T11:00:00Z,sell,1.10081,1.1019204025196976,1.0974787924409075,6660,A_short
EURUSD,A,2023-07-31T01:45:00Z,buy,1.10142,1.100887399581999,1.1030178012540033,6649,A_long
EURUSD,A,2023-07-31T07:15:00Z,sell,1.10254,1.1032307472609986,1.1004677582170046,6638,A_short
EURUSD,A,2023-07-31T08:45:00Z,sell,1.10336,1.1042592277558179,1.100662316732546,6628,A_short
EURUSD,A,2023-07-31T16:30:00Z,buy,1.10058,1.099704997444095,1.103205007667715,6640,A_long
EURUSD,A,2023-08-01T00:45:00Z,buy,1.09888,1.0985121135984175,1.0999836592047478,6644,A_long
EURUSD,A,2023-08-01T05:45:00Z,sell,1.09986,1.1003718202410455,1.0983245392768637,6635,A_short
EURUSD,A,2023-08-01T07:00:00Z,buy,1.09726,1.0964534763552152,1.099679570934354,6660,A_long
EURUSD,A,2023-08-01T12:00:00Z,buy,1.09613,1.0953482314165852,1.0984753057502445,6661,A_long
EURUSD,A,2023-08-01T12:45:00Z,buy,1.09563,1.094835906495478,1.0980122805135664,6659,A_long
EURUSD,A,2023-08-01T19:30:00Z,sell,1.09845,1.0990135379908594,1.0967593860274214,6655,A_short
EURUSD,A,2023-08-01T21:30:00Z,sell,1.09967,1.100201403172484,1.0980757904825476,6644,A_short
EURUSD,A,2023-08-01T21:45:00Z,sell,1.1018,1.102577882749486,1.0994663517515413,6627,A_short
EURUSD,A,2023-08-02T12:30:00Z,buy,1.0963,1.0953852291808504,1.0990443124574492,6674,A_long
EURUSD,A,2023-08-02T13:30:00Z,buy,1.09562,1.0946910299384547,1.098406910184636,6672,A_long
EURUSD,A,2023-08-02T14:00:00Z,buy,1.09355,1.0925229069315503,1.0966312792053492,6678,A_long
EURUSD,A,2023-08-02T14:15:00Z,buy,1.09197,1.0908291860073438,1.095392441977969,6681,A_long
EURUSD,A,2023-08-03T03:00:00Z,buy,1.09341,1.0930070910354501,1.0946187268936496,6692,A_long
EURUSD,A,2023-08-03T04:30:00Z,buy,1.09231,1.0918502085981874,1.0936893742054374,6696,A_long
EURUSD,A,2023-08-03T11:30:00Z,sell,1.09438,1.095391714160955,1.0913448575171345,6691,A_short
EURUSD,A,2023-08-04T01:15:00Z,sell,1.09577,1.0961319283398832,1.0946842149803502,6676,A_short
EURUSD,A,2023-08-04T01:30:00Z,sell,1.09598,1.0963643378945653,1.0948269863163038,6672,A_short
EURUSD,A,2023-08-04T08:30:00Z,buy,1.09395,1.0933383533614225,1.0957849399157324,6691,A_long
EURUSD,A,2023-08-04T12:30:00Z,sell,1.09797,1.0992447128721219,1.094145861383634,6677,A_short
EURUSD,A,2023-08-04T12:45:00Z,sell,1.09889,1.100246751155839,1.094819746532483,6663,A_short
EURUSD,A,2023-08-04T13:00:00Z,sell,1.1021,1.1037491843350606,1.0971524469948184,6634,A_short
EURUSD,A,2023-08-07T01:15:00Z,buy,1.09964,1.099137826505571,1.101146520483287,6639,A_long
EURUSD,A,2023-08-07T05:30:00Z,buy,1.09862,1.0981864407529573,1.0999206777411277,6641,A_long
EURUSD,A,2023-08-07T06:00:00Z,buy,1.09822,1.0977411932766659,1.0996564201700023,6640,A_long
EURUSD,A,2023-08-07T06:15:00Z,buy,1.09755,1.0970390341731104,1.0990828974806688,6641,A_long
EURUSD,A,2023-08-07T12:45:00Z,sell,1.09955,1.100217776508017,1.0975466704759491,6638,A_short
EURUSD,A,2023-08-07T13:15:00Z,sell,1.10024,1.1009266410215774,1.098180076935268,6629,A_short
EURUSD,A,2023-08-08T00:15:00Z,buy,1.09963,1.0993359449577698,1.1005121651266911,6628,A_long
EURUSD,A,2023-08-08T00:30:00Z,buy,1.09919,1.098876485630067,1.1001305431097985,6628,A_long
EURUSD,A,2023-08-08T01:00:00Z,buy,1.09904,1.098693760317695,1.1000787190469152,6627,A_long
EURUSD,A,2023-08-08T01:15:00Z,buy,1.09843,1.098021925608669,1.0996542231739932,6628,A_long
EURUSD,A,2023-08-08T01:30:00Z,buy,1.09832,1.097862335527513,1.0996929934174609,6625,A_long
EURUSD,A,2023-08-08T01:45:00Z,buy,1.09793,1.097469357457178,1.099311927628466,6624,A_long
EURUSD,A,2023-08-08T05:45:00Z,sell,1.09988,1.1003612467730461,1.0984362596808614,6620,A_short
EURUSD,A,2023-08-08T06:30:00Z,sell,1.1008,1.101426826417891,1.098919520746327,6611,A_short
EURUSD,A,2023-08-09T00:00:00Z,sell,1.0961,1.096373098285421,1.0952807051437374,6650,A_short
EURUSD,A,2023-08-09T00:30:00Z,sell,1.09627,1.0965459716010495,1.0954420851968518,6647,A_short
EURUSD,A,2023-08-09T05:00:00Z,sell,1.09757,1.098024793427325,1.0962056197180245,6637,A_short
EURUSD,A,2023-08-09T12:00:00Z,buy,1.09669,1.096036963544173,1.098649109367481,6639,A_long
EURUSD,A,2023-08-10T00:15:00Z,buy,1.09699,1.0967194995738678,1.0978015012783962,6648,A_long
EURUSD,A,2023-08-10T04:00:00Z,sell,1.09846,1.0988436615206896,1.0973090154379312,6643,A_short
EURUSD,A,2023-08-10T06:00:00Z,sell,1.09923,1.099670745217737,1.0979077643467887,6636,A_short
EURUSD,A,2023-08-10T07:00:00Z,sell,1.10117,1.1018304686254576,1.099188594123627,6621,A_short
EURUSD,A,2023-08-10T07:15:00Z,sell,1.10105,1.1017304061420634,1.09900878157381,6617,A_short
EURUSD,A,2023-08-10T08:15:00Z,sell,1.10227,1.1030413769841674,1.0999558690474982,6605,A_short
EURUSD,A,2023-08-10T17:15:00Z,buy,1.09945,1.0983985707278383,1.1026042878164852,6617,A_long
EURUSD,A,2023-08-10T17:30:00Z,buy,1.09826,1.0971300946307931,1.1016497161076206,6617,A_long
EURUSD,A,2023-08-11T12:45:00Z,buy,1.09682,1.0957166065599635,1.1001301803201091,6619,A_long
EURUSD,A,2023-08-14T00:30:00Z,buy,1.09372,1.0933543149893583,1.0948170550319252,6630,A_long
EURUSD,A,2023-08-14T07:45:00Z,sell,1.09519,1.0959292345317395,1.0929722964047819,6619,A_short
EURUSD,A,2023-08-14T08:30:00Z,sell,1.09591,1.0966090868936982,1.0938127393189052,6609,A_short
EURUSD,A,2023-08-14T12:00:00Z,buy,1.09314,1.0924809017823724,1.0951172946528827,6638,A_long
EURUSD,A,2023-08-14T12:15:00Z,buy,1.09217,1.0914161148780561,1.094431655365832,6639,A_long
EURUSD,A,2023-08-14T12:30:00Z,buy,1.09037,1.0894379662276485,1.0931661013170546,6645,A_long
EURUSD,A,2023-08-14T13:15:00Z,buy,1.08868,1.0876438405339686,1.0917884783980947,6649,A_long
EURUSD,A,2023-08-15T06:15:00Z,sell,1.092,1.0925850456266901,1.09024486311993,6622,A_short
EURUSD,A,2023-08-15T06:45:00Z,sell,1.09234,1.0929584564929362,1.0904846305211917,6616,A_short
EURUSD,A,2023-08-15T07:00:00Z,sell,1.0926,1.0932533289605446,1.0906400131183662,6610,A_short
EURUSD,A,2023-08-15T09:45:00Z,sell,1.09403,1.0948552396246585,1.0915542811260248,6597,A_short
EURUSD,A,2023-08-15T13:00:00Z,sell,1.09469,1.095994886383038,1.0907753408508858,6607,A_short
EURUSD,A,2023-08-15T18:45:00Z,buy,1.09043,1.089787436748855,1.0923576897534353,6656,A_long
EURUSD,A,2023-08-16T06:15:00Z,sell,1.09271,1.0932696573450744,1.091031027964777,6653,A_short
EURUSD,A,2023-08-16T11:30:00Z,buy,1.09087,1.090282561599715,1.0926323152008552,6660,A_long
EURUSD,A,2023-08-16T16:15:00Z,buy,1.08889,1.0879810389234603,1.0916168832296187,6668,A_long
EURUSD,A,2023-08-17T00:00:00Z,buy,1.08692,1.0865477809205455,1.088036657238364,6674,A_long
EURUSD,A,2023-08-17T01:00:00Z,buy,1.08666,1.0862748296468483,1.087815511059455,6673,A_long
EURUSD,A,2023-08-17T06:15:00Z,sell,1.08773,1.088177955056919,1.0863861348292432,6663,A_short
EURUSD,A,2023-08-17T06:30:00Z,sell,1.08865,1.0891662277159964,1.0871013168520105,6654,A_short
EURUSD,A,2023-08-17T11:45:00Z,sell,1.08945,1.09011199612648,1.08746401162056,6658,A_short
EURUSD,A,2023-08-17T12:30:00Z,sell,1.09083,1.0918379719970004,1.0878060840089987,6645,A_short
EURUSD,A,2023-08-18T00:30:00Z,sell,1.08775,1.088065541641728,1.086803375074816,6682,A_short
EURUSD,A,2023-08-18T00:45:00Z,sell,1.08896,1.0894281360894975,1.0875555917315072,6672,A_short
EURUSD,A,2023-08-18T06:45:00Z,buy,1.08719,1.0866231930570418,1.088890420828875,6690,A_long
EURUSD,A,2023-08-18T07:00:00Z,buy,1.08728,1.0866767673161029,1.0890896980516915,6686,A_long
EURUSD,A,2023-08-18T09:00:00Z,buy,1.0864,1.085769922361105,1.088290232916685,6687,A_long
EURUSD,A,2023-08-18T12:15:00Z,buy,1.08525,1.0845231786469944,1.0874304640590169,6690,A_long
EURUSD,A,2023-08-18T12:30:00Z,buy,1.08511,1.0843627548273953,1.0873517355178142,6686,A_long
EURUSD,A,2023-08-21T00:00:00Z,sell,1.08804,1.0884109547277483,1.0869271358167547,6681,A_short
EURUSD,A,2023-08-21T07:30:00Z,sell,1.08881,1.0893824293651793,1.0870927119044624,6673,A_short
EURUSD,A,2023-08-21T09:15:00Z,sell,1.0894,1.0899641384718413,1.087707584584476,6665,A_short
EURUSD,A,2023-08-21T09:45:00Z,sell,1.09015,1.0907422640077384,1.0883732079767845,6657,A_short
EURUSD,A,2023-08-21T11:15:00Z,sell,1.09106,1.091689545476471,1.0891713635705866,6647,A_short
EURUSD,A,2023-08-21T23:30:00Z,sell,1.09011,1.0903236160423049,1.089469151873085,6663,A_short
EURUSD,A,2023-08-22T01:15:00Z,sell,1.09072,1.0911302079775373,1.0894893760673876,6663,A_short
EURUSD,A,2023-08-22T02:15:00Z,sell,1.09108,1.0915019194083249,1.0898142417750256,6658,A_short
EURUSD,A,2023-08-22T07:15:00Z,sell,1.09255,1.0930733798327785,1.090979860501664,6645,A_short
EURUSD,A,2023-08-22T09:15:00Z,buy,1.08994,1.0893140695444505,1.091817791366648,6670,A_long
EURUSD,A,2023-08-22T10:15:00Z,buy,1.08887,1.0881241246470925,1.0911076260587225,6672,A_long
EURUSD,A,2023-08-22T12:45:00Z,buy,1.08661,1.0858093719704396,1.0890118840886815,6681,A_long
EURUSD,A,2023-08-22T13:15:00Z,buy,1.08584,1.08495703939113,1.0884888818266094,6680,A_long
EURUSD,A,2023-08-22T13:45:00Z,buy,1.08436,1.0834007984760043,1.087237604571987,6683,A_long
EURUSD,A,2023-08-23T00:00:00Z,sell,1.08509,1.0853154273133063,1.0844137180600815,6672,A_short
EURUSD,A,2023-08-23T00:15:00Z,sell,1.08529,1.0855333703381989,1.0845598889854038,6669,A_short
EURUSD,A,2023-08-23T01:30:00Z,sell,1.08555,1.0859288462129788,1.0844134613610636,6671,A_short
EURUSD,A,2023-08-23T04:45:00Z,sell,1.08606,1.0863837018254234,1.0850888945237298,6665,A_short
EURUSD,A,2023-08-23T07:15:00Z,sell,1.08669,1.0872578825451282,1.084986352364615,6659,A_short
EURUSD,A,2023-08-23T07:30:00Z,buy,1.08222,1.0809931684608887,1.0859004946173338,6696,A_long
EURUSD,A,2023-08-23T13:45:00Z,sell,1.08377,1.0848063511101345,1.0806609466695962,6679,A_short
EURUSD,A,2023-08-23T14:15:00Z,sell,1.08496,1.0860204592782787,1.0817786221651635,6664,A_short
EURUSD,A,2023-08-24T00:15:00Z,sell,1.08713,1.0875342544569504,1.0859172366291485,6644,A_short
EURUSD,A,2023-08-24T11:45:00Z,buy,1.08421,1.0835961737549111,1.0860514787352662,6669,A_long
EURUSD,A,2023-08-24T12:30:00Z,buy,1.08176,1.080872072219123,1.0844237833426313,6679,A_long
EURUSD,A,2023-08-24T23:00:00Z,buy,1.07969,1.0792421249858986,1.0810336250423045,6708,A_long
EURUSD,A,2023-08-25T07:45:00Z,buy,1.07712,1.0763336218840112,1.0794791343479668,6720,A_long
EURUSD,A,2023-08-25T10:45:00Z,sell,1.08028,1.080877532061859,1.0784874038144223,6715,A_short
EURUSD,A,2023-08-25T11:00:00Z,sell,1.08073,1.081375861120278,1.078792416639166,6708,A_short
EURUSD,A,2023-08-25T14:00:00Z,sell,1.08314,1.0843645518945586,1.0794663443163242,6688,A_short
EURUSD,A,2023-08-28T01:00:00Z,sell,1.08048,1.08089248033306,1.0792425590008206,6727,A_short
EURUSD,A,2023-08-28T01:15:00Z,sell,1.08085,1.081276816288652,1.0795695511340446,6721,A_short
EURUSD,A,2023-08-28T05:30:00Z,sell,1.08126,1.0815772115925941,1.080308365222218,6715,A_short
EURUSD,A,2023-08-28T06:30:00Z,sell,1.0818,1.0821803697836263,1.0806588906491215,6709,A_short
EURUSD,A,2023-08-28T19:30:00Z,sell,1.08173,1.0821546439049596,1.0804560682851214,6716,A_short
EURUSD,A,2023-08-28T23:00:00Z,sell,1.0829,1.0832677121672143,1.081796863498357,6706,A_short
EURUSD,A,2023-08-29T06:45:00Z,buy,1.08086,1.0804074814873545,1.082217555537936,6715,A_long
EURUSD,A,2023-08-29T12:15:00Z,buy,1.07888,1.0780725792945205,1.0813022621164388,6735,A_long
EURUSD,A,2023-08-29T14:00:00Z,sell,1.08361,1.085051914118344,1.0792842576449682,6720,A_short
EURUSD,A,2023-08-30T04:15:00Z,buy,1.08647,1.0861825359401813,1.0873323921794562,6693,A_long
EURUSD,A,2023-08-30T04:45:00Z,buy,1.08606,1.085772971439514,1.0869210856814584,6693,A_long
EURUSD,A,2023-08-30T05:15:00Z,buy,1.0856,1.0852788985479014,1.0865633043562954,6694,A_long
EURUSD,A,2023-08-30T09:00:00Z,sell,1.08802,1.088785658044763,1.085723025865711,6684,A_short
EURUSD,A,2023-08-30T09:15:00Z,sell,1.08876,1.089534236972128,1.086437289083616,6674,A_short
EURUSD,A,2023-08-30T12:30:00Z,sell,1.09159,1.092732293261578,1.0881631202152664,6651,A_short
EURUSD,A,2023-08-30T13:45:00Z,sell,1.09448,1.0956403043449825,1.090999086965052,6626,A_short
EURUSD,A,2023-08-31T06:45:00Z,buy,1.09071,1.0901547028963745,1.0923758913108768,6670,A_long
EURUSD,A,2023-08-31T07:00:00Z,buy,1.08938,1.0886720758435244,1.0915037724694268,6674,A_long
EURUSD,A,2023-08-31T08:00:00Z,buy,1.08892,1.0881602930995933,1.0911991207012206,6672,A_long
EURUSD,A,2023-08-31T08:45:00Z,buy,1.08777,1.0870497048710535,1.0899308853868392,6673,A_long
EURUSD,A,2023-08-31T09:00:00Z,buy,1.08709,1.086251077554913,1.0896067673352605,6673,A_long
EURUSD,A,2023-08-31T13:30:00Z,buy,1.08526,1.0840853155869912,1.088784053239026,6678,A_long
EURUSD,A,2023-08-31T13:45:00Z,buy,1.08492,1.083679273508726,1.0886421794738226,6673,A_long
EURUSD,A,2023-09-01T00:30:00Z,buy,1.08383,1.083525072789227,1.0847447816323195,6671,A_long
EURUSD,A,2023-09-01T01:00:00Z,sell,1.08497,1.085386945327203,1.0837191640183912,6669,A_short
EURUSD,A,2023-09-01T01:15:00Z,sell,1.08497,1.085406019283576,1.0836619421492721,6666,A_short
EURUSD,A,2023-09-01T06:15:00Z,buy,1.08301,1.0825097881570502,1.0845106355288494,6685,A_long
EURUSD,A,2023-09-01T11:45:00Z,buy,1.08331,1.0826587886106276,1.0852636341681172,6692,A_long
EURUSD,A,2023-09-01T12:45:00Z,sell,1.08639,1.0877575130566295,1.0822874608301114,6685,A_short
EURUSD,A,2023-09-01T14:15:00Z,buy,1.08156,1.0796648153679578,1.087245553896127,6706,A_long
EURUSD,A,2023-09-01T15:00:00Z,buy,1.07961,1.0780227287002675,1.0843718138991973,6705,A_long
EURUSD,A,2023-09-04T01:15:00Z,sell,1.07817,1.0785000938611333,1.0771797184166003,6704,A_short
EURUSD,A,2023-09-04T02:30:00Z,sell,1.07864,1.079025781781046,1.077482654656862,6698,A_short
EURUSD,A,2023-09-04T07:00:00Z,sell,1.07948,1.0799174206192008,1.0781677381423975,6690,A_short
EURUSD,A,2023-09-04T07:15:00Z,sell,1.08048,1.0810204312033074,1.0788587063900783,6681,A_short
EURUSD,A,2023-09-04T14:00:00Z,buy,1.07887,1.0783033487682954,1.0805699536951139,6700,A_long
EURUSD,A,2023-09-05T03:00:00Z,buy,1.07818,1.0777928539549266,1.0793414381352198,6700,A_long
EURUSD,A,2023-09-05T06:15:00Z,buy,1.07677,1.0761435350409279,1.0786493948772164,6715,A_long
EURUSD,A,2023-09-05T06:30:00Z,buy,1.07667,1.0759843970354708,1.0787268088935877,6711,A_long
EURUSD,A,2023-09-05T08:15:00Z,buy,1.07422,1.0733849186475426,1.076725244057372,6722,A_long
EURUSD,A,2023-09-05T12:15:00Z,buy,1.07242,1.0717100744165768,1.0745497767502692,6727,A_long
EURUSD,A,2023-09-05T14:45:00Z,buy,1.07082,1.0696653663648534,1.0742839009054401,6732,A_long
EURUSD,A,2023-09-06T14:15:00Z,buy,1.0706,1.069411318028434,1.0741660459146982,6755,A_long
EURUSD,A,2023-09-07T12:30:00Z,buy,1.06947,1.0687784011611157,1.0715447965166527,6754,A_long
EURUSD,A,2023-09-07T12:45:00Z,buy,1.06934,1.068617947672967,1.071506156981099,6749,A_long
EURUSD,A,2023-09-08T01:30:00Z,sell,1.07154,1.072080423598282,1.069918729205154,6749,A_short
EURUSD,A,2023-09-08T05:45:00Z,sell,1.07239,1.072743655482697,1.0713290335519088,6739,A_short
EURUSD,A,2023-09-08T06:00:00Z,sell,1.07259,1.072971168085004,1.0714464957449876,6735,A_short
EURUSD,A,2023-09-08T09:15:00Z,buy,1.07018,1.0695783615486594,1.0719849153540215,6757,A_long
EURUSD,A,2023-09-08T13:30:00Z,sell,1.07133,1.0720371523431942,1.069208542970417,6745,A_short
EURUSD,A,2023-09-08T13:45:00Z,sell,1.07262,1.0734155320307683,1.0702334039076946,6732,A_short
EURUSD,A,2023-09-08T14:00:00Z,sell,1.07386,1.0747841277599992,1.0710876167200025,6719,A_short
EURUSD,A,2023-09-10T21:30:00Z,sell,1.07168,1.0721914160476116,1.070145751857165,6749,A_short
EURUSD,A,2023-09-11T02:00:00Z,sell,1.07208,1.0725065681185606,1.070800295644318,6743,A_short
EURUSD,A,2023-09-11T02:30:00Z,sell,1.07239,1.0728251556090522,1.0710845331728431,6738,A_short
EURUSD,A,2023-09-11T04:15:00Z,sell,1.07313,1.073562169703724,1.0718334908888274,6730,A_short
EURUSD,A,2023-09-11T04:45:00Z,sell,1.07353,1.073981807466353,1.0721745776009415,6724,A_short
EURUSD,A,2023-09-11T14:00:00Z,sell,1.07494,1.0758394311361152,1.0722417065916543,6712,A_short
EURUSD,A,2023-09-11T14:15:00Z,sell,1.07529,1.0762188403179667,1.0725034790461003,6703,A_short
EURUSD,A,2023-09-12T01:00:00Z,sell,1.07547,1.0760584194753176,1.073704741574047,6696,A_short
EURUSD,A,2023-09-12T07:00:00Z,buy,1.07236,1.0718682800165857,1.0738351599502427,6726,A_long
EURUSD,A,2023-09-12T07:45:00Z,buy,1.07135,1.0707752122063523,1.0730743633809432,6728,A_long
EURUSD,A,2023-09-12T15:15:00Z,sell,1.07297,1.073706761626809,1.070759715119573,6714,A_short
EURUSD,A,2023-09-12T20:15:00Z,sell,1.07413,1.074652438287164,1.072562685138508,6702,A_short
EURUSD,A,2023-09-12T20:30:00Z,sell,1.07496,1.0755474465155421,1.0731976604533733,6693,A_short
EURUSD,A,2023-09-12T20:45:00Z,sell,1.07534,1.07605712031347,1.0731886390595902,6686,A_short
EURUSD,A,2023-09-13T02:30:00Z,buy,1.07461,1.0740937527892218,1.0761587416323348,6685,A_long
EURUSD,A,2023-09-13T06:15:00Z,buy,1.0738,1.0733823213426534,1.07505303597204,6687,A_long
EURUSD,A,2023-09-13T07:00:00Z,buy,1.07357,1.0730168859229063,1.0752293422312806,6685,A_long
EURUSD,A,2023-09-13T09:30:00Z,buy,1.07297,1.0723595056185409,1.0748014831443773,6685,A_long
EURUSD,A,2023-09-13T19:00:00Z,buy,1.07289,1.0723042220276664,1.0746473339170004,6681,A_long
EURUSD,A,2023-09-14T04:00:00Z,sell,1.07479,1.0751454871348602,1.073723538595419,6679,A_short
EURUSD,A,2023-09-14T07:45:00Z,buy,1.07336,1.0729184149354551,1.074684755193635,6685,A_long
EURUSD,A,2023-09-14T09:30:00Z,buy,1.07264,1.0721161554224956,1.0742115337325133,6686,A_long
EURUSD,A,2023-09-14T12:15:00Z,buy,1.07007,1.0689150570710606,1.0735348287868185,6699,A_long
EURUSD,A,2023-09-14T12:30:00Z,buy,1.06805,1.0664437161282523,1.072868851615243,6704,A_long
EURUSD,A,2023-09-14T23:45:00Z,buy,1.0635,1.0632158754007472,1.0643523737977578,6722,A_long
EURUSD,A,2023-09-15T04:30:00Z,sell,1.06513,1.0655353404425705,1.0639139786722882,6716,A_short
EURUSD,A,2023-09-15T06:15:00Z,sell,1.0664,1.066921463281201,1.0648356101563972,6705,A_short
EURUSD,A,2023-09-15T12:30:00Z,buy,1.06488,1.0642271735005666,1.0668384794983004,6724,A_long
EURUSD,A,2023-09-15T14:00:00Z,sell,1.0675,1.0685011795544934,1.0644964613365193,6719,A_short
EURUSD,A,2023-09-18T15:15:00Z,sell,1.06849,1.0692082693485052,1.0663351919544841,6706,A_short
EURUSD,A,2023-09-18T15:30:00Z,sell,1.0695,1.0702745001020377,1.0671764996938864,6695,A_short
EURUSD,A,2023-09-19T10:30:00Z,sell,1.07059,1.071273277691089,1.068540166926733,6683,A_short
EURUSD,A,2023-09-19T12:00:00Z,sell,1.07154,1.0721833832760579,1.069609850171826,6672,A_short
EURUSD,A,2023-09-20T02:00:00Z,sell,1.06895,1.0692859665840877,1.0679421002477372,6699,A_short
EURUSD,A,2023-09-20T06:15:00Z,sell,1.069,1.069443346797631,1.0676699596071069,6705,A_short
EURUSD,A,2023-09-20T13:00:00Z,sell,1.07092,1.0715581857658563,1.0690054427024316,6701,A_short
EURUSD,A,2023-09-20T13:45:00Z,sell,1.07169,1.0723991952970626,1.0695624141088123,6691,A_short
EURUSD,A,2023-09-20T14:00:00Z,sell,1.07205,1.0728126359241208,1.0697620922276374,6684,A_short
EURUSD,A,2023-09-20T16:15:00Z,sell,1.07367,1.0744815688477583,1.0712352934567249,6669,A_short
EURUSD,A,2023-09-20T18:00:00Z,buy,1.06854,1.0672958846685456,1.0722723459943633,6715,A_long
EURUSD,A,2023-09-20T19:30:00Z,buy,1.06627,1.0647958833559263,1.0706923499322212,6721,A_long
EURUSD,A,2023-09-21T00:15:00Z,buy,1.06409,1.0635717355565053,1.065644793330484,6725,A_long
EURUSD,A,2023-09-21T00:30:00Z,buy,1.0634,1.062853504148971,1.0650394875530864,6726,A_long
EURUSD,A,2023-09-21T01:00:00Z,buy,1.06324,1.062697698671894,1.0648669039843182,6723,A_long
EURUSD,A,2023-09-21T02:30:00Z,buy,1.06198,1.061311016890538,1.0639869493283858,6727,A_long
EURUSD,A,2023-09-21T06:45:00Z,sell,1.06503,1.065600068277168,1.0633197951684956,6719,A_short
EURUSD,A,2023-09-21T07:45:00Z,sell,1.06551,1.0663766251864533,1.06291012444064,6712,A_short
EURUSD,A,2023-09-21T11:45:00Z,buy,1.06356,1.0626475703512535,1.0662972889462399,6718,A_long
EURUSD,A,2023-09-22T01:00:00Z,buy,1.0649,1.064442914624751,1.066271256125747,6703,A_long
EURUSD,A,2023-09-22T01:15:00Z,buy,1.06461,1.0641338593414509,1.0660384219756476,6702,A_long
EURUSD,A,2023-09-22T01:30:00Z,buy,1.06411,1.0636280114292573,1.0655559657122275,6701,A_long
EURUSD,A,2023-09-22T07:00:00Z,sell,1.06646,1.0670480693637885,1.0646957919086344,6695,A_short
EURUSD,A,2023-09-22T07:15:00Z,buy,1.06228,1.0611076732180498,1.0657969803458502,6732,A_long
EURUSD,A,2023-09-22T18:30:00Z,buy,1.06399,1.0634390687006445,1.0656427938980664,6743,A_long
EURUSD,A,2023-09-25T08:15:00Z,buy,1.06295,1.062280918685363,1.0649572439439112,6745,A_long
EURUSD,A,2023-09-25T13:00:00Z,buy,1.06093,1.0601813391426662,1.063175982572001,6753,A_long
EURUSD,A,2023-09-25T13:30:00Z,buy,1.05974,1.058887716956047,1.0622968491318583,6755,A_long
EURUSD,A,2023-09-25T14:15:00Z,buy,1.05844,1.0574240990081292,1.0614877029756127,6758,A_long
EURUSD,A,2023-09-26T06:45:00Z,buy,1.05716,1.056577936281055,1.0589061911568354,6759,A_long
EURUSD,A,2023-09-26T08:15:00Z,sell,1.05974,1.0605070164452939,1.057438950664118,6753,A_short
EURUSD,A,2023-09-26T14:00:00Z,buy,1.05861,1.0577578636270593,1.0611664091188224,6754,A_long
EURUSD,A,2023-09-26T15:15:00Z,buy,1.0575,1.0565948485921735,1.06021545422348,6755,A_long
EURUSD,A,2023-09-27T00:30:00Z,buy,1.05599,1.0555869040722687,1.0571992877831937,6759,A_long
EURUSD,A,2023-09-27T11:00:00Z,buy,1.05488,1.0543547962441944,1.056455611267417,6763,A_long
EURUSD,A,2023-09-27T11:15:00Z,buy,1.05382,1.053172823411635,1.0557615297650946,6766,A_long
EURUSD,A,2023-09-27T13:15:00Z,buy,1.05303,1.0521525120377966,1.05566246388661,6766,A_long
EURUSD,A,2023-09-27T13:45:00Z,buy,1.05202,1.0510404645972784,1.0549586062081646,6766,A_long
EURUSD,A,2023-09-27T14:00:00Z,buy,1.05104,1.050017735984308,1.0541067920470761,6766,A_long
EURUSD,A,2023-09-28T00:15:00Z,sell,1.05117,1.0515103764486493,1.0501488706540518,6758,A_short
EURUSD,A,2023-09-28T00:45:00Z,sell,1.05151,1.0518573938658744,1.0504678184023766,6753,A_short
EURUSD,A,2023-09-28T06:30:00Z,buy,1.04939,1.048772822123365,1.0512415336299052,6772,A_long
EURUSD,A,2023-09-28T09:15:00Z,sell,1.05264,1.0534870393083517,1.0500988820749448,6763,A_short
EURUSD,A,2023-09-28T09:30:00Z,sell,1.05353,1.0544054340672382,1.0509036977982857,6751,A_short
EURUSD,A,2023-09-28T15:30:00Z,sell,1.05786,1.0590555508502448,1.0542733474492656,6717,A_short
EURUSD,A,2023-09-29T06:45:00Z,sell,1.05899,1.0597277295509964,1.0567768113470113,6702,A_short
EURUSD,A,2023-09-29T07:00:00Z,sell,1.05939,1.0601613656108635,1.0570759031674097,6694,A_short
EURUSD,A,2023-09-29T07:15:00Z,sell,1.05961,1.0604078501960816,1.0572164494117549,6687,A_short
EURUSD,A,2023-09-29T07:30:00Z,sell,1.0606,1.0614888035032708,1.0579335894901876,6675,A_short
EURUSD,A,2023-09-29T13:45:00Z,buy,1.05806,1.0568919578017435,1.0615641265947695,6685,A_long
EURUSD,A,2023-10-01T22:30:00Z,buy,1.05591,1.055303833340939,1.0577284999771825,6691,A_long
EURUSD,A,2023-10-02T06:45:00Z,sell,1.05895,1.0595398316256928,1.057180505122922,6682,A_short
EURUSD,A,2023-10-02T09:15:00Z,buy,1.05481,1.0540048086540805,1.0572255740377585,6719,A_long
EURUSD,A,2023-10-02T09:45:00Z,buy,1.0539,1.0530533451668427,1.0564399644994722,6719,A_long
EURUSD,A,2023-10-02T13:45:00Z,buy,1.0516,1.0508208970112698,1.053937308966191,6728,A_long
EURUSD,A,2023-10-02T14:00:00Z,buy,1.04986,1.048788777409767,1.0530736677706989,6734,A_long
EURUSD,A,2023-10-02T19:45:00Z,buy,1.04809,1.0474577111292112,1.0499868666123664,6738,A_long
EURUSD,A,2023-10-03T00:15:00Z,buy,1.04681,1.0462967242910135,1.0483498271269596,6742,A_long
EURUSD,A,2023-10-03T06:45:00Z,sell,1.04728,1.047793602319942,1.0457391930401743,6735,A_short
EURUSD,A,2023-10-03T07:00:00Z,sell,1.04773,1.0482751220106163,1.0460946339681512,6728,A_short
EURUSD,A,2023-10-03T07:45:00Z,sell,1.04824,1.0488980186836516,1.0462659439490454,6720,A_short
EURUSD,A,2023-10-03T08:00:00Z,sell,1.04881,1.049529616192498,1.0466511514225059,6712,A_short
EURUSD,A,2023-10-03T15:45:00Z,buy,1.04525,1.043980882176687,1.0490573534699392,6748,A_long
EURUSD,A,2023-10-04T09:00:00Z,sell,1.04959,1.050403849805858,1.0471484505824258,6744,A_short
EURUSD,A,2023-10-04T12:30:00Z,sell,1.05249,1.0536425855342764,1.0490322433971706,6719,A_short
EURUSD,A,2023-10-04T14:15:00Z,buy,1.04845,1.0472543494301,1.0520369517097001,6766,A_long
EURUSD,A,2023-10-05T00:45:00Z,sell,1.05202,1.0524906491053105,1.0506080526840682,6765,A_short
EURUSD,A,2023-10-05T01:00:00Z,sell,1.05278,1.053303895891269,1.051208312326193,6757,A_short
EURUSD,A,2023-10-05T06:00:00Z,buy,1.05124,1.0507703756767535,1.0526488729697394,6776,A_long
EURUSD,A,2023-10-05T06:45:00Z,buy,1.0507,1.050200360107208,1.0521989196783756,6776,A_long
EURUSD,A,2023-10-05T18:15:00Z,sell,1.05465,1.05538274896069,1.0524517531179305,6747,A_short
EURUSD,A,2023-10-06T10:00:00Z,sell,1.05603,1.0566877225467153,1.0540568323598543,6733,A_short
EURUSD,A,2023-10-06T12:30:00Z,buy,1.05076,1.049348498479285,1.054994504562145,6762,A_long
EURUSD,A,2023-10-06T12:45:00Z,buy,1.04962,1.0480553653487137,1.054313903953859,6760,A_long
EURUSD,A,2023-10-08T21:00:00Z,buy,1.05519,1.054231500174497,1.058065499476509,6753,A_long
EURUSD,A,2023-10-09T06:30:00Z,buy,1.05422,1.0537028833963915,1.0557713498108252,6752,A_long
EURUSD,A,2023-10-09T06:45:00Z,buy,1.0537,1.053093165610206,1.0555205031693822,6752,A_long
EURUSD,A,2023-10-09T07:00:00Z,buy,1.05309,1.0524214101955118,1.0550957694134648,6751,A_long
EURUSD,A,2023-10-09T07:30:00Z,buy,1.05236,1.05153488143574,1.05483535569278,6751,A_long
EURUSD,A,2023-10-09T13:30:00Z,sell,1.05511,1.0560290677774191,1.0523527966677426,6749,A_short
EURUSD,A,2023-10-09T17:30:00Z,sell,1.05612,1.056965663001961,1.0535830109941167,6736,A_short
EURUSD,A,2023-10-09T23:15:00Z,sell,1.0574,1.0577005227742602,1.056498431677219,6722,A_short
EURUSD,A,2023-10-09T23:30:00Z,sell,1.05784,1.0581751197376923,1.0568346407869227,6717,A_short
EURUSD,A,2023-10-10T04:30:00Z,buy,1.05624,1.0558564861301751,1.0573905416094749,6724,A_long
EURUSD,A,2023-10-10T08:00:00Z,sell,1.0582,1.0590122041787617,1.055763387463715,6708,A_short
EURUSD,A,2023-10-10T08:30:00Z,sell,1.05983,1.0607365889164921,1.0571102332505238,6692,A_short
EURUSD,A,2023-10-10T08:45:00Z,sell,1.06043,1.06137037706096,1.0576088688171201,6682,A_short
EURUSD,A,2023-10-10T15:45:00Z,sell,1.0617,1.0626942109339972,1.0587173671980088,6691,A_short
EURUSD,A,2023-10-11T07:30:00Z,sell,1.06217,1.0629864180633586,1.0597207458099245,6682,A_short
EURUSD,A,2023-10-11T12:45:00Z,sell,1.06143,1.0623610677681876,1.0586367966954375,6701,A_short
EURUSD,A,2023-10-11T13:45:00Z,sell,1.06291,1.0640697437338706,1.0594307687983882,6685,A_short
EURUSD,A,2023-10-11T17:30:00Z,buy,1.05898,1.0580880925455307,1.061655722363408,6731,A_long
EURUSD,A,2023-10-12T04:00:00Z,sell,1.06297,1.0633335507574198,1.0618793477277406,6722,A_short
EURUSD,A,2023-10-12T05:00:00Z,sell,1.06333,1.0636695024826208,1.062311492552138,6717,A_short
EURUSD,A,2023-10-12T12:30:00Z,buy,1.05829,1.0570985453357347,1.0618643639927958,6746,A_long
EURUSD,A,2023-10-12T13:00:00Z,buy,1.05734,1.0560885518299516,1.0610943445101448,6744,A_long
EURUSD,A,2023-10-12T13:30:00Z,buy,1.05539,1.0540648678189417,1.059365396543175,6748,A_long
EURUSD,A,2023-10-12T18:00:00Z,buy,1.05296,1.0520356476906596,1.0557330569280208,6754,A_long
EURUSD,A,2023-10-13T09:45:00Z,buy,1.05294,1.0522021083800537,1.055153674859839,6772,A_long
EURUSD,A,2023-10-13T10:15:00Z,buy,1.05213,1.0513881169610182,1.0543556491169455,6771,A_long
EURUSD,A,2023-10-13T14:30:00Z,buy,1.0506,1.0495495842952567,1.0537512471142298,6795,A_long
EURUSD,A,2023-10-15T21:45:00Z,sell,1.05211,1.0527868735116515,1.050079379465046,6778,A_short
EURUSD,A,2023-10-16T05:45:00Z,sell,1.05294,1.0533005054099225,1.0518584837702325,6768,A_short
EURUSD,A,2023-10-16T06:00:00Z,sell,1.05325,1.0536277713552662,1.0521166859342015,6763,A_short
EURUSD,A,2023-10-16T06:45:00Z,sell,1.05348,1.0539658677533392,1.0520223967399822,6758,A_short
EURUSD,A,2023-10-16T14:30:00Z,sell,1.05518,1.0560780080133603,1.0524859759599192,6744,A_short
EURUSD,A,2023-10-16T19:15:00Z,sell,1.05615,1.0566788573209829,1.054563428037051,6731,A_short
EURUSD,A,2023-10-17T05:45:00Z,buy,1.05441,1.0540518095101135,1.05548457146966,6752,A_long
EURUSD,A,2023-10-17T06:15:00Z,buy,1.05394,1.0535238480320408,1.055188455903878,6752,A_long
EURUSD,A,2023-10-17T06:30:00Z,buy,1.05373,1.0533120016277686,1.0549839951166944,6750,A_long
EURUSD,A,2023-10-17T08:30:00Z,buy,1.05353,1.0528767830937666,1.0554896507187004,6759,A_long
EURUSD,A,2023-10-17T10:00:00Z,sell,1.05617,1.0568287864442873,1.0541936406671382,6754,A_short
EURUSD,A,2023-10-17T11:15:00Z,sell,1.05706,1.0578923274735919,1.0545630175792249,6743,A_short
EURUSD,A,2023-10-17T11:30:00Z,sell,1.05754,1.058381350477113,1.055015948568661,6734,A_short
EURUSD,A,2023-10-18T00:00:00Z,buy,1.05701,1.0567538966535792,1.0577783100392624,6753,A_long
EURUSD,A,2023-10-18T00:15:00Z,buy,1.05653,1.0562333770997685,1.0574198687006944,6754,A_long
EURUSD,A,2023-10-18T00:45:00Z,buy,1.05643,1.056116181021604,1.057371456935188,6752,A_long
EURUSD,A,2023-10-18T06:00:00Z,sell,1.05914,1.0596480813979112,1.0576157558062662,6740,A_short
EURUSD,A,2023-10-18T10:00:00Z,buy,1.05567,1.054836632868057,1.0581701013958296,6771,A_long
EURUSD,A,2023-10-18T14:15:00Z,buy,1.05421,1.0531763912393381,1.057310826281986,6774,A_long
EURUSD,A,2023-10-19T06:45:00Z,sell,1.05401,1.0544576014985592,1.052667195504322,6768,A_short
EURUSD,A,2023-10-19T07:00:00Z,sell,1.05426,1.0547399212987514,1.0528202361037458,6763,A_short
EURUSD,A,2023-10-19T07:15:00Z,sell,1.05417,1.0546952651255845,1.0525942046232466,6760,A_short
EURUSD,A,2023-10-19T10:00:00Z,sell,1.05489,1.0555573724308482,1.0528878827074557,6752,A_short
EURUSD,A,2023-10-19T11:00:00Z,sell,1.05588,1.0565024534122953,1.0540126397631138,6741,A_short
EURUSD,A,2023-10-19T12:30:00Z,sell,1.05722,1.057977595495642,1.054947213513074,6727,A_short
EURUSD,A,2023-10-19T16:00:00Z,sell,1.05963,1.0611948215514955,1.0549355353455139,6707,A_short
EURUSD,A,2023-10-23T09:15:00Z,sell,1.06145,1.062174567139972,1.0592762985800839,6685,A_short
EURUSD,A,2023-10-23T15:00:00Z,sell,1.06367,1.0647400815477115,1.060459755356865,6684,A_short
EURUSD,A,2023-10-24T02:15:00Z,sell,1.06847,1.0690115554035355,1.0668453337893935,6647,A_short
EURUSD,A,2023-10-24T07:30:00Z,buy,1.06593,1.0650723484520814,1.0685029546437559,6659,A_long
EURUSD,A,2023-10-24T08:00:00Z,buy,1.06509,1.0641675861706745,1.0678572414879768,6658,A_long
EURUSD,A,2023-10-24T13:00:00Z,buy,1.06124,1.060465178238912,1.0635644652832636,6676,A_long
EURUSD,A,2023-10-24T14:30:00Z,buy,1.05923,1.0580385229449818,1.0628044311650542,6683,A_long
EURUSD,A,2023-10-25T07:15:00Z,buy,1.05821,1.0576438492230202,1.0599084523309397,6681,A_long
EURUSD,A,2023-10-25T09:15:00Z,buy,1.05673,1.0559718289066546,1.0590045132800359,6686,A_long
EURUSD,A,2023-10-25T23:15:00Z,buy,1.05626,1.0559632192606427,1.0571503422180717,6703,A_long
EURUSD,A,2023-10-26T00:45:00Z,buy,1.05596,1.0555767298015908,1.0571098105952277,6702,A_long
EURUSD,A,2023-10-26T01:45:00Z,buy,1.05549,1.0550862832565577,1.056701150230327,6702,A_long
EURUSD,A,2023-10-26T02:15:00Z,buy,1.05469,1.0542106749793698,1.0561279750618902,6704,A_long
EURUSD,A,2023-10-26T06:30:00Z,buy,1.05352,1.0529819889396932,1.0551340331809205,6708,A_long
EURUSD,A,2023-10-26T12:45:00Z,sell,1.05589,1.0569443989503444,1.0527268031489667,6702,A_short
EURUSD,A,2023-10-26T18:30:00Z,sell,1.0563,1.0570093511757488,1.0541719464727537,6719,A_short
EURUSD,A,2023-10-27T11:30:00Z,buy,1.05392,1.0532423635732158,1.0559529092803526,6747,A_long
EURUSD,A,2023-10-27T13:15:00Z,sell,1.05794,1.0591850629074695,1.054204811277592,6733,A_short
EURUSD,A,2023-10-27T13:30:00Z,sell,1.0586,1.05985638785314,1.05483083644058,6721,A_short
EURUSD,A,2023-10-30T08:00:00Z,buy,1.055,1.0544290783908041,1.0567127648275874,6767,A_long
EURUSD,A,2023-10-30T09:00:00Z,sell,1.05747,1.0582130544608441,1.0552408366174673,6761,A_short
EURUSD,A,2023-10-30T09:15:00Z,sell,1.05819,1.0589846471993984,1.0558060584018045,6751,A_short
EURUSD,A,2023-10-30T12:45:00Z,sell,1.06068,1.0616095973525854,1.057891207942244,6730,A_short
EURUSD,A,2023-10-30T15:00:00Z,sell,1.06197,1.063087895176586,1.058616314470242,6715,A_short
EURUSD,A,2023-10-31T08:15:00Z,sell,1.0632,1.0639259004515957,1.0610222986452125,6700,A_short
EURUSD,A,2023-10-31T08:45:00Z,sell,1.06453,1.0652701652280876,1.0623095043157371,6686,A_short
EURUSD,A,2023-10-31T09:45:00Z,sell,1.06684,1.0679391687719388,1.0635424936841835,6667,A_short
EURUSD,A,2023-10-31T13:00:00Z,buy,1.06154,1.0604713110584256,1.0647460668247228,6720,A_long
EURUSD,A,2023-10-31T13:15:00Z,buy,1.06067,1.059570469583969,1.0639685912480932,6718,A_long
EURUSD,A,2023-11-01T00:30:00Z,buy,1.05713,1.0567823323401158,1.0581730029796523,6733,A_long
EURUSD,A,2023-11-01T01:45:00Z,buy,1.0569,1.0564903959065792,1.0581288122802621,6731,A_long
EURUSD,A,2023-11-01T07:30:00Z,buy,1.05615,1.0556731738306808,1.0575804785079572,6733,A_long
EURUSD,A,2023-11-01T09:15:00Z,buy,1.0552,1.0546682839870416,1.0567951480388749,6735,A_long
EURUSD,A,2023-11-01T09:30:00Z,buy,1.05482,1.0542725127887695,1.0564624616336917,6733,A_long
EURUSD,A,2023-11-01T13:00:00Z,buy,1.05305,1.0522725944266684,1.0553822167199949,6741,A_long
EURUSD,A,2023-11-01T13:30:00Z,buy,1.05271,1.0519399487026977,1.055020153891907,6737,A_long
EURUSD,A,2023-11-01T14:30:00Z,sell,1.05671,1.057885489878563,1.0531835303643111,6726,A_short
EURUSD,A,2023-11-01T19:30:00Z,sell,1.05624,1.0575388214529997,1.0523435356410011,6751,A_short
EURUSD,A,2023-11-01T20:00:00Z,sell,1.05702,1.0582096036691422,1.0534511889925737,6737,A_short
EURUSD,A,2023-11-02T00:15:00Z,sell,1.05958,1.0600784377463741,1.0580846867608775,6713,A_short
EURUSD,A,2023-11-02T00:30:00Z,sell,1.05986,1.0603666460468575,1.0583400618594276,6707,A_short
EURUSD,A,2023-11-02T09:15:00Z,sell,1.06175,1.0625680321008946,1.0592959036973162,6691,A_short
EURUSD,A,2023-11-02T10:00:00Z,sell,1.06234,1.0630833530446417,1.060109940866075,6682,A_short
EURUSD,A,2023-11-02T10:30:00Z,sell,1.06315,1.0639121629535309,1.0608635111394076,6672,A_short
EURUSD,A,2023-11-03T02:00:00Z,sell,1.06252,1.0628780824190625,1.0614457527428123,6670,A_short
EURUSD,A,2023-11-03T06:30:00Z,sell,1.06327,1.0635539880749376,1.062418035775187,6663,A_short
EURUSD,A,2023-11-03T09:30:00Z,sell,1.06415,1.0647645470895397,1.0623063587313806,6662,A_short
EURUSD,A,2023-11-03T09:45:00Z,sell,1.06479,1.0654199408109344,1.0629001775671965,6653,A_short
EURUSD,A,2023-11-03T12:30:00Z,sell,1.07083,1.0721319996579695,1.0669240010260914,6611,A_short
EURUSD,A,2023-11-06T07:30:00Z,sell,1.07425,1.0747013367489424,1.0728959897531725,6582,A_short
EURUSD,A,2023-11-06T08:30:00Z,sell,1.0751,1.07582525805208,1.07292422584376,6573,A_short
EURUSD,A,2023-11-06T15:00:00Z,buy,1.07262,1.0718522362822267,1.0749232911533195,6601,A_long
EURUSD,A,2023-11-07T00:45:00Z,buy,1.07138,1.071061947266202,1.072334158201394,6603,A_long
EURUSD,A,2023-11-07T01:00:00Z,buy,1.07104,1.0706856876307085,1.0721029371078745,6603,A_long
EURUSD,A,2023-11-07T02:00:00Z,buy,1.07062,1.0702572101613956,1.0717083695158127,6603,A_long
EURUSD,A,2023-11-07T06:45:00Z,buy,1.07006,1.069727405658499,1.0710577830245027,6603,A_long
EURUSD,A,2023-11-07T07:00:00Z,buy,1.0698,1.0694317515706995,1.070904745287902,6602,A_long
EURUSD,A,2023-11-07T07:30:00Z,buy,1.06941,1.0690371378464363,1.070528586460691,6602,A_long
EURUSD,A,2023-11-07T09:45:00Z,buy,1.06836,1.0677635794180262,1.0701492617459212,6615,A_long
EURUSD,A,2023-11-07T11:30:00Z,buy,1.06656,1.065796724932143,1.068849825203571,6622,A_long
EURUSD,A,2023-11-07T18:45:00Z,sell,1.06989,1.0706171466190935,1.0677085601427196,6614,A_short
EURUSD,A,2023-11-08T07:15:00Z,buy,1.06768,1.0672792496351216,1.0688822510946352,6641,A_long
EURUSD,A,2023-11-08T09:00:00Z,buy,1.06627,1.0656656287789106,1.0680831136632685,6647,A_long
EURUSD,A,2023-11-08T14:45:00Z,sell,1.06904,1.0698593641804424,1.0665819074586729,6640,A_short
EURUSD,A,2023-11-08T15:45:00Z,sell,1.07051,1.0714861157601505,1.0675816527195487,6625,A_short
EURUSD,A,2023-11-09T02:00:00Z,sell,1.07152,1.0719288453002656,1.0702934640992035,6613,A_short
EURUSD,A,2023-11-09T05:45:00Z,buy,1.07024,1.069954669965706,1.071095990102882,6627,A_long
EURUSD,A,2023-11-09T08:15:00Z,buy,1.0696,1.0690925305590204,1.0711224083229391,6629,A_long
EURUSD,A,2023-11-09T10:15:00Z,buy,1.06903,1.0683628900595918,1.0710313298212242,6629,A_long
EURUSD,A,2023-11-09T11:15:00Z,buy,1.06815,1.0674787382319408,1.0701637853041772,6629,A_long
EURUSD,A,2023-11-09T13:45:00Z,sell,1.07074,1.0715274690225933,1.0683775929322201,6625,A_short
EURUSD,A,2023-11-09T14:45:00Z,sell,1.07241,1.073362745930949,1.0695517622071535,6609,A_short
EURUSD,A,2023-11-09T19:00:00Z,buy,1.0676,1.0664366250509891,1.071090124847033,6656,A_long
EURUSD,A,2023-11-09T19:30:00Z,buy,1.06615,1.0649623094827427,1.0697130715517715,6657,A_long
EURUSD,A,2023-11-13T07:15:00Z,sell,1.06958,1.0699293153887093,1.068532053833872,6657,A_short
EURUSD,A,2023-11-13T12:00:00Z,buy,1.0676,1.066941936014971,1.0695741919550874,6667,A_long
EURUSD,A,2023-11-13T13:00:00Z,buy,1.06669,1.066076587151083,1.0685302385467503,6668,A_long
EURUSD,A,2023-11-13T16:15:00Z,sell,1.06958,1.0704902893275807,1.0668491320172577,6661,A_short
EURUSD,A,2023-11-14T01:15:00Z,buy,1.06958,1.0693237765995562,1.0703486702013312,6654,A_long
EURUSD,A,2023-11-14T05:30:00Z,buy,1.06939,1.0691825672796873,1.0700122981609383,6653,A_long
EURUSD,A,2023-11-14T07:00:00Z,sell,1.07021,1.0704636348463146,1.0694490954610567,6652,A_short
EURUSD,A,2023-11-14T07:15:00Z,sell,1.07049,1.0707844835334723,1.0696065493995828,6648,A_short
EURUSD,A,2023-11-14T07:30:00Z,sell,1.07055,1.0708692190623426,1.0695923428129719,6645,A_short
EURUSD,A,2023-11-14T09:30:00Z,sell,1.07121,1.0718406812930972,1.0693179561207085,6638,A_short
EURUSD,A,2023-11-14T10:00:00Z,sell,1.0728,1.0735456228379263,1.070563131486221,6624,A_short
EURUSD,A,2023-11-14T13:30:00Z,sell,1.07958,1.0813959458276985,1.0741321625169045,6577,A_short
EURUSD,A,2023-11-14T14:00:00Z,sell,1.08211,1.0840915770883601,1.0761652687349192,6550,A_short
EURUSD,A,2023-11-15T00:30:00Z,buy,1.08666,1.0862163292293707,1.0879910123118877,6510,A_long
EURUSD,A,2023-11-15T07:00:00Z,buy,1.08689,1.0864122507670428,1.0883232476988711,6516,A_long
EURUSD,A,2023-11-15T09:00:00Z,buy,1.08625,1.085543673716826,1.0883689788495217,6517,A_long
EURUSD,A,2023-11-15T09:15:00Z,buy,1.08524,1.0844518505545826,1.0876044483362521,6518,A_long
EURUSD,A,2023-11-15T23:45:00Z,sell,1.08541,1.085735330548945,1.084434008353165,6511,A_short
EURUSD,A,2023-11-16T02:00:00Z,buy,1.08407,1.0836424594809702,1.08535262155709,6525,A_long
EURUSD,A,2023-11-16T02:30:00Z,buy,1.08365,1.0831535806768176,1.0851392579695474,6524,A_long
EURUSD,A,2023-11-16T08:30:00Z,sell,1.08496,1.0854889345129395,1.0833731964611812,6524,A_short
EURUSD,A,2023-11-16T08:45:00Z,sell,1.08549,1.0860297432445476,1.0838707702663575,6517,A_short
EURUSD,A,2023-11-16T13:30:00Z,sell,1.0874,1.088371792402768,1.0844846227916956,6502,A_short
EURUSD,A,2023-11-16T15:00:00Z,sell,1.08893,1.0900578892506612,1.0855463322480163,6487,A_short
EURUSD,A,2023-11-17T07:00:00Z,buy,1.08442,1.0840098833033003,1.085650350090099,6533,A_long
EURUSD,A,2023-11-17T07:15:00Z,buy,1.08408,1.0836352321961935,1.0854143034114192,6532,A_long
EURUSD,A,2023-11-17T07:30:00Z,buy,1.08363,1.0831672012367013,1.0850183962898965,6532,A_long
EURUSD,A,2023-11-17T08:00:00Z,buy,1.08301,1.0824217644844556,1.0847747065466333,6532,A_long
EURUSD,A,2023-11-17T15:30:00Z,sell,1.08871,1.08974009555143,1.0856197133457102,6508,A_short
EURUSD,A,2023-11-17T18:45:00Z,sell,1.09031,1.0909931856931268,1.0882604429206193,6492,A_short
EURUSD,A,2023-11-20T02:15:00Z,sell,1.09209,1.092616689466657,1.0905099316000293,6476,A_short
EURUSD,A,2023-11-20T09:45:00Z,sell,1.09366,1.094359932836241,1.0915602014912773,6463,A_short
EURUSD,A,2023-11-20T14:45:00Z,sell,1.09404,1.0948262239804092,1.091681328058772,6457,A_short
EURUSD,A,2023-11-21T01:15:00Z,sell,1.09573,1.0962520736656656,1.0941637790030037,6441,A_short
EURUSD,A,2023-11-21T08:45:00Z,buy,1.0946,1.0939051996951945,1.0966844009144165,6444,A_long
EURUSD,A,2023-11-21T16:45:00Z,buy,1.09228,1.0913173692587115,1.0951678922238652,6453,A_long
EURUSD,A,2023-11-21T18:00:00Z,buy,1.09088,1.0900463495956212,1.0933809512131367,6455,A_long
EURUSD,A,2023-11-22T05:15:00Z,buy,1.09064,1.0902600692139133,1.0917797923582604,6451,A_long
EURUSD,A,2023-11-22T06:15:00Z,buy,1.08971,1.0892841170729595,1.0909876487811214,6454,A_long
EURUSD,A,2023-11-22T08:30:00Z,buy,1.08878,1.087994092194816,1.0911377234155526,6466,A_long
EURUSD,A,2023-11-22T14:00:00Z,buy,1.08726,1.0860775657711441,1.0908073026865672,6488,A_long
EURUSD,A,2023-11-22T15:00:00Z,buy,1.08538,1.0840477214022646,1.0893768357932063,6492,A_long
EURUSD,A,2023-11-23T01:45:00Z,sell,1.08948,1.0897837023701105,1.0885688928896686,6491,A_short
EURUSD,A,2023-11-23T02:00:00Z,sell,1.08996,1.0902925420540959,1.0889623738377125,6485,A_short
EURUSD,A,2023-11-23T02:45:00Z,sell,1.09035,1.0906924992275107,1.0893225023174677,6480,A_short
EURUSD,A,2023-11-23T06:00:00Z,sell,1.09151,1.091885791698491,1.090382624904527,6471,A_short
EURUSD,A,2023-11-23T08:30:00Z,sell,1.09219,1.0930605390144532,1.0895783829566403,6473,A_short
EURUSD,A,2023-11-24T01:00:00Z,sell,1.0909,1.0911895053351701,1.0900314839944896,6495,A_short
EURUSD,A,2023-11-24T02:15:00Z,buy,1.08976,1.0893995221538617,1.0908414335384151,6507,A_long
EURUSD,A,2023-11-24T05:45:00Z,sell,1.09116,1.0914542780996859,1.090277165700942,6504,A_short
EURUSD,A,2023-11-24T08:45:00Z,sell,1.09189,1.0924204446587935,1.0902986660236196,6497,A_short
EURUSD,A,2023-11-24T12:15:00Z,sell,1.09254,1.0931171438572036,1.0908085684283895,6502,A_short
EURUSD,A,2023-11-24T14:30:00Z,sell,1.09295,1.0936639316538923,1.0908082050383234,6509,A_short
EURUSD,A,2023-11-24T14:45:00Z,sell,1.09367,1.094503407433373,1.0911697776998805,6501,A_short
EURUSD,A,2023-11-24T15:00:00Z,sell,1.09424,1.0950876197755903,1.0916971406732294,6492,A_short
EURUSD,A,2023-11-27T06:00:00Z,sell,1.09555,1.096014149300434,1.094157552098698,6478,A_short
EURUSD,A,2023-11-27T14:00:00Z,buy,1.0934,1.092656035944101,1.0956318921676964,6499,A_long
EURUSD,A,2023-11-27T14:45:00Z,buy,1.09281,1.0920498254723527,1.095090523582942,6497,A_long
EURUSD,A,2023-11-27T19:15:00Z,sell,1.09488,1.0954632164035905,1.093130350789229,6498,A_short
EURUSD,A,2023-11-27T19:30:00Z,sell,1.09554,1.0961467875497781,1.0937196373506655,6490,A_short
EURUSD,A,2023-11-28T01:00:00Z,sell,1.0961,1.096459899535055,1.0950203013948354,6482,A_short
EURUSD,A,2023-11-28T06:15:00Z,buy,1.09475,1.094454280839041,1.0956371574828767,6496,A_long
EURUSD,A,2023-11-28T07:30:00Z,buy,1.09393,1.0935700339299688,1.095009898210094,6499,A_long
EURUSD,A,2023-11-28T07:45:00Z,buy,1.09358,1.0931866960726395,1.0947599117820814,6498,A_long
EURUSD,A,2023-11-28T13:45:00Z,sell,1.09723,1.0981823263325954,1.0943730210022136,6483,A_short
EURUSD,A,2023-11-28T14:15:00Z,sell,1.09785,1.0989058362231494,1.0946824913305517,6473,A_short
EURUSD,A,2023-11-28T15:30:00Z,sell,1.09923,1.100596634085665,1.0951300977430047,6458,A_short
EURUSD,A,2023-11-28T23:15:00Z,sell,1.10041,1.1008907409540245,1.098967777137927,6443,A_short
EURUSD,A,2023-11-29T01:00:00Z,sell,1.10125,1.1018263036085447,1.099521089174366,6434,A_short
EURUSD,A,2023-11-29T07:00:00Z,buy,1.09896,1.0983580480296542,1.1007658559110371,6457,A_long
EURUSD,A,2023-11-29T07:30:00Z,buy,1.09839,1.0977864894089404,1.1002005317731787,6457,A_long
EURUSD,A,2023-11-29T09:30:00Z,buy,1.09744,1.0965956109909152,1.0999731670272543,6458,A_long
EURUSD,A,2023-11-29T19:00:00Z,sell,1.09929,1.1000309583582977,1.0970671249251074,6442,A_short
EURUSD,A,2023-11-30T00:45:00Z,sell,1.09825,1.098598583574561,1.0972042492763165,6460,A_short
EURUSD,A,2023-11-30T07:30:00Z,buy,1.09518,1.0945328197965059,1.0971215406104826,6484,A_long
EURUSD,A,2023-11-30T07:45:00Z,buy,1.09514,1.0944257771569716,1.097282668529085,6480,A_long
EURUSD,A,2023-11-30T08:15:00Z,buy,1.09463,1.0938273170645698,1.0970380488062905,6478,A_long
EURUSD,A,2023-11-30T08:30:00Z,buy,1.09246,1.0914416747892939,1.0955149756321183,6485,A_long
EURUSD,A,2023-12-01T00:15:00Z,sell,1.08994,1.0903660141776024,1.0886619574671925,6494,A_short
EURUSD,A,2023-12-01T01:00:00Z,sell,1.09076,1.0912077964883533,1.0894166105349399,6486,A_short
EURUSD,A,2023-12-01T07:45:00Z,buy,1.08946,1.0888605806853953,1.0912582579438146,6490,A_long
EURUSD,A,2023-12-01T12:45:00Z,buy,1.08766,1.0867198784795393,1.0904803645613823,6497,A_long
EURUSD,A,2023-12-01T13:45:00Z,buy,1.08675,1.0857848189482295,1.0896455431553118,6496,A_long
EURUSD,A,2023-12-01T14:30:00Z,buy,1.08535,1.0843568495494105,1.0883294513517687,6498,A_long
EURUSD,A,2023-12-01T14:45:00Z,buy,1.08439,1.083365269609489,1.0874641911715326,6497,A_long
EURUSD,A,2023-12-04T00:45:00Z,buy,1.08716,1.0864838511048258,1.0891884466855222,6474,A_long
EURUSD,A,2023-12-04T07:30:00Z,buy,1.08544,1.084860346575808,1.0871789602725759,6480,A_long
EURUSD,A,2023-12-04T14:00:00Z,buy,1.08309,1.082015256391458,1.0863142308256264,6504,A_long
EURUSD,A,2023-12-04T14:15:00Z,buy,1.0822,1.0811165555392637,1.0854503333822092,6502,A_long
EURUSD,A,2023-12-04T15:30:00Z,buy,1.08067,1.0793899129755915,1.0845102610732256,6504,A_long
EURUSD,A,2023-12-05T00:30:00Z,sell,1.08444,1.0847797515572295,1.0834207453283118,6503,A_short
EURUSD,A,2023-12-05T07:00:00Z,buy,1.08239,1.0818650328252577,1.0839649015242268,6521,A_long
EURUSD,A,2023-12-05T07:15:00Z,buy,1.08092,1.0802583617818902,1.08290491465433,6527,A_long
EURUSD,A,2023-12-05T16:15:00Z,buy,1.0794,1.0781275206608034,1.0832174380175894,6547,A_long
EURUSD,A,2023-12-06T05:45:00Z,sell,1.08011,1.0804374368031548,1.079127689590535,6534,A_short
EURUSD,A,2023-12-06T07:30:00Z,buy,1.07832,1.0778062969722955,1.0798611090831134,6551,A_long
EURUSD,A,2023-12-06T08:30:00Z,buy,1.07764,1.0770169996607553,1.079509001017734,6551,A_long
EURUSD,A,2023-12-06T12:00:00Z,buy,1.07747,1.0768803966996487,1.0792388099010535,6563,A_long
EURUSD,A,2023-12-06T18:15:00Z,buy,1.07747,1.0766794302554503,1.0798417092336487,6573,A_long
EURUSD,A,2023-12-07T03:45:00Z,buy,1.07596,1.0756288208077198,1.0769535375768406,6577,A_long
EURUSD,A,2023-12-07T07:15:00Z,sell,1.07736,1.0778967651676017,1.0757497044971953,6566,A_short
EURUSD,A,2023-12-07T07:30:00Z,sell,1.07775,1.0783298631452547,1.0760104105642359,6559,A_short
EURUSD,A,2023-12-07T12:15:00Z,buy,1.07628,1.0754839352124592,1.078668194362622,6564,A_long
EURUSD,A,2023-12-07T13:30:00Z,sell,1.07884,1.0799221270691823,1.075593618792453,6563,A_short
EURUSD,A,2023-12-07T17:30:00Z,sell,1.08111,1.0820612500720133,1.0782562497839603,6542,A_short
EURUSD,A,2023-12-08T06:45:00Z,buy,1.07792,1.0775021618327163,1.079173514501851,6577,A_long
EURUSD,A,2023-12-08T07:30:00Z,buy,1.07754,1.0770903376434007,1.0788889870697977,6577,A_long
EURUSD,A,2023-12-08T13:30:00Z,buy,1.07663,1.0754768599298516,1.080089420210445,6590,A_long
EURUSD,A,2023-12-08T13:45:00Z,buy,1.07469,1.0733546119392048,1.0786961641823853,6594,A_long
EURUSD,A,2023-12-08T14:00:00Z,buy,1.07359,1.0721846636806442,1.0778060089580674,6592,A_long
EURUSD,A,2023-12-11T00:45:00Z,sell,1.07719,1.0775948755547762,1.0759753733356718,6595,A_short
EURUSD,A,2023-12-11T07:45:00Z,buy,1.07557,1.075127278129436,1.0768981656116914,6612,A_long
EURUSD,A,2023-12-11T14:15:00Z,buy,1.07478,1.0739071041552952,1.0773986875341146,6624,A_long
EURUSD,A,2023-12-12T06:45:00Z,sell,1.07793,1.0782983412684695,1.0768249761945918,6620,A_short
EURUSD,A,2023-12-12T07:00:00Z,sell,1.07801,1.0784092290993401,1.0768123127019793,6617,A_short
EURUSD,A,2023-12-12T08:15:00Z,sell,1.07879,1.079303934156354,1.0772481975309378,6609,A_short
EURUSD,A,2023-12-12T10:00:00Z,sell,1.07975,1.0803894205037146,1.0778317384888563,6600,A_short
EURUSD,A,2023-12-12T10:15:00Z,sell,1.08025,1.080921497769886,1.0782355066903417,6592,A_short
EURUSD,A,2023-12-12T13:45:00Z,buy,1.07766,1.0763948616752206,1.0814554149743385,6603,A_long
EURUSD,A,2023-12-13T19:00:00Z,sell,1.08499,1.0863736185405473,1.0808391443783578,6581,A_short
EURUSD,A,2023-12-13T19:15:00Z,sell,1.0864,1.0878871360684743,1.0819385917945772,6564,A_short
EURUSD,A,2023-12-13T19:30:00Z,sell,1.08867,1.090413517926011,1.083439446221967,6541,A_short
EURUSD,A,2023-12-14T07:30:00Z,buy,1.08862,1.0879818455521078,1.0905344633436764,6530,A_long
EURUSD,A,2023-12-14T11:00:00Z,sell,1.09202,1.0928498835427927,1.089530349371622,6520,A_short
EURUSD,A,2023-12-14T11:15:00Z,sell,1.09246,1.0933338990704204,1.0898383027887386,6512,A_short
EURUSD,A,2023-12-14T13:45:00Z,sell,1.09439,1.0958921011707752,1.0898836964876744,6495,A_short
EURUSD,A,2023-12-14T14:00:00Z,sell,1.09667,1.0985371543480051,1.0910685369559847,6472,A_short
EURUSD,A,2023-12-14T14:45:00Z,sell,1.09908,1.1010840172155756,1.0930679483532735,6446,A_short
EURUSD,A,2023-12-15T13:30:00Z,buy,1.09143,1.0901399901139082,1.095300029658275,6526,A_long
EURUSD,A,2023-12-15T18:30:00Z,buy,1.08933,1.0884118963129576,1.0920843110611267,6531,A_long
EURUSD,A,2023-12-18T07:30:00Z,sell,1.09266,1.0931285176167034,1.0912544471498897,6526,A_short
EURUSD,A,2023-12-18T14:15:00Z,sell,1.09298,1.0937476931480998,1.0906769205557008,6532,A_short
EURUSD,A,2023-12-19T07:15:00Z,sell,1.09397,1.0945218124836604,1.0923145625490192,6521,A_short
EURUSD,A,2023-12-19T12:45:00Z,sell,1.09686,1.0977778872316737,1.0941063383049787,6500,A_short
EURUSD,A,2023-12-19T14:45:00Z,sell,1.09791,1.098871309270219,1.095026072189343,6488,A_short
EURUSD,A,2023-12-20T11:00:00Z,buy,1.09486,1.0941254958366233,1.0970635124901298,6522,A_long
EURUSD,A,2023-12-20T11:15:00Z,buy,1.09408,1.0932980963917402,1.096425710824779,6522,A_long
EURUSD,A,2023-12-20T20:45:00Z,buy,1.09317,1.0924315400254438,1.0953853799236684,6541,A_long
EURUSD,A,2023-12-21T05:45:00Z,sell,1.09545,1.0957354550818375,1.0945936347544878,6540,A_short
EURUSD,A,2023-12-21T09:00:00Z,buy,1.09388,1.0933111908968307,1.0955864273095077,6554,A_long
EURUSD,A,2023-12-21T11:00:00Z,sell,1.096,1.0966577742909336,1.0940266771271996,6550,A_short
EURUSD,A,2023-12-21T11:30:00Z,sell,1.09783,1.098663706022968,1.0953288819310962,6535,A_short
EURUSD,A,2023-12-21T19:30:00Z,sell,1.09991,1.100598892224126,1.0978433233276215,6517,A_short
EURUSD,A,2023-12-22T10:15:00Z,sell,1.10171,1.1024668579414367,1.0994394261756897,6502,A_short
EURUSD,A,2023-12-22T11:15:00Z,sell,1.10259,1.1032393001415381,1.1006420995753854,6492,A_short
EURUSD,A,2023-12-25T00:30:00Z,buy,1.09994,1.0994972546015667,1.1012682361952997,6503,A_long
EURUSD,A,2023-12-25T00:45:00Z,buy,1.09997,1.0993809539880244,1.1017371380359264,6500,A_long
EURUSD,A,2023-12-26T08:45:00Z,buy,1.10148,1.1010877701680597,1.102656689495821,6501,A_long
EURUSD,A,2023-12-26T09:00:00Z,buy,1.10108,1.1006827341456518,1.102271797563045,6500,A_long
EURUSD,A,2023-12-26T14:45:00Z,sell,1.10263,1.1031555621503895,1.1010533135488316,6497,A_short
EURUSD,A,2023-12-26T15:00:00Z,sell,1.10293,1.103480153863671,1.101279538408987,6492,A_short
EURUSD,A,2023-12-26T19:45:00Z,sell,1.10443,1.10482079656696,1.1032576102991198,6479,A_short
EURUSD,A,2023-12-27T01:15:00Z,buy,1.10332,1.1030777167384251,1.104046849784725,6492,A_long
EURUSD,A,2023-12-27T02:00:00Z,buy,1.10297,1.1026468129405391,1.1039395611783827,6492,A_long
EURUSD,A,2023-12-27T14:00:00Z,sell,1.10733,1.1080805657444899,1.10507830276653,6472,A_short
EURUSD,A,2023-12-27T14:15:00Z,sell,1.10772,1.1084878236452247,1.105416529064326,6465,A_short
EURUSD,A,2023-12-27T14:30:00Z,sell,1.10838,1.1091774471591946,1.1059876585224158,6456,A_short
EURUSD,A,2023-12-27T14:45:00Z,sell,1.11045,1.111437120871302,1.1074886373860935,6439,A_short
EURUSD,A,2023-12-28T00:30:00Z,sell,1.11147,1.111813724468402,1.1104388265947935,6427,A_short
EURUSD,A,2023-12-28T01:45:00Z,sell,1.11218,1.1125450968349582,1.1110847094951253,6420,A_short
EURUSD,A,2023-12-28T09:30:00Z,sell,1.11366,1.1145137078250054,1.1110988765249843,6417,A_short
EURUSD,A,2023-12-28T13:45:00Z,buy,1.10732,1.1061952368176347,1.1106942895470964,6468,A_long
EURUSD,A,2023-12-28T16:15:00Z,buy,1.10743,1.1062104086914677,1.1110887739255966,6486,A_long
EURUSD,A,2023-12-29T00:15:00Z,sell,1.10718,1.1075198788423841,1.1061603634728479,6480,A_short
EURUSD,A,2023-12-29T00:45:00Z,sell,1.10763,1.108011864552724,1.1064844063418278,6475,A_short
EURUSD,A,2023-12-29T01:00:00Z,sell,1.1079,1.1083016159456942,1.1066951521629178,6470,A_short
EURUSD,A,2023-12-29T01:30:00Z,sell,1.10822,1.1086308137547658,1.1069875587357025,6466,A_short
EURUSD,A,2023-12-29T09:00:00Z,buy,1.10555,1.104894043779283,1.1075178686621514,6488,A_long
EURUSD,A,2024-01-02T02:00:00Z,buy,1.10318,1.1027996608976407,1.104321017307078,6497,A_long
EURUSD,A,2024-01-02T02:15:00Z,buy,1.10262,1.1022157061112885,1.1038328816661342,6498,A_long
EURUSD,A,2024-01-02T02:30:00Z,buy,1.10236,1.10194694529645,1.1035991641106497,6496,A_long
EURUSD,A,2024-01-02T02:45:00Z,buy,1.10187,1.10143468592359,1.1031759422292298,6496,A_long
EURUSD,A,2024-01-02T10:00:00Z,buy,1.1,1.0989629126078797,1.1031112621763612,6514,A_long
EURUSD,A,2024-01-02T11:00:00Z,buy,1.09895,1.0978999221134549,1.1021002336596357,6514,A_long
EURUSD,A,2024-01-02T11:15:00Z,buy,1.09804,1.096948599164994,1.1013142025050173,6512,A_long
EURUSD,A,2024-01-02T11:45:00Z,buy,1.0969,1.0958818367061511,1.0999544898815465,6512,A_long
EURUSD,A,2024-01-02T21:15:00Z,buy,1.09384,1.0933168090471512,1.095409572858546,6524,A_long
EURUSD,A,2024-01-03T01:30:00Z,sell,1.09542,1.0957797298645162,1.0943408104064516,6523,A_short
EURUSD,A,2024-01-03T03:30:00Z,sell,1.09591,1.0963148514144323,1.0946954457567029,6517,A_short
EURUSD,A,2024-01-03T09:00:00Z,buy,1.09434,1.093609622218673,1.0965311333439811,6524,A_long
EURUSD,A,2024-01-03T09:15:00Z,buy,1.09388,1.0931243392561831,1.0961469822314505,6522,A_long
EURUSD,A,2024-01-03T10:15:00Z,buy,1.09295,1.0922665537480662,1.0950003387558016,6522,A_long
EURUSD,A,2024-01-03T15:30:00Z,buy,1.09083,1.0896291489332464,1.0944325532002608,6530,A_long
EURUSD,A,2024-01-03T19:00:00Z,buy,1.08957,1.0887150683237812,1.0921347950286562,6530,A_long
EURUSD,A,2024-01-04T07:30:00Z,sell,1.09428,1.0949267734509172,1.0923396796472482,6517,A_short
EURUSD,A,2024-01-04T08:45:00Z,sell,1.09532,1.0961572414352745,1.0928082756941768,6506,A_short
EURUSD,A,2024-01-04T09:30:00Z,sell,1.09661,1.0975109953876439,1.0939070138370688,6493,A_short
EURUSD,A,2024-01-04T13:30:00Z,buy,1.09419,1.093389225784869,1.096592322645393,6522,A_long
EURUSD,A,2024-01-05T08:15:00Z,buy,1.09171,1.0911933976345363,1.093259807096391,6532,A_long
EURUSD,A,2024-01-05T08:30:00Z,buy,1.09115,1.090615611283265,1.0927531661502052,6532,A_long
EURUSD,A,2024-01-05T08:45:00Z,buy,1.09076,1.0901475297788294,1.0925974106635115,6530,A_long
EURUSD,A,2024-01-05T14:15:00Z,sell,1.09456,1.096015564450979,1.0901933066470628,6518,A_short
EURUSD,A,2024-01-05T15:00:00Z,sell,1.09853,1.1004420992885338,1.0927937021343987,6485,A_short
EURUSD,A,2024-01-08T14:45:00Z,sell,1.09603,1.0967361482784763,1.0939115551645713,6533,A_short
EURUSD,A,2024-01-08T15:15:00Z,sell,1.09692,1.0977179513736108,1.094526145879167,6523,A_short
EURUSD,A,2024-01-08T16:00:00Z,sell,1.09763,1.0984572767904663,1.0951481696286014,6513,A_short
EURUSD,A,2024-01-09T02:30:00Z,sell,1.09636,1.096748338873213,1.0951949833803607,6535,A_short
EURUSD,A,2024-01-09T08:00:00Z,buy,1.09427,1.0936702649335224,1.0960692051994332,6554,A_long
EURUSD,A,2024-01-09T15:45:00Z,buy,1.09178,1.0908738200043198,1.0944985399870406,6565,A_long
EURUSD,A,2024-01-10T15:30:00Z,sell,1.09636,1.0971784270202098,1.0939047189393705,6553,A_short
EURUSD,A,2024-01-11T06:15:00Z,sell,1.09836,1.0987142958001872,1.0972971125994384,6535,A_short
EURUSD,A,2024-01-11T06:30:00Z,sell,1.09861,1.0989903896934956,1.0974688309195135,6531,A_short
EURUSD,A,2024-01-11T09:00:00Z,buy,1.0968,1.0962768361584105,1.0983694915247684,6548,A_long
EURUSD,A,2024-01-11T09:30:00Z,buy,1.09594,1.0953915791589839,1.097585262523048,6550,A_long
EURUSD,A,2024-01-11T13:30:00Z,buy,1.09526,1.0939674858401895,1.099137542479431,6563,A_long
EURUSD,A,2024-01-11T13:45:00Z,buy,1.09394,1.0924198210614977,1.0985005368155065,6562,A_long
EURUSD,A,2024-01-12T07:00:00Z,buy,1.09663,1.0961860669432784,1.097961799170165,6573,A_long
EURUSD,A,2024-01-12T07:30:00Z,buy,1.09635,1.0958634902818403,1.097809529154479,6571,A_long
EURUSD,A,2024-01-12T10:00:00Z,buy,1.09592,1.095219412518549,1.098021762444353,6582,A_long
EURUSD,A,2024-01-12T11:30:00Z,buy,1.09495,1.094284007564927,1.0969479773052195,6582,A_long
EURUSD,A,2024-01-12T14:30:00Z,sell,1.09819,1.0993109014281561,1.0948272957155316,6559,A_short
EURUSD,A,2024-01-15T02:00:00Z,sell,1.096,1.0963957242210352,1.094812827336895,6591,A_short
EURUSD,A,2024-01-15T02:15:00Z,sell,1.09629,1.0966929609915637,1.095081117025309,6586,A_short
EURUSD,A,2024-01-15T07:45:00Z,buy,1.09533,1.0948808259089022,1.096677522273293,6589,A_long
EURUSD,A,2024-01-15T09:30:00Z,buy,1.09454,1.0939418534654526,1.0963344396036425,6590,A_long
EURUSD,A,2024-01-15T10:00:00Z,buy,1.09386,1.093219347714051,1.095781956857847,6590,A_long
EURUSD,A,2024-01-15T23:15:00Z,buy,1.0947,1.0944678557708727,1.095396432687382,6596,A_long
EURUSD,A,2024-01-16T00:00:00Z,buy,1.09441,1.0941802515936616,1.0950992452190156,6596,A_long
EURUSD,A,2024-01-16T00:15:00Z,buy,1.0939,1.0936195513811733,1.0947413458564805,6597,A_long
EURUSD,A,2024-01-16T00:30:00Z,buy,1.0932,1.0928329445303502,1.0943011664089493,6599,A_long
EURUSD,A,2024-01-16T00:45:00Z,buy,1.09196,1.091469885259637,1.0934303442210893,6604,A_long
EURUSD,A,2024-01-16T08:30:00Z,buy,1.09012,1.089260135395317,1.0926995938140487,6611,A_long
EURUSD,A,2024-01-16T09:00:00Z,buy,1.08933,1.0884263683635935,1.092040894909219,6610,A_long
EURUSD,A,2024-01-16T09:30:00Z,buy,1.0887,1.0877724722375437,1.091482583287369,6608,A_long
EURUSD,A,2024-01-17T03:15:00Z,buy,1.08665,1.0862412316871692,1.0878763049384919,6615,A_long
EURUSD,A,2024-01-17T06:00:00Z,buy,1.08576,1.085332603872834,1.0870421883814985,6617,A_long
EURUSD,A,2024-01-17T08:00:00Z,sell,1.08787,1.0885738116982795,1.085758564905161,6611,A_short
EURUSD,A,2024-01-17T13:30:00Z,buy,1.08586,1.0849578991194557,1.088566302641633,6635,A_long
EURUSD,A,2024-01-17T14:45:00Z,buy,1.08488,1.0839543327838816,1.0876570016483553,6635,A_long
EURUSD,A,2024-01-17T19:30:00Z,sell,1.08768,1.0884186641054285,1.0854640076837143,6634,A_short
EURUSD,A,2024-01-18T00:45:00Z,sell,1.08938,1.0897919342741273,1.088144197177618,6619,A_short
EURUSD,A,2024-01-18T01:00:00Z,sell,1.08979,1.0902590097042437,1.088382970887269,6613,A_short
EURUSD,A,2024-01-18T06:00:00Z,sell,1.09016,1.0906432464115052,1.0887102607654844,6608,A_short
EURUSD,A,2024-01-18T08:00:00Z,buy,1.08805,1.0874176870153216,1.089946938954035,6617,A_long
EURUSD,A,2024-01-18T13:00:00Z,buy,1.0872,1.0865925907864227,1.0890222276407318,6633,A_long
EURUSD,A,2024-01-18T13:15:00Z,buy,1.08665,1.0860222453482329,1.088533263955301,6632,A_long
EURUSD,A,2024-01-18T13:30:00Z,buy,1.08563,1.0847939459684688,1.088138162094594,6634,A_long
EURUSD,A,2024-01-18T21:15:00Z,sell,1.08741,1.0879329218637628,1.0858412344087116,6617,A_short
EURUSD,A,2024-01-19T01:30:00Z,sell,1.08865,1.0890792817176222,1.0873621548471328,6606,A_short
EURUSD,A,2024-01-19T08:30:00Z,buy,1.08702,1.086483314669168,1.0886300559924966,6623,A_long
EURUSD,A,2024-01-19T14:30:00Z,buy,1.08706,1.0863138058434616,1.0892985824696149,6632,A_long
EURUSD,A,2024-01-22T01:00:00Z,sell,1.09043,1.0908825330752652,1.0890724007742045,6625,A_short
EURUSD,A,2024-01-22T02:15:00Z,sell,1.09078,1.091232944702044,1.0894211658938686,6619,A_short
EURUSD,A,2024-01-22T08:00:00Z,buy,1.08943,1.0889049722497308,1.0910050832508071,6635,A_long
EURUSD,A,2024-01-22T23:45:00Z,buy,1.08772,1.087446004833342,1.0885419854999738,6642,A_long
EURUSD,A,2024-01-23T01:45:00Z,sell,1.08883,1.0892172577673533,1.0876682266979398,6639,A_short
EURUSD,A,2024-01-23T02:30:00Z,sell,1.0893,1.0896843215747778,1.0881470352756664,6633,A_short
EURUSD,A,2024-01-23T05:30:00Z,sell,1.09042,1.0907877381696909,1.0893167854909271,6623,A_short
EURUSD,A,2024-01-23T05:45:00Z,sell,1.09069,1.0910620397470654,1.0895738807588036,6619,A_short
EURUSD,A,2024-01-23T06:45:00Z,sell,1.09139,1.0918358762906852,1.0900523711279446,6612,A_short
EURUSD,A,2024-01-23T09:00:00Z,buy,1.08889,1.0882077387345324,1.0909367837964026,6635,A_long
EURUSD,A,2024-01-23T10:00:00Z,buy,1.0883,1.0876114310320393,1.0903657069038823,6633,A_long
EURUSD,A,2024-01-23T10:45:00Z,buy,1.08694,1.0862174145118193,1.0891077564645422,6637,A_long
EURUSD,A,2024-01-23T11:15:00Z,buy,1.08634,1.085590946899989,1.0885871593000336,6636,A_long
EURUSD,A,2024-01-23T14:45:00Z,buy,1.08526,1.0844688250525185,1.087633524842444,6637,A_long
EURUSD,A,2024-01-23T15:15:00Z,buy,1.08383,1.0828770730394472,1.0866887808816585,6640,A_long
EURUSD,A,2024-01-23T15:30:00Z,buy,1.08233,1.0812761299675209,1.0854916100974374,6643,A_long
EURUSD,A,2024-01-24T04:30:00Z,sell,1.08653,1.0868450161008445,1.0855849516974665,6636,A_short
EURUSD,A,2024-01-24T07:15:00Z,sell,1.08695,1.0873522769769188,1.0857431690692438,6631,A_short
EURUSD,A,2024-01-24T07:30:00Z,sell,1.08788,1.0883579733799962,1.0864460798600113,6622,A_short
EURUSD,A,2024-01-24T09:00:00Z,sell,1.08843,1.0892669075772687,1.0859192772681938,6627,A_short
EURUSD,A,2024-01-24T09:30:00Z,sell,1.09026,1.0912430994691484,1.0873107015925547,6610,A_short
EURUSD,A,2024-01-24T13:45:00Z,sell,1.09249,1.0934719340498165,1.0895441978505505,6590,A_short
EURUSD,A,2024-01-25T00:00:00Z,buy,1.08752,1.0872092648594596,1.0884522054216215,6637,A_long
EURUSD,A,2024-01-25T06:30:00Z,sell,1.08853,1.0888519632296745,1.0875641103109766,6629,A_short
EURUSD,A,2024-01-25T07:00:00Z,sell,1.08894,1.0892834301591778,1.0879097095224666,6624,A_short
EURUSD,A,2024-01-25T08:30:00Z,sell,1.08953,1.0900558589202254,1.0879524232393243,6617,A_short
EURUSD,A,2024-01-25T14:00:00Z,buy,1.08641,1.084984674332493,1.0906859770025217,6633,A_long
EURUSD,A,2024-01-25T15:00:00Z,buy,1.08469,1.0832907627379817,1.0888877117860545,6634,A_long
EURUSD,A,2024-01-25T15:45:00Z,buy,1.08317,1.081862300958621,1.0870930971241368,6634,A_long
EURUSD,A,2024-01-26T07:15:00Z,buy,1.08164,1.081115317209266,1.0832140483722017,6635,A_long
EURUSD,A,2024-01-26T10:00:00Z,sell,1.08558,1.086403982148969,1.0831080535530928,6620,A_short
EURUSD,A,2024-01-28T22:00:00Z,buy,1.08443,1.0839544250875501,1.0858567247373496,6621,A_long
EURUSD,A,2024-01-29T08:45:00Z,buy,1.08346,1.0829233619990828,1.085069914002752,6624,A_long
EURUSD,A,2024-01-29T09:15:00Z,buy,1.08271,1.0821633696793111,1.0843498909620668,6625,A_long
EURUSD,A,2024-01-29T10:00:00Z,buy,1.08224,1.081666735758651,1.0839597927240476,6623,A_long
EURUSD,A,2024-01-29T10:15:00Z,buy,1.08164,1.0810391709908307,1.0834424870275077,6623,A_long
EURUSD,A,2024-01-29T14:00:00Z,buy,1.08091,1.0801503434515147,1.083188969645456,6638,A_long
EURUSD,A,2024-01-29T20:00:00Z,sell,1.08299,1.0834995733305717,1.0814612800082846,6620,A_short
EURUSD,A,2024-01-29T20:15:00Z,sell,1.08367,1.0842516302198288,1.0819251093405131,6612,A_short
EURUSD,A,2024-01-30T06:45:00Z,buy,1.0815,1.081101216495686,1.0826963505129419,6635,A_long
EURUSD,A,2024-01-30T10:30:00Z,sell,1.08349,1.0841217495135882,1.0815947514592357,6630,A_short
EURUSD,A,2024-01-30T11:15:00Z,sell,1.08434,1.0849500188685492,1.0825099433943526,6620,A_short
EURUSD,A,2024-01-31T01:30:00Z,buy,1.08377,1.083437442561306,1.0847676723160815,6619,A_long
EURUSD,A,2024-01-31T01:45:00Z,buy,1.08313,1.082745783553132,1.0842826493406037,6621,A_long
EURUSD,A,2024-01-31T02:00:00Z,buy,1.08222,1.0817630124127144,1.0835909627618565,6623,A_long
EURUSD,A,2024-01-31T02:30:00Z,buy,1.08171,1.0812504848788833,1.0830885453633499,6623,A_long
EURUSD,A,2024-01-31T08:00:00Z,buy,1.08125,1.080718597976613,1.0828442060701613,6623,A_long
EURUSD,A,2024-01-31T09:15:00Z,sell,1.0835,1.0843517118834165,1.0809448643497501,6618,A_short
EURUSD,A,2024-01-31T13:30:00Z,sell,1.08543,1.0862235606413568,1.083049318075929,6600,A_short
EURUSD,A,2024-01-31T13:45:00Z,sell,1.08575,1.0865697525558426,1.083290742332472,6593,A_short
EURUSD,A,2024-01-31T14:00:00Z,sell,1.08689,1.0878351188817301,1.0840546433548093,6581,A_short
EURUSD,A,2024-01-31T14:30:00Z,sell,1.08751,1.0885357115156107,1.0844328654531679,6571,A_short
EURUSD,A,2024-01-31T14:45:00Z,sell,1.08799,1.0890816166468626,1.084715150059412,6561,A_short
EURUSD,A,2024-01-31T19:00:00Z,buy,1.08312,1.0819200532274815,1.0867198403175558,6610,A_long
EURUSD,A,2024-01-31T20:00:00Z,buy,1.08124,1.0791358076094832,1.0875525771715502,6613,A_long
EURUSD,A,2024-02-01T07:00:00Z,buy,1.07915,1.0786926165729382,1.0805221502811855,6613,A_long
EURUSD,A,2024-02-01T07:15:00Z,buy,1.07841,1.0779082676965466,1.0799151969103606,6614,A_long
EURUSD,A,2024-02-01T12:00:00Z,sell,1.08121,1.0819535399791014,1.078979380062696,6605,A_short
EURUSD,A,2024-02-01T16:00:00Z,sell,1.08423,1.0853388244455158,1.0809035266634528,6582,A_short
EURUSD,A,2024-02-01T16:30:00Z,sell,1.08599,1.087100805916854,1.0826575822494378,6564,A_short
EURUSD,A,2024-02-01T17:00:00Z,sell,1.08694,1.088024027555326,1.0836879173340224,6551,A_short
EURUSD,A,2024-02-02T05:30:00Z,sell,1.08805,1.0883572203262788,1.0871283390211635,6537,A_short
EURUSD,A,2024-02-02T09:15:00Z,sell,1.0895,1.0902223882254949,1.087332835323515,6526,A_short
EURUSD,A,2024-02-02T13:30:00Z,buy,1.08278,1.0813269889077943,1.0871390332766173,6579,A_long
EURUSD,A,2024-02-02T13:45:00Z,buy,1.08072,1.0791380570534215,1.0854658288397352,6582,A_long
EURUSD,A,2024-02-04T23:00:00Z,buy,1.07712,1.0765745118779573,1.0787564643661285,6594,A_long
EURUSD,A,2024-02-05T08:45:00Z,buy,1.07667,1.0760075524444364,1.078657342666691,6593,A_long
EURUSD,A,2024-02-05T09:30:00Z,buy,1.07601,1.0753850704356818,1.0778847886929543,6593,A_long
EURUSD,A,2024-02-05T09:45:00Z,buy,1.07537,1.0746977277109242,1.0773868168672271,6592,A_long
EURUSD,A,2024-02-05T13:45:00Z,buy,1.07374,1.0731110783724267,1.0756267648827196,6597,A_long
EURUSD,A,2024-02-05T15:30:00Z,buy,1.07253,1.071598665201547,1.075324004395359,6600,A_long
EURUSD,A,2024-02-06T05:30:00Z,sell,1.07537,1.0756662400240289,1.074481279927913,6599,A_short
EURUSD,A,2024-02-06T07:00:00Z,sell,1.07604,1.0764483939848906,1.0748148180453287,6593,A_short
EURUSD,A,2024-02-06T09:15:00Z,buy,1.07406,1.0735200121054085,1.0756799636837746,6612,A_long
EURUSD,A,2024-02-06T09:45:00Z,buy,1.07291,1.0722453868702848,1.0749038393891457,6615,A_long
EURUSD,A,2024-02-06T16:30:00Z,sell,1.07525,1.0759996537353242,1.0730010387940274,6612,A_short
EURUSD,A,2024-02-07T01:00:00Z,sell,1.07614,1.0763856003001908,1.075403199099428,6602,A_short
EURUSD,A,2024-02-07T01:45:00Z,sell,1.07634,1.076588510773191,1.0755944676804274,6598,A_short
EURUSD,A,2024-02-07T07:00:00Z,sell,1.0769,1.0772784904703203,1.075764528589039,6593,A_short
EURUSD,A,2024-02-07T07:45:00Z,sell,1.07725,1.0776470084631982,1.0760589746104057,6588,A_short
EURUSD,A,2024-02-07T13:00:00Z,sell,1.07764,1.0781753718218061,1.0760338845345814,6592,A_short
EURUSD,A,2024-02-07T13:15:00Z,sell,1.07819,1.0787646555788988,1.0764660332633036,6585,A_short
EURUSD,A,2024-02-07T15:45:00Z,buy,1.07566,1.0746941050783134,1.07855768476506,6610,A_long
EURUSD,A,2024-02-08T08:15:00Z,buy,1.07739,1.07689209081704,1.07888372754888,6616,A_long
EURUSD,A,2024-02-08T08:30:00Z,buy,1.07716,1.0766378120414346,1.0787265638756958,6614,A_long
EURUSD,A,2024-02-08T11:00:00Z,buy,1.07682,1.076236434341405,1.0785706969757853,6612,A_long
EURUSD,A,2024-02-08T12:15:00Z,buy,1.07571,1.0751491079189113,1.077392676243266,6615,A_long
EURUSD,A,2024-02-08T12:30:00Z,buy,1.07544,1.074857893529723,1.0771863194108307,6613,A_long
EURUSD,A,2024-02-08T13:30:00Z,buy,1.07448,1.0737624177205418,1.076632746838375,6614,A_long
EURUSD,A,2024-02-08T16:45:00Z,sell,1.07732,1.0780739720944235,1.0750580837167298,6610,A_short
EURUSD,A,2024-02-09T03:45:00Z,buy,1.07708,1.076817805648178,1.077866583055466,6606,A_long
EURUSD,A,2024-02-09T07:15:00Z,sell,1.0779,1.0781499296172123,1.0771502111483633,6605,A_short
EURUSD,A,2024-02-09T07:30:00Z,sell,1.0781,1.078365939001584,1.077302182995248,6602,A_short
EURUSD,A,2024-02-09T10:00:00Z,buy,1.07637,1.0757939736876263,1.0780980789371213,6610,A_long
EURUSD,A,2024-02-09T13:30:00Z,sell,1.07814,1.078993947403366,1.0755781577899022,6609,A_short
EURUSD,A,2024-02-09T14:00:00Z,sell,1.07942,1.0803647871607505,1.0765856385177488,6595,A_short
EURUSD,A,2024-02-12T07:45:00Z,sell,1.08031,1.080759110133407,1.0789626695997792,6584,A_short
EURUSD,A,2024-02-12T08:45:00Z,buy,1.07753,1.0768671228736744,1.0795186313789773,6608,A_long
EURUSD,A,2024-02-13T00:15:00Z,buy,1.07672,1.0764485907626684,1.0775342277119944,6609,A_long
EURUSD,A,2024-02-13T02:00:00Z,buy,1.07653,1.0762407883161655,1.0773976350515033,6608,A_long
EURUSD,A,2024-02-13T02:15:00Z,buy,1.07637,1.0760753498740103,1.0772539503779692,6606,A_long
EURUSD,A,2024-02-13T06:30:00Z,sell,1.07707,1.0772734784299438,1.0764595647101685,6600,A_short
EURUSD,A,2024-02-13T07:00:00Z,sell,1.07753,1.0777932349096024,1.076740295271193,6595,A_short
EURUSD,A,2024-02-13T11:15:00Z,sell,1.0781,1.0786718545092033,1.0763844364723902,6596,A_short
EURUSD,A,2024-02-13T13:00:00Z,sell,1.07938,1.0799937409373777,1.077538777187867,6584,A_short
EURUSD,A,2024-02-13T13:30:00Z,buy,1.07173,1.0700710568070364,1.076706829578891,6641,A_long
EURUSD,A,2024-02-13T14:00:00Z,buy,1.07081,1.0692644826683961,1.0754465519948118,6636,A_long
EURUSD,A,2024-02-15T13:30:00Z,sell,1.07707,1.0778387147263193,1.074763855821042,6625,A_short
EURUSD,A,2024-02-15T14:30:00Z,sell,1.07769,1.078557691087376,1.0750869267378722,6616,A_short
EURUSD,A,2024-02-16T13:30:00Z,buy,1.07409,1.0732012650738598,1.0767562047784205,6654,A_long
EURUSD,A,2024-02-19T00:00:00Z,sell,1.07876,1.0790881972985888,1.0777754081042332,6640,A_short
EURUSD,A,2024-02-19T06:45:00Z,sell,1.07863,1.0789093488244257,1.0777919535267229,6647,A_short
EURUSD,A,2024-02-19T14:30:00Z,buy,1.07655,1.0760853574111766,1.0779439277664697,6657,A_long
EURUSD,A,2024-02-19T18:00:00Z,sell,1.07797,1.0782767773852235,1.0770496678443298,6656,A_short
EURUSD,A,2024-02-19T18:15:00Z,sell,1.07804,1.0783592070671937,1.0770823787984194,6654,A_short
EURUSD,A,2024-02-20T00:15:00Z,buy,1.07716,1.0768850820241997,1.0779847539274003,6664,A_long
EURUSD,A,2024-02-20T00:45:00Z,buy,1.07696,1.0766709282759543,1.0778272151721366,6663,A_long
EURUSD,A,2024-02-20T01:00:00Z,buy,1.0765,1.0761841378391606,1.0774475864825184,6664,A_long
EURUSD,A,2024-02-20T07:00:00Z,sell,1.07735,1.077620141739111,1.0765395747826674,6656,A_short
EURUSD,A,2024-02-20T09:00:00Z,sell,1.07791,1.0783784138543355,1.0765047584369931,6650,A_short
EURUSD,A,2024-02-20T09:15:00Z,sell,1.07894,1.0795139586737577,1.077218123978727,6640,A_short
EURUSD,A,2024-02-20T09:30:00Z,sell,1.07954,1.0801520975172565,1.0777037074482303,6633,A_short
EURUSD,A,2024-02-20T10:15:00Z,sell,1.08019,1.0807712854060483,1.078446143781855,6624,A_short
EURUSD,A,2024-02-20T10:30:00Z,sell,1.08051,1.0811284473519085,1.0786546579442748,6618,A_short
EURUSD,A,2024-02-20T13:45:00Z,sell,1.0823,1.082998694905391,1.0802039152838274,6603,A_short
EURUSD,A,2024-02-20T14:15:00Z,sell,1.083,1.0837121752844936,1.080863474146519,6594,A_short
EURUSD,A,2024-02-21T02:00:00Z,sell,1.08144,1.0817559378442416,1.080492186467275,6599,A_short
EURUSD,A,2024-02-21T07:30:00Z,buy,1.0808,1.0804615663105888,1.0818153010682336,6600,A_long
EURUSD,A,2024-02-21T08:45:00Z,buy,1.07987,1.0793725777516479,1.0813622667450569,6603,A_long
EURUSD,A,2024-02-21T09:00:00Z,buy,1.07927,1.078720234051428,1.080919297845716,6603,A_long
EURUSD,A,2024-02-22T00:00:00Z,sell,1.08243,1.0827632980578006,1.0814301058265983,6593,A_short
EURUSD,A,2024-02-22T00:30:00Z,sell,1.08302,1.0833700772078592,1.081969768376423,6587,A_short
EURUSD,A,2024-02-22T05:30:00Z,sell,1.08354,1.083810131979711,1.0827296040608665,6590,A_short
EURUSD,A,2024-02-22T07:00:00Z,sell,1.08442,1.0847566273326403,1.0834101180020788,6582,A_short
EURUSD,A,2024-02-22T07:15:00Z,sell,1.08491,1.0852870770216219,1.0837787689351346,6577,A_short
EURUSD,A,2024-02-22T07:30:00Z,sell,1.08527,1.0856661334187387,1.0840815997437836,6572,A_short
EURUSD,A,2024-02-22T08:00:00Z,sell,1.08597,1.086428517990075,1.0845944460297754,6565,A_short
EURUSD,A,2024-02-22T08:15:00Z,sell,1.08857,1.0893487155913983,1.0862338532258051,6546,A_short
EURUSD,A,2024-02-22T13:30:00Z,buy,1.08297,1.0821937868617746,1.0852986394146762,6593,A_long
EURUSD,A,2024-02-22T13:45:00Z,buy,1.08231,1.0814599486135381,1.084860154159386,6591,A_long
EURUSD,A,2024-02-22T14:00:00Z,buy,1.0816,1.0807006221317328,1.0842981336048012,6590,A_long
EURUSD,A,2024-02-22T14:30:00Z,buy,1.08076,1.0798434006233906,1.083509798129828,6589,A_long
EURUSD,A,2024-02-23T12:30:00Z,sell,1.08364,1.0842027796163722,1.081951661150883,6587,A_short
EURUSD,A,2024-02-26T01:00:00Z,buy,1.0814,1.0810909536863453,1.0823271389409637,6610,A_long
EURUSD,A,2024-02-26T06:15:00Z,sell,1.08245,1.0826601104436955,1.0818196686689132,6609,A_short
EURUSD,A,2024-02-26T07:00:00Z,sell,1.0832,1.0834991326354961,1.0823026020935114,6603,A_short
EURUSD,A,2024-02-26T10:00:00Z,sell,1.08451,1.0849500468656526,1.0831898594030427,6592,A_short
EURUSD,A,2024-02-27T02:00:00Z,sell,1.08528,1.0855321910509672,1.0845234268470985,6584,A_short
EURUSD,A,2024-02-27T07:15:00Z,sell,1.08614,1.0865217900387016,1.0849946298838955,6577,A_short
EURUSD,A,2024-02-27T10:00:00Z,buy,1.08441,1.0838372351475336,1.0861282945573996,6585,A_long
EURUSD,A,2024-02-28T02:30:00Z,buy,1.08374,1.083457305383648,1.0845880838490556,6598,A_long
EURUSD,A,2024-02-28T03:15:00Z,buy,1.08331,1.0830477125712223,1.084096862286333,6599,A_long
EURUSD,A,2024-02-28T05:30:00Z,buy,1.08263,1.082372523318072,1.0834024300457836,6601,A_long
EURUSD,A,2024-02-28T06:45:00Z,buy,1.08224,1.0819632571395383,1.0830702285813854,6601,A_long
EURUSD,A,2024-02-28T07:15:00Z,buy,1.08189,1.0815630242514755,1.0828709272455734,6601,A_long
EURUSD,A,2024-02-28T08:45:00Z,buy,1.0809,1.0804442519417714,1.0822672441746857,6604,A_long
EURUSD,A,2024-02-28T09:15:00Z,buy,1.08036,1.0798045270140417,1.0820264189578748,6605,A_long
EURUSD,A,2024-02-28T09:30:00Z,buy,1.08003,1.0794539234121694,1.081758229763492,6602,A_long
EURUSD,A,2024-02-28T13:45:00Z,sell,1.08278,1.0834872389337789,1.0806582831986637,6596,A_short
EURUSD,A,2024-02-28T15:15:00Z,sell,1.08364,1.0843722134817635,1.0814433595547093,6585,A_short
EURUSD,A,2024-02-29T01:45:00Z,buy,1.0829,1.0825299826852486,1.0840100519442541,6585,A_long
EURUSD,A,2024-02-29T10:00:00Z,sell,1.08533,1.0859741730146457,1.0833974809560625,6576,A_short
EURUSD,A,2024-02-29T16:00:00Z,buy,1.08154,1.0806065457552918,1.0843403627341244,6610,A_long
EURUSD,A,2024-02-29T16:30:00Z,buy,1.08052,1.0795919388117525,1.0833041835647421,6610,A_long
EURUSD,A,2024-03-01T01:00:00Z,sell,1.0813,1.081585332835248,1.0804440014942556,6599,A_short
EURUSD,A,2024-03-01T01:30:00Z,sell,1.08167,1.0819522277740308,1.0808233166779073,6594,A_short
EURUSD,A,2024-03-01T01:45:00Z,sell,1.08212,1.0824272640708268,1.0811982077875195,6589,A_short
EURUSD,A,2024-03-01T10:15:00Z,buy,1.08006,1.0793887846805974,1.0820736459582079,6607,A_long
EURUSD,A,2024-03-01T12:00:00Z,sell,1.08228,1.082851042113435,1.0805668736596947,6605,A_short
EURUSD,A,2024-03-01T14:45:00Z,buy,1.07999,1.079298065922308,1.0820658022330762,6629,A_long
EURUSD,A,2024-03-01T15:15:00Z,sell,1.08394,1.0849894082627998,1.0807917752116003,6617,A_short
EURUSD,A,2024-03-04T07:00:00Z,sell,1.08518,1.0854600639102794,1.084339808269162,6602,A_short
EURUSD,A,2024-03-05T01:45:00Z,buy,1.08494,1.0846609324612362,1.0857772026162915,6601,A_long
EURUSD,A,2024-03-05T06:30:00Z,buy,1.08469,1.0844262970465537,1.0854811088603387,6600,A_long
EURUSD,A,2024-03-05T07:30:00Z,buy,1.08445,1.0841491288878344,1.0853526133364964,6600,A_long
EURUSD,A,2024-03-05T09:15:00Z,sell,1.08553,1.0859526565818618,1.084262030254415,6591,A_short
EURUSD,A,2024-03-05T15:00:00Z,sell,1.08694,1.0878170042468527,1.084308987259442,6589,A_short
EURUSD,A,2024-03-06T01:45:00Z,buy,1.08438,1.0841252668811376,1.0851441993565867,6620,A_long
EURUSD,A,2024-03-06T06:30:00Z,sell,1.08594,1.0861798918501544,1.0852203244495364,6614,A_short
EURUSD,A,2024-03-06T07:00:00Z,sell,1.0863,1.0865655187674494,1.0855034436976518,6610,A_short
EURUSD,A,2024-03-06T07:30:00Z,sell,1.08639,1.086698678540884,1.0854639643773476,6607,A_short
EURUSD,A,2024-03-06T08:00:00Z,sell,1.08673,1.0871177629929307,1.0855667110212077,6603,A_short
EURUSD,A,2024-03-06T08:45:00Z,sell,1.08731,1.0877616134208796,1.0859551597373611,6596,A_short
EURUSD,A,2024-03-06T13:45:00Z,sell,1.08847,1.0890809281345681,1.0866372155962958,6586,A_short
EURUSD,A,2024-03-06T15:30:00Z,sell,1.08963,1.0903067904526031,1.087599628642191,6575,A_short
EURUSD,A,2024-03-06T15:45:00Z,sell,1.09052,1.0912745517255893,1.0882563448232319,6565,A_short
EURUSD,A,2024-03-07T00:00:00Z,sell,1.09059,1.090947157856485,1.0895185264305445,6559,A_short
EURUSD,A,2024-03-07T02:15:00Z,buy,1.08937,1.0889803010863264,1.0905390967410207,6572,A_long
EURUSD,A,2024-03-07T07:30:00Z,buy,1.08929,1.088942060287312,1.090333819138064,6579,A_long
EURUSD,A,2024-03-07T08:00:00Z,buy,1.08908,1.088665414171359,1.0903237574859233,6578,A_long
EURUSD,A,2024-03-07T13:15:00Z,buy,1.08807,1.0873772114255258,1.090148365723423,6581,A_long
EURUSD,A,2024-03-07T13:30:00Z,buy,1.08814,1.0873515832354557,1.0905052502936334,6576,A_long
EURUSD,A,2024-03-07T13:45:00Z,buy,1.08723,1.0863453721373948,1.0898838835878153,6576,A_long
EURUSD,A,2024-03-07T14:45:00Z,sell,1.09155,1.092855754397706,1.087632736806882,6565,A_short
EURUSD,A,2024-03-07T15:45:00Z,sell,1.09299,1.0941833382983284,1.0894099851050145,6548,A_short
EURUSD,A,2024-03-07T23:45:00Z,sell,1.09509,1.0953147810888268,1.094415656733519,6528,A_short
EURUSD,A,2024-03-08T00:00:00Z,sell,1.09537,1.09560747694365,1.09465756916905,6524,A_short
EURUSD,A,2024-03-08T07:15:00Z,buy,1.09383,1.0934384555991856,1.0950046332024435,6537,A_long
EURUSD,A,2024-03-08T07:30:00Z,buy,1.09335,1.0929186615192943,1.0946440154421173,6537,A_long
EURUSD,A,2024-03-08T13:30:00Z,sell,1.09721,1.098516938398902,1.0932891848032942,6511,A_short
EURUSD,A,2024-03-11T12:45:00Z,buy,1.09294,1.0925009684143487,1.0942570947569539,6559,A_long
EURUSD,A,2024-03-11T13:15:00Z,buy,1.09268,1.0922405496089997,1.0939983511730011,6557,A_long
EURUSD,A,2024-03-11T13:45:00Z,buy,1.09195,1.0914553017063153,1.093434094881054,6558,A_long
EURUSD,A,2024-03-11T23:45:00Z,sell,1.09304,1.0932610906072915,1.0923767281781256,6548,A_short
EURUSD,A,2024-03-12T01:45:00Z,sell,1.09337,1.0936310818536323,1.0925867544391028,6544,A_short
EURUSD,A,2024-03-12T07:45:00Z,buy,1.09319,1.0928440060434554,1.094227981869634,6543,A_long
EURUSD,A,2024-03-12T08:15:00Z,buy,1.09262,1.092261631205973,1.0936951063820808,6544,A_long
EURUSD,A,2024-03-12T08:45:00Z,buy,1.09248,1.0921132252169308,1.0935803243492073,6542,A_long
EURUSD,A,2024-03-12T12:45:00Z,buy,1.09201,1.0909804461159038,1.0950986616522882,6551,A_long
EURUSD,A,2024-03-12T13:00:00Z,buy,1.09156,1.09047305330045,1.09482084009865,6547,A_long
EURUSD,A,2024-03-12T13:30:00Z,buy,1.09061,1.0895294933678936,1.0938515198963195,6546,A_long
EURUSD,A,2024-03-13T11:15:00Z,sell,1.09387,1.0943287067266578,1.092493879820026,6545,A_short
EURUSD,A,2024-03-13T11:45:00Z,sell,1.0942,1.0946577841635787,1.092826647509264,6540,A_short
EURUSD,A,2024-03-13T17:00:00Z,sell,1.096,1.0966682478355771,1.093995256493269,6526,A_short
EURUSD,A,2024-03-14T07:30:00Z,buy,1.09334,1.0929885577217162,1.0943943268348513,6553,A_long
EURUSD,A,2024-03-14T13:15:00Z,buy,1.09192,1.0911018297889241,1.0943745106332277,6567,A_long
EURUSD,A,2024-03-14T13:45:00Z,buy,1.09118,1.090381996597014,1.093574010208958,6566,A_long
EURUSD,A,2024-03-14T14:15:00Z,buy,1.09045,1.0896611885550906,1.0928164343347277,6565,A_long
EURUSD,A,2024-03-14T15:00:00Z,buy,1.08899,1.0881673811127508,1.0914578566617472,6569,A_long
EURUSD,A,2024-03-15T00:00:00Z,buy,1.08783,1.087566794936189,1.0886196151914336,6570,A_long
EURUSD,A,2024-03-15T07:15:00Z,sell,1.08816,1.088408498285258,1.087414505144226,6566,A_short
EURUSD,A,2024-03-15T08:15:00Z,sell,1.08841,1.0887658960893878,1.087342311731837,6562,A_short
EURUSD,A,2024-03-15T09:00:00Z,sell,1.08864,1.0890287714691511,1.0874736855925469,6558,A_short
EURUSD,A,2024-03-15T09:45:00Z,sell,1.0898,1.0902697810126594,1.0883906569620223,6548,A_short
EURUSD,A,2024-03-17T23:00:00Z,buy,1.08842,1.0881609662028666,1.0891971013914,6564,A_long
EURUSD,A,2024-03-18T07:00:00Z,sell,1.08927,1.0895181414884099,1.0885255755347703,6557,A_short
EURUSD,A,2024-03-18T07:15:00Z,sell,1.08946,1.089723055956622,1.0886708321301344,6554,A_short
EURUSD,A,2024-03-18T11:00:00Z,sell,1.09031,1.0906860397814508,1.089181880655647,6546,A_short
EURUSD,A,2024-03-18T13:00:00Z,buy,1.08893,1.0884844875618687,1.0902665373143938,6561,A_long
EURUSD,A,2024-03-18T16:15:00Z,buy,1.08712,1.0865612090576706,1.0887963728269885,6569,A_long
EURUSD,A,2024-03-19T07:45:00Z,buy,1.08547,1.0849999164051334,1.0868802507845996,6575,A_long
EURUSD,A,2024-03-19T08:15:00Z,buy,1.08502,1.084528248322078,1.0864952550337665,6574,A_long
EURUSD,A,2024-03-19T08:30:00Z,buy,1.08433,1.083785148545801,1.085964554362597,6575,A_long
EURUSD,A,2024-03-19T09:45:00Z,buy,1.08366,1.0830832600875933,1.0853902197372205,6575,A_long
EURUSD,A,2024-03-19T14:15:00Z,sell,1.08624,1.086789186059719,1.0845924418208435,6569,A_short
EURUSD,A,2024-03-20T02:45:00Z,sell,1.08688,1.0871342582365784,1.086117225290265,6561,A_short
EURUSD,A,2024-03-20T07:00:00Z,sell,1.08718,1.0874650546469764,1.086324836059071,6557,A_short
EURUSD,A,2024-03-20T08:00:00Z,buy,1.08566,1.0852600970711648,1.086859708786506,6571,A_long
EURUSD,A,2024-03-20T08:30:00Z,buy,1.08532,1.084902650689008,1.0865720479329761,6570,A_long
EURUSD,A,2024-03-20T09:00:00Z,buy,1.08397,1.0834383909619663,1.0855648271141016,6575,A_long
EURUSD,A,2024-03-20T15:15:00Z,sell,1.08546,1.0858726088618214,1.0842221734145363,6575,A_short
EURUSD,A,2024-03-20T18:00:00Z,sell,1.08757,1.0882769763514264,1.0854490709457205,6559,A_short
EURUSD,A,2024-03-20T18:30:00Z,sell,1.08939,1.0904661733484047,1.0861614799547863,6543,A_short
EURUSD,A,2024-03-20T18:45:00Z,sell,1.09144,1.092687350235284,1.0876979492941476,6524,A_short
EURUSD,A,2024-03-21T08:00:00Z,buy,1.09205,1.091555334211565,1.093533997365305,6513,A_long
EURUSD,A,2024-03-21T08:15:00Z,buy,1.09138,1.0907686229833564,1.0932141310499308,6513,A_long
EURUSD,A,2024-03-21T08:30:00Z,buy,1.08969,1.0888854732522422,1.0921035802432737,6519,A_long
EURUSD,A,2024-03-21T08:45:00Z,buy,1.08915,1.0883234101519432,1.0916297695441706,6517,A_long
EURUSD,A,2024-03-21T13:45:00Z,buy,1.08857,1.0876565917416245,1.0913102247751265,6534,A_long
EURUSD,A,2024-03-21T14:00:00Z,buy,1.08778,1.086840379509408,1.090598861471776,6533,A_long
EURUSD,A,2024-03-22T00:15:00Z,sell,1.08659,1.086782039089828,1.086013882730516,6534,A_short
EURUSD,A,2024-03-22T00:30:00Z,sell,1.08664,1.0868357672111844,1.0860526983664471,6532,A_short
EURUSD,A,2024-03-22T01:30:00Z,buy,1.08541,1.0850962698801256,1.086351190359623,6543,A_long
EURUSD,A,2024-03-22T01:45:00Z,buy,1.08504,1.0847001005627757,1.086059698311673,6542,A_long
EURUSD,A,2024-03-22T02:30:00Z,buy,1.0843,1.0839282550922722,1.0854152347231836,6544,A_long
EURUSD,A,2024-03-22T02:45:00Z,buy,1.0839,1.0835084877466359,1.0850745367600927,6544,A_long
EURUSD,A,2024-03-22T07:15:00Z,buy,1.08234,1.0818327683499702,1.0838616949500897,6550,A_long
EURUSD,A,2024-03-22T08:00:00Z,buy,1.08188,1.0812937102414473,1.083638869275658,6549,A_long
EURUSD,A,2024-03-22T08:30:00Z,buy,1.08146,1.0808625645813539,1.0832523062559387,6548,A_long
EURUSD,A,2024-03-22T08:45:00Z,buy,1.08114,1.0805342226371732,1.0829573320884802,6546,A_long
EURUSD,A,2024-03-22T16:45:00Z,buy,1.08058,1.0800878642569718,1.082056407229085,6559,A_long
EURUSD,A,2024-03-25T02:30:00Z,sell,1.08207,1.0824621076712684,1.0808936769861952,6558,A_short
EURUSD,A,2024-03-25T11:45:00Z,sell,1.08284,1.08327273805146,1.0815417858456202,6560,A_short
EURUSD,A,2024-03-25T12:30:00Z,sell,1.08337,1.0837738534812023,1.082158439556393,6554,A_short
EURUSD,A,2024-03-26T00:30:00Z,sell,1.08399,1.0841763984535189,1.0834308046394434,6547,A_short
EURUSD,A,2024-03-26T00:45:00Z,sell,1.08426,1.0844588786597162,1.0836633640208513,6544,A_short
EURUSD,A,2024-03-26T02:15:00Z,sell,1.08436,1.0846055501278136,1.0836233496165593,6541,A_short
EURUSD,A,2024-03-26T05:45:00Z,sell,1.08471,1.0849542112252182,1.0839773663243457,6543,A_short
EURUSD,A,2024-03-26T10:00:00Z,sell,1.08589,1.0863781773455257,1.084425467963423,6534,A_short
EURUSD,A,2024-03-26T14:15:00Z,buy,1.08422,1.0835962970901178,1.0860911087296463,6540,A_long
EURUSD,A,2024-03-26T15:30:00Z,buy,1.08329,1.0826300367084527,1.0852698898746422,6542,A_long
EURUSD,A,2024-03-26T15:45:00Z,buy,1.08281,1.082084698480659,1.0849859045580235,6540,A_long
EURUSD,A,2024-03-27T01:30:00Z,buy,1.08223,1.0819505063178685,1.0830684810463946,6538,A_long
EURUSD,A,2024-03-27T09:00:00Z,sell,1.08364,1.0841164393535219,1.0822106819394341,6534,A_short
EURUSD,A,2024-03-27T11:45:00Z,buy,1.08209,1.081557830378122,1.0836865088656342,6552,A_long
EURUSD,A,2024-03-27T12:00:00Z,buy,1.08171,1.0811607863277055,1.0833576410168833,6550,A_long
EURUSD,A,2024-03-27T19:45:00Z,sell,1.0827,1.0830100252715056,1.0817699241854832,6540,A_short
EURUSD,A,2024-03-27T22:00:00Z,buy,1.08126,1.0808752224630667,1.0824143326108004,6554,A_long
EURUSD,A,2024-03-28T07:00:00Z,buy,1.08119,1.0808684479144057,1.0821546562567832,6552,A_long
EURUSD,A,2024-03-28T07:15:00Z,buy,1.08041,1.079997988192485,1.0816460354225452,6554,A_long
EURUSD,A,2024-03-28T08:00:00Z,buy,1.07916,1.0786256444618931,1.0807630666143202,6558,A_long
EURUSD,A,2024-03-28T09:00:00Z,buy,1.07814,1.0775909098563188,1.079787270431044,6561,A_long
EURUSD,A,2024-03-28T12:45:00Z,sell,1.08082,1.0815267255553196,1.0786998233340408,6540,A_short
EURUSD,A,2024-03-28T13:00:00Z,sell,1.08087,1.081621162147944,1.0786165135561683,6535,A_short
EURUSD,A,2024-03-28T18:45:00Z,buy,1.07874,1.0782523383497558,1.0802029849507329,6543,A_long
EURUSD,A,2024-03-29T01:15:00Z,buy,1.0781,1.0777605378411677,1.0791183864764973,6544,A_long
EURUSD,A,2024-03-29T01:45:00Z,buy,1.07759,1.0772512928673659,1.0786061213979026,6544,A_long
EURUSD,A,2024-03-29T07:45:00Z,buy,1.0768,1.0764550333227207,1.0778349000318377,6546,A_long
EURUSD,A,2024-03-29T10:15:00Z,sell,1.07848,1.078864967889023,1.0773250963329315,6542,A_short
EURUSD,A,2024-03-29T12:30:00Z,sell,1.07977,1.0804446815851758,1.0777459552444721,6531,A_short
EURUSD,A,2024-04-01T13:45:00Z,buy,1.07734,1.076911285725277,1.078626142824169,6557,A_long
EURUSD,A,2024-04-01T14:00:00Z,buy,1.07501,1.0742571142952402,1.0772686571142795,6568,A_long
EURUSD,A,2024-04-01T14:30:00Z,buy,1.07402,1.0732483658484249,1.0763349024547253,6569,A_long
EURUSD,A,2024-04-01T23:00:00Z,buy,1.07369,1.0734455191104277,1.074423442668717,6566,A_long
EURUSD,A,2024-04-02T00:00:00Z,buy,1.07344,1.073134449803712,1.0743566505888635,6565,A_long
EURUSD,A,2024-04-02T00:15:00Z,buy,1.07325,1.0729198564965505,1.0742404305103486,6564,A_long
EURUSD,A,2024-04-02T05:45:00Z,buy,1.07265,1.0723605471319573,1.0735183586041286,6565,A_long
EURUSD,A,2024-04-02T07:45:00Z,sell,1.07418,1.0746212625201295,1.0728562124396113,6560,A_short
EURUSD,A,2024-04-02T11:45:00Z,sell,1.07515,1.075669518252577,1.073591445242269,6562,A_short
EURUSD,A,2024-04-02T13:15:00Z,sell,1.07602,1.0766368990794801,1.0741693027615595,6553,A_short
EURUSD,A,2024-04-02T13:30:00Z,sell,1.0766,1.0772813125355494,1.0745560623933519,6545,A_short
EURUSD,A,2024-04-02T14:00:00Z,sell,1.07713,1.077935785860035,1.074712642419895,6537,A_short
EURUSD,A,2024-04-03T11:00:00Z,sell,1.07839,1.078885731006182,1.0769028069814541,6524,A_short
EURUSD,A,2024-04-03T14:00:00Z,sell,1.08059,1.0814743821876283,1.077936853437115,6507,A_short
EURUSD,A,2024-04-03T14:30:00Z,sell,1.08182,1.0827524470653742,1.0790226588038774,6494,A_short
EURUSD,A,2024-04-04T00:45:00Z,sell,1.0843,1.084594114837688,1.083417655486936,6473,A_short
EURUSD,A,2024-04-04T05:30:00Z,sell,1.08457,1.0847719767639086,1.0839640697082744,6469,A_short
EURUSD,A,2024-04-04T07:15:00Z,sell,1.08521,1.0856678442484864,1.0838364672545409,6468,A_short
EURUSD,A,2024-04-04T07:30:00Z,sell,1.08524,1.0857141316820216,1.0838176049539352,6464,A_short
EURUSD,A,2024-04-04T07:45:00Z,sell,1.08571,1.0861995807910854,1.0842412576267437,6458,A_short
EURUSD,A,2024-04-04T08:45:00Z,sell,1.08619,1.0867399594464038,1.0845401216607886,6452,A_short
EURUSD,A,2024-04-04T12:45:00Z,sell,1.08696,1.0875115140254907,1.0853054579235275,6444,A_short
EURUSD,A,2024-04-04T13:30:00Z,sell,1.08731,1.0879224433522972,1.0854726699431085,6438,A_short
EURUSD,A,2024-04-04T18:00:00Z,buy,1.08548,1.085104326775841,1.0866070196724773,6459,A_long
EURUSD,A,2024-04-04T18:30:00Z,buy,1.08466,1.0842425387782983,1.0859123836651048,6461,A_long
EURUSD,A,2024-04-04T19:15:00Z,buy,1.08391,1.0834117948728654,1.0854046153814034,6462,A_long
EURUSD,A,2024-04-04T19:45:00Z,buy,1.08336,1.0828005481489524,1.085038355553143,6462,A_long
EURUSD,A,2024-04-05T01:45:00Z,buy,1.08267,1.0822057340239415,1.0840627979281756,6462,A_long
EURUSD,A,2024-04-05T07:45:00Z,sell,1.08391,1.0843207694424306,1.0826776916727079,6462,A_short
EURUSD,A,2024-04-05T08:30:00Z,sell,1.08452,1.084949819397043,1.0832305418088706,6456,A_short
EURUSD,A,2024-04-05T12:30:00Z,buy,1.08159,1.0805809579094288,1.084617126271714,6480,A_long
EURUSD,A,2024-04-05T12:45:00Z,buy,1.08093,1.0798368301881716,1.084209509435485,6477,A_long
EURUSD,A,2024-04-05T13:00:00Z,buy,1.07914,1.0778939194964154,1.0828782415107536,6481,A_long
EURUSD,A,2024-04-07T22:00:00Z,buy,1.08284,1.0824673092798451,1.0839580721604647,6480,A_long
EURUSD,A,2024-04-08T00:00:00Z,buy,1.08232,1.0819691977757802,1.0833724066726593,6481,A_long
EURUSD,A,2024-04-08T02:30:00Z,sell,1.0841,1.0844614396820855,1.0830156809537437,6476,A_short
EURUSD,A,2024-04-08T08:45:00Z,buy,1.08234,1.0818602887241502,1.0837791338275498,6492,A_long
EURUSD,A,2024-04-08T13:00:00Z,sell,1.08367,1.0841692388372375,1.0821722834882872,6492,A_short
EURUSD,A,2024-04-08T13:30:00Z,sell,1.08483,1.0854056060599695,1.0831031818200914,6482,A_short
EURUSD,A,2024-04-08T18:15:00Z,sell,1.08614,1.0865409797617651,1.084937060714705,6470,A_short
EURUSD,A,2024-04-09T09:15:00Z,sell,1.0864,1.0868408930964275,1.0850773207107176,6475,A_short
EURUSD,A,2024-04-09T10:15:00Z,sell,1.08681,1.0872076104242383,1.0856171687272853,6469,A_short
EURUSD,A,2024-04-09T12:30:00Z,sell,1.08779,1.088361074409628,1.0860767767711164,6461,A_short
EURUSD,A,2024-04-09T12:45:00Z,sell,1.08806,1.0886469311550109,1.0862992065349675,6455,A_short
EURUSD,A,2024-04-10T01:15:00Z,buy,1.08538,1.0851468761582417,1.086079371525275,6481,A_long
EURUSD,A,2024-04-10T01:30:00Z,buy,1.08518,1.0849299593371429,1.0859301219885715,6480,A_long
EURUSD,A,2024-04-10T06:15:00Z,buy,1.085,1.084748782125567,1.0857536536232988,6479,A_long
EURUSD,A,2024-04-10T10:15:00Z,sell,1.08656,1.0869851210211097,1.0852846369366709,6474,A_short
EURUSD,A,2024-04-10T12:30:00Z,buy,1.07807,1.0765367081073847,1.0826698756778463,6532,A_long
EURUSD,A,2024-04-10T13:00:00Z,buy,1.07649,1.0748691718673244,1.0813524843980264,6531,A_long
EURUSD,A,2024-04-11T03:15:00Z,sell,1.07479,1.0750491371169422,1.0740125886491731,6531,A_short
EURUSD,A,2024-04-11T06:00:00Z,buy,1.0737,1.0734087714706226,1.0745736855881325,6542,A_long
EURUSD,A,2024-04-11T06:45:00Z,buy,1.07283,1.07240706397658,1.07409880807026,6545,A_long
EURUSD,A,2024-04-11T13:15:00Z,sell,1.07555,1.0768003382757743,1.0717989851726772,6535,A_short
EURUSD,A,2024-04-11T14:15:00Z,buy,1.07109,1.0698147950322097,1.0749156149033714,6585,A_long
EURUSD,A,2024-04-12T06:30:00Z,buy,1.06847,1.067868086211374,1.0702757413658779,6592,A_long
EURUSD,A,2024-04-12T07:00:00Z,buy,1.06783,1.067185984754321,1.0697620457370371,6592,A_long
EURUSD,A,2024-04-14T21:00:00Z,buy,1.06313,1.0626561003345105,1.064551698996468,6617,A_long
EURUSD,A,2024-04-15T05:45:00Z,sell,1.06579,1.066164293611022,1.064667119166934,6606,A_short
EURUSD,A,2024-04-15T06:15:00Z,sell,1.06633,1.0668136249789455,1.0648791250631635,6600,A_short
EURUSD,A,2024-04-15T12:30:00Z,buy,1.06417,1.0634140115916118,1.066437965225165,6621,A_long
EURUSD,A,2024-04-15T14:00:00Z,buy,1.06281,1.0618909369149188,1.0655671892552439,6625,A_long
EURUSD,A,2024-04-16T00:45:00Z,buy,1.06183,1.0615345900576505,1.0627162298270487,6625,A_long
EURUSD,A,2024-04-16T01:00:00Z,buy,1.06137,1.0610246447166303,1.0624060658501089,6625,A_long
EURUSD,A,2024-04-16T01:15:00Z,buy,1.06098,1.0605540254210797,1.062257923736761,6625,A_long
EURUSD,A,2024-04-16T06:15:00Z,buy,1.06052,1.060082928399873,1.0618312148003808,6624,A_long
EURUSD,A,2024-04-16T09:00:00Z,sell,1.06328,1.0640891890228774,1.0608524329313678,6614,A_short
EURUSD,A,2024-04-16T11:45:00Z,sell,1.06424,1.0649416475458935,1.0621350573623198,6603,A_short
EURUSD,A,2024-04-16T12:30:00Z,sell,1.06487,1.0656353865654304,1.0625738403037086,6594,A_short
EURUSD,A,2024-04-16T17:15:00Z,buy,1.06138,1.0605816456850838,1.0637750629447484,6629,A_long
EURUSD,A,2024-04-17T02:15:00Z,sell,1.06325,1.0636929790682492,1.0619210627952524,6612,A_short
EURUSD,A,2024-04-17T05:30:00Z,buy,1.06144,1.0610816537261896,1.062515038821431,6631,A_long
EURUSD,A,2024-04-17T05:45:00Z,buy,1.06118,1.060800099896031,1.0623197003119071,6630,A_long
EURUSD,A,2024-04-17T08:15:00Z,sell,1.0642,1.0650446777471363,1.0616659667585913,6608,A_short
EURUSD,A,2024-04-17T17:30:00Z,sell,1.06623,1.0669943692238575,1.0639368923284276,6590,A_short
EURUSD,A,2024-04-17T18:00:00Z,sell,1.06754,1.0683711928836974,1.0650464213489075,6576,A_short
EURUSD,A,2024-04-18T06:15:00Z,sell,1.06894,1.0693635729371522,1.0676692811885433,6562,A_short
EURUSD,A,2024-04-18T09:30:00Z,buy,1.06722,1.0666711247372533,1.0688666257882402,6580,A_long
EURUSD,A,2024-04-18T12:30:00Z,buy,1.06629,1.06561705574501,1.06830883276497,6581,A_long
EURUSD,A,2024-04-18T13:30:00Z,buy,1.06493,1.0640578415631254,1.0675464753106234,6585,A_long
EURUSD,A,2024-04-18T22:45:00Z,buy,1.06404,1.0638108827527264,1.0647273517418212,6585,A_long
EURUSD,A,2024-04-19T00:15:00Z,buy,1.06371,1.0634207795637907,1.0645776613086277,6585,A_long
EURUSD,A,2024-04-19T01:00:00Z,buy,1.06323,1.0628319859856734,1.0644240420429794,6585,A_long
EURUSD,A,2024-04-19T01:15:00Z,buy,1.06273,1.0623077211875838,1.0639968364372485,6585,A_long
EURUSD,A,2024-04-19T01:30:00Z,buy,1.06145,1.0609013583625726,1.0630959249122822,6590,A_long
EURUSD,A,2024-04-19T07:15:00Z,sell,1.06512,1.0658892891609326,1.0628121325172024,6577,A_short
EURUSD,A,2024-04-19T07:45:00Z,sell,1.06554,1.0662907105253225,1.0632878684240321,6569,A_short
EURUSD,A,2024-04-19T12:30:00Z,sell,1.06729,1.0680228324036953,1.0650915027889143,6553,A_short
EURUSD,A,2024-04-19T16:15:00Z,buy,1.06403,1.063190354781328,1.0665489356560163,6586,A_long
EURUSD,A,2024-04-22T07:15:00Z,buy,1.06567,1.0652272799517115,1.066998160144865,6590,A_long
EURUSD,A,2024-04-22T08:00:00Z,buy,1.0652,1.064674934534492,1.066775196396524,6590,A_long
EURUSD,A,2024-04-22T11:00:00Z,buy,1.06443,1.0638996761675585,1.0660209714973243,6591,A_long
EURUSD,A,2024-04-22T11:15:00Z,buy,1.06367,1.0630650526785508,1.0654848419643472,6592,A_long
EURUSD,A,2024-04-22T13:15:00Z,buy,1.06274,1.0621326660670067,1.0645620017989799,6593,A_long
EURUSD,A,2024-04-23T00:30:00Z,sell,1.06569,1.0659025663161874,1.0650523010514379,6586,A_short
EURUSD,A,2024-04-23T00:45:00Z,sell,1.06586,1.0660748908073623,1.0652153275779133,6583,A_short
EURUSD,A,2024-04-23T05:15:00Z,buy,1.06519,1.0649495367159094,1.065911389852272,6590,A_long
EURUSD,A,2024-04-23T06:00:00Z,buy,1.06414,1.063784563604401,1.0652063091867974,6595,A_long
EURUSD,A,2024-04-23T07:30:00Z,sell,1.06815,1.069140861361269,1.0651774159161929,6576,A_short
EURUSD,A,2024-04-23T13:45:00Z,sell,1.07012,1.0713485845051134,1.0664342464846597,6557,A_short
EURUSD,A,2024-04-24T05:45:00Z,buy,1.07012,1.0698487699458294,1.0709336901625115,6549,A_long
EURUSD,A,2024-04-24T06:00:00Z,buy,1.06963,1.0692682672863856,1.0707151981408436,6550,A_long
EURUSD,A,2024-04-24T06:45:00Z,buy,1.06945,1.0690175654009448,1.0707473037971655,6548,A_long
EURUSD,A,2024-04-24T07:00:00Z,buy,1.06883,1.0683512233474854,1.0702663299575434,6549,A_long
EURUSD,A,2024-04-24T19:00:00Z,sell,1.07025,1.0707888154298943,1.0686335537103167,6536,A_short
EURUSD,A,2024-04-25T06:00:00Z,sell,1.07164,1.0719175460504908,1.0708073618485272,6524,A_short
EURUSD,A,2024-04-25T06:15:00Z,sell,1.07215,1.0724865399104255,1.0711403802687232,6518,A_short
EURUSD,A,2024-04-25T06:30:00Z,sell,1.07242,1.072797001255702,1.0712889962328938,6514,A_short
EURUSD,A,2024-04-25T12:30:00Z,buy,1.0691,1.067995233812101,1.0724142985636966,6540,A_long
EURUSD,A,2024-04-25T13:00:00Z,buy,1.068,1.0667716200633117,1.071685139810065,6540,A_long
EURUSD,A,2024-04-26T00:00:00Z,buy,1.07246,1.0722442045992933,1.07310738620212,6534,A_long
EURUSD,A,2024-04-26T02:30:00Z,buy,1.07215,1.0718561799473083,1.0730314601580748,6534,A_long
EURUSD,A,2024-04-26T03:30:00Z,buy,1.07193,1.0715796451451867,1.0729810645644402,6533,A_long
EURUSD,A,2024-04-26T06:00:00Z,sell,1.07313,1.073436138305019,1.0722115850849425,6531,A_short
EURUSD,A,2024-04-26T06:30:00Z,sell,1.0737,1.0740926994379922,1.0725219016860237,6526,A_short
EURUSD,A,2024-04-26T08:00:00Z,sell,1.07401,1.0746266041320467,1.0721601876038596,6521,A_short
EURUSD,A,2024-04-26T08:15:00Z,sell,1.07466,1.0753183902477739,1.0726848292566782,6512,A_short
EURUSD,A,2024-04-26T11:45:00Z,buy,1.07158,1.0709400870706154,1.0734997387881537,6542,A_long
EURUSD,A,2024-04-26T14:15:00Z,buy,1.06943,1.0684872062355533,1.0722583812933406,6567,A_long
EURUSD,A,2024-04-26T14:45:00Z,buy,1.06798,1.0669837682391488,1.0709686952825535,6569,A_long
EURUSD,A,2024-04-29T04:00:00Z,sell,1.07247,1.0728378866965274,1.071366339910418,6559,A_short
EURUSD,A,2024-04-29T04:15:00Z,sell,1.07269,1.073075501803657,1.0715334945890285,6555,A_short
EURUSD,A,2024-04-29T08:30:00Z,buy,1.07074,1.0699171389414721,1.0732085831755838,6564,A_long
EURUSD,A,2024-04-29T09:00:00Z,buy,1.06978,1.068963539916039,1.0722293802518825,6564,A_long
EURUSD,A,2024-04-29T13:30:00Z,buy,1.06947,1.0686746738988524,1.0718559783034425,6581,A_long
EURUSD,A,2024-04-29T23:00:00Z,buy,1.07167,1.0714183869992002,1.072424839002399,6581,A_long
EURUSD,A,2024-04-29T23:45:00Z,buy,1.07147,1.0712090122184423,1.0722529633446727,6580,A_long
EURUSD,A,2024-04-30T00:00:00Z,buy,1.07121,1.0709198105893167,1.0720805682320498,6580,A_long
EURUSD,A,2024-04-30T01:45:00Z,buy,1.0707,1.07031626068087,1.0718512179573898,6580,A_long
EURUSD,A,2024-04-30T02:15:00Z,buy,1.07031,1.069951724689187,1.0713848259324394,6580,A_long
EURUSD,A,2024-04-30T06:00:00Z,buy,1.06944,1.0690447954354476,1.070625613693657,6582,A_long
EURUSD,A,2024-04-30T06:15:00Z,buy,1.06941,1.068983489377388,1.070689531867836,6580,A_long
EURUSD,A,2024-04-30T09:00:00Z,sell,1.07212,1.07288017618412,1.0698394714476398,6570,A_short
EURUSD,A,2024-04-30T09:30:00Z,sell,1.07316,1.0739300878894056,1.0708497363317828,6559,A_short
EURUSD,A,2024-04-30T20:15:00Z,buy,1.06698,1.0665552196292944,1.0682543411121168,6610,A_long
EURUSD,A,2024-04-30T20:45:00Z,buy,1.06653,1.0661232094104478,1.0677503717686565,6610,A_long
EURUSD,A,2024-05-01T00:15:00Z,buy,1.06605,1.0657197958005689,1.0670406125982932,6610,A_long
EURUSD,A,2024-05-01T06:45:00Z,buy,1.06516,1.0648794579270997,1.0660016262187013,6613,A_long
EURUSD,A,2024-05-01T08:00:00Z,sell,1.0664,1.066732406133825,1.065402781598525,6610,A_short
EURUSD,A,2024-05-01T08:15:00Z,sell,1.0667,1.0670440853159817,1.0656677440520548,6606,A_short
EURUSD,A,2024-05-01T08:30:00Z,sell,1.06659,1.0669628739405175,1.0654713781784473,6604,A_short
EURUSD,A,2024-05-01T12:30:00Z,sell,1.06809,1.0685418370340434,1.0667344888978698,6591,A_short
EURUSD,A,2024-05-01T18:15:00Z,sell,1.06965,1.0705397088640878,1.0669808734077366,6578,A_short
EURUSD,A,2024-05-01T18:30:00Z,sell,1.07242,1.0737777476822095,1.0683467569533713,6556,A_short
EURUSD,A,2024-05-02T13:30:00Z,buy,1.06878,1.0678595035568517,1.0715414893294453,6602,A_long
EURUSD,A,2024-05-02T14:00:00Z,buy,1.06763,1.0666654493382575,1.070523651985228,6603,A_long
EURUSD,A,2024-05-03T01:15:00Z,sell,1.07334,1.0736320060798261,1.0724639817605215,6585,A_short
EURUSD,A,2024-05-03T01:30:00Z,sell,1.0736,1.0739357386025161,1.072592784192452,6581,A_short
EURUSD,A,2024-05-03T08:00:00Z,sell,1.07396,1.0744655673803236,1.0724432978590293,6584,A_short
EURUSD,A,2024-05-03T12:30:00Z,sell,1.07956,1.0807791519126726,1.0759025442619825,6546,A_short
EURUSD,A,2024-05-05T23:45:00Z,buy,1.07583,1.0755447861731722,1.0766856414804837,6590,A_long
EURUSD,A,2024-05-06T01:45:00Z,sell,1.07701,1.0774317233104818,1.0757448300685548,6581,A_short
EURUSD,A,2024-05-06T08:15:00Z,sell,1.07748,1.078053882944106,1.075758351167682,6575,A_short
EURUSD,A,2024-05-06T12:15:00Z,sell,1.07834,1.0788189948902323,1.0769030153293035,6565,A_short
EURUSD,A,2024-05-06T12:30:00Z,sell,1.07877,1.0792677955715344,1.0772766132853968,6559,A_short
EURUSD,A,2024-05-06T19:15:00Z,buy,1.07675,1.0764341882547062,1.077697435235882,6580,A_long
EURUSD,A,2024-05-07T05:45:00Z,buy,1.07583,1.0754591157509519,1.0769426527471446,6583,A_long
EURUSD,A,2024-05-07T12:15:00Z,sell,1.07726,1.0777635963806833,1.0757492108579505,6572,A_short
EURUSD,A,2024-05-07T12:30:00Z,sell,1.07784,1.0783631168632586,1.0762706494102239,6564,A_short
EURUSD,A,2024-05-07T13:30:00Z,sell,1.07853,1.0790691427304995,1.0769125718085015,6557,A_short
EURUSD,A,2024-05-07T17:00:00Z,buy,1.07617,1.0755719234191805,1.0779642297424588,6580,A_long
EURUSD,A,2024-05-07T18:00:00Z,buy,1.07548,1.074941128983214,1.0770966130503579,6580,A_long
EURUSD,A,2024-05-07T18:15:00Z,buy,1.07508,1.0745369784521188,1.0767090646436437,6579,A_long
EURUSD,A,2024-05-08T01:15:00Z,buy,1.0744,1.074052464476522,1.0754426065704343,6579,A_long
EURUSD,A,2024-05-08T01:45:00Z,buy,1.07404,1.073692473317921,1.0750825800462376,6578,A_long
EURUSD,A,2024-05-08T09:30:00Z,sell,1.07501,1.075424398442084,1.0737668046737483,6570,A_short
EURUSD,A,2024-05-08T22:15:00Z,sell,1.07497,1.0751859691304226,1.074322092608732,6567,A_short
EURUSD,A,2024-05-09T06:15:00Z,buy,1.07417,1.0739526423452386,1.0748220729642846,6575,A_long
EURUSD,A,2024-05-09T06:30:00Z,buy,1.07392,1.0736716233658734,1.0746651299023797,6575,A_long
EURUSD,A,2024-05-09T06:45:00Z,buy,1.07374,1.0734780735837568,1.0745257792487293,6574,A_long
EURUSD,A,2024-05-09T07:30:00Z,buy,1.07316,1.0728047607891893,1.0742257176324317,6575,A_long
EURUSD,A,2024-05-09T12:30:00Z,sell,1.07615,1.076981225337612,1.0736563239871635,6554,A_short
EURUSD,A,2024-05-09T22:00:00Z,sell,1.07853,1.0787655884378629,1.0778232346864114,6534,A_short
EURUSD,A,2024-05-10T00:30:00Z,buy,1.07787,1.0776658104766539,1.0784825685700388,6541,A_long
EURUSD,A,2024-05-10T01:45:00Z,buy,1.07761,1.0773308911529984,1.0784473265410046,6541,A_long
EURUSD,A,2024-05-10T06:00:00Z,sell,1.07809,1.0783643059725962,1.0772670820822112,6536,A_short
EURUSD,A,2024-05-10T12:30:00Z,buy,1.0769,1.0764289472511768,1.0783131582464696,6548,A_long
EURUSD,A,2024-05-13T07:30:00Z,sell,1.07776,1.078140967758977,1.076617096723069,6550,A_short
EURUSD,A,2024-05-13T08:45:00Z,sell,1.07837,1.0787905796637154,1.077108261008854,6544,A_short
EURUSD,A,2024-05-13T09:00:00Z,sell,1.07857,1.0790025023752199,1.0772724928743405,6539,A_short
EURUSD,A,2024-05-13T12:00:00Z,sell,1.07962,1.080096352934093,1.078190941197721,6530,A_short
EURUSD,A,2024-05-13T13:00:00Z,sell,1.08011,1.0805483995289014,1.0787948014132955,6524,A_short
EURUSD,A,2024-05-13T23:15:00Z,sell,1.07925,1.079412109484505,1.078763671546485,6526,A_short
EURUSD,A,2024-05-14T00:30:00Z,buy,1.07854,1.0783277126626103,1.0791768620121693,6532,A_long
EURUSD,A,2024-05-14T08:00:00Z,buy,1.0777,1.0773366335783074,1.078790099265078,6535,A_long
EURUSD,A,2024-05-14T13:00:00Z,sell,1.08198,1.083057173231039,1.0787484803068828,6515,A_short
EURUSD,A,2024-05-15T06:45:00Z,sell,1.08304,1.083356786214968,1.082089641355096,6502,A_short
EURUSD,A,2024-05-15T12:30:00Z,sell,1.08637,1.0873612704537912,1.0833961886386267,6480,A_short
EURUSD,A,2024-05-15T22:00:00Z,sell,1.08892,1.0893143493458217,1.0877369519625353,6481,A_short
EURUSD,A,2024-05-16T05:45:00Z,buy,1.08795,1.0876685065725211,1.0887944802824365,6484,A_long
EURUSD,A,2024-05-16T06:30:00Z,buy,1.08768,1.0873853507969864,1.0885639476090407,6484,A_long
EURUSD,A,2024-05-16T08:15:00Z,buy,1.08685,1.0864139592300726,1.0881581223097827,6486,A_long
EURUSD,A,2024-05-16T13:30:00Z,buy,1.08562,1.084957935314544,1.0876061940563682,6490,A_long
EURUSD,A,2024-05-17T08:00:00Z,buy,1.0848,1.084303038345193,1.0862908849644208,6491,A_long
EURUSD,A,2024-05-17T08:30:00Z,buy,1.0843,1.0837774821348338,1.0858675535954987,6490,A_long
EURUSD,A,2024-05-17T13:00:00Z,sell,1.08512,1.0855938400108558,1.083698479967433,6481,A_short
EURUSD,A,2024-05-17T14:00:00Z,sell,1.08601,1.0866004455219762,1.084238663434071,6473,A_short
EURUSD,A,2024-05-17T14:30:00Z,sell,1.08697,1.0875710013031732,1.0851669960904804,6463,A_short
EURUSD,A,2024-05-17T14:45:00Z,sell,1.08764,1.0882608677960834,1.0857773966117494,6455,A_short
EURUSD,A,2024-05-20T07:15:00Z,buy,1.08716,1.0867542446714553,1.0883772659856337,6454,A_long
EURUSD,A,2024-05-20T09:15:00Z,buy,1.08677,1.086359349386042,1.0880019518418742,6453,A_long
EURUSD,A,2024-05-20T11:15:00Z,buy,1.08633,1.085926269170752,1.0875411924877438,6452,A_long
EURUSD,A,2024-05-20T12:00:00Z,buy,1.08569,1.0852634765535236,1.0869695703394293,6453,A_long
EURUSD,A,2024-05-21T02:00:00Z,buy,1.08519,1.084879987591237,1.0861200372262896,6463,A_long
EURUSD,A,2024-05-21T06:15:00Z,sell,1.08629,1.0865828698766145,1.0854113903701565,6462,A_short
EURUSD,A,2024-05-21T09:00:00Z,sell,1.08724,1.087721852507734,1.0857944424767982,6454,A_short
EURUSD,A,2024-05-21T12:15:00Z,buy,1.08583,1.0853701139492078,1.087209658152377,6470,A_long
EURUSD,A,2024-05-21T13:45:00Z,buy,1.08495,1.084322044193454,1.0868338674196383,6472,A_long
EURUSD,A,2024-05-22T11:00:00Z,buy,1.08316,1.0826876856761296,1.0845769429716108,6478,A_long
EURUSD,A,2024-05-22T11:30:00Z,buy,1.08267,1.0822171950189596,1.0840284149431212,6477,A_long
EURUSD,A,2024-05-22T17:00:00Z,sell,1.08452,1.0850203064404194,1.0830190806787416,6463,A_short
EURUSD,A,2024-05-22T18:15:00Z,buy,1.08197,1.081343418430706,1.0838497447078823,6487,A_long
EURUSD,A,2024-05-23T07:15:00Z,buy,1.08137,1.0808784719373112,1.082844584188066,6486,A_long
EURUSD,A,2024-05-23T08:00:00Z,sell,1.08416,1.0849634154529562,1.0817497536411316,6477,A_short
EURUSD,A,2024-05-23T13:00:00Z,sell,1.08592,1.0864953014048784,1.0841940957853649,6461,A_short
EURUSD,A,2024-05-23T14:45:00Z,buy,1.08244,1.0815809061183554,1.085017281644934,6492,A_long
EURUSD,A,2024-05-24T06:00:00Z,sell,1.08143,1.0816755351237797,1.0806933946286605,6492,A_short
EURUSD,A,2024-05-24T06:30:00Z,sell,1.08173,1.0820322908263058,1.080823127521083,6488,A_short
EURUSD,A,2024-05-24T07:45:00Z,sell,1.08243,1.0828180002999461,1.0812659991001616,6482,A_short
EURUSD,A,2024-05-24T10:15:00Z,sell,1.08392,1.0843837466839967,1.0825287599480098,6470,A_short
EURUSD,A,2024-05-24T10:30:00Z,sell,1.0842,1.0846939137927973,1.0827182586216082,6465,A_short
EURUSD,A,2024-05-27T06:00:00Z,buy,1.08449,1.0843164170199688,1.0850107489400933,6460,A_long
EURUSD,A,2024-05-27T09:45:00Z,sell,1.08671,1.0871612182556178,1.0853563452331467,6449,A_short
EURUSD,A,2024-05-28T00:00:00Z,sell,1.08628,1.0864606484830974,1.0857380545507074,6459,A_short
EURUSD,A,2024-05-28T00:15:00Z,sell,1.0863,1.0865112286853513,1.0856663139439462,6457,A_short
EURUSD,A,2024-05-28T00:30:00Z,sell,1.08643,1.0866703981939712,1.0857088054180866,6455,A_short
EURUSD,A,2024-05-28T00:45:00Z,sell,1.0865,1.086781678434775,1.085654964695675,6452,A_short
EURUSD,A,2024-05-28T01:00:00Z,sell,1.08674,1.087034787976805,1.0858556360695852,6449,A_short
EURUSD,A,2024-05-28T01:45:00Z,sell,1.08722,1.08753421901779,1.0862773429466306,6443,A_short
EURUSD,A,2024-05-28T08:30:00Z,buy,1.08677,1.0863483398005775,1.0880349805982674,6444,A_long
EURUSD,A,2024-05-28T11:00:00Z,sell,1.08872,1.089146180016432,1.0874414599507038,6439,A_short
EURUSD,A,2024-05-28T13:45:00Z,buy,1.08641,1.0858137883507277,1.0881986349478172,6460,A_long
EURUSD,A,2024-05-28T18:00:00Z,buy,1.08629,1.0858113719708395,1.0877258840874813,6456,A_long
EURUSD,A,2024-05-28T18:30:00Z,buy,1.08572,1.0852510749469861,1.0871267751590417,6456,A_long
EURUSD,A,2024-05-28T23:15:00Z,buy,1.08522,1.0849647002895724,1.0859858991312832,6456,A_long
EURUSD,A,2024-05-29T00:00:00Z,buy,1.08487,1.084603939714427,1.0856681808567192,6456,A_long
EURUSD,A,2024-05-29T07:00:00Z,sell,1.08551,1.0858376170662547,1.0845271488012358,6456,A_short
EURUSD,A,2024-05-29T07:15:00Z,sell,1.08563,1.0859632681240874,1.0846301956277382,6453,A_short
EURUSD,A,2024-05-29T08:00:00Z,buy,1.08369,1.0830635673870757,1.0855692978387732,6470,A_long
EURUSD,A,2024-05-29T14:15:00Z,buy,1.08207,1.0812159656695715,1.084632102991286,6490,A_long
EURUSD,A,2024-05-29T14:45:00Z,buy,1.08146,1.0806104364362559,1.0840086906912327,6488,A_long
EURUSD,A,2024-05-29T19:00:00Z,buy,1.08038,1.079914944784134,1.0817751656475973,6489,A_long
EURUSD,A,2024-05-30T00:00:00Z,buy,1.07987,1.079640580938445,1.0805582571846652,6488,A_long
EURUSD,A,2024-05-30T00:30:00Z,buy,1.07956,1.0792913252382097,1.0803660242853712,6488,A_long
EURUSD,A,2024-05-30T04:30:00Z,buy,1.07924,1.0789715069038706,1.0800454792883882,6495,A_long
EURUSD,A,2024-05-30T05:15:00Z,buy,1.07903,1.0787098639015713,1.0799904082952858,6494,A_long
EURUSD,A,2024-05-30T07:45:00Z,sell,1.08084,1.081416058593931,1.0791118242182072,6488,A_short
EURUSD,A,2024-05-30T08:45:00Z,sell,1.08149,1.0821242524345929,1.0795872426962216,6480,A_short
EURUSD,A,2024-05-30T12:30:00Z,sell,1.08265,1.0832199623733758,1.0809401128798721,6469,A_short
EURUSD,A,2024-05-30T12:45:00Z,sell,1.08289,1.0834746340569257,1.0811360978292226,6463,A_short
EURUSD,A,2024-05-30T14:15:00Z,sell,1.08371,1.0843990878057768,1.0816427365826695,6455,A_short
EURUSD,A,2024-05-30T19:30:00Z,buy,1.08296,1.082612119417017,1.0840036417489485,6454,A_long
EURUSD,A,2024-05-31T01:30:00Z,buy,1.08254,1.0822616434402421,1.0833750696792739,6454,A_long
EURUSD,A,2024-05-31T01:45:00Z,buy,1.08204,1.081728090981543,1.0829757270553706,6455,A_long
EURUSD,A,2024-05-31T02:30:00Z,buy,1.08149,1.0811693410033927,1.0824519769898222,6456,A_long
EURUSD,A,2024-05-31T02:45:00Z,buy,1.08114,1.080791428869607,1.082185713391179,6456,A_long
EURUSD,A,2024-05-31T08:00:00Z,sell,1.08284,1.0832965128678242,1.0814704613965274,6451,A_short
EURUSD,A,2024-05-31T08:30:00Z,sell,1.08366,1.0841503585540548,1.0821889243378358,6443,A_short
EURUSD,A,2024-05-31T09:00:00Z,sell,1.08411,1.0846731582028233,1.0824205253915298,6437,A_short
EURUSD,A,2024-05-31T09:45:00Z,sell,1.08474,1.0852699255026972,1.0831502234919086,6429,A_short
EURUSD,A,2024-05-31T12:30:00Z,sell,1.08768,1.0884428748409847,1.085391375477046,6408,A_short
EURUSD,A,2024-06-03T08:00:00Z,buy,1.08352,1.0829334126442391,1.0852797620672827,6445,A_long
EURUSD,A,2024-06-03T12:30:00Z,sell,1.08478,1.0852500865143544,1.0833697404569371,6434,A_short
EURUSD,A,2024-06-03T13:15:00Z,sell,1.08521,1.0857082044657886,1.0837153866026341,6428,A_short
EURUSD,A,2024-06-03T14:00:00Z,sell,1.08795,1.0887593615441,1.0855219153676998,6406,A_short
EURUSD,A,2024-06-04T00:00:00Z,sell,1.09129,1.0915788436704077,1.0904234689887773,6382,A_short
EURUSD,A,2024-06-04T00:30:00Z,sell,1.09152,1.0918079759124395,1.0906560722626817,6378,A_short
EURUSD,A,2024-06-04T05:45:00Z,buy,1.0903,1.0900544592819372,1.0910366221541885,6390,A_long
EURUSD,A,2024-06-04T06:00:00Z,buy,1.09016,1.089880531377679,1.0909984058669633,6388,A_long
EURUSD,A,2024-06-04T06:30:00Z,buy,1.08976,1.0894345324570123,1.0907364026289634,6388,A_long
EURUSD,A,2024-06-04T07:00:00Z,buy,1.08929,1.0889154932677114,1.090413520196866,6389,A_long
EURUSD,A,2024-06-04T07:15:00Z,buy,1.08904,1.0885874274986833,1.09039771750395,6387,A_long
EURUSD,A,2024-06-04T07:30:00Z,buy,1.08862,1.0881477704988587,1.0900366885034236,6387,A_long
EURUSD,A,2024-06-04T08:15:00Z,buy,1.08785,1.0872374701588126,1.0896875895235623,6388,A_long
EURUSD,A,2024-06-04T09:00:00Z,buy,1.08714,1.0864430257596775,1.0892309227209673,6388,A_long
EURUSD,A,2024-06-04T14:45:00Z,sell,1.08802,1.0887695153848203,1.0857714538455392,6378,A_short
EURUSD,A,2024-06-05T06:00:00Z,buy,1.08741,1.0871081211185505,1.0883156366443485,6377,A_long
EURUSD,A,2024-06-05T10:15:00Z,buy,1.08666,1.0862341514871576,1.087937545538527,6379,A_long
EURUSD,A,2024-06-05T11:00:00Z,buy,1.08616,1.0857307113532697,1.087447865940191,6379,A_long
EURUSD,A,2024-06-05T12:45:00Z,sell,1.08839,1.0888988621142812,1.0868634136571562,6373,A_short
EURUSD,A,2024-06-05T13:30:00Z,sell,1.08884,1.0893652355748373,1.0872642932754881,6366,A_short
EURUSD,A,2024-06-06T00:30:00Z,sell,1.08787,1.088061897014191,1.0872943089574263,6381,A_short
EURUSD,A,2024-06-06T00:45:00Z,sell,1.08819,1.0884043107456323,1.0875470677631032,6377,A_short
EURUSD,A,2024-06-06T01:00:00Z,sell,1.0888,1.089073735979548,1.0879787920613562,6372,A_short
EURUSD,A,2024-06-06T01:15:00Z,sell,1.08907,1.089364571182275,1.0881862864531748,6368,A_short
EURUSD,A,2024-06-06T01:45:00Z,sell,1.0894,1.0897494334657976,1.088351699602607,6364,A_short
EURUSD,A,2024-06-06T06:00:00Z,buy,1.08825,1.0879783336298294,1.0890649991105115,6376,A_long
EURUSD,A,2024-06-06T06:15:00Z,buy,1.08783,1.0875198891458524,1.088760332562443,6376,A_long
EURUSD,A,2024-06-06T08:00:00Z,buy,1.08728,1.086805811078828,1.0887025667635164,6384,A_long
EURUSD,A,2024-06-06T11:15:00Z,buy,1.0868,1.0863932302790498,1.0880203091628506,6384,A_long
EURUSD,A,2024-06-06T12:15:00Z,sell,1.08897,1.0897290880000012,1.0866927359999963,6368,A_short
EURUSD,A,2024-06-06T12:30:00Z,sell,1.08883,1.0897838762666676,1.085968371199997,6364,A_short
EURUSD,A,2024-06-07T12:30:00Z,buy,1.08326,1.0818911304307135,1.087366608707859,6391,A_long
EURUSD,A,2024-06-09T21:00:00Z,buy,1.07694,1.076122643284892,1.079392070145324,6420,A_long
EURUSD,A,2024-06-10T03:45:00Z,buy,1.07555,1.07515631051094,1.0767310684671798,6422,A_long
EURUSD,A,2024-06-10T04:00:00Z,buy,1.07484,1.0744001357761481,1.0761595926715557,6424,A_long
EURUSD,A,2024-06-10T09:45:00Z,buy,1.07432,1.0736756905479128,1.0762529283562614,6434,A_long
EURUSD,A,2024-06-10T10:15:00Z,buy,1.07355,1.0729220520115434,1.0754338439653697,6434,A_long
EURUSD,A,2024-06-10T22:00:00Z,sell,1.07679,1.0770778025008747,1.0759265924973755,6426,A_short
EURUSD,A,2024-06-11T08:15:00Z,buy,1.07587,1.0754348442458561,1.077175467262432,6429,A_long
EURUSD,A,2024-06-11T08:45:00Z,buy,1.07452,1.073939194122443,1.0762624176326707,6434,A_long
EURUSD,A,2024-06-11T11:00:00Z,buy,1.07287,1.0721133196540549,1.0751400410378353,6440,A_long
EURUSD,A,2024-06-12T00:30:00Z,buy,1.07361,1.073448956643509,1.0740931300694727,6430,A_long
EURUSD,A,2024-06-12T05:45:00Z,sell,1.07458,1.074800665554057,1.0739180033378295,6426,A_short
EURUSD,A,2024-06-12T08:00:00Z,sell,1.07521,1.0756378388297303,1.073926483510809,6426,A_short
EURUSD,A,2024-06-12T11:00:00Z,sell,1.07616,1.0766218904479545,1.0747743286561364,6417,A_short
EURUSD,A,2024-06-12T12:30:00Z,sell,1.0815,1.0827037687862782,1.0778886936411651,6382,A_short
EURUSD,A,2024-06-12T12:45:00Z,sell,1.08265,1.0838945996147744,1.0789162011556763,6368,A_short
EURUSD,A,2024-06-12T18:00:00Z,buy,1.08221,1.0813128330273913,1.0849015009178256,6363,A_long
EURUSD,A,2024-06-12T18:45:00Z,buy,1.08117,1.0800614975292382,1.0844955074122853,6363,A_long
EURUSD,A,2024-06-13T07:30:00Z,sell,1.08146,1.0819186228547855,1.080084131435644,6354,A_short
EURUSD,A,2024-06-13T10:45:00Z,buy,1.07942,1.0788304436214797,1.081188669135561,6374,A_long
EURUSD,A,2024-06-13T11:30:00Z,buy,1.07854,1.0779523984107826,1.0803028047676524,6375,A_long
EURUSD,A,2024-06-13T14:15:00Z,buy,1.07751,1.07638981866021,1.0808705440193696,6391,A_long
EURUSD,A,2024-06-13T15:15:00Z,buy,1.07591,1.0748501556692198,1.0790895329923402,6393,A_long
EURUSD,A,2024-06-13T16:00:00Z,buy,1.07467,1.0736981250386004,1.0775856248841988,6394,A_long
EURUSD,A,2024-06-14T02:00:00Z,sell,1.07427,1.0745309077471166,1.0734872767586505,6390,A_short
EURUSD,A,2024-06-14T05:45:00Z,buy,1.07306,1.0727850355317887,1.0738848934046334,6401,A_long
EURUSD,A,2024-06-14T06:00:00Z,buy,1.07292,1.0726216974608838,1.073814907617349,6400,A_long
EURUSD,A,2024-06-14T06:30:00Z,buy,1.07181,1.0713644305372858,1.0731467083881423,6404,A_long
EURUSD,A,2024-06-14T07:30:00Z,buy,1.07097,1.070297921986675,1.0729862340399747,6406,A_long
EURUSD,A,2024-06-14T08:30:00Z,buy,1.06927,1.068487177676275,1.0716184669711748,6411,A_long
EURUSD,A,2024-06-14T09:00:00Z,buy,1.06815,1.0673442356768466,1.07056729296946,6413,A_long
EURUSD,A,2024-06-14T13:15:00Z,buy,1.06739,1.0665155620412108,1.0700133138763679,6412,A_long
EURUSD,A,2024-06-14T19:45:00Z,sell,1.07059,1.0709655246523606,1.0694634260429179,6408,A_short
EURUSD,A,2024-06-17T06:00:00Z,buy,1.06932,1.068920858981867,1.070517423054399,6422,A_long
EURUSD,A,2024-06-17T15:00:00Z,sell,1.07224,1.07281463688808,1.0705160893357604,6411,A_short
EURUSD,A,2024-06-17T18:00:00Z,sell,1.07311,1.073557184316875,1.0717684470493751,6401,A_short
EURUSD,A,2024-06-17T18:30:00Z,sell,1.07362,1.0740750851091194,1.0722547446726418,6395,A_short
EURUSD,A,2024-06-18T01:30:00Z,buy,1.07275,1.07241813562984,1.0737455931104807,6397,A_long
EURUSD,A,2024-06-18T06:30:00Z,sell,1.07295,1.0733304784582098,1.0718085646253708,6393,A_short
EURUSD,A,2024-06-18T06:45:00Z,sell,1.07331,1.073718414663782,1.0720847560086542,6388,A_short
EURUSD,A,2024-06-18T12:30:00Z,sell,1.07317,1.0739071413195,1.0709585760414997,6396,A_short
EURUSD,A,2024-06-18T13:30:00Z,sell,1.07401,1.0747326380884195,1.0718420857347413,6386,A_short
EURUSD,A,2024-06-18T13:45:00Z,sell,1.07484,1.0756062863432971,1.0725411409701087,6376,A_short
EURUSD,A,2024-06-18T14:15:00Z,sell,1.07575,1.0766253884089654,1.0731238347731038,6365,A_short
EURUSD,A,2024-06-19T06:30:00Z,buy,1.07301,1.072656987111469,1.074069038665593,6397,A_long
EURUSD,A,2024-06-19T10:45:00Z,sell,1.075,1.0756786212616407,1.0729641362150777,6390,A_short
EURUSD,A,2024-06-20T07:45:00Z,buy,1.07247,1.0720749027204686,1.0736552918385944,6417,A_long
EURUSD,A,2024-06-20T08:00:00Z,buy,1.072,1.0715709156910729,1.0732872529267816,6417,A_long
EURUSD,A,2024-06-20T08:15:00Z,buy,1.07146,1.0709894602655965,1.0728716192032108,6417,A_long
EURUSD,A,2024-06-20T15:45:00Z,buy,1.07073,1.0699920001335765,1.0729439995992702,6429,A_long
EURUSD,A,2024-06-21T07:15:00Z,buy,1.06983,1.0692656308288226,1.0715231075135323,6430,A_long
EURUSD,A,2024-06-21T07:30:00Z,buy,1.06799,1.067136880051646,1.0705493598450617,6437,A_long
EURUSD,A,2024-06-24T06:15:00Z,sell,1.07037,1.07068686222013,1.0694194133396102,6437,A_short
EURUSD,A,2024-06-24T06:30:00Z,sell,1.07054,1.0708626139241126,1.0695721582276623,6434,A_short
EURUSD,A,2024-06-24T07:00:00Z,sell,1.0708,1.071174496680778,1.0696765099576662,6430,A_short
EURUSD,A,2024-06-24T07:30:00Z,sell,1.07142,1.0719189775068956,1.0699230674793134,6423,A_short
EURUSD,A,2024-06-24T09:15:00Z,sell,1.07247,1.0730354699966804,1.0707735900099589,6413,A_short
EURUSD,A,2024-06-24T13:45:00Z,sell,1.07427,1.074866806865647,1.072479579403059,6399,A_short
EURUSD,A,2024-06-25T02:45:00Z,sell,1.07369,1.0738951027590133,1.07307469172296,6412,A_short
EURUSD,A,2024-06-25T03:00:00Z,sell,1.07389,1.0741050890578117,1.073244732826565,6409,A_short
EURUSD,A,2024-06-25T05:00:00Z,sell,1.07416,1.074368860183898,1.0735334194483057,6406,A_short
EURUSD,A,2024-06-25T05:15:00Z,sell,1.07433,1.0745443454927117,1.0736869635218649,6403,A_short
EURUSD,A,2024-06-25T06:45:00Z,buy,1.07318,1.0728451913276638,1.0741844260170088,6413,A_long
EURUSD,A,2024-06-25T07:00:00Z,buy,1.07276,1.0723964991506418,1.0738505025480742,6413,A_long
EURUSD,A,2024-06-25T07:15:00Z,buy,1.07248,1.0720729659305563,1.0737011022083314,6412,A_long
EURUSD,A,2024-06-25T11:15:00Z,buy,1.07145,1.0709604319162616,1.0729187042512154,6415,A_long
EURUSD,A,2024-06-25T11:30:00Z,buy,1.07114,1.0706370409940933,1.07264887701772,6413,A_long
EURUSD,A,2024-06-26T00:00:00Z,buy,1.07067,1.0704700118651576,1.0712699644045274,6413,A_long
EURUSD,A,2024-06-26T05:15:00Z,buy,1.07057,1.0702977963316342,1.0713866110050974,6416,A_long
EURUSD,A,2024-06-26T05:45:00Z,buy,1.07037,1.0700823448002053,1.0712329655993844,6415,A_long
EURUSD,A,2024-06-26T06:15:00Z,buy,1.07016,1.0698341612054876,1.0711375163835373,6414,A_long
EURUSD,A,2024-06-26T06:30:00Z,buy,1.06961,1.0692169397114224,1.0707891808657326,6415,A_long
EURUSD,A,2024-06-26T07:00:00Z,buy,1.06897,1.0685249013832463,1.070305295850261,6416,A_long
EURUSD,A,2024-06-26T07:15:00Z,buy,1.06882,1.0683542478654802,1.07021725640356,6413,A_long
EURUSD,A,2024-06-26T13:15:00Z,buy,1.06701,1.0663545766454394,1.0689762700636818,6421,A_long
EURUSD,A,2024-06-27T01:15:00Z,sell,1.06845,1.0687133435932141,1.0676599692203572,6423,A_short
EURUSD,A,2024-06-27T01:45:00Z,sell,1.06886,1.0691537114100143,1.067978865769957,6419,A_short
EURUSD,A,2024-06-27T08:00:00Z,buy,1.06867,1.068252974616261,1.069921076151217,6418,A_long
EURUSD,A,2024-06-27T08:15:00Z,buy,1.06839,1.0679299113340928,1.0697702659977215,6416,A_long
EURUSD,A,2024-06-27T10:45:00Z,sell,1.07036,1.0709107971586949,1.0687076085239153,6412,A_short
EURUSD,A,2024-06-27T12:30:00Z,sell,1.0717,1.0725133286890223,1.0692600139329336,6400,A_short
EURUSD,A,2024-06-27T23:30:00Z,sell,1.07091,1.0710991436094754,1.0703425691715738,6400,A_short
EURUSD,A,2024-06-28T00:45:00Z,buy,1.06976,1.0694390880418858,1.0707227358743427,6409,A_long
EURUSD,A,2024-06-28T01:00:00Z,buy,1.06943,1.0690665429696344,1.070520371091097,6409,A_long
EURUSD,A,2024-06-28T01:15:00Z,buy,1.06888,1.0684743372403498,1.0700969882789508,6409,A_long
EURUSD,A,2024-06-28T07:30:00Z,sell,1.07007,1.0704982278862953,1.0687853163411143,6409,A_short
EURUSD,A,2024-06-28T09:30:00Z,sell,1.07048,1.0710287445535138,1.068833766339459,6403,A_short
EURUSD,A,2024-06-28T14:45:00Z,sell,1.07183,1.0728869201184636,1.0686592396446093,6391,A_short
EURUSD,A,2024-06-30T21:00:00Z,sell,1.07425,1.0750314572459203,1.0719056282622388,6361,A_short
EURUSD,A,2024-07-01T05:30:00Z,sell,1.07612,1.0765015292695022,1.0749754121914934,6345,A_short
EURUSD,A,2024-07-01T06:00:00Z,sell,1.07685,1.0774315930957596,1.0751052207127214,6338,A_short
EURUSD,A,2024-07-01T06:15:00Z,sell,1.07753,1.0781513806829917,1.0756658579510254,6330,A_short
EURUSD,A,2024-07-01T14:30:00Z,buy,1.07373,1.0729195183482394,1.076161444955282,6363,A_long
EURUSD,A,2024-07-01T14:45:00Z,buy,1.07301,1.072167582568474,1.075537252294578,6362,A_long
EURUSD,A,2024-07-01T15:00:00Z,buy,1.07231,1.0714359048926776,1.0749322853219676,6360,A_long
EURUSD,A,2024-07-02T07:15:00Z,buy,1.07161,1.0711179311660188,1.0730862065019433,6359,A_long
EURUSD,A,2024-07-02T12:00:00Z,sell,1.07299,1.0734789406259808,1.071523178122058,6347,A_short
EURUSD,A,2024-07-02T13:30:00Z,sell,1.0743,1.0749480597907446,1.0723558206277664,6336,A_short
EURUSD,A,2024-07-03T00:00:00Z,sell,1.07511,1.07534880312957,1.0743935906112903,6327,A_short
EURUSD,A,2024-07-03T00:15:00Z,sell,1.07511,1.0753662960456272,1.0743411118631185,6325,A_short
EURUSD,A,2024-07-03T05:00:00Z,buy,1.07379,1.0735823308199355,1.0744130075401936,6337,A_long
EURUSD,A,2024-07-03T07:00:00Z,sell,1.07513,1.0755280225185861,1.0739359324442412,6332,A_short
EURUSD,A,2024-07-03T07:15:00Z,sell,1.0755,1.0759542861827747,1.0741371414516756,6327,A_short
EURUSD,A,2024-07-03T07:45:00Z,sell,1.07595,1.0764284638439507,1.0745146084681476,6321,A_short
EURUSD,A,2024-07-03T12:30:00Z,sell,1.07763,1.0782639058223016,1.0757282825330956,6308,A_short
EURUSD,A,2024-07-03T13:15:00Z,sell,1.07831,1.0789417603234361,1.076414719029692,6299,A_short
EURUSD,A,2024-07-03T13:45:00Z,sell,1.07889,1.0794838999762697,1.0771083000711905,6292,A_short
EURUSD,A,2024-07-03T14:00:00Z,sell,1.08138,1.0822480466461004,1.0787758600616988,6274,A_short
EURUSD,A,2024-07-03T23:45:00Z,sell,1.0791,1.079293521409021,1.078519435772937,6301,A_short
EURUSD,A,2024-07-04T00:45:00Z,sell,1.07925,1.0794792477029738,1.0785622568910789,6299,A_short
EURUSD,A,2024-07-04T08:00:00Z,sell,1.07988,1.0802690935721824,1.0787127192834527,6293,A_short
EURUSD,A,2024-07-04T08:15:00Z,sell,1.08028,1.0806905477625581,1.0790483567123252,6288,A_short
EURUSD,A,2024-07-04T14:45:00Z,sell,1.08083,1.081207598755164,1.079697203734508,6282,A_short
EURUSD,A,2024-07-04T15:00:00Z,sell,1.0813,1.0817192522544754,1.0800422432365735,6277,A_short
EURUSD,A,2024-07-05T00:30:00Z,sell,1.08173,1.0819181497513173,1.0811655507460485,6271,A_short
EURUSD,A,2024-07-05T03:15:00Z,sell,1.0824,1.0826770020773888,1.0815689937678337,6266,A_short
EURUSD,A,2024-07-05T07:45:00Z,sell,1.0829,1.0833329090023833,1.08160127299285,6260,A_short
EURUSD,A,2024-07-05T12:30:00Z,sell,1.08326,1.0841911146697516,1.0804666559907448,6255,A_short
EURUSD,A,2024-07-05T19:15:00Z,sell,1.0841,1.084496431441374,1.082910705675878,6245,A_short
EURUSD,A,2024-07-07T21:00:00Z,buy,1.0812,1.0804316660889202,1.0835050017332393,6283,A_long
EURUSD,A,2024-07-08T03:30:00Z,sell,1.08341,1.0837988851623157,1.0822433445130528,6282,A_short
EURUSD,A,2024-07-08T06:00:00Z,buy,1.08166,1.08125502918998,1.08287491243006,6299,A_long
EURUSD,A,2024-07-08T08:00:00Z,sell,1.08416,1.0847654304292371,1.0823437087122887,6290,A_short
EURUSD,A,2024-07-08T18:30:00Z,buy,1.08248,1.0821348445420862,1.0835154663737419,6310,A_long
EURUSD,A,2024-07-09T02:00:00Z,buy,1.08198,1.0817094407093064,1.0827916778720805,6310,A_long
EURUSD,A,2024-07-09T07:30:00Z,buy,1.08205,1.081660570476597,1.083218288570209,6314,A_long
EURUSD,A,2024-07-09T08:00:00Z,buy,1.08184,1.0814537173801995,1.0829988478594013,6312,A_long
EURUSD,A,2024-07-09T11:30:00Z,buy,1.08133,1.0809019313544415,1.0826142059366752,6313,A_long
EURUSD,A,2024-07-09T15:00:00Z,buy,1.08061,1.079845198425116,1.082904404724652,6324,A_long
EURUSD,A,2024-07-11T08:30:00Z,sell,1.0844,1.0847410027324988,1.0833769918025036,6314,A_short
EURUSD,A,2024-07-11T08:45:00Z,sell,1.08473,1.085077535701499,1.0836873928955029,6310,A_short
EURUSD,A,2024-07-11T09:00:00Z,sell,1.08518,1.0855531976079658,1.0840604071761029,6304,A_short
EURUSD,A,2024-07-11T12:30:00Z,sell,1.08972,1.090828207475313,1.086395377574061,6276,A_short
EURUSD,A,2024-07-11T23:15:00Z,sell,1.08717,1.087437606694832,1.0863671799155041,6309,A_short
EURUSD,A,2024-07-12T07:45:00Z,sell,1.08754,1.0879520426599032,1.0863038720202902,6304,A_short
EURUSD,A,2024-07-12T08:00:00Z,sell,1.08777,1.088184436971916,1.0865266890842515,6300,A_short
EURUSD,A,2024-07-12T08:15:00Z,sell,1.08829,1.0887358453756606,1.0869524638730181,6294,A_short
EURUSD,A,2024-07-12T13:15:00Z,sell,1.08944,1.0900675084637135,1.0875574746088594,6284,A_short
EURUSD,A,2024-07-12T14:00:00Z,sell,1.08983,1.0904686655095641,1.087914003471308,6278,A_short
EURUSD,A,2024-07-12T14:45:00Z,sell,1.09092,1.0916004053702257,1.0888787838893224,6268,A_short
EURUSD,A,2024-07-14T21:00:00Z,buy,1.08935,1.0887674253992754,1.091097723802174,6290,A_long
EURUSD,A,2024-07-14T22:00:00Z,buy,1.08874,1.0881684572213077,1.090454628336077,6289,A_long
EURUSD,A,2024-07-15T08:15:00Z,sell,1.09045,1.0909188646773795,1.089043405967861,6289,A_short
EURUSD,A,2024-07-15T08:45:00Z,sell,1.09083,1.0912691028021206,1.089512691593638,6283,A_short
EURUSD,A,2024-07-15T17:30:00Z,buy,1.08948,1.088780835043636,1.0915774948690917,6288,A_long
EURUSD,A,2024-07-16T06:00:00Z,buy,1.08851,1.0882514788392503,1.0892855634822494,6289,A_long
EURUSD,A,2024-07-16T07:45:00Z,sell,1.08992,1.0902840537814806,1.088827838655558,6285,A_short
EURUSD,A,2024-07-16T12:30:00Z,buy,1.08834,1.0876494332788476,1.0904117001634577,6291,A_long
EURUSD,A,2024-07-16T12:45:00Z,buy,1.08806,1.087345508841668,1.0902034734749964,6288,A_long
EURUSD,A,2024-07-16T13:00:00Z,buy,1.08721,1.0864627743294455,1.0894516770116636,6288,A_long
EURUSD,A,2024-07-16T18:30:00Z,sell,1.08972,1.0900999338709552,1.0885801983871346,6286,A_short
EURUSD,A,2024-07-17T02:30:00Z,sell,1.0906,1.0908843125686278,1.0897470622941166,6278,A_short
EURUSD,A,2024-07-17T07:30:00Z,sell,1.09124,1.0917400818796301,1.0897397543611096,6279,A_short
EURUSD,A,2024-07-17T08:30:00Z,sell,1.09324,1.0939705781444764,1.0910482655665708,6264,A_short
EURUSD,A,2024-07-17T08:45:00Z,sell,1.09416,1.094977167725213,1.0917084968243613,6254,A_short
EURUSD,A,2024-07-18T13:15:00Z,buy,1.09152,1.090951059234804,1.0932268222955883,6282,A_long
EURUSD,A,2024-07-18T13:45:00Z,buy,1.09112,1.090506351158586,1.0929609465242425,6281,A_long
EURUSD,A,2024-07-18T18:00:00Z,buy,1.09009,1.0895756394216394,1.091633081735082,6283,A_long
EURUSD,A,2024-07-19T00:45:00Z,buy,1.08919,1.088882521045703,1.0901124368628916,6285,A_long
EURUSD,A,2024-07-19T01:30:00Z,buy,1.0889,1.0885905092555286,1.0898284722334142,6284,A_long
EURUSD,A,2024-07-19T07:00:00Z,buy,1.08823,1.0878269239783418,1.0894392280649747,6285,A_long
EURUSD,A,2024-07-19T11:45:00Z,sell,1.08931,1.0897539818252902,1.0879780545241295,6276,A_short
EURUSD,A,2024-07-19T18:30:00Z,buy,1.0876,1.0872364422653207,1.0886906732040376,6293,A_long
EURUSD,A,2024-07-21T22:00:00Z,sell,1.08878,1.0891438079658073,1.0876885761025783,6292,A_short
EURUSD,A,2024-07-21T22:15:00Z,sell,1.08934,1.0897299669036995,1.0881700992889014,6286,A_short
EURUSD,A,2024-07-21T22:30:00Z,sell,1.08997,1.0903919713165398,1.0887040860503812,6280,A_short
EURUSD,A,2024-07-22T05:00:00Z,buy,1.0885,1.0882201175616821,1.0893396473149537,6295,A_long
EURUSD,A,2024-07-22T12:30:00Z,buy,1.088,1.0875373446360996,1.0893879660917014,6296,A_long
EURUSD,A,2024-07-22T12:45:00Z,buy,1.08781,1.087345032017953,1.089204903946141,6294,A_long
EURUSD,A,2024-07-22T17:00:00Z,sell,1.08912,1.0895376720389816,1.0878669838830557,6283,A_short
EURUSD,A,2024-07-23T03:15:00Z,sell,1.08957,1.089853349091073,1.088719952726781,6277,A_short
EURUSD,A,2024-07-23T06:00:00Z,buy,1.08847,1.0882187109662156,1.0892238671013534,6288,A_long
EURUSD,A,2024-07-23T07:15:00Z,buy,1.08764,1.087249373367281,1.0888118798981568,6291,A_long
EURUSD,A,2024-07-23T08:00:00Z,buy,1.08727,1.0867993787519752,1.0886818637440743,6290,A_long
EURUSD,A,2024-07-23T10:00:00Z,buy,1.08597,1.0853628572314284,1.087791428305715,6294,A_long
EURUSD,A,2024-07-23T14:45:00Z,buy,1.08447,1.0838967493302187,1.086189752009344,6299,A_long
EURUSD,A,2024-07-24T07:30:00Z,buy,1.08322,1.0826482062415006,1.0849353812754985,6302,A_long
EURUSD,A,2024-07-24T07:45:00Z,buy,1.0829,1.0823017787426337,1.0846946637720989,6300,A_long
EURUSD,A,2024-07-24T12:45:00Z,sell,1.08582,1.0863470453202762,1.0842388640391716,6293,A_short
EURUSD,A,2024-07-24T18:15:00Z,buy,1.08411,1.0836570783821955,1.0854687648534131,6300,A_long
EURUSD,A,2024-07-25T05:45:00Z,sell,1.0845,1.0848008391431723,1.0835974825704833,6294,A_short
EURUSD,A,2024-07-25T07:00:00Z,buy,1.08294,1.0825290950742574,1.0841727147772278,6308,A_long
EURUSD,A,2024-07-25T08:00:00Z,sell,1.08552,1.0862178634189459,1.0834264097431625,6299,A_short
EURUSD,A,2024-07-25T15:00:00Z,sell,1.08611,1.0868915314137175,1.083765405758847,6307,A_short
EURUSD,A,2024-07-26T00:00:00Z,sell,1.08538,1.0856224764832083,1.0846525705503751,6306,A_short
EURUSD,A,2024-07-26T01:30:00Z,sell,1.08571,1.0859692671983703,1.084932198404889,6303,A_short
EURUSD,A,2024-07-26T07:00:00Z,buy,1.0849,1.0846004078278542,1.0857987765164374,6305,A_long
EURUSD,A,2024-07-26T08:30:00Z,buy,1.08442,1.0839460315133855,1.0858419054598432,6306,A_long
EURUSD,A,2024-07-26T11:45:00Z,sell,1.0861,1.086528966679956,1.0848130999601322,6303,A_short
EURUSD,A,2024-07-26T14:00:00Z,sell,1.08669,1.087266886132284,1.0849593416031476,6297,A_short
EURUSD,A,2024-07-29T07:15:00Z,buy,1.08509,1.0847001106702363,1.0862596679892915,6316,A_long
EURUSD,A,2024-07-29T07:45:00Z,buy,1.08445,1.0839855942367551,1.0858432172897343,6317,A_long
EURUSD,A,2024-07-29T08:00:00Z,buy,1.08382,1.0833335150051877,1.085279454984437,6317,A_long
EURUSD,A,2024-07-29T08:45:00Z,buy,1.08321,1.082750910360414,1.084587268918758,6317,A_long
EURUSD,A,2024-07-29T11:45:00Z,buy,1.08177,1.0811835331732855,1.083529400480143,6322,A_long
EURUSD,A,2024-07-30T00:00:00Z,buy,1.08175,1.0815385796391475,1.0823842610825576,6319,A_long
EURUSD,A,2024-07-30T00:30:00Z,buy,1.08172,1.0815030664845153,1.082370800546454,6317,A_long
EURUSD,A,2024-07-30T04:00:00Z,sell,1.08241,1.0826383993561668,1.0817248019315,6311,A_short
EURUSD,A,2024-07-30T08:30:00Z,sell,1.08326,1.0838071657105421,1.0816185028683731,6305,A_short
EURUSD,A,2024-07-30T12:15:00Z,buy,1.08156,1.0811109707436517,1.0829070877690452,6323,A_long
EURUSD,A,2024-07-30T12:30:00Z,buy,1.08122,1.080688174644498,1.082815476066506,6322,A_long
EURUSD,A,2024-07-30T12:45:00Z,buy,1.08019,1.0795864180252315,1.0820007459243055,6325,A_long
EURUSD,A,2024-07-31T01:00:00Z,sell,1.08231,1.0825665817204888,1.081540254838534,6322,A_short
EURUSD,A,2024-07-31T02:30:00Z,sell,1.0827,1.0830477982110456,1.0816566053668633,6318,A_short
EURUSD,A,2024-07-31T08:00:00Z,buy,1.08082,1.0801050714745815,1.0829647855762552,6334,A_long
EURUSD,A,2024-07-31T14:45:00Z,buy,1.08215,1.0813187910618753,1.0846436268143738,6338,A_long
EURUSD,A,2024-07-31T16:15:00Z,buy,1.08078,1.0800287988759687,1.0830336033720942,6341,A_long
EURUSD,A,2024-08-01T01:30:00Z,sell,1.08321,1.0835613329696585,1.0821560010910245,6339,A_short
EURUSD,A,2024-08-01T06:15:00Z,buy,1.08176,1.0813513458513928,1.0829859624458218,6353,A_long
EURUSD,A,2024-08-01T06:30:00Z,buy,1.0814,1.080961833071207,1.0827145007863788,6353,A_long
EURUSD,A,2024-08-01T07:15:00Z,buy,1.08087,1.0803569591873903,1.0824091224378292,6352,A_long
EURUSD,A,2024-08-01T07:30:00Z,buy,1.08058,1.080052697962405,1.0821619061127854,6351,A_long
EURUSD,A,2024-08-01T07:45:00Z,buy,1.08009,1.0795143382340842,1.0818169852977475,6350,A_long
EURUSD,A,2024-08-01T08:00:00Z,buy,1.07843,1.0776830931362062,1.0806707205913813,6356,A_long
EURUSD,A,2024-08-01T14:00:00Z,sell,1.08103,1.081917807240544,1.0783665782783678,6353,A_short
EURUSD,A,2024-08-02T04:15:00Z,sell,1.07969,1.0800041320877,1.0787476037369,6376,A_short
EURUSD,A,2024-08-02T05:45:00Z,sell,1.08042,1.0807685561967055,1.0793743314098831,6369,A_short
EURUSD,A,2024-08-02T06:00:00Z,sell,1.08074,1.0811327487038116,1.0795617538885653,6365,A_short
EURUSD,A,2024-08-02T08:15:00Z,sell,1.08102,1.081687408491698,1.079017774524906,6369,A_short
EURUSD,A,2024-08-02T09:00:00Z,sell,1.08213,1.0827964759870403,1.0801305720388792,6358,A_short
EURUSD,A,2024-08-02T11:15:00Z,sell,1.08364,1.0842581413650092,1.0817855759049722,6345,A_short
EURUSD,A,2024-08-02T12:30:00Z,sell,1.08646,1.087513515511886,1.0832994534643419,6324,A_short
EURUSD,A,2024-08-02T12:45:00Z,sell,1.0891,1.0904597134436345,1.0850208596690964,6302,A_short
EURUSD,A,2024-08-05T03:45:00Z,sell,1.09305,1.0936355280361354,1.0912934158915941,6271,A_short
EURUSD,A,2024-08-05T04:15:00Z,sell,1.09388,1.0945099299471417,1.0919902101585748,6262,A_short
EURUSD,A,2024-08-05T06:00:00Z,buy,1.09029,1.089189746608244,1.0935907601752677,6293,A_long
EURUSD,A,2024-08-05T07:30:00Z,sell,1.09585,1.097415002536174,1.091154992391478,6280,A_short
EURUSD,A,2024-08-05T08:00:00Z,sell,1.09668,1.0985276685716152,1.0911369942851548,6265,A_short
EURUSD,A,2024-08-05T12:30:00Z,sell,1.09861,1.0999351420023513,1.0946345739929464,6243,A_short
EURUSD,A,2024-08-05T12:45:00Z,sell,1.0991,1.1005871230687043,1.094638630793887,6233,A_short
EURUSD,A,2024-08-06T00:00:00Z,buy,1.09442,1.0939483113788084,1.0958350658635745,6284,A_long
EURUSD,A,2024-08-06T05:45:00Z,buy,1.09465,1.0942296081935903,1.0959111754192288,6290,A_long
EURUSD,A,2024-08-06T06:00:00Z,buy,1.09455,1.0940976604344448,1.0959070186966653,6288,A_long
EURUSD,A,2024-08-06T06:30:00Z,buy,1.09389,1.0933404649485388,1.0955386051543838,6288,A_long
EURUSD,A,2024-08-06T07:00:00Z,buy,1.09362,1.093018704783569,1.0954238856492928,6286,A_long
EURUSD,A,2024-08-06T07:30:00Z,buy,1.09274,1.0919611604818809,1.0950765185543576,6287,A_long
EURUSD,A,2024-08-06T09:00:00Z,buy,1.0915,1.0906277474821957,1.0941167575534125,6289,A_long
EURUSD,A,2024-08-06T14:45:00Z,sell,1.09337,1.0942007787259729,1.0908776638220812,6273,A_short
EURUSD,A,2024-08-07T07:15:00Z,sell,1.09214,1.0926456052127183,1.0906231843618457,6294,A_short
EURUSD,A,2024-08-07T08:15:00Z,sell,1.09268,1.093218911021836,1.0910632669344924,6287,A_short
EURUSD,A,2024-08-07T14:30:00Z,sell,1.09326,1.0938901970739348,1.0913694087781953,6293,A_short
EURUSD,A,2024-08-08T06:00:00Z,sell,1.09399,1.0943921882886074,1.0927834351341779,6284,A_short
EURUSD,A,2024-08-08T06:45:00Z,sell,1.09428,1.0948120733837245,1.092683779848826,6280,A_short
EURUSD,A,2024-08-08T09:45:00Z,buy,1.09268,1.0921408011903746,1.0942975964288766,6298,A_long
EURUSD,A,2024-08-08T10:00:00Z,buy,1.09224,1.0916686943649914,1.0939539169050263,6297,A_long
EURUSD,A,2024-08-08T12:30:00Z,buy,1.09055,1.0896770983293573,1.0931687050119276,6303,A_long
EURUSD,A,2024-08-08T12:45:00Z,buy,1.08974,1.088790151885443,1.0925895443436706,6302,A_long
EURUSD,A,2024-08-08T13:30:00Z,buy,1.08863,1.0875810055384647,1.0917769833846058,6302,A_long
EURUSD,A,2024-08-09T02:15:00Z,sell,1.09217,1.0924913988521936,1.0912058034434196,6299,A_short
EURUSD,A,2024-08-09T06:30:00Z,sell,1.09261,1.0929201865322367,1.0916794404032903,6294,A_short
EURUSD,A,2024-08-09T12:30:00Z,buy,1.09094,1.0904439061790518,1.0924282814628445,6308,A_long
EURUSD,A,2024-08-09T14:15:00Z,sell,1.09299,1.0935156276790041,1.0914131169629873,6304,A_short
EURUSD,A,2024-08-11T22:00:00Z,buy,1.0913,1.0909951327402814,1.0922146017791556,6323,A_long
EURUSD,A,2024-08-12T01:15:00Z,sell,1.09223,1.0925336521591555,1.0913190435225335,6322,A_short
EURUSD,A,2024-08-12T07:00:00Z,sell,1.09251,1.0928599567549402,1.0914601297351798,6325,A_short
EURUSD,A,2024-08-12T10:00:00Z,sell,1.09289,1.093317671792638,1.0916069846220855,6320,A_short
EURUSD,A,2024-08-12T15:00:00Z,sell,1.0937,1.094386157338544,1.0916415279843674,6312,A_short
EURUSD,A,2024-08-13T09:00:00Z,buy,1.09177,1.0912326711944151,1.0933819864167542,6335,A_long
EURUSD,A,2024-08-13T12:30:00Z,sell,1.09397,1.0945975070579037,1.0920874788262893,6331,A_short
EURUSD,A,2024-08-13T12:45:00Z,sell,1.09409,1.0947458394501832,1.0921224816494504,6326,A_short
EURUSD,A,2024-08-13T13:15:00Z,sell,1.0954,1.096158563853693,1.0931243084389206,6314,A_short
EURUSD,A,2024-08-13T13:45:00Z,sell,1.09586,1.0965816768501073,1.0936949694496783,6307,A_short
EURUSD,A,2024-08-13T18:00:00Z,sell,1.09844,1.0990405452472742,1.0966383642581776,6287,A_short
EURUSD,A,2024-08-13T18:15:00Z,sell,1.09913,1.0997531392143043,1.097260582357087,6279,A_short
EURUSD,A,2024-08-13T18:45:00Z,sell,1.09991,1.1005046245654106,1.0981261263037678,6271,A_short
EURUSD,A,2024-08-14T06:45:00Z,sell,1.09999,1.1003780395603964,1.098825881318811,6280,A_short
EURUSD,A,2024-08-14T07:15:00Z,sell,1.10012,1.1005498608253643,1.098830417523907,6276,A_short
EURUSD,A,2024-08-14T07:30:00Z,sell,1.10041,1.1008585460486493,1.0990643618540525,6271,A_short
EURUSD,A,2024-08-14T08:45:00Z,sell,1.10192,1.1024280926920706,1.100395721923788,6260,A_short
EURUSD,A,2024-08-14T09:15:00Z,sell,1.10253,1.1030836340664885,1.1008690978005347,6253,A_short
EURUSD,A,2024-08-14T13:30:00Z,sell,1.10412,1.1053432705280808,1.1004501884157576,6240,A_short
EURUSD,A,2024-08-15T01:15:00Z,buy,1.10042,1.100155425055197,1.1012137248344087,6281,A_long
EURUSD,A,2024-08-15T12:30:00Z,buy,1.09611,1.0950774934017355,1.099207519794793,6310,A_long
EURUSD,A,2024-08-15T13:00:00Z,buy,1.09524,1.0941872283773035,1.0983983148680894,6308,A_long
EURUSD,A,2024-08-16T01:30:00Z,sell,1.09798,1.0982300625197123,1.0972298124408628,6310,A_short
EURUSD,A,2024-08-16T02:30:00Z,sell,1.09818,1.0984550233209975,1.0973549300370071,6307,A_short
EURUSD,A,2024-08-16T05:30:00Z,sell,1.09849,1.0987120963408592,1.0978237109774223,6303,A_short
EURUSD,A,2024-08-16T10:45:00Z,sell,1.09939,1.0998027266512667,1.0981518200462004,6301,A_short
EURUSD,A,2024-08-16T13:30:00Z,sell,1.09996,1.1004610400475443,1.0984568798573673,6295,A_short
EURUSD,A,2024-08-16T17:15:00Z,sell,1.10113,1.101570849776703,1.099807450669891,6296,A_short
EURUSD,A,2024-08-19T00:30:00Z,sell,1.10301,1.1033730796008883,1.1019207611973354,6282,A_short
EURUSD,A,2024-08-19T00:45:00Z,sell,1.10302,1.1034200023207696,1.1018199930376906,6280,A_short
EURUSD,A,2024-08-19T03:00:00Z,sell,1.10376,1.1041081676850757,1.1027154969447732,6273,A_short
EURUSD,A,2024-08-19T05:30:00Z,sell,1.10478,1.1051236049707096,1.1037491850878716,6264,A_short
EURUSD,A,2024-08-19T14:00:00Z,sell,1.10533,1.1059721877152435,1.1034034368542691,6267,A_short
EURUSD,A,2024-08-19T14:30:00Z,sell,1.10691,1.1077119098838941,1.1045042703483179,6253,A_short
EURUSD,A,2024-08-20T02:45:00Z,buy,1.10761,1.1072728192161545,1.1086215423515364,6244,A_long
EURUSD,A,2024-08-20T12:45:00Z,sell,1.10983,1.1104728534980708,1.107901439505788,6229,A_short
EURUSD,A,2024-08-20T14:30:00Z,sell,1.11125,1.112128924109562,1.1086132276713143,6217,A_short
EURUSD,A,2024-08-21T03:00:00Z,buy,1.11177,1.111433659762254,1.1127790207132375,6209,A_long
EURUSD,A,2024-08-21T07:15:00Z,sell,1.11249,1.112927424669964,1.1111777259901077,6202,A_short
EURUSD,A,2024-08-21T15:15:00Z,sell,1.11372,1.1148355520592774,1.110373343822168,6202,A_short
EURUSD,A,2024-08-21T18:00:00Z,sell,1.11714,1.11789706130439,1.1148688160868303,6177,A_short
EURUSD,A,2024-08-22T01:30:00Z,buy,1.11434,1.1139951383243065,1.1153745850270809,6204,A_long
EURUSD,A,2024-08-22T14:00:00Z,buy,1.11046,1.1094247873824854,1.1135656378525438,6231,A_long
EURUSD,A,2024-08-23T14:00:00Z,sell,1.11653,1.1177960417156843,1.1127318748529473,6213,A_short
EURUSD,A,2024-08-23T14:30:00Z,sell,1.11766,1.1191069379997807,1.1133191860006584,6200,A_short
EURUSD,A,2024-08-26T00:15:00Z,sell,1.11978,1.1202475389562985,1.1183773831311046,6179,A_short
EURUSD,A,2024-08-26T11:00:00Z,buy,1.11696,1.116474249032546,1.1184172529023615,6202,A_long
EURUSD,A,2024-08-26T11:15:00Z,buy,1.11656,1.11605234916154,1.1180829525153801,6201,A_long
EURUSD,A,2024-08-26T23:00:00Z,sell,1.11665,1.1168970871815291,1.1159087384554123,6197,A_short
EURUSD,A,2024-08-27T01:30:00Z,sell,1.11692,1.1172719370807151,1.1158641887578542,6194,A_short
EURUSD,A,2024-08-27T12:15:00Z,buy,1.11547,1.114930001758453,1.117089994724641,6199,A_long
EURUSD,A,2024-08-27T17:00:00Z,sell,1.11758,1.1182029859818496,1.1157110420544512,6196,A_short
EURUSD,A,2024-08-27T17:45:00Z,sell,1.11813,1.1187122519117405,1.1163832442647788,6189,A_short
EURUSD,A,2024-08-27T18:00:00Z,sell,1.11862,1.1192232849901749,1.1168101450294752,6182,A_short
EURUSD,A,2024-08-28T02:45:00Z,buy,1.11665,1.1162160850132137,1.1179517449603587,6203,A_long
EURUSD,A,2024-08-28T05:00:00Z,buy,1.11549,1.1150572029853103,1.1167883910440695,6206,A_long
EURUSD,A,2024-08-28T05:15:00Z,buy,1.11462,1.1141169092539354,1.1161292722381937,6208,A_long
EURUSD,A,2024-08-28T05:30:00Z,buy,1.11449,1.1139659880200774,1.1160620359397677,6205,A_long
EURUSD,A,2024-08-28T05:45:00Z,buy,1.11437,1.1138385229507337,1.1159644311477992,6203,A_long
EURUSD,A,2024-08-28T06:00:00Z,buy,1.1136,1.1130193865573026,1.115341840328092,6203,A_long
EURUSD,A,2024-08-28T10:00:00Z,buy,1.11279,1.112002157630588,1.1151535271082356,6217,A_long
EURUSD,A,2024-08-29T00:15:00Z,sell,1.11311,1.1133874622178883,1.1122776133463352,6210,A_short
EURUSD,A,2024-08-29T07:00:00Z,buy,1.11185,1.1113361034909504,1.113391689527149,6215,A_long
EURUSD,A,2024-08-29T08:00:00Z,buy,1.10875,1.1076333932208402,1.112099820337479,6229,A_long
EURUSD,A,2024-08-29T08:15:00Z,buy,1.10797,1.1067516074580614,1.1116251776258153,6227,A_long
EURUSD,A,2024-08-29T14:15:00Z,buy,1.10608,1.1050123449194573,1.1092829652416278,6230,A_long
EURUSD,A,2024-08-30T08:15:00Z,sell,1.10929,1.109868901837482,1.1075532944875541,6229,A_short
EURUSD,A,2024-08-30T13:00:00Z,buy,1.10603,1.1050402199212193,1.1089993402363425,6257,A_long
EURUSD,A,2024-08-30T16:15:00Z,buy,1.10466,1.1037324114368967,1.1074427656893098,6258,A_long
EURUSD,A,2024-09-02T08:00:00Z,sell,1.10762,1.1082423779107784,1.105752866267665,6256,A_short
EURUSD,A,2024-09-03T04:15:00Z,buy,1.10545,1.105115802186177,1.1064525934414688,6279,A_long
EURUSD,A,2024-09-03T08:45:00Z,buy,1.10485,1.1042961653546906,1.1065115039359288,6279,A_long
EURUSD,A,2024-09-03T09:00:00Z,buy,1.10362,1.1029213433073985,1.1057159700778045,6283,A_long
EURUSD,A,2024-09-03T13:15:00Z,sell,1.10621,1.1069078842901836,1.1041163471294488,6279,A_short
EURUSD,A,2024-09-03T23:15:00Z,sell,1.10493,1.1052474920061355,1.1039775239815934,6298,A_short
EURUSD,A,2024-09-04T01:30:00Z,sell,1.10534,1.1056943078458423,1.104277076462473,6293,A_short
EURUSD,A,2024-09-04T06:15:00Z,buy,1.10486,1.1044931554152184,1.1059605337543446,6293,A_long
EURUSD,A,2024-09-04T14:00:00Z,sell,1.1067,1.1076497798554372,1.1038506604336884,6288,A_short
EURUSD,A,2024-09-04T14:15:00Z,sell,1.10784,1.108903142541379,1.104650572375863,6276,A_short
EURUSD,A,2024-09-04T14:30:00Z,sell,1.10867,1.109778056869195,1.105345829392415,6265,A_short
EURUSD,A,2024-09-05T08:15:00Z,sell,1.10978,1.1103678640682257,1.1080164077953227,6252,A_short
EURUSD,A,2024-09-05T11:15:00Z,sell,1.11079,1.1112622137667278,1.1093733586998162,6243,A_short
EURUSD,A,2024-09-05T12:15:00Z,sell,1.11147,1.1122163588620546,1.109230923413836,6246,A_short
EURUSD,A,2024-09-06T03:30:00Z,sell,1.11152,1.1117642340012062,1.1107872979963818,6258,A_short
EURUSD,A,2024-09-06T12:30:00Z,sell,1.1134,1.1148771943676705,1.1089684168969882,6245,A_short
EURUSD,A,2024-09-06T13:30:00Z,buy,1.10739,1.1055790917859747,1.1128227246420763,6303,A_long
EURUSD,A,2024-09-09T05:30:00Z,buy,1.1071,1.1068297929830782,1.1079106210507654,6335,A_long
EURUSD,A,2024-09-09T06:15:00Z,buy,1.10675,1.1064171985729845,1.1077484042810462,6335,A_long
EURUSD,A,2024-09-09T06:45:00Z,buy,1.10645,1.1060177180392639,1.1077468458822082,6335,A_long
EURUSD,A,2024-09-09T07:00:00Z,buy,1.10555,1.1050273556340289,1.1071179330979135,6337,A_long
EURUSD,A,2024-09-09T08:15:00Z,buy,1.10481,1.1041908524976798,1.106667442506961,6338,A_long
EURUSD,A,2024-09-10T00:00:00Z,buy,1.10326,1.1030309527796895,1.103947141660931,6342,A_long
EURUSD,A,2024-09-10T00:15:00Z,buy,1.10295,1.1026874924090644,1.1037375227728072,6342,A_long
EURUSD,A,2024-09-10T06:45:00Z,sell,1.10496,1.105370410065359,1.1037287698039229,6334,A_short
EURUSD,A,2024-09-10T13:45:00Z,buy,1.10196,1.1012546979935607,1.1040759060193182,6358,A_long
EURUSD,A,2024-09-11T02:00:00Z,sell,1.10418,1.1046760330315812,1.102691900905256,6357,A_short
EURUSD,A,2024-09-11T11:15:00Z,sell,1.10524,1.1057566476478429,1.1036900570564714,6347,A_short
EURUSD,A,2024-09-11T12:30:00Z,buy,1.10087,1.0999102680163153,1.1037491959510541,6381,A_long
EURUSD,A,2024-09-12T13:00:00Z,sell,1.10339,1.1043550285361696,1.1004949143914915,6382,A_short
EURUSD,A,2024-09-12T17:45:00Z,sell,1.10564,1.1064355263748706,1.103253420875388,6363,A_short
EURUSD,A,2024-09-13T00:00:00Z,sell,1.10824,1.1085638956404238,1.1072683130787282,6343,A_short
EURUSD,A,2024-09-13T00:30:00Z,sell,1.10859,1.1089433260588073,1.107530021823578,6338,A_short
EURUSD,A,2024-09-13T06:15:00Z,buy,1.10759,1.1072344825714724,1.1086565522855831,6342,A_long
EURUSD,A,2024-09-13T07:45:00Z,sell,1.10924,1.1097903122562347,1.107589063231296,6338,A_short
EURUSD,A,2024-09-13T09:30:00Z,sell,1.10994,1.110565675041394,1.108062974875818,6330,A_short
EURUSD,A,2024-09-13T16:30:00Z,buy,1.10773,1.1071061276886724,1.109601616933983,6353,A_long
EURUSD,A,2024-09-16T03:15:00Z,sell,1.10969,1.1100168116671492,1.1087095649985528,6351,A_short
EURUSD,A,2024-09-16T03:45:00Z,sell,1.1104,1.1107599607633254,1.109320117710024,6345,A_short
EURUSD,A,2024-09-16T06:45:00Z,sell,1.11145,1.1119120730196819,1.1100637809409546,6336,A_short
EURUSD,A,2024-09-16T07:30:00Z,sell,1.11184,1.1123485079775528,1.1103144760673413,6331,A_short
EURUSD,A,2024-09-16T20:30:00Z,sell,1.11325,1.1136267755230533,1.1121196734308403,6319,A_short
EURUSD,A,2024-09-17T07:00:00Z,buy,1.1117,1.1112314080109515,1.113105775967145,6334,A_long
EURUSD,A,2024-09-17T08:45:00Z,sell,1.11445,1.115060698251418,1.1126179052457459,6326,A_short
EURUSD,A,2024-09-17T12:30:00Z,buy,1.11238,1.1116141064839342,1.114677680548197,6347,A_long
EURUSD,A,2024-09-17T13:15:00Z,buy,1.11194,1.1110960331689492,1.114471900493152,6345,A_long
EURUSD,A,2024-09-17T23:30:00Z,sell,1.11236,1.1125752813150138,1.1117141560549586,6337,A_short
EURUSD,A,2024-09-18T00:45:00Z,sell,1.1127,1.1129730238752862,1.1118809283741415,6333,A_short
EURUSD,A,2024-09-18T04:45:00Z,buy,1.112,1.1117642141300386,1.1127073576098847,6335,A_long
EURUSD,A,2024-09-18T07:45:00Z,sell,1.11311,1.1135978669186888,1.1116463992439338,6327,A_short
EURUSD,A,2024-09-18T12:30:00Z,buy,1.11197,1.1115288918475528,1.1132933244573413,6330,A_long
EURUSD,A,2024-09-18T18:00:00Z,sell,1.11617,1.1174553465923414,1.1123139602229764,6313,A_short
EURUSD,A,2024-09-18T18:15:00Z,sell,1.11715,1.1185013003800293,1.1130960988599126,6300,A_short
EURUSD,A,2024-09-19T00:30:00Z,buy,1.11002,1.109385218503546,1.111924344489362,6332,A_long
EURUSD,A,2024-09-19T00:45:00Z,buy,1.10815,1.1073105227030733,1.11066843189078,6339,A_long
EURUSD,A,2024-09-19T01:30:00Z,buy,1.10755,1.1067062276677488,1.1100813169967536,6337,A_long
EURUSD,A,2024-09-19T08:30:00Z,sell,1.11687,1.1176898234217914,1.114410529734626,6298,A_short
EURUSD,A,2024-09-19T12:30:00Z,buy,1.11323,1.1122491731713162,1.116172480486051,6313,A_long
EURUSD,A,2024-09-19T13:30:00Z,buy,1.11199,1.1109072682458463,1.1152381952624613,6314,A_long
EURUSD,A,2024-09-20T03:00:00Z,sell,1.11637,1.116707076857141,1.1153587694285774,6307,A_short
EURUSD,A,2024-09-20T03:15:00Z,sell,1.11666,1.1170121332761886,1.115603600171434,6303,A_short
EURUSD,A,2024-09-20T06:00:00Z,sell,1.11722,1.117607523649164,1.1160574290525083,6297,A_short
EURUSD,A,2024-09-20T06:30:00Z,sell,1.11762,1.1180213844298166,1.1164158467105505,6292,A_short
EURUSD,A,2024-09-20T07:00:00Z,sell,1.11811,1.1185972620828397,1.1166482137514806,6287,A_short
EURUSD,A,2024-09-20T12:15:00Z,sell,1.11712,1.1176622495932083,1.1154932512203748,6300,A_short
EURUSD,A,2024-09-20T12:45:00Z,sell,1.11744,1.1180057785833433,1.1157426642499702,6294,A_short
EURUSD,A,2024-09-20T14:00:00Z,buy,1.11423,1.1134781561974714,1.116485531407586,6321,A_long
EURUSD,A,2024-09-23T07:00:00Z,buy,1.1138,1.1131732248384716,1.1156803254845848,6336,A_long
EURUSD,A,2024-09-23T07:15:00Z,buy,1.11259,1.1117414615266754,1.1151356154199736,6339,A_long
EURUSD,A,2024-09-23T07:30:00Z,buy,1.11112,1.110119266656452,1.114122200030644,6342,A_long
EURUSD,A,2024-09-23T07:45:00Z,buy,1.11013,1.1090706977689253,1.1133079066932243,6341,A_long
EURUSD,A,2024-09-23T08:00:00Z,buy,1.10868,1.1075139380664019,1.1121781858007949,6343,A_long
EURUSD,A,2024-09-23T23:30:00Z,buy,1.11076,1.1105420316236327,1.1114139051291017,6350,A_long
EURUSD,A,2024-09-24T04:30:00Z,sell,1.11171,1.11204030296684,1.11071909109948,6343,A_short
EURUSD,A,2024-09-24T07:30:00Z,sell,1.11263,1.1132238710080196,1.1108483869759413,6342,A_short
EURUSD,A,2024-09-24T08:00:00Z,sell,1.11368,1.114342240890468,1.1116932773285961,6333,A_short
EURUSD,A,2024-09-24T08:30:00Z,sell,1.11435,1.1150117720466182,1.1123646838601453,6324,A_short
EURUSD,A,2024-09-24T14:00:00Z,sell,1.11552,1.1164148786867698,1.1128353639396908,6328,A_short
EURUSD,A,2024-09-24T19:00:00Z,sell,1.11711,1.1176453070657923,1.1155040788026231,6314,A_short
EURUSD,A,2024-09-24T23:45:00Z,sell,1.11909,1.1194280785171782,1.1180757644484651,6299,A_short
EURUSD,A,2024-09-25T03:15:00Z,sell,1.11979,1.1201829072737333,1.1186112781788005,6292,A_short
EURUSD,A,2024-09-25T09:15:00Z,buy,1.11786,1.1173110364285068,1.1195068907144798,6309,A_long
EURUSD,A,2024-09-25T11:45:00Z,sell,1.11959,1.1201813112112475,1.1178160663662577,6308,A_short
EURUSD,A,2024-09-25T13:00:00Z,sell,1.12056,1.1213801772688825,1.1180994681933525,6299,A_short
EURUSD,A,2024-09-25T15:00:00Z,buy,1.11648,1.1154915065051698,1.1194454804844902,6335,A_long
EURUSD,A,2024-09-25T15:15:00Z,buy,1.11572,1.114715305637814,1.118734083086558,6333,A_long
EURUSD,A,2024-09-25T15:45:00Z,buy,1.11432,1.1132844740124024,1.1174265779627928,6335,A_long
EURUSD,A,2024-09-26T02:30:00Z,sell,1.11417,1.1145110462690884,1.1131468611927353,6329,A_short
EURUSD,A,2024-09-26T05:15:00Z,sell,1.1147,1.115029506871076,1.113711479386772,6324,A_short
EURUSD,A,2024-09-26T05:45:00Z,sell,1.11497,1.1153062962720526,1.1139611111838423,6320,A_short
EURUSD,A,2024-09-26T06:30:00Z,sell,1.11545,1.115834664565837,1.1142960063024892,6315,A_short
EURUSD,A,2024-09-26T15:15:00Z,sell,1.1175,1.1187591118345577,1.1137226644963267,6309,A_short
EURUSD,A,2024-09-27T00:30:00Z,buy,1.11695,1.116645361154835,1.1178639165354953,6305,A_long
EURUSD,A,2024-09-27T01:30:00Z,buy,1.11636,1.1159793538754221,1.1175019383737337,6306,A_long
EURUSD,A,2024-09-27T05:15:00Z,buy,1.11594,1.1155814236176174,1.1170157291471476,6305,A_long
EURUSD,A,2024-09-27T06:45:00Z,buy,1.11509,1.1142406132552276,1.1176381602343168,6316,A_long
EURUSD,A,2024-09-27T07:00:00Z,buy,1.11371,1.1127351981545306,1.1166344055364081,6318,A_long
EURUSD,A,2024-09-27T07:15:00Z,buy,1.11307,1.11205050506726,1.11612848479822,6316,A_long
EURUSD,A,2024-09-27T12:30:00Z,sell,1.11831,1.1192792557222409,1.115402232833277,6303,A_short
EURUSD,A,2024-09-27T12:45:00Z,sell,1.11997,1.1210833549592754,1.1166299351221736,6287,A_short
EURUSD,A,2024-09-30T02:15:00Z,buy,1.11572,1.1152883999360175,1.1170148001919478,6329,A_long
EURUSD,A,2024-09-30T08:00:00Z,sell,1.11838,1.1190931236636774,1.1162406290089675,6321,A_short
EURUSD,A,2024-09-30T08:30:00Z,sell,1.11986,1.1206508351073845,1.1174874946778468,6308,A_short
EURUSD,A,2024-09-30T08:45:00Z,sell,1.12056,1.1214427237597333,1.1179118287208,6299,A_short
EURUSD,A,2024-09-30T13:00:00Z,buy,1.11791,1.117024740961071,1.120565777116787,6328,A_long
EURUSD,A,2024-09-30T13:30:00Z,buy,1.1174,1.1165098276552043,1.1200705170343868,6326,A_long
EURUSD,A,2024-09-30T14:00:00Z,buy,1.11639,1.115515248327687,1.1190142550169393,6326,A_long
EURUSD,A,2024-09-30T14:15:00Z,buy,1.11451,1.1134238818839952,1.117768354348014,6331,A_long
EURUSD,A,2024-09-30T18:00:00Z,buy,1.11253,1.1113601291653874,1.1160396125038379,6336,A_long
EURUSD,A,2024-09-30T18:15:00Z,buy,1.1121,1.1109221119433357,1.1156336641699933,6331,A_long
EURUSD,A,2024-10-01T08:00:00Z,buy,1.1104,1.1094447198890673,1.1132658403327982,6333,A_long
EURUSD,A,2024-10-01T16:30:00Z,buy,1.10537,1.1044094704037999,1.1082515887886002,6356,A_long
EURUSD,A,2024-10-02T12:30:00Z,buy,1.10536,1.1045869517044933,1.1076791448865198,6372,A_long
EURUSD,A,2024-10-02T14:15:00Z,buy,1.10428,1.1034442370345061,1.1067872888964814,6373,A_long
EURUSD,A,2024-10-03T00:15:00Z,buy,1.10382,1.1035224994751014,1.104712501574696,6371,A_long
EURUSD,A,2024-10-03T01:00:00Z,buy,1.10375,1.1034160655842364,1.1047518032472907,6369,A_long
EURUSD,A,2024-10-03T05:00:00Z,buy,1.10275,1.1024287419437324,1.1037137741688023,6372,A_long
EURUSD,A,2024-10-03T14:30:00Z,buy,1.10133,1.1002233732861195,1.1046498801416411,6385,A_long
EURUSD,A,2024-10-04T12:30:00Z,buy,1.09681,1.0954935001148232,1.1007594996555308,6405,A_long
EURUSD,A,2024-10-07T04:45:00Z,buy,1.09684,1.0965626758066218,1.0976719725801347,6396,A_long
EURUSD,A,2024-10-07T05:00:00Z,buy,1.09663,1.0963456523657389,1.0974830429027833,6396,A_long
EURUSD,A,2024-10-07T11:30:00Z,sell,1.09784,1.0985021563625672,1.095853530912298,6386,A_short
EURUSD,A,2024-10-07T18:45:00Z,buy,1.0969,1.0964440583363693,1.0982678249908921,6387,A_long
EURUSD,A,2024-10-08T00:45:00Z,sell,1.09817,1.098468811696008,1.0972735649119765,6387,A_short
EURUSD,A,2024-10-08T01:00:00Z,sell,1.09832,1.0986363034698734,1.0973710895903797,6384,A_short
EURUSD,A,2024-10-08T07:45:00Z,sell,1.09951,1.1000384188289476,1.0979247435131572,6382,A_short
EURUSD,A,2024-10-08T14:30:00Z,buy,1.0968,1.0961371117009313,1.098788664897206,6407,A_long
EURUSD,A,2024-10-09T01:00:00Z,buy,1.09711,1.0968004963414673,1.0980385109755983,6400,A_long
EURUSD,A,2024-10-09T04:15:00Z,buy,1.09651,1.0962105015777863,1.0974084952666414,6401,A_long
EURUSD,A,2024-10-09T07:00:00Z,buy,1.09514,1.0946190582852797,1.0967028251441608,6407,A_long
EURUSD,A,2024-10-09T16:45:00Z,buy,1.09413,1.0935808501815474,1.095777449455358,6421,A_long
EURUSD,A,2024-10-10T07:15:00Z,buy,1.09354,1.0931814454889865,1.0946156635330402,6421,A_long
EURUSD,A,2024-10-10T12:45:00Z,sell,1.09439,1.095502718775477,1.0910518436735692,6413,A_short
EURUSD,A,2024-10-10T16:45:00Z,buy,1.09059,1.0897024759864962,1.0932525720405113,6455,A_long
EURUSD,A,2024-10-11T03:15:00Z,sell,1.09396,1.0942418044319517,1.093114586704145,6450,A_short
EURUSD,A,2024-10-11T08:15:00Z,sell,1.09491,1.0954046880498354,1.093425935850494,6442,A_short
EURUSD,A,2024-10-11T15:15:00Z,sell,1.09498,1.0956346633842653,1.0930160098472044,6450,A_short
EURUSD,A,2024-10-13T23:30:00Z,buy,1.09228,1.0919867734293423,1.093159679711973,6477,A_long
EURUSD,A,2024-10-14T00:00:00Z,buy,1.09176,1.0913977987091505,1.0928466038725486,6477,A_long
EURUSD,A,2024-10-14T06:00:00Z,sell,1.09289,1.0931480252530323,1.0921159242409026,6477,A_short
EURUSD,A,2024-10-14T11:00:00Z,buy,1.09189,1.0914654086663125,1.0931637740010627,6481,A_long
EURUSD,A,2024-10-14T11:30:00Z,buy,1.09147,1.0910306402871413,1.092788079138576,6480,A_long
EURUSD,A,2024-10-14T11:45:00Z,buy,1.09126,1.0908018882488557,1.0926343352534325,6478,A_long
EURUSD,A,2024-10-14T16:00:00Z,buy,1.09039,1.0897833928931937,1.0922098213204188,6480,A_long
EURUSD,A,2024-10-15T03:45:00Z,buy,1.08964,1.0893310659765194,1.0905668020704415,6480,A_long
EURUSD,A,2024-10-15T04:15:00Z,buy,1.08922,1.0889169340001414,1.090129197999576,6480,A_long
EURUSD,A,2024-10-15T08:00:00Z,sell,1.0906,1.0911809644367845,1.0888571066896466,6470,A_short
EURUSD,A,2024-10-15T08:45:00Z,sell,1.09103,1.0916513033681823,1.089166089895453,6463,A_short
EURUSD,A,2024-10-15T16:15:00Z,buy,1.08949,1.0888881461671673,1.0912955614984983,6468,A_long
EURUSD,A,2024-10-15T17:00:00Z,buy,1.08874,1.0882293472975606,1.0902719581073184,6468,A_long
EURUSD,A,2024-10-15T23:45:00Z,buy,1.08832,1.0880475033175434,1.0891374900473696,6467,A_long
EURUSD,A,2024-10-16T03:00:00Z,sell,1.08947,1.0897557162734175,1.0886128511797473,6465,A_short
EURUSD,A,2024-10-16T06:00:00Z,buy,1.08794,1.0875893043788358,1.0889920868634921,6478,A_long
EURUSD,A,2024-10-16T09:15:00Z,sell,1.08955,1.0901271405059827,1.087818578482052,6466,A_short
EURUSD,A,2024-10-16T14:15:00Z,buy,1.08755,1.086835593202999,1.0896932203910032,6474,A_long
EURUSD,A,2024-10-17T03:15:00Z,buy,1.08539,1.0850819586673777,1.0863141239978673,6482,A_long
EURUSD,A,2024-10-17T09:30:00Z,sell,1.08616,1.0866813718075643,1.0845958845773072,6475,A_short
EURUSD,A,2024-10-17T11:00:00Z,sell,1.08671,1.0871342785793665,1.0854371642619007,6468,A_short
EURUSD,A,2024-10-17T12:30:00Z,buy,1.08426,1.0833812165438337,1.086896350368499,6479,A_long
EURUSD,A,2024-10-17T13:00:00Z,buy,1.08198,1.0808091804262574,1.0854924587212276,6487,A_long
EURUSD,A,2024-10-18T12:30:00Z,sell,1.08537,1.0859424497706338,1.0836526506880984,6487,A_short
EURUSD,A,2024-10-18T12:45:00Z,sell,1.08591,1.0864901231345494,1.0841696305963515,6480,A_short
EURUSD,A,2024-10-18T16:30:00Z,sell,1.08664,1.087171597005271,1.0850452089841869,6472,A_short
EURUSD,A,2024-10-21T06:45:00Z,buy,1.08522,1.0849041371987833,1.0861675884036504,6489,A_long
EURUSD,A,2024-10-21T14:15:00Z,buy,1.08404,1.0835456807491775,1.0855229577524672,6494,A_long
EURUSD,A,2024-10-21T14:45:00Z,buy,1.08348,1.0829797335404934,1.0849807993785199,6493,A_long
EURUSD,A,2024-10-21T15:00:00Z,buy,1.08305,1.0825137690684277,1.0846586927947173,6493,A_long
EURUSD,A,2024-10-21T15:15:00Z,buy,1.08255,1.081999933192637,1.0842002004220883,6492,A_long
EURUSD,A,2024-10-21T15:45:00Z,buy,1.08199,1.0814687498202475,1.0835537505392574,6491,A_long
EURUSD,A,2024-10-22T05:30:00Z,sell,1.08227,1.0824738686190067,1.08165839414298,6486,A_short
EURUSD,A,2024-10-22T06:15:00Z,sell,1.08251,1.082777496105469,1.0817075116835932,6483,A_short
EURUSD,A,2024-10-22T07:30:00Z,sell,1.08365,1.0841016519130704,1.0822950442607888,6474,A_short
EURUSD,A,2024-10-22T12:45:00Z,buy,1.08117,1.080628022454375,1.082795932636875,6496,A_long
EURUSD,A,2024-10-22T13:30:00Z,buy,1.08023,1.0795173704688183,1.082367888593545,6498,A_long
EURUSD,A,2024-10-22T19:45:00Z,buy,1.07948,1.0790936385886178,1.0806390842341465,6498,A_long
EURUSD,A,2024-10-23T06:45:00Z,buy,1.07924,1.078865569011031,1.0803632929669071,6506,A_long
EURUSD,A,2024-10-23T07:00:00Z,buy,1.07867,1.0782414931428934,1.0799555205713198,6506,A_long
EURUSD,A,2024-10-23T07:30:00Z,buy,1.07831,1.077877121516218,1.0796086354513466,6505,A_long
EURUSD,A,2024-10-23T11:30:00Z,buy,1.07702,1.076566384309658,1.0783808470710263,6510,A_long
EURUSD,A,2024-10-23T11:45:00Z,buy,1.07631,1.075806199735037,1.0778214007948894,6511,A_long
EURUSD,A,2024-10-24T00:45:00Z,sell,1.07887,1.079163625905304,1.0779891222840883,6504,A_short
EURUSD,A,2024-10-24T04:15:00Z,sell,1.07913,1.0793833941075934,1.0783698176772194,6500,A_short
EURUSD,A,2024-10-24T06:45:00Z,buy,1.07833,1.0780173208327177,1.0792680375018469,6509,A_long
EURUSD,A,2024-10-24T07:15:00Z,buy,1.07728,1.0767032765365745,1.0790101703902766,6513,A_long
EURUSD,A,2024-10-24T17:00:00Z,sell,1.08177,1.0823151846415242,1.080134446075427,6495,A_short
EURUSD,A,2024-10-24T17:30:00Z,sell,1.08235,1.0828743386863002,1.080776983941099,6487,A_short
EURUSD,A,2024-10-25T00:00:00Z,buy,1.08219,1.0819855152917877,1.082803454124637,6485,A_long
EURUSD,A,2024-10-25T06:15:00Z,buy,1.08183,1.081553491629602,1.0826595251111946,6485,A_long
EURUSD,A,2024-10-25T06:30:00Z,buy,1.0816,1.0813030260789882,1.082490921763035,6484,A_long
EURUSD,A,2024-10-25T08:15:00Z,sell,1.08332,1.083872039933373,1.0816638801998812,6479,A_short
EURUSD,A,2024-10-25T12:30:00Z,sell,1.08365,1.0842858691969752,1.0817423924090743,6473,A_short
EURUSD,A,2024-10-25T15:30:00Z,buy,1.08122,1.0804503366498412,1.0835289900504765,6498,A_long
EURUSD,A,2024-10-28T02:45:00Z,buy,1.07884,1.0784447883564536,1.0800256349306392,6507,A_long
EURUSD,A,2024-10-28T03:45:00Z,buy,1.07828,1.0779301384740476,1.0793295845778568,6508,A_long
EURUSD,A,2024-10-28T07:00:00Z,sell,1.0797,1.0800751416264858,1.078574575120543,6505,A_short
EURUSD,A,2024-10-28T07:45:00Z,sell,1.08042,1.0808588344158188,1.0791034967525435,6497,A_short
EURUSD,A,2024-10-28T08:00:00Z,sell,1.0809,1.0813936564937097,1.079419030518871,6491,A_short
EURUSD,A,2024-10-28T08:15:00Z,sell,1.08141,1.0819458356278817,1.0798024931163548,6485,A_short
EURUSD,A,2024-10-28T08:45:00Z,sell,1.08191,1.0824890943160534,1.0801727170518394,6478,A_short
EURUSD,A,2024-10-29T03:30:00Z,buy,1.0807,1.0803906286004843,1.081628114198547,6481,A_long
EURUSD,A,2024-10-29T08:15:00Z,sell,1.0819,1.0824192474723788,1.0803422575828638,6479,A_short
EURUSD,A,2024-10-29T09:00:00Z,sell,1.08221,1.082729178280538,1.0806524651583858,6474,A_short
EURUSD,A,2024-10-29T11:00:00Z,buy,1.08007,1.079463973781105,1.0818880786566856,6495,A_long
EURUSD,A,2024-10-29T12:15:00Z,buy,1.07881,1.0781802490694423,1.0806992527916732,6498,A_long
EURUSD,A,2024-10-29T12:30:00Z,buy,1.0777,1.0769955491935168,1.07981335241945,6501,A_long
EURUSD,A,2024-10-30T00:00:00Z,sell,1.0824,1.082682490617681,1.081552528146957,6468,A_short
EURUSD,A,2024-10-30T03:15:00Z,buy,1.0815,1.0812529669955115,1.082241099013465,6478,A_long
EURUSD,A,2024-10-30T06:30:00Z,sell,1.08233,1.082569744928083,1.0816107652157507,6476,A_short
EURUSD,A,2024-10-30T06:45:00Z,sell,1.08234,1.0826091122710055,1.0815326631869837,6474,A_short
EURUSD,A,2024-10-30T08:00:00Z,sell,1.08379,1.0843509030089724,1.082107290973083,6464,A_short
EURUSD,A,2024-10-30T08:15:00Z,sell,1.08443,1.0850027826077762,1.0827116521766715,6456,A_short
EURUSD,A,2024-10-30T09:00:00Z,sell,1.08448,1.0853468691523807,1.0818793925428585,6452,A_short
EURUSD,A,2024-10-30T12:15:00Z,buy,1.08105,1.0802483775394116,1.0834548673817654,6487,A_long
EURUSD,A,2024-10-31T00:45:00Z,buy,1.08534,1.0850911036024184,1.0860866891927445,6475,A_long
EURUSD,A,2024-10-31T01:30:00Z,buy,1.08503,1.0847053050709667,1.0860040847870995,6475,A_long
EURUSD,A,2024-10-31T01:45:00Z,buy,1.08446,1.0840879310615046,1.0855762068154862,6476,A_long
EURUSD,A,2024-10-31T07:30:00Z,sell,1.08631,1.0867672587615007,1.0849382237154983,6471,A_short
EURUSD,A,2024-10-31T10:00:00Z,sell,1.087,1.087590755162002,1.0852277345139936,6463,A_short
EURUSD,A,2024-10-31T12:30:00Z,sell,1.08793,1.0887305700267604,1.085528289919719,6454,A_short
EURUSD,A,2024-11-01T01:00:00Z,sell,1.0888,1.0890810016762789,1.0879569949711634,6444,A_short
EURUSD,A,2024-11-01T07:45:00Z,buy,1.08679,1.0864357545155208,1.0878527364534374,6460,A_long
EURUSD,A,2024-11-01T08:00:00Z,buy,1.08601,1.085596320580118,1.0872510382596456,6462,A_long
EURUSD,A,2024-11-01T12:30:00Z,sell,1.08995,1.0910796155337532,1.0865611533987403,6436,A_short
EURUSD,A,2024-11-03T22:00:00Z,sell,1.0878,1.0887772400916689,1.0848682797249938,6468,A_short
EURUSD,A,2024-11-04T02:45:00Z,sell,1.08941,1.0899028793974845,1.0879313618075463,6452,A_short
EURUSD,A,2024-11-04T03:00:00Z,sell,1.09001,1.0905291621444866,1.08845251356654,6445,A_short
EURUSD,A,2024-11-04T11:30:00Z,sell,1.09079,1.0913362652632776,1.0891512042101668,6437,A_short
EURUSD,A,2024-11-04T11:45:00Z,sell,1.09134,1.0919054298948407,1.0896437103154777,6430,A_short
EURUSD,A,2024-11-04T16:15:00Z,buy,1.08888,1.0880956419676373,1.0912330740970884,6453,A_long
EURUSD,A,2024-11-04T16:45:00Z,buy,1.0884,1.0876387710779143,1.0906836867662573,6451,A_long
EURUSD,A,2024-11-05T07:00:00Z,sell,1.08859,1.0888955612405995,1.0876733162782013,6445,A_short
EURUSD,A,2024-11-05T07:15:00Z,sell,1.08874,1.0890674864085197,1.087757540774441,6442,A_short
EURUSD,A,2024-11-05T07:30:00Z,sell,1.08892,1.0892558215540504,1.0879125353378492,6438,A_short
EURUSD,A,2024-11-05T09:00:00Z,sell,1.08971,1.0901182674163608,1.0884851977509176,6431,A_short
EURUSD,A,2024-11-05T11:15:00Z,sell,1.0901,1.0905172296765415,1.0888483109703757,6426,A_short
EURUSD,A,2024-11-05T14:15:00Z,sell,1.09073,1.0913284345934726,1.088934696219582,6419,A_short
EURUSD,A,2024-11-05T16:15:00Z,sell,1.09151,1.092361068545067,1.0889567943647986,6410,A_short
EURUSD,A,2024-11-05T17:00:00Z,sell,1.09241,1.0931289089165963,1.0902532732502115,6399,A_short
EURUSD,A,2024-11-05T23:00:00Z,buy,1.09184,1.0914101791521644,1.0931294625435064,6398,A_long
EURUSD,A,2024-11-05T23:15:00Z,buy,1.09173,1.0912694885985428,1.093111534204372,6396,A_long
EURUSD,A,2024-11-06T00:00:00Z,buy,1.08945,1.0881726300595551,1.0932821098213348,6416,A_long
EURUSD,A,2024-11-06T00:15:00Z,buy,1.08785,1.086441612718281,1.092075161845157,6418,A_long
EURUSD,A,2024-11-06T00:30:00Z,buy,1.08506,1.0834140643558434,1.0899978069324694,6425,A_long
EURUSD,A,2024-11-06T00:45:00Z,buy,1.08362,1.081884189108398,1.0888274326748064,6424,A_long
EURUSD,A,2024-11-06T02:15:00Z,buy,1.07823,1.076028272371017,1.084835182886949,6445,A_long
EURUSD,A,2024-11-06T11:30:00Z,buy,1.07106,1.069539149723303,1.0756225508300903,6474,A_long
EURUSD,A,2024-11-06T12:30:00Z,buy,1.06882,1.067304366128341,1.0733669016149774,6478,A_long
EURUSD,A,2024-11-07T00:45:00Z,buy,1.0721,1.0715463112233155,1.0737610663300539,6485,A_long
EURUSD,A,2024-11-07T01:15:00Z,buy,1.0714,1.070698162652179,1.0735055120434627,6485,A_long
EURUSD,A,2024-11-07T07:00:00Z,sell,1.07605,1.0767339627817998,1.0739981116546005,6469,A_short
EURUSD,A,2024-11-07T07:15:00Z,sell,1.07645,1.077177434410893,1.0742676967673204,6462,A_short
EURUSD,A,2024-11-07T12:45:00Z,sell,1.07752,1.0783194536727687,1.075121638981694,6451,A_short
EURUSD,A,2024-11-07T13:00:00Z,sell,1.07919,1.080132193183066,1.0763634204508021,6436,A_short
EURUSD,A,2024-11-07T14:30:00Z,sell,1.08142,1.0827374619211643,1.0774676142365074,6416,A_short
EURUSD,A,2024-11-07T19:30:00Z,buy,1.07757,1.0762129060798054,1.0816412817605836,6462,A_long
EURUSD,A,2024-11-08T08:00:00Z,buy,1.07673,1.0759678885996022,1.0790163342011931,6458,A_long
EURUSD,A,2024-11-08T13:30:00Z,buy,1.07498,1.0740213690981357,1.077855892705593,6482,A_long
EURUSD,A,2024-11-08T16:45:00Z,buy,1.07096,1.0699276831606122,1.0740569505181632,6500,A_long
EURUSD,A,2024-11-08T17:00:00Z,buy,1.06948,1.0682586587391973,1.073144023782408,6502,A_long
EURUSD,A,2024-11-11T08:15:00Z,buy,1.06824,1.0674315650730668,1.0706653047808,6501,A_long
EURUSD,A,2024-11-11T09:15:00Z,buy,1.06706,1.0660888539269502,1.069973438219149,6503,A_long
EURUSD,A,2024-11-11T13:15:00Z,buy,1.0641,1.0633197370260954,1.066440788921714,6515,A_long
EURUSD,A,2024-11-11T23:45:00Z,sell,1.06631,1.0666060391528198,1.065421882541541,6496,A_short
EURUSD,A,2024-11-12T01:45:00Z,buy,1.06481,1.0643004289879192,1.0663387130362425,6510,A_long
EURUSD,A,2024-11-12T06:30:00Z,buy,1.06296,1.0624021861419972,1.064633441574008,6517,A_long
EURUSD,A,2024-11-12T08:15:00Z,buy,1.06195,1.0611280424709402,1.0644158725871793,6520,A_long
EURUSD,A,2024-11-12T15:30:00Z,buy,1.06055,1.0597542456526772,1.062937263041969,6523,A_long
EURUSD,A,2024-11-12T16:30:00Z,buy,1.05983,1.0589648325942935,1.0624255022171196,6522,A_long
EURUSD,A,2024-11-13T06:00:00Z,buy,1.06079,1.060355835520605,1.0620924934381843,6531,A_long
EURUSD,A,2024-11-13T08:00:00Z,buy,1.05962,1.0590202898994532,1.0614191303016405,6535,A_long
EURUSD,A,2024-11-13T09:30:00Z,sell,1.06245,1.0632175907257686,1.0601472278226938,6528,A_short
EURUSD,A,2024-11-13T11:45:00Z,sell,1.06375,1.0646169639211014,1.0611491082366957,6515,A_short
EURUSD,A,2024-11-13T14:45:00Z,buy,1.05854,1.056926734357886,1.0633797969263419,6541,A_long
EURUSD,A,2024-11-13T15:00:00Z,buy,1.05669,1.0548585031101678,1.0621844906694962,6542,A_long
EURUSD,A,2024-11-14T02:45:00Z,buy,1.05493,1.0544015050947277,1.0565154847158165,6541,A_long
EURUSD,A,2024-11-14T08:45:00Z,buy,1.05361,1.0527836059734585,1.056089182079624,6546,A_long
EURUSD,A,2024-11-14T09:15:00Z,buy,1.05234,1.0514770640422868,1.0549288078731398,6548,A_long
EURUSD,A,2024-11-14T10:00:00Z,buy,1.0514,1.0505604591706381,1.0539186224880852,6548,A_long
EURUSD,A,2024-11-14T15:15:00Z,sell,1.05707,1.0584722451494486,1.052863264551654,6507,A_short
EURUSD,A,2024-11-14T20:00:00Z,buy,1.05205,1.0509959786282366,1.05521206411529,6563,A_long
EURUSD,A,2024-11-15T06:45:00Z,sell,1.0554,1.0560149289334173,1.0535552131997477,6561,A_short
EURUSD,A,2024-11-15T07:15:00Z,sell,1.05568,1.0563066799544336,1.053799960136699,6555,A_short
EURUSD,A,2024-11-15T07:30:00Z,sell,1.05573,1.0563931226271759,1.0537406321184726,6550,A_short
EURUSD,A,2024-11-15T08:30:00Z,sell,1.05703,1.0577326027724399,1.05492219168268,6537,A_short
EURUSD,A,2024-11-15T09:00:00Z,sell,1.05777,1.0585257327490771,1.055502801752769,6528,A_short
EURUSD,A,2024-11-15T13:00:00Z,sell,1.05854,1.0594084191941127,1.0559347424176622,6518,A_short
EURUSD,A,2024-11-15T14:00:00Z,buy,1.05486,1.0534994401856186,1.0589416794431439,6556,A_long
EURUSD,A,2024-11-15T14:30:00Z,buy,1.05356,1.0521159350727536,1.0578921947817395,6555,A_long
EURUSD,A,2024-11-15T20:30:00Z,buy,1.05231,1.0515036092820347,1.0547291721538963,6554,A_long
EURUSD,A,2024-11-18T00:45:00Z,sell,1.05487,1.0553799040388157,1.053340287883553,6552,A_short
EURUSD,A,2024-11-18T08:15:00Z,sell,1.05536,1.0560143823338832,1.0533968529983506,6558,A_short
EURUSD,A,2024-11-18T09:15:00Z,sell,1.05676,1.0575967497054428,1.0542497508836712,6544,A_short
EURUSD,A,2024-11-18T16:45:00Z,sell,1.05858,1.0594432716761601,1.0559901849715199,6548,A_short
EURUSD,A,2024-11-19T05:15:00Z,buy,1.05849,1.0580725732875063,1.059742280137481,6543,A_long
EURUSD,A,2024-11-19T07:00:00Z,buy,1.05751,1.056866208386896,1.0594413748393117,6546,A_long
EURUSD,A,2024-11-19T09:15:00Z,buy,1.05345,1.0519438204432192,1.0579685386703424,6566,A_long
EURUSD,A,2024-11-19T13:30:00Z,sell,1.05913,1.060156743373727,1.056049769878819,6558,A_short
EURUSD,A,2024-11-19T23:30:00Z,sell,1.0607,1.0611443024054585,1.0593670927836243,6542,A_short
EURUSD,A,2024-11-20T07:45:00Z,buy,1.05783,1.0571886692616974,1.059753992214908,6567,A_long
EURUSD,A,2024-11-20T08:00:00Z,buy,1.05684,1.0560975133601378,1.0590674599195866,6569,A_long
EURUSD,A,2024-11-20T08:45:00Z,buy,1.05643,1.055669447956214,1.0587116561313576,6566,A_long
EURUSD,A,2024-11-20T14:15:00Z,buy,1.05376,1.052754871813257,1.0567753845602288,6578,A_long
EURUSD,A,2024-11-20T14:45:00Z,buy,1.05249,1.0513274814952909,1.055977555514127,6579,A_long
EURUSD,A,2024-11-21T03:45:00Z,sell,1.0553,1.0555859393304343,1.0544421820086967,6553,A_short
EURUSD,A,2024-11-21T07:00:00Z,buy,1.0536,1.0530836929784029,1.0551489210647917,6569,A_long
EURUSD,A,2024-11-21T07:30:00Z,buy,1.05341,1.0528447738371114,1.0551056784886657,6566,A_long
EURUSD,A,2024-11-21T08:15:00Z,buy,1.05285,1.0522205653689287,1.054738303893214,6565,A_long
EURUSD,A,2024-11-21T09:15:00Z,buy,1.0521,1.0511828112099155,1.0548515663702536,6565,A_long
EURUSD,A,2024-11-21T15:45:00Z,buy,1.05103,1.0499020878863414,1.0544137363409753,6566,A_long
EURUSD,A,2024-11-21T16:00:00Z,buy,1.05036,1.0491624761681626,1.053952571495512,6562,A_long
EURUSD,A,2024-11-21T16:15:00Z,buy,1.04887,1.047441479345741,1.053155561962777,6564,A_long
EURUSD,A,2024-11-21T16:45:00Z,buy,1.04742,1.046060000041912,1.051499999874264,6563,A_long
EURUSD,A,2024-11-22T08:45:00Z,buy,1.04434,1.0428741897107199,1.0487374308678405,6574,A_long
EURUSD,A,2024-11-22T09:00:00Z,buy,1.03398,1.0312216310826237,1.0422551067521286,6629,A_long
EURUSD,A,2024-11-24T22:00:00Z,sell,1.04732,1.0485727964930105,1.0435616105209686,6596,A_short
EURUSD,A,2024-11-24T23:15:00Z,sell,1.04984,1.0512470357969113,1.0456188926092667,6572,A_short
EURUSD,A,2024-11-25T07:45:00Z,buy,1.04504,1.0442574462493373,1.0473876612519881,6628,A_long
EURUSD,A,2024-11-25T13:15:00Z,sell,1.05208,1.053282123398454,1.0484736298046378,6598,A_short
EURUSD,A,2024-11-25T23:30:00Z,buy,1.04679,1.0459612068875692,1.0492763793372928,6653,A_long
EURUSD,A,2024-11-25T23:45:00Z,buy,1.04437,1.0432983793025599,1.0475848620923205,6662,A_long
EURUSD,A,2024-11-26T00:00:00Z,buy,1.04327,1.0420212620622185,1.0470162138133443,6662,A_long
EURUSD,A,2024-11-26T09:00:00Z,sell,1.05156,1.0528264568675867,1.0477606293972401,6632,A_short
EURUSD,A,2024-11-26T16:00:00Z,buy,1.04675,1.0452208743291864,1.051337377012441,6654,A_long
EURUSD,A,2024-11-27T08:00:00Z,sell,1.05101,1.0518783427705805,1.0484049716882586,6655,A_short
EURUSD,A,2024-11-27T08:15:00Z,sell,1.05292,1.0541298970678366,1.0492903087964907,6637,A_short
EURUSD,A,2024-11-27T13:30:00Z,sell,1.05489,1.0560770860963486,1.0513287417109545,6617,A_short
EURUSD,A,2024-11-27T13:45:00Z,sell,1.05726,1.0586754746168354,1.053013576149494,6594,A_short
EURUSD,A,2024-11-28T00:00:00Z,buy,1.0557,1.0553274939115533,1.0568175182653403,6594,A_long
EURUSD,A,2024-11-28T00:45:00Z,buy,1.05517,1.0547218115922021,1.0565145652233934,6595,A_long
EURUSD,A,2024-11-28T06:00:00Z,buy,1.0547,1.0542103949626764,1.0561688151119706,6594,A_long
EURUSD,A,2024-11-28T07:30:00Z,buy,1.05326,1.0525836660410999,1.0552890018767007,6600,A_long
EURUSD,A,2024-11-28T11:00:00Z,sell,1.05546,1.0562846984599423,1.0529859046201733,6598,A_short
EURUSD,A,2024-11-29T00:30:00Z,sell,1.05688,1.05730974647904,1.0555907605628803,6583,A_short
EURUSD,A,2024-11-29T06:45:00Z,sell,1.05801,1.0584920952601327,1.0565637142196016,6573,A_short
EURUSD,A,2024-11-29T07:00:00Z,sell,1.0585,1.0590111492254486,1.0569665523236542,6567,A_short
EURUSD,A,2024-11-29T07:15:00Z,sell,1.05952,1.060172329328722,1.0575630120138342,6557,A_short
EURUSD,A,2024-12-01T22:45:00Z,buy,1.05608,1.055603409122243,1.0575097726332705,6589,A_long
EURUSD,A,2024-12-01T23:00:00Z,buy,1.05488,1.0542082879059442,1.0568951362821675,6593,A_long
EURUSD,A,2024-12-01T23:15:00Z,buy,1.0534,1.0525805161851514,1.0558584514445455,6598,A_long
EURUSD,A,2024-12-02T07:30:00Z,buy,1.05061,1.049620490137527,1.0535785295874192,6610,A_long
EURUSD,A,2024-12-02T12:00:00Z,sell,1.0533,1.0543039024161571,1.0502882927515282,6586,A_short
EURUSD,A,2024-12-02T14:30:00Z,buy,1.04839,1.0470928928092298,1.0522813215723104,6635,A_long
EURUSD,A,2024-12-02T15:00:00Z,buy,1.04678,1.0454210172655993,1.0508569482032022,6636,A_long
EURUSD,A,2024-12-02T20:15:00Z,sell,1.05092,1.0518303278695684,1.048189016391295,6635,A_short
EURUSD,A,2024-12-03T07:15:00Z,sell,1.05026,1.0508785317771367,1.0484044046685896,6656,A_short
EURUSD,A,2024-12-03T07:30:00Z,sell,1.05024,1.0509347275401852,1.0481558173794445,6651,A_short
EURUSD,A,2024-12-03T08:15:00Z,sell,1.05145,1.0522712848609739,1.0489861454170784,6639,A_short
EURUSD,A,2024-12-03T08:30:00Z,sell,1.05264,1.0535304468795108,1.0499686593614677,6625,A_short
EURUSD,A,2024-12-03T15:15:00Z,buy,1.0494,1.0484441898432055,1.0522674304703838,6662,A_long
EURUSD,A,2024-12-04T00:30:00Z,buy,1.0499,1.0494828140898556,1.0511515577304336,6676,A_long
EURUSD,A,2024-12-04T03:15:00Z,buy,1.04923,1.048654750425418,1.0509557487237464,6688,A_long
EURUSD,A,2024-12-04T08:45:00Z,buy,1.0491,1.048380915117609,1.051257254647173,6699,A_long
EURUSD,A,2024-12-04T09:00:00Z,buy,1.04902,1.0482514597685946,1.0513256206942165,6694,A_long
EURUSD,A,2024-12-04T13:30:00Z,buy,1.04837,1.047391592770912,1.0513052216872638,6693,A_long
EURUSD,A,2024-12-04T14:00:00Z,buy,1.04798,1.0469916852368184,1.0509449442895444,6688,A_long
EURUSD,A,2024-12-04T15:00:00Z,sell,1.05215,1.0533935709224933,1.0484192872325198,6680,A_short
EURUSD,A,2024-12-04T15:15:00Z,sell,1.05351,1.0549077614661608,1.0493167156015173,6663,A_short
EURUSD,A,2024-12-05T13:15:00Z,sell,1.05455,1.0553859816739821,1.052042054978054,6647,A_short
EURUSD,A,2024-12-05T13:30:00Z,sell,1.05503,1.0560558507841176,1.051952447647647,6638,A_short
EURUSD,A,2024-12-05T13:45:00Z,sell,1.0567,1.0578370706795686,1.0532887879612942,6621,A_short
EURUSD,A,2024-12-05T14:00:00Z,sell,1.05771,1.0588621279222927,1.0542536162331215,6607,A_short
EURUSD,A,2024-12-05T14:30:00Z,sell,1.05845,1.0596463094171886,1.0548610717484337,6595,A_short
EURUSD,A,2024-12-06T13:30:00Z,sell,1.06169,1.062909709143745,1.0580308725687653,6567,A_short
EURUSD,A,2024-12-06T15:00:00Z,buy,1.05583,1.0541117490548226,1.0609847528355323,6625,A_long
EURUSD,A,2024-12-09T03:45:00Z,buy,1.05372,1.0531717620403855,1.0553647138788433,6627,A_long
EURUSD,A,2024-12-09T07:45:00Z,sell,1.05642,1.0572048866125014,1.0540653401624953,6620,A_short
EURUSD,A,2024-12-09T15:45:00Z,sell,1.05911,1.0600857946898927,1.0561826159303218,6597,A_short
EURUSD,A,2024-12-10T01:30:00Z,buy,1.05476,1.0543876761679014,1.0558769714962954,6642,A_long
EURUSD,A,2024-12-10T06:00:00Z,sell,1.05647,1.056861002985564,1.0552969910433079,6638,A_short
EURUSD,A,2024-12-10T07:45:00Z,buy,1.05488,1.0543129218832346,1.0565812343502965,6654,A_long
EURUSD,A,2024-12-10T08:00:00Z,buy,1.05422,1.0536018656321366,1.0560744031035898,6654,A_long
EURUSD,A,2024-12-10T09:00:00Z,buy,1.05316,1.052437393072977,1.0553278207810697,6657,A_long
EURUSD,A,2024-12-10T15:00:00Z,buy,1.05076,1.0498444659300008,1.0535066022099973,6667,A_long
EURUSD,A,2024-12-11T01:15:00Z,sell,1.05336,1.0536391213330727,1.0525226360007822,6644,A_short
EURUSD,A,2024-12-11T02:15:00Z,sell,1.05382,1.0541423921855582,1.0528528234433254,6639,A_short
EURUSD,A,2024-12-11T04:30:00Z,buy,1.05226,1.0518647881831613,1.053445635450516,6654,A_long
EURUSD,A,2024-12-11T07:00:00Z,buy,1.05156,1.0509685204202086,1.0533344387393744,6655,A_long
EURUSD,A,2024-12-11T07:15:00Z,buy,1.05069,1.050010717697514,1.0527278469074577,6657,A_long
EURUSD,A,2024-12-11T07:30:00Z,buy,1.04903,1.0481399553378454,1.0517001339864633,6662,A_long
EURUSD,A,2024-12-11T13:30:00Z,sell,1.05332,1.0544868551266098,1.0498194346201708,6651,A_short
EURUSD,A,2024-12-11T23:30:00Z,sell,1.0503,1.0506380675699887,1.049285797290034,6692,A_short
EURUSD,A,2024-12-11T23:45:00Z,sell,1.05053,1.0508683252273234,1.0495150243180296,6688,A_short
EURUSD,A,2024-12-12T06:45:00Z,sell,1.0514,1.0517708309152276,1.0502875072543167,6679,A_short
EURUSD,A,2024-12-12T07:00:00Z,sell,1.05249,1.0529953867931972,1.0509738396204082,6669,A_short
EURUSD,A,2024-12-12T07:15:00Z,sell,1.05219,1.0527560018874376,1.0504919943376871,6667,A_short
EURUSD,A,2024-12-12T10:45:00Z,buy,1.04965,1.0489586971222828,1.0517239086331513,6694,A_long
EURUSD,A,2024-12-12T12:45:00Z,buy,1.0489,1.0481423971030017,1.0511728086909946,6694,A_long
EURUSD,A,2024-12-12T13:00:00Z,buy,1.04849,1.0476854108226015,1.0509037675321953,6691,A_long
EURUSD,A,2024-12-12T13:15:00Z,buy,1.0481,1.047022689379588,1.0513319318612362,6687,A_long
EURUSD,A,2024-12-13T00:45:00Z,sell,1.04793,1.0483614042932439,1.0466357871202685,6708,A_short
EURUSD,A,2024-12-13T09:45:00Z,sell,1.04871,1.0495845194461153,1.0460864416616542,6711,A_short
EURUSD,A,2024-12-13T12:30:00Z,sell,1.05171,1.052668456905747,1.0488346292827588,6686,A_short
EURUSD,A,2024-12-15T22:15:00Z,buy,1.04861,1.0479674154539023,1.0505377536382934,6723,A_long
EURUSD,A,2024-12-16T07:45:00Z,buy,1.05048,1.04985452013641,1.0523564395907703,6723,A_long
EURUSD,A,2024-12-16T10:30:00Z,buy,1.04935,1.0485213061273158,1.0518360816180528,6741,A_long
EURUSD,A,2024-12-16T23:45:00Z,sell,1.0517,1.0520381778324792,1.0506854665025627,6720,A_short
EURUSD,A,2024-12-17T00:30:00Z,sell,1.05213,1.052492784206802,1.0510416473795943,6715,A_short
EURUSD,A,2024-12-17T00:45:00Z,sell,1.05287,1.0533684129792285,1.0513747610623145,6707,A_short
EURUSD,A,2024-12-17T06:15:00Z,buy,1.04983,1.049457870112448,1.0509463896626563,6736,A_long
EURUSD,A,2024-12-17T08:15:00Z,buy,1.04922,1.0487200687286535,1.0507197938140396,6737,A_long
EURUSD,A,2024-12-17T08:30:00Z,buy,1.04903,1.0484980595648328,1.0506258213055013,6734,A_long
EURUSD,A,2024-12-17T09:00:00Z,buy,1.04824,1.0476855202953634,1.04990343911391,6735,A_long
EURUSD,A,2024-12-17T12:45:00Z,sell,1.05012,1.05070801666833,1.0483559499950097,6733,A_short
EURUSD,A,2024-12-17T14:00:00Z,sell,1.05068,1.0514394984201934,1.0484015047394202,6725,A_short
EURUSD,A,2024-12-17T19:15:00Z,buy,1.04882,1.048112831042462,1.0509415068726147,6732,A_long
EURUSD,A,2024-12-18T06:45:00Z,sell,1.05111,1.0514786784764985,1.0500039645705046,6730,A_short
EURUSD,A,2024-12-18T08:00:00Z,buy,1.04915,1.0485914788509307,1.050825563447208,6749,A_long
EURUSD,A,2024-12-18T15:45:00Z,buy,1.04738,1.046513913550306,1.0499782593490816,6756,A_long
EURUSD,A,2024-12-18T19:00:00Z,buy,1.04143,1.0398299455182916,1.0462301634451256,6788,A_long
EURUSD,A,2024-12-18T19:30:00Z,buy,1.03913,1.03730782574485,1.0445965227654503,6793,A_long
EURUSD,A,2024-12-18T20:00:00Z,buy,1.03627,1.0343264113372428,1.0421007659882717,6799,A_long
EURUSD,A,2024-12-19T12:45:00Z,buy,1.03935,1.0383641787247742,1.0423074638256775,6816,A_long
EURUSD,A,2024-12-19T15:45:00Z,buy,1.03799,1.036899660496928,1.0412610185092157,6818,A_long
EURUSD,A,2024-12-19T16:00:00Z,buy,1.03685,1.0357477057640045,1.0401568827079866,6818,A_long
EURUSD,A,2024-12-19T16:45:00Z,buy,1.03566,1.034413433944746,1.0393996981657623,6818,A_long
EURUSD,A,2024-12-20T07:45:00Z,sell,1.03828,1.0391066043636996,1.0358001869089015,6792,A_short
EURUSD,A,2024-12-20T08:00:00Z,sell,1.03915,1.040047723781873,1.036456828654381,6780,A_short
EURUSD,A,2024-12-20T13:30:00Z,sell,1.04137,1.0423233184197958,1.0385100447406124,6759,A_short
EURUSD,A,2024-12-20T16:30:00Z,sell,1.04265,1.0440250807853881,1.038524757643836,6744,A_short
EURUSD,A,2024-12-20T17:00:00Z,sell,1.04387,1.0452326162343581,1.0397821512969259,6727,A_short
EURUSD,A,2024-12-23T10:45:00Z,buy,1.03898,1.0382615594084257,1.041135321774723,6784,A_long
EURUSD,A,2024-12-23T17:00:00Z,sell,1.04162,1.042467322349609,1.0390780329511728,6780,A_short
EURUSD,A,2024-12-24T03:45:00Z,buy,1.03908,1.038675426221987,1.0402937213340389,6812,A_long
EURUSD,A,2024-12-24T20:45:00Z,sell,1.03995,1.0405304470371435,1.0382086588885693,6814,A_short
EURUSD,A,2024-12-26T00:00:00Z,buy,1.03965,1.0392427131804365,1.0408718604586904,6811,A_long
EURUSD,A,2024-12-26T07:15:00Z,buy,1.03927,1.0389626313780482,1.040192105865855,6811,A_long
EURUSD,A,2024-12-26T15:30:00Z,sell,1.04144,1.0420281665966218,1.0396755002101343,6802,A_short
EURUSD,A,2024-12-26T16:45:00Z,sell,1.0422,1.0427998753714036,1.0404003738857892,6792,A_short
EURUSD,A,2024-12-27T01:30:00Z,buy,1.04152,1.0411865988923747,1.0425202033228758,6792,A_long
EURUSD,A,2024-12-27T02:00:00Z,buy,1.04115,1.0408106898347171,1.0421679304958487,6792,A_long
EURUSD,A,2024-12-27T02:30:00Z,buy,1.04094,1.0406214959202986,1.041895512239104,6790,A_long
EURUSD,A,2024-12-27T07:45:00Z,sell,1.04218,1.0427326498755065,1.040522050373481,6780,A_short
EURUSD,A,2024-12-27T11:15:00Z,sell,1.04288,1.0435214489262996,1.0409556532211013,6771,A_short
EURUSD,A,2024-12-27T11:45:00Z,sell,1.04386,1.0445118438601984,1.041904468419405,6760,A_short
EURUSD,A,2024-12-30T08:15:00Z,buy,1.04195,1.0415129698879244,1.0432610903362265,6784,A_long
EURUSD,A,2024-12-30T08:45:00Z,buy,1.04128,1.0407127196047077,1.042981841185877,6785,A_long
EURUSD,A,2024-12-30T10:00:00Z,sell,1.04416,1.0449664177511893,1.0417407467464321,6777,A_short
EURUSD,A,2024-12-30T12:00:00Z,sell,1.04573,1.046491521518783,1.0434454354436509,6761,A_short
EURUSD,A,2024-12-30T13:45:00Z,buy,1.03878,1.037422074110436,1.042853777668692,6820,A_long
EURUSD,A,2024-12-31T01:45:00Z,sell,1.04119,1.0416114007182062,1.0399257978453815,6795,A_short
EURUSD,A,2024-12-31T08:45:00Z,sell,1.04183,1.0423700055158411,1.0402099834524767,6787,A_short
EURUSD,A,2024-12-31T09:30:00Z,sell,1.04202,1.0426207621091268,1.0402177136726194,6782,A_short
EURUSD,A,2024-12-31T12:45:00Z,buy,1.03927,1.0384933744205593,1.0415998767383217,6811,A_long
EURUSD,A,2024-12-31T13:15:00Z,buy,1.03906,1.0382292012314425,1.041552396305673,6806,A_long
EURUSD,A,2024-12-31T14:15:00Z,buy,1.03807,1.037161541261654,1.0407953762150384,6807,A_long
EURUSD,A,2024-12-31T15:30:00Z,buy,1.03645,1.0353735938629312,1.039679218411207,6811,A_long
EURUSD,A,2024-12-31T15:45:00Z,buy,1.03547,1.0343517813478735,1.038824655956379,6810,A_long
EURUSD,A,2025-01-02T10:30:00Z,buy,1.03405,1.0332594150481056,1.0364217548556829,6811,A_long
EURUSD,A,2025-01-02T10:45:00Z,buy,1.03168,1.030616159708358,1.0348715208749255,6821,A_long
EURUSD,A,2025-01-02T15:15:00Z,buy,1.02855,1.0272007253519122,1.0325978239442637,6834,A_long
EURUSD,A,2025-01-02T16:00:00Z,buy,1.02574,1.023778644029082,1.0316240679127546,6844,A_long
EURUSD,A,2025-01-06T02:00:00Z,sell,1.03168,1.0322181584331476,1.030065524700557,6842,A_short
EURUSD,A,2025-01-06T07:45:00Z,sell,1.03272,1.033307180028069,1.030958459915793,6831,A_short
EURUSD,A,2025-01-06T08:00:00Z,sell,1.0337,1.0343488893576598,1.031753331927021,6820,A_short
EURUSD,A,2025-01-06T08:45:00Z,sell,1.035,1.035876091827786,1.0323717245166415,6807,A_short
EURUSD,A,2025-01-06T09:00:00Z,sell,1.03569,1.036831946250748,1.0322641612477559,6796,A_short
EURUSD,A,2025-01-06T11:00:00Z,sell,1.03785,1.039486380271119,1.032940859186643,6774,A_short
EURUSD,A,2025-01-06T11:15:00Z,sell,1.04134,1.0432755295683032,1.0355334112950902,6740,A_short
EURUSD,A,2025-01-07T00:15:00Z,buy,1.03772,1.0373320249431186,1.038883925170644,6751,A_long
EURUSD,A,2025-01-07T03:30:00Z,sell,1.03924,1.039662881769736,1.0379713546907918,6748,A_short
EURUSD,A,2025-01-07T05:30:00Z,sell,1.04024,1.0406232765797583,1.0390901702607254,6738,A_short
EURUSD,A,2025-01-07T07:00:00Z,sell,1.0409,1.041451457285677,1.0392456281429687,6730,A_short
EURUSD,A,2025-01-07T07:15:00Z,sell,1.04127,1.04186926298092,1.0394722110572394,6724,A_short
EURUSD,A,2025-01-07T07:30:00Z,sell,1.04229,1.0429960279167974,1.0401719162496077,6713,A_short
EURUSD,A,2025-01-07T12:30:00Z,buy,1.03941,1.0384927035500229,1.0421618893499311,6727,A_long
EURUSD,A,2025-01-07T15:00:00Z,buy,1.03681,1.0356257460539364,1.0403627618381908,6737,A_long
EURUSD,A,2025-01-08T01:45:00Z,sell,1.03528,1.035693460471205,1.0340396185863852,6739,A_short
EURUSD,A,2025-01-08T07:30:00Z,buy,1.03356,1.0329855197419089,1.0352834407742735,6747,A_long
EURUSD,A,2025-01-08T07:45:00Z,buy,1.03324,1.0326234504429876,1.0350896486710368,6745,A_long
EURUSD,A,2025-01-08T08:00:00Z,buy,1.03305,1.032302323717256,1.0352930288482323,6741,A_long
EURUSD,A,2025-01-08T08:45:00Z,buy,1.03187,1.0309945852464626,1.0344962442606125,6743,A_long
EURUSD,A,2025-01-08T11:30:00Z,buy,1.0285,1.0274121688665485,1.0317634934003543,6759,A_long
EURUSD,A,2025-01-08T19:15:00Z,sell,1.03237,1.0331631179403804,1.0299906461788588,6755,A_short
EURUSD,A,2025-01-09T06:00:00Z,buy,1.02992,1.0294437395540121,1.0313487813379634,6785,A_long
EURUSD,A,2025-01-09T07:30:00Z,buy,1.0294,1.0287523032154042,1.0313430903537877,6785,A_long
EURUSD,A,2025-01-10T05:30:00Z,buy,1.02926,1.028932351534345,1.0302429453969655,6781,A_long
EURUSD,A,2025-01-10T05:45:00Z,buy,1.02857,1.0281807046630989,1.0297378860107034,6783,A_long
EURUSD,A,2025-01-10T08:30:00Z,sell,1.03083,1.031447698591021,1.0289769042269366,6765,A_short
EURUSD,A,2025-01-10T13:30:00Z,buy,1.02504,1.023323604676731,1.0301891859698071,6815,A_long
EURUSD,A,2025-01-13T03:00:00Z,buy,1.02337,1.0228410398571057,1.0249568804286824,6814,A_long
EURUSD,A,2025-01-13T03:15:00Z,buy,1.02278,1.0222135678761584,1.024479296371525,6813,A_long
EURUSD,A,2025-01-13T03:30:00Z,buy,1.02173,1.0210844254926705,1.0236667235219885,6816,A_long
EURUSD,A,2025-01-13T04:30:00Z,buy,1.02098,1.0203678646221463,1.022816406133561,6816,A_long
EURUSD,A,2025-01-13T09:15:00Z,buy,1.01867,1.017337243686281,1.0226682689411566,6843,A_long
EURUSD,A,2025-01-13T21:30:00Z,sell,1.02275,1.0232903050154272,1.0211290849537187,6842,A_short
EURUSD,A,2025-01-13T21:45:00Z,sell,1.02441,1.0251555976800368,1.0221732069598897,6826,A_short
EURUSD,A,2025-01-13T22:00:00Z,sell,1.0253,1.0262355179893654,1.0224934460319042,6815,A_short
EURUSD,A,2025-01-14T08:15:00Z,sell,1.02663,1.0274941980318617,1.0240374059044146,6799,A_short
EURUSD,A,2025-01-14T15:00:00Z,sell,1.02746,1.0287168289769024,1.023689513069293,6810,A_short
EURUSD,A,2025-01-14T15:30:00Z,sell,1.02891,1.0303141959870956,1.0246974120387131,6792,A_short
EURUSD,A,2025-01-15T05:45:00Z,buy,1.02932,1.0289265982352218,1.0305002052943346,6780,A_long
EURUSD,A,2025-01-15T08:00:00Z,sell,1.03127,1.0319921978699238,1.0291034063902282,6764,A_short
EURUSD,A,2025-01-15T13:30:00Z,sell,1.0329,1.0341563704772574,1.0291308885682275,6748,A_short
EURUSD,A,2025-01-15T13:45:00Z,sell,1.03444,1.035840854413623,1.030237436759131,6729,A_short
EURUSD,A,2025-01-16T07:00:00Z,sell,1.02982,1.0303371040768319,1.0282686877695042,6786,A_short
EURUSD,A,2025-01-16T12:15:00Z,buy,1.02744,1.0267439652383572,1.029528104284928,6811,A_long
EURUSD,A,2025-01-16T12:30:00Z,buy,1.02645,1.0256961032065763,1.0287116903802713,6812,A_long
EURUSD,A,2025-01-16T15:30:00Z,sell,1.03013,1.0313647168682487,1.0264258493952538,6802,A_short
EURUSD,A,2025-01-17T01:30:00Z,sell,1.03072,1.0310866661780533,1.0296200014658403,6789,A_short
EURUSD,A,2025-01-17T04:30:00Z,buy,1.02931,1.028975501460872,1.030313495617384,6805,A_long
EURUSD,A,2025-01-17T05:30:00Z,buy,1.02894,1.0286073309081276,1.029938007275617,6805,A_long
EURUSD,A,2025-01-17T10:15:00Z,sell,1.03043,1.0310800693742204,1.0284797918773387,6792,A_short
EURUSD,A,2025-01-17T14:00:00Z,buy,1.0274,1.0264323359596867,1.0303029921209401,6824,A_long
EURUSD,A,2025-01-17T15:00:00Z,sell,1.03238,1.0339473160030694,1.027678051990792,6810,A_short
EURUSD,A,2025-01-20T00:00:00Z,sell,1.02899,1.029678725055973,1.0269238248320816,6863,A_short
EURUSD,A,2025-01-20T03:45:00Z,sell,1.03062,1.0311586037046718,1.0290041888859849,6846,A_short
EURUSD,A,2025-01-20T07:30:00Z,sell,1.03172,1.0323713147333449,1.0297660557999653,6835,A_short
EURUSD,A,2025-01-20T11:45:00Z,sell,1.0326,1.033260419186899,1.0306187424393027,6824,A_short
EURUSD,A,2025-01-20T13:30:00Z,sell,1.03803,1.0398121442864126,1.0326835671407624,6784,A_short
EURUSD,A,2025-01-20T13:45:00Z,sell,1.0398,1.041611191714891,1.0343664248553275,6760,A_short
EURUSD,A,2025-01-20T14:30:00Z,sell,1.04249,1.0446551698363302,1.035994490491009,6731,A_short
EURUSD,A,2025-01-20T19:45:00Z,sell,1.04207,1.0433712904749144,1.038166128575257,6774,A_short
EURUSD,A,2025-01-20T20:00:00Z,sell,1.04292,1.0442771184115924,1.038848644765223,6760,A_short
EURUSD,A,2025-01-21T00:45:00Z,buy,1.03621,1.034467320843131,1.0414380374706074,6829,A_long
EURUSD,A,2025-01-21T09:30:00Z,buy,1.0346,1.0335495634294973,1.0377513097115079,6827,A_long
EURUSD,A,2025-01-21T13:45:00Z,sell,1.03777,1.0386698795163105,1.0350703614510688,6827,A_short
EURUSD,A,2025-01-21T14:15:00Z,sell,1.03937,1.0403388872811397,1.0364633381565806,6810,A_short
EURUSD,A,2025-01-21T23:00:00Z,buy,1.03955,1.0386764424963095,1.0421706725110713,6802,A_long
EURUSD,A,2025-01-22T06:30:00Z,buy,1.04029,1.039684508394489,1.0421064748165327,6813,A_long
EURUSD,A,2025-01-22T09:00:00Z,sell,1.04255,1.0433080728537298,1.0402757814388108,6809,A_short
EURUSD,A,2025-01-22T09:15:00Z,sell,1.04321,1.0440029964732322,1.0408310105803031,6800,A_short
EURUSD,A,2025-01-22T09:45:00Z,sell,1.04463,1.0455502506843388,1.0418692479469833,6785,A_short
EURUSD,A,2025-01-22T14:00:00Z,buy,1.04184,1.0408293066451066,1.0448720800646805,6796,A_long
EURUSD,A,2025-01-23T07:00:00Z,buy,1.03961,1.039059041846975,1.0412628744590748,6804,A_long
EURUSD,A,2025-01-23T10:15:00Z,sell,1.04177,1.0424361860436877,1.0397714418689372,6786,A_short
EURUSD,A,2025-01-23T16:30:00Z,sell,1.04205,1.043437538585588,1.0378873842432355,6796,A_short
EURUSD,A,2025-01-23T17:45:00Z,sell,1.04351,1.0447484821781843,1.039794553465447,6777,A_short
EURUSD,A,2025-01-24T02:30:00Z,sell,1.04475,1.0455105917937382,1.0424682246187857,6761,A_short
EURUSD,A,2025-01-24T06:30:00Z,sell,1.04654,1.0473195034743388,1.0442014895769838,6744,A_short
EURUSD,A,2025-01-24T08:00:00Z,sell,1.04762,1.0487704537042937,1.044168638887119,6731,A_short
EURUSD,A,2025-01-24T08:15:00Z,sell,1.04782,1.0490490598770543,1.044132820368837,6723,A_short
EURUSD,A,2025-01-24T08:30:00Z,sell,1.04896,1.0502331852267803,1.0451404443196586,6708,A_short
EURUSD,A,2025-01-24T09:15:00Z,sell,1.05064,1.0519622660572554,1.0466732018282339,6689,A_short
EURUSD,A,2025-01-24T13:15:00Z,buy,1.04667,1.0458016662825587,1.049275001152324,6739,A_long
EURUSD,A,2025-01-24T15:00:00Z,sell,1.05018,1.051280033515577,1.0468798994532686,6733,A_short
EURUSD,A,2025-01-24T15:45:00Z,sell,1.05162,1.0527890470025845,1.0481128589922466,6716,A_short
EURUSD,A,2025-01-26T22:00:00Z,buy,1.0481,1.0474447439967867,1.0500657680096401,6763,A_long
EURUSD,A,2025-01-26T23:15:00Z,buy,1.04724,1.0466658851987474,1.0489623444037577,6764,A_long
EURUSD,A,2025-01-26T23:45:00Z,buy,1.04673,1.0461511315492815,1.0484666053521552,6763,A_long
EURUSD,A,2025-01-27T08:45:00Z,sell,1.04873,1.0496344012010983,1.0460167963967049,6746,A_short
EURUSD,A,2025-01-27T10:30:00Z,sell,1.05046,1.0514563161854125,1.0474710514437624,6728,A_short
EURUSD,A,2025-01-27T15:30:00Z,buy,1.04954,1.0486008921414878,1.0523573235755364,6727,A_long
EURUSD,A,2025-01-27T17:00:00Z,buy,1.04856,1.0476585444746502,1.051264366576049,6727,A_long
EURUSD,A,2025-01-27T23:00:00Z,buy,1.04731,1.046750611271147,1.0489881661865585,6728,A_long
EURUSD,A,2025-01-27T23:15:00Z,buy,1.04454,1.043617863101661,1.047306410695017,6742,A_long
EURUSD,A,2025-01-27T23:30:00Z,buy,1.04404,1.0429114813547729,1.0474255559356818,6739,A_long
EURUSD,A,2025-01-29T04:00:00Z,sell,1.04409,1.04448890423678,1.04289328728966,6731,A_short
EURUSD,A,2025-01-29T07:15:00Z,buy,1.04215,1.0415622356349319,1.043913293095204,6750,A_long
EURUSD,A,2025-01-29T07:45:00Z,buy,1.04158,1.0409752347657935,1.0433942957026194,6750,A_long
EURUSD,A,2025-01-29T09:00:00Z,buy,1.0413,1.0405181808222494,1.0436454575332512,6746,A_long
EURUSD,A,2025-01-29T09:45:00Z,buy,1.04035,1.039541171338217,1.0427764859853494,6747,A_long
EURUSD,A,2025-01-29T15:30:00Z,sell,1.04252,1.043508903467006,1.0395532895989816,6727,A_short
EURUSD,A,2025-01-29T19:15:00Z,buy,1.03964,1.038634369347908,1.0426568919562753,6764,A_long
EURUSD,A,2025-01-30T06:15:00Z,buy,1.04144,1.041032451996342,1.0426626440109734,6771,A_long
EURUSD,A,2025-01-30T09:15:00Z,buy,1.04084,1.0400280430031466,1.0432758709905603,6772,A_long
EURUSD,A,2025-01-30T11:00:00Z,buy,1.03935,1.0385894420949957,1.0416316737150129,6775,A_long
EURUSD,A,2025-01-30T13:45:00Z,sell,1.04564,1.047049003004486,1.041412990986542,6748,A_short
EURUSD,A,2025-01-30T20:30:00Z,buy,1.03888,1.0378344884761785,1.0420165345714645,6819,A_long
EURUSD,A,2025-01-31T06:30:00Z,sell,1.03939,1.0397509416629387,1.038307175011184,6808,A_short
EURUSD,A,2025-01-31T07:00:00Z,sell,1.0398,1.0402337739601628,1.0384986781195118,6802,A_short
EURUSD,A,2025-01-31T07:15:00Z,sell,1.04035,1.0408272707654744,1.0389181877035771,6795,A_short
EURUSD,A,2025-01-31T07:30:00Z,sell,1.04111,1.041643634663411,1.0395090960097668,6787,A_short
EURUSD,A,2025-01-31T09:00:00Z,buy,1.03719,1.0362745391928834,1.0399363824213501,6822,A_long
EURUSD,A,2025-01-31T15:45:00Z,sell,1.03962,1.040798906562236,1.0360832803132918,6800,A_short
EURUSD,A,2025-01-31T17:00:00Z,sell,1.04253,1.0441059887199504,1.0378020338401486,6773,A_short
EURUSD,A,2025-02-02T22:00:00Z,buy,1.02543,1.022488463568043,1.0342546092958715,6916,A_long
EURUSD,A,2025-02-03T03:00:00Z,buy,1.02152,1.0200814212223965,1.0258357363328103,6922,A_long
EURUSD,A,2025-02-03T12:15:00Z,sell,1.02711,1.0281962515298804,1.0238512454103588,6912,A_short
EURUSD,A,2025-02-03T13:00:00Z,sell,1.02774,1.029146244329229,1.0235212670123135,6900,A_short
EURUSD,A,2025-02-03T15:15:00Z,sell,1.03015,1.0321323305721957,1.0242030082834126,6874,A_short
EURUSD,A,2025-02-03T15:30:00Z,sell,1.03276,1.034980686495903,1.0260979405122905,6843,A_short
EURUSD,A,2025-02-04T04:45:00Z,buy,1.03057,1.030042418465544,1.0321527446033683,6843,A_long
EURUSD,A,2025-02-04T05:00:00Z,buy,1.02789,1.026984762670138,1.0306057119895857,6856,A_long
EURUSD,A,2025-02-04T08:15:00Z,sell,1.03315,1.034060619872361,1.0304181403829171,6839,A_short
EURUSD,A,2025-02-04T09:00:00Z,sell,1.03419,1.0351744301806154,1.0312367094581536,6825,A_short
EURUSD,A,2025-02-04T14:00:00Z,sell,1.03533,1.0362007758643579,1.0327176724069267,6810,A_short
EURUSD,A,2025-02-04T14:45:00Z,sell,1.03594,1.0369694206145168,1.03285173815645,6800,A_short
EURUSD,A,2025-02-04T15:15:00Z,sell,1.03707,1.0383255203726813,1.0333034388819557,6785,A_short
EURUSD,A,2025-02-04T15:30:00Z,sell,1.03791,1.0392127843229908,1.034001647031028,6771,A_short
EURUSD,A,2025-02-05T06:15:00Z,sell,1.03931,1.039867934057791,1.0376361978266269,6753,A_short
EURUSD,A,2025-02-05T07:15:00Z,sell,1.0407,1.041476805029621,1.0383695849111367,6740,A_short
EURUSD,A,2025-02-05T20:00:00Z,buy,1.04023,1.0396011787580985,1.0421164637257043,6737,A_long
EURUSD,A,2025-02-06T07:45:00Z,buy,1.03799,1.0374905164996764,1.0394884505009707,6747,A_long
EURUSD,A,2025-02-06T08:00:00Z,buy,1.03715,1.0365677809663862,1.0388966571008413,6749,A_long
EURUSD,A,2025-02-06T08:15:00Z,buy,1.03627,1.0356307435042014,1.038187769487396,6750,A_long
EURUSD,A,2025-02-06T14:30:00Z,sell,1.03728,1.0380029823403818,1.0351110529788545,6739,A_short
EURUSD,A,2025-02-06T18:15:00Z,sell,1.0385,1.0392704090061458,1.0361887729815626,6725,A_short
EURUSD,A,2025-02-06T18:30:00Z,sell,1.03947,1.0403056878053263,1.0369629365840207,6714,A_short
EURUSD,A,2025-02-07T16:00:00Z,buy,1.03336,1.0314139332121308,1.0391982003636078,6769,A_long
EURUSD,A,2025-02-09T22:00:00Z,buy,1.02959,1.0283986339972568,1.0331640980082295,6780,A_long
EURUSD,A,2025-02-10T09:00:00Z,sell,1.03321,1.0339128994260705,1.0311013017217885,6779,A_short
EURUSD,A,2025-02-10T14:15:00Z,buy,1.03063,1.02987990150434,1.0328802954869796,6809,A_long
EURUSD,A,2025-02-10T23:15:00Z,buy,1.02997,1.029604003164004,1.0310679905079885,6808,A_long
EURUSD,A,2025-02-11T02:30:00Z,buy,1.02964,1.0293005408611522,1.0306583774165439,6807,A_long
EURUSD,A,2025-02-11T02:45:00Z,buy,1.02928,1.0289191354129985,1.0303625937610044,6806,A_long
EURUSD,A,2025-02-11T08:30:00Z,sell,1.03138,1.031902335641567,1.0298129930752986,6799,A_short
EURUSD,A,2025-02-11T08:45:00Z,sell,1.0318,1.032347357556025,1.0301579273319255,6792,A_short
EURUSD,A,2025-02-11T14:15:00Z,sell,1.03303,1.0336416527052312,1.0311950418843059,6780,A_short
EURUSD,A,2025-02-11T14:45:00Z,sell,1.03321,1.0338207969208182,1.0313776092375453,6774,A_short
EURUSD,A,2025-02-11T15:15:00Z,sell,1.0341,1.034823576353859,1.0319292709384233,6764,A_short
EURUSD,A,2025-02-11T16:00:00Z,sell,1.03478,1.0355585295553862,1.0324444113338416,6755,A_short
EURUSD,A,2025-02-11T19:30:00Z,sell,1.03632,1.0371908543661643,1.0337074369015067,6739,A_short
EURUSD,A,2025-02-12T07:45:00Z,sell,1.03757,1.0380922811587694,1.0360031565236922,6725,A_short
EURUSD,A,2025-02-12T13:30:00Z,buy,1.03281,1.0316191424811856,1.0363825725564433,6752,A_long
EURUSD,A,2025-02-12T17:00:00Z,sell,1.04108,1.042865610699914,1.0357231679002583,6721,A_short
EURUSD,A,2025-02-13T00:30:00Z,sell,1.03993,1.0404565880455767,1.03835023586327,6716,A_short
EURUSD,A,2025-02-13T02:30:00Z,sell,1.04068,1.0412330446763987,1.0390208659708042,6707,A_short
EURUSD,A,2025-02-13T03:15:00Z,sell,1.04131,1.0418644471567549,1.0396466585297353,6699,A_short
EURUSD,A,2025-02-13T03:30:00Z,sell,1.04162,1.0421885208691877,1.039914437392437,6693,A_short
EURUSD,A,2025-02-13T04:00:00Z,sell,1.04289,1.0435205778973011,1.040998266308097,6680,A_short
EURUSD,A,2025-02-13T04:30:00Z,sell,1.04328,1.0439347896206395,1.0413156311380816,6673,A_short
EURUSD,A,2025-02-13T08:45:00Z,buy,1.04134,1.0406074671603545,1.0435375985189363,6681,A_long
EURUSD,A,2025-02-13T11:45:00Z,buy,1.04029,1.039335175163468,1.0431544745095955,6682,A_long
EURUSD,A,2025-02-13T12:00:00Z,buy,1.03876,1.037723151808339,1.0418705445749827,6686,A_long
EURUSD,A,2025-02-13T16:00:00Z,sell,1.04406,1.0454024321309328,1.0400327036072017,6644,A_short
EURUSD,A,2025-02-13T20:15:00Z,sell,1.04574,1.0472711194955766,1.0411466415132697,6658,A_short
EURUSD,A,2025-02-14T08:15:00Z,sell,1.04782,1.04842575864878,1.04600272405366,6635,A_short
EURUSD,A,2025-02-14T08:30:00Z,sell,1.04856,1.0491863241622759,1.0466810275131722,6626,A_short
EURUSD,A,2025-02-14T14:00:00Z,sell,1.04988,1.0508173756306913,1.0470678731079257,6628,A_short
EURUSD,A,2025-02-14T14:30:00Z,sell,1.05091,1.0519034954737194,1.0479295135788418,6615,A_short
EURUSD,A,2025-02-17T08:00:00Z,buy,1.04809,1.0474599787384475,1.0499800637846572,6651,A_long
EURUSD,A,2025-02-17T08:15:00Z,buy,1.04744,1.0467593149066545,1.0494820552800361,6651,A_long
EURUSD,A,2025-02-18T01:00:00Z,buy,1.04701,1.0465655124174125,1.0483434627477626,6649,A_long
EURUSD,A,2025-02-18T01:15:00Z,buy,1.04645,1.0459647774284242,1.0479056677147278,6649,A_long
EURUSD,A,2025-02-18T12:15:00Z,buy,1.04538,1.0448778337039137,1.0468864988882587,6652,A_long
EURUSD,A,2025-02-18T13:00:00Z,buy,1.04493,1.0443311024140736,1.046726692757779,6651,A_long
EURUSD,A,2025-02-18T13:45:00Z,buy,1.04446,1.04379766577888,1.04644700266336,6649,A_long
EURUSD,A,2025-02-18T18:00:00Z,buy,1.0437,1.0429391580595397,1.045982525821381,6666,A_long
EURUSD,A,2025-02-19T06:00:00Z,sell,1.04595,1.046277733384311,1.0449667998470669,6666,A_short
EURUSD,A,2025-02-19T08:45:00Z,buy,1.04404,1.0434409877616082,1.0458370367151757,6684,A_long
EURUSD,A,2025-02-19T09:30:00Z,buy,1.04347,1.0428547022554824,1.0453158932335525,6683,A_long
EURUSD,A,2025-02-19T09:45:00Z,buy,1.04287,1.0422127419547513,1.0448417741357459,6682,A_long
EURUSD,A,2025-02-19T10:30:00Z,buy,1.0421,1.0414666204665448,1.0440001386003657,6682,A_long
EURUSD,A,2025-02-19T16:00:00Z,buy,1.04169,1.040871480259762,1.0441455592207138,6696,A_long
EURUSD,A,2025-02-19T16:15:00Z,buy,1.04066,1.0397772828917937,1.0433081513246185,6697,A_long
EURUSD,A,2025-02-20T08:00:00Z,sell,1.044,1.0445578838914729,1.0423263483255816,6692,A_short
EURUSD,A,2025-02-20T14:15:00Z,sell,1.04543,1.046173384609063,1.0431998461728111,6679,A_short
EURUSD,A,2025-02-20T15:15:00Z,sell,1.04662,1.0476105514631002,1.0436483456106997,6666,A_short
EURUSD,A,2025-02-20T17:30:00Z,sell,1.04941,1.0502738035915256,1.0468185892254231,6641,A_short
EURUSD,A,2025-02-21T00:30:00Z,buy,1.04892,1.0484845992206555,1.0502262023380338,6638,A_long
EURUSD,A,2025-02-21T08:15:00Z,buy,1.04709,1.0463226273247361,1.049392118025792,6646,A_long
EURUSD,A,2025-02-21T14:45:00Z,sell,1.04807,1.0488653344790477,1.045683996562857,6634,A_short
EURUSD,A,2025-02-21T15:15:00Z,buy,1.04546,1.0444441265468487,1.048507620359454,6665,A_long
EURUSD,A,2025-02-24T00:15:00Z,sell,1.04967,1.0505663894083208,1.046980831775038,6657,A_short
EURUSD,A,2025-02-24T00:45:00Z,sell,1.0504,1.0513717769333608,1.0474846691999176,6646,A_short
EURUSD,A,2025-02-24T01:30:00Z,sell,1.05166,1.0526510144955834,1.04868695651325,6632,A_short
EURUSD,A,2025-02-24T07:30:00Z,buy,1.04893,1.0481198080786722,1.051360575763983,6642,A_long
EURUSD,A,2025-02-24T08:15:00Z,buy,1.0478,1.0468976024737313,1.0505071925788063,6644,A_long
EURUSD,A,2025-02-24T12:30:00Z,buy,1.04605,1.0453646752219337,1.0481059743341987,6648,A_long
EURUSD,A,2025-02-24T18:15:00Z,sell,1.04848,1.0492309497090389,1.0462271508728838,6628,A_short
EURUSD,A,2025-02-25T02:30:00Z,sell,1.04714,1.04750337199478,1.04604988401566,6650,A_short
EURUSD,A,2025-02-25T03:00:00Z,sell,1.04739,1.0477543105205236,1.0462970684384294,6646,A_short
EURUSD,A,2025-02-25T07:45:00Z,buy,1.0464,1.045830934228448,1.048107197314656,6649,A_long
EURUSD,A,2025-02-25T11:30:00Z,sell,1.0486,1.049287237713642,1.046538286859074,6631,A_short
EURUSD,A,2025-02-25T12:00:00Z,sell,1.04938,1.0500646363271355,1.0473260910185933,6621,A_short
EURUSD,A,2025-02-25T13:30:00Z,sell,1.05077,1.051497607244163,1.0485871782675107,6607,A_short
EURUSD,A,2025-02-25T23:15:00Z,sell,1.052,1.0524040883422434,1.05078773497327,6595,A_short
EURUSD,A,2025-02-26T00:15:00Z,sell,1.05243,1.0527831711040556,1.051370486687833,6589,A_short
EURUSD,A,2025-02-26T02:30:00Z,buy,1.0506,1.050133548477765,1.051999354566705,6606,A_long
EURUSD,A,2025-02-26T08:15:00Z,sell,1.0509,1.0515779896723538,1.0488660309829383,6601,A_short
EURUSD,A,2025-02-26T12:45:00Z,buy,1.04765,1.0469328261906905,1.0498015214279284,6633,A_long
EURUSD,A,2025-02-26T15:45:00Z,sell,1.05058,1.051464730805954,1.0479258075821385,6628,A_short
EURUSD,A,2025-02-26T16:00:00Z,sell,1.05101,1.0519261000318265,1.0482616999045204,6619,A_short
EURUSD,A,2025-02-26T17:15:00Z,sell,1.05233,1.0532693699675615,1.0495118900973155,6604,A_short
EURUSD,A,2025-02-27T09:00:00Z,sell,1.04818,1.0487381583424968,1.046505524972509,6647,A_short
EURUSD,A,2025-02-27T13:30:00Z,buy,1.04594,1.0450101798421279,1.0487294604736168,6657,A_long
EURUSD,A,2025-02-27T13:45:00Z,buy,1.04232,1.040908822529844,1.0465535324104678,6674,A_long
EURUSD,A,2025-02-28T01:45:00Z,buy,1.03848,1.0379171313594957,1.0401686059215132,6689,A_long
EURUSD,A,2025-02-28T08:30:00Z,sell,1.03993,1.0405504202865639,1.0380687391403085,6690,A_short
EURUSD,A,2025-02-28T09:00:00Z,sell,1.04053,1.041149426793019,1.0386717196209427,6682,A_short
EURUSD,A,2025-02-28T13:00:00Z,sell,1.04124,1.041797514712053,1.0395674558638406,6673,A_short
EURUSD,A,2025-02-28T18:15:00Z,buy,1.03724,1.0359097105835864,1.0412308682492406,6694,A_long
EURUSD,A,2025-03-02T23:00:00Z,sell,1.04117,1.0420140345974673,1.0386378962075977,6694,A_short
EURUSD,A,2025-03-02T23:15:00Z,sell,1.04152,1.0424048299844717,1.038865510046585,6685,A_short
EURUSD,A,2025-03-03T08:30:00Z,buy,1.03939,1.038710400143325,1.0414287995700253,6715,A_long
EURUSD,A,2025-03-03T09:45:00Z,sell,1.04269,1.0436124668570659,1.039922599428802,6706,A_short
EURUSD,A,2025-03-03T10:00:00Z,sell,1.0437,1.0446568046094573,1.0408295861716284,6693,A_short
EURUSD,A,2025-03-03T11:00:00Z,sell,1.04488,1.0458229095595202,1.0420512713214396,6679,A_short
EURUSD,A,2025-03-03T19:45:00Z,buy,1.04728,1.0463746504211964,1.0499960487364108,6657,A_long
EURUSD,A,2025-03-04T08:15:00Z,sell,1.05169,1.0528095550997407,1.0483313347007779,6646,A_short
EURUSD,A,2025-03-04T11:45:00Z,sell,1.05439,1.0555389195207687,1.0509432414376936,6621,A_short
EURUSD,A,2025-03-04T18:00:00Z,sell,1.05688,1.0582588393297918,1.0527434820106247,6598,A_short
EURUSD,A,2025-03-04T18:45:00Z,sell,1.05904,1.0604159496318672,1.0549121511043982,6575,A_short
EURUSD,A,2025-03-05T05:45:00Z,sell,1.06312,1.0638105891021084,1.0610482326936752,6541,A_short
EURUSD,A,2025-03-05T06:00:00Z,sell,1.06383,1.0645325105551604,1.061722468334519,6532,A_short
EURUSD,A,2025-03-05T07:15:00Z,sell,1.0652,1.0663181278967007,1.0618456163098977,6519,A_short
EURUSD,A,2025-03-05T07:30:00Z,sell,1.06633,1.0675710441771407,1.062606867468578,6504,A_short
EURUSD,A,2025-03-05T07:45:00Z,sell,1.06745,1.068850904953522,1.0632472851394341,6489,A_short
EURUSD,A,2025-03-05T08:30:00Z,sell,1.06895,1.0704022394615964,1.064593281615211,6471,A_short
EURUSD,A,2025-03-05T14:00:00Z,sell,1.07355,1.0751994323330543,1.0686017030008372,6434,A_short
EURUSD,A,2025-03-05T14:15:00Z,sell,1.07505,1.0768888413553137,1.0695334759340591,6415,A_short
EURUSD,A,2025-03-05T14:30:00Z,sell,1.07618,1.0781549958412717,1.0702550124761845,6397,A_short
EURUSD,A,2025-03-06T00:30:00Z,sell,1.07999,1.0806215862407733,1.07809524127768,6363,A_short
EURUSD,A,2025-03-06T01:30:00Z,sell,1.08146,1.0822795254246464,1.079001423726061,6350,A_short
EURUSD,A,2025-03-06T13:45:00Z,sell,1.08257,1.0844582259962026,1.0769053220113924,6357,A_short
EURUSD,A,2025-03-06T18:15:00Z,buy,1.07868,1.0773906339188382,1.0825480982434859,6368,A_long
EURUSD,A,2025-03-06T18:30:00Z,buy,1.07658,1.0751438827296598,1.080888351811021,6373,A_long
EURUSD,A,2025-03-07T03:00:00Z,sell,1.08009,1.0806976841083233,1.07826694767503,6376,A_short
EURUSD,A,2025-03-07T03:30:00Z,sell,1.0809,1.0815434605080296,1.078969618475911,6367,A_short
EURUSD,A,2025-03-07T07:15:00Z,sell,1.08314,1.0837745385880426,1.081236384235872,6350,A_short
EURUSD,A,2025-03-07T07:30:00Z,sell,1.08377,1.0844639334429702,1.081688199671089,6342,A_short
EURUSD,A,2025-03-07T08:15:00Z,sell,1.08478,1.085650302747913,1.0821690917562614,6331,A_short
EURUSD,A,2025-03-07T09:00:00Z,sell,1.08675,1.0878907511517526,1.0833277465447426,6314,A_short
EURUSD,A,2025-03-10T02:45:00Z,buy,1.08368,1.08295654368588,1.0858503689423602,6325,A_long
EURUSD,A,2025-03-10T07:45:00Z,buy,1.08224,1.0812684551458336,1.0851546345624996,6329,A_long
EURUSD,A,2025-03-10T08:00:00Z,buy,1.08107,1.080022661126389,1.0842120166208329,6329,A_long
EURUSD,A,2025-03-10T10:00:00Z,sell,1.08598,1.0872165690282012,1.0822702929153962,6318,A_short
EURUSD,A,2025-03-10T10:15:00Z,sell,1.08668,1.0880330264911078,1.082620920526677,6306,A_short
EURUSD,A,2025-03-11T00:45:00Z,sell,1.08513,1.0857338109863042,1.0833185670410872,6338,A_short
EURUSD,A,2025-03-11T01:45:00Z,sell,1.08579,1.0864497757151572,1.0838106728545285,6330,A_short
EURUSD,A,2025-03-11T05:30:00Z,buy,1.08379,1.083123616653377,1.0857891500398689,6353,A_long
EURUSD,A,2025-03-11T07:15:00Z,sell,1.08755,1.0887120441034277,1.084063867689717,6342,A_short
EURUSD,A,2025-03-11T07:30:00Z,sell,1.08961,1.0909797715563039,1.0855006853310882,6322,A_short
EURUSD,A,2025-03-11T08:45:00Z,sell,1.0917,1.0930424597997757,1.0876726206006726,6302,A_short
EURUSD,A,2025-03-11T18:00:00Z,sell,1.09439,1.0952847577097673,1.091705726870698,6278,A_short
EURUSD,A,2025-03-12T00:30:00Z,buy,1.09083,1.0903990351326842,1.0921228946019472,6313,A_long
EURUSD,A,2025-03-12T03:15:00Z,buy,1.08996,1.0894938748139396,1.0913583755581815,6315,A_long
EURUSD,A,2025-03-12T06:45:00Z,buy,1.08921,1.0886799969102379,1.0908000092692864,6316,A_long
EURUSD,A,2025-03-12T08:30:00Z,sell,1.09156,1.09238452148703,1.0890864355389103,6311,A_short
EURUSD,A,2025-03-12T09:00:00Z,sell,1.09192,1.0928580628058135,1.0891058115825594,6304,A_short
EURUSD,A,2025-03-12T12:45:00Z,buy,1.0878,1.0861961960024884,1.0926114119925352,6343,A_long
EURUSD,A,2025-03-13T02:00:00Z,sell,1.08958,1.0900334069234006,1.0882197792297983,6360,A_short
EURUSD,A,2025-03-13T06:30:00Z,buy,1.08714,1.0864984449356652,1.0890646651930045,6381,A_long
EURUSD,A,2025-03-13T07:30:00Z,buy,1.08616,1.0852947600159513,1.0887557199521463,6383,A_long
EURUSD,A,2025-03-13T11:45:00Z,buy,1.0856,1.0844991776841097,1.0889024669476703,6381,A_long
EURUSD,A,2025-03-13T12:30:00Z,buy,1.08387,1.0823600543324412,1.088399837002676,6384,A_long
EURUSD,A,2025-03-13T13:00:00Z,buy,1.08227,1.0807448408097005,1.0868454775708989,6384,A_long
EURUSD,A,2025-03-14T02:15:00Z,buy,1.08352,1.082976860094227,1.0851494197173195,6402,A_long
EURUSD,A,2025-03-14T10:15:00Z,sell,1.08711,1.088164051669654,1.083947844991038,6390,A_short
EURUSD,A,2025-03-14T10:30:00Z,sell,1.08898,1.090226844780367,1.0852394656588995,6372,A_short
EURUSD,A,2025-03-14T10:45:00Z,sell,1.08948,1.0908925988096512,1.0852422035710465,6362,A_short
EURUSD,A,2025-03-17T09:30:00Z,sell,1.08944,1.0903309631828844,1.0867671104513468,6353,A_short
EURUSD,A,2025-03-17T10:00:00Z,sell,1.08999,1.0908591234573666,1.0873826296279003,6344,A_short
EURUSD,A,2025-03-17T10:15:00Z,sell,1.0907,1.091582573663051,1.0880522790108473,6334,A_short
EURUSD,A,2025-03-17T14:45:00Z,sell,1.09158,1.0924143949838225,1.0890768150485324,6324,A_short
EURUSD,A,2025-03-17T15:15:00Z,sell,1.09273,1.0935676566767378,1.0902170299697864,6312,A_short
EURUSD,A,2025-03-18T07:45:00Z,sell,1.09349,1.0941543188745213,1.0914970433764364,6302,A_short
EURUSD,A,2025-03-18T08:00:00Z,sell,1.09471,1.0954897430245851,1.092370770926245,6291,A_short
EURUSD,A,2025-03-18T12:30:00Z,buy,1.09061,1.0896061508362789,1.0936215474911637,6327,A_long
EURUSD,A,2025-03-18T17:00:00Z,sell,1.09445,1.0954599440655641,1.0914201678033073,6322,A_short
EURUSD,A,2025-03-19T07:00:00Z,buy,1.09069,1.0900164546395614,1.0927106360813155,6360,A_long
EURUSD,A,2025-03-19T07:30:00Z,buy,1.08822,1.0871380925959373,1.091465722212188,6370,A_long
EURUSD,A,2025-03-19T14:45:00Z,buy,1.08838,1.0874959698415994,1.0910320904752016,6388,A_long
EURUSD,A,2025-03-19T17:15:00Z,buy,1.08658,1.0857862092032795,1.0889613723901619,6392,A_long
EURUSD,A,2025-03-19T18:30:00Z,sell,1.09125,1.0926080875671267,1.0871757372986202,6378,A_short
EURUSD,A,2025-03-20T07:30:00Z,buy,1.08675,1.0859607181233173,1.0891178456300485,6428,A_long
EURUSD,A,2025-03-20T09:15:00Z,buy,1.08406,1.082905197113727,1.0875244086588194,6439,A_long
EURUSD,A,2025-03-20T13:15:00Z,buy,1.08223,1.0811582229571364,1.085445331128591,6442,A_long
EURUSD,A,2025-03-20T20:15:00Z,sell,1.08577,1.0862360326647618,1.0843719020057143,6439,A_short
EURUSD,A,2025-03-21T02:30:00Z,buy,1.08447,1.08400723838894,1.08585828483318,6455,A_long
EURUSD,A,2025-03-21T03:15:00Z,buy,1.08397,1.0835081311823709,1.0853556064528878,6454,A_long
EURUSD,A,2025-03-21T03:30:00Z,buy,1.08357,1.083101713691388,1.0849748589258355,6454,A_long
EURUSD,A,2025-03-21T04:15:00Z,buy,1.08305,1.0826191955496236,1.0843424133511295,6453,A_long
EURUSD,A,2025-03-21T11:45:00Z,sell,1.08506,1.085831807856028,1.0827445764319155,6438,A_short
EURUSD,A,2025-03-21T12:00:00Z,sell,1.08548,1.0863062334752245,1.0830012995743266,6430,A_short
EURUSD,A,2025-03-21T15:45:00Z,buy,1.08062,1.079592615545628,1.083702153363116,6473,A_long
EURUSD,A,2025-03-24T00:00:00Z,sell,1.08386,1.0844084486580983,1.0822146540257054,6472,A_short
EURUSD,A,2025-03-24T06:00:00Z,sell,1.08332,1.0837883947621858,1.0819148157134428,6484,A_short
EURUSD,A,2025-03-24T06:15:00Z,sell,1.08381,1.0842972754605609,1.0823481736183171,6478,A_short
EURUSD,A,2025-03-24T06:30:00Z,sell,1.08431,1.084836305399153,1.0827310838025415,6471,A_short
EURUSD,A,2025-03-24T07:15:00Z,sell,1.08486,1.0854456038405744,1.0831031884782765,6464,A_short
EURUSD,A,2025-03-24T08:15:00Z,sell,1.08541,1.0862603073835189,1.0828590778494434,6457,A_short
EURUSD,A,2025-03-24T12:15:00Z,buy,1.08245,1.0816571579807652,1.084828526057704,6489,A_long
EURUSD,A,2025-03-24T13:45:00Z,buy,1.07933,1.0782830030095785,1.0824709909712642,6503,A_long
EURUSD,A,2025-03-25T07:30:00Z,buy,1.07869,1.078100298053158,1.0804591058405257,6500,A_long
EURUSD,A,2025-03-25T08:00:00Z,buy,1.07805,1.0773889349821497,1.0800331950535507,6500,A_long
EURUSD,A,2025-03-25T10:15:00Z,sell,1.08169,1.0825049966659814,1.0792450100020559,6489,A_short
EURUSD,A,2025-03-25T18:45:00Z,buy,1.07983,1.0791921642319906,1.0817435073040285,6495,A_long
EURUSD,A,2025-03-25T19:15:00Z,buy,1.0791,1.0784634922453618,1.0810095232639145,6495,A_long
EURUSD,A,2025-03-26T00:45:00Z,buy,1.07841,1.07806154640575,1.0794553607827506,6494,A_long
EURUSD,A,2025-03-26T01:00:00Z,buy,1.0782,1.0778100068849832,1.0793699793450506,6493,A_long
EURUSD,A,2025-03-26T08:45:00Z,sell,1.0799,1.0805583785211887,1.077924864436434,6489,A_short
EURUSD,A,2025-03-26T13:15:00Z,buy,1.07705,1.0762354334703212,1.0794936995890365,6518,A_long
EURUSD,A,2025-03-26T17:15:00Z,buy,1.07568,1.074607960228244,1.0788961193152682,6540,A_long
EURUSD,A,2025-03-27T01:15:00Z,sell,1.0764,1.0770141641208675,1.0745575076373977,6529,A_short
EURUSD,A,2025-03-27T02:00:00Z,sell,1.07741,1.0780576677254952,1.0754669968235144,6519,A_short
EURUSD,A,2025-03-27T08:15:00Z,buy,1.0758,1.0749349898329479,1.0783950305011567,6524,A_long
EURUSD,A,2025-03-27T11:00:00Z,sell,1.0796,1.0805672669617903,1.0766981991146287,6516,A_short
EURUSD,A,2025-03-27T15:30:00Z,sell,1.08156,1.0827799607376987,1.0779001177869043,6498,A_short
EURUSD,A,2025-03-28T09:15:00Z,buy,1.07714,1.0763764589814633,1.07943062305561,6546,A_long
EURUSD,A,2025-03-28T13:00:00Z,sell,1.07931,1.080276781022249,1.0764096569332526,6546,A_short
EURUSD,A,2025-03-28T13:15:00Z,sell,1.0804,1.0815018768859492,1.0770943693421524,6532,A_short
EURUSD,A,2025-03-28T13:45:00Z,sell,1.08103,1.0821670541943351,1.0776188374169944,6521,A_short
EURUSD,A,2025-03-28T14:15:00Z,sell,1.08274,1.0839632095948561,1.0790703712154317,6504,A_short
EURUSD,A,2025-03-30T22:00:00Z,buy,1.08087,1.0801806787602826,1.0829379637191523,6507,A_long
EURUSD,A,2025-03-31T00:30:00Z,sell,1.08384,1.0845829857779663,1.0816110426661008,6501,A_short
EURUSD,A,2025-03-31T07:30:00Z,buy,1.08212,1.0811672608395038,1.0849782174814886,6506,A_long
EURUSD,A,2025-03-31T08:15:00Z,buy,1.0812,1.0801026346857452,1.0844920959427642,6506,A_long
EURUSD,A,2025-03-31T14:15:00Z,buy,1.07946,1.0783528110914335,1.0827815667256997,6509,A_long
EURUSD,A,2025-04-01T05:00:00Z,buy,1.08174,1.0812930750809762,1.0830807747570712,6515,A_long
EURUSD,A,2025-04-01T05:15:00Z,buy,1.08134,1.0808659984035127,1.0827620047894617,6514,A_long
EURUSD,A,2025-04-01T05:45:00Z,buy,1.08069,1.0801426832453052,1.0823319502640842,6514,A_long
EURUSD,A,2025-04-01T06:00:00Z,buy,1.08048,1.0799083254792645,1.0821950235622069,6511,A_long
EURUSD,A,2025-04-01T06:15:00Z,buy,1.08008,1.0794672154153624,1.0819183537539125,6510,A_long
EURUSD,A,2025-04-01T11:15:00Z,buy,1.07872,1.0777422008412139,1.081653397476358,6528,A_long
EURUSD,A,2025-04-02T12:45:00Z,sell,1.0819,1.0828013550202635,1.0791959349392097,6526,A_short
EURUSD,A,2025-04-02T13:45:00Z,sell,1.08262,1.0834921256441232,1.08000362306763,6516,A_short
EURUSD,A,2025-04-02T14:30:00Z,sell,1.08343,1.0844178992711522,1.080466302186543,6505,A_short
EURUSD,A,2025-04-02T14:45:00Z,sell,1.08582,1.0870375127016654,1.082167461895004,6484,A_short
EURUSD,A,2025-04-02T20:00:00Z,sell,1.08854,1.0899615117090546,1.0842754648728363,6461,A_short
EURUSD,A,2025-04-02T23:15:00Z,sell,1.08873,1.0911058338652506,1.081602498404248,6451,A_short
EURUSD,A,2025-04-03T05:15:00Z,sell,1.09426,1.0954708349753282,1.0906274950740156,6404,A_short
EURUSD,A,2025-04-03T06:30:00Z,sell,1.09778,1.099402590143861,1.0929122295684166,6376,A_short
EURUSD,A,2025-04-03T09:00:00Z,sell,1.10303,1.105274520103289,1.096296439690133,6335,A_short
EURUSD,A,2025-04-03T10:00:00Z,sell,1.11054,1.113796718986075,1.1007698430417756,6279,A_short
EURUSD,A,2025-04-04T07:45:00Z,buy,1.10039,1.0985933860467338,1.1057798418597984,6392,A_long
EURUSD,A,2025-04-04T08:00:00Z,buy,1.1003,1.0983429345738362,1.1061711962784915,6382,A_long
EURUSD,A,2025-04-04T14:30:00Z,buy,1.09703,1.0941623035654395,1.1056330893036812,6389,A_long
EURUSD,A,2025-04-04T17:00:00Z,buy,1.09404,1.091165755567176,1.1026627332984713,6389,A_long
EURUSD,A,2025-04-06T21:00:00Z,buy,1.08826,1.0855568208674173,1.096369537397748,6393,A_long
EURUSD,A,2025-04-07T05:45:00Z,sell,1.1018,1.1033295403770322,1.0972113788689029,6361,A_short
EURUSD,A,2025-04-08T00:15:00Z,sell,1.09348,1.094368600296104,1.0908141991116882,6400,A_short
EURUSD,A,2025-04-08T00:30:00Z,sell,1.09418,1.0950821202566234,1.0914736392301294,6390,A_short
EURUSD,A,2025-04-08T01:00:00Z,sell,1.09457,1.0955964814371972,1.0914905556884085,6382,A_short
EURUSD,A,2025-04-08T01:30:00Z,sell,1.09594,1.097048601612828,1.0926141951615156,6367,A_short
EURUSD,A,2025-04-08T06:30:00Z,sell,1.09907,1.100229205534883,1.095592383395351,6342,A_short
EURUSD,A,2025-04-08T07:45:00Z,buy,1.09233,1.090626783590896,1.097439649227312,6401,A_long
EURUSD,A,2025-04-08T14:15:00Z,buy,1.0905,1.0887296947790719,1.0958109156627844,6401,A_long
EURUSD,A,2025-04-08T19:00:00Z,sell,1.09723,1.0988021668831598,1.0925134993505203,6392,A_short
EURUSD,A,2025-04-09T00:15:00Z,sell,1.09891,1.0999912653230548,1.0956662040308358,6372,A_short
EURUSD,A,2025-04-09T00:45:00Z,sell,1.10147,1.1026824170648724,1.0978327488053827,6351,A_short
EURUSD,A,2025-04-09T01:00:00Z,sell,1.10183,1.103074094789556,1.098097715631332,6341,A_short
EURUSD,A,2025-04-09T01:15:00Z,sell,1.10379,1.1051722154842818,1.0996433535471548,6322,A_short
EURUSD,A,2025-04-09T04:15:00Z,sell,1.10616,1.1078800558415807,1.1009998324752581,6300,A_short
EURUSD,A,2025-04-09T12:15:00Z,sell,1.1079,1.110125394566895,1.1012238162993155,6280,A_short
EURUSD,A,2025-04-09T17:15:00Z,buy,1.09783,1.0944221517469848,1.108053544759046,6375,A_long
EURUSD,A,2025-04-09T18:00:00Z,buy,1.09297,1.0888782244112964,1.1052453267661106,6383,A_long
EURUSD,A,2025-04-10T12:30:00Z,sell,1.11115,1.1129755951641611,1.105673214507517,6348,A_short
EURUSD,A,2025-04-10T14:45:00Z,sell,1.11852,1.1206944048124767,1.1119967855625696,6295,A_short
EURUSD,A,2025-04-10T15:30:00Z,sell,1.1211,1.123818645147559,1.1129440645573232,6268,A_short
EURUSD,A,2025-04-10T23:45:00Z,sell,1.12576,1.1278583870029257,1.1194648389912232,6227,A_short
EURUSD,A,2025-04-11T00:15:00Z,sell,1.12752,1.1296523884599754,1.1211228346200741,6205,A_short
EURUSD,A,2025-04-11T00:30:00Z,sell,1.13128,1.1346160699986452,1.1212717900040647,6172,A_short
EURUSD,A,2025-04-11T06:00:00Z,buy,1.12613,1.1240313786805443,1.1324258639583675,6182,A_long
EURUSD,A,2025-04-11T08:30:00Z,sell,1.14251,1.1462940972995885,1.131157708101234,6126,A_short
EURUSD,A,2025-04-11T08:45:00Z,sell,1.14269,1.14663888432631,1.13084334702107,6105,A_short
EURUSD,A,2025-04-11T16:15:00Z,buy,1.12894,1.125944750023147,1.1379257499305593,6242,A_long
EURUSD,A,2025-04-14T01:00:00Z,sell,1.13777,1.139478422433433,1.1326447326997011,6242,A_short
EURUSD,A,2025-04-14T01:15:00Z,sell,1.13912,1.1409086327756417,1.1337541016730746,6225,A_short
EURUSD,A,2025-04-14T06:30:00Z,sell,1.14137,1.1432206211586369,1.1358181365240894,6202,A_short
EURUSD,A,2025-04-14T12:15:00Z,buy,1.1354,1.1336807248802467,1.1405578253592596,6264,A_long
EURUSD,A,2025-04-14T12:45:00Z,buy,1.13387,1.1319040555767186,1.139767833269844,6263,A_long
EURUSD,A,2025-04-14T13:00:00Z,buy,1.13156,1.1292481814998228,1.1384954555005313,6264,A_long
EURUSD,A,2025-04-15T14:00:00Z,buy,1.12897,1.1271330993573656,1.1344807019279033,6265,A_long
EURUSD,A,2025-04-15T16:30:00Z,buy,1.12701,1.125453098881239,1.1316807033562832,6265,A_long
EURUSD,A,2025-04-16T00:15:00Z,sell,1.13118,1.132129908927619,1.128330273217143,6267,A_short
EURUSD,A,2025-04-16T00:30:00Z,sell,1.13124,1.1322019210706034,1.12835423678819,6261,A_short
EURUSD,A,2025-04-16T05:30:00Z,sell,1.13563,1.1364565304201069,1.133150408739679,6231,A_short
EURUSD,A,2025-04-16T05:45:00Z,sell,1.13804,1.1392203263640925,1.1344990209077221,6213,A_short
EURUSD,A,2025-04-16T19:15:00Z,sell,1.14039,1.1418760131045032,1.1359319606864906,6218,A_short
EURUSD,A,2025-04-17T01:00:00Z,buy,1.13627,1.1353302432869639,1.139089270139108,6264,A_long
EURUSD,A,2025-04-17T05:30:00Z,buy,1.13452,1.1336159895364217,1.1372320313907347,6268,A_long
EURUSD,A,2025-04-17T12:15:00Z,buy,1.13427,1.1329258578125976,1.1383024265622068,6284,A_long
EURUSD,A,2025-04-18T00:15:00Z,sell,1.13813,1.1387032634239498,1.136410209728151,6284,A_short
EURUSD,A,2025-04-18T06:45:00Z,buy,1.13615,1.1355616920104632,1.1379149239686104,6304,A_long
EURUSD,A,2025-04-18T11:30:00Z,sell,1.13819,1.1386135029662499,1.1369194911012506,6302,A_short
EURUSD,A,2025-04-18T14:45:00Z,sell,1.1396,1.1400982971033278,1.1381051086900165,6291,A_short
EURUSD,A,2025-04-20T21:15:00Z,sell,1.14099,1.141576395671307,1.1392308129860789,6280,A_short
EURUSD,A,2025-04-20T21:30:00Z,sell,1.14095,1.1417302095817994,1.1386093712546015,6277,A_short
EURUSD,A,2025-04-20T21:45:00Z,sell,1.14245,1.1434901816375593,1.1393294550873219,6266,A_short
EURUSD,A,2025-04-20T22:00:00Z,sell,1.14185,1.1432368240858848,1.1376895277423458,6276,A_short
EURUSD,A,2025-04-20T22:15:00Z,sell,1.14207,1.1435585808744335,1.1376042573766991,6267,A_short
EURUSD,A,2025-04-20T22:45:00Z,sell,1.14323,1.1446497785234635,1.1389706644296094,6252,A_short
EURUSD,A,2025-04-21T00:00:00Z,sell,1.14696,1.1484037794334976,1.1426286616995072,6224,A_short
EURUSD,A,2025-04-21T02:15:00Z,sell,1.15128,1.1530982397885523,1.1458252806343434,6192,A_short
EURUSD,A,2025-04-21T07:30:00Z,sell,1.15389,1.1550846655637401,1.15030600330878,6168,A_short
EURUSD,A,2025-04-21T07:45:00Z,sell,1.15552,1.1570100434885748,1.151049869534276,6152,A_short
EURUSD,A,2025-04-21T09:00:00Z,sell,1.15675,1.158233333000169,1.1523000009994926,6137,A_short
EURUSD,A,2025-04-21T13:15:00Z,buy,1.15059,1.1490650968071012,1.1551647095786963,6193,A_long
EURUSD,A,2025-04-21T15:00:00Z,buy,1.14819,1.1467081690450234,1.15263549286493,6197,A_long
EURUSD,A,2025-04-22T00:00:00Z,buy,1.14991,1.149075619098164,1.1524131427055082,6211,A_long
EURUSD,A,2025-04-22T00:30:00Z,buy,1.14879,1.147877687233732,1.151526938298804,6212,A_long
EURUSD,A,2025-04-22T07:00:00Z,buy,1.14972,1.1482772939805908,1.154048118058228,6221,A_long
EURUSD,A,2025-04-22T12:15:00Z,buy,1.14693,1.1456135091050097,1.150879472684971,6228,A_long
EURUSD,A,2025-04-22T13:00:00Z,buy,1.14642,1.1451462013344316,1.1502413959967053,6223,A_long
EURUSD,A,2025-04-22T16:15:00Z,buy,1.1451,1.143647771382736,1.149456685851792,6223,A_long
EURUSD,A,2025-04-22T16:45:00Z,buy,1.14338,1.141991970505255,1.1475440884842352,6224,A_long
EURUSD,A,2025-04-22T21:15:00Z,buy,1.1408,1.1398336974169938,1.1436989077490187,6230,A_long
EURUSD,A,2025-04-22T21:30:00Z,buy,1.13783,1.1364552044280611,1.1419543867158162,6240,A_long
EURUSD,A,2025-04-22T21:45:00Z,buy,1.13623,1.1348171771709865,1.1404684684870408,6241,A_long
EURUSD,A,2025-04-22T22:00:00Z,buy,1.1358,1.1340928868815214,1.1409213393554354,6233,A_long
EURUSD,A,2025-04-22T22:15:00Z,buy,1.13169,1.129621168630652,1.137896494108044,6245,A_long
EURUSD,A,2025-04-23T08:45:00Z,sell,1.14128,1.1426621581340144,1.137133525597957,6226,A_short
EURUSD,A,2025-04-23T09:00:00Z,sell,1.14258,1.144020537049479,1.138258388851563,6211,A_short
EURUSD,A,2025-04-23T13:45:00Z,buy,1.13336,1.1312390923061315,1.1397227230816052,6284,A_long
EURUSD,A,2025-04-24T01:15:00Z,sell,1.13546,1.1365812945899403,1.1320961162301788,6261,A_short
EURUSD,A,2025-04-24T07:15:00Z,sell,1.1373,1.1382693900802174,1.1343918297593476,6244,A_short
EURUSD,A,2025-04-24T08:00:00Z,sell,1.13829,1.139265872594441,1.1353623822166774,6233,A_short
EURUSD,A,2025-04-24T15:15:00Z,buy,1.13578,1.1343883513091395,1.1399549460725815,6240,A_long
EURUSD,A,2025-04-25T07:00:00Z,sell,1.13613,1.1372828456550206,1.1326714630349386,6230,A_short
EURUSD,A,2025-04-25T20:00:00Z,buy,1.1358,1.1350214125565738,1.1381357623302781,6225,A_long
EURUSD,A,2025-04-28T04:45:00Z,sell,1.13719,1.137817657606253,1.1353070271812404,6213,A_short
EURUSD,A,2025-04-28T05:00:00Z,sell,1.13763,1.1382739699254194,1.1356980902237415,6207,A_short
EURUSD,A,2025-04-28T06:45:00Z,buy,1.13315,1.1321520210746256,1.1361439367761235,6241,A_long
EURUSD,A,2025-04-28T12:15:00Z,sell,1.13715,1.1381886766286329,1.1340339701141018,6235,A_short
EURUSD,A,2025-04-28T14:30:00Z,sell,1.13989,1.141657237439131,1.1345882876826074,6236,A_short
EURUSD,A,2025-04-29T01:45:00Z,buy,1.13922,1.1384622195747338,1.1414933412757982,6230,A_long
EURUSD,A,2025-04-29T12:30:00Z,sell,1.14036,1.1414837306305052,1.1369888081084845,6235,A_short
EURUSD,A,2025-04-30T01:45:00Z,buy,1.13584,1.1349162631949696,1.138611210415091,6253,A_long
EURUSD,A,2025-04-30T15:15:00Z,buy,1.13315,1.1314153790645893,1.1383538628062324,6283,A_long
EURUSD,A,2025-05-01T01:00:00Z,buy,1.13142,1.1308049861310938,1.133265041606719,6282,A_long
EURUSD,A,2025-05-01T01:45:00Z,buy,1.13079,1.130152724305189,1.132701827084433,6282,A_long
EURUSD,A,2025-05-01T05:15:00Z,buy,1.12884,1.1280269338439277,1.1312791984682171,6289,A_long
EURUSD,A,2025-05-01T08:15:00Z,sell,1.13275,1.1337817527606804,1.1296547417179585,6280,A_short
EURUSD,A,2025-05-01T14:00:00Z,buy,1.12945,1.1281086390083597,1.1334740829749212,6292,A_long
EURUSD,A,2025-05-01T14:45:00Z,buy,1.12815,1.1267691792300343,1.132292462309897,6291,A_long
EURUSD,A,2025-05-01T15:30:00Z,buy,1.12678,1.125388206449892,1.1309553806503239,6290,A_long
EURUSD,A,2025-05-02T03:30:00Z,sell,1.13108,1.1318298171488825,1.1288305485533527,6289,A_short
EURUSD,A,2025-05-02T06:15:00Z,sell,1.13271,1.1336025707342388,1.1300322877972842,6275,A_short
EURUSD,A,2025-05-02T09:30:00Z,sell,1.13477,1.135824124392186,1.131607626823442,6258,A_short
EURUSD,A,2025-05-02T13:30:00Z,sell,1.13673,1.138648483496806,1.130974549509582,6264,A_short
EURUSD,A,2025-05-05T01:00:00Z,sell,1.13317,1.133965200755484,1.1307843977335483,6314,A_short
EURUSD,A,2025-05-05T01:15:00Z,sell,1.13366,1.1344665073214193,1.1312404780357417,6307,A_short
EURUSD,A,2025-05-05T07:45:00Z,buy,1.13131,1.1303366499217893,1.1342300502346323,6315,A_long
EURUSD,A,2025-05-05T11:00:00Z,sell,1.1352,1.136163584562666,1.1323092463120017,6309,A_short
EURUSD,A,2025-05-05T15:00:00Z,buy,1.13307,1.1319591621826994,1.1364025134519018,6315,A_long
EURUSD,A,2025-05-05T15:30:00Z,buy,1.13198,1.1308880373727832,1.1352558878816503,6314,A_long
EURUSD,A,2025-05-05T16:00:00Z,buy,1.13006,1.128944970293335,1.1334050891199954,6318,A_long
EURUSD,A,2025-05-06T00:15:00Z,buy,1.12867,1.1279553933259456,1.1308138200221634,6319,A_long
EURUSD,A,2025-05-06T06:30:00Z,sell,1.13342,1.1342482384681447,1.1309352845955662,6304,A_short
EURUSD,A,2025-05-06T07:30:00Z,sell,1.13459,1.1355970636817516,1.131568808954745,6292,A_short
EURUSD,A,2025-05-06T13:45:00Z,sell,1.1353,1.1364603099673989,1.1318190700978032,6304,A_short
EURUSD,A,2025-05-06T17:15:00Z,sell,1.13666,1.1378489832144862,1.1330930503565413,6290,A_short
EURUSD,A,2025-05-06T22:00:00Z,buy,1.13412,1.1330318376760704,1.1373844869717888,6297,A_long
EURUSD,A,2025-05-06T22:15:00Z,buy,1.13291,1.1317389259859276,1.1364232220422175,6297,A_long
EURUSD,A,2025-05-07T05:45:00Z,sell,1.1365,1.137295233195433,1.1341143004137015,6296,A_short
EURUSD,A,2025-05-07T06:30:00Z,sell,1.13709,1.1380080703201083,1.1343357890396748,6288,A_short
EURUSD,A,2025-05-07T19:00:00Z,buy,1.13106,1.1293505851201897,1.1361882446394307,6336,A_long
EURUSD,A,2025-05-08T05:00:00Z,buy,1.13021,1.129264021773574,1.1330479346792774,6330,A_long
EURUSD,A,2025-05-08T06:15:00Z,buy,1.12856,1.1275097223458446,1.1317108329624663,6334,A_long
EURUSD,A,2025-05-08T15:30:00Z,buy,1.12623,1.1245994196149924,1.131121741155023,6340,A_long
EURUSD,A,2025-05-08T15:45:00Z,buy,1.12477,1.1229554969996602,1.1302135090010195,6339,A_long
EURUSD,A,2025-05-08T16:00:00Z,buy,1.12249,1.120586764066372,1.1281997078008839,6341,A_long
EURUSD,A,2025-05-09T02:00:00Z,buy,1.11997,1.1190741737898133,1.1226574786305596,6344,A_long
EURUSD,A,2025-05-09T07:30:00Z,sell,1.12573,1.1266776819252864,1.1228869542241404,6326,A_short
EURUSD,A,2025-05-09T14:15:00Z,sell,1.12867,1.1298623532107694,1.125092940367692,6304,A_short
EURUSD,A,2025-05-11T21:00:00Z,buy,1.12068,1.119474488020292,1.1242965359391235,6368,A_long
EURUSD,A,2025-05-12T07:00:00Z,buy,1.1159,1.114319629358813,1.1206411119235609,6388,A_long
EURUSD,A,2025-05-12T07:15:00Z,buy,1.11151,1.1094323454443047,1.117742963667086,6403,A_long
EURUSD,A,2025-05-12T08:00:00Z,buy,1.10933,1.107000386056633,1.1163188418301004,6403,A_long
EURUSD,A,2025-05-13T00:00:00Z,sell,1.11045,1.1110712303128207,1.1085863090615375,6383,A_short
EURUSD,A,2025-05-13T03:45:00Z,sell,1.11161,1.112280475612731,1.1095985731618072,6372,A_short
EURUSD,A,2025-05-13T12:30:00Z,sell,1.11303,1.1139877531794784,1.1101567404615647,6360,A_short
EURUSD,A,2025-05-13T13:00:00Z,sell,1.11372,1.1148269346103639,1.1103991961689086,6350,A_short
EURUSD,A,2025-05-13T13:30:00Z,sell,1.11456,1.1157173864406733,1.11108784067798,6338,A_short
EURUSD,A,2025-05-13T14:45:00Z,sell,1.11612,1.1175807210715614,1.111737836785316,6322,A_short
EURUSD,A,2025-05-13T22:45:00Z,sell,1.1197,1.120228122791762,1.1181156316247134,6293,A_short
EURUSD,A,2025-05-14T07:45:00Z,sell,1.12148,1.122638729438545,1.1180038116843654,6291,A_short
EURUSD,A,2025-05-14T08:00:00Z,sell,1.12264,1.1241535655134056,1.1180993034597835,6278,A_short
EURUSD,A,2025-05-14T08:15:00Z,sell,1.12405,1.1257177567782848,1.1190467296651456,6261,A_short
EURUSD,A,2025-05-14T09:15:00Z,sell,1.12542,1.1270543790882883,1.1205168627351354,6244,A_short
EURUSD,A,2025-05-14T16:30:00Z,buy,1.11856,1.1171972264144097,1.122648320756771,6308,A_long
EURUSD,A,2025-05-15T01:00:00Z,sell,1.11953,1.1201670142993378,1.117618957101986,6295,A_short
EURUSD,A,2025-05-15T06:15:00Z,sell,1.12077,1.1215949051298357,1.118295284610493,6283,A_short
EURUSD,A,2025-05-15T06:30:00Z,sell,1.12161,1.1225075844458576,1.118917246662427,6274,A_short
EURUSD,A,2025-05-15T06:45:00Z,sell,1.12269,1.1236452398530765,1.1198242804407703,6262,A_short
EURUSD,A,2025-05-15T11:30:00Z,buy,1.11857,1.1176237389467616,1.1214087831597155,6300,A_long
EURUSD,A,2025-05-15T13:00:00Z,sell,1.12203,1.1233394579575855,1.1181016261272438,6296,A_short
EURUSD,A,2025-05-16T00:00:00Z,sell,1.11974,1.1202642716284543,1.1181671851146369,6331,A_short
EURUSD,A,2025-05-16T00:30:00Z,sell,1.12002,1.1205475640231501,1.1184373079305496,6325,A_short
EURUSD,A,2025-05-16T00:45:00Z,sell,1.12046,1.1210372221533969,1.1187283335398095,6319,A_short
EURUSD,A,2025-05-16T05:00:00Z,sell,1.12095,1.121580134223868,1.1190595973283954,6313,A_short
EURUSD,A,2025-05-16T05:45:00Z,sell,1.12153,1.122211832559952,1.1194845023201438,6306,A_short
EURUSD,A,2025-05-16T10:00:00Z,buy,1.11899,1.1181456763891167,1.1215229708326497,6331,A_long
EURUSD,A,2025-05-16T14:30:00Z,buy,1.11579,1.1145685792722684,1.119454262183195,6344,A_long
EURUSD,A,2025-05-16T15:15:00Z,buy,1.11433,1.113110124047755,1.1179896278567352,6344,A_long
EURUSD,A,2025-05-18T21:00:00Z,sell,1.11758,1.1184383327368603,1.115005001789419,6319,A_short
EURUSD,A,2025-05-18T22:00:00Z,sell,1.11861,1.1195094540503205,1.1159116378490388,6307,A_short
EURUSD,A,2025-05-19T06:15:00Z,sell,1.12001,1.1208135841543407,1.1175992475369776,6294,A_short
EURUSD,A,2025-05-19T06:30:00Z,sell,1.12064,1.1215124396004288,1.118022681198714,6285,A_short
EURUSD,A,2025-05-19T07:00:00Z,sell,1.12159,1.1225130324109887,1.1188209027670344,6274,A_short
EURUSD,A,2025-05-19T07:15:00Z,sell,1.12278,1.12376529475619,1.1198241157314295,6262,A_short
EURUSD,A,2025-05-19T07:30:00Z,sell,1.1235,1.1245579221220314,1.1203262336339055,6252,A_short
EURUSD,A,2025-05-19T08:00:00Z,sell,1.12478,1.1258808392827702,1.121477482151689,6239,A_short
EURUSD,A,2025-05-19T14:15:00Z,buy,1.12437,1.1232819983183975,1.127634005044808,6234,A_long
EURUSD,A,2025-05-19T17:00:00Z,buy,1.12281,1.1218757382650408,1.1256127852048778,6236,A_long
EURUSD,A,2025-05-20T00:30:00Z,buy,1.12221,1.1217422186864834,1.1236133439405496,6234,A_long
EURUSD,A,2025-05-20T05:15:00Z,sell,1.12563,1.1263836175269137,1.1233691474192584,6222,A_short
EURUSD,A,2025-05-20T07:00:00Z,sell,1.12709,1.1280633798388238,1.1241698604835284,6210,A_short
EURUSD,A,2025-05-20T12:15:00Z,buy,1.12275,1.1219032208788176,1.125290337363547,6249,A_long
EURUSD,A,2025-05-20T14:45:00Z,sell,1.12684,1.1280049981848441,1.123345005445468,6240,A_short
EURUSD,A,2025-05-21T00:15:00Z,sell,1.12972,1.1301994232086927,1.128281730373922,6217,A_short
EURUSD,A,2025-05-21T02:00:00Z,sell,1.13177,1.132654784426964,1.1291156467191075,6203,A_short
EURUSD,A,2025-05-21T10:15:00Z,sell,1.13596,1.1371715042060853,1.1323254873817445,6174,A_short
EURUSD,A,2025-05-21T17:15:00Z,sell,1.13561,1.136709123288728,1.1323126301338158,6195,A_short
EURUSD,A,2025-05-21T19:45:00Z,buy,1.13188,1.1309471553243826,1.1346785340268521,6233,A_long
EURUSD,A,2025-05-22T07:30:00Z,buy,1.13124,1.1300879561122017,1.134696131663395,6231,A_long
EURUSD,A,2025-05-22T09:00:00Z,buy,1.12998,1.1286980874494579,1.1338257376516263,6231,A_long
EURUSD,A,2025-05-22T14:45:00Z,buy,1.12773,1.1265098840320051,1.1313903479039842,6236,A_long
EURUSD,A,2025-05-22T17:15:00Z,buy,1.12586,1.1247918506596186,1.1290644480211445,6239,A_long
EURUSD,A,2025-05-23T00:15:00Z,sell,1.12928,1.129729359516506,1.127931921450482,6237,A_short
EURUSD,A,2025-05-23T00:45:00Z,sell,1.12968,1.130162318925731,1.128233043222807,6232,A_short
EURUSD,A,2025-05-23T01:00:00Z,sell,1.13001,1.1305426764023003,1.1284119707930989,6227,A_short
EURUSD,A,2025-05-23T01:30:00Z,sell,1.13124,1.131859565831061,1.129381302506817,6216,A_short
EURUSD,A,2025-05-23T01:45:00Z,sell,1.13139,1.132037623720253,1.1294471288392407,6212,A_short
EURUSD,A,2025-05-23T07:15:00Z,sell,1.13331,1.1342403619905765,1.1305189140282705,6197,A_short
EURUSD,A,2025-05-23T07:45:00Z,sell,1.13395,1.134870049672922,1.131189850981234,6188,A_short
EURUSD,A,2025-05-23T12:00:00Z,buy,1.13088,1.1287218694341692,1.1373543916974929,6199,A_long
EURUSD,A,2025-05-25T22:00:00Z,sell,1.13784,1.1386521525637934,1.1354035423086197,6196,A_short
EURUSD,A,2025-05-26T00:15:00Z,sell,1.13928,1.1402179487522175,1.1364661537433478,6183,A_short
EURUSD,A,2025-05-26T01:45:00Z,sell,1.14124,1.1422777593958842,1.1381267218123476,6167,A_short
EURUSD,A,2025-05-26T12:15:00Z,buy,1.13696,1.1362765508757526,1.139010347372742,6206,A_long
EURUSD,A,2025-05-26T22:00:00Z,sell,1.13928,1.139706155257724,1.1380015342268286,6204,A_short
EURUSD,A,2025-05-27T00:00:00Z,sell,1.13986,1.1403369214410315,1.138429235676906,6198,A_short
EURUSD,A,2025-05-27T01:00:00Z,sell,1.14059,1.1411302696943664,1.1389691909169009,6191,A_short
EURUSD,A,2025-05-27T04:45:00Z,buy,1.13782,1.1371465940120833,1.1398402179637503,6214,A_long
EURUSD,A,2025-05-27T05:00:00Z,buy,1.13735,1.1366290481438057,1.1395128555685832,6212,A_long
EURUSD,A,2025-05-27T06:45:00Z,buy,1.1365,1.1355557993666745,1.1393326018999768,6212,A_long
EURUSD,A,2025-05-27T07:15:00Z,buy,1.13471,1.1336262226354135,1.13796133209376,6217,A_long
EURUSD,A,2025-05-28T00:15:00Z,sell,1.13446,1.134850874029887,1.133287377910339,6212,A_short
EURUSD,A,2025-05-28T01:30:00Z,buy,1.13183,1.1309403514716985,1.1344989455849042,6232,A_long
EURUSD,A,2025-05-28T02:30:00Z,buy,1.13111,1.130144682239668,1.1340059532809965,6230,A_long
EURUSD,A,2025-05-28T02:45:00Z,buy,1.13052,1.129496724607712,1.1335898261768635,6228,A_long
EURUSD,A,2025-05-28T12:00:00Z,buy,1.1312,1.1303884250612914,1.1336347248161256,6240,A_long
EURUSD,A,2025-05-28T13:00:00Z,buy,1.13008,1.1291162688034675,1.1329711935895974,6241,A_long
EURUSD,A,2025-05-28T15:30:00Z,buy,1.12878,1.1275999455402814,1.1323201633791553,6242,A_long
EURUSD,A,2025-05-28T23:15:00Z,buy,1.12697,1.1263420163526434,1.1288539509420699,6245,A_long
EURUSD,A,2025-05-28T23:30:00Z,buy,1.12103,1.1196670808389577,1.1251187574831267,6274,A_long
EURUSD,A,2025-05-29T06:15:00Z,sell,1.12704,1.1280659286243306,1.1239622141270083,6263,A_short
EURUSD,A,2025-05-29T07:00:00Z,sell,1.12797,1.128950765981527,1.1250277020554187,6252,A_short
EURUSD,A,2025-05-29T12:30:00Z,sell,1.13264,1.134051466676233,1.1284055999713016,6220,A_short
EURUSD,A,2025-05-29T12:45:00Z,sell,1.13494,1.1365099377860686,1.1302301866417945,6199,A_short
EURUSD,A,2025-05-29T17:30:00Z,sell,1.13826,1.139387674330534,1.1348769770083982,6172,A_short
EURUSD,A,2025-05-30T12:00:00Z,sell,1.13478,1.1357828136662922,1.131771559001123,6209,A_short
EURUSD,A,2025-05-30T12:30:00Z,sell,1.13561,1.1367616244871261,1.1321551265386216,6198,A_short
EURUSD,A,2025-06-02T00:00:00Z,sell,1.13702,1.1377725190199113,1.1347624429402658,6209,A_short
EURUSD,A,2025-06-02T01:15:00Z,sell,1.13797,1.1387593655762434,1.1356019032712696,6199,A_short
EURUSD,A,2025-06-02T06:15:00Z,sell,1.13906,1.139657566517685,1.1372673004469451,6205,A_short
EURUSD,A,2025-06-02T06:30:00Z,sell,1.14047,1.141193224315327,1.138300327054019,6194,A_short
EURUSD,A,2025-06-02T07:00:00Z,sell,1.14122,1.1420524662635123,1.1387226012094627,6185,A_short
EURUSD,A,2025-06-02T14:00:00Z,sell,1.14414,1.1453501491401776,1.1405095525794668,6165,A_short
EURUSD,A,2025-06-02T23:30:00Z,sell,1.14537,1.1458027502653854,1.144071749203844,6151,A_short
EURUSD,A,2025-06-03T01:45:00Z,buy,1.14277,1.1421356581866182,1.1446730254401456,6171,A_long
EURUSD,A,2025-06-03T10:45:00Z,buy,1.13976,1.1388131027062875,1.1426006918811378,6184,A_long
EURUSD,A,2025-06-03T11:15:00Z,buy,1.13868,1.1377763304771669,1.141391008568499,6184,A_long
EURUSD,A,2025-06-03T23:30:00Z,sell,1.13833,1.1387293863638086,1.1371318409085744,6180,A_short
EURUSD,A,2025-06-04T03:30:00Z,buy,1.13673,1.1360840959991905,1.1386677120024287,6186,A_long
EURUSD,A,2025-06-04T07:15:00Z,sell,1.1394,1.140224531167884,1.1369264064963478,6168,A_short
EURUSD,A,2025-06-04T12:15:00Z,sell,1.1401,1.1410293574281,1.1373119277156993,6159,A_short
EURUSD,A,2025-06-04T12:45:00Z,sell,1.14091,1.1418600506904397,1.1380598479286812,6149,A_short
EURUSD,A,2025-06-04T14:00:00Z,sell,1.14214,1.143354846039184,1.1384954618824477,6137,A_short
EURUSD,A,2025-06-04T14:45:00Z,sell,1.14326,1.1444849412586926,1.139585176223922,6124,A_short
EURUSD,A,2025-06-05T12:30:00Z,sell,1.14412,1.1451634843843066,1.1409895468470803,6112,A_short
EURUSD,A,2025-06-05T13:00:00Z,sell,1.14604,1.1476839504931013,1.1411081485206958,6096,A_short
EURUSD,A,2025-06-05T13:15:00Z,sell,1.14908,1.1510060904273547,1.1433017287179363,6071,A_short
EURUSD,A,2025-06-06T02:00:00Z,buy,1.14382,1.1432772074848574,1.145448377545428,6128,A_long
EURUSD,A,2025-06-06T07:15:00Z,buy,1.14226,1.141588011775823,1.1442759646725311,6134,A_long
EURUSD,A,2025-06-06T08:45:00Z,buy,1.14142,1.1406844547925727,1.1436266356222822,6134,A_long
EURUSD,A,2025-06-06T12:00:00Z,buy,1.14058,1.139812808114546,1.1428815756563617,6134,A_long
EURUSD,A,2025-06-06T12:30:00Z,buy,1.13991,1.1385904647615923,1.143868605715223,6133,A_long
EURUSD,A,2025-06-06T13:00:00Z,buy,1.13939,1.1380163046431515,1.143511086070545,6128,A_long
EURUSD,A,2025-06-06T13:15:00Z,buy,1.13765,1.1361101306907315,1.1422696079278056,6130,A_long
EURUSD,A,2025-06-09T02:00:00Z,sell,1.14221,1.1429069621330616,1.1401191136008149,6129,A_short
EURUSD,A,2025-06-09T06:45:00Z,sell,1.14271,1.1432466621360182,1.141100013591945,6122,A_short
EURUSD,A,2025-06-09T08:30:00Z,sell,1.14336,1.1440611219147043,1.1412566342558867,6115,A_short
EURUSD,A,2025-06-09T11:30:00Z,buy,1.14103,1.1402704089158842,1.1433087732523475,6138,A_long
EURUSD,A,2025-06-09T12:45:00Z,buy,1.14001,1.1391880892807973,1.142475732157608,6139,A_long
EURUSD,A,2025-06-09T13:00:00Z,buy,1.13951,1.138641677376691,1.1421149678699272,6137,A_long
EURUSD,A,2025-06-10T00:00:00Z,sell,1.14321,1.1436027242379208,1.142031827286238,6112,A_short
EURUSD,A,2025-06-10T01:30:00Z,buy,1.14087,1.1401322604004511,1.1430832187986468,6130,A_long
EURUSD,A,2025-06-10T01:45:00Z,buy,1.13967,1.1388346256803907,1.1421761229588276,6132,A_long
EURUSD,A,2025-06-10T02:00:00Z,buy,1.13923,1.1383620089230053,1.141833973230984,6130,A_long
EURUSD,A,2025-06-10T07:00:00Z,buy,1.13779,1.136701437832245,1.141055686503265,6132,A_long
EURUSD,A,2025-06-10T13:15:00Z,sell,1.14456,1.1454421496639433,1.1419135510081702,6113,A_short
EURUSD,A,2025-06-10T23:00:00Z,sell,1.14321,1.143648418048102,1.1418947458556945,6133,A_short
EURUSD,A,2025-06-10T23:30:00Z,sell,1.1438,1.1443592562227964,1.1421222313316104,6128,A_short
EURUSD,A,2025-06-11T01:45:00Z,buy,1.14083,1.1400625444757073,1.143132366572878,6152,A_long
EURUSD,A,2025-06-11T08:30:00Z,sell,1.1438,1.1446089129972754,1.1413732610081735,6147,A_short
EURUSD,A,2025-06-11T12:30:00Z,sell,1.14707,1.1484821309334634,1.14283360719961,6125,A_short
EURUSD,A,2025-06-11T22:45:00Z,sell,1.15055,1.151092718396519,1.148921844810443,6099,A_short
EURUSD,A,2025-06-11T23:00:00Z,sell,1.15096,1.1515463559436498,1.1492009321690504,6093,A_short
EURUSD,A,2025-06-12T05:45:00Z,sell,1.15278,1.1534223403181085,1.150852979045674,6080,A_short
EURUSD,A,2025-06-12T08:30:00Z,sell,1.15374,1.154661352139788,1.1509759435806362,6084,A_short
EURUSD,A,2025-06-12T08:45:00Z,sell,1.15443,1.155371171854483,1.1516064844365512,6075,A_short
EURUSD,A,2025-06-12T09:00:00Z,sell,1.15587,1.1569803489405517,1.1525389531783448,6062,A_short
EURUSD,A,2025-06-12T09:45:00Z,sell,1.1572,1.1585757619621904,1.153072714113429,6049,A_short
EURUSD,A,2025-06-12T10:00:00Z,sell,1.15771,1.159168993700565,1.1533330188983053,6038,A_short
EURUSD,A,2025-06-12T10:15:00Z,sell,1.15901,1.1605064612071563,1.1545206163785315,6024,A_short
EURUSD,A,2025-06-12T12:30:00Z,sell,1.16276,1.1644074864164664,1.1578175407506008,5996,A_short
EURUSD,A,2025-06-12T22:00:00Z,sell,1.15924,1.1597291378726589,1.1577725863820236,6039,A_short
EURUSD,A,2025-06-12T23:45:00Z,sell,1.16084,1.1613802610544366,1.1592192168366906,6027,A_short
EURUSD,A,2025-06-13T00:30:00Z,buy,1.15453,1.1527403604336008,1.1598989186991977,6057,A_long
EURUSD,A,2025-06-13T05:15:00Z,buy,1.15133,1.1499884155136653,1.155354753459004,6064,A_long
EURUSD,A,2025-06-13T10:45:00Z,buy,1.15046,1.1490845824183633,1.1545862527449102,6089,A_long
EURUSD,A,2025-06-13T11:00:00Z,buy,1.14964,1.148234638095915,1.153856085712255,6086,A_long
EURUSD,A,2025-06-13T14:00:00Z,sell,1.154,1.1552847987043782,1.1501456038868652,6084,A_short
EURUSD,A,2025-06-13T15:15:00Z,sell,1.15636,1.1576162449189726,1.1525912652430823,6064,A_short
EURUSD,A,2025-06-16T05:00:00Z,sell,1.1546,1.1552894543429262,1.1525316369712217,6093,A_short
EURUSD,A,2025-06-16T05:15:00Z,sell,1.15554,1.1563015270972026,1.1532554187083923,6083,A_short
EURUSD,A,2025-06-16T06:45:00Z,sell,1.15734,1.158455251527157,1.1539942454185295,6069,A_short
EURUSD,A,2025-06-16T13:00:00Z,sell,1.15945,1.16037884347768,1.1566634695669602,6052,A_short
EURUSD,A,2025-06-16T13:45:00Z,sell,1.1601,1.1611649034431,1.1569052896706997,6043,A_short
EURUSD,A,2025-06-16T14:00:00Z,sell,1.16094,1.1620615829840202,1.1575752510479398,6033,A_short
EURUSD,A,2025-06-16T19:30:00Z,buy,1.15608,1.155361826427496,1.1582345207175118,6075,A_long
EURUSD,A,2025-06-17T00:00:00Z,buy,1.15504,1.1544596057501033,1.1567811827496903,6076,A_long
EURUSD,A,2025-06-17T00:30:00Z,buy,1.15465,1.1540743260967443,1.1563770217097669,6075,A_long
EURUSD,A,2025-06-17T11:00:00Z,sell,1.15722,1.157916304429936,1.1551310867101914,6070,A_short
EURUSD,A,2025-06-17T14:15:00Z,buy,1.15372,1.1526690574931404,1.156872827520579,6084,A_long
EURUSD,A,2025-06-17T14:30:00Z,buy,1.15113,1.1498565164940548,1.1549504505178354,6092,A_long
EURUSD,A,2025-06-18T00:30:00Z,sell,1.14939,1.150040776245685,1.1474376712629446,6094,A_short
EURUSD,A,2025-06-18T06:15:00Z,sell,1.15143,1.1520185288400198,1.1496644134799405,6079,A_short
EURUSD,A,2025-06-18T07:00:00Z,sell,1.15179,1.1525206245515625,1.149598126345313,6073,A_short
EURUSD,A,2025-06-18T10:45:00Z,buy,1.14935,1.1485667959667978,1.151699612099607,6097,A_long
EURUSD,A,2025-06-18T15:15:00Z,sell,1.15293,1.1542417640461582,1.1489947078615255,6073,A_short
EURUSD,A,2025-06-18T18:45:00Z,buy,1.14749,1.1459394860682013,1.1521415417953957,6122,A_long
EURUSD,A,2025-06-19T01:45:00Z,buy,1.14529,1.1443436497678239,1.148129050696528,6125,A_long
EURUSD,A,2025-06-19T18:00:00Z,sell,1.14845,1.1492374007407717,1.1460877977776847,6123,A_short
EURUSD,A,2025-06-19T19:15:00Z,sell,1.14971,1.150396089564765,1.1476517313057053,6112,A_short
EURUSD,A,2025-06-19T23:15:00Z,sell,1.1509,1.1514892424380418,1.1491322726858746,6101,A_short
EURUSD,A,2025-06-20T00:00:00Z,sell,1.15161,1.1522116846330008,1.1498049461009976,6094,A_short
EURUSD,A,2025-06-20T00:45:00Z,sell,1.15225,1.1528535084855416,1.1504394745433753,6087,A_short
EURUSD,A,2025-06-20T03:45:00Z,sell,1.15293,1.1536108694732319,1.1508873915803044,6080,A_short
EURUSD,A,2025-06-20T14:30:00Z,buy,1.14996,1.1490349870784076,1.1527350387647777,6105,A_long
EURUSD,A,2025-06-20T16:30:00Z,sell,1.15345,1.1543981470612603,1.1506055588162194,6101,A_short
EURUSD,A,2025-06-22T21:00:00Z,buy,1.14693,1.1455354988675794,1.1511135033972617,6174,A_long
EURUSD,A,2025-06-23T05:45:00Z,sell,1.1513,1.1520407362193057,1.1490777913420829,6172,A_short
EURUSD,A,2025-06-23T09:00:00Z,buy,1.14654,1.145356012105628,1.1500919636831153,6193,A_long
EURUSD,A,2025-06-23T13:30:00Z,sell,1.14876,1.1498865289847873,1.1453804130456382,6174,A_short
EURUSD,A,2025-06-23T14:00:00Z,sell,1.15203,1.1534379262152403,1.1478062213542795,6150,A_short
EURUSD,A,2025-06-23T14:15:00Z,sell,1.15296,1.1544642027198748,1.1484473918403755,6137,A_short
EURUSD,A,2025-06-23T22:00:00Z,sell,1.15923,1.1599098094378748,1.1571905716863755,6095,A_short
EURUSD,A,2025-06-23T22:15:00Z,sell,1.15999,1.160728501512825,1.1577744954615252,6088,A_short
EURUSD,A,2025-06-23T23:30:00Z,sell,1.16066,1.161563486317302,1.1579495410480938,6080,A_short
EURUSD,A,2025-06-24T13:15:00Z,buy,1.15829,1.1572944352664776,1.1612766942005674,6087,A_long
EURUSD,A,2025-06-24T14:15:00Z,sell,1.16331,1.1646696212218102,1.1592311363345698,6076,A_short
EURUSD,A,2025-06-25T07:45:00Z,buy,1.15987,1.1590106945378185,1.1624479163865444,6114,A_long
EURUSD,A,2025-06-25T14:30:00Z,sell,1.16199,1.1628947650469945,1.1592757048590168,6098,A_short
EURUSD,A,2025-06-25T18:30:00Z,sell,1.16559,1.1662757897080056,1.1635326308759828,6074,A_short
EURUSD,A,2025-06-25T19:00:00Z,sell,1.16629,1.166942526491791,1.1643324205246273,6066,A_short
EURUSD,A,2025-06-25T23:00:00Z,sell,1.16744,1.1679784964427424,1.1658245106717728,6056,A_short
EURUSD,A,2025-06-25T23:30:00Z,sell,1.1677,1.1683011817725488,1.1658964546823534,6052,A_short
EURUSD,A,2025-06-25T23:45:00Z,sell,1.16831,1.1689550242028757,1.1663749273913728,6045,A_short
EURUSD,A,2025-06-26T07:45:00Z,sell,1.17101,1.1720469880283875,1.167899035914838,6027,A_short
EURUSD,A,2025-06-26T08:00:00Z,sell,1.1732,1.174436056291269,1.169491831126193,6010,A_short
EURUSD,A,2025-06-26T08:30:00Z,sell,1.17386,1.1751500156143309,1.169989953157007,6000,A_short
EURUSD,A,2025-06-26T16:30:00Z,sell,1.17373,1.1749513161627676,1.170066051511697,6020,A_short
EURUSD,A,2025-06-26T20:15:00Z,buy,1.16974,1.1689252872851255,1.1721841381446236,6058,A_long
EURUSD,A,2025-06-27T06:45:00Z,sell,1.17186,1.1727195986950056,1.1692812039149827,6043,A_short
EURUSD,A,2025-06-27T12:30:00Z,sell,1.17282,1.1738773626453027,1.1696479120640917,6033,A_short
EURUSD,A,2025-06-27T12:45:00Z,sell,1.17468,1.175879047625929,1.1710828571222125,6017,A_short
EURUSD,A,2025-06-27T17:30:00Z,buy,1.17053,1.1695306317207792,1.1735281048376627,6056,A_long
EURUSD,A,2025-06-27T17:45:00Z,buy,1.1702,1.1691712141580084,1.1732863575259744,6052,A_long
EURUSD,A,2025-06-27T18:00:00Z,buy,1.16954,1.1684417189369407,1.172834843189178,6050,A_long
EURUSD,A,2025-06-30T05:00:00Z,sell,1.17349,1.1741839907959464,1.1714080276121606,6046,A_short
EURUSD,A,2025-06-30T06:45:00Z,sell,1.17432,1.1752774076638013,1.1714477770085963,6038,A_short
EURUSD,A,2025-06-30T14:15:00Z,sell,1.17353,1.1744291665471358,1.1708325003585924,6056,A_short
EURUSD,A,2025-06-30T14:30:00Z,sell,1.1747,1.1756632776741844,1.171810166977447,6045,A_short
EURUSD,A,2025-06-30T15:45:00Z,sell,1.17697,1.1782731237761066,1.1730606286716805,6028,A_short
EURUSD,A,2025-07-01T00:00:00Z,sell,1.17938,1.1798643999106666,1.1779268002680006,6008,A_short
EURUSD,A,2025-07-01T08:45:00Z,sell,1.18043,1.1815545191188606,1.1770564426434187,6000,A_short
EURUSD,A,2025-07-01T09:15:00Z,sell,1.18146,1.1826319276937218,1.1779442169188343,5989,A_short
EURUSD,A,2025-07-01T09:30:00Z,sell,1.18209,1.1833190040012258,1.178402987996323,5979,A_short
EURUSD,A,2025-07-01T14:00:00Z,buy,1.17916,1.1780299727383619,1.1825500817849144,6012,A_long
EURUSD,A,2025-07-01T14:30:00Z,buy,1.17837,1.177109312856814,1.1821520614295578,6010,A_long
EURUSD,A,2025-07-01T15:15:00Z,buy,1.17711,1.1759273838063469,1.1806578485809598,6009,A_long
EURUSD,A,2025-07-02T05:45:00Z,buy,1.17871,1.1782163536957684,1.1801909389126946,6018,A_long
EURUSD,A,2025-07-02T06:30:00Z,buy,1.17808,1.1774753360206234,1.17989399193813,6018,A_long
EURUSD,A,2025-07-02T06:45:00Z,buy,1.17813,1.1774886245512068,1.180054126346379,6015,A_long
EURUSD,A,2025-07-02T11:30:00Z,buy,1.17569,1.1748886316040406,1.178094105187878,6023,A_long
EURUSD,A,2025-07-02T11:45:00Z,buy,1.17494,1.174093480723502,1.1774795578294945,6023,A_long
EURUSD,A,2025-07-03T00:15:00Z,sell,1.18034,1.1807420674156646,1.179133797753006,6007,A_short
EURUSD,A,2025-07-03T00:30:00Z,sell,1.18074,1.1811844584269093,1.1794066247192716,6003,A_short
EURUSD,A,2025-07-03T06:45:00Z,sell,1.18021,1.180740267552724,1.1786191973418276,6012,A_short
EURUSD,A,2025-07-03T07:15:00Z,sell,1.18073,1.1813678454062684,1.178816463781195,6006,A_short
EURUSD,A,2025-07-03T12:30:00Z,buy,1.1735,1.1720023951601404,1.1779928145195788,6052,A_long
EURUSD,A,2025-07-03T12:45:00Z,buy,1.17382,1.1722314091387884,1.178585772583635,6042,A_long
EURUSD,A,2025-07-03T23:30:00Z,sell,1.17708,1.1775307945842788,1.1757276162471633,6049,A_short
EURUSD,A,2025-07-04T04:30:00Z,sell,1.17791,1.1783932957028678,1.1764601128913967,6051,A_short
EURUSD,A,2025-07-04T05:00:00Z,sell,1.17834,1.1788064754390428,1.1769405736828713,6046,A_short
EURUSD,A,2025-07-04T12:00:00Z,buy,1.17657,1.1759940259609514,1.1782979221171455,6062,A_long
EURUSD,A,2025-07-07T00:00:00Z,sell,1.17882,1.179314798078091,1.1773356057657272,6058,A_short
EURUSD,A,2025-07-07T06:30:00Z,buy,1.17523,1.174569869547449,1.1772103913576533,6084,A_long
EURUSD,A,2025-07-07T07:30:00Z,buy,1.17471,1.1739656372176728,1.1769430883469814,6082,A_long
EURUSD,A,2025-07-07T08:00:00Z,buy,1.17389,1.1730837008434967,1.1763088974695104,6082,A_long
EURUSD,A,2025-07-07T08:45:00Z,buy,1.17241,1.1715415676305665,1.1750152971083003,6085,A_long
EURUSD,A,2025-07-07T16:30:00Z,buy,1.17093,1.1698420386031945,1.1741938841904167,6088,A_long
EURUSD,A,2025-07-07T16:45:00Z,buy,1.16939,1.1681297667894353,1.173170699631694,6090,A_long
EURUSD,A,2025-07-07T22:30:00Z,sell,1.17339,1.1740563136745585,1.1713910589763241,6088,A_short
EURUSD,A,2025-07-08T00:00:00Z,sell,1.17464,1.1752829452906386,1.1727111641280838,6078,A_short
EURUSD,A,2025-07-08T07:00:00Z,sell,1.17534,1.1760647952973724,1.173165614107883,6070,A_short
EURUSD,A,2025-07-08T07:30:00Z,sell,1.17592,1.1766676906900264,1.173676927929921,6063,A_short
EURUSD,A,2025-07-08T13:15:00Z,buy,1.17006,1.1692117776795765,1.1726046669612709,6104,A_long
EURUSD,A,2025-07-08T14:00:00Z,buy,1.16893,1.1679157527591197,1.1719727417226409,6105,A_long
EURUSD,A,2025-07-09T02:30:00Z,buy,1.17066,1.1700448813561355,1.1725053559315937,6111,A_long
EURUSD,A,2025-07-09T06:45:00Z,sell,1.17258,1.1731929405198525,1.1707411784404425,6110,A_short
EURUSD,A,2025-07-09T11:45:00Z,buy,1.16909,1.168331126783671,1.1713666196489871,6138,A_long
EURUSD,A,2025-07-09T23:45:00Z,sell,1.17378,1.1742670806608353,1.1723187580174943,6124,A_short
EURUSD,A,2025-07-10T00:00:00Z,sell,1.17439,1.1749668032393907,1.172659590281828,6118,A_short
EURUSD,A,2025-07-10T07:30:00Z,buy,1.1728,1.1722185295376135,1.1745444113871597,6134,A_long
EURUSD,A,2025-07-10T11:00:00Z,buy,1.17218,1.1716464309978907,1.173780707006328,6134,A_long
EURUSD,A,2025-07-10T11:30:00Z,buy,1.17153,1.1709970526161935,1.1731288421514194,6134,A_long
EURUSD,A,2025-07-10T11:45:00Z,buy,1.17114,1.1705647789340343,1.1728656631978973,6133,A_long
EURUSD,A,2025-07-10T12:15:00Z,buy,1.17078,1.1701763006215635,1.1725910981353092,6131,A_long
EURUSD,A,2025-07-10T12:30:00Z,buy,1.17041,1.1698027938720217,1.1722316183839347,6131,A_long
EURUSD,A,2025-07-10T14:15:00Z,buy,1.16678,1.16563405155284,1.1702178453414795,6146,A_long
EURUSD,A,2025-07-11T00:15:00Z,buy,1.16771,1.1669928205989524,1.169861538203143,6159,A_long
EURUSD,A,2025-07-11T00:30:00Z,buy,1.16707,1.1662657778524255,1.1694826664427238,6158,A_long
EURUSD,A,2025-07-11T07:15:00Z,sell,1.16945,1.1702342866074578,1.1670971401776271,6158,A_short
EURUSD,A,2025-07-11T13:30:00Z,sell,1.17025,1.1712544904583229,1.1672365286250315,6149,A_short
EURUSD,A,2025-07-13T21:00:00Z,buy,1.16689,1.166091750014025,1.1692847499579246,6185,A_long
EURUSD,A,2025-07-14T06:00:00Z,buy,1.16612,1.1654591402274541,1.1681025793176378,6201,A_long
EURUSD,A,2025-07-14T06:15:00Z,buy,1.16577,1.165090588197127,1.167808235408619,6199,A_long
EURUSD,A,2025-07-14T13:15:00Z,buy,1.16774,1.167134232249316,1.1695573032520523,6198,A_long
EURUSD,A,2025-07-14T16:00:00Z,buy,1.16669,1.1656689907270625,1.1697530278188124,6213,A_long
EURUSD,A,2025-07-15T13:30:00Z,buy,1.16479,1.1635340824815013,1.1685577525554962,6217,A_long
EURUSD,A,2025-07-15T14:00:00Z,buy,1.16358,1.162315510841661,1.1673734674750174,6216,A_long
EURUSD,A,2025-07-15T14:15:00Z,buy,1.16217,1.160870109396106,1.1660696718116816,6217,A_long
EURUSD,A,2025-07-15T23:30:00Z,sell,1.16068,1.1609781054235917,1.1597856837292246,6217,A_short
EURUSD,A,2025-07-16T00:30:00Z,sell,1.16111,1.161506000572903,1.1599219982812914,6213,A_short
EURUSD,A,2025-07-16T04:45:00Z,sell,1.16195,1.1623333360483037,1.160799991855089,6206,A_short
EURUSD,A,2025-07-16T06:45:00Z,sell,1.16274,1.163205852377609,1.1613424428671735,6199,A_short
EURUSD,A,2025-07-16T11:15:00Z,buy,1.16099,1.1604613779221806,1.162575866233458,6215,A_long
EURUSD,A,2025-07-16T11:45:00Z,buy,1.16034,1.1597475683059935,1.1621172950820193,6215,A_long
EURUSD,A,2025-07-16T12:15:00Z,buy,1.15945,1.1588057290831686,1.1613828127504946,6216,A_long
EURUSD,A,2025-07-16T13:15:00Z,buy,1.15814,1.1570811547327284,1.1613165358018145,6219,A_long
EURUSD,A,2025-07-16T13:45:00Z,buy,1.15723,1.1561166451103604,1.1605700646689188,6218,A_long
EURUSD,A,2025-07-16T15:15:00Z,sell,1.16853,1.1709732609959074,1.1612002170122782,6175,A_short
EURUSD,A,2025-07-16T15:30:00Z,sell,1.16893,1.1715914928631197,1.160945521410641,6159,A_short
EURUSD,A,2025-07-17T06:00:00Z,buy,1.16081,1.160274303787707,1.1624170886368785,6244,A_long
EURUSD,A,2025-07-17T06:15:00Z,buy,1.15827,1.1574537299493461,1.1607188101519612,6254,A_long
EURUSD,A,2025-07-17T06:30:00Z,buy,1.15781,1.1569372326227667,1.1604283021317,6251,A_long
EURUSD,A,2025-07-17T11:45:00Z,buy,1.15744,1.1567832672527614,1.159410198241716,6267,A_long
EURUSD,A,2025-07-17T22:30:00Z,sell,1.16135,1.161894775967743,1.1597156720967716,6242,A_short
EURUSD,A,2025-07-17T22:45:00Z,sell,1.16167,1.1622261391720439,1.1600015824838683,6237,A_short
EURUSD,A,2025-07-18T05:15:00Z,buy,1.1615,1.1611103375937237,1.1626689872188287,6234,A_long
EURUSD,A,2025-07-18T08:00:00Z,sell,1.16374,1.1644146162940356,1.161716151117893,6228,A_short
EURUSD,A,2025-07-18T12:00:00Z,sell,1.1658,1.1665103186773322,1.163669043968003,6213,A_short
EURUSD,A,2025-07-18T13:15:00Z,sell,1.16629,1.167200408918733,1.1635587732438015,6206,A_short
EURUSD,A,2025-07-18T16:15:00Z,buy,1.1633,1.1623075169302375,1.1662774492092876,6236,A_long
EURUSD,A,2025-07-21T05:15:00Z,sell,1.16315,1.1635381810519165,1.16198545684425,6230,A_short
EURUSD,A,2025-07-21T06:30:00Z,sell,1.16406,1.1645288320623004,1.1626535038130992,6223,A_short
EURUSD,A,2025-07-21T11:00:00Z,sell,1.16591,1.166660256194339,1.1636592314169827,6210,A_short
EURUSD,A,2025-07-21T11:45:00Z,sell,1.16676,1.167482101587841,1.1645936952364773,6201,A_short
EURUSD,A,2025-07-21T14:30:00Z,sell,1.16882,1.169657673898544,1.1663069783043678,6186,A_short
EURUSD,A,2025-07-21T14:45:00Z,sell,1.16965,1.170539984045405,1.1669800478637855,6176,A_short
EURUSD,A,2025-07-21T15:00:00Z,sell,1.17054,1.1714753195060175,1.1677340414819473,6166,A_short
EURUSD,A,2025-07-21T15:15:00Z,sell,1.1713,1.172267943571882,1.1683961692843543,6157,A_short
EURUSD,A,2025-07-22T08:30:00Z,sell,1.16988,1.1705774705901786,1.1677875882294644,6179,A_short
EURUSD,A,2025-07-22T09:45:00Z,sell,1.17051,1.1711671856695824,1.1685384429912524,6172,A_short
EURUSD,A,2025-07-22T13:00:00Z,buy,1.16831,1.1674617946770236,1.170854615968929,6193,A_long
EURUSD,A,2025-07-22T14:45:00Z,sell,1.17224,1.1733635744249227,1.1688692767252318,6185,A_short
EURUSD,A,2025-07-22T15:15:00Z,sell,1.17332,1.1745007292347196,1.1697778122958409,6173,A_short
EURUSD,A,2025-07-22T15:30:00Z,sell,1.17416,1.175388632003424,1.1704741039897286,6162,A_short
EURUSD,A,2025-07-22T16:00:00Z,sell,1.1755,1.1767391947047938,1.1717824158856185,6148,A_short
EURUSD,A,2025-07-23T13:30:00Z,buy,1.17164,1.1708620303136077,1.173973909059177,6187,A_long
EURUSD,A,2025-07-24T06:15:00Z,buy,1.17665,1.1762122793547714,1.1779631619356858,6172,A_long
EURUSD,A,2025-07-24T06:45:00Z,buy,1.1757,1.1752147787153617,1.1771556638539147,6174,A_long
EURUSD,A,2025-07-24T09:00:00Z,buy,1.17539,1.1746974801330887,1.1774675596007336,6173,A_long
EURUSD,A,2025-07-24T12:30:00Z,buy,1.17377,1.1730028633337097,1.1760714099988707,6177,A_long
EURUSD,A,2025-07-24T14:00:00Z,sell,1.17873,1.1801537218436284,1.174458834469115,6163,A_short
EURUSD,A,2025-07-24T21:00:00Z,buy,1.17425,1.1735402181512649,1.1763793455462055,6208,A_long
EURUSD,A,2025-07-25T06:30:00Z,sell,1.17583,1.1764965733172787,1.1738302800481635,6195,A_short
EURUSD,A,2025-07-25T11:00:00Z,buy,1.17216,1.1714114773252116,1.1744055680243657,6225,A_long
EURUSD,A,2025-07-25T11:15:00Z,buy,1.17129,1.1704986136818498,1.1736641589544503,6225,A_long
EURUSD,A,2025-07-25T18:45:00Z,sell,1.17454,1.1751495306356488,1.1727114080930534,6203,A_short
EURUSD,A,2025-07-27T21:00:00Z,sell,1.17552,1.1761952959387592,1.1734941121837221,6192,A_short
EURUSD,A,2025-07-27T21:30:00Z,sell,1.17594,1.176578688949557,1.1740239331513287,6185,A_short
EURUSD,A,2025-07-28T06:15:00Z,buy,1.17179,1.1709223080313844,1.1743930759058472,6204,A_long
EURUSD,A,2025-07-28T07:15:00Z,buy,1.1709,1.1699492596480863,1.1737522210557414,6203,A_long
EURUSD,A,2025-07-28T07:30:00Z,buy,1.16911,1.168035358361675,1.1723339249149756,6207,A_long
EURUSD,A,2025-07-28T07:45:00Z,buy,1.16745,1.1662346439134514,1.171096068259646,6210,A_long
EURUSD,A,2025-07-28T13:15:00Z,buy,1.16379,1.1626662002207118,1.1671613993378651,6222,A_long
EURUSD,A,2025-07-28T15:00:00Z,buy,1.16256,1.1614583791640625,1.1658648625078127,6222,A_long
EURUSD,A,2025-07-28T15:30:00Z,buy,1.16153,1.1604161603498957,1.1648715189503127,6221,A_long
EURUSD,A,2025-07-29T04:00:00Z,buy,1.15802,1.1574808118832938,1.1596375643501189,6234,A_long
EURUSD,A,2025-07-29T04:15:00Z,buy,1.15783,1.1572720369655212,1.1595038891034362,6231,A_long
EURUSD,A,2025-07-29T06:30:00Z,buy,1.15629,1.155366190215005,1.1590614293549852,6236,A_long
EURUSD,A,2025-07-29T06:45:00Z,buy,1.15336,1.1521233648530043,1.157069905440987,6246,A_long
EURUSD,A,2025-07-30T00:00:00Z,sell,1.15566,1.1560072557468157,1.1546182327595524,6253,A_short
EURUSD,A,2025-07-30T00:15:00Z,sell,1.15616,1.1565502883139072,1.1549891350582788,6248,A_short
EURUSD,A,2025-07-30T00:45:00Z,sell,1.15671,1.1571129276668901,1.1555012169993293,6242,A_short
EURUSD,A,2025-07-30T01:00:00Z,sell,1.15695,1.157361870644638,1.1557143880660856,6238,A_short
EURUSD,A,2025-07-30T10:15:00Z,buy,1.15421,1.1535176771790492,1.1562869684628523,6259,A_long
EURUSD,A,2025-07-30T10:30:00Z,buy,1.15392,1.1531786535551762,1.1561440393344715,6257,A_long
EURUSD,A,2025-07-30T11:00:00Z,buy,1.15323,1.152462677559221,1.1555319673223368,6256,A_long
EURUSD,A,2025-07-30T11:30:00Z,buy,1.15248,1.1517187667000373,1.154763699899888,6255,A_long
EURUSD,A,2025-07-30T12:15:00Z,buy,1.15114,1.1502275645748095,1.1538773062755718,6258,A_long
EURUSD,A,2025-07-30T12:30:00Z,buy,1.1489,1.1476852226315015,1.1525443321054956,6265,A_long
EURUSD,A,2025-07-30T12:45:00Z,buy,1.14728,1.1459111929473014,1.1513864211580962,6266,A_long
EURUSD,A,2025-07-30T13:00:00Z,buy,1.14622,1.144739033887661,1.1506628983370168,6264,A_long
EURUSD,A,2025-07-30T18:45:00Z,buy,1.14242,1.140698276102839,1.1475851716914829,6276,A_long
EURUSD,A,2025-07-31T06:15:00Z,sell,1.14495,1.1457671764994246,1.1424984705017258,6253,A_short
EURUSD,A,2025-07-31T06:45:00Z,sell,1.14583,1.1467031681262345,1.143210495621296,6243,A_short
EURUSD,A,2025-07-31T13:00:00Z,buy,1.14168,1.140524897984492,1.1451453060465242,6279,A_long
EURUSD,A,2025-08-01T01:45:00Z,buy,1.14071,1.1399231770811937,1.1430704687564184,6278,A_long
EURUSD,A,2025-08-01T05:45:00Z,sell,1.14307,1.1436819771949636,1.1412340684151094,6277,A_short
EURUSD,A,2025-08-01T06:15:00Z,sell,1.14338,1.1439889962042171,1.1415530113873489,6271,A_short
EURUSD,A,2025-08-01T08:45:00Z,buy,1.14062,1.1398380212220924,1.1429659363337226,6296,A_long
EURUSD,A,2025-08-01T09:30:00Z,buy,1.14005,1.1392600007777591,1.1424199976667226,6294,A_long
EURUSD,A,2025-08-01T12:15:00Z,buy,1.13945,1.1385437849529816,1.1421686451410555,6293,A_long
EURUSD,A,2025-08-01T12:30:00Z,sell,1.15291,1.1555473863740828,1.144997840877752,6234,A_short
EURUSD,A,2025-08-01T12:45:00Z,sell,1.15451,1.1572357348575382,1.1463327954273852,6211,A_short
EURUSD,A,2025-08-01T19:30:00Z,sell,1.15794,1.159633557567964,1.152859327296108,6177,A_short
EURUSD,A,2025-08-04T00:45:00Z,buy,1.15579,1.1548537293583243,1.1585988119250274,6179,A_long
EURUSD,A,2025-08-04T23:00:00Z,sell,1.15847,1.1590008005498447,1.1568775983504664,6179,A_short
EURUSD,A,2025-08-05T01:00:00Z,buy,1.15602,1.15538592499086,1.1579222250274201,6200,A_long
EURUSD,A,2025-08-05T05:30:00Z,buy,1.15485,1.1543225765217122,1.156432270434863,6202,A_long
EURUSD,A,2025-08-05T08:30:00Z,buy,1.15349,1.1525978799016252,1.156166360295124,6206,A_long
EURUSD,A,2025-08-05T14:45:00Z,sell,1.1565,1.157824435644327,1.1525266930670193,6204,A_short
EURUSD,A,2025-08-05T15:00:00Z,sell,1.15779,1.1591458442250835,1.15372246732475,6189,A_short
EURUSD,A,2025-08-06T10:00:00Z,sell,1.16045,1.1612622662158567,1.1580132013524298,6168,A_short
EURUSD,A,2025-08-06T11:15:00Z,sell,1.1612,1.1620790472692466,1.1585628581922602,6159,A_short
EURUSD,A,2025-08-06T13:00:00Z,sell,1.16327,1.1642248894992628,1.1604053315022116,6143,A_short
EURUSD,A,2025-08-06T17:30:00Z,sell,1.16547,1.1664366957249337,1.162569912825199,6125,A_short
EURUSD,A,2025-08-06T18:30:00Z,sell,1.16672,1.1676769081797498,1.1638492754607506,6113,A_short
EURUSD,A,2025-08-07T07:45:00Z,sell,1.16897,1.1696377725342315,1.1669666823973057,6096,A_short
EURUSD,A,2025-08-07T10:15:00Z,buy,1.16624,1.1655274734247596,1.168377579725721,6106,A_long
EURUSD,A,2025-08-07T11:00:00Z,buy,1.16565,1.164727534552355,1.1684173963429356,6105,A_long
EURUSD,A,2025-08-07T11:30:00Z,buy,1.16403,1.1629792592859909,1.167182222142027,6108,A_long
EURUSD,A,2025-08-07T14:15:00Z,buy,1.16235,1.160871765414656,1.1667847037560317,6111,A_long
EURUSD,A,2025-08-07T20:15:00Z,sell,1.16703,1.1680424540112695,1.1639926379661916,6109,A_short
EURUSD,A,2025-08-08T05:45:00Z,buy,1.1641,1.163562798791697,1.1657116036249087,6139,A_long
EURUSD,A,2025-08-08T09:15:00Z,buy,1.16316,1.1624158787290364,1.1653923638128907,6152,A_long
EURUSD,A,2025-08-08T19:15:00Z,buy,1.16416,1.1633636600948167,1.1665490197155501,6158,A_long
EURUSD,A,2025-08-11T02:00:00Z,sell,1.16654,1.1670432707145608,1.1650301878563172,6157,A_short
EURUSD,A,2025-08-11T07:00:00Z,buy,1.16586,1.1654111223158485,1.167206633052454,6158,A_long
EURUSD,A,2025-08-11T07:15:00Z,buy,1.16545,1.1649609726737356,1.1669170819787937,6157,A_long
EURUSD,A,2025-08-11T07:30:00Z,buy,1.16508,1.1645841763172373,1.1665674710482876,6156,A_long
EURUSD,A,2025-08-11T11:30:00Z,buy,1.16281,1.1621432747481635,1.1648101757555092,6165,A_long
EURUSD,A,2025-08-11T12:00:00Z,buy,1.16184,1.1610721041441763,1.164143687567471,6166,A_long
EURUSD,A,2025-08-11T14:00:00Z,buy,1.16065,1.1597465935804834,1.1633602192585497,6168,A_long
EURUSD,A,2025-08-11T14:30:00Z,buy,1.1594,1.1584835747337852,1.1621492757986445,6169,A_long
EURUSD,A,2025-08-12T04:45:00Z,sell,1.16275,1.1631964629897527,1.1614106110307418,6165,A_short
EURUSD,A,2025-08-12T06:15:00Z,buy,1.16112,1.1605966600009126,1.162690019997262,6180,A_long
EURUSD,A,2025-08-12T09:30:00Z,buy,1.16026,1.1596089977959263,1.1622130066122214,6182,A_long
EURUSD,A,2025-08-12T12:30:00Z,sell,1.16478,1.1660121130260603,1.1610836609218187,6167,A_short
EURUSD,A,2025-08-12T13:30:00Z,sell,1.16586,1.1677360039533295,1.160231988140011,6155,A_short
EURUSD,A,2025-08-12T15:15:00Z,sell,1.16852,1.170198913088249,1.1634832607352528,6130,A_short
EURUSD,A,2025-08-13T07:00:00Z,sell,1.17099,1.1717657312455694,1.1686628062632918,6108,A_short
EURUSD,A,2025-08-13T08:15:00Z,sell,1.17167,1.1723942923211341,1.1694971230365976,6099,A_short
EURUSD,A,2025-08-13T12:45:00Z,buy,1.16987,1.1690898267595162,1.1722105197214512,6105,A_long
EURUSD,A,2025-08-13T18:30:00Z,buy,1.16963,1.1690394666264312,1.1714016001207062,6117,A_long
EURUSD,A,2025-08-14T03:00:00Z,buy,1.17017,1.1697637208285259,1.1713888375144221,6123,A_long
EURUSD,A,2025-08-14T06:30:00Z,buy,1.16956,1.168989598800396,1.1712712035988118,6124,A_long
EURUSD,A,2025-08-14T06:45:00Z,buy,1.16848,1.16782298562701,1.17045104311897,6126,A_long
EURUSD,A,2025-08-14T07:15:00Z,buy,1.16817,1.1674297536487317,1.1703907390538046,6124,A_long
EURUSD,A,2025-08-14T08:45:00Z,buy,1.16682,1.1660413520442892,1.1691559438671324,6126,A_long
EURUSD,A,2025-08-14T12:45:00Z,buy,1.16637,1.1650991263280963,1.1701826210157107,6140,A_long
EURUSD,A,2025-08-14T13:45:00Z,buy,1.165,1.163801046855442,1.168596859433674,6140,A_long
EURUSD,A,2025-08-15T01:30:00Z,sell,1.16567,1.166134401647276,1.1642767950581716,6130,A_short
EURUSD,A,2025-08-15T03:30:00Z,sell,1.16625,1.1666714133567897,1.164985759929631,6124,A_short
EURUSD,A,2025-08-15T05:45:00Z,sell,1.16709,1.1674855255506682,1.1659034233479952,6116,A_short
EURUSD,A,2025-08-15T07:00:00Z,sell,1.1676,1.1681445174627612,1.1659664476117164,6111,A_short
EURUSD,A,2025-08-15T07:45:00Z,sell,1.16826,1.1688244044046479,1.1665667867860567,6104,A_short
EURUSD,A,2025-08-15T13:45:00Z,sell,1.17027,1.171297050141769,1.1671888495746927,6090,A_short
EURUSD,A,2025-08-15T14:00:00Z,sell,1.1712,1.1722807767895331,1.1679576696314007,6080,A_short
EURUSD,A,2025-08-18T08:00:00Z,buy,1.16726,1.1664390540024334,1.1697228379926996,6116,A_long
EURUSD,A,2025-08-18T14:45:00Z,buy,1.16641,1.1656303230933192,1.1687490307200423,6116,A_long
EURUSD,A,2025-08-18T16:45:00Z,buy,1.16577,1.1651275928187517,1.167697221543745,6115,A_long
EURUSD,A,2025-08-19T01:15:00Z,buy,1.1643,1.1636617063605321,1.1662148809184032,6118,A_long
EURUSD,A,2025-08-19T06:45:00Z,sell,1.16742,1.1680506717261896,1.1655279848214308,6111,A_short
EURUSD,A,2025-08-19T07:00:00Z,sell,1.16748,1.1681292488293646,1.1655322535119064,6107,A_short
EURUSD,A,2025-08-19T07:30:00Z,sell,1.168,1.1686196580096115,1.166141025971165,6101,A_short
EURUSD,A,2025-08-19T15:45:00Z,buy,1.16586,1.1650800320429724,1.1681999038710824,6108,A_long
EURUSD,A,2025-08-19T18:30:00Z,buy,1.16424,1.1636791295733135,1.1659226112800591,6112,A_long
EURUSD,A,2025-08-20T00:00:00Z,buy,1.16322,1.162797995161006,1.164486014516982,6114,A_long
EURUSD,A,2025-08-20T01:15:00Z,buy,1.16289,1.1623216782318557,1.1645949653044327,6113,A_long
EURUSD,A,2025-08-20T10:00:00Z,sell,1.16525,1.1659166967216732,1.16324990983498,6097,A_short
EURUSD,A,2025-08-20T12:30:00Z,sell,1.16648,1.1672520047960673,1.164163985611798,6086,A_short
EURUSD,A,2025-08-20T12:45:00Z,sell,1.1671,1.1679184041565918,1.1646447875302248,6078,A_short
EURUSD,A,2025-08-21T00:30:00Z,buy,1.16442,1.164025368603138,1.1656038941905857,6104,A_long
EURUSD,A,2025-08-21T06:15:00Z,buy,1.16343,1.1629048855273014,1.1650053434180956,6107,A_long
EURUSD,A,2025-08-21T06:45:00Z,buy,1.16297,1.1624256251293952,1.1646031246118147,6106,A_long
EURUSD,A,2025-08-21T07:45:00Z,sell,1.16579,1.1665500258899624,1.1635099223301133,6100,A_short
EURUSD,A,2025-08-21T13:30:00Z,buy,1.16347,1.162677994665415,1.1658460160037547,6123,A_long
EURUSD,A,2025-08-21T13:45:00Z,buy,1.16205,1.1611062620433599,1.1648812138699205,6126,A_long
EURUSD,A,2025-08-21T14:30:00Z,buy,1.16107,1.1600342274694109,1.1641773175917676,6126,A_long
EURUSD,A,2025-08-22T03:30:00Z,buy,1.15946,1.1588872983690999,1.1611781048927001,6128,A_long
EURUSD,A,2025-08-22T03:45:00Z,buy,1.15895,1.1583736585865532,1.1606790242403402,6128,A_long
EURUSD,A,2025-08-22T04:15:00Z,buy,1.15835,1.1577287480050111,1.1602137559849666,6127,A_long
EURUSD,A,2025-08-22T12:00:00Z,sell,1.16105,1.1616214748109757,1.1593355755670727,6122,A_short
EURUSD,A,2025-08-22T13:00:00Z,sell,1.16158,1.1621821928311364,1.159773421506591,6116,A_short
EURUSD,A,2025-08-22T14:00:00Z,sell,1.16823,1.1699698390014832,1.1630104829955508,6090,A_short
EURUSD,A,2025-08-22T14:15:00Z,sell,1.16888,1.1707225271346187,1.1633524185961437,6077,A_short
EURUSD,A,2025-08-22T14:30:00Z,sell,1.17037,1.1722148568500028,1.1648354294499912,6059,A_short
EURUSD,A,2025-08-22T15:00:00Z,sell,1.17227,1.1740836924784466,1.16682892256466,6039,A_short
EURUSD,A,2025-08-25T00:00:00Z,buy,1.1702,1.1696994469893987,1.1717016590318037,6040,A_long
EURUSD,A,2025-08-25T06:00:00Z,sell,1.17124,1.1716958305570255,1.1698725083289236,6032,A_short
EURUSD,A,2025-08-25T06:15:00Z,sell,1.17188,1.1723817198160886,1.1703748405517342,6026,A_short
EURUSD,A,2025-08-25T15:30:00Z,buy,1.16759,1.1667753971955541,1.1700338084133373,6055,A_long
EURUSD,A,2025-08-25T15:45:00Z,buy,1.16692,1.1660326775694803,1.169581967291559,6054,A_long
EURUSD,A,2025-08-25T16:30:00Z,buy,1.16566,1.1648191444800438,1.1681825665598684,6055,A_long
EURUSD,A,2025-08-26T00:00:00Z,sell,1.16493,1.1658218045257114,1.162254586422866,6054,A_short
EURUSD,A,2025-08-26T00:30:00Z,sell,1.16529,1.1663307776215344,1.1621676671353967,6047,A_short
EURUSD,A,2025-08-26T07:00:00Z,buy,1.16115,1.160152685060644,1.1641419448180674,6084,A_long
EURUSD,A,2025-08-26T17:45:00Z,buy,1.16377,1.1630684223948224,1.1658747328155326,6085,A_long
EURUSD,A,2025-08-27T02:00:00Z,buy,1.16261,1.1620960523540707,1.1641518429377877,6087,A_long
EURUSD,A,2025-08-27T04:15:00Z,buy,1.16173,1.1612314197766183,1.163225740670145,6089,A_long
EURUSD,A,2025-08-27T04:30:00Z,buy,1.16125,1.1607352304730691,1.1627943085807921,6088,A_long
EURUSD,A,2025-08-27T07:15:00Z,buy,1.16051,1.159867450286801,1.162437649139597,6089,A_long
EURUSD,A,2025-08-27T07:30:00Z,buy,1.16012,1.1594191235818943,1.1622226292543174,6087,A_long
EURUSD,A,2025-08-27T08:00:00Z,buy,1.15907,1.1582599194904006,1.1615002415287983,6088,A_long
EURUSD,A,2025-08-27T08:30:00Z,buy,1.15849,1.1576312284172343,1.1610663147482971,6086,A_long
EURUSD,A,2025-08-27T15:30:00Z,sell,1.16106,1.1620388903045686,1.158123329086294,6068,A_short
EURUSD,A,2025-08-27T16:30:00Z,sell,1.16262,1.1634932647108895,1.1600002058673313,6054,A_short
EURUSD,A,2025-08-27T16:45:00Z,sell,1.16381,1.1647628294161043,1.160951511751687,6043,A_short
EURUSD,A,2025-08-28T10:00:00Z,sell,1.16534,1.1660329363810764,1.163261190856771,6029,A_short
EURUSD,A,2025-08-28T10:15:00Z,sell,1.16642,1.1672005448635996,1.1640783654092013,6020,A_short
EURUSD,A,2025-08-28T10:30:00Z,sell,1.1672,1.1680031388817862,1.1647905833546415,6011,A_short
EURUSD,A,2025-08-28T16:45:00Z,sell,1.16893,1.1698146778018454,1.1662759665944638,5998,A_short
EURUSD,A,2025-08-29T01:15:00Z,buy,1.1664,1.1658208433519126,1.1681374699442626,6024,A_long
EURUSD,A,2025-08-29T01:45:00Z,buy,1.16587,1.1652444112287696,1.167746766313691,6023,A_long
EURUSD,A,2025-08-29T08:30:00Z,sell,1.16861,1.169375244609132,1.166314266172604,6018,A_short
EURUSD,A,2025-08-29T14:15:00Z,sell,1.16854,1.169457438452191,1.1657876846434267,6030,A_short
EURUSD,A,2025-08-29T14:30:00Z,sell,1.16953,1.1705411133252321,1.1664966600243034,6019,A_short
EURUSD,A,2025-08-29T15:00:00Z,sell,1.16986,1.1710062140087298,1.16642135797381,6012,A_short
EURUSD,A,2025-09-01T02:45:00Z,sell,1.17116,1.1716982930503896,1.169545120848831,5999,A_short
EURUSD,A,2025-09-01T06:00:00Z,sell,1.17229,1.1727904867526868,1.1707885397419397,5990,A_short
EURUSD,A,2025-09-01T06:30:00Z,sell,1.17324,1.1738771656053515,1.1713285031839458,5982,A_short
EURUSD,A,2025-09-01T12:30:00Z,buy,1.17079,1.1701947984968877,1.172575604509337,6003,A_long
EURUSD,A,2025-09-01T19:45:00Z,sell,1.17127,1.1714876862361832,1.1706169412914507,5997,A_short
EURUSD,A,2025-09-01T23:30:00Z,sell,1.17153,1.1717824789533364,1.1707725631399906,5999,A_short
EURUSD,A,2025-09-02T01:00:00Z,buy,1.17028,1.1698785516488976,1.171484345053307,6003,A_long
EURUSD,A,2025-09-02T02:00:00Z,buy,1.16955,1.1690265833806257,1.1711202498581232,6005,A_long
EURUSD,A,2025-09-02T07:15:00Z,buy,1.1673,1.1664796642829443,1.1697610071511673,6013,A_long
EURUSD,A,2025-09-02T07:30:00Z,buy,1.16716,1.166306375711885,1.169720872864345,6009,A_long
EURUSD,A,2025-09-02T07:45:00Z,buy,1.16458,1.1634121922836336,1.168083423149099,6017,A_long
EURUSD,A,2025-09-02T08:15:00Z,buy,1.16399,1.1627252910930406,1.1677841267208786,6014,A_long
EURUSD,A,2025-09-02T12:30:00Z,buy,1.16191,1.1606713529904458,1.1656259410286627,6018,A_long
EURUSD,A,2025-09-02T14:00:00Z,sell,1.1678,1.1692702388774574,1.1633892833676276,6006,A_short
EURUSD,A,2025-09-03T00:00:00Z,buy,1.16292,1.1626045693435307,1.1638662919694076,6053,A_long
EURUSD,A,2025-09-03T03:45:00Z,buy,1.16234,1.161959749059817,1.1634807528205486,6054,A_long
EURUSD,A,2025-09-03T06:30:00Z,sell,1.16388,1.1643485423513225,1.1624743729460327,6051,A_short
EURUSD,A,2025-09-03T07:15:00Z,buy,1.16177,1.1610283740604872,1.1639948778185383,6068,A_long
EURUSD,A,2025-09-03T08:15:00Z,sell,1.16517,1.1661273060436232,1.1622980818691304,6062,A_short
EURUSD,A,2025-09-03T09:30:00Z,sell,1.16635,1.1672340700745416,1.1636977897763752,6050,A_short
EURUSD,A,2025-09-03T14:00:00Z,sell,1.16691,1.16807230380791,1.1634230885762697,6042,A_short
