Size,EntryBar,ExitBar,EntryPrice,ExitPrice,SL,TP,PnL,Commission,ReturnPct,EntryTime,ExitTime,Duration,Tag,"Entry__atr(H,L,C,14)","Exit__atr(H,L,C,14)","Entry__asia_ran…(H,L,timestamp,0,6)_0","Exit__asia_ran…(H,L,timestamp,0,6)_0","Entry__asia_ran…(H,L,timestamp,0,6)_1","Exit__asia_ran…(H,L,timestamp,0,6)_1","Entry__session_…(timestamp,7,12)","Exit__session_…(timestamp,7,12)"
8360,326,331,1.1843083777204253,1.1861329393776638,1.183555686874112,1.1861329393776638,15.253335454514225,0.0,0.0015406136539797277,2020-09-04 07:30:00+00:00,2020-09-04 08:45:00+00:00,0 days 01:15:00,B_long,0.0007890713757696301,0.0009428210282451157,1.1858,1.1858,1.18406,1.18406,1.0,1.0
-8362,333,346,1.1855914849999085,1.1829766653265628,1.186607778224479,1.1829766653265628,21.865122108517234,0.0,0.0022054980205479247,2020-09-04 09:15:00+00:00,2020-09-04 12:30:00+00:00,0 days 03:15:00,B_short,0.0009107411278818719,0.001390378697935673,1.1858,1.1858,1.18406,1.18406,1.0,0.0
-8397,428,490,1.183141709223363,1.1808545455294353,1.1840351514901883,1.1808545455294353,19.20531353791068,0.0,0.0019331274319024372,2020-09-07 09:00:00+00:00,2020-09-08 00:30:00+00:00,0 days 15:30:00,B_short,0.0008291312914965876,0.00040110585730701153,1.18427,1.18215,1.18268,1.1795,1.0,0.0
8436,532,535,1.180167998828547,1.1788854131946536,1.1788854131946536,1.1835437604160395,-10.819892407524595,0.0,-0.0010867822506341884,2020-09-08 11:00:00+00:00,2020-09-08 11:45:00+00:00,0 days 00:45:00,B_long,0.0011626418979669563,0.0011115508888395046,1.18215,1.18215,1.1795,1.1795,1.0,1.0
8450,622,625,1.17700770962605,1.1760415811847795,1.1760415811847795,1.179515256445661,-8.163785328735983,0.0,-0.0008208344205132834,2020-09-09 09:30:00+00:00,2020-09-09 10:15:00+00:00,0 days 00:45:00,B_long,0.0008606296398576481,0.0008074972796347259,1.17827,1.17827,1.17657,1.17657,1.0,1.0
8444,632,635,1.176837694067688,1.1795695194250049,1.1757568268583316,1.1795695194250049,23.067533317184534,0.0,0.002321327206876278,2020-09-09 12:00:00+00:00,2020-09-09 12:45:00+00:00,0 days 00:45:00,B_long,0.0010087500561125873,0.0014160663328234863,1.17827,1.17827,1.17657,1.17657,0.0,0.0
-8416,808,808,1.1833216927498031,1.1842007176030338,1.1842007176030338,1.1811178471908985,-7.397873164789225,0.0,-0.0007428452115907369,2020-09-11 08:00:00+00:00,2020-09-11 08:00:00+00:00,0 days 00:00:00,B_short,0.0008319552559626897,0.0008319552559626897,1.18415,1.18415,1.18237,1.18237,1.0,1.0
-8405,810,810,1.1839716332619479,1.1849123612218344,1.1849123612218344,1.1816229163344971,-7.906818502846315,0.0,-0.0007945527861126234,2020-09-11 08:30:00+00:00,2020-09-11 08:30:00+00:00,0 days 00:00:00,B_short,0.0009673797255897493,0.0009673797255897493,1.18415,1.18415,1.18237,1.18237,1.0,1.0
-8390,911,912,1.1851615243534128,1.1859910953815447,1.1859910953815447,1.1831467138553655,-6.960100926026298,0.0,-0.0006999645289569312,2020-09-14 09:45:00+00:00,2020-09-14 10:00:00+00:00,0 days 00:15:00,B_short,0.000717615997338818,0.0007992671976936494,1.18545,1.18545,1.18319,1.18319,1.0,1.0
-8419,1195,1215,1.18025197371552,1.1814235259057353,1.1814235259057353,1.1772094222827938,-9.863297889423146,0.0,-0.000992628876126611,2020-09-17 08:45:00+00:00,2020-09-17 13:45:00+00:00,0 days 05:00:00,B_short,0.0009957224516373322,0.0012126182227717567,1.18043,1.18043,1.17373,1.17373,1.0,0.0
-8371,1285,1298,1.1859014566287773,1.1838959144738943,1.186688028508702,1.1838959144738943,16.78839337852578,0.0,0.0016911541373634265,2020-09-18 07:15:00+00:00,2020-09-18 10:30:00+00:00,0 days 03:15:00,B_short,0.0007142913742084036,0.0008111172303945635,1.18618,1.18618,1.1843,1.1843,1.0,1.0
8461,1490,1496,1.175417564109604,1.1743408662291204,1.1743408662291204,1.178337401312639,-9.109940766772597,0.0,-0.0009160130947161171,2020-09-22 10:30:00+00:00,2020-09-22 12:00:00+00:00,0 days 01:30:00,B_long,0.0010179159347624455,0.0009828565768037324,1.17715,1.17715,1.17522,1.17522,1.0,0.0
-8486,1588,1597,1.1707228458989987,1.1679787154613333,1.1717537615128888,1.1679787154613333,23.286690894028713,0.0,0.0023439624905912115,2020-09-23 11:00:00+00:00,2020-09-23 13:15:00+00:00,0 days 02:15:00,B_short,0.0008939266445037563,0.0009315437655808918,1.1709,1.1709,1.16746,1.16746,1.0,0.0
8550,1681,1686,1.1647465875935787,1.1636576607828533,1.1636576607828533,1.1675470176514404,-9.310324231702827,0.0,-0.0009349044867993372,2020-09-24 10:15:00+00:00,2020-09-24 11:30:00+00:00,0 days 01:15:00,B_long,0.0009240273215272239,0.0009988586091085473,1.16797,1.16797,1.16443,1.16443,1.0,1.0
-8522,1765,1765,1.1673031588966376,1.1680096671977362,1.1680096671977362,1.1655709984067912,-6.020863741962615,0.0,-0.0006052483416274512,2020-09-25 07:15:00+00:00,2020-09-25 07:15:00+00:00,0 days 00:00:00,B_short,0.0006937115713714577,0.0006937115713714577,1.16747,1.16747,1.16619,1.16619,1.0,1.0
-8524,1769,1774,1.1664032412644372,1.1639100672690639,1.1673766442436453,1.1639100672690639,21.251815136562,0.0,0.0021374889122141028,2020-09-25 08:15:00+00:00,2020-09-25 09:30:00+00:00,0 days 01:15:00,B_short,0.0009377583444926459,0.0009720919032121099,1.16747,1.16747,1.16619,1.16619,1.0,1.0
-8530,1971,1971,1.1680630893416066,1.1689754155003063,1.1689754155003063,1.165753753499081,-7.782142133707826,0.0,-0.0007810589744889906,2020-09-29 10:45:00+00:00,2020-09-29 10:45:00+00:00,0 days 00:00:00,B_short,0.0009220267669321066,0.0009220267669321066,1.16837,1.16837,1.16668,1.16668,1.0,1.0
8486,2056,2057,1.1734073801548515,1.1723719531090993,1.1723719531090993,1.1759641406727024,-8.786633910253279,0.0,-0.000882410544934209,2020-09-30 08:00:00+00:00,2020-09-30 08:15:00+00:00,0 days 00:15:00,B_long,0.000918307305447387,0.000885199664721062,1.17548,1.17548,1.17277,1.17277,1.0,1.0
-8471,2149,2160,1.17414253290136,1.1750465553055662,1.1750465553055662,1.1719003340833016,-7.65797378603143,0.0,-0.0007699426422893563,2020-10-01 07:15:00+00:00,2020-10-01 10:00:00+00:00,0 days 02:45:00,B_short,0.0007976812648240429,0.0009760659980431051,1.17511,1.17511,1.17171,1.17171,1.0,1.0
8429,2437,2437,1.1793279219519337,1.1785154627175976,1.1785154627175976,1.1813736118472073,-6.848218886219401,0.0,-0.0006889171529080862,2020-10-06 07:15:00+00:00,2020-10-06 07:15:00+00:00,0 days 00:00:00,B_long,0.0007405989780821334,0.0007405989780821334,1.17987,1.17987,1.17858,1.17858,1.0,1.0
8427,2451,2451,1.1788078743616495,1.17798589238546,1.17798589238546,1.1808823228436196,-6.926842113348362,0.0,-0.0006972993598592936,2020-10-06 10:45:00+00:00,2020-10-06 10:45:00+00:00,0 days 00:00:00,B_long,0.0008062265992677977,0.0008062265992677977,1.17987,1.17987,1.17858,1.17858,1.0,1.0
8420,2454,2463,1.1790678981567917,1.1781146120209944,1.1781146120209944,1.1814961639370167,-8.026669263412929,0.0,-0.0008085082608791927,2020-10-06 11:30:00+00:00,2020-10-06 13:45:00+00:00,0 days 02:15:00,B_long,0.0008593362484714829,0.001046964836150278,1.17987,1.17987,1.17858,1.17858,1.0,0.0
-8428,2629,2629,1.1767222967803341,1.1773879389625659,1.1773879389625659,1.1751961831123028,-5.610032311849202,0.0,-0.0005656748274873724,2020-10-08 07:15:00+00:00,2020-10-08 07:15:00+00:00,0 days 00:00:00,B_short,0.0005602137675569596,0.0005602137675569596,1.17761,1.17761,1.17594,1.17594,1.0,1.0
8428,2641,2644,1.1762376391558214,1.1754135288758925,1.1754135288758925,1.1782794133723222,-6.945601439240789,0.0,-0.0007006324678747733,2020-10-08 10:15:00+00:00,2020-10-08 11:00:00+00:00,0 days 00:45:00,B_long,0.0006876083075598627,0.0006977290227285946,1.17761,1.17761,1.17594,1.17594,1.0,1.0
8423,2648,2652,1.1760976263430527,1.1753544590628342,1.1753544590628342,1.1778966228114978,-6.25969800128046,0.0,-0.0006318925092377858,2020-10-08 12:00:00+00:00,2020-10-08 13:00:00+00:00,0 days 01:00:00,B_long,0.0007081354788770853,0.0009611752575251341,1.17761,1.17761,1.17594,1.17594,0.0,0.0
8374,2823,2823,1.1823081946808705,1.1814488197220736,1.1814488197220736,1.1844935408337791,-7.196405904964768,0.0,-0.0007268620505745949,2020-10-12 07:45:00+00:00,2020-10-12 07:45:00+00:00,0 days 00:00:00,B_long,0.0007623562408694606,0.0007623562408694606,1.18266,1.18266,1.18084,1.18084,1.0,1.0
8386,2923,2924,1.1798179667966247,1.1790300711295338,1.1790300711295338,1.1817897866113989,-6.607293064223532,0.0,-0.0006678112126314861,2020-10-13 08:45:00+00:00,2020-10-13 09:00:00+00:00,0 days 00:15:00,B_long,0.0006952716877373674,0.0007385687960390545,1.18139,1.18139,1.17905,1.17905,1.0,1.0
8384,2932,2934,1.1792079109695606,1.1784773420541663,1.1784773420541663,1.180927973837501,-6.12508978666537,0.0,-0.0006195420744705693,2020-10-13 11:00:00+00:00,2020-10-13 11:30:00+00:00,0 days 00:30:00,B_long,0.0006083035530558275,0.000661703557628595,1.18139,1.18139,1.17905,1.17905,1.0,1.0
8418,3014,3014,1.1737174085259825,1.1730628118344069,1.1730628118344069,1.1752915644967799,-5.5103949496837155,0.0,-0.0005577123478109902,2020-10-14 07:30:00+00:00,2020-10-14 07:30:00+00:00,0 days 00:00:00,B_long,0.0005975630768475432,0.0005975630768475432,1.17509,1.17509,1.17351,1.17351,1.0,1.0
8410,3016,3020,1.17426745886186,1.1735421120000655,1.1735421120000655,1.1760136639998038,-6.100167107691616,0.0,-0.0006177015775413741,2020-10-14 08:00:00+00:00,2020-10-14 09:00:00+00:00,0 days 01:00:00,B_long,0.0006395029332766027,0.0009236456943666864,1.17509,1.17509,1.17351,1.17351,1.0,1.0
8408,3026,3034,1.173767413101971,1.1763470663142652,1.1727643112285782,1.1763470663142652,21.689724208969146,0.0,0.002197755009637481,2020-10-14 10:30:00+00:00,2020-10-14 12:30:00+00:00,0 days 02:00:00,B_long,0.0008322636018989491,0.000794269685550479,1.17509,1.17509,1.17351,1.17351,1.0,0.0
-8445,3209,3216,1.171002820273461,1.1717893873396372,1.1717893873396372,1.1690718379810887,-6.642558873857936,0.0,-0.0006717038187769031,2020-10-16 08:15:00+00:00,2020-10-16 10:00:00+00:00,0 days 01:45:00,B_short,0.0006861356943522373,0.0007106056247798248,1.17156,1.17156,1.17004,1.17004,1.0,1.0
8401,3398,3400,1.1765576684421504,1.1781648042117199,1.1758517319294268,1.1781648042117199,13.501547600153378,0.0,0.001365964297948441,2020-10-20 07:30:00+00:00,2020-10-20 08:00:00+00:00,0 days 00:30:00,B_long,0.0006304989944968244,0.0007828192447553875,1.17805,1.17805,1.1764,1.1764,1.0,1.0
-8353,3501,3507,1.1847415627917193,1.1858085227365773,1.1858085227365773,1.182014431790268,-8.912316419399367,0.0,-0.0009005845480289931,2020-10-21 09:15:00+00:00,2020-10-21 10:45:00+00:00,0 days 01:30:00,B_short,0.0009193863717003268,0.0007267444897361077,1.18498,1.18498,1.1828,1.1828,1.0,1.0
-8344,3593,3600,1.1848915490637526,1.1826204147281323,1.1857665284239558,1.1826204147281323,18.950344896415928,0.0,0.0019167444796233113,2020-10-22 08:15:00+00:00,2020-10-22 10:00:00+00:00,0 days 01:45:00,B_short,0.0007816579674283755,0.0008671777000084024,1.18524,1.18524,1.18382,1.18382,1.0,1.0
8386,3883,3884,1.1814281141434662,1.1804619337142557,1.1804619337142557,1.1838541988572333,-8.102389079359115,0.0,-0.0008178072094644495,2020-10-27 08:45:00+00:00,2020-10-27 09:00:00+00:00,0 days 00:15:00,B_long,0.0008256574476451124,0.0008302364546257752,1.18347,1.18347,1.18077,1.18077,1.0,1.0
8383,3888,3900,1.1809680720443687,1.183498079547389,1.1799939734842038,1.183498079547389,21.209052897819582,0.0,0.002142316598483962,2020-10-27 10:00:00+00:00,2020-10-27 13:00:00+00:00,0 days 03:00:00,B_long,0.0008272229803568357,0.0006975093299602827,1.18347,1.18347,1.18077,1.18077,1.0,0.0
8425,3973,3976,1.177537758131532,1.1767948656246274,1.1767948656246274,1.1793754031261179,-6.25886937067146,0.0,-0.0006308863573796231,2020-10-28 07:15:00+00:00,2020-10-28 08:00:00+00:00,0 days 00:45:00,B_long,0.0006617831253230118,0.0007664644522473319,1.17879,1.17879,1.17726,1.17726,1.0,1.0
8493,4166,4170,1.1673168227994069,1.166581646621172,1.166581646621172,1.1692150601364841,-6.243851281748325,0.0,-0.0006298000370386081,2020-10-30 07:30:00+00:00,2020-10-30 08:30:00+00:00,0 days 01:00:00,B_long,0.000723906261650965,0.0008782535652150399,1.16945,1.16945,1.16686,1.16686,1.0,1.0
8488,4178,4187,1.167266818223418,1.1699433663072432,1.1662188778975855,1.1699433663072432,22.71854013550757,0.0,0.0022930045145108657,2020-10-30 10:30:00+00:00,2020-10-30 12:45:00+00:00,0 days 02:15:00,B_long,0.0009043058220924356,0.0010120183602861958,1.16945,1.16945,1.16686,1.16686,1.0,0.0
8536,4264,4291,1.163416465872275,1.1625314918255778,1.1625314918255778,1.1656855245232662,-7.554138462607167,0.0,-0.000760668318402824,2020-11-02 09:00:00+00:00,2020-11-02 15:45:00+00:00,0 days 06:45:00,B_long,0.0008393737511658608,0.0007602006170742341,1.16487,1.16487,1.163,1.163,1.0,0.0
-8510,4353,4354,1.165823294345908,1.1663694952008397,1.1663694952008397,1.164651514397481,-4.64816927546905,0.0,-0.00046851084343635385,2020-11-03 07:15:00+00:00,2020-11-03 07:30:00+00:00,0 days 00:15:00,B_short,0.00043356250739446734,0.00048375417307520204,1.16596,1.16596,1.16372,1.16372,1.0,1.0
-8449,4547,4547,1.1736725759156554,1.1746293095918836,1.1746293095918836,1.1712720712243487,-8.083442830451824,0.0,-0.0008151623339087699,2020-11-05 07:45:00+00:00,2020-11-05 07:45:00+00:00,0 days 00:00:00,B_short,0.0008580683129659535,0.0008580683129659535,1.17441,1.17441,1.17107,1.17107,1.0,1.0
-8377,4649,4649,1.1829017311881096,1.1840044461575299,1.1840044461575299,1.18002666152741,-9.23744329883361,0.0,-0.000932211814681061,2020-11-06 09:15:00+00:00,2020-11-06 09:15:00+00:00,0 days 00:00:00,B_short,0.0011431866698592404,0.0011431866698592404,1.18335,1.18335,1.17952,1.17952,1.0,1.0
-8327,4738,4742,1.1888611857302362,1.1866669300959667,1.1897243566346778,1.1866669300959667,18.271566666562624,0.0,0.0018456785877165593,2020-11-09 07:30:00+00:00,2020-11-09 08:30:00+00:00,0 days 01:00:00,B_short,0.0008011090833873321,0.0010595807709753177,1.18957,1.18957,1.18786,1.18786,1.0,1.0
8348,4745,4747,1.188308743799535,1.1871239148875785,1.1871239148875785,1.1914682553372644,-9.890951757012708,0.0,-0.0009970716096626697,2020-11-09 09:15:00+00:00,2020-11-09 09:45:00+00:00,0 days 00:30:00,B_long,0.0010612737640986387,0.0010483345161452114,1.18957,1.18957,1.18786,1.18786,1.0,1.0
8341,4752,4753,1.188088723665184,1.1870926200075926,1.1870926200075926,1.1906821399772225,-8.308500607969835,0.0,-0.0008384084772040667,2020-11-09 11:00:00+00:00,2020-11-09 11:15:00+00:00,0 days 00:15:00,B_long,0.0008510626600863713,0.0009709209720748441,1.18957,1.18957,1.18786,1.18786,1.0,1.0
8329,4756,4756,1.1887387831530394,1.1873211304698639,1.1873211304698639,1.1926766085904086,-11.807629198168803,0.0,-0.0011925687150673436,2020-11-09 12:00:00+00:00,2020-11-09 12:00:00+00:00,0 days 00:00:00,B_long,0.0014483535927847448,0.0014483535927847448,1.18957,1.18957,1.18786,1.18786,0.0,0.0
-8356,4840,4843,1.1833316918346055,1.1803193796807607,1.184493540106413,1.1803193796807607,25.170880357527043,0.0,0.0025456194358950412,2020-11-10 09:00:00+00:00,2020-11-10 09:45:00+00:00,0 days 00:45:00,B_short,0.0009884014255580344,0.0011899904983558524,1.18384,1.18384,1.18068,1.18068,1.0,1.0
8422,5025,5025,1.1772477315907968,1.1765795002138453,1.1765795002138453,1.178741499358464,-5.627844656685442,0.0,-0.0005676217154808594,2020-11-12 07:15:00+00:00,2020-11-12 07:15:00+00:00,0 days 00:00:00,B_long,0.0005617664813340403,0.0005617664813340403,1.17883,1.17883,1.17677,1.17677,1.0,1.0
-8406,5033,5033,1.1785621283839438,1.179456905201216,1.179456905201216,1.1763092843963523,-7.5214939259904146,0.0,-0.000759210563213264,2020-11-12 09:15:00+00:00,2020-11-12 09:15:00+00:00,0 days 00:00:00,B_short,0.0008539845077205305,0.0008539845077205305,1.17883,1.17883,1.17677,1.17677,1.0,1.0
-8381,5126,5126,1.1812218849413358,1.1818953927396367,1.1818953927396367,1.1795538217810901,-5.644668857559738,0.0,-0.0005701789027845461,2020-11-13 08:30:00+00:00,2020-11-13 08:30:00+00:00,0 days 00:00:00,B_short,0.0006540070410183566,0.0006540070410183566,1.18136,1.18136,1.17989,1.17989,1.0,1.0
-8379,5129,5131,1.1808619178884556,1.1816426986219204,1.1816426986219204,1.1789919041342385,-6.542161765701307,0.0,-0.0006611956246849182,2020-11-13 09:15:00+00:00,2020-11-13 09:45:00+00:00,0 days 00:30:00,B_short,0.0006450054723310501,0.00077487077699532,1.18136,1.18136,1.17989,1.17989,1.0,1.0
-8350,5226,5242,1.1842416085516079,1.1821290372245923,1.1850636542584694,1.1821290372245923,17.639970580580165,0.0,0.0017839022981124275,2020-11-16 09:30:00+00:00,2020-11-16 13:30:00+00:00,0 days 04:00:00,B_short,0.0007171670240066238,0.0012668441387688224,1.18546,1.18546,1.18372,1.18372,1.0,0.0
8353,5317,5328,1.1860385360496402,1.1878866112873365,1.1852511295708879,1.1878866112873365,15.436972460477755,0.0,0.0015581915608338104,2020-11-17 08:15:00+00:00,2020-11-17 11:00:00+00:00,0 days 02:45:00,B_long,0.0006630210385638368,0.0007411364591936638,1.18669,1.18669,1.1854,1.1854,1.0,1.0
-8356,5423,5434,1.1873013285010892,1.1851995998132718,1.1881468000622428,1.1851995998132718,17.562044915401593,0.0,0.0017701729437721303,2020-11-18 10:45:00+00:00,2020-11-18 13:30:00+00:00,0 days 02:45:00,B_short,0.0007078933872770526,0.000795480719688298,1.18771,1.18771,1.18504,1.18504,1.0,0.0
8400,5513,5516,1.1833382889462412,1.1824201552960996,1.1824201552960996,1.1855795341117017,-7.712322661189397,0.0,-0.0007758843423879558,2020-11-19 09:15:00+00:00,2020-11-19 10:00:00+00:00,0 days 00:45:00,B_long,0.0007845320767137099,0.0007985413251970508,1.1852,1.1852,1.18318,1.18318,1.0,1.0
8393,5523,5532,1.1833982944374277,1.1825393239663904,1.1825393239663904,1.1855420281008286,-7.209339163416351,0.0,-0.0007258506920915231,2020-11-19 11:45:00+00:00,2020-11-19 14:00:00+00:00,0 days 02:15:00,B_long,0.0007279192291281974,0.0006442916081661028,1.1852,1.1852,1.18318,1.18318,1.0,0.0
8364,5611,5611,1.1866685937071,1.1858068154601207,1.1858068154601207,1.1887395536196377,-7.207913257734912,0.0,-0.0007262164445485109,2020-11-20 09:45:00+00:00,2020-11-20 09:45:00+00:00,0 days 00:00:00,B_long,0.000760759934562093,0.000760759934562093,1.18908,1.18908,1.18654,1.18654,1.0,1.0
8352,5620,5624,1.1874886687533177,1.1866444405500651,1.1866444405500651,1.189586678349805,-7.05099395356558,0.0,-0.0007109357970875863,2020-11-20 12:00:00+00:00,2020-11-20 13:00:00+00:00,0 days 01:00:00,B_long,0.0007734848566102453,0.0006885649578201281,1.18908,1.18908,1.18654,1.18654,0.0,0.0
-8343,5708,5711,1.1876612955539692,1.1883792660520154,1.1883792660520154,1.1859022018439536,-5.990027865199677,0.0,-0.0006045246239259061,2020-11-23 10:00:00+00:00,2020-11-23 10:45:00+00:00,0 days 00:45:00,B_short,0.0005940305784134259,0.0007942474609701344,1.18779,1.18779,1.18636,1.18636,1.0,1.0
-8317,5895,5922,1.190711016418648,1.1918037830673915,1.1918037830673915,1.187828650797825,-9.088540217599444,0.0,-0.0009177429566664674,2020-11-25 08:45:00+00:00,2020-11-25 15:30:00+00:00,0 days 06:45:00,B_short,0.0009839453250727053,0.0012705612984012758,1.19101,1.19101,1.18945,1.18945,1.0,0.0
-8297,5988,5988,1.1925008525982463,1.193177482924661,1.193177482924661,1.1908675512260172,-5.614001818263097,0.0,-0.0005674044802068678,2020-11-26 08:00:00+00:00,2020-11-26 08:00:00+00:00,0 days 00:00:00,B_short,0.000625818534706189,0.000625818534706189,1.19292,1.19292,1.19162,1.19162,1.0,1.0
-8292,5990,5995,1.1926008434462687,1.190776871809764,1.1933410427300788,1.190776871809764,15.124372809897118,0.0,0.0015294066296599462,2020-11-26 08:30:00+00:00,2020-11-26 09:45:00+00:00,0 days 01:15:00,B_short,0.0006609036994015424,0.000820162129727582,1.19292,1.19292,1.19162,1.19162,1.0,1.0
-8307,6086,6087,1.192220878223784,1.1928616200789834,1.1928616200789834,1.1907351397630492,-5.322642591141973,0.0,-0.0005374355263381148,2020-11-27 08:30:00+00:00,2020-11-27 08:45:00+00:00,0 days 00:15:00,B_short,0.000555404068452422,0.0005720168593254342,1.19286,1.19286,1.19094,1.19094,1.0,1.0
-8301,6089,6106,1.192480854428642,1.193157081278082,1.193157081278082,1.1908487561657537,-5.613359077201609,0.0,-0.0005670756448026282,2020-11-27 09:15:00+00:00,2020-11-27 13:30:00+00:00,0 days 04:15:00,B_short,0.0006028037743377622,0.0006638552911696271,1.19286,1.19286,1.19094,1.19094,1.0,0.0
8268,6177,6182,1.1966895107352697,1.1979128427465655,1.196162385751145,1.1979128427465655,10.114509069393373,0.0,0.0010222635030403548,2020-11-30 07:15:00+00:00,2020-11-30 08:30:00+00:00,0 days 01:15:00,B_long,0.0004645990156744159,0.0005946834730230018,1.19748,1.19748,1.1964,1.1964,1.0,1.0
-8272,6185,6186,1.1971104306920723,1.1978641844752929,1.1978641844752929,1.1952874465741212,-6.235051294800076,0.0,-0.0006296443201023738,2020-11-30 09:15:00+00:00,2020-11-30 09:30:00+00:00,0 days 00:15:00,B_short,0.0006276265452537975,0.0006812763392199398,1.19748,1.19748,1.1964,1.1964,1.0,1.0
-8201,6372,6390,1.2067495484414181,1.204188400024042,1.207777199991986,1.204188400024042,21.003978170902236,0.0,0.0021223529113262307,2020-12-02 08:00:00+00:00,2020-12-02 12:30:00+00:00,0 days 04:30:00,B_short,0.001010906659721117,0.0007858193446703723,1.20836,1.20836,1.20605,1.20605,1.0,0.0
-8182,6471,6484,1.2120890597258067,1.212975793228474,1.212975793228474,1.2098326203145786,-7.255253518823146,0.0,-0.0007315745452465272,2020-12-03 08:45:00+00:00,2020-12-03 12:00:00+00:00,0 days 03:15:00,B_short,0.0007930207980105616,0.0009361086764671807,1.2125,1.2125,1.21039,1.21039,1.0,0.0
-8155,6564,6564,1.2151987750992987,1.2158560037006396,1.2158560037006396,1.2136719888980807,-5.359699243934841,0.0,-0.0005408404080124996,2020-12-04 08:00:00+00:00,2020-12-04 08:00:00+00:00,0 days 00:00:00,B_short,0.000742536540554476,0.000742536540554476,1.21537,1.21537,1.21389,1.21389,1.0,1.0
8173,6659,6660,1.2121509256310288,1.2115020857466323,1.2115020857466323,1.2136137427601028,-5.302968375172244,0.0,-0.0005352797829681899,2020-12-07 07:45:00+00:00,2020-12-07 08:00:00+00:00,0 days 00:15:00,B_long,0.0005281923529185667,0.0006777667058627484,1.21402,1.21402,1.21186,1.21186,1.0,1.0
8174,6758,6785,1.211340851500009,1.2104921450676571,1.2104921450676571,1.213483564797029,-6.937326378044503,0.0,-0.0007006338730349837,2020-12-08 08:30:00+00:00,2020-12-08 15:15:00+00:00,0 days 06:45:00,B_long,0.0008228076080304942,0.0011346108508642925,1.21194,1.21194,1.21041,1.21041,1.0,0.0
-8157,6852,6853,1.212808993831567,1.2135029059326783,1.2135029059326783,1.2111712822019651,-5.660241008765365,0.0,-0.0005721528325075553,2020-12-09 08:00:00+00:00,2020-12-09 08:15:00+00:00,0 days 00:15:00,B_short,0.0006211851416545416,0.0006770271227672898,1.21311,1.21311,1.2107,1.2107,1.0,1.0
-8151,6854,6866,1.2129589801036005,1.2110389186316985,1.2137470271227673,1.2110389186316985,15.650421057472672,0.0,0.0015829566402467687,2020-12-09 08:30:00+00:00,2020-12-09 11:30:00+00:00,0 days 03:00:00,B_short,0.0006894235063983096,0.000912523976857584,1.21311,1.21311,1.2107,1.2107,1.0,1.0
-8185,6959,6967,1.2098992601541192,1.2107265990755527,1.2107265990755527,1.2078202027733418,-6.771769071933163,0.0,-0.0006838081059146184,2020-12-10 10:45:00+00:00,2020-12-10 12:45:00+00:00,0 days 02:00:00,B_short,0.000713719198812279,0.001049141001098564,1.21002,1.21002,1.20784,1.20784,1.0,0.0
-8152,7137,7137,1.2139288913294162,1.2144362550089172,1.2144362550089172,1.2129312349732482,-4.1360287152921025,0.0,-0.00041795172940095604,2020-12-14 07:15:00+00:00,2020-12-14 07:15:00+00:00,0 days 00:00:00,B_short,0.00043142100772828505,0.00043142100772828505,1.21416,1.21416,1.21155,1.21155,1.0,1.0
-8148,7145,7145,1.2140188830926362,1.2147727417036822,1.2147727417036822,1.212201774888953,-6.14243996280316,0.0,-0.000620961190591629,2020-12-14 09:15:00+00:00,2020-12-14 09:15:00+00:00,0 days 00:00:00,B_short,0.0007077094765246619,0.0007077094765246619,1.21416,1.21416,1.21155,1.21155,1.0,1.0
8131,7242,7250,1.215991277066974,1.2150017194737375,1.2150017194737375,1.2185948415787875,-8.046092790606801,0.0,-0.0008137867531611276,2020-12-15 09:30:00+00:00,2020-12-15 11:30:00+00:00,0 days 02:00:00,B_long,0.0008611764560941635,0.0007523941445912924,1.21629,1.21629,1.2145,1.2145,1.0,1.0
-8128,7332,7332,1.215328763201728,1.216043309590904,1.216043309590904,1.2136700712272877,-5.8078330512225875,0.0,-0.0005879449337589104,2020-12-16 08:00:00+00:00,2020-12-16 08:00:00+00:00,0 days 00:00:00,B_short,0.0006835349787836289,0.0006835349787836289,1.21651,1.21651,1.21451,1.21451,1.0,1.0
-8070,7431,7447,1.2232480383650906,1.2240845495821457,1.2240845495821457,1.2211463512535625,-6.750645521635395,0.0,-0.0006838443151506723,2020-12-17 08:45:00+00:00,2020-12-17 12:45:00+00:00,0 days 04:00:00,B_short,0.0007446096378597761,0.0007255201324347399,1.22354,1.22354,1.21898,1.21898,1.0,0.0
8093,7621,7623,1.219221572675855,1.2224109385367399,1.2180230204877533,1.2224109385367399,25.811537912140746,0.0,0.0026159034029269446,2020-12-21 08:15:00+00:00,2020-12-21 08:45:00+00:00,0 days 00:30:00,B_long,0.0011040489106137836,0.00124126340397212,1.2226,1.2226,1.21789,1.21789,1.0,1.0
8096,7719,7723,1.2219518225248476,1.22101880081997,1.22101880081997,1.2242635975400897,-7.553743722688431,0.0,-0.0007635503198069049,2020-12-22 08:45:00+00:00,2020-12-22 09:45:00+00:00,0 days 01:00:00,B_long,0.0008523726226926246,0.0008929144587994833,1.22433,1.22433,1.22157,1.22157,1.0,1.0
8088,7726,7732,1.2221818435743963,1.2248144339138283,1.2211151886953906,1.2248144339138283,21.292390665325797,0.0,0.0021540087125928586,2020-12-22 10:30:00+00:00,2020-12-22 12:00:00+00:00,0 days 01:30:00,B_long,0.0008975031306614655,0.0009957482797129063,1.22433,1.22433,1.22157,1.22157,1.0,0.0
-8130,7813,7816,1.2182684941335822,1.2190389629130078,1.2190389629130078,1.2164431112609768,-6.26391117673061,0.0,-0.000632429372618315,2020-12-23 08:15:00+00:00,2020-12-23 09:00:00+00:00,0 days 00:45:00,B_short,0.0007464345246067472,0.0007763723409069936,1.2192,1.2192,1.21538,1.21538,1.0,1.0
-8123,7822,7827,1.2185484685080445,1.2195776934130995,1.2195776934130995,1.2159869197607014,-8.360393903761526,0.0,-0.0008446318974206779,2020-12-23 10:30:00+00:00,2020-12-23 11:45:00+00:00,0 days 01:15:00,B_short,0.0008780009580195195,0.0009137753411765491,1.2192,1.2192,1.21538,1.21538,1.0,1.0
-8113,7828,7832,1.2190184254937493,1.2163886739764704,1.2200437753411766,1.2163886739764704,21.335174059683265,0.0,0.0021572697034614174,2020-12-23 12:00:00+00:00,2020-12-23 13:00:00+00:00,0 days 01:00:00,B_short,0.0008879386290196831,0.0009407825221418405,1.2192,1.2192,1.21538,1.21538,0.0,0.0
8127,7919,7924,1.2197516211813373,1.219030242893413,1.219030242893413,1.2215092713197606,-5.862641345960707,0.0,-0.0005914140841440929,2020-12-24 10:45:00+00:00,2020-12-24 12:00:00+00:00,0 days 01:15:00,B_long,0.0006237894923753433,0.0006089428964510339,1.22156,1.22156,1.21928,1.21928,1.0,0.0
-8105,8040,8041,1.2221281408672413,1.2227211566342762,1.2227211566342762,1.2208365300971717,-4.806392791817497,0.0,-0.0004852320695389878,2020-12-28 07:15:00+00:00,2020-12-28 07:30:00+00:00,0 days 00:15:00,B_short,0.0004950024163725363,0.0005343354275228443,1.22236,1.22236,1.21811,1.21811,1.0,1.0
-8107,8053,8069,1.2213082159134587,1.2224007465022269,1.2224007465022269,1.2185177604933195,-8.857145483143196,0.0,-0.0008945576346188755,2020-12-28 10:30:00+00:00,2020-12-28 14:30:00+00:00,0 days 04:00:00,B_short,0.001037313635263217,0.0009352513911738989,1.22236,1.22236,1.21811,1.21811,1.0,0.0
-8082,8139,8139,1.2239179770468398,1.224507217252154,1.224507217252154,1.2225583482435383,-4.76223933934982,0.0,-0.0004814376587032321,2020-12-29 08:00:00+00:00,2020-12-29 08:00:00+00:00,0 days 00:00:00,B_short,0.0005689216185334928,0.0005689216185334928,1.2243,1.2243,1.22193,1.22193,1.0,1.0
-8079,8144,8145,1.2238079871140153,1.2246367676117913,1.2246367676117913,1.2217296971646263,-6.6957176415324335,0.0,-0.0006772144866700192,2020-12-29 09:15:00+00:00,2020-12-29 09:30:00+00:00,0 days 00:15:00,B_short,0.0006685319302191423,0.0007380610061899265,1.2243,1.2243,1.22193,1.22193,1.0,1.0
8040,8338,8338,1.2290924759760582,1.2279581088809641,1.2279581088809641,1.2320056733571072,-9.120311444556313,0.0,-0.0009229306315565733,2020-12-31 09:45:00+00:00,2020-12-31 09:45:00+00:00,0 days 00:00:00,B_long,0.001154305636497728,0.001154305636497728,1.23092,1.23092,1.2285,1.2285,1.0,1.0
8035,8345,8346,1.2287924485201251,1.2276767274442801,1.2276767274442801,1.23160981766716,-8.964818844414662,0.0,-0.0009079817158615944,2020-12-31 11:30:00+00:00,2020-12-31 11:45:00+00:00,0 days 00:15:00,B_long,0.0009855028816239601,0.001010102497407418,1.23092,1.23092,1.2285,1.2285,1.0,1.0
-8037,8531,8532,1.2271076850987497,1.2281420625057098,1.2281420625057098,1.2244538124828706,-8.313291219738383,0.0,-0.0008429393927860129,2021-01-05 10:00:00+00:00,2021-01-05 10:15:00+00:00,0 days 00:15:00,B_short,0.0009271208382817487,0.0008941713931775175,1.22767,1.22767,1.2247,1.2247,1.0,1.0
-7996,8621,8621,1.232387201874325,1.233622619838995,1.233622619838995,1.229052140483015,-9.878402045501979,0.0,-0.0010024592618222972,2021-01-06 08:30:00+00:00,2021-01-06 08:30:00+00:00,0 days 00:00:00,B_short,0.0011769371937956862,0.0011769371937956862,1.23261,1.23261,1.22755,1.22755,1.0,1.0
-7989,8623,8624,1.232337206450314,1.233646012234623,1.233646012234623,1.2288619632961315,-10.456049410843958,0.0,-0.0010620516669126445,2021-01-06 09:00:00+00:00,2021-01-06 09:15:00+00:00,0 days 00:15:00,B_short,0.0012458772700065458,0.0011730936340056924,1.23261,1.23261,1.22755,1.22755,1.0,1.0
7989,8715,8715,1.2312126699979866,1.2304481911769656,1.2304481911769656,1.233095426469103,-6.107421301137103,0.0,-0.0006209153297799253,2021-01-07 08:00:00+00:00,2021-01-07 08:00:00+00:00,0 days 00:00:00,B_long,0.0008975676466297553,0.0008975676466297553,1.23443,1.23443,1.23107,1.23107,1.0,1.0
8030,8819,8834,1.2241520238683579,1.227455918032021,1.2228346939893262,1.227455918032021,26.53027013421524,0.0,0.0026989247244166847,2021-01-08 10:00:00+00:00,2021-01-08 13:45:00+00:00,0 days 03:45:00,B_long,0.0011145985425839238,0.0013771275225261744,1.22724,1.22724,1.22349,1.22349,1.0,0.0
8100,8919,8923,1.2168113521131916,1.2157253605116718,1.2157253605116718,1.2196239184649842,-8.796531972310273,0.0,-0.0008924897023961931,2021-01-11 11:00:00+00:00,2021-01-11 12:00:00+00:00,0 days 01:00:00,B_long,0.0009086875565510662,0.0008787374874598624,1.21962,1.21962,1.21666,1.21666,1.0,0.0
-8101,9004,9005,1.21533876228653,1.2162275662952104,1.2162275662952104,1.2131973011143689,-7.200201274320905,0.0,-0.0007313220282783028,2021-01-12 08:15:00+00:00,2021-01-12 08:30:00+00:00,0 days 00:15:00,B_short,0.000793890789182388,0.0008173720172913916,1.21619,1.21619,1.21386,1.21386,1.0,1.0
-8097,9007,9008,1.21506878699687,1.2160757224149858,1.2160757224149858,1.2125328327550424,-8.153156080484584,0.0,-0.000828706513484434,2021-01-12 09:00:00+00:00,2021-01-12 09:15:00+00:00,0 days 00:15:00,B_short,0.0008556260929877765,0.001097542613922733,1.21619,1.21619,1.21386,1.21386,1.0,1.0
-8084,9011,9042,1.2160586963922904,1.2174104653411242,1.2174104653411242,1.2124486039766273,-10.927700182372604,0.0,-0.0011115984391576461,2021-01-12 10:00:00+00:00,2021-01-12 17:45:00+00:00,0 days 07:45:00,B_short,0.0012457366289743276,0.0008663345057028816,1.21619,1.21619,1.21386,1.21386,1.0,0.0
8046,9100,9100,1.2207217099555212,1.2198377345563929,1.2198377345563929,1.222766796330821,-7.112466061386485,0.0,-0.0007241416220578056,2021-01-13 08:15:00+00:00,2021-01-13 08:15:00+00:00,0 days 00:00:00,B_long,0.0007906300511262212,0.0007906300511262212,1.22201,1.22201,1.22048,1.22048,1.0,1.0
8084,9296,9302,1.214001094942617,1.212999275689592,1.212999275689592,1.2166421729312242,-8.098706841454138,0.0,-0.0008252210456798359,2021-01-15 09:15:00+00:00,2021-01-15 10:45:00+00:00,0 days 01:30:00,B_long,0.0008559610690202678,0.0008318738832677804,1.21624,1.21624,1.21353,1.21353,1.0,1.0
8080,9305,9306,1.2137110684018815,1.2128074369499011,1.2128074369499011,1.2159776891502967,-7.301342132001292,0.0,-0.000744519412820499,2021-01-15 11:30:00+00:00,2021-01-15 11:45:00+00:00,0 days 00:15:00,B_long,0.0007735546434190517,0.0008117473576298531,1.21624,1.21624,1.21353,1.21353,1.0,1.0
8120,9396,9397,1.2068804433218017,1.206005493305214,1.206005493305214,1.2090635200843576,-7.1045941346918084,0.0,-0.0007249682612964214,2021-01-18 10:15:00+00:00,2021-01-18 10:30:00+00:00,0 days 00:15:00,B_long,0.0007825724688144596,0.0007648961396392037,1.20844,1.20844,1.20649,1.20649,1.0,1.0
8114,9399,9404,1.2068404396610108,1.205962423345646,1.205962423345646,1.2089927299630618,-7.1242243828697545,0.0,-0.0007275330578178085,2021-01-18 11:00:00+00:00,2021-01-18 12:15:00+00:00,0 days 01:15:00,B_long,0.0007672331004401261,0.0007237924076533009,1.20844,1.20844,1.20649,1.20649,1.0,0.0
-8057,9580,9583,1.2143188556367028,1.2125128081842251,1.215082397271925,1.2125128081842251,14.551324324612823,0.0,0.001487292603663537,2021-01-20 08:15:00+00:00,2021-01-20 09:00:00+00:00,0 days 00:45:00,B_short,0.0006594109690016267,0.0008283335996730444,1.21492,1.21492,1.21269,1.21269,1.0,1.0
8080,9586,9586,1.2128709915252687,1.2119254294295787,1.2119254294295787,1.2153037117112635,-7.640141733174932,0.0,-0.0007796064893108579,2021-01-20 09:45:00+00:00,2021-01-20 09:45:00+00:00,0 days 00:00:00,B_long,0.000877294494364969,0.000877294494364969,1.21492,1.21492,1.21269,1.21269,1.0,1.0
-8067,9686,9690,1.2136589160397562,1.2145660907610363,1.2145660907610363,1.2114217277168915,-7.318178476566581,0.0,-0.0007474708991883627,2021-01-21 10:45:00+00:00,2021-01-21 11:45:00+00:00,0 days 01:00:00,B_short,0.0007412786595646429,0.0007012302181891204,1.2138,1.2138,1.21093,1.21093,1.0,1.0
8035,9774,9776,1.2177314363113867,1.2168307929552165,1.2168307929552165,1.2200276211343506,-7.2366693668278685,0.0,-0.0007396075434320526,2021-01-22 08:45:00+00:00,2021-01-22 09:15:00+00:00,0 days 00:30:00,B_long,0.0007966461054790061,0.0008876141858931124,1.21777,1.21777,1.21613,1.21613,1.0,1.0
-8029,9787,9872,1.2175285618582177,1.215026760156193,1.2184844132812689,1.215026760156193,20.08696586555576,0.0,0.0020548197228378307,2021-01-22 12:00:00+00:00,2021-01-25 09:15:00+00:00,2 days 21:15:00,B_short,0.0008824915104330749,0.00079101316499751,1.21777,1.21808,1.21613,1.21601,0.0,1.0
8076,9966,9970,1.213201021726795,1.2123402379388413,1.2123402379388413,1.2153792861834765,-6.951689871514355,0.0,-0.0007095145590370056,2021-01-26 08:45:00+00:00,2021-01-26 09:45:00+00:00,0 days 01:00:00,B_long,0.0008224604530043451,0.0008607967012001013,1.21461,1.21461,1.21269,1.21269,1.0,1.0
8069,9976,9985,1.2134110409459484,1.21561834338599,1.21250055220467,1.21561834338599,17.810723388695067,0.0,0.00181908880466497,2021-01-26 11:15:00+00:00,2021-01-26 13:30:00+00:00,0 days 02:15:00,B_long,0.0008101880892859942,0.0008552191381767276,1.21461,1.21461,1.21269,1.21269,1.0,0.0
-8102,10165,10165,1.2103392198854173,1.2113368668908902,1.2113368668908902,1.2077093993273291,-8.082936038341357,0.0,-0.0008242705756220658,2021-01-28 10:30:00+00:00,2021-01-28 10:30:00+00:00,0 days 00:00:00,B_short,0.0009299513054382645,0.0009299513054382645,1.21059,1.21059,1.20824,1.20824,1.0,1.0
-8095,10169,10178,1.2103992143942306,1.2113727149683104,1.2113727149683104,1.2079218550950686,-7.880487147176428,0.0,-0.0008042805733041725,2021-01-28 11:30:00+00:00,2021-01-28 13:45:00+00:00,0 days 02:15:00,B_short,0.0008863529725357574,0.0012574973640297723,1.21059,1.21059,1.20824,1.20824,1.0,0.0
-8078,10262,10262,1.2120090670473889,1.2130496954542236,1.2130496954542236,1.209250913637329,-8.406196270410872,0.0,-0.0008585978728441468,2021-01-29 10:45:00+00:00,2021-01-29 10:45:00+00:00,0 days 00:00:00,B_short,0.0010124027269938264,0.0010124027269938264,1.21219,1.21219,1.20944,1.20944,1.0,1.0
8127,10539,10540,1.203850166016876,1.2031961559210418,1.2031961559210418,1.2053715322368748,-5.315140048845544,0.0,-0.0005432653616672667,2021-02-03 08:00:00+00:00,2021-02-03 08:15:00+00:00,0 days 00:15:00,B_long,0.0005953315350972073,0.0006412873304175717,1.205,1.205,1.20357,1.20357,1.0,1.0
8127,10839,10844,1.2033301184265919,1.2025900625726806,1.2025900625726806,1.205109812281958,-6.014433924736621,0.0,-0.0006150065078391886,2021-02-08 11:00:00+00:00,2021-02-08 12:15:00+00:00,0 days 01:15:00,B_long,0.0006192791036767025,0.0006382279588364433,1.20525,1.20525,1.20296,1.20296,1.0,0.0
-8089,10922,10923,1.207939439532883,1.2085279814638266,1.2085279814638266,1.2066160556085206,-4.760715679401866,0.0,-0.00048722801134060134,2021-02-09 07:45:00+00:00,2021-02-09 08:00:00+00:00,0 days 00:15:00,B_short,0.00048358393531632406,0.0005217727439408355,1.2082,1.2082,1.20491,1.20491,1.0,1.0
-8054,11020,11021,1.2126590075595334,1.2132547238698028,1.2132547238698028,1.2113158283905912,-4.797899162910111,0.0,-0.0004912479984529039,2021-02-10 08:15:00+00:00,2021-02-10 08:30:00+00:00,0 days 00:15:00,B_short,0.0004920940204959262,0.0005718148177631112,1.21297,1.21297,1.21088,1.21088,1.0,1.0
-8053,11025,11032,1.2122190478282355,1.2130206065643334,1.2130206065643334,1.2102581803069994,-6.454952501796267,0.0,-0.0006612325862507262,2021-02-10 09:30:00+00:00,2021-02-10 11:15:00+00:00,0 days 01:45:00,B_short,0.0007638590224223746,0.0006254280343356553,1.21297,1.21297,1.21088,1.21088,1.0,1.0
-8045,11114,11119,1.212549017626709,1.2129858745722968,1.2129858745722968,1.2116423762831097,-3.5145141272530847,0.0,-0.0003602798231141513,2021-02-11 07:45:00+00:00,2021-02-11 09:00:00+00:00,0 days 01:15:00,B_short,0.00039375796265721436,0.0005359629896018486,1.21276,1.21276,1.21134,1.21134,1.0,1.0
-8042,11122,11134,1.2126190112203248,1.2133286566455233,1.2133286566455233,1.2109340300634306,-5.706968509446083,0.0,-0.0005852171363240899,2021-02-11 09:45:00+00:00,2021-02-11 12:45:00+00:00,0 days 03:00:00,B_short,0.0005775024261200528,0.000462798394481237,1.21276,1.21276,1.21134,1.21134,1.0,0.0
-8031,11309,11313,1.2136289187853495,1.2143079284916938,1.2143079284916938,1.2120362145249188,-5.453126951650825,0.0,-0.0005594870852483336,2021-02-15 08:30:00+00:00,2021-02-15 09:30:00+00:00,0 days 01:00:00,B_short,0.0005948713594678733,0.0006199672276101446,1.21402,1.21402,1.21167,1.21167,1.0,1.0
-8028,11315,11377,1.2133289462412828,1.2141286382639287,1.2141286382639287,1.2114140852082136,-6.419927557800869,0.0,-0.0006590892149429539,2021-02-15 10:00:00+00:00,2021-02-16 01:30:00+00:00,0 days 15:30:00,B_short,0.0006534864954049482,0.00037016774973759164,1.21402,1.21501,1.21167,1.21313,1.0,0.0
8018,11404,11404,1.2142611187377592,1.2135847351345168,1.2135847351345168,1.2158457945964498,-5.423243730797588,0.0,-0.0005570330736979212,2021-02-16 08:15:00+00:00,2021-02-16 08:15:00+00:00,0 days 00:00:00,B_long,0.000613896216752168,0.000613896216752168,1.21501,1.21501,1.21313,1.21313,1.0,1.0
-8009,11408,11411,1.214808810792012,1.2156742962928013,1.2156742962928013,1.212657111121596,-6.931673375821044,0.0,-0.0007124458541134526,2021-02-16 09:15:00+00:00,2021-02-16 10:00:00+00:00,0 days 00:45:00,B_short,0.0007483901204278014,0.0006684483243199813,1.21501,1.21501,1.21313,1.21313,1.0,1.0
8023,11788,11788,1.2120909201398422,1.211354393707313,1.211354393707313,1.2137768188780607,-5.909151568181725,0.0,-0.0006076494925350007,2021-02-22 08:15:00+00:00,2021-02-22 08:15:00+00:00,0 days 00:00:00,B_long,0.0007781921203286113,0.0007781921203286113,1.21355,1.21355,1.21124,1.21124,1.0,1.0
8020,11796,11800,1.21174088810792,1.2143267759548175,1.2107310746817275,1.2143267759548175,20.738820532118886,0.0,0.002134027061623245,2021-02-22 10:15:00+00:00,2021-02-22 11:15:00+00:00,0 days 01:00:00,B_long,0.0008564019425028009,0.0009782466346631715,1.21355,1.21355,1.21124,1.21124,1.0,1.0
-8007,11986,11996,1.216088693646697,1.2170349985270026,1.2170349985270026,1.213695004418992,-7.577063176606615,0.0,-0.0007781544925542505,2021-02-24 09:45:00+00:00,2021-02-24 12:15:00+00:00,0 days 02:30:00,B_short,0.000791665390068988,0.000668207777314236,1.21662,1.21662,1.21453,1.21453,1.0,0.0
8012,12172,12178,1.2145511452784945,1.213541824771847,1.213541824771847,1.217174525684459,-8.086675899259625,0.0,-0.0008310234695106944,2021-02-26 08:15:00+00:00,2021-02-26 09:45:00+00:00,0 days 01:30:00,B_long,0.0009617518643993049,0.0010453007411665033,1.21826,1.21826,1.21372,1.21372,1.0,1.0
8091,12366,12366,1.201689968334157,1.2007040738786552,1.2007040738786552,1.2041677783640345,-7.976872039465882,0.0,-0.0008204233050798093,2021-03-02 08:45:00+00:00,2021-03-02 08:45:00+00:00,0 days 00:00:00,B_long,0.0009424693051654832,0.0009424693051654832,1.2049,1.2049,1.20151,1.20151,1.0,1.0
8082,12373,12394,1.2021200076876613,1.2049319328301291,1.2010493557232904,1.2049319328301291,22.725979001425273,0.0,0.0023391384591266995,2021-03-02 10:30:00+00:00,2021-03-02 15:45:00+00:00,0 days 05:15:00,B_long,0.000923891706481722,0.001028235367948275,1.2049,1.2049,1.20151,1.20151,1.0,0.0
8058,12456,12456,1.2084005824318635,1.2093698744177823,1.2079433751940725,1.2093698744177823,7.810554822533483,0.0,0.000802128036025973,2021-03-03 07:15:00+00:00,2021-03-03 07:15:00+00:00,0 days 00:00:00,B_long,0.0004850748318038561,0.0004850748318038561,1.20934,1.20934,1.20825,1.20825,1.0,1.0
-8064,12460,12465,1.208299406585763,1.209150962786807,1.209150962786807,1.2061871116395793,-6.866949205217395,0.0,-0.0007047559540314108,2021-03-03 08:15:00+00:00,2021-03-03 09:30:00+00:00,0 days 01:15:00,B_short,0.0007581677485659119,0.0010908654589211742,1.20934,1.20934,1.20825,1.20825,1.0,1.0
-8057,12470,12479,1.2085493837058188,1.205663619652015,1.2096721267826616,1.205663619652015,23.25060098149728,0.0,0.0023877915894136015,2021-03-03 10:45:00+00:00,2021-03-03 13:00:00+00:00,0 days 02:15:00,B_short,0.0009805098783067935,0.0010005213717695157,1.20934,1.20934,1.20825,1.20825,1.0,0.0
8101,12567,12567,1.2050102721798182,1.2040891780066263,1.2040891780066263,1.2072924659801212,-7.461783897027265,0.0,-0.0007643869886068133,2021-03-04 11:00:00+00:00,2021-03-04 11:00:00+00:00,0 days 00:00:00,B_long,0.0008113790609238736,0.0008113790609238736,1.2063,1.2063,1.20435,1.20435,1.0,1.0
-8198,12945,12961,1.18964111434481,1.1904886024342836,1.1904886024342836,1.187574192697149,-6.947707357504139,0.0,-0.0007123897108585187,2021-03-10 09:30:00+00:00,2021-03-10 13:30:00+00:00,0 days 04:00:00,B_short,0.0007021221097124813,0.001059347142147993,1.18976,1.18976,1.18704,1.18704,1.0,0.0
8168,13232,13238,1.1933092013984221,1.192382666449078,1.192382666449078,1.195612000652766,-7.567937466242917,0.0,-0.0007764416366339288,2021-03-15 08:15:00+00:00,2021-03-15 09:45:00+00:00,0 days 01:30:00,B_long,0.0008130224107991413,0.0008831188112721691,1.19674,1.19674,1.19299,1.19299,1.0,1.0
8163,13243,13246,1.1931291849248622,1.1923009081211111,1.1923009081211111,1.1952172756366668,-6.761223549020086,0.0,-0.0006942054676193354,2021-03-15 11:00:00+00:00,2021-03-15 11:45:00+00:00,0 days 00:45:00,B_long,0.0007038796283703011,0.0006899625314161903,1.19674,1.19674,1.19299,1.19299,1.0,1.0
8163,13326,13326,1.192429120861018,1.1917465164094296,1.1917465164094296,1.194000450771711,-5.5721001383161815,0.0,-0.0005724486593345901,2021-03-16 07:45:00+00:00,2021-03-16 07:45:00+00:00,0 days 00:00:00,B_long,0.0006016857784943546,0.0006016857784943546,1.19387,1.19387,1.1922,1.1922,1.0,1.0
8157,13328,13337,1.1925591327585892,1.1944823830240854,1.1917725389919716,1.1944823830240854,15.687952415652695,0.0,0.0016127085128663232,2021-03-16 08:15:00+00:00,2021-03-16 10:30:00+00:00,0 days 02:15:00,B_long,0.0006471328736246701,0.0007333251952849163,1.19387,1.19387,1.1922,1.1922,1.0,1.0
-8184,13420,13422,1.1902810557721524,1.1893637313527134,1.1907320895490956,1.1893637313527134,7.507383048688164,0.0,0.0007706788367255468,2021-03-17 07:15:00+00:00,2021-03-17 07:45:00+00:00,0 days 00:30:00,B_short,0.0004031442758829044,0.0004352505894409166,1.19061,1.19061,1.18926,1.18926,1.0,1.0
8197,13426,13428,1.1895088536232679,1.1908621827066683,1.1888992724311105,1.1908621827066683,11.093238496633631,0.0,0.001137720899914374,2021-03-17 08:45:00+00:00,2021-03-17 09:15:00+00:00,0 days 00:30:00,B_long,0.0005066305597041296,0.0006461358426222022,1.19061,1.19061,1.18926,1.18926,1.0,1.0
-8200,13436,13442,1.1902410594329433,1.190958419735675,1.190958419735675,1.1885647407929751,-5.882354482400176,0.0,-0.0006027016939522678,2021-03-17 11:15:00+00:00,2021-03-17 12:45:00+00:00,0 days 01:30:00,B_short,0.0006452971042516208,0.0007468828102475336,1.19061,1.19061,1.18926,1.18926,1.0,0.0
-8185,13620,13622,1.1916809276444638,1.1897409550273816,1.1924996816575395,1.1897409550273816,15.87867587081715,0.0,0.001627929567452946,2021-03-19 09:15:00+00:00,2021-03-19 09:45:00+00:00,0 days 00:30:00,B_short,0.0007150574365341527,0.0008015320301078821,1.19196,1.19196,1.1902,1.1902,1.0,1.0
8205,13630,13630,1.1909789881573407,1.1902371695882812,1.1902371695882812,1.1928084912351562,-6.086621359133418,0.0,-0.0006228645311427972,2021-03-19 11:45:00+00:00,2021-03-19 11:45:00+00:00,0 days 00:00:00,B_long,0.0007131196901563232,0.0007131196901563232,1.19196,1.19196,1.1902,1.1902,1.0,1.0
-8208,13717,13719,1.1894711299031722,1.1903839685768156,1.1903839685768156,1.1872480942695531,-7.4925798332654026,0.0,-0.0007674323913331449,2021-03-22 09:30:00+00:00,2021-03-22 10:00:00+00:00,0 days 00:30:00,B_short,0.0007514394332401552,0.0007604145076337258,1.18996,1.18996,1.18751,1.18751,1.0,1.0
8239,13909,13910,1.184418387787601,1.1832251827531022,1.1832251827531022,1.1874044517406932,-9.83081627923489,0.0,-0.0010074185328442509,2021-03-24 09:30:00+00:00,2021-03-24 09:45:00+00:00,0 days 00:15:00,B_long,0.0010481749473114552,0.0009830849543365804,1.18508,1.18508,1.18387,1.18387,1.0,1.0
-8276,14096,14097,1.177732204345359,1.178458993060965,1.178458993060965,1.1760230208171052,-6.014903410354773,0.0,-0.0006171086371964396,2021-03-26 08:15:00+00:00,2021-03-26 08:30:00+00:00,0 days 00:15:00,B_short,0.0006024606528362078,0.0006554658991247284,1.17845,1.17845,1.17716,1.17716,1.0,1.0
-8267,14106,14121,1.178222159500668,1.178943874100696,1.178943874100696,1.1764883776979127,-5.966414598429737,0.0,-0.0006125454305949685,2021-03-26 10:45:00+00:00,2021-03-26 14:30:00+00:00,0 days 03:45:00,B_short,0.0006360242206031143,0.0006888292221135452,1.17845,1.17845,1.17716,1.17716,1.0,0.0
8268,14197,14203,1.1775777617923233,1.1767513297737358,1.1767513297737358,1.1797060106787924,-6.832939929681979,0.0,-0.0007018067472076561,2021-03-29 09:30:00+00:00,2021-03-29 11:00:00+00:00,0 days 01:30:00,B_long,0.0007441808627623451,0.0006578066301022978,1.17911,1.17911,1.17734,1.17734,1.0,1.0
8261,14206,14218,1.1777377764354875,1.1769569807978342,1.1769569807978342,1.1796490576064973,-6.450152762654075,0.0,-0.0006629622088003551,2021-03-29 11:45:00+00:00,2021-03-29 14:45:00+00:00,0 days 03:00:00,B_long,0.0006992833085436437,0.0009429940978894578,1.17911,1.17911,1.17734,1.17734,1.0,0.0
-8293,14392,14393,1.1722927022129483,1.1731066860008093,1.1731066860008093,1.170319941997572,-6.750367552730491,0.0,-0.0006943520046864826,2021-03-31 10:15:00+00:00,2021-03-31 10:30:00+00:00,0 days 00:15:00,B_short,0.000689127867368095,0.0006732441517190102,1.17258,1.17258,1.1704,1.1704,1.0,1.0
-8285,14483,14483,1.1726526692658283,1.173632416025282,1.173632416025282,1.1701027519241538,-8.117201902073658,0.0,-0.0008354961235597091,2021-04-01 09:00:00+00:00,2021-04-01 09:00:00+00:00,0 days 00:00:00,B_short,0.0009794272219110767,0.0009794272219110767,1.17328,1.17328,1.17137,1.17137,1.0,1.0
-8239,14579,14592,1.1780621741438324,1.1768490015381172,1.1786503328206275,1.1768490015381172,9.995329098487408,0.0,0.001029803547165864,2021-04-02 09:00:00+00:00,2021-04-02 12:15:00+00:00,0 days 03:15:00,B_short,0.00042628844454395615,0.00042692858777152565,1.1784,1.1784,1.17691,1.17691,1.0,0.0
8270,14672,14675,1.1750775329928798,1.1744109183252893,1.1744109183252893,1.176727245024132,-5.512903300972916,0.0,-0.0005672941987858726,2021-04-05 08:15:00+00:00,2021-04-05 09:00:00+00:00,0 days 00:45:00,B_long,0.000596537451415979,0.0006157904535587657,1.17718,1.17718,1.17478,1.17478,1.0,1.0
8266,14683,14688,1.1750375293320887,1.1763900554161613,1.1744433148612796,1.1763900554161613,11.179980610943677,0.0,0.001151049264648929,2021-04-05 11:00:00+00:00,2021-04-05 12:15:00+00:00,0 days 01:15:00,B_long,0.0004857937868911203,0.0004399274831488443,1.17718,1.17718,1.17478,1.17478,1.0,0.0
8234,14765,14769,1.1809680720443687,1.180226393113721,1.180226393113721,1.1827608206588374,-6.106984314954022,0.0,-0.0006280262339047882,2021-04-06 07:30:00+00:00,2021-04-06 08:30:00+00:00,0 days 01:00:00,B_long,0.000690459301441971,0.0008179245058466165,1.18215,1.18215,1.17996,1.17996,1.0,1.0
-8184,14864,14866,1.187211336737869,1.1880776160262632,1.1880776160262632,1.1850871519212105,-7.089629696218319,0.0,-0.0007296757212365002,2021-04-07 08:15:00+00:00,2021-04-07 08:45:00+00:00,0 days 00:30:00,B_short,0.0007479338894280051,0.0008404481213925845,1.18777,1.18777,1.18655,1.18655,1.0,1.0
-8175,14960,14974,1.1876212992147601,1.1884033288394062,1.1884033288394062,1.1857500134817813,-6.393092181482113,0.0,-0.000658484000887416,2021-04-08 08:15:00+00:00,2021-04-08 11:45:00+00:00,0 days 03:30:00,B_short,0.0006722183274853979,0.0006321248202577705,1.18808,1.18808,1.18609,1.18609,1.0,1.0
8156,15052,15052,1.1898688865703877,1.1891933844040756,1.1891933844040756,1.1914198467877735,-5.509395668441241,0.0,-0.0005677114293315411,2021-04-09 07:15:00+00:00,2021-04-09 07:15:00+00:00,0 days 00:00:00,B_long,0.0005690668498012412,0.0005690668498012412,1.19201,1.19201,1.18924,1.18924,1.0,1.0
8151,15055,15055,1.1899688957223655,1.1891820342328159,1.1891820342328159,1.1919338973015523,-6.413708001319202,0.0,-0.0006612454261436529,2021-04-09 08:00:00+00:00,2021-04-09 08:00:00+00:00,0 days 00:00:00,B_long,0.0007202369982261711,0.0007202369982261711,1.19201,1.19201,1.18924,1.18924,1.0,1.0
8150,15060,15061,1.189378841725697,1.1886001114290106,1.1886001114290106,1.1912796657129685,-6.346651917994183,0.0,-0.0006547369680434123,2021-04-09 09:15:00+00:00,2021-04-09 09:30:00+00:00,0 days 00:15:00,B_long,0.0006512367615241757,0.0006790718599876004,1.19201,1.19201,1.18924,1.18924,1.0,1.0
8144,15066,15066,1.1894388472168835,1.1887247784416175,1.1887247784416175,1.1911056646751472,-5.81537610576655,0.0,-0.0006003408892663042,2021-04-09 10:45:00+00:00,2021-04-09 10:45:00+00:00,0 days 00:00:00,B_long,0.000686525350598023,0.000686525350598023,1.19201,1.19201,1.18924,1.18924,1.0,1.0
8139,15068,15072,1.1893888426408945,1.1885183446961483,1.1885183446961483,1.1915649659115548,-7.08498277228974,0.0,-0.0007318867585922595,2021-04-09 11:15:00+00:00,2021-04-09 12:15:00+00:00,0 days 01:00:00,B_long,0.0007614345966713838,0.0008396933040105009,1.19201,1.19201,1.18924,1.18924,1.0,0.0
8134,15156,15161,1.1892888334889167,1.191204879515726,1.188518373494758,1.191204879515726,15.585118382066696,0.0,0.0016110855267919,2021-04-12 09:15:00+00:00,2021-04-12 10:30:00+00:00,0 days 01:15:00,B_long,0.0007460763045431206,0.0007352328551015828,1.19029,1.19029,1.18843,1.18843,1.0,1.0
8145,15244,15257,1.18949885270807,1.1888237923896474,1.1888237923896474,1.1912486228310577,-5.498366293552746,0.0,-0.0005675165779990277,2021-04-13 07:15:00+00:00,2021-04-13 10:30:00+00:00,0 days 03:15:00,B_long,0.000624046595638924,0.000638689017562307,1.1912,1.1912,1.18857,1.18857,1.0,1.0
-8092,15340,15340,1.1964604901799278,1.1970444355136272,1.1970444355136272,1.1951066934591188,-4.725285640294902,0.0,-0.00048806069109019745,2021-04-14 07:15:00+00:00,2021-04-14 07:15:00+00:00,0 days 00:00:00,B_short,0.0005771774451433998,0.0005771774451433998,1.19658,1.19658,1.19526,1.19526,1.0,1.0
-8094,15342,15344,1.1956905606501564,1.1964668871191242,1.1964668871191242,1.1937993386426273,-6.283586439824948,0.0,-0.0006492703835896396,2021-04-14 07:45:00+00:00,2021-04-14 08:15:00+00:00,0 days 00:30:00,B_short,0.0006393021699077231,0.0006728980742862191,1.19658,1.19658,1.19526,1.19526,1.0,1.0
-8088,15349,15360,1.195760554243772,1.19653345722271,1.19653345722271,1.19387962833187,-6.251239293651041,0.0,-0.000646369355633114,2021-04-14 09:30:00+00:00,2021-04-14 12:15:00+00:00,0 days 02:45:00,B_short,0.0007056629263485672,0.0006967029026245563,1.19658,1.19658,1.19526,1.19526,1.0,0.0
-8073,15538,15543,1.1972504178793038,1.19816973280615,1.19816973280615,1.1949708015815501,-7.421629404429944,0.0,-0.0007678551730845307,2021-04-16 08:45:00+00:00,2021-04-16 10:00:00+00:00,0 days 01:15:00,B_short,0.0007771017653300809,0.0007376861837099039,1.19746,1.19746,1.19503,1.19503,1.0,1.0
-8003,15724,15725,1.2068195420350338,1.2076600294699242,1.2076600294699242,1.2046199115902276,-6.7264209414278895,0.0,-0.0006964483136171484,2021-04-20 07:15:00+00:00,2021-04-20 07:30:00+00:00,0 days 00:15:00,B_short,0.0007826922072675199,0.0008396665796318416,1.20717,1.20717,1.20373,1.20373,1.0,1.0
-7997,15727,15744,1.206799543865429,1.204258866892957,1.207793711035681,1.204258866892957,20.317793748859117,0.0,0.0021053015684230347,2021-04-20 08:00:00+00:00,2021-04-20 12:15:00+00:00,0 days 04:15:00,B_short,0.0008578828975901372,0.0006735614434033274,1.20717,1.20717,1.20373,1.20373,1.0,0.0
-8030,15916,15921,1.2043897644280928,1.2028432548212105,1.2050255817262632,1.2028432548212105,12.418472143264836,0.0,0.0012840607356179312,2021-04-22 07:30:00+00:00,2021-04-22 08:45:00+00:00,0 days 01:15:00,B_short,0.0005208374960946532,0.0006463184809053003,1.20467,1.20467,1.20307,1.20307,1.0,1.0
8046,15925,15926,1.2037201541193052,1.2055256904022658,1.2029847698659113,1.2055256904022658,14.527344932700508,0.0,0.0014999634896712966,2021-04-22 09:45:00+00:00,2021-04-22 10:00:00+00:00,0 days 00:15:00,B_long,0.0006451994495434586,0.0007458395229376436,1.20467,1.20467,1.20307,1.20307,1.0,1.0
-8052,15934,15935,1.204359767173686,1.2052923590530185,1.2052923590530185,1.2020029228409443,-7.509229812384222,0.0,-0.0007743465904053171,2021-04-22 12:00:00+00:00,2021-04-22 12:15:00+00:00,0 days 00:15:00,B_short,0.0008420445126159615,0.0008351052442671758,1.20467,1.20467,1.20307,1.20307,0.0,0.0
8032,16212,16217,1.2066704241026485,1.2084669220973683,1.2059376926342105,1.2084669220973683,14.42947189358955,0.0,0.0014888058568733875,2021-04-27 09:30:00+00:00,2021-04-27 10:45:00+00:00,0 days 01:15:00,B_long,0.0006053330503509049,0.000667760782569827,1.2084,1.2084,1.20651,1.20651,1.0,1.0
8039,16302,16309,1.2074404945728772,1.2066492232920274,1.2066492232920274,1.2093723301239179,-6.361029826751302,0.0,-0.000655329421537787,2021-04-28 08:00:00+00:00,2021-04-28 09:45:00+00:00,0 days 01:45:00,B_long,0.0006940064802430166,0.000639378439512838,1.2089,1.2089,1.20706,1.20706,1.0,1.0
8034,16311,16314,1.207400490912086,1.20664,,1.209342383942733,-6.109783987698641,0.0,-0.0006298580444600299,2021-04-28 10:15:00+00:00,2021-04-28 11:00:00+00:00,0 days 00:45:00,B_long,0.0006655775834563235,0.0006737996891418098,1.2089,1.2089,1.20706,1.20706,1.0,1.0
8029,16317,16319,1.2074204927424816,1.2065993237890447,1.2065993237890447,1.2094020286328662,-6.593165527145507,0.0,-0.000680101885277562,2021-04-28 11:45:00+00:00,2021-04-28 12:15:00+00:00,0 days 00:30:00,B_long,0.0006899193828280302,0.0006849616697686359,1.2089,1.2089,1.20706,1.20706,1.0,0.0
7988,16411,16418,1.2128409887796754,1.2120420499071614,1.2120420499071614,1.214753850278516,-6.38192371364209,0.0,-0.0006587334035584869,2021-04-29 11:15:00+00:00,2021-04-29 13:00:00+00:00,0 days 01:45:00,B_long,0.0006728900804602618,0.000885726896243738,1.21498,1.21498,1.2124,1.2124,1.0,0.0
-8044,16588,16589,1.2032398696758368,1.2040588658767277,1.2040588658767277,1.201303402369817,-6.588005439966205,0.0,-0.0006806591283510244,2021-05-03 07:30:00+00:00,2021-05-03 07:45:00+00:00,0 days 00:15:00,B_short,0.0006916837598306718,0.0006927925918532386,1.20354,1.20354,1.20162,1.20162,1.0,1.0
-8038,16590,16592,1.2034398513718814,1.2042327925918532,1.2042327925918532,1.2014616222244405,-6.373661526133855,0.0,-0.0006588955975388444,2021-05-03 08:00:00+00:00,2021-05-03 08:30:00+00:00,0 days 00:30:00,B_short,0.0006817535796061401,0.0007106504664597253,1.20354,1.20354,1.20162,1.20162,1.0,1.0
8047,16792,16797,1.2014399454542126,1.2006811696279376,1.2006811696279376,1.2031964911161876,-6.105869074035228,0.0,-0.0006315553508488003,2021-05-05 10:30:00+00:00,2021-05-05 11:45:00+00:00,0 days 01:15:00,B_long,0.0006369863224542619,0.0006152630026311472,1.20265,1.20265,1.20117,1.20117,1.0,1.0
7997,16971,16971,1.2083005732798857,1.2074873009811806,1.2074873009811806,1.2102580970564583,-6.503738572744623,0.0,-0.0006730711850094773,2021-05-07 07:15:00+00:00,2021-05-07 07:15:00+00:00,0 days 00:00:00,B_long,0.0008510058163101143,0.0008510058163101143,1.20697,1.20697,1.20594,1.20594,1.0,1.0
-8002,16990,16992,1.206519569490967,1.2072841238670393,1.2072841238670393,1.2047076283988818,-6.117964117331091,0.0,-0.0006336858476276852,2021-05-07 12:00:00+00:00,2021-05-07 12:30:00+00:00,0 days 00:30:00,B_short,0.0006702406847674264,0.0015996030032253124,1.20697,1.20697,1.20594,1.20594,0.0,0.0
7936,17072,17107,1.2160112788973696,1.214981420199105,1.214981420199105,1.2186157394026849,-8.172958629428365,0.0,-0.0008469154161123704,2021-05-10 08:30:00+00:00,2021-05-10 17:15:00+00:00,0 days 08:45:00,B_long,0.0009541024941089103,0.0007058183340056957,1.21705,1.21705,1.21506,1.21506,1.0,0.0
7943,17164,17169,1.2137910757234638,1.2159842272442989,1.212938590918567,1.2159842272442989,17.42020252999321,0.0,0.0018068608055368252,2021-05-11 07:30:00+00:00,2021-05-11 08:45:00+00:00,0 days 01:15:00,B_long,0.000781221203908523,0.0008773639696629702,1.21493,1.21493,1.21259,1.21259,1.0,1.0
-7991,17358,17361,1.2085293855362143,1.2061207402429444,1.2094930865856852,1.2061207402429444,19.247484538519736,0.0,0.0019930382513629885,2021-05-13 08:00:00+00:00,2021-05-13 08:45:00+00:00,0 days 00:45:00,B_short,0.0008506750409271256,0.0011083297970123983,1.20888,1.20888,1.20706,1.20706,1.0,1.0
8017,17364,17367,1.2071904716929327,1.2060360545080218,1.2060360545080218,1.2101318364759348,-9.254962571430994,0.0,-0.0009562842086485723,2021-05-13 09:30:00+00:00,2021-05-13 10:15:00+00:00,0 days 00:45:00,B_long,0.0009820860930477842,0.0008469283396817793,1.20888,1.20888,1.20706,1.20706,1.0,1.0
8008,17371,17381,1.2073604872512949,1.2094238147220273,1.206498728425991,1.2094238147220273,16.523126385625513,0.0,0.001708957260502908,2021-05-13 11:15:00+00:00,2021-05-13 13:45:00+00:00,0 days 02:30:00,B_long,0.00077376869747455,0.0010480152254285925,1.20888,1.20888,1.20706,1.20706,1.0,0.0
-7973,17566,17581,1.2145488345871542,1.2154370164667323,1.2154370164667323,1.2123689505998028,-7.0814741258759115,0.0,-0.0007312854405561175,2021-05-17 12:00:00+00:00,2021-05-17 15:45:00+00:00,0 days 03:45:00,B_short,0.0007927476045014947,0.0007439127376983299,1.21497,1.21497,1.21259,1.21259,0.0,0.0
-7943,17847,17847,1.2182784932183846,1.2190475695617748,1.2190475695617748,1.2164172913146758,-6.10877339554912,0.0,-0.0006312812281192848,2021-05-20 10:15:00+00:00,2021-05-20 10:15:00+00:00,0 days 00:00:00,B_short,0.0006632269535380251,0.0006632269535380251,1.21852,1.21852,1.21689,1.21689,1.0,1.0
7911,17939,17946,1.2226318847582962,1.2217690195030098,1.2217690195030098,1.2248529414909706,-6.8261270345710985,0.0,-0.0007057441132062303,2021-05-21 09:15:00+00:00,2021-05-21 11:00:00+00:00,0 days 01:45:00,B_long,0.0007535164307249035,0.0007229266724352595,1.22391,1.22391,1.22238,1.22238,1.0,1.0
7895,18221,18225,1.2242920366811267,1.223496405960888,1.223496405960888,1.2262307821173364,-6.281504536285363,0.0,-0.0006498700444018679,2021-05-26 07:45:00+00:00,2021-05-26 08:45:00+00:00,0 days 01:00:00,B_long,0.0006644481672304312,0.00075961410576333,1.22629,1.22629,1.22418,1.22418,1.0,1.0
7888,18228,18231,1.2245320586458734,1.2237298898494489,1.2237298898494489,1.2265703304516533,-6.327507466197126,0.0,-0.0006550819072157488,2021-05-26 09:30:00+00:00,2021-05-26 10:15:00+00:00,0 days 00:45:00,B_long,0.0006754287971443498,0.0006671102421706874,1.22629,1.22629,1.22418,1.22418,1.0,1.0
-7923,18322,18323,1.2181585042007577,1.2192316588953676,1.2192316588953676,1.2152650233138973,-8.502604645394161,0.0,-0.0008809647438401402,2021-05-27 09:00:00+00:00,2021-05-27 09:15:00+00:00,0 days 00:15:00,B_short,0.000966104375985276,0.0009279571258539077,1.21967,1.21967,1.21751,1.21751,1.0,1.0
-7907,18334,18342,1.2195183797338605,1.2203304075254626,1.2203304075254626,1.2174887774236118,-6.420703748198324,0.0,-0.0006658594122865846,2021-05-27 12:00:00+00:00,2021-05-27 14:00:00+00:00,0 days 02:00:00,B_short,0.0007316865220676609,0.0009722238760041652,1.21967,1.21967,1.21751,1.21751,0.0,0.0
-7906,18420,18428,1.2188484410521114,1.2168759843245356,1.219641338558488,1.2168759843245356,15.594242888214625,0.0,0.0016182953196980376,2021-05-28 09:30:00+00:00,2021-05-28 11:30:00+00:00,0 days 02:00:00,B_short,0.0006938267506896758,0.0007387492490317561,1.21927,1.21927,1.21758,1.21758,1.0,1.0
-7897,18607,18609,1.2221681372064503,1.223094570029279,1.223094570029279,1.2198762899121633,-7.316040001878016,0.0,-0.0007580240350122391,2021-06-01 08:15:00+00:00,2021-06-01 08:45:00+00:00,0 days 00:30:00,B_short,0.0008746273587083086,0.0009053867716520099,1.22364,1.22364,1.22181,1.22181,1.0,1.0
-7886,18613,18629,1.2230780539234527,1.2239810799221686,1.2239810799221686,1.220816760233494,-7.121263025873942,0.0,-0.0007383224609576189,2021-06-01 09:45:00+00:00,2021-06-01 13:45:00+00:00,0 days 04:00:00,B_short,0.0007696025992129361,0.0007782236652768796,1.22364,1.22364,1.22181,1.22181,1.0,0.0
7900,18807,18808,1.2201716596196437,1.2193517414006587,1.2193517414006587,1.2221447757980242,-6.477353929981278,0.0,-0.0006719695647090518,2021-06-03 10:15:00+00:00,2021-06-03 10:30:00+00:00,0 days 00:15:00,B_long,0.000665157452762483,0.0007524697923941503,1.22141,1.22141,1.21948,1.21948,1.0,1.0
7919,18989,18990,1.2164413182508738,1.2157070973082025,1.2157070973082025,1.2182387080753925,-5.814295645013882,0.0,-0.0006035810619512416,2021-06-07 07:45:00+00:00,2021-06-07 08:00:00+00:00,0 days 00:15:00,B_long,0.0006271823328911824,0.000695558021839014,1.21726,1.21726,1.21578,1.21578,1.0,1.0
7915,18994,18994,1.2162913045229073,1.2154966248965986,1.2154966248965986,1.2182701253102046,-6.289889242233736,0.0,-0.0006533629101462823,2021-06-07 09:00:00+00:00,2021-06-07 09:00:00+00:00,0 days 00:00:00,B_long,0.0007222584229480115,0.0007222584229480115,1.21726,1.21726,1.21578,1.21578,1.0,1.0
7911,18997,18999,1.2161912953709295,1.2153756814512078,1.2153756814512078,1.2182329556463762,-6.452321718918654,0.0,-0.0006706296310672322,2021-06-07 09:45:00+00:00,2021-06-07 10:15:00+00:00,0 days 00:30:00,B_long,0.0006804094089531066,0.0006790630671692196,1.21726,1.21726,1.21578,1.21578,1.0,1.0
7907,19003,19011,1.2159812761517763,1.2176297613853961,1.215296746204868,1.2176297613853961,13.03457274223194,0.0,0.0013556830733749692,2021-06-07 11:15:00+00:00,2021-06-07 13:15:00+00:00,0 days 02:00:00,B_long,0.0005881532891145098,0.0007270401338831884,1.21726,1.21726,1.21578,1.21578,1.0,0.0
7906,19095,19192,1.2177414372265847,1.219367332282272,1.2170375559059092,1.219367332282272,12.854326310264046,0.0,0.0013351726450159251,2021-06-08 10:15:00+00:00,2021-06-09 10:30:00+00:00,1 days 00:15:00,B_long,0.0006021182148786655,0.000450036149803573,1.21941,1.21852,1.21761,1.21714,1.0,1.0
7924,19280,19293,1.216621334724434,1.2183195588077302,1.215933480397423,1.2183195588077302,13.456727636040199,0.0,0.0013958526246631298,2021-06-10 08:30:00+00:00,2021-06-10 11:45:00+00:00,0 days 03:15:00,B_long,0.0005609836555665797,0.0007585544026551246,1.21806,1.21806,1.21626,1.21626,1.0,1.0
-7972,19472,19474,1.2107091860230996,1.2115792990562264,1.2115792990562264,1.2086221028313204,-6.936541100086728,0.0,-0.0007186804586698514,2021-06-14 08:30:00+00:00,2021-06-14 09:00:00+00:00,0 days 00:30:00,B_short,0.0007380591820629584,0.0007372977856384002,1.21102,1.21102,1.20945,1.20945,1.0,1.0
-7957,19571,19571,1.2120290652169934,1.212772564774767,1.212772564774767,1.2103223056756989,-5.9160259812039815,0.0,-0.0006134337691319214,2021-06-15 09:15:00+00:00,2021-06-15 09:15:00+00:00,0 days 00:00:00,B_short,0.0006202228047980737,0.0006202228047980737,1.21279,1.21279,1.21137,1.21137,1.0,1.0
-7948,19663,19702,1.2127889956619626,1.2109352501866406,1.2135282499377864,1.2109352501866406,14.733569037859429,0.0,0.001528497934886186,2021-06-16 08:15:00+00:00,2021-06-16 18:00:00+00:00,0 days 09:45:00,B_short,0.0006204832794148856,0.0013585496905253861,1.21308,1.21308,1.21165,1.21165,1.0,0.0
8111,19851,19851,1.1904889433126498,1.189483575265336,1.189483575265336,1.192989274203992,-8.154540231761093,0.0,-0.0008445001131350827,2021-06-18 07:15:00+00:00,2021-06-18 07:15:00+00:00,0 days 00:00:00,B_long,0.0009182347700421579,0.0009182347700421579,1.19249,1.19249,1.18953,1.18953,1.0,1.0
8111,20057,20064,1.189378841725697,1.1885647171822398,1.1885647171822398,1.1913458484532806,-6.603364171981311,0.0,-0.0006844955660014751,2021-06-22 10:45:00+00:00,2021-06-22 12:30:00+00:00,0 days 01:45:00,B_long,0.0006665784420589152,0.0007032732789954901,1.19151,1.19151,1.18916,1.18916,1.0,0.0
-8076,20145,20151,1.1935007610784691,1.1944584378325782,1.1944584378325782,1.1910646865022656,-7.7341974661848605,0.0,-0.0008024098394741053,2021-06-23 08:45:00+00:00,2021-06-23 10:15:00+00:00,0 days 01:30:00,B_short,0.0008406461215677297,0.000696162765905995,1.19398,1.19398,1.19159,1.19159,1.0,1.0
-8073,20238,20239,1.1930907986015777,1.193841968223157,1.193841968223157,1.1913140953305297,-6.064192355008664,0.0,-0.0006295997106504636,2021-06-24 08:00:00+00:00,2021-06-24 08:15:00+00:00,0 days 00:15:00,B_short,0.0006703724600692371,0.0007023227987266677,1.19332,1.19332,1.19192,1.19192,1.0,1.0
-8068,20241,20244,1.1930708004319732,1.1939280130922298,1.1939280130922298,1.1909759607233104,-6.915991742950436,0.0,-0.0007184926996337548,2021-06-24 08:45:00+00:00,2021-06-24 09:30:00+00:00,0 days 00:45:00,B_short,0.0007489446799324965,0.0007323708034997465,1.19332,1.19332,1.19192,1.19192,1.0,1.0
-8054,20331,20333,1.194210696099427,1.1948234263227544,1.1948234263227544,1.1928497210317364,-4.934929218679024,0.0,-0.0005130838513913716,2021-06-25 07:15:00+00:00,2021-06-25 07:45:00+00:00,0 days 00:30:00,B_short,0.0005143028130538734,0.0005684318906937935,1.19449,1.19449,1.19266,1.19266,1.0,1.0
-8051,20335,20335,1.1940207134881846,1.1947293076386012,1.1947293076386012,1.192332077084196,-5.704891505003845,0.0,-0.0005934521423389683,2021-06-25 08:15:00+00:00,2021-06-25 08:15:00+00:00,0 days 00:00:00,B_short,0.0006167332867877587,0.0006167332867877587,1.19449,1.19449,1.19266,1.19266,1.0,1.0
-8046,20347,20348,1.1942006970146248,1.194778336553435,1.194778336553435,1.1928249903396952,-4.647687729266723,0.0,-0.00048370390358520865,2021-06-25 11:15:00+00:00,2021-06-25 11:30:00+00:00,0 days 00:15:00,B_short,0.0004778916796436439,0.0004821727890244928,1.19449,1.19449,1.19266,1.19266,1.0,1.0
-8045,20428,20428,1.1936507473505023,1.1943705785307006,1.1943705785307006,1.192088264407898,-5.791041844695809,0.0,-0.0006030500812705952,2021-06-28 07:30:00+00:00,2021-06-28 07:30:00+00:00,0 days 00:00:00,B_short,0.0005905013932739147,0.0005905013932739147,1.19415,1.19415,1.192,1.192,1.0,1.0
8061,20532,20536,1.1908689780901653,1.1901830407697978,1.1901830407697978,1.1925308776906072,-5.529340739483152,0.0,-0.0005759973036392196,2021-06-29 09:30:00+00:00,2021-06-29 10:30:00+00:00,0 days 01:00:00,B_long,0.0005753646661754572,0.0005608531403582757,1.19295,1.19295,1.19076,1.19076,1.0,1.0
8064,20621,20622,1.1897888792488056,1.1890719007969988,1.1890719007969988,1.1914242976090035,-5.78171423537043,0.0,-0.0006026098111284739,2021-06-30 07:45:00+00:00,2021-06-30 08:00:00+00:00,0 days 00:15:00,B_long,0.0006296859759343139,0.0007137278458097439,1.1909,1.1909,1.18957,1.18957,1.0,1.0
-8086,20716,20729,1.1855114923214904,1.1862721059653987,1.1862721059653987,1.1837036821038038,-6.150321924641912,0.0,-0.0006415911181247846,2021-07-01 07:30:00+00:00,2021-07-01 10:45:00+00:00,0 days 03:15:00,B_short,0.0006498251700122345,0.000664989186949574,1.18564,1.18564,1.18388,1.18388,1.0,1.0
-8080,20907,20908,1.1856914758479307,1.1863134210206379,1.1863134210206379,1.184219736938086,-5.025316995474132,0.0,-0.000524542164109354,2021-07-05 07:15:00+00:00,2021-07-05 07:30:00+00:00,0 days 00:15:00,B_short,0.0005362982178862364,0.0007167917888347312,1.18626,1.18626,1.18513,1.18513,1.0,1.0
-8063,21005,21007,1.1875913019603535,1.185922786126835,1.1882524046243883,1.185922786126835,13.453243165658431,0.0,0.0014049579436664628,2021-07-06 07:45:00+00:00,2021-07-06 08:15:00+00:00,0 days 00:30:00,B_short,0.0006474173411364964,0.0008539268028980703,1.18829,1.18829,1.18583,1.18583,1.0,1.0
8104,21291,21292,1.1833782926070324,1.1827579872007703,1.1827579872007703,1.1848060383976893,-5.0269550123482425,0.0,-0.0005241818361358952,2021-07-09 07:15:00+00:00,2021-07-09 07:30:00+00:00,0 days 00:15:00,B_long,0.0005330777593324986,0.0006006673914214894,1.18499,1.18499,1.18317,1.18317,1.0,1.0
8099,21293,21301,1.1835683099957899,1.1852620021742641,1.1828593326085786,1.1852620021742641,13.71721295346303,0.0,0.0014310050076284941,2021-07-09 07:45:00+00:00,2021-07-09 09:45:00+00:00,0 days 02:00:00,B_long,0.0006699117392319589,0.0008315107789861264,1.18499,1.18499,1.18317,1.18317,1.0,1.0
8085,21387,21397,1.1871786403821867,1.1865338145241375,1.1865338145241375,1.1887985564275876,-5.2134170623273555,0.0,-0.0005431582376191901,2021-07-12 07:15:00+00:00,2021-07-12 09:45:00+00:00,0 days 02:30:00,B_long,0.0005760274124142652,0.000765451536830391,1.18802,1.18802,1.18652,1.18652,1.0,1.0
8091,21483,21485,1.1857285076785091,1.1850693313569192,1.1850693313569192,1.1873120059292424,-5.33339561798437,0.0,-0.0005559251694813305,2021-07-13 07:15:00+00:00,2021-07-13 07:45:00+00:00,0 days 00:30:00,B_long,0.000620579490670081,0.0007103908174366619,1.18751,1.18751,1.18556,1.18556,1.0,1.0
-8134,21579,21579,1.1786221228927571,1.1791876741882585,1.1791876741882585,1.1774369774352242,-4.600194237608376,0.0,-0.000479841065695652,2021-07-14 07:15:00+00:00,2021-07-14 07:15:00+00:00,0 days 00:00:00,B_short,0.00047931762982418894,0.00047931762982418894,1.17902,1.17902,1.17717,1.17717,1.0,1.0
-8133,21582,21582,1.1782821540094814,1.178924687464179,1.178924687464179,1.1767059376074627,-5.22572458705524,0.0,-0.0005453137455329049,2021-07-14 08:00:00+00:00,2021-07-14 08:00:00+00:00,0 days 00:00:00,B_short,0.0006060624689552171,0.0006060624689552171,1.17902,1.17902,1.17717,1.17717,1.0,1.0
-8124,21585,21592,1.178832103673604,1.1796609980322375,1.1796609980322375,1.176777005903288,-6.733937769537946,0.0,-0.0007031487826385519,2021-07-14 08:45:00+00:00,2021-07-14 10:30:00+00:00,0 days 01:45:00,B_short,0.0007261982946057736,0.0006211228719199311,1.17902,1.17902,1.17717,1.17717,1.0,1.0
-8082,21686,21689,1.1841916131275967,1.1825700824716108,1.184889972509463,1.1825700824716108,13.10521076167816,0.0,0.001369314423451451,2021-07-15 10:00:00+00:00,2021-07-15 10:45:00+00:00,0 days 00:45:00,B_short,0.000642642841534618,0.0006825381697337841,1.18433,1.18433,1.18211,1.18211,1.0,1.0
8121,21774,21779,1.18028800981092,1.1819534263431555,1.1796021912189483,1.1819534263431555,13.524847658283663,0.0,0.0014110255449448772,2021-07-16 08:00:00+00:00,2021-07-16 09:15:00+00:00,0 days 01:15:00,B_long,0.0006241009435782554,0.0006379627610127058,1.18168,1.18168,1.18018,1.18018,1.0,1.0
-8123,21780,21781,1.1814718620613915,1.1821979627610126,1.1821979627610126,1.1796461117169619,-5.898115983022119,0.0,-0.0006145729940230105,2021-07-16 09:30:00+00:00,2021-07-16 09:45:00+00:00,0 days 00:15:00,B_short,0.0006342343928776783,0.0006243364738273071,1.18168,1.18168,1.18018,1.18018,1.0,1.0
-8119,21783,21789,1.181271880365347,1.179504725168049,1.182031758277317,1.179504725168049,14.347533046862267,0.0,0.0014959766897620907,2021-07-16 10:15:00+00:00,2021-07-16 11:45:00+00:00,0 days 01:30:00,B_short,0.0006635238403414211,0.0005996248304438539,1.18168,1.18168,1.18018,1.18018,1.0,1.0
8151,21963,21963,1.1786878633792761,1.1778961769532899,1.1778961769532899,1.18059146914013,-6.453036058214005,0.0,-0.000671667581030766,2021-07-20 07:15:00+00:00,2021-07-20 07:15:00+00:00,0 days 00:00:00,B_long,0.0007546466404820166,0.0007546466404820166,1.18021,1.18021,1.17801,1.17801,1.0,1.0
8147,21966,21982,1.1784578423297274,1.1775629098567046,1.1775629098567046,1.180711270429886,-7.29101485771632,0.0,-0.0007594098328146393,2021-07-20 08:00:00+00:00,2021-07-20 12:00:00+00:00,0 days 04:00:00,B_long,0.0008074781241893074,0.0008417385971616908,1.18021,1.18021,1.17801,1.17801,1.0,0.0
8147,22065,22078,1.1774477498947522,1.1766357511111318,1.1766357511111318,1.1795727466666046,-6.615354090155165,0.0,-0.0006896261712614482,2021-07-21 08:45:00+00:00,2021-07-21 12:00:00+00:00,0 days 03:15:00,B_long,0.0007550157036858647,0.0005457195281472631,1.17829,1.17829,1.17664,1.17664,1.0,0.0
8126,22161,22166,1.1797879640510314,1.1789773758048454,1.1789773758048454,1.1818278725854634,-6.586840088507123,0.0,-0.0006870626509891675,2021-07-22 08:45:00+00:00,2021-07-22 10:00:00+00:00,0 days 01:15:00,B_long,0.0006536076358005313,0.0006525155554492775,1.18001,1.18001,1.17866,1.17866,1.0,1.0
-8132,22256,22268,1.1778721915325903,1.1759152570097766,1.1786815809967413,1.1759152570097766,15.913791539520577,0.0,0.0016614149963650737,2021-07-23 08:30:00+00:00,2021-07-23 11:30:00+00:00,0 days 03:00:00,B_short,0.0006993701971757674,0.0006933674655206365,1.17804,1.17804,1.17637,1.17637,1.0,1.0
-8143,22350,22355,1.178212160415866,1.1790791667411369,1.1790791667411369,1.1761224997765891,-7.060032506681141,0.0,-0.0007358660472192025,2021-07-26 08:00:00+00:00,2021-07-26 09:15:00+00:00,0 days 01:15:00,B_short,0.0008232778423186587,0.0007905825447348403,1.17848,1.17848,1.17632,1.17632,1.0,1.0
8117,22545,22545,1.1813681086522796,1.1830200006155964,1.180686666461468,1.1830200006155964,13.408407066242722,0.0,0.0013982872495190701,2021-07-28 08:45:00+00:00,2021-07-28 08:45:00+00:00,0 days 00:00:00,B_long,0.0007548890667278963,0.0007548890667278963,1.18274,1.18274,1.18123,1.18123,1.0,1.0
-8121,22547,22555,1.1821817970823496,1.1800052884265078,1.183038237191164,1.1800052884265078,17.67542679409164,0.0,0.0018410947125166999,2021-07-28 09:15:00+00:00,2021-07-28 11:15:00+00:00,0 days 02:00:00,B_short,0.0007078055656756265,0.0006595570274546346,1.18274,1.18274,1.18123,1.18123,1.0,1.0
-8093,22743,22744,1.188451223253345,1.1892223948212048,1.1892223948212048,1.1865328155363855,-6.241091498689152,0.0,-0.0006488878573818191,2021-07-30 10:15:00+00:00,2021-07-30 10:30:00+00:00,0 days 00:15:00,B_short,0.000660075511710829,0.0007160654434827145,1.18916,1.18916,1.1875,1.1875,1.0,1.0
-8085,22749,22752,1.1888411875606317,1.1896428141260507,1.1896428141260507,1.1868315576218484,-6.481150781412079,0.0,-0.0006742923897713471,2021-07-30 11:45:00+00:00,2021-07-30 12:30:00+00:00,0 days 00:45:00,B_short,0.0007317722425771573,0.0008135536642791121,1.18916,1.18916,1.1875,1.1875,1.0,0.0
-8085,22931,22935,1.1881112543700694,1.1886916911523753,1.1886916911523753,1.1866849265428745,-4.6928313849432355,0.0,-0.0004885373993142039,2021-08-03 09:15:00+00:00,2021-08-03 10:15:00+00:00,0 days 01:00:00,B_short,0.000497465665391811,0.0005036510986519952,1.18823,1.18823,1.1868,1.1868,1.0,1.0
-8089,23020,23021,1.1868913660241978,1.1875198023447355,1.1875198023447355,1.185480592965793,-5.083421396830046,0.0,-0.0005294809099867237,2021-08-04 07:30:00+00:00,2021-08-04 07:45:00+00:00,0 days 00:15:00,B_short,0.0005031620321041861,0.0005334070944902809,1.18756,1.18756,1.18606,1.18606,1.0,1.0
-8091,23023,23039,1.1859414529679864,1.1867656194818916,1.1867656194818916,1.183983141554325,-6.668331264007513,0.0,-0.0006949470497406018,2021-08-04 08:15:00+00:00,2021-08-04 12:15:00+00:00,0 days 04:00:00,B_short,0.0007522035509727174,0.000657131231929697,1.18756,1.18756,1.18606,1.18606,1.0,0.0
-8102,23120,23123,1.1835416726154522,1.18423191739663,1.18423191739663,1.1819442478101096,-5.59236321710295,0.0,-0.000583202769407043,2021-08-05 08:30:00+00:00,2021-08-05 09:15:00+00:00,0 days 00:45:00,B_short,0.0005676617437461451,0.0005946882521511987,1.18392,1.18392,1.18315,1.18315,1.0,1.0
-8096,23125,23129,1.1837716515659034,1.1844433964851977,1.1844433964851977,1.182189810544407,-5.438446866606952,0.0,-0.000567461569472183,2021-08-05 09:45:00+00:00,2021-08-05 10:45:00+00:00,0 days 01:00:00,B_short,0.0006349436205046523,0.0006023040937329515,1.18392,1.18392,1.18315,1.18315,1.0,1.0
-8144,23325,23328,1.1760623571833873,1.1768069055042907,1.1768069055042907,1.1743392834871282,-6.063601525437505,0.0,-0.0006330857512406585,2021-08-09 11:45:00+00:00,2021-08-09 12:30:00+00:00,0 days 00:45:00,B_short,0.000593318103718578,0.0005770192218873331,1.17645,1.17645,1.17424,1.17424,1.0,0.0
8158,23407,23410,1.1735273911372246,1.1728968806427502,1.1728968806427502,1.1749493580717496,-5.143704613921983,0.0,-0.0005372780381917019,2021-08-10 08:15:00+00:00,2021-08-10 09:00:00+00:00,0 days 00:45:00,B_long,0.0004913701096166052,0.0005681837424675048,1.17416,1.17416,1.1732,1.1732,1.0,1.0
8170,23501,23520,1.171297187048121,1.172562492111623,1.1707191692961259,1.172562492111623,10.337542368810235,0.0,0.001080259627951996,2021-08-11 07:45:00+00:00,2021-08-11 12:30:00+00:00,0 days 04:45:00,B_long,0.0004540532766910687,0.0008035898448614041,1.17255,1.17255,1.17117,1.17117,1.0,0.0
8159,23597,23607,1.1740074350667178,1.1734850661557412,1.1734850661557412,1.1751048015327767,-4.262007944657812,0.0,-0.0004449451471718602,2021-08-12 07:45:00+00:00,2021-08-12 10:15:00+00:00,0 days 02:30:00,B_long,0.0004322759983577503,0.00043709567377276504,1.17457,1.17457,1.17345,1.17345,1.0,1.0
8121,23787,23789,1.1790578972415937,1.1785362720987458,1.1785362720987458,1.1802311837037627,-4.2361177850680045,0.0,-0.00044240842122189594,2021-08-16 07:15:00+00:00,2021-08-16 07:45:00+00:00,0 days 00:30:00,B_long,0.0004285641810869965,0.000493721540460912,1.18006,1.18006,1.17865,1.17865,1.0,1.0
8117,23793,23793,1.1791279036479783,1.1785266855631429,1.1785266855631429,1.1805399433105714,-4.880087194608742,0.0,-0.0005098836885933933,2021-08-16 08:45:00+00:00,2021-08-16 08:45:00+00:00,0 days 00:00:00,B_long,0.0005162058452760987,0.0005162058452760987,1.18006,1.18006,1.17865,1.17865,1.0,1.0
8126,23884,23891,1.1772477315907968,1.1766082047458033,1.1766082047458033,1.1787353857625904,-5.1967951424169,0.0,-0.000543238969871962,2021-08-17 07:30:00+00:00,2021-08-17 09:15:00+00:00,0 days 01:45:00,B_long,0.000544889220303851,0.0006635070874123966,1.17776,1.17776,1.17666,1.17666,1.0,1.0
8123,23897,23901,1.1769377032196657,1.1762079832006498,1.1762079832006498,1.1786560503980505,-5.927515714466519,0.0,-0.000620015840277488,2021-08-17 10:45:00+00:00,2021-08-17 11:45:00+00:00,0 days 01:00:00,B_long,0.0005917478927702386,0.0005481495617858838,1.17776,1.17776,1.17666,1.17666,1.0,1.0
-8151,23983,23995,1.1720327260080903,1.1706911351633962,1.1726629549455345,1.1706911351633962,10.935306975101577,0.0,0.0011446701230464207,2021-08-18 08:15:00+00:00,2021-08-18 11:15:00+00:00,0 days 03:00:00,B_short,0.0005045609527966943,0.0005132807412231027,1.17229,1.17229,1.17075,1.17075,1.0,1.0
8189,24184,24186,1.1681568996760199,1.1674828704555755,1.1674828704555755,1.1697913886332738,-5.519625286218782,0.0,-0.000577002302200369,2021-08-20 10:30:00+00:00,2021-08-20 11:00:00+00:00,0 days 00:30:00,B_long,0.000544178938501248,0.000546338847140921,1.16891,1.16891,1.16757,1.16757,1.0,1.0
-8154,24279,24288,1.1722327077041348,1.1729455674293747,1.1729455674293747,1.170603297711876,-5.81265819960642,0.0,-0.0006081213402040486,2021-08-23 10:15:00+00:00,2021-08-23 12:30:00+00:00,0 days 02:15:00,B_short,0.0005888251054579665,0.0006412704097849486,1.17236,1.17236,1.1695,1.1695,1.0,0.0
8142,24372,24385,1.1735473929676203,1.1751066647532775,1.1728711117489075,1.1751066647532775,12.695590878820752,0.0,0.0013286824162372923,2021-08-24 09:30:00+00:00,2021-08-24 12:45:00+00:00,0 days 03:15:00,B_long,0.0005363698176134311,0.0005928435738262192,1.17473,1.17473,1.17341,1.17341,1.0,0.0
8152,24459,24462,1.1736374012044002,1.1746861812742155,1.1731046062419281,1.1746861812742155,8.54965512913471,0.0,0.0008936150711786883,2021-08-25 07:15:00+00:00,2021-08-25 08:00:00+00:00,0 days 00:45:00,B_long,0.00046934125699556943,0.0006178437752946124,1.17575,1.17575,1.17332,1.17332,1.0,1.0
8137,24555,24559,1.1768176922372924,1.1762495966858715,1.1762495966858715,1.1781312099423855,-4.62259350191186,0.0,-0.0004827387922260451,2021-08-26 07:15:00+00:00,2021-08-26 08:15:00+00:00,0 days 01:00:00,B_long,0.0005010162055781008,0.0005793181994570969,1.17736,1.17736,1.1761,1.1761,1.0,1.0
8135,24561,24563,1.176517664781359,1.1758205908938038,1.1758205908938038,1.1781382273185883,-5.670696075262813,0.0,-0.0005924890959329021,2021-08-26 08:45:00+00:00,2021-08-26 09:15:00+00:00,0 days 00:30:00,B_long,0.0006048212253699918,0.0005779323870556855,1.17736,1.17736,1.1761,1.1761,1.0,1.0
8131,24564,24576,1.176387652883788,1.1757120676129444,1.1757120676129444,1.178023797161167,-5.493183837228892,0.0,-0.0005742879646750687,2021-08-26 09:30:00+00:00,2021-08-26 12:30:00+00:00,0 days 03:00:00,B_long,0.0005675414021149497,0.0007586825794303399,1.17736,1.17736,1.1761,1.1761,1.0,0.0
-8129,24652,24668,1.1758623754873427,1.1763881555218052,1.1763881555218052,1.174675533434584,-4.274065900145371,0.0,-0.0004471441942723864,2021-08-27 07:30:00+00:00,2021-08-27 11:30:00+00:00,0 days 04:00:00,B_short,0.00043240145223128303,0.000500099160169375,1.17642,1.17642,1.1742,1.1742,1.0,1.0
-8123,24670,24674,1.176142349861805,1.1747557421835595,1.17673475260548,1.1747557421835595,11.263414170389094,0.0,0.0011789454553766676,2021-08-27 12:00:00+00:00,2021-08-27 13:00:00+00:00,0 days 01:00:00,B_short,0.0004821189247494505,0.0007693822935263312,1.17642,1.17642,1.1742,1.1742,0.0,0.0
8107,24758,24763,1.1800579887613714,1.17937869299472,1.17937869299472,1.1817439210158396,-5.507050780241819,0.0,-0.0005756460895318671,2021-08-30 10:00:00+00:00,2021-08-30 11:15:00+00:00,0 days 01:15:00,B_long,0.0005537994045758995,0.0005015633149935347,1.18097,1.18097,1.17951,1.17951,1.0,1.0
-8085,24844,24845,1.1823217842695808,1.1828768103956395,1.1828768103956395,1.1811295688130812,-4.487386229184857,0.0,-0.00046943745217520316,2021-08-31 07:30:00+00:00,2021-08-31 07:45:00+00:00,0 days 00:15:00,B_short,0.0004212356762208954,0.00042773758605810545,1.18277,1.18277,1.17952,1.17952,1.0,1.0
-8085,24850,24850,1.1819118217926894,1.182490456952008,1.182490456952008,1.1805686291439759,-4.678265263091394,0.0,-0.0004895755746321395,2021-08-31 09:00:00+00:00,2021-08-31 09:00:00+00:00,0 days 00:00:00,B_short,0.0005457293584069522,0.0005457293584069522,1.18277,1.18277,1.17952,1.17952,1.0,1.0
-8076,24852,24856,1.1825617623048341,1.183182298777286,1.183182298777286,1.1810931036681422,-5.011452551521224,0.0,-0.000524739165624899,2021-08-31 09:30:00+00:00,2021-08-31 10:30:00+00:00,0 days 01:00:00,B_short,0.0005473256069812182,0.0005082130698467255,1.18277,1.18277,1.17952,1.17952,1.0,1.0
-8059,25039,25044,1.1844515893324548,1.1850074325551316,1.1850074325551316,1.183297702334605,-4.479540531552954,0.0,-0.0004692831920551921,2021-09-02 08:15:00+00:00,2021-09-02 09:30:00+00:00,0 days 01:15:00,B_short,0.0004397748811141881,0.0004592008361264153,1.1846,1.1846,1.18342,1.18342,1.0,1.0
8036,25140,25140,1.1874786678381197,1.1869322655910939,1.1869322655910939,1.1887232032267188,-4.390888457099695,0.0,-0.0004601364738792135,2021-09-03 09:30:00+00:00,2021-09-03 09:30:00+00:00,0 days 00:00:00,B_long,0.0004560364877188147,0.0004560364877188147,1.18842,1.18842,1.18733,1.18733,1.0,1.0
8038,25232,25232,1.1866985964526935,1.1861758297605796,1.1861758297605796,1.187912510718261,-4.201998671211766,0.0,-0.00044052187613319305,2021-09-06 08:30:00+00:00,2021-09-06 08:30:00+00:00,0 days 00:00:00,B_long,0.00044161420749769405,0.00044161420749769405,1.18857,1.18857,1.18648,1.18648,1.0,1.0
8034,25243,25244,1.1867285991982868,1.1861593362433995,1.1861593362433995,1.1880019912698014,-4.573458579564083,0.0,-0.00047969093798849727,2021-09-06 11:15:00+00:00,2021-09-06 11:30:00+00:00,0 days 00:15:00,B_long,0.0004579085890538236,0.0004621874438466607,1.18857,1.18857,1.18648,1.18648,1.0,1.0
8024,25330,25333,1.1877186898028664,1.1869278364068765,1.1869278364068765,1.1896964907793701,-6.345807649423305,0.0,-0.0006658591826328442,2021-09-07 09:00:00+00:00,2021-09-07 09:45:00+00:00,0 days 00:45:00,B_long,0.0006958751140402582,0.0007853859631248532,1.18851,1.18851,1.18705,1.18705,1.0,1.0
8019,25338,25339,1.1875586751597018,1.1867172557334753,1.1867172557334753,1.189688232799574,-6.747342378910371,0.0,-0.0007085287184764866,2021-09-07 11:00:00+00:00,2021-09-07 11:15:00+00:00,0 days 00:15:00,B_long,0.0007343783643213337,0.0006991279157451815,1.18851,1.18851,1.18705,1.18705,1.0,1.0
8039,25419,25421,1.1837983310453388,1.183236227229093,1.183236227229093,1.185131318312721,-4.518752578799774,0.0,-0.0004748307220110437,2021-09-08 07:15:00+00:00,2021-09-08 07:45:00+00:00,0 days 00:30:00,B_long,0.0004959364014527374,0.0005715255637578132,1.18511,1.18511,1.18351,1.18351,1.0,1.0
-8045,25518,25518,1.182121802573536,1.1827444910258382,1.1827444910258382,1.1806465269224855,-5.0095285987710225,0.0,-0.0005267549003380445,2021-09-09 08:00:00+00:00,2021-09-09 08:00:00+00:00,0 days 00:00:00,B_short,0.000558558889059841,0.000558558889059841,1.18252,1.18252,1.18112,1.18112,1.0,1.0
-8034,25624,25628,1.1831217110537586,1.1837291208045744,1.1837291208045744,1.181732637586277,-4.879929938053705,0.0,-0.000513395828291241,2021-09-10 10:30:00+00:00,2021-09-10 11:30:00+00:00,0 days 01:00:00,B_short,0.00047657136396455084,0.00047723920446794785,1.18337,1.18337,1.18186,1.18186,1.0,1.0
-8030,25630,25630,1.1832616982409898,1.1838302739772055,1.1838302739772055,1.181909178068383,-4.565663161812193,0.0,-0.0004805156264762189,2021-09-10 12:00:00+00:00,2021-09-10 12:00:00+00:00,0 days 00:00:00,B_short,0.000518904113578188,0.000518904113578188,1.18337,1.18337,1.18186,1.18186,0.0,0.0
8056,25714,25720,1.1790378954111984,1.1783990351000746,1.1783990351000746,1.1805628946997766,-5.1466586664134315,0.0,-0.0005418488359112406,2021-09-13 09:00:00+00:00,2021-09-13 10:30:00+00:00,0 days 01:30:00,B_long,0.0005355029132688507,0.0004827901384948086,1.18127,1.18127,1.17877,1.17877,1.0,1.0
-8032,25812,25816,1.1817318382662494,1.180501031810365,1.182272989396545,1.180501031810365,9.885837453663171,0.0,0.0010415277104576237,2021-09-14 09:30:00+00:00,2021-09-14 10:30:00+00:00,0 days 01:00:00,B_short,0.0005119241436722657,0.0005244587746651424,1.18188,1.18188,1.18054,1.18054,1.0,1.0
8048,25819,25824,1.18073805099482,1.1822159137722454,1.1801413620759182,1.1822159137722454,11.893839632720052,0.0,0.0012516432211024942,2021-09-14 11:15:00+00:00,2021-09-14 12:30:00+00:00,0 days 01:15:00,B_long,0.000518819534204266,0.0008785311622232623,1.18188,1.18188,1.18054,1.18054,1.0,0.0
-8081,26094,26094,1.1771622565116322,1.1777955131459372,1.1777955131459372,1.1757334605621887,-5.117346861818898,0.0,-0.0005379518675543427,2021-09-17 08:00:00+00:00,2021-09-17 08:00:00+00:00,0 days 00:00:00,B_short,0.000608111393145482,0.000608111393145482,1.17743,1.17743,1.17586,1.17586,1.0,1.0
8120,26189,26193,1.1711871769809454,1.1706117890378724,1.1706117890378724,1.172444632886383,-4.67215009775269,0.0,-0.0004912860680017506,2021-09-20 07:45:00+00:00,2021-09-20 08:45:00+00:00,0 days 01:00:00,B_long,0.0004584495005106495,0.0004871841221547803,1.17296,1.17296,1.17097,1.17097,1.0,1.0
8114,26199,26203,1.1714572016912852,1.1707449472470555,1.1707449472470555,1.1731651582588332,-5.779232560480044,0.0,-0.0006080072265562952,2021-09-20 10:15:00+00:00,2021-09-20 11:15:00+00:00,0 days 01:00:00,B_long,0.0005777123858851911,0.0005185000188299675,1.17296,1.17296,1.17097,1.17097,1.0,1.0
8100,26286,26300,1.1727673215821939,1.174409066731202,1.1720903110895995,1.174409066731202,13.298135706965253,0.0,0.0013998899174587631,2021-09-21 08:00:00+00:00,2021-09-21 11:30:00+00:00,0 days 03:30:00,B_long,0.0006183970556804925,0.0005644207058172546,1.17399,1.17399,1.17232,1.17232,1.0,1.0
-8109,26380,26380,1.1728126546226638,1.1733981200425125,1.1733981200425125,1.171445639872462,-4.747539089553259,0.0,-0.0004991977342170273,2021-09-22 07:30:00+00:00,2021-09-22 07:30:00+00:00,0 days 00:00:00,B_short,0.0005457040368443802,0.0005457040368443802,1.17304,1.17304,1.17164,1.17164,1.0,1.0
-8106,26390,26392,1.1727526601138505,1.173374408893572,1.173374408893572,1.1712767733192837,-5.039895608422825,0.0,-0.0005301619010280589,2021-09-22 10:00:00+00:00,2021-09-22 10:30:00+00:00,0 days 00:30:00,B_short,0.0004811543744291765,0.0004407781745712629,1.17304,1.17304,1.17164,1.17164,1.0,1.0
-8103,26398,26398,1.1725226811633995,1.1730820187137725,1.1730820187137725,1.1711939438586823,-4.532312170672116,0.0,-0.00047703772332829963,2021-09-22 12:00:00+00:00,2021-09-22 12:00:00+00:00,0 days 00:00:00,B_short,0.0004890828852695941,0.0004890828852695941,1.17304,1.17304,1.17164,1.17164,0.0,0.0
-8110,26492,26492,1.1710328175278677,1.171854968562588,1.171854968562588,1.1689550943122358,-6.667644891582334,0.0,-0.0007020734367257919,2021-09-23 11:30:00+00:00,2021-09-23 11:30:00+00:00,0 days 00:00:00,B_short,0.000728306087576419,0.000728306087576419,1.17132,1.17132,1.16834,1.16834,1.0,1.0
8085,26572,26573,1.1739674314059267,1.1734356293626507,1.1734356293626507,1.1751731119120479,-4.299619519887067,0.0,-0.0004529955678916897,2021-09-24 07:30:00+00:00,2021-09-24 07:45:00+00:00,0 days 00:15:00,B_long,0.0004284545523693539,0.0004646606120534298,1.17476,1.17476,1.17356,1.17356,1.0,1.0
8083,26578,26582,1.1737074076107845,1.173127864261909,1.173127864261909,1.175016407214273,-4.684448888961113,0.0,-0.0004937715695730871,2021-09-24 09:00:00+00:00,2021-09-24 10:00:00+00:00,0 days 01:00:00,B_long,0.0004571843063455207,0.00042695350071179043,1.17476,1.17476,1.17356,1.17356,1.0,1.0
8079,26584,26584,1.1737974158475646,1.1732406402993831,1.1732406402993831,1.1749980791018508,-4.498189653757967,0.0,-0.00047433700284593705,2021-09-24 10:30:00+00:00,2021-09-24 10:30:00+00:00,0 days 00:00:00,B_long,0.0004981117405346157,0.0004981117405346157,1.17476,1.17476,1.17356,1.17356,1.0,1.0
8109,26766,26766,1.1687669555030842,1.1680213333237914,1.1680213333237914,1.1706960000286257,-6.046250251884899,0.0,-0.0006379562459239985,2021-09-28 08:00:00+00:00,2021-09-28 08:00:00+00:00,0 days 00:00:00,B_long,0.0006955111193807455,0.0006955111193807455,1.17031,1.17031,1.1685,1.1685,1.0,1.0
8103,26781,26782,1.1690069774678307,1.168273254108887,1.168273254108887,1.170860237673339,-5.945360377521024,0.0,-0.0006276466891010912,2021-09-28 11:45:00+00:00,2021-09-28 12:00:00+00:00,0 days 00:15:00,B_long,0.000643179772297972,0.0007094224693248983,1.17031,1.17031,1.1685,1.1685,1.0,0.0
8156,26956,26963,1.1606362114472937,1.1597924162150666,1.1597924162150666,1.1627827513548,-6.881993914044284,0.0,-0.0007270109478790809,2021-09-30 07:30:00+00:00,2021-09-30 09:15:00+00:00,0 days 01:45:00,B_long,0.000731905946942167,0.0006593814128964478,1.16085,1.16085,1.15949,1.15949,1.0,1.0
-8169,27054,27063,1.1577340347409075,1.1584062272493545,1.1584062272493545,1.1561813182519367,-5.491140601503274,0.0,-0.000580610475529042,2021-10-01 08:00:00+00:00,2021-10-01 10:15:00+00:00,0 days 02:15:00,B_short,0.000538063616107134,0.0005583275374503166,1.15818,1.15818,1.15628,1.15628,1.0,1.0
-8141,27157,27161,1.1611437226584664,1.1617654824798613,1.1617654824798613,1.1597035525604156,-5.061746705975849,0.0,-0.0005354718879859721,2021-10-04 09:45:00+00:00,2021-10-04 10:45:00+00:00,0 days 01:00:00,B_short,0.0005027514825464675,0.0005114703228249436,1.16136,1.16136,1.15876,1.15876,1.0,1.0
-8173,27442,27450,1.1559242003917045,1.1564561819144683,1.1564561819144683,1.1546314542565947,-4.347884985548467,0.0,-0.00046022180570615134,2021-10-07 09:00:00+00:00,2021-10-07 11:00:00+00:00,0 days 02:00:00,B_short,0.00047002432587258427,0.0004946342197227535,1.1561,1.1561,1.15493,1.15493,1.0,1.0
-8170,27548,27550,1.155764215034869,1.1562935334485605,1.1562935334485605,1.154559399654319,-4.324531439858863,0.0,-0.0004579813138403388,2021-10-08 11:30:00+00:00,2021-10-08 12:00:00+00:00,0 days 00:30:00,B_short,0.000426395655418928,0.0004982260700702144,1.15596,1.15596,1.15413,1.15413,1.0,0.0
-8155,27628,27634,1.1574240631120385,1.1561193097395785,1.158026896753474,1.1561193097395785,10.64026375241084,0.0,0.0011272906914961967,2021-10-11 07:30:00+00:00,2021-10-11 09:00:00+00:00,0 days 01:30:00,B_short,0.0004759771863440868,0.0006838519297089095,1.15792,1.15792,1.15649,1.15649,1.0,1.0
8170,27642,27649,1.1567258536049638,1.1560827427513602,1.1560827427513602,1.1582317717459192,-5.254215673941241,0.0,-0.0005559751704341531,2021-10-11 11:00:00+00:00,2021-10-11 12:45:00+00:00,0 days 01:45:00,B_long,0.000544289615487873,0.000541433356468527,1.15792,1.15792,1.15649,1.15649,1.0,0.0
-8172,27723,27723,1.15563422693244,1.1561772813154412,1.1561772813154412,1.1543881560536762,-4.437840417885591,0.0,-0.0004699189158170469,2021-10-12 07:15:00+00:00,2021-10-12 07:15:00+00:00,0 days 00:00:00,B_short,0.0004516438067157925,0.0004516438067157925,1.15633,1.15633,1.15471,1.15471,1.0,1.0
-8165,27730,27731,1.156074186663738,1.1566261418720263,1.1566261418720263,1.1548815743839214,-4.506714275673258,0.0,-0.00047743926354848476,2021-10-12 09:00:00+00:00,2021-10-12 09:15:00+00:00,0 days 00:15:00,B_short,0.0004619896224228392,0.0004950576727664591,1.15633,1.15633,1.15471,1.15471,1.0,1.0
-8163,27732,27743,1.1558942031372978,1.1545248269817006,1.1565050576727665,1.1545248269817006,11.178217558140682,0.0,0.0011846898720320187,2021-10-12 09:30:00+00:00,2021-10-12 12:15:00+00:00,0 days 02:45:00,B_short,0.00047304998306425675,0.0005441211860796375,1.15633,1.15633,1.15471,1.15471,1.0,0.0
-8178,27827,27828,1.155054280013911,1.1556364403906805,1.1556364403906805,1.153810678827959,-4.760907561220993,0.0,-0.0005040112718879275,2021-10-13 09:15:00+00:00,2021-10-13 09:30:00+00:00,0 days 00:15:00,B_short,0.00046358167192294276,0.0005257707823332004,1.15556,1.15556,1.15299,1.15299,1.0,1.0
-8134,28013,28014,1.1607537583511796,1.1612856380308165,1.1612856380308165,1.1595830859075504,-4.326309314167119,0.0,-0.00045821921816768807,2021-10-15 07:45:00+00:00,2021-10-15 08:00:00+00:00,0 days 00:15:00,B_short,0.00043421962670769394,0.0004989903431466724,1.16116,1.16116,1.15881,1.15881,1.0,1.0
-8132,28017,28032,1.160543777570333,1.158908541760109,1.1612304860799636,1.158908541760109,13.29773760874031,0.0,0.0014090255290906128,2021-10-15 08:45:00+00:00,2021-10-15 12:30:00+00:00,0 days 03:45:00,B_short,0.0006044212693017417,0.0006913851231184662,1.16116,1.16116,1.15881,1.15881,1.0,0.0
8160,28107,28110,1.1583360009518058,1.1595412718430627,1.1578195760523124,1.1595412718430627,9.835010472656158,0.0,0.0010405192364448812,2021-10-18 07:15:00+00:00,2021-10-18 08:00:00+00:00,0 days 00:45:00,B_long,0.0004290340879958615,0.0005453830789116938,1.15977,1.15977,1.15777,1.15777,1.0,1.0
8136,28304,28308,1.1629864265187706,1.1623191353354296,1.1623191353354296,1.164602593993711,-5.429081067662114,0.0,-0.0005737738361559774,2021-10-20 08:30:00+00:00,2021-10-20 09:30:00+00:00,0 days 01:00:00,B_long,0.0005494160426276065,0.00047820625369852487,1.1652,1.1652,1.16276,1.16276,1.0,1.0
8131,28313,28317,1.163066433840353,1.1624612355790245,1.1624612355790245,1.164376293262927,-4.9208670628614835,0.0,-0.0005203471132170234,2021-10-20 10:45:00+00:00,2021-10-20 11:45:00+00:00,0 days 01:00:00,B_long,0.0004975958315121119,0.0005471323366679916,1.1652,1.1652,1.16276,1.16276,1.0,1.0
-8126,28510,28513,1.1630035524316806,1.163629462808319,1.163629462808319,1.161511611575043,-5.086147720563593,0.0,-0.0005381844065133201,2021-10-22 12:00:00+00:00,2021-10-22 12:45:00+00:00,0 days 00:45:00,B_short,0.0005082011005431712,0.0005415163904869281,1.16318,1.16318,1.1621,1.1621,0.0,0.0
-8141,28780,28780,1.1601438141782439,1.1607626721257929,1.1607626721257929,1.1587519836226217,-5.038122550996506,0.0,-0.0005334320969399009,2021-10-27 07:30:00+00:00,2021-10-27 07:30:00+00:00,0 days 00:00:00,B_short,0.0005583158423537824,0.0005583158423537824,1.16051,1.16051,1.15955,1.15955,1.0,1.0
-8135,28782,28788,1.1604037903831017,1.1587303788098804,1.161103207063373,1.1587303788098804,13.613203148155415,0.0,0.0014420941978040558,2021-10-27 08:00:00+00:00,2021-10-27 09:30:00+00:00,0 days 01:30:00,B_short,0.000584779454923502,0.0006252366183628882,1.16051,1.16051,1.15955,1.15955,1.0,1.0
8150,28795,28799,1.1601661684329985,1.1617796238977167,1.1594734587007611,1.1617796238977167,13.149662037453735,0.0,0.0013907106659536428,2021-10-27 11:15:00+00:00,2021-10-27 12:15:00+00:00,0 days 01:00:00,B_long,0.0005570024593404042,0.000638850118345117,1.16051,1.16051,1.15955,1.15955,1.0,0.0
-8156,28878,28878,1.1607237610967729,1.1613688934835151,1.1613688934835151,1.1592133195494547,-5.261699746269726,0.0,-0.000555801826726432,2021-10-28 08:00:00+00:00,2021-10-28 08:00:00+00:00,0 days 00:00:00,B_short,0.0005483743523797882,0.0005483743523797882,1.16096,1.16096,1.15892,1.15892,1.0,1.0
-8158,28880,28889,1.1596838562773415,1.160465924438729,1.160465924438729,1.1578022266838128,-6.380112060599091,0.0,-0.0006743804849520529,2021-10-28 08:30:00+00:00,2021-10-28 10:45:00+00:00,0 days 02:15:00,B_short,0.0006971345135652292,0.0006983686429932346,1.16096,1.16096,1.15892,1.15892,1.0,1.0
8100,28971,28971,1.167486838357769,1.1668109974707432,1.1668109974707432,1.1690870075877706,-5.474311184908731,0.0,-0.0005788852300694369,2021-10-29 07:15:00+00:00,2021-10-29 07:15:00+00:00,0 days 00:00:00,B_long,0.0006051355253559561,0.0006051355253559561,1.16899,1.16899,1.16637,1.16637,1.0,1.0
-8150,29167,29167,1.1595138718357036,1.1602670260630144,1.1602670260630144,1.1576789218109573,-6.138206952582237,0.0,-0.0006495430935364865,2021-11-02 08:15:00+00:00,2021-11-02 08:15:00+00:00,0 days 00:00:00,B_short,0.0006887559212789521,0.0006887559212789521,1.16084,1.16084,1.1595,1.1595,1.0,1.0
8143,29174,29176,1.159956149213845,1.1590734664006908,1.1590734664006908,1.1621396007979277,-7.187686147515381,0.0,-0.0007609622258156756,2021-11-02 10:00:00+00:00,2021-11-02 10:30:00+00:00,0 days 00:30:00,B_long,0.0007349957860680991,0.0007031746126466731,1.16084,1.16084,1.1595,1.1595,1.0,1.0
8137,29177,29189,1.159866140977065,1.1590768253873533,1.1590768253873533,1.16188952383794,-6.422660953483497,0.0,-0.0006805230033241072,2021-11-02 10:45:00+00:00,2021-11-02 13:45:00+00:00,0 days 03:00:00,B_long,0.0007320846642937875,0.0006981563558028079,1.16084,1.16084,1.1595,1.1595,1.0,0.0
-8139,29265,29267,1.1585839569490965,1.1591098057533613,1.1591098057533613,1.1575105827399157,-4.279883417910892,0.0,-0.00045387198839641485,2021-11-03 08:45:00+00:00,2021-11-03 09:15:00+00:00,0 days 00:30:00,B_short,0.0004144983195797888,0.0004401342933732587,1.15874,1.15874,1.15748,1.15748,1.0,1.0
-8138,29271,29272,1.1582539871506232,1.1589310148274197,1.1589310148274197,1.1566469555177412,-5.509651233769501,0.0,-0.0005845243653872512,2021-11-03 10:15:00+00:00,2021-11-03 10:30:00+00:00,0 days 00:15:00,B_short,0.0006015461837636324,0.0006000066925951601,1.15874,1.15874,1.15748,1.15748,1.0,1.0
-8132,29275,29276,1.1583639770834477,1.1590874716935493,1.1590874716935493,1.1567375849193524,-5.88345816934598,0.0,-0.000624583140027557,2021-11-03 11:15:00+00:00,2021-11-03 11:30:00+00:00,0 days 00:15:00,B_short,0.0006078088010760185,0.0005854342942658822,1.15874,1.15874,1.15748,1.15748,1.0,1.0
-8126,29278,29283,1.158633952373108,1.1569758708349087,1.1593147097216971,1.1569758708349087,13.473570579407031,0.0,0.001431065898598205,2021-11-03 12:00:00+00:00,2021-11-03 13:15:00+00:00,0 days 01:15:00,B_short,0.0005734150921374805,0.0006798519701135638,1.15874,1.15874,1.15748,1.15748,0.0,0.0
-8159,29455,29456,1.1554642424908022,1.1559873745186804,1.1559873745186804,1.1542778764439585,-4.268234215458536,0.0,-0.0004527461851615566,2021-11-05 08:15:00+00:00,2021-11-05 08:30:00+00:00,0 days 00:15:00,B_short,0.00046639124952307747,0.0004935390829199935,1.15576,1.15576,1.15409,1.15409,1.0,1.0
8164,29461,29462,1.1544556458550692,1.153755018276597,1.153755018276597,1.156134945170209,-5.719923550647235,0.0,-0.0006068899926885418,2021-11-05 09:45:00+00:00,2021-11-05 10:00:00+00:00,0 days 00:15:00,B_long,0.000566317493615943,0.0006041418278004862,1.15576,1.15576,1.15409,1.15409,1.0,1.0
-8143,29553,29558,1.1565841399886514,1.1573839346388795,1.1573839346388795,1.1546081960833616,-6.51272783680708,0.0,-0.0006915144541372875,2021-11-08 09:45:00+00:00,2021-11-08 11:00:00+00:00,0 days 01:15:00,B_short,0.0007014100203622314,0.0006264426017321194,1.15681,1.15681,1.15531,1.15531,1.0,1.0
-8140,29560,29561,1.156254170190178,1.1569789169215012,1.1569789169215012,1.1545032492354965,-5.89943839297058,0.0,-0.0006268057231775259,2021-11-08 11:30:00+00:00,2021-11-08 11:45:00+00:00,0 days 00:15:00,B_short,0.0006177279986343426,0.0006446975988164361,1.15681,1.15681,1.15531,1.15531,1.0,1.0
8125,29746,29750,1.1578659579375101,1.1570478252500995,1.1570478252500995,1.159896524249701,-6.647328085211123,0.0,-0.0007065867009925508,2021-11-10 10:00:00+00:00,2021-11-10 11:00:00+00:00,0 days 01:00:00,B_long,0.0006758847832470433,0.0007017656354433462,1.15952,1.15952,1.15769,1.15769,1.0,1.0
8194,29837,29838,1.1472049823366828,1.1464095581974278,1.1464095581974278,1.1492513254077161,-6.517705397054896,0.0,-0.0006933583374392205,2021-11-11 08:45:00+00:00,2021-11-11 09:00:00+00:00,0 days 00:15:00,B_long,0.0007290495622290821,0.0007598429539318808,1.14875,1.14875,1.14647,1.14647,1.0,1.0
8188,29843,29845,1.1473049914886606,1.1463922098843013,1.1463922098843013,1.149623370347096,-7.473855776493608,0.0,-0.0007955875823174585,2021-11-11 10:15:00+00:00,2021-11-11 10:45:00+00:00,0 days 00:30:00,B_long,0.0007840847669389104,0.0007674236693896734,1.14875,1.14875,1.14647,1.14647,1.0,1.0
8182,29849,29853,1.147244985997474,1.146306207466178,1.146306207466178,1.149641377601466,-7.681085943063714,0.0,-0.0008182895046429106,2021-11-11 11:45:00+00:00,2021-11-11 12:45:00+00:00,0 days 01:00:00,B_long,0.0007799535293123706,0.0007514752148284582,1.14875,1.14875,1.14647,1.14647,1.0,0.0
-8195,29931,29932,1.1443152629363205,1.1449181656902725,1.1449181656902725,1.1430455029291824,-4.940788068636871,0.0,-0.0005268677028784641,2021-11-12 08:15:00+00:00,2021-11-12 08:30:00+00:00,0 days 00:15:00,B_short,0.00046574359823628626,0.0005063111184714398,1.14482,1.14482,1.14359,1.14359,1.0,1.0
-8191,29935,29944,1.1442652675123095,1.1449630514623186,1.1449630514623186,1.1425508456130444,-5.715548334524364,0.0,-0.0006098096043114509,2021-11-12 09:15:00+00:00,2021-11-12 11:30:00+00:00,0 days 02:15:00,B_short,0.0006026446006760651,0.0006066117563237374,1.14482,1.14482,1.14359,1.14359,1.0,1.0
8183,30030,30045,1.1449647773323814,1.144168769642486,1.144168769642486,1.1469336910725418,-6.513730926414108,0.0,-0.0006952246092233327,2021-11-15 09:00:00+00:00,2021-11-15 12:45:00+00:00,0 days 03:45:00,B_long,0.0006803996431787815,0.0006768198180540677,1.14638,1.14638,1.1441,1.1441,1.0,0.0
8232,30136,30140,1.137324078121282,1.1365030527921631,1.1365030527921631,1.1393708416235102,-6.758680509305657,0.0,-0.0007218921544991375,2021-11-16 11:30:00+00:00,2021-11-16 12:30:00+00:00,0 days 01:00:00,B_long,0.000692020913458557,0.0006463188011711989,1.13856,1.13856,1.1366,1.1366,1.0,0.0
-8256,30317,30325,1.1329263053465852,1.1337507548390349,1.1337507548390349,1.1308677354828953,-6.80665500966424,0.0,-0.0007277167884256475,2021-11-18 08:45:00+00:00,2021-11-18 10:45:00+00:00,0 days 02:00:00,B_short,0.0007033208604968926,0.0006204243807350959,1.13379,1.13379,1.13158,1.13158,1.0,1.0
8294,30507,30530,1.1271231446195522,1.1262154469232657,1.1262154469232657,1.1294736592302028,-7.528444693000344,0.0,-0.0008053225600233027,2021-11-22 08:15:00+00:00,2021-11-22 14:00:00+00:00,0 days 05:45:00,B_long,0.0008552793331697556,0.000983322995255718,1.12896,1.12896,1.12648,1.12648,1.0,0.0
-8308,30618,30622,1.1242071033990444,1.1251987037730817,1.1251987037730817,1.1216838886807547,-8.238215907502205,0.0,-0.0008820442167989384,2021-11-23 12:00:00+00:00,2021-11-23 13:00:00+00:00,0 days 01:00:00,B_short,0.0008668766033374824,0.0010187319045515193,1.12439,1.12439,1.12259,1.12259,0.0,0.0
-8303,30700,30705,1.1239471271941865,1.121750996087179,1.1248030013042736,1.121750996087179,18.23447658148377,0.0,0.001953945211364161,2021-11-24 08:30:00+00:00,2021-11-24 09:45:00+00:00,0 days 01:15:00,B_short,0.0007479344637038616,0.00109146383648657,1.1247,1.1247,1.12325,1.12325,1.0,1.0
-8336,30799,30799,1.1215673450112569,1.122187324275387,1.122187324275387,1.1200780271738393,-5.168147145788971,0.0,-0.0005527793465882613,2021-11-25 09:15:00+00:00,2021-11-25 09:15:00+00:00,0 days 00:00:00,B_short,0.0005583477053353547,0.0005583477053353547,1.12181,1.12181,1.12025,1.12025,1.0,1.0
8290,30989,30996,1.1273831684146944,1.1293419636250515,1.1265926787916496,1.1293419636250515,16.238412293859717,0.0,0.0017374706889685676,2021-11-29 08:45:00+00:00,2021-11-29 10:30:00+00:00,0 days 01:45:00,B_long,0.0007116783805704548,0.0006754376135448191,1.12968,1.12968,1.12726,1.12726,1.0,1.0
-8269,31180,31186,1.1320463858839895,1.133301524194917,1.133301524194917,1.128655427415249,-10.378738693058537,0.0,-0.0011087339940998309,2021-12-01 08:30:00+00:00,2021-12-01 10:00:00+00:00,0 days 01:30:00,B_short,0.001254654302261354,0.0011961971128049537,1.13372,1.13372,1.13163,1.13163,1.0,1.0
8258,31277,31279,1.1324836351655592,1.1316694906576603,1.1316694906576603,1.1344715280270194,-6.72320534622871,0.0,-0.0007189017859668967,2021-12-02 08:45:00+00:00,2021-12-02 09:15:00+00:00,0 days 00:30:00,B_long,0.0006684414300277962,0.0007035848963320146,1.13392,1.13392,1.13149,1.13149,1.0,1.0
8275,31370,31373,1.129303344132667,1.1287267769606582,1.1287267769606582,1.130699669118025,-4.771093348373018,0.0,-0.000510551195127884,2021-12-03 08:00:00+00:00,2021-12-03 08:45:00+00:00,0 days 00:45:00,B_long,0.0005127933007628264,0.0005881442612669153,1.13074,1.13074,1.12907,1.12907,1.0,1.0
8271,31377,31380,1.1292333377262826,1.1311008203928916,1.1285263932023695,1.1311008203928916,15.445949135522758,0.0,0.0016537615426490682,2021-12-03 09:45:00+00:00,2021-12-03 10:30:00+00:00,0 days 00:45:00,B_long,0.0006497925579465657,0.0007250590369803204,1.13074,1.13074,1.12907,1.12907,1.0,1.0
-8277,31385,31386,1.1301465597715665,1.130993192319115,1.130993192319115,1.128020423042655,-7.007577596058644,0.0,-0.000749135180944771,2021-12-03 11:45:00+00:00,2021-12-03 12:00:00+00:00,0 days 00:15:00,B_short,0.0007481000098996441,0.0007390200085796933,1.13074,1.13074,1.12907,1.12907,1.0,0.0
8285,31463,31465,1.1283932608496696,1.127875456605535,1.127875456605535,1.129493630183395,-4.29000816265618,0.0,-0.0004588863316542513,2021-12-06 07:15:00+00:00,2021-12-06 07:45:00+00:00,0 days 00:30:00,B_long,0.0004132709418696739,0.00048792350744875405,1.1304,1.1304,1.12817,1.12817,1.0,1.0
8278,31467,31475,1.128853302948767,1.1305886011193667,1.1281504662935444,1.1305886011193667,14.364798256223375,0.0,0.0015372220341356435,2021-12-06 08:15:00+00:00,2021-12-06 10:15:00+00:00,0 days 02:00:00,B_long,0.0006362625455948468,0.0006770160055361201,1.1304,1.1304,1.12817,1.12817,1.0,1.0
-8283,31477,31490,1.1297165991250708,1.1305814138714647,1.1305814138714647,1.127535758385606,-7.16326054438053,0.0,-0.0007655147734073608,2021-12-06 10:45:00+00:00,2021-12-06 14:00:00+00:00,0 days 03:15:00,B_short,0.0007252253552693273,0.0008139383516808993,1.1304,1.1304,1.12817,1.12817,1.0,0.0
-8282,31559,31559,1.1289366705104973,1.1293804489533747,1.1293804489533747,1.1279786531398757,-3.675373063911146,0.0,-0.00039309418718480593,2021-12-07 07:15:00+00:00,2021-12-07 07:15:00+00:00,0 days 00:00:00,B_short,0.00037305575959144694,0.00037305575959144694,1.12929,1.12929,1.12758,1.12758,1.0,1.0
-8280,31562,31564,1.1287566869840573,1.1292898507705376,1.1292898507705376,1.127530447688387,-4.41459615205666,0.0,-0.0004723460712376948,2021-12-07 08:00:00+00:00,2021-12-07 08:30:00+00:00,0 days 00:30:00,B_short,0.00045853733446589136,0.0006100124867766336,1.12929,1.12929,1.12758,1.12758,1.0,1.0
8274,31947,31947,1.129353348708656,1.1288258366972126,1.1288258366972126,1.1304824899083623,-4.3646343826827705,0.0,-0.0004670920859680683,2021-12-13 08:15:00+00:00,2021-12-13 08:15:00+00:00,0 days 00:00:00,B_long,0.00045094152908244935,0.00045094152908244935,1.1314,1.1314,1.12921,1.12921,1.0,1.0
8280,32044,32048,1.1279032160049784,1.1293241915110614,1.1273052694963128,1.1293241915110614,11.765677190367239,0.0,0.0012598381544792758,2021-12-14 08:30:00+00:00,2021-12-14 09:30:00+00:00,0 days 01:00:00,B_long,0.0005307664365287787,0.0006180069174063792,1.12847,1.12847,1.12713,1.12713,1.0,1.0
-8297,32136,32138,1.126886858126041,1.1274027229464827,1.1274027229464827,1.1258318311605522,-4.280130415205176,0.0,-0.00045777871728813757,2021-12-15 07:30:00+00:00,2021-12-15 08:00:00+00:00,0 days 00:30:00,B_short,0.0003790265536182998,0.0005304688336066474,1.12725,1.12725,1.12569,1.12569,1.0,1.0
-8292,32140,32143,1.1270368443980745,1.1276644063224592,1.1276644063224592,1.1256067810326227,-5.203743476998215,0.0,-0.0005568246748135497,2021-12-15 08:30:00+00:00,2021-12-15 09:15:00+00:00,0 days 00:45:00,B_short,0.0004938188127978475,0.000467271090879094,1.12725,1.12725,1.12569,1.12569,1.0,1.0
-8287,32146,32147,1.1270168462284698,1.1276114613971493,1.1276114613971493,1.1257656158085525,-4.927575902847309,0.0,-0.0005276009588226493,2021-12-15 10:00:00+00:00,2021-12-15 10:15:00+00:00,0 days 00:15:00,B_short,0.00045993321086261864,0.0004959421160809521,1.12725,1.12725,1.12569,1.12569,1.0,1.0
-8284,32148,32155,1.126846861786832,1.127445942116081,1.127445942116081,1.1254621736517567,-4.962781447499101,0.0,-0.0005316430737527522,2021-12-15 10:30:00+00:00,2021-12-15 12:15:00+00:00,0 days 01:45:00,B_short,0.0005111498339368251,0.0005145702605100417,1.12725,1.12725,1.12569,1.12569,1.0,0.0
8242,32331,32332,1.1322136104552192,1.1336351159786673,1.1316149613404443,1.1336351159786673,11.716048524259303,0.0,0.0012555100118223361,2021-12-17 08:15:00+00:00,2021-12-17 08:30:00+00:00,0 days 00:15:00,B_long,0.0005510335049483706,0.0006175623709552539,1.13488,1.13488,1.13202,1.13202,1.0,1.0
-8278,32535,32541,1.1285567052880128,1.1292556246829075,1.1292556246829075,1.1268331259512772,-5.785654750938725,0.0,-0.0006193037457664641,2021-12-21 11:15:00+00:00,2021-12-21 12:45:00+00:00,0 days 01:30:00,B_short,0.0006795413918531751,0.0007099748245657251,1.12869,1.12869,1.1273,1.1273,1.0,0.0
8283,32619,32627,1.1273031610931121,1.1288862576801457,1.126664580773285,1.1288862576801457,13.112789030399263,0.0,0.0014043219620696323,2021-12-22 08:15:00+00:00,2021-12-22 10:15:00+00:00,0 days 02:00:00,B_long,0.0005453633298198871,0.0007482652277449232,1.1294,1.1294,1.12683,1.12683,1.0,1.0
-8280,32630,32631,1.1291766485457508,1.1300064303266173,1.1300064303266173,1.127060709020148,-6.87059314557426,0.0,-0.0007348555976030013,2021-12-22 11:00:00+00:00,2021-12-22 11:15:00+00:00,0 days 00:15:00,B_short,0.0007182396164016476,0.0007731410008814379,1.1294,1.1294,1.12683,1.12683,1.0,1.0
8249,32723,32727,1.1327736617062947,1.1321141956585499,1.1321141956585499,1.1343374130243506,-5.439935427846901,0.0,-0.0005821692982792559,2021-12-23 10:15:00+00:00,2021-12-23 11:15:00+00:00,0 days 01:00:00,B_long,0.0005443637625901102,0.000621825055275789,1.13422,1.13422,1.13258,1.13258,1.0,1.0
-8244,32826,32827,1.1326163337177162,1.1331479086946263,1.1331479086946263,1.131476273916121,-4.382304109647219,0.0,-0.0004693336667371817,2021-12-24 12:00:00+00:00,2021-12-24 12:15:00+00:00,0 days 00:15:00,B_short,0.0003941875353428663,0.000402962530630501,1.13346,1.13346,1.1322,1.1322,0.0,0.0
-8246,32908,32932,1.1317364142551205,1.1323865767188996,1.1323865767188996,1.1302402698433012,-5.3612396763227546,0.0,-0.0005744822341933187,2021-12-27 08:30:00+00:00,2021-12-27 14:30:00+00:00,0 days 06:00:00,B_short,0.0005516998230462565,0.0006701317394289928,1.13248,1.13248,1.13136,1.13136,1.0,0.0
8239,33003,33004,1.1323336214375928,1.131827258525166,1.131827258525166,1.1333982244245018,-4.171924035483352,0.0,-0.0004471852666387832,2021-12-28 08:15:00+00:00,2021-12-28 08:30:00+00:00,0 days 00:15:00,B_long,0.0004710426115226667,0.0005255702633196434,1.13312,1.13312,1.13181,1.13181,1.0,1.0
-8229,33014,33026,1.132956302600992,1.1317116852582803,1.13346943824724,1.1317116852582803,10.241956113174087,0.0,0.0010985572346031702,2021-12-28 11:00:00+00:00,2021-12-28 14:00:00+00:00,0 days 03:00:00,B_short,0.0004421798142745435,0.0005811401482661475,1.13312,1.13312,1.13181,1.13181,1.0,0.0
8258,33113,33114,1.1303534402284332,1.1295470298072796,1.1295470298072796,1.1323989105781613,-6.65933725788636,0.0,-0.0007134143998275277,2021-12-29 11:45:00+00:00,2021-12-29 12:00:00+00:00,0 days 00:15:00,B_long,0.0006659075003577207,0.0006811198336433583,1.13135,1.13135,1.12974,1.12974,1.0,0.0
8236,33210,33211,1.132673652554317,1.1319417301068155,1.1319417301068155,1.134494809679553,-6.028113277622616,0.0,-0.0006461900529344256,2021-12-30 12:00:00+00:00,2021-12-30 12:15:00+00:00,0 days 00:15:00,B_long,0.0006385005740930514,0.0006680338308806556,1.13597,1.13597,1.13246,1.13246,0.0,0.0
8241,33291,33295,1.1312235198506395,1.1328085311155023,1.1305704896281659,1.1328085311155023,13.06207783373407,0.0,0.0014011477281448137,2021-12-31 08:15:00+00:00,2021-12-31 09:15:00+00:00,0 days 01:00:00,B_long,0.0006115756555895963,0.0007965971812206214,1.13285,1.13285,1.13095,1.13095,1.0,1.0
-8240,33298,33313,1.1327163245657386,1.133649177438339,1.133649177438339,1.1304124676849832,-7.686707670227921,0.0,-0.0008235538345915394,2021-12-31 10:00:00+00:00,2021-12-31 13:45:00+00:00,0 days 03:45:00,B_short,0.000807953779893858,0.0010723591987197956,1.13285,1.13285,1.13095,1.13095,1.0,0.0
8254,33483,33483,1.1300734146028955,1.129320751691111,1.129320751691111,1.131957744926667,-6.212479673868774,0.0,-0.0006660301021672588,2022-01-04 08:15:00+00:00,2022-01-04 08:15:00+00:00,0 days 00:00:00,B_long,0.0006726818677038822,0.0006726818677038822,1.13094,1.13094,1.12953,1.12953,1.0,1.0
8251,33487,33494,1.1298033898925557,1.128908657166416,1.128908657166416,1.1320740285007518,-7.382439723378773,0.0,-0.0007919366627363589,2022-01-04 09:15:00+00:00,2022-01-04 11:00:00+00:00,0 days 01:45:00,B_long,0.0008164971224393281,0.000765161408367731,1.13094,1.13094,1.12953,1.12953,1.0,1.0
8238,33676,33677,1.1306134640235752,1.1297050798281751,1.1297050798281751,1.1330047605154747,-7.4832690017057715,0.0,-0.0008034436386130661,2022-01-06 08:30:00+00:00,2022-01-06 08:45:00+00:00,0 days 00:15:00,B_long,0.0008642641489148191,0.0008823622623928581,1.13205,1.13205,1.13048,1.13048,1.0,1.0
8232,33682,33700,1.130633465853971,1.1329516621378486,1.129696112620717,1.1329516621378486,19.08339180888072,0.0,0.0020503517310330732,2022-01-06 10:00:00+00:00,2022-01-06 14:30:00+00:00,0 days 04:30:00,B_long,0.0008653690620452826,0.001085271042791394,1.13205,1.13205,1.13048,1.13048,1.0,0.0
-8250,33769,33770,1.1301465597715665,1.130569242475495,1.130569242475495,1.1293322725735153,-3.4871323074094907,0.0,-0.0003740069819031522,2022-01-07 07:45:00+00:00,2022-01-07 08:00:00+00:00,0 days 00:15:00,B_short,0.00034001014542894977,0.0003746754593717773,1.13032,1.13032,1.12899,1.12899,1.0,1.0
-8247,33783,33785,1.1301365606867644,1.130740306456235,1.130740306456235,1.1286990806312955,-4.979091360823475,0.0,-0.0005342237305407949,2022-01-07 11:15:00+00:00,2022-01-07 11:45:00+00:00,0 days 00:30:00,B_short,0.000491598928736806,0.00047262319536231035,1.13032,1.13032,1.12899,1.12899,1.0,1.0
8219,33870,33873,1.1336537422436987,1.1328192232442376,1.1328192232442376,1.1357023302672873,-6.858911656571494,0.0,-0.0007361321789575159,2022-01-10 09:00:00+00:00,2022-01-10 09:45:00+00:00,0 days 00:45:00,B_long,0.0007340065216607267,0.0007243888379522068,1.1358,1.1358,1.13319,1.13319,1.0,1.0
8214,33880,33881,1.1334437230245455,1.132631314675663,1.132631314675663,1.1355060559730112,-6.673122177721025,0.0,-0.0007167610816306569,2022-01-10 11:30:00+00:00,2022-01-10 11:45:00+00:00,0 days 00:15:00,B_long,0.0007161939477588808,0.0007033680880577053,1.1358,1.1358,1.13319,1.13319,1.0,1.0
-8207,33969,33977,1.133496253180312,1.1342617552522845,1.1342617552522845,1.1316547342431467,-6.282475504677043,0.0,-0.0006753459218100666,2022-01-11 09:45:00+00:00,2022-01-11 11:45:00+00:00,0 days 02:00:00,B_short,0.0006675212186464363,0.0006626297335451524,1.13441,1.13441,1.13284,1.13284,1.0,1.0
8181,34059,34059,1.1365440067358554,1.1359243406558983,1.1359243406558983,1.1379869780323046,-5.069488200129159,0.0,-0.0005452196098739703,2022-01-12 08:15:00+00:00,2022-01-12 08:15:00+00:00,0 days 00:00:00,B_long,0.000558904764888053,0.000558904764888053,1.13779,1.13779,1.1364,1.1364,1.0,1.0
8175,34062,34067,1.1367940296158,1.1360810893099285,1.1360810893099285,1.1384767320702143,-5.828287000498977,0.0,-0.00062714993859736,2022-01-12 09:00:00+00:00,2022-01-12 10:15:00+00:00,0 days 01:15:00,B_long,0.0005763892647286031,0.0005715267414240395,1.13779,1.13779,1.1364,1.1364,1.0,1.0
8109,34266,34267,1.1452848066187102,1.1446021009472511,1.1446021009472511,1.146913697158247,-5.5360602898619735,0.0,-0.0005961012208611782,2022-01-14 12:00:00+00:00,2022-01-14 12:15:00+00:00,0 days 00:15:00,B_long,0.000564845845715804,0.0006441997329537035,1.14827,1.14827,1.14511,1.14511,0.0,0.0
-8127,34353,34359,1.141855488074973,1.1425897572979924,1.1425897572979924,1.1400707281060232,-5.9674059754790365,0.0,-0.0006430491692581697,2022-01-17 09:45:00+00:00,2022-01-17 11:15:00+00:00,0 days 01:30:00,B_short,0.0006564563249267153,0.0005804974685113953,1.14224,1.14224,1.14,1.14,1.0,1.0
-8128,34361,34413,1.1409655695275749,1.1417944311393766,1.1417944311393766,1.1388967065818703,-6.736987180724498,0.0,-0.0007264562874977898,2022-01-17 11:45:00+00:00,2022-01-18 00:45:00+00:00,0 days 13:00:00,B_short,0.0007758403207929955,0.0003141380240841495,1.14224,1.14214,1.14,1.13849,1.0,0.0
-8180,34535,34535,1.1329763007705966,1.1334559155334125,1.1334559155334125,1.1319522533997628,-3.923248759833924,0.0,-0.0004233228554646473,2022-01-19 07:15:00+00:00,2022-01-19 07:15:00+00:00,0 days 00:00:00,B_short,0.00044579346229084427,0.00044579346229084427,1.13336,1.13336,1.13187,1.13187,1.0,1.0
-8176,34538,34539,1.132956302600992,1.1336065293116762,1.1336065293116762,1.1314604120649716,-5.316253586554552,0.0,-0.0005739203790926517,2022-01-19 08:00:00+00:00,2022-01-19 08:15:00+00:00,0 days 00:15:00,B_short,0.0005409920701193727,0.0005395264607701123,1.13336,1.13336,1.13187,1.13187,1.0,1.0
-8171,34540,34541,1.133086290703421,1.1337395264607701,1.1337395264607701,1.1315814206176895,-5.33758937330042,0.0,-0.0005765101587662524,2022-01-19 08:30:00+00:00,2022-01-19 08:45:00+00:00,0 days 00:15:00,B_short,0.0005622562660007625,0.0005872887638673017,1.13336,1.13336,1.13187,1.13187,1.0,1.0
-8165,34542,34542,1.1331762824666411,1.1338972887638674,1.1338972887638674,1.131548133708398,-5.887016416852475,0.0,-0.0006362701976578844,2022-01-19 09:00:00+00:00,2022-01-19 09:00:00+00:00,0 days 00:00:00,B_short,0.0006929835953516827,0.0006929835953516827,1.13336,1.13336,1.13187,1.13187,1.0,1.0
-8141,34634,34634,1.1358560371936375,1.1365129525698914,1.1365129525698914,1.1343411422903256,-5.347948078082976,0.0,-0.0005783438699475951,2022-01-20 08:00:00+00:00,2022-01-20 08:00:00+00:00,0 days 00:00:00,B_short,0.0006012255605726466,0.0006012255605726466,1.13651,1.13651,1.13427,1.13427,1.0,1.0
8146,34645,34646,1.1347138392546627,1.1339683959867968,1.1339683959867968,1.1364548120396096,-6.072380860036143,0.0,-0.0006569438408855488,2022-01-20 10:45:00+00:00,2022-01-20 11:00:00+00:00,0 days 00:15:00,B_long,0.0005893901447761692,0.0006468047921393494,1.13651,1.13651,1.13427,1.13427,1.0,1.0
-8150,34740,34748,1.13321627880585,1.1339235732395108,1.1339235732395108,1.1315092802814681,-5.764449634335511,0.0,-0.0006241477879280755,2022-01-21 10:30:00+00:00,2022-01-21 12:30:00+00:00,0 days 02:00:00,B_short,0.0006110968075758402,0.0005984717625726833,1.1335,1.1335,1.13009,1.13009,1.0,0.0
8162,34919,34921,1.1310635052074751,1.1305378197201787,1.1305378197201787,1.1322665408394639,-4.290644947312955,0.0,-0.00046477097428754277,2022-01-25 07:15:00+00:00,2022-01-25 07:45:00+00:00,0 days 00:30:00,B_long,0.00045588957584519457,0.0005471348369681615,1.1324,1.1324,1.1308,1.1308,1.0,1.0
8159,34923,34924,1.1309334933099042,1.1302564831412942,1.1302564831412942,1.1325905505761176,-5.52372596568893,0.0,-0.0005986295150112175,2022-01-25 08:15:00+00:00,2022-01-25 08:30:00+00:00,0 days 00:15:00,B_long,0.0006310479442116384,0.0007869082183167564,1.1324,1.1324,1.1308,1.1308,1.0,1.0
-8259,35303,35305,1.1163578218292973,1.1167745326148655,1.1167745326148655,1.115436402155404,-3.4416143780073747,0.0,-0.00037327707785062003,2022-01-31 07:15:00+00:00,2022-01-31 07:45:00+00:00,0 days 00:30:00,B_short,0.0003512615995500219,0.00046214760143981244,1.11658,1.11658,1.1144,1.1144,1.0,1.0
-8258,35319,35328,1.1160578492852304,1.1168403106979239,1.1168403106979239,1.1141590679062288,-6.461566346022486,0.0,-0.0007010939560119223,2022-01-31 11:15:00+00:00,2022-01-31 13:30:00+00:00,0 days 02:15:00,B_short,0.0006476026048672185,0.0010408334292561798,1.11658,1.11658,1.1144,1.1144,1.0,0.0
8154,35594,35594,1.129793388977358,1.1292263282805868,1.1292263282805868,1.1311610151582396,-4.623812921471949,0.0,-0.0005019153964818113,2022-02-03 08:00:00+00:00,2022-02-03 08:00:00+00:00,0 days 00:00:00,B_long,0.0005005154901581308,0.0005005154901581308,1.13082,1.13082,1.12929,1.12929,1.0,1.0
-8027,35700,35705,1.1468350323064815,1.147902994411272,1.147902994411272,1.144011016766184,-8.572531815152796,0.0,-0.0009312255683737725,2022-02-04 10:30:00+00:00,2022-02-04 11:45:00+00:00,0 days 01:15:00,B_short,0.0009405951564357157,0.001060311410592233,1.14719,1.14719,1.14318,1.14318,1.0,1.0
8048,35796,35796,1.1430045979536176,1.1420688914343597,1.1420688914343597,1.1454333256969211,-7.530566066987539,0.0,-0.0008186375811025659,2022-02-07 10:30:00+00:00,2022-02-07 10:30:00+00:00,0 days 00:00:00,B_long,0.0008756274235549331,0.0008756274235549331,1.14559,1.14559,1.14247,1.14247,1.0,1.0
8041,35800,35805,1.1431046071055955,1.145493114177378,1.1421956286075405,1.145493114177378,19.205985364204043,0.0,0.002089491247726283,2022-02-07 11:30:00+00:00,2022-02-07 12:45:00+00:00,0 days 01:15:00,B_long,0.0008531218734647179,0.0008105826235579789,1.14559,1.14559,1.14247,1.14247,1.0,0.0
8067,35893,35902,1.1417444826386982,1.1409046228507973,1.1409046228507973,1.1438861314476083,-6.775148908996638,0.0,-0.0007355934718071833,2022-02-08 10:45:00+00:00,2022-02-08 13:00:00+00:00,0 days 02:15:00,B_long,0.0008139935293091272,0.0007903150406366854,1.14487,1.14487,1.14151,1.14151,1.0,0.0
8062,35979,35986,1.141704478977907,1.1432733506074706,1.1410155497975099,1.1432733506074706,12.648243077542151,0.0,0.0013741486159082328,2022-02-09 08:15:00+00:00,2022-02-09 10:00:00+00:00,0 days 01:45:00,B_long,0.0006358568421582308,0.0006440928009348757,1.14323,1.14323,1.1412,1.1412,1.0,1.0
-8063,35994,35994,1.142865395639998,1.1435632560415196,1.1435632560415196,1.141030231875441,-5.62684841746991,0.0,-0.0006106234419067658,2022-02-09 12:00:00+00:00,2022-02-09 12:00:00+00:00,0 days 00:00:00,B_short,0.0006661552359837788,0.0006661552359837788,1.14323,1.14323,1.1412,1.1412,0.0,0.0
-8138,36361,36362,1.1316164252374938,1.1322910126415675,1.1322910126415675,1.1302069620752973,-5.489792294351508,0.0,-0.0005961272645296223,2022-02-15 07:45:00+00:00,2022-02-15 08:00:00+00:00,0 days 00:15:00,B_short,0.0005475442893585461,0.000873205050777413,1.13224,1.13224,1.13031,1.13031,1.0,1.0
-8096,36650,36652,1.13685594567386,1.1373750631643218,1.1373750631643218,1.1357548105070348,-4.202775202778248,0.0,-0.0004566255667106667,2022-02-18 08:00:00+00:00,2022-02-18 08:30:00+00:00,0 days 00:30:00,B_short,0.00044705474241210554,0.0004472544509673306,1.13712,1.13712,1.13577,1.13577,1.0,1.0
-8091,36655,36663,1.1369259392674755,1.1354595199704867,1.1375801600098376,1.1354595199704867,11.864798531936984,0.0,0.0012898107487403498,2022-02-18 09:15:00+00:00,2022-02-18 11:15:00+00:00,0 days 02:00:00,B_short,0.0005648053418593516,0.0006646599915435642,1.13712,1.13712,1.13577,1.13577,1.0,1.0
8108,36666,36670,1.1363339875167024,1.1355173887174628,1.1355173887174628,1.1384078338476114,-6.620983064235294,0.0,-0.0007186256929833101,2022-02-18 12:00:00+00:00,2022-02-18 13:00:00+00:00,0 days 01:00:00,B_long,0.0006915964448655685,0.0007287985394924905,1.13712,1.13712,1.13577,1.13577,0.0,0.0
-8100,36749,36762,1.1364459831969687,1.1342286925921734,1.1373371024692756,1.1342286925921734,17.960053898841544,0.0,0.0019510743472009873,2022-02-21 08:45:00+00:00,2022-02-21 12:00:00+00:00,0 days 03:15:00,B_short,0.0008668221400387989,0.0007120825443316972,1.13679,1.13679,1.1313,1.1313,1.0,0.0
-8148,36850,36850,1.1318364051031427,1.1329304331720753,1.1329304331720753,1.1289287004837745,-8.91414070566333,0.0,-0.0009665955821884786,2022-02-22 10:00:00+00:00,2022-02-22 10:00:00+00:00,0 days 00:00:00,B_short,0.0010510420824652131,0.0010510420824652131,1.13197,1.13197,1.1288,1.1288,1.0,1.0
-8128,36939,36940,1.1336262412827411,1.1343609976261901,1.1343609976261901,1.1317970071214298,-5.972099559553428,0.0,-0.0006481469082946223,2022-02-23 08:15:00+00:00,2022-02-23 08:30:00+00:00,0 days 00:15:00,B_short,0.0006528646093646839,0.000652482661449398,1.13387,1.13387,1.13199,1.13199,1.0,1.0
-8213,37324,37324,1.1211673816191678,1.1221854548253554,1.1221854548253554,1.1186436355239338,-8.3614352424181,0.0,-0.0009080474716605114,2022-03-01 08:30:00+00:00,2022-03-01 08:30:00+00:00,0 days 00:00:00,B_short,0.0009220608486413312,0.0009220608486413312,1.12145,1.12145,1.11906,1.11906,1.0,1.0
-8211,37329,37332,1.120377453919792,1.1169862856356718,1.1216312381214428,1.1169862856356718,27.844882780910275,0.0,0.0030268087529391474,2022-03-01 09:45:00+00:00,2022-03-01 10:30:00+00:00,0 days 00:45:00,B_short,0.0012077397052504277,0.0012407064096104361,1.12145,1.12145,1.11906,1.11906,1.0,1.0
8319,37525,37525,1.1093815210587008,1.10845235877694,1.10845235877694,1.1118029236691807,-7.729701021968726,0.0,-0.0008375498096220291,2022-03-03 10:45:00+00:00,2022-03-03 10:45:00+00:00,0 days 00:00:00,B_long,0.0008432890599854464,0.0008432890599854464,1.11152,1.11152,1.109,1.109,1.0,1.0
8371,37620,37620,1.1015408035436456,1.1004869165478872,1.1004869165478872,1.1043392503563385,-8.822088041493302,0.0,-0.000956738953625691,2022-03-04 10:30:00+00:00,2022-03-04 10:30:00+00:00,0 days 00:00:00,B_long,0.0010133389918311798,0.0010133389918311798,1.10665,1.10665,1.101,1.101,1.0,1.0
8511,37717,37722,1.0823990518551059,1.0871824393070106,1.0806191868976631,1.0871824393070106,40.71141060316145,0.0,0.004419245788978232,2022-03-07 10:45:00+00:00,2022-03-07 12:00:00+00:00,0 days 01:15:00,B_long,0.0015713713553586796,0.0017694942612611572,1.08873,1.08873,1.08213,1.08213,1.0,0.0
-8502,37807,37813,1.088170401771823,1.0903175940256613,1.0903175940256613,1.082087217923016,-18.25542854213326,0.0,-0.0019732132489012066,2022-03-08 09:15:00+00:00,2022-03-08 10:45:00+00:00,0 days 01:30:00,B_short,0.002065914822239845,0.001960041944776536,1.08847,1.08847,1.08489,1.08489,1.0,1.0
-8484,37817,37818,1.0882103981110318,1.089950018415607,1.089950018415607,1.0834299447531788,-14.758938664015961,0.0,-0.0015986065815902784,2022-03-08 11:45:00+00:00,2022-03-08 12:00:00+00:00,0 days 00:15:00,B_short,0.0015740159601928593,0.001717480498833817,1.08847,1.08847,1.08489,1.08489,1.0,0.0
8344,37999,38002,1.1050511247780646,1.1032692439460512,1.1032692439460512,1.1099922681618468,-14.86801366231948,0.0,-0.001612487234354143,2022-03-10 09:15:00+00:00,2022-03-10 10:00:00+00:00,0 days 00:45:00,B_long,0.0016393219134223963,0.0018100297018634084,1.10735,1.10735,1.10415,1.10415,1.0,1.0
8335,38007,38013,1.1043910643750114,1.108970131455699,1.1027299561814337,1.108970131455699,38.16652411753081,0.0,0.004146236988325169,2022-03-10 11:15:00+00:00,2022-03-10 12:45:00+00:00,0 days 01:30:00,B_long,0.0014533713094241427,0.002213128245084896,1.10735,1.10735,1.10415,1.10415,1.0,0.0
8416,38092,38092,1.0982605033587758,1.0970807826681386,1.0970807826681386,1.1013976519955844,-9.928529332402753,0.0,-0.0010741720083981,2022-03-11 08:30:00+00:00,2022-03-11 08:30:00+00:00,0 days 00:00:00,B_long,0.0011566550209465764,0.0011566550209465764,1.10188,1.10188,1.09804,1.09804,1.0,1.0
8407,38100,38103,1.09824050152838,1.1017342527208995,1.0969552490930334,1.1017342527208995,29.37196627551135,0.0,0.003181225958847289,2022-03-11 10:30:00+00:00,2022-03-11 11:15:00+00:00,0 days 00:45:00,B_long,0.0011261174527044066,0.0017621689018049048,1.10188,1.10188,1.09804,1.09804,1.0,1.0
-8411,38106,38107,1.101019225742683,1.1030903401973557,1.1030903401973557,1.0952089794079332,-17.42014367825279,0.0,-0.0018810883645339338,2022-03-11 12:00:00+00:00,2022-03-11 12:15:00+00:00,0 days 00:15:00,B_short,0.0019342948377082672,0.0018910555260138464,1.10188,1.10188,1.09804,1.09804,0.0,0.0
-8417,38300,38302,1.0981294902348397,1.0992214618119132,1.0992214618119132,1.095295614564261,-9.191124764226926,0.0,-0.0009943923615418626,2022-03-15 11:30:00+00:00,2022-03-15 12:00:00+00:00,0 days 00:30:00,B_short,0.0009466002369913773,0.0010049575113401737,1.09853,1.09853,1.09375,1.09375,1.0,0.0
-8417,38379,38383,1.0970395899913972,1.0977138466103589,1.0977138466103589,1.0954584601689237,-5.675217961800624,0.0,-0.0006146146639676164,2022-03-16 07:15:00+00:00,2022-03-16 08:15:00+00:00,0 days 01:00:00,B_short,0.0005966670623109045,0.0010758792684773145,1.09778,1.09778,1.0955,1.0955,1.0,1.0
-8356,38483,38485,1.104388917321033,1.1054208214464631,1.1054208214464631,1.1016975356606105,-8.622590872093774,0.0,-0.000934366606949677,2022-03-17 09:15:00+00:00,2022-03-17 09:45:00+00:00,0 days 00:30:00,B_short,0.0009147119202681331,0.0009357613978902719,1.10523,1.10523,1.10201,1.10201,1.0,1.0
-8354,38487,38490,1.103718978639284,1.1050396598781715,1.1050396598781715,1.1001210203654852,-11.032971069666267,0.0,-0.0011965738239960722,2022-03-17 10:15:00+00:00,2022-03-17 11:00:00+00:00,0 days 00:45:00,B_short,0.0011937052277486936,0.001127979373441143,1.10523,1.10523,1.10201,1.10201,1.0,1.0
-8334,38493,38494,1.1049788633243645,1.1060811045071626,1.1060811045071626,1.1020766864785125,-9.186078017439481,0.0,-0.0009975224136704597,2022-03-17 11:45:00+00:00,2022-03-17 12:00:00+00:00,0 days 00:15:00,B_short,0.0009716239062074726,0.001175407385379832,1.10523,1.10523,1.10201,1.10201,1.0,0.0
-8326,38672,38674,1.1050688550875845,1.1060363983807255,1.1060363983807255,1.1024908048578237,-8.05576545869265,0.0,-0.000875550232627198,2022-03-21 08:30:00+00:00,2022-03-21 09:00:00+00:00,0 days 00:30:00,B_short,0.0008695452632954214,0.000984858442208563,1.10537,1.10537,1.10374,1.10374,1.0,1.0
-8320,38680,38683,1.10486887339154,1.102576041814981,1.1057946527283395,1.102576041814981,19.076358716970105,0.0,0.0020752069605516343,2022-03-21 10:30:00+00:00,2022-03-21 11:15:00+00:00,0 days 00:45:00,B_short,0.0007920323645610275,0.0008932607718342714,1.10537,1.10537,1.10374,1.10374,1.0,1.0
8388,38766,38768,1.0983205088499624,1.1006506537135112,1.0974097820954962,1.1006506537135112,19.545255115447986,0.0,0.00212155272051584,2022-03-22 08:00:00+00:00,2022-03-22 08:30:00+00:00,0 days 00:30:00,B_long,0.0009008555172365347,0.0010118425885021075,1.10173,1.10173,1.09808,1.09808,1.0,1.0
8376,38863,38863,1.1021908630315012,1.1014156464585085,1.1014156464585085,1.1041130606244745,-6.493214015386192,0.0,-0.0007033414982777764,2022-03-23 08:15:00+00:00,2022-03-23 08:15:00+00:00,0 days 00:00:00,B_long,0.0007377730692926357,0.0007377730692926357,1.10397,1.10397,1.10207,1.10207,1.0,1.0
8404,38960,38960,1.0978004612596781,1.0999536898930513,1.0969354367023163,1.0999536898930513,18.095733434868325,0.0,0.001961402558441794,2022-03-24 08:30:00+00:00,2022-03-24 08:30:00+00:00,0 days 00:00:00,B_long,0.0009712881913259168,0.0009712881913259168,1.10136,1.10136,1.09766,1.09766,1.0,1.0
8396,39060,39074,1.1009407486317793,1.0999546504744797,1.0999546504744797,1.1034560485765608,-8.279280128687049,0.0,-0.0008956868555597408,2022-03-25 09:30:00+00:00,2022-03-25 13:00:00+00:00,0 days 03:30:00,B_long,0.0008439695887841948,0.0008897330371628356,1.10376,1.10376,1.10032,1.10032,1.0,0.0
-8417,39155,39156,1.097079586330606,1.0984567642114837,1.0984567642114837,1.0933897073655492,-11.591706223348163,0.0,-0.0012553126482683918,2022-03-28 09:15:00+00:00,2022-03-28 09:30:00+00:00,0 days 00:15:00,B_short,0.0012378623166191356,0.0012528140077365793,1.09844,1.09844,1.09447,1.09447,1.0,1.0
-8400,39158,39162,1.097829517690773,1.0991797721400385,1.0991797721400385,1.0941806835798848,-11.342137373829342,0.0,-0.0012299309023002802,2022-03-28 10:00:00+00:00,2022-03-28 11:00:00+00:00,0 days 01:00:00,B_short,0.0011884691880332695,0.0010040341428033353,1.09844,1.09844,1.09447,1.09447,1.0,1.0
-8387,39164,39168,1.0982494792524664,1.0954015112287114,1.0993461629237629,1.0954015112287114,23.885907815232986,0.0,0.0025931885947202415,2022-03-28 11:30:00+00:00,2022-03-28 12:30:00+00:00,0 days 01:00:00,B_short,0.001157341200594496,0.0011894850771393677,1.09844,1.09844,1.09447,1.09447,1.0,0.0
-8399,39249,39250,1.0994593685135359,1.1004484288979304,1.1004484288979304,1.0968947133062092,-8.307118168529424,0.0,-0.0008995879363251635,2022-03-29 08:45:00+00:00,2022-03-29 09:00:00+00:00,0 days 00:15:00,B_short,0.001011305044872895,0.0014711310388898302,1.09972,1.09972,1.0969,1.0969,1.0,1.0
-8299,39340,39340,1.111838235498691,1.1128506522829125,1.1128506522829125,1.1090880431512624,-8.402046892253153,0.0,-0.000910579211882645,2022-03-30 07:30:00+00:00,2022-03-30 07:30:00+00:00,0 days 00:00:00,B_short,0.0010165653118575995,0.0010165653118575995,1.11212,1.11212,1.10878,1.10878,1.0,1.0
8330,39535,39538,1.1068412885984662,1.1054481995302785,1.1054481995302785,1.110655401409164,-11.604431938003472,0.0,-0.0012586168247767926,2022-04-01 08:15:00+00:00,2022-04-01 09:00:00+00:00,0 days 00:45:00,B_long,0.0013722270737585673,0.001304320853643731,1.10745,1.10745,1.10595,1.10595,1.0,1.0
8320,39546,39547,1.1068312876832682,1.1055720236670752,1.1055720236670752,1.1100839289987745,-10.477076614726002,0.0,-0.0011377199309470232,2022-04-01 11:00:00+00:00,2022-04-01 11:15:00+00:00,0 days 00:15:00,B_long,0.0011202461552015013,0.0010562133345079644,1.10745,1.10745,1.10595,1.10595,1.0,1.0
-8379,39728,39732,1.0975895396555195,1.0985036525444325,1.0985036525444325,1.095289042366702,-7.6593518962017395,0.0,-0.0008328367353063193,2022-04-05 08:30:00+00:00,2022-04-05 09:30:00+00:00,0 days 01:00:00,B_short,0.000864498871841587,0.0008390836993317014,1.09797,1.09797,1.0962,1.0962,1.0,1.0
-8371,39734,39750,1.0977095286731462,1.0953223823817375,1.0986525392060875,1.0953223823817375,19.982801605382075,0.0,0.0021746611731557897,2022-04-05 10:00:00+00:00,2022-04-05 14:00:00+00:00,0 days 04:00:00,B_short,0.0008655339786091486,0.0010009246646213,1.09797,1.09797,1.0962,1.0962,1.0,0.0
-8449,39832,39832,1.0898502480185968,1.0908962301831104,1.0908962301831104,1.0870713094506683,-8.837503307976093,0.0,-0.0009597485217949231,2022-04-06 10:30:00+00:00,2022-04-06 10:30:00+00:00,0 days 00:00:00,B_short,0.000999399492029203,0.000999399492029203,1.09061,1.09061,1.08833,1.08833,1.0,1.0
8441,39917,39918,1.0900397510662052,1.0891133541521287,1.0891133541521287,1.0923399375436138,-7.819716351719544,0.0,-0.0008498744317997353,2022-04-07 07:45:00+00:00,2022-04-07 08:00:00+00:00,0 days 00:15:00,B_long,0.0007737597348216863,0.000910591770178798,1.09202,1.09202,1.08966,1.08966,1.0,1.0
8436,39931,39939,1.089789728186261,1.0931241197816741,1.0885586267394418,1.0931241197816741,28.128927498905377,0.0,0.0030596650979290985,2022-04-07 11:15:00+00:00,2022-04-07 13:15:00+00:00,0 days 02:00:00,B_long,0.0010785234924837496,0.001201315607582415,1.09202,1.09202,1.08966,1.08966,1.0,0.0
8493,40013,40014,1.0857493584463602,1.0875976379065309,1.0849741206978232,1.0875976379065309,15.697437455229178,0.0,0.001702307669622316,2022-04-08 07:45:00+00:00,2022-04-08 08:00:00+00:00,0 days 00:15:00,B_long,0.0007444287285532771,0.0008305048980795072,1.08717,1.08717,1.08547,1.08547,1.0,1.0
-8500,40016,40018,1.0865705482034667,1.087491770911669,1.087491770911669,1.0840846872649934,-7.830393019719328,0.0,-0.0008478259508555297,2022-04-08 08:30:00+00:00,2022-04-08 09:00:00+00:00,0 days 00:30:00,B_short,0.0008368681234463859,0.0008711587238330892,1.08717,1.08717,1.08547,1.08547,1.0,1.0
-8490,40021,40023,1.0868805198323357,1.0878576258859012,1.0878576258859012,1.0842671223422962,-8.295630394771017,0.0,-0.0008990004289672893,2022-04-08 09:45:00+00:00,2022-04-08 10:15:00+00:00,0 days 00:30:00,B_short,0.0008446091011144623,0.0009453286137259581,1.08717,1.08717,1.08547,1.08547,1.0,1.0
-8487,40028,40041,1.0862805747442021,1.0874074121587483,1.0874074121587483,1.0832577635237555,-9.563469137252847,0.0,-0.0010373355104977833,2022-04-08 11:30:00+00:00,2022-04-08 14:45:00+00:00,0 days 03:15:00,B_short,0.000965757204248407,0.0011868582310011712,1.08717,1.08717,1.08547,1.08547,1.0,0.0
8473,40206,40207,1.087179489319642,1.0862399876025253,1.0862399876025253,1.0895200371924239,-7.960398049130342,0.0,-0.0008641643135713917,2022-04-12 08:00:00+00:00,2022-04-12 08:15:00+00:00,0 days 00:15:00,B_long,0.0008266774111445941,0.000825787089658654,1.08873,1.08873,1.08665,1.08665,1.0,1.0
8466,40211,40219,1.087129484743653,1.0861645765226726,1.0861645765226726,1.089506270431982,-8.168912998819959,0.0,-0.0008875743271813397,2022-04-12 09:15:00+00:00,2022-04-12 11:15:00+00:00,0 days 02:00:00,B_long,0.0008027003470170784,0.0007049151107176719,1.08873,1.08873,1.08665,1.08665,1.0,1.0
-8424,40395,40413,1.0915000970109638,1.0895910233089254,1.0922029922303582,1.0895910233089254,16.082036865971574,0.0,0.001749036676466087,2022-04-14 07:15:00+00:00,2022-04-14 11:45:00+00:00,0 days 04:30:00,B_short,0.0006699265996437207,0.0013139326127999868,1.0918,1.0918,1.08826,1.08826,1.0,1.0
8535,40590,40591,1.079208759907016,1.0784872186197847,1.0784872186197847,1.0810183441406462,-6.1583548865185564,0.0,-0.0006685836086924857,2022-04-18 08:00:00+00:00,2022-04-18 08:15:00+00:00,0 days 00:15:00,B_long,0.0006670771961867052,0.0006514669033617883,1.08156,1.08156,1.07886,1.07886,1.0,1.0
8531,40593,40603,1.0790987498398403,1.0810058139487408,1.0783313953504197,1.0810058139487408,16.269163913030283,0.0,0.0017672748756158985,2022-04-18 08:45:00+00:00,2022-04-18 11:15:00+00:00,0 days 02:30:00,B_long,0.0006181240296361749,0.0005305593973481413,1.08156,1.08156,1.07886,1.07886,1.0,1.0
-8549,40699,40701,1.0785312840224772,1.079541542708596,1.079541542708596,1.0758553718742119,-8.636701507628796,0.0,-0.0009366985465186772,2022-04-19 11:15:00+00:00,2022-04-19 11:45:00+00:00,0 days 00:30:00,B_short,0.0009066703474498596,0.0008638546165290172,1.07874,1.07874,1.0761,1.0761,1.0,1.0
-8739,41359,41373,1.0540035290026175,1.0491187605585819,1.0557737464804728,1.0491187605585819,42.68799143242733,0.0,0.004634489647921791,2022-04-28 08:15:00+00:00,2022-04-28 11:45:00+00:00,0 days 03:30:00,B_short,0.001669913616409702,0.0014192777859596366,1.05541,1.05541,1.04808,1.04808,1.0,1.0
-8775,41548,41569,1.054563477751542,1.0509566453977799,1.0558544515340733,1.0509566453977799,31.649953904262734,0.0,0.0034202136048294696,2022-05-02 07:30:00+00:00,2022-05-02 12:45:00+00:00,0 days 05:15:00,B_short,0.0011558579961968264,0.001056112765186799,1.0553,1.0553,1.05104,1.05104,1.0,0.0
8840,41643,41650,1.0505661387805905,1.0496089203261354,1.0496089203261354,1.0530932390215941,-8.461811137382789,0.0,-0.0009111453521299939,2022-05-03 07:15:00+00:00,2022-05-03 09:00:00+00:00,0 days 01:45:00,B_long,0.0009576023840161471,0.0010661213729283758,1.05265,1.05265,1.04977,1.04977,1.0,1.0
8831,41653,41661,1.0506561470173703,1.053755793493665,1.049508068835445,1.053755793493665,27.372978032158336,0.0,0.002950200677066528,2022-05-03 09:45:00+00:00,2022-05-03 11:45:00+00:00,0 days 02:00:00,B_long,0.0010390070092810534,0.0012406593633955366,1.05265,1.05265,1.04977,1.04977,1.0,1.0
8773,41847,41848,1.0606570622151446,1.0595275687128651,1.0595275687128651,1.0636572938614044,-9.909046495497366,0.0,-0.0010648998083513384,2022-05-05 10:15:00+00:00,2022-05-05 10:30:00+00:00,0 days 00:15:00,B_long,0.0010321071155167951,0.001053159500114559,1.06417,1.06417,1.06039,1.06039,1.0,1.0
8834,41934,41936,1.052216289788223,1.0574555126010727,1.0503281624663092,1.0574555126010727,46.283294328714426,0.0,0.004979226099896428,2022-05-06 08:00:00+00:00,2022-05-06 08:30:00+00:00,0 days 00:30:00,B_long,0.0021095925291987807,0.002257693944153732,1.05506,1.05506,1.05156,1.05156,1.0,1.0
8881,42027,42027,1.0517962513499168,1.0507612522287622,1.0507612522287622,1.0545562433137132,-9.191827194974698,0.0,-0.0009840300531840374,2022-05-09 07:15:00+00:00,2022-05-09 07:15:00+00:00,0 days 00:00:00,B_long,0.0010662480684060734,0.0010662480684060734,1.05353,1.05353,1.05027,1.05027,1.0,1.0
-8859,42040,42041,1.0533035930664616,1.0546480798877447,1.0546480798877447,1.049575760336766,-11.910808749746764,0.0,-0.00127644757896328,2022-05-09 10:30:00+00:00,2022-05-09 10:45:00+00:00,0 days 00:15:00,B_short,0.001173669236045393,0.001197180004572669,1.05353,1.05353,1.05027,1.05027,1.0,1.0
8831,42138,42149,1.0554065817363132,1.05413480877477,1.05413480877477,1.0588755736756903,-11.231027023388338,0.0,-0.001205007608964248,2022-05-10 11:00:00+00:00,2022-05-10 13:45:00+00:00,0 days 02:45:00,B_long,0.0011564990618661377,0.001316606114242336,1.05852,1.05852,1.05532,1.05532,1.0,0.0
-8826,42234,42236,1.054523481412333,1.0555350307621876,1.0555350307621876,1.0518749077134368,-8.927934561816613,0.0,-0.0009592478192139708,2022-05-11 11:00:00+00:00,2022-05-11 11:30:00+00:00,0 days 00:30:00,B_short,0.000946359993896055,0.0009823770620819244,1.055,1.055,1.05255,1.05255,1.0,1.0
-8818,42237,42238,1.054513482327531,1.0555923770620819,1.0555923770620819,1.0516628688137546,-9.513693769269008,0.0,-0.0010231208539595027,2022-05-11 11:45:00+00:00,2022-05-11 12:00:00+00:00,0 days 00:15:00,B_short,0.0009420601204709735,0.0009684521044081958,1.055,1.055,1.05255,1.05255,1.0,0.0
-8937,42419,42435,1.0394548606153788,1.0362101298586253,1.0406499567137915,1.0362101298586253,28.998158773106724,0.0,0.003121569660882284,2022-05-13 09:15:00+00:00,2022-05-13 13:15:00+00:00,0 days 04:00:00,B_short,0.0011339624852861035,0.0011641758444278312,1.04014,1.04014,1.03729,1.03729,1.0,0.0
-8946,42509,42511,1.0415946647630552,1.0426215905259302,1.0426215905259302,1.0388952284222095,-9.186877874679725,0.0,-0.0009859168807364593,2022-05-16 07:45:00+00:00,2022-05-16 08:15:00+00:00,0 days 00:30:00,B_short,0.0009700451224728649,0.0009963450031018342,1.0417,1.0417,1.03889,1.03889,1.0,1.0
-8938,42517,42518,1.0415346702542418,1.0425918603262376,1.0425918603262376,1.0386644190212868,-9.449164863498316,0.0,-0.0010150310903598303,2022-05-16 09:45:00+00:00,2022-05-16 10:00:00+00:00,0 days 00:15:00,B_short,0.0009216122827392761,0.0009640639783740271,1.0417,1.0417,1.03889,1.03889,1.0,1.0
8836,42711,42713,1.0527263364633097,1.051767007202633,1.051767007202633,1.0552189783921007,-8.476633347338929,0.0,-0.0009112807644763299,2022-05-18 10:15:00+00:00,2022-05-18 10:45:00+00:00,0 days 00:30:00,B_long,0.0008185937577179234,0.0008073882002414843,1.05636,1.05636,1.05243,1.05243,1.0,1.0
8872,42796,42799,1.0474258514084893,1.0498718729793564,1.0464827090068813,1.0498718729793564,21.701103376732384,0.0,0.0023352694298863774,2022-05-19 07:30:00+00:00,2022-05-19 08:15:00+00:00,0 days 00:45:00,B_long,0.0008836521940363426,0.0011028337393475213,1.05066,1.05066,1.04679,1.04679,1.0,1.0
-8796,42905,42916,1.0587330961140702,1.0557331670061818,1.0598356109979394,1.0557331670061818,26.387376432986166,0.0,0.002833508387429462,2022-05-20 10:45:00+00:00,2022-05-20 13:30:00+00:00,0 days 02:45:00,B_short,0.0009515295315474723,0.001016323135414838,1.05934,1.05934,1.05546,1.05546,1.0,0.0
-8724,43293,43300,1.0705320161806966,1.0715033119327282,1.0715033119327282,1.067970064201815,-8.473584140723563,0.0,-0.0009073019184393516,2022-05-26 11:45:00+00:00,2022-05-26 13:30:00+00:00,0 days 01:45:00,B_short,0.0008908703416977777,0.0010921185778703872,1.07063,1.07063,1.06669,1.06669,1.0,0.0
8687,43563,43569,1.0742483059689198,1.0732420480151428,1.0732420480151428,1.0767538559545715,-8.741362844461387,0.0,-0.000936708904436645,2022-05-31 07:15:00+00:00,2022-05-31 08:45:00+00:00,0 days 01:30:00,B_long,0.0009022250535429546,0.0009122352450779904,1.07744,1.07744,1.07342,1.07342,1.0,1.0
-8693,43660,43662,1.0723818468691084,1.0733180855952476,1.0733180855952476,1.0699257432142575,-8.13872324632743,0.0,-0.0008730460412702534,2022-06-01 07:30:00+00:00,2022-06-01 08:00:00+00:00,0 days 00:30:00,B_short,0.000919007515881147,0.0011529434230396324,1.07345,1.07345,1.07051,1.07051,1.0,1.0
-8685,43961,43976,1.072451840462724,1.0699756748638398,1.07340810837872,1.0699756748638398,21.505498226308266,0.0,0.0023088827912456367,2022-06-06 10:45:00+00:00,2022-06-06 14:30:00+00:00,0 days 03:45:00,B_short,0.0007956939282239892,0.0008838159911881358,1.07361,1.07361,1.07099,1.07099,1.0,0.0
-8731,44048,44061,1.0691721406475938,1.0662406111293914,1.0702531296235362,1.0662406111293914,25.595184223425274,0.0,0.0027418685979104795,2022-06-07 08:30:00+00:00,2022-06-07 11:45:00+00:00,0 days 03:15:00,B_short,0.0010120456737314214,0.0009172017237145153,1.06998,1.06998,1.06705,1.06705,1.0,1.0
8766,44146,44148,1.0680077348855086,1.0705900088345661,1.067003330388478,1.0705900088345661,22.636213437438247,0.0,0.0024178419918787775,2022-06-08 09:00:00+00:00,2022-06-08 09:30:00+00:00,0 days 00:30:00,B_long,0.0009304469966523861,0.0010919357441522596,1.07011,1.07011,1.06776,1.06776,1.0,1.0
8757,44242,44252,1.0716280661871032,1.0738686219616094,1.070737126012797,1.0738686219616094,19.620546917350918,0.0,0.002090796093534797,2022-06-09 09:00:00+00:00,2022-06-09 11:30:00+00:00,0 days 02:30:00,B_long,0.0007531574555760436,0.0010408143462941775,1.07337,1.07337,1.07094,1.07094,1.0,1.0
-8765,44254,44254,1.0727518130067908,1.0744860391001216,1.0744860391001216,1.0678218826996355,-15.200491708044886,0.0,-0.0016166144604035093,2022-06-09 12:00:00+00:00,2022-06-09 12:00:00+00:00,0 days 00:00:00,B_short,0.0017932338867720518,0.0017932338867720518,1.07337,1.07337,1.07094,1.07094,0.0,0.0
8957,44427,44429,1.0482059227939158,1.0470871869029859,1.0470871869029859,1.0511384392910426,-10.020517375059319,0.0,-0.001067286366736031,2022-06-13 07:15:00+00:00,2022-06-13 07:45:00+00:00,0 days 00:30:00,B_long,0.0010217713507455596,0.0011399971478933404,1.04955,1.04955,1.04756,1.04756,1.0,1.0
8947,44432,44436,1.0482259246243113,1.046866002142249,1.046866002142249,1.052001993573253,-12.167226447012323,0.0,-0.0012973562760811852,2022-06-13 08:30:00+00:00,2022-06-13 09:30:00+00:00,0 days 01:00:00,B_long,0.0012834648100508643,0.00117048846300961,1.04955,1.04955,1.04756,1.04756,1.0,1.0
-8975,44534,44540,1.043474492705874,1.0448887806144032,1.0448887806144032,1.039613658156791,-12.693233979050161,0.0,-0.0013553641401065075,2022-06-14 10:00:00+00:00,2022-06-14 11:30:00+00:00,0 days 01:30:00,B_short,0.0012629431991493592,0.0010773248842924027,1.04391,1.04391,1.0397,1.0397,1.0,1.0
-8937,44622,44622,1.0465142144857504,1.0483851002254716,1.0483851002254716,1.041364699323585,-16.720105855888026,0.0,-0.0017877308438094541,2022-06-15 08:00:00+00:00,2022-06-15 08:00:00+00:00,0 days 00:00:00,B_short,0.0018277535287421238,0.0018277535287421238,1.04751,1.04751,1.0424,1.0424,1.0,1.0
-8915,44637,44638,1.0471841531674995,1.0431886930564358,1.048643768981188,1.0431886930564358,35.61952689013257,0.0,0.0038154321749219733,2022-06-15 11:45:00+00:00,2022-06-15 12:00:00+00:00,0 days 00:15:00,B_short,0.0014659331170296407,0.0017304753680923491,1.04751,1.04751,1.0424,1.0424,1.0,0.0
8904,44812,44813,1.0527063346329142,1.0515130055084987,1.0515130055084987,1.0559409834745035,-10.6254025237956,0.0,-0.001133582163568514,2022-06-17 07:30:00+00:00,2022-06-17 07:45:00+00:00,0 days 00:15:00,B_long,0.0011060618926343091,0.001166586973616402,1.0552,1.0552,1.05174,1.05174,1.0,1.0
8899,44818,44828,1.0520862778906521,1.0506715237421538,1.0506715237421538,1.0559054287735383,-12.589897167486752,0.0,-0.0013447130508486005,2022-06-17 09:00:00+00:00,2022-06-17 11:30:00+00:00,0 days 02:30:00,B_long,0.0013433460901332876,0.0012077177068226584,1.0552,1.0552,1.05174,1.05174,1.0,1.0
-8881,44919,44920,1.052613656215108,1.0536519675752136,1.0536519675752136,1.049844097274359,-9.22124318909757,0.0,-0.0009864125873486618,2022-06-20 10:15:00+00:00,2022-06-20 10:30:00+00:00,0 days 00:15:00,B_short,0.0009197052318519157,0.000966411200938341,1.05315,1.05315,1.04848,1.04848,1.0,1.0
-8878,44923,44924,1.0519637157029633,1.0530765488575937,1.0530765488575937,1.0490103534272188,-9.879732746808685,0.0,-0.001057862679119781,2022-06-20 11:15:00+00:00,2022-06-20 11:30:00+00:00,0 days 00:15:00,B_short,0.0009623423432478345,0.0010060300308147917,1.05315,1.05315,1.04848,1.04848,1.0,1.0
-8864,44926,44935,1.0524836681126792,1.0536018926933728,1.0536018926933728,1.0495543219198813,-9.911942683267625,0.0,-0.0010624626439086349,2022-06-20 12:00:00+00:00,2022-06-20 14:15:00+00:00,0 days 02:15:00,B_short,0.0010369736675897587,0.0009268804671582469,1.05315,1.05315,1.04848,1.04848,0.0,0.0
8885,45100,45121,1.0491160060769131,1.0529051962482863,1.0477382679172378,1.0529051962482863,33.66695467265031,0.0,0.0036117933092476573,2022-06-22 07:30:00+00:00,2022-06-22 12:45:00+00:00,0 days 05:15:00,B_long,0.0012568344717272713,0.0010832491677617265,1.05314,1.05314,1.04858,1.04858,1.0,0.0
-8872,45301,45301,1.054253506122673,1.0552882146862983,1.0552882146862983,1.0514953559411053,-9.179934376483736,0.0,-0.0009814608702898298,2022-06-24 09:45:00+00:00,2022-06-24 09:45:00+00:00,0 days 00:00:00,B_short,0.0009564527281250997,0.0009564527281250997,1.05464,1.05464,1.0512,1.0512,1.0,1.0
-8861,45303,45309,1.0545334804971354,1.0517592229068748,1.0555602590310418,1.0517592229068748,24.582696507298373,0.0,0.002630791379855113,2022-06-24 10:15:00+00:00,2022-06-24 11:45:00+00:00,0 days 01:30:00,B_short,0.0009608911602361641,0.0010364974336569384,1.05464,1.05464,1.0512,1.0512,1.0,1.0
-8865,45398,45399,1.0567832745776362,1.0578037276566308,1.0578037276566308,1.0540288170301073,-9.046316545286823,0.0,-0.0009656219052127657,2022-06-27 10:00:00+00:00,2022-06-27 10:15:00+00:00,0 days 00:15:00,B_short,0.0009325639690800251,0.0009482221065360212,1.05713,1.05713,1.05502,1.05502,1.0,1.0
-8858,45406,45410,1.0565832928815917,1.0575767592838696,1.0575767592838696,1.0539897221483914,-8.800125391377918,0.0,-0.0009402632134836164,2022-06-27 12:00:00+00:00,2022-06-27 13:00:00+00:00,0 days 01:00:00,B_short,0.0008745247126869409,0.0010794540309936292,1.05713,1.05713,1.05502,1.05502,0.0,0.0
-8835,45486,45488,1.0583231336371788,1.0594455120243764,1.0594455120243764,1.0553434639268704,-9.91621305089117,0.0,-0.0010605252323458991,2022-06-28 08:00:00+00:00,2022-06-28 08:30:00+00:00,0 days 00:30:00,B_short,0.0010394437544596646,0.0010762933089052435,1.05864,1.05864,1.05703,1.05703,1.0,1.0
-8826,45492,45503,1.0583431318067835,1.0554461720891868,1.0594379426369378,1.0554461720891868,25.568566467508795,0.0,0.0027372594298893382,2022-06-28 09:30:00+00:00,2022-06-28 12:15:00+00:00,0 days 02:45:00,B_short,0.0009315502853460614,0.0009925899732645162,1.05864,1.05864,1.05703,1.05703,1.0,0.0
8916,45579,45580,1.050666147932568,1.0494660801316897,1.0494660801316897,1.0538417596049305,-10.699804512631236,0.0,-0.0011421970749126986,2022-06-29 07:15:00+00:00,2022-06-29 07:30:00+00:00,0 days 00:15:00,B_long,0.0011080638858687617,0.0011669887010862523,1.05354,1.05354,1.05009,1.05009,1.0,1.0
8905,45581,45603,1.0507761579997437,1.0494930112989136,1.0494930112989136,1.054160966103259,-11.426421370891804,0.0,-0.0012211418112804129,2022-06-29 07:45:00+00:00,2022-06-29 13:15:00+00:00,0 days 05:30:00,B_long,0.0012020568742747576,0.001379345184876253,1.05354,1.05354,1.05009,1.05009,1.0,0.0
8937,45773,45774,1.0457256958248677,1.0444653079138984,1.0444653079138984,1.049084076258305,-11.264086760333393,0.0,-0.0012052758347639303,2022-07-01 07:45:00+00:00,2022-07-01 08:00:00+00:00,0 days 00:15:00,B_long,0.0011647331412880668,0.0012307687224496573,1.04783,1.04783,1.04471,1.04471,1.0,1.0
8930,45775,45788,1.0453256592169569,1.0439892312775503,1.0439892312775503,1.0489123061673493,-11.934301498900773,0.0,-0.0012784799910180444,2022-07-01 08:15:00+00:00,2022-07-01 11:30:00+00:00,0 days 03:15:00,B_long,0.0012279995594563608,0.0012419600468962684,1.04783,1.04783,1.04471,1.04471,1.0,1.0
8940,45872,45876,1.0428454322479088,1.0449962139126683,1.0420279286957772,1.0449962139126683,19.227988082949572,0.0,0.0020624165367664204,2022-07-04 08:30:00+00:00,2022-07-04 09:30:00+00:00,0 days 01:00:00,B_long,0.00070712846365966,0.0009025101442090476,1.04442,1.04442,1.04244,1.04244,1.0,1.0
-8946,45878,45879,1.0440944359636117,1.0450375087916477,1.0450375087916477,1.0416474736250567,-8.43672951960972,0.0,-0.0009032447598147364,2022-07-04 10:00:00+00:00,2022-07-04 10:15:00+00:00,0 days 00:15:00,B_short,0.0008238409527614673,0.0008099954923932789,1.04442,1.04442,1.04244,1.04244,1.0,1.0
9204,46264,46272,1.01408280013911,1.0124927424240284,1.0124927424240284,1.0185217727279148,-14.634891209610892,0.0,-0.0015679762193614444,2022-07-08 10:30:00+00:00,2022-07-08 12:30:00+00:00,0 days 02:00:00,B_long,0.0014796232325087616,0.0017708406305098302,1.01912,1.01912,1.01395,1.01395,1.0,0.0
9306,46454,46459,1.0013416341771455,1.004284605421861,1.0002651315260465,1.004284605421861,27.387290403322833,0.0,0.0029390281441097343,2022-07-12 10:00:00+00:00,2022-07-12 11:15:00+00:00,0 days 01:15:00,B_long,0.0010815526774264237,0.0015581312767205973,1.00552,1.00552,1.00047,1.00047,1.0,1.0
9315,46542,46558,1.003361819047096,1.0076835432544633,1.001838818915179,1.0076835432544633,40.25686099162552,0.0,0.004307244032338842,2022-07-13 08:00:00+00:00,2022-07-13 12:00:00+00:00,0 days 04:00:00,B_long,0.001445023606844979,0.001302358094646821,1.00469,1.00469,1.00226,1.00226,1.0,0.0
9364,46636,46650,1.0023017220361319,1.00110762921641,1.00110762921641,1.0055571123507703,-11.181485163875177,0.0,-0.0011913506616511027,2022-07-14 07:30:00+00:00,2022-07-14 11:00:00+00:00,0 days 03:30:00,B_long,0.0011587213457781192,0.0011930698239548255,1.00434,1.00434,1.00136,1.00136,1.0,1.0
-9336,46743,46744,1.0039681086522796,1.0050294527213628,1.0050294527213628,1.0011516418359114,-9.908708228960785,0.0,-0.00105714918625055,2022-07-15 10:15:00+00:00,2022-07-15 10:30:00+00:00,0 days 00:15:00,B_short,0.000905525691847892,0.0009794555996015086,1.00411,1.00411,1.0011,1.0011,1.0,1.0
-9146,47021,47027,1.0238462892391047,1.0251305338554733,1.0251305338554733,1.0202083984335804,-11.745701261306824,0.0,-0.0012543334188601651,2022-07-20 07:45:00+00:00,2022-07-20 09:15:00+00:00,0 days 01:30:00,B_short,0.001383796008076787,0.0013991173571203488,1.02484,1.02484,1.02307,1.02307,1.0,1.0
-9134,47031,47032,1.0239062837479178,1.0200936792590278,1.025288773580324,1.0200936792590278,34.82432940152109,0.0,0.003723587353067437,2022-07-20 10:15:00+00:00,2022-07-20 10:30:00+00:00,0 days 00:15:00,B_short,0.0012922704362807946,0.0018653010447766865,1.02484,1.02484,1.02307,1.02307,1.0,1.0
9220,47126,47135,1.0182531817765819,1.022414416878247,1.0167551943739177,1.022414416878247,38.36658763735228,0.0,0.004086640902417615,2022-07-21 10:00:00+00:00,2022-07-21 12:15:00+00:00,0 days 02:15:00,B_long,0.0013728315426046439,0.002022947974503507,1.02284,1.02284,1.01782,1.01782,1.0,0.0
9217,47403,47405,1.0226535844636024,1.0216266849187408,1.0216266849187408,1.0253999452437776,-9.464933104990116,0.0,-0.001004151904870465,2022-07-26 07:15:00+00:00,2022-07-26 07:45:00+00:00,0 days 00:30:00,B_long,0.0010455397370912713,0.0011142054025263183,1.025,1.025,1.0213,1.0213,1.0,1.0
9217,47408,47409,1.0216834956894185,1.0203495079421026,1.0203495079421026,1.0253514761736926,-12.295365067011275,0.0,-0.0013056761246943438,2022-07-26 08:30:00+00:00,2022-07-26 08:45:00+00:00,0 days 00:15:00,B_long,0.0012064264501778395,0.0012562362568208124,1.025,1.025,1.0213,1.0213,1.0,1.0
-9264,47518,47527,1.0149671019347282,1.0117660680945133,1.0161446439684956,1.0117660680945133,29.65437749575048,0.0,0.0031538301429800963,2022-07-27 12:00:00+00:00,2022-07-27 14:15:00+00:00,0 days 02:15:00,B_short,0.0010740247726961174,0.0013570111005259452,1.01522,1.01522,1.01278,1.01278,0.0,0.0
-9228,47693,47693,1.0221464448227262,1.0237319836768661,1.0237319836768661,1.0176840489694012,-14.631352546003209,0.0,-0.0015511856076697583,2022-07-29 07:45:00+00:00,2022-07-29 07:45:00+00:00,0 days 00:00:00,B_short,0.0015423858532840453,0.0015423858532840453,1.02247,1.02247,1.01892,1.01892,1.0,1.0
-9216,47695,47705,1.0218364731938572,1.0235294010728462,1.0235294010728462,1.0171317967814615,-15.602023332762656,0.0,-0.0016567502955708857,2022-07-29 08:15:00+00:00,2022-07-29 10:45:00+00:00,0 days 02:30:00,B_short,0.0015981475964666834,0.0016641994928378936,1.02247,1.02247,1.01892,1.01892,1.0,1.0
-9202,47707,47714,1.0217664796002415,1.0166390813186215,1.0236136395604596,1.0166390813186215,47.18231898746733,0.0,0.0050181703784469844,2022-07-29 11:15:00+00:00,2022-07-29 13:00:00+00:00,0 days 01:45:00,B_short,0.0016404876190648874,0.0017294567487044625,1.02247,1.02247,1.01892,1.01892,1.0,0.0
-9229,47792,47792,1.023866287408709,1.0251037603142172,1.0251037603142172,1.020488719057348,-11.420637444935558,0.0,-0.0012086274552902676,2022-08-01 08:30:00+00:00,2022-08-01 08:30:00+00:00,0 days 00:00:00,B_short,0.0013732589389884435,0.0013732589389884435,1.02411,1.02411,1.02075,1.02075,1.0,1.0
-9219,47805,47810,1.0237862947302911,1.025002848774516,1.025002848774516,1.0203514536764524,-11.21541173370868,0.0,-0.001188289050641389,2022-08-01 11:45:00+00:00,2022-08-01 13:00:00+00:00,0 days 01:15:00,B_short,0.0011824689379138116,0.0014730651382581959,1.02411,1.02411,1.02075,1.02075,1.0,0.0
-9256,47988,47990,1.018416786191496,1.0195283359816112,1.0195283359816112,1.0154149920551663,-10.28850485730718,0.0,-0.0010914488107292009,2022-08-03 09:30:00+00:00,2022-08-03 10:00:00+00:00,0 days 00:30:00,B_short,0.0010165578507296813,0.0010174145634369697,1.01934,1.01934,1.01498,1.01498,1.0,1.0
-9250,47992,47994,1.018016822799407,1.0192150926216454,1.0192150926216454,1.0147547221350637,-11.083995855704853,0.0,-0.0011770628887479706,2022-08-03 10:30:00+00:00,2022-08-03 11:00:00+00:00,0 days 00:30:00,B_short,0.001053080272092653,0.0010592469599273733,1.01934,1.01934,1.01498,1.01498,1.0,1.0
-9232,47997,48006,1.0187567550747716,1.0147582301836304,1.0202005899387898,1.0147582301836304,36.91438179501523,0.0,0.003924906383416027,2022-08-03 11:45:00+00:00,2022-08-03 14:00:00+00:00,0 days 02:15:00,B_short,0.0013058446136179076,0.0015002639594596091,1.01934,1.01934,1.01498,1.01498,1.0,0.0
-9280,48080,48081,1.0174768722200869,1.0184923379081872,1.0184923379081872,1.0148029862754389,-9.423521585570711,0.0,-0.0009980233613413603,2022-08-04 08:30:00+00:00,2022-08-04 08:45:00+00:00,0 days 00:15:00,B_short,0.0009113595204288478,0.0009978449177050022,1.0176,1.0176,1.01542,1.01542,1.0,1.0
-9277,48093,48095,1.0167469390295243,1.0181232124408972,1.0181232124408972,1.0129903626773082,-12.767688437306571,0.0,-0.0013536046763873433,2022-08-04 11:45:00+00:00,2022-08-04 12:15:00+00:00,0 days 00:30:00,B_short,0.001357450782111044,0.0013248408096745376,1.0176,1.0176,1.01542,1.01542,1.0,0.0
9210,48179,48192,1.0230136174107225,1.022126182766675,1.022126182766675,1.0252214516999747,-8.173273071677496,0.0,-0.0008674709983760298,2022-08-05 09:15:00+00:00,2022-08-05 12:30:00+00:00,0 days 03:15:00,B_long,0.0007559749355482646,0.0015193529555891385,1.02482,1.02482,1.02274,1.02274,1.0,0.0
-9238,48273,48282,1.018776753244376,1.019823337272936,1.019823337272936,1.0159699881811926,-9.668343255835786,0.0,-0.0010272947681884137,2022-08-08 08:45:00+00:00,2022-08-08 11:00:00+00:00,0 days 02:15:00,B_short,0.0009642256365443668,0.0009420586017416849,1.01886,1.01886,1.0159,1.0159,1.0,1.0
-9220,48363,48364,1.0196966690461808,1.020381505984717,1.020381505984717,1.0182154820458493,-6.314196573303392,0.0,-0.0006716084884113016,2022-08-09 07:15:00+00:00,2022-08-09 07:30:00+00:00,0 days 00:15:00,B_short,0.0005573051867547419,0.0005923311618541154,1.0201,1.0201,1.01885,1.01885,1.0,1.0
9176,48749,48750,1.0241437208280708,1.0233266831018444,1.0233266831018444,1.026299950694467,-7.497138175853747,0.0,-0.0007977764347036898,2022-08-15 07:45:00+00:00,2022-08-15 08:00:00+00:00,0 days 00:15:00,B_long,0.0007828746450682427,0.0007651580257258156,1.02682,1.02682,1.02397,1.02397,1.0,1.0
9242,48846,48846,1.0160429795178736,1.0150012477846166,1.0150012477846166,1.0187962566461497,-9.627684678760689,0.0,-0.0010252831368917636,2022-08-16 08:00:00+00:00,2022-08-16 08:00:00+00:00,0 days 00:00:00,B_long,0.0009889185866655131,0.0009889185866655131,1.01698,1.01698,1.01473,1.01473,1.0,1.0
9226,48942,48942,1.0167130408361247,1.0156961155398287,1.0156961155398287,1.0194316533805134,-9.382152783626289,0.0,-0.0010002087663394388,2022-08-17 08:00:00+00:00,2022-08-17 08:00:00+00:00,0 days 00:00:00,B_long,0.001008033198815101,0.001008033198815101,1.01852,1.01852,1.0166,1.0166,1.0,1.0
9211,48944,48955,1.0173831021543756,1.0162270378943603,1.0162270378943603,1.0204788863169192,-10.64850789900041,0.0,-0.0011363116387201888,2022-08-17 08:30:00+00:00,2022-08-17 11:15:00+00:00,0 days 02:45:00,B_long,0.0010772338248878,0.0008797223359626926,1.01852,1.01852,1.0166,1.0166,1.0,1.0
9206,48958,48959,1.0168130499881025,1.0158224307787658,1.0158224307787658,1.019412707663703,-9.119640441154033,0.0,-0.0009742392756941776,2022-08-17 12:00:00+00:00,2022-08-17 12:15:00+00:00,0 days 00:15:00,B_long,0.0008965599917362918,0.0009290186595047754,1.01852,1.01852,1.0166,1.0166,0.0,0.0
9192,49039,49040,1.017403103984771,1.0163216050678152,1.0163216050678152,1.0201951847965545,-9.941138044658253,0.0,-0.0010629994273853027,2022-08-18 08:15:00+00:00,2022-08-18 08:30:00+00:00,0 days 00:15:00,B_long,0.0009606089412268501,0.000939194415729925,1.01929,1.01929,1.01628,1.01628,1.0,1.0
9190,49045,49059,1.0165030216169715,1.015504574978614,1.015504574978614,1.0190862750641578,-9.175724606505096,0.0,-0.0009822367638112617,2022-08-18 09:45:00+00:00,2022-08-18 13:15:00+00:00,0 days 03:30:00,B_long,0.000934701685201108,0.0011456253220120272,1.01929,1.01929,1.01628,1.01628,1.0,0.0
9386,49325,49326,0.9943909981146924,0.9928313911175212,0.9928313911175212,0.9986658266474365,-14.638471275449644,0.0,-0.0015684041791691472,2022-08-23 07:45:00+00:00,2022-08-23 08:00:00+00:00,0 days 00:15:00,B_long,0.0014201276981483633,0.0014654440050619127,0.995,0.995,0.99149,0.99149,1.0,1.0
-9319,49517,49521,0.9998084893745538,1.001123066956761,1.001123066956761,0.996030799129717,-12.250548488588993,0.0,-0.0013148293860052451,2022-08-25 07:45:00+00:00,2022-08-25 08:45:00+00:00,0 days 01:00:00,B_short,0.0012019913625262667,0.0012355961541750536,1.00079,1.00079,0.99629,0.99629,1.0,1.0
9334,49612,49618,0.9970112378965094,0.9995211956187429,0.9960262681270857,0.9995211956187429,23.42794537932751,0.0,0.002517481876662675,2022-08-26 07:30:00+00:00,2022-08-26 09:00:00+00:00,0 days 01:30:00,B_long,0.0008639009565257498,0.0008791563563954478,0.99745,0.99745,0.99575,0.99575,1.0,1.0
9312,49903,49904,1.0018916845130232,1.0006797034191874,1.0006797034191874,1.0051608897424378,-11.28596794579898,0.0,-0.0012096927368200339,2022-08-31 08:15:00+00:00,2022-08-31 08:30:00+00:00,0 days 00:15:00,B_long,0.001193590370037596,0.0013864449873659283,1.00459,1.00459,1.00164,1.00164,1.0,1.0
-9343,50098,50099,0.9971887291563707,0.9980825268553194,0.9980825268553194,0.994792419434042,-8.350751901277762,0.0,-0.0008963174901754911,2022-09-02 09:00:00+00:00,2022-09-02 09:15:00+00:00,0 days 00:15:00,B_short,0.0008741899412767865,0.000897631282439881,0.99757,0.99757,0.99499,0.99499,1.0,1.0
-9382,50203,50217,0.992159189500851,0.9933936776625638,0.9933936776625638,0.9888189670123084,-11.581967933189375,0.0,-0.0012442440434723423,2022-09-05 11:15:00+00:00,2022-09-05 14:45:00+00:00,0 days 03:30:00,B_short,0.0011351873075553184,0.0008793638492498718,0.9929,0.9929,0.98801,0.98801,1.0,0.0
-9334,50287,50297,0.9960788307433236,0.9924308765472067,0.9974030411509311,0.9924308765472067,34.05000446655471,0.0,0.0036623147521311905,2022-09-06 08:15:00+00:00,2022-09-06 10:45:00+00:00,0 days 02:30:00,B_short,0.0011933023308069268,0.001304523003096614,0.99706,0.99706,0.99426,0.99426,1.0,1.0
-9423,50379,50381,0.9901993688796148,0.9911733688307612,0.9911733688307612,0.9875998935077165,-9.178001539652929,0.0,-0.00098364024635611,2022-09-07 07:15:00+00:00,2022-09-07 07:45:00+00:00,0 days 00:30:00,B_short,0.0009635863199930423,0.0012427826136836703,0.99038,0.99038,0.98768,0.98768,1.0,1.0
-9418,50387,50388,0.989759409148317,0.9911445543703473,0.9911445543703473,0.9859663368889581,-13.045297701082031,0.0,-0.0013994766902214462,2022-09-07 09:15:00+00:00,2022-09-07 09:30:00+00:00,0 days 00:15:00,B_short,0.001236613787634309,0.001261065282616398,0.99038,0.99038,0.98768,0.98768,1.0,1.0
-9406,50391,50404,0.9896594183002947,0.9910103557011652,0.9910103557011652,0.9859689328965043,-12.706917192588445,0.0,-0.001365052841300507,2022-09-07 10:15:00+00:00,2022-09-07 13:30:00+00:00,0 days 03:15:00,B_short,0.0012603082743431633,0.0013984764521338814,0.99038,0.99038,0.98768,0.98768,1.0,0.0
-9299,50486,50487,0.9997184976113337,1.0006573646298507,1.0006573646298507,0.9972279061104481,-8.730524405189357,0.0,-0.000939131386245462,2022-09-08 10:00:00+00:00,2022-09-08 10:15:00+00:00,0 days 00:15:00,B_short,0.0008537160125371498,0.0009558872108655238,1.00008,1.00008,0.99791,0.99791,1.0,1.0
-9217,50581,50582,1.0076577709443009,1.0091193486748473,1.0091193486748473,1.003681953975458,-13.471361942446615,0.0,-0.0014504703607622904,2022-09-09 09:45:00+00:00,2022-09-09 10:00:00+00:00,0 days 00:15:00,B_short,0.001310102184867642,0.001348755226885296,1.0084,1.0084,1.00083,1.00083,1.0,1.0
-9207,50586,50590,1.0073078029762232,1.0035195686813627,1.0086534771062126,1.0035195686813627,34.878273152780864,0.0,0.0037607514641182505,2022-09-09 11:00:00+00:00,2022-09-09 12:00:00+00:00,0 days 01:00:00,B_short,0.001376346825384083,0.001473970996144078,1.0084,1.0084,1.00083,1.00083,1.0,0.0
-9176,50767,50769,1.014477146779419,1.0156006958710047,1.0156006958710047,1.0115579123869864,-10.309686464390754,0.0,-0.0011075154281716681,2022-09-13 08:15:00+00:00,2022-09-13 08:45:00+00:00,0 days 00:30:00,B_short,0.0010812697548706202,0.0010811315047694837,1.01464,1.01464,1.01194,1.01194,1.0,1.0
9317,50859,50859,0.9982013468050446,0.9970461764184392,0.9970461764184392,1.0013414707446824,-10.762722492002489,0.0,-0.0011572518813992572,2022-09-14 07:15:00+00:00,2022-09-14 07:15:00+00:00,0 days 00:00:00,B_long,0.001225313770686012,0.001225313770686012,1.00021,1.00021,0.99686,0.99686,1.0,1.0
-9293,50876,50880,0.9994285241520692,1.000659851157645,1.000659851157645,0.995980446527065,-11.442721862816112,0.0,-0.0012320310815827629,2022-09-14 11:30:00+00:00,2022-09-14 12:30:00+00:00,0 days 01:00:00,B_short,0.001127204336625659,0.001349423467819585,1.00021,1.00021,0.99686,0.99686,1.0,0.0
-9300,50969,50971,0.9974587044460308,0.9984483309021487,0.9984483309021487,0.9948150072935539,-9.203526041896348,0.0,-0.0009921477969030423,2022-09-15 10:45:00+00:00,2022-09-15 11:15:00+00:00,0 days 00:30:00,B_short,0.000917886781862165,0.0009734349605986804,0.99824,0.99824,0.99591,0.99591,1.0,1.0
9285,51065,51067,0.9983113568722201,0.9971108222220023,0.9971108222220023,1.001547533333993,-11.146964227271752,0.0,-0.0012025653539383674,2022-09-16 10:45:00+00:00,2022-09-16 11:15:00+00:00,0 days 00:30:00,B_long,0.001102620740931312,0.0011165462454106392,1.0012,1.0012,0.99809,0.99809,1.0,1.0
9274,51068,51069,0.9982413504658356,0.9970334537545893,0.9970334537545893,1.001499638736232,-11.202034100098425,0.0,-0.0012100247206576764,2022-09-16 11:30:00+00:00,2022-09-16 11:45:00+00:00,0 days 00:15:00,B_long,0.0010956734126892156,0.0010535836243306539,1.0012,1.0012,0.99809,0.99809,1.0,1.0
9266,51149,51151,0.9979313220947046,0.9970123004510861,0.9970123004510861,1.0002030986467414,-8.515654549768614,0.0,-0.0009209267444270086,2022-09-19 07:45:00+00:00,2022-09-19 08:15:00+00:00,0 days 00:30:00,B_long,0.0007846729423919668,0.0008579987878410825,1.00291,1.00291,0.99761,0.99761,1.0,1.0
9256,51155,51155,0.9981013376530667,0.9971272997520335,0.9971272997520335,1.0006181007438995,-9.015694811963588,0.0,-0.0009758907881273204,2022-09-19 09:15:00+00:00,2022-09-19 09:15:00+00:00,0 days 00:00:00,B_long,0.0009363402149043035,0.0009363402149043035,1.00291,1.00291,0.99761,0.99761,1.0,1.0
9251,51160,51161,0.997731303790749,1.0002737761705411,0.9967620746098196,1.0002737761705411,23.520411985456757,0.0,0.002548253593058991,2022-09-19 10:30:00+00:00,2022-09-19 10:45:00+00:00,0 days 00:15:00,B_long,0.0008488686714896655,0.001070352848624393,1.00291,1.00291,0.99761,0.99761,1.0,1.0
-9591,51726,51733,0.9646117108707192,0.9610131004957927,0.9659156331680692,0.9610131004957927,34.51427210591988,0.0,0.0037306310242471996,2022-09-27 08:00:00+00:00,2022-09-27 09:45:00+00:00,0 days 01:45:00,B_short,0.001376882078993216,0.0014350147041138415,0.96554,0.96554,0.96184,0.96184,1.0,1.0
9653,51735,51750,0.9621080438562772,0.9605856539231014,0.9605856539231014,0.9663230382306959,-14.695630024946796,0.0,-0.0015823482018442192,2022-09-27 10:15:00+00:00,2022-09-27 14:00:00+00:00,0 days 03:45:00,B_long,0.0014350999333121789,0.0016989031911600625,0.96554,0.96554,0.96184,0.96184,1.0,0.0
9709,51819,51821,0.9550373968114508,0.958691123825333,0.9537162920582224,0.958691123825333,35.474035577781436,0.0,0.003825742349022887,2022-09-28 07:15:00+00:00,2022-09-28 07:45:00+00:00,0 days 00:30:00,B_long,0.0012352135495406695,0.001541027066099427,0.96006,0.96006,0.95426,0.95426,1.0,1.0
9639,51918,51924,0.9655983632603005,0.9696289912479429,0.9641236695840191,0.9696289912479429,38.8512231728853,0.0,0.004174228272335823,2022-09-29 08:00:00+00:00,2022-09-29 09:30:00+00:00,0 days 01:30:00,B_long,0.001394153027183498,0.0018197295546984187,0.97137,0.97137,0.9654,0.9654,1.0,1.0
-9504,52018,52023,0.9832300067724634,0.9783995649276911,0.984920145024103,0.9783995649276911,45.90851929271619,0.0,0.0049128299700988975,2022-09-30 09:00:00+00:00,2022-09-30 10:15:00+00:00,0 days 01:15:00,B_short,0.0016247923542225989,0.0017648925070964491,0.98332,0.98332,0.97943,0.97943,1.0,1.0
9476,52395,52398,0.9911106979298225,0.9899915840973902,0.9899915840973902,0.9941452477078293,-10.60472267612895,0.0,-0.001129151198518863,2022-10-06 07:15:00+00:00,2022-10-06 08:00:00+00:00,0 days 00:45:00,B_long,0.0010599604489285065,0.0011072038833469559,0.99264,0.99264,0.99029,0.99029,1.0,1.0
9582,52491,52512,0.9789995896253179,0.977944893759024,0.977944893759024,0.9818053187229276,-10.106095790827275,0.0,-0.0010773200290078444,2022-10-07 07:15:00+00:00,2022-10-07 12:30:00+00:00,0 days 05:15:00,B_long,0.0010164254088457277,0.0016146905165453874,0.98119,0.98119,0.97863,0.97863,1.0,0.0
9660,52877,52882,0.9700387696081122,0.972695974014114,0.9690346753286286,0.972695974014114,25.668594561977503,0.0,0.0027392765003353414,2022-10-13 07:45:00+00:00,2022-10-13 09:00:00+00:00,0 days 01:15:00,B_long,0.0009506147151884478,0.0010475801408348275,0.97219,0.97219,0.96948,0.96948,1.0,1.0
9640,53067,53067,0.9747291988358683,0.9737051641448068,0.9737051641448068,0.9775245075655795,-9.87169442183279,0.0,-0.001050583784998449,2022-10-17 07:15:00+00:00,2022-10-17 07:15:00+00:00,0 days 00:00:00,B_long,0.0010648577411673838,0.0010648577411673838,0.97557,0.97557,0.97323,0.97323,1.0,1.0
-9627,53081,53088,0.9748907700474072,0.9762893627998379,0.9762893627998379,0.9710519116004861,-13.464252427650399,0.0,-0.0014346148259898328,2022-10-17 10:45:00+00:00,2022-10-17 12:30:00+00:00,0 days 01:45:00,B_short,0.0012267810931929303,0.00143367721813038,0.97557,0.97557,0.97323,0.97323,1.0,0.0
9529,53180,53188,0.983650015192283,0.9874475034119446,0.9823041655293517,0.9874475034119446,36.186265245155745,0.0,0.003860609120124092,2022-10-18 11:30:00+00:00,2022-10-18 13:30:00+00:00,0 days 02:00:00,B_long,0.0012317232078951248,0.001341185724852683,0.98663,0.98663,0.9823,0.9823,1.0,0.0
9566,53261,53262,0.9835700078707008,0.9825152628901882,0.9825152628901882,0.9864142113294353,-10.089690483583645,0.0,-0.0010723639111323013,2022-10-19 07:45:00+00:00,2022-10-19 08:00:00+00:00,0 days 00:15:00,B_long,0.00093277216183686,0.0010270692069252753,0.98667,0.98667,0.98315,0.98315,1.0,1.0
-9612,53355,53357,0.9776605165376238,0.9788653645581995,0.9788653645581995,0.9744039063254015,-11.58099917377405,0.0,-0.0012323787247159323,2022-10-20 07:15:00+00:00,2022-10-20 07:45:00+00:00,0 days 00:30:00,B_short,0.0011133159504395768,0.0011564017583301559,0.9789,0.9789,0.97544,0.97544,1.0,1.0
-9597,53455,53459,0.9779804872512949,0.9748361302886976,0.9791746232371008,0.9748361302886976,30.176393770046236,0.0,0.0032151530665348593,2022-10-21 08:15:00+00:00,2022-10-21 09:15:00+00:00,0 days 01:00:00,B_short,0.0010853401388207032,0.0012063197966391632,0.97832,0.97832,0.97632,0.97632,1.0,1.0
9576,53558,53561,0.9834199941427342,0.9818649843711376,0.9818649843711376,0.9876850468865872,-14.890773572809195,0.0,-0.0015812265165018324,2022-10-24 10:00:00+00:00,2022-10-24 10:45:00+00:00,0 days 00:45:00,B_long,0.00140101354501405,0.0012532345950802626,0.98675,0.98675,0.98254,0.98254,1.0,1.0
9560,53566,53573,0.9836100115314919,0.9876287284900792,0.9821504238366402,0.9876287284900792,38.4189341240951,0.0,0.004085681226780213,2022-10-24 12:00:00+00:00,2022-10-24 13:45:00+00:00,0 days 01:45:00,B_long,0.0015736326749117846,0.0020172185232063397,0.98675,0.98675,0.98254,0.98254,0.0,0.0
9562,53647,53649,0.9873403529002617,0.9862614484200686,0.9862614484200686,0.9902156547397941,-10.316484639606415,0.0,-0.0010927381596669283,2022-10-25 08:15:00+00:00,2022-10-25 08:45:00+00:00,0 days 00:30:00,B_long,0.0009700780359405291,0.001053525280328659,0.98984,0.98984,0.98665,0.98665,1.0,1.0
9553,53652,53656,0.9872303428330862,0.9860531299005532,0.9860531299005532,0.9904006102983406,-11.245915144488071,0.0,-0.0011924399822991205,2022-10-25 09:30:00+00:00,2022-10-25 10:30:00+00:00,0 days 01:00:00,B_long,0.001035287419520612,0.0009310298071887154,0.98984,0.98984,0.98665,0.98665,1.0,1.0
9546,53662,53662,0.986750298903593,0.9858086463865672,0.9858086463865672,0.9892140608402984,-8.989014927528537,0.0,-0.0009542966625620819,2022-10-25 12:00:00+00:00,2022-10-25 12:00:00+00:00,0 days 00:00:00,B_long,0.0008751731316417476,0.0008751731316417476,0.98984,0.98984,0.98665,0.98665,0.0,0.0
9349,53835,53842,1.0066221174015704,1.0055863833600573,1.0055863833600573,1.0093608499198277,-9.683077554105276,0.0,-0.001028920409762657,2022-10-27 07:15:00+00:00,2022-10-27 09:00:00+00:00,0 days 01:45:00,B_long,0.0009591344212836303,0.0011821844949345267,1.00934,1.00934,1.00617,1.00617,1.0,1.0
9437,53939,53940,0.9962511683414785,0.9948062922947482,0.9948062922947482,1.0001411231157555,-13.635295252994608,0.0,-0.0014503130261174224,2022-10-28 09:15:00+00:00,2022-10-28 09:30:00+00:00,0 days 00:15:00,B_long,0.0012785466778849578,0.0013120737875003008,0.9998,0.9998,0.99578,0.99578,1.0,1.0
9419,53948,53949,0.9966912086101807,0.9953740532792525,0.9953740532792525,1.0003178401622423,-12.40628606201208,0.0,-0.0013215279913674216,2022-10-28 11:30:00+00:00,2022-10-28 11:45:00+00:00,0 days 00:15:00,B_long,0.0012791538246478308,0.00129259998136146,0.9998,0.9998,0.99578,0.99578,1.0,1.0
9428,54029,54029,0.9944510036058792,0.9935677227763506,0.9935677227763506,0.9966968316709479,-8.327571660795629,0.0,-0.0008882095008460045,2022-10-31 07:45:00+00:00,2022-10-31 07:45:00+00:00,0 days 00:00:00,B_long,0.0008859735938293834,0.0008859735938293834,0.99656,0.99656,0.99431,0.99431,1.0,1.0
9417,54038,54038,0.9947210283162191,0.9935739266067465,0.9935739266067465,0.9977182201797605,-10.802256798103766,0.0,-0.001153189363468421,2022-10-31 10:00:00+00:00,2022-10-31 10:00:00+00:00,0 days 00:00:00,B_long,0.0010459302741530519,0.0010459302741530519,0.99656,0.99656,0.99431,0.99431,1.0,1.0
-9433,54124,54125,0.9916392370911353,0.9926632391979342,0.9926632391979342,0.9889302824061974,-9.659411873433754,0.0,-0.0010326357293028998,2022-11-01 07:30:00+00:00,2022-11-01 07:45:00+00:00,0 days 00:15:00,B_short,0.000915473971542995,0.001088077442003935,0.99277,0.99277,0.98822,0.98822,1.0,1.0
-9418,54129,54135,0.9922591803488733,0.9935716403378023,0.9935716403378023,0.988645078986593,-12.360748175733677,0.0,-0.0013226987614944896,2022-11-01 08:45:00+00:00,2022-11-01 10:15:00+00:00,0 days 01:30:00,B_short,0.0011660882927619581,0.001195489877535067,0.99277,0.99277,0.98822,0.98822,1.0,1.0
-9402,54139,54140,0.9926691428257646,0.993906264077317,0.993906264077317,0.9893612077680493,-11.631414007095643,0.0,-0.0012462573864548965,2022-11-01 11:15:00+00:00,2022-11-01 11:30:00+00:00,0 days 00:15:00,B_short,0.0011407622003413223,0.0011886605736291535,0.99277,0.99277,0.98822,0.98822,1.0,1.0
-9422,54227,54229,0.9893294485018211,0.990275026852679,0.990275026852679,0.9868149194419631,-8.909239221782618,0.0,-0.0009557770187573755,2022-11-02 09:15:00+00:00,2022-11-02 09:45:00+00:00,0 days 00:30:00,B_short,0.0008536899389884789,0.0008710826652846688,0.98996,0.98996,0.98743,0.98743,1.0,1.0
-9409,54232,54241,0.9897394109787124,0.9907316576463694,0.9907316576463694,0.9871250270608918,-9.336048895984334,0.0,-0.0010025332493082129,2022-11-02 10:30:00+00:00,2022-11-02 12:45:00+00:00,0 days 02:15:00,B_short,0.0008561032935201177,0.0011214111503937254,0.98996,0.98996,0.98743,0.98743,1.0,0.0
9308,54600,54600,0.9996814822543151,0.9987644921919552,0.9987644921919552,1.0021465234241345,-8.535343500445963,0.0,-0.0009172822330288932,2022-11-08 07:30:00+00:00,2022-11-08 07:30:00+00:00,0 days 00:00:00,B_long,0.0008621067669721797,0.0008621067669721797,1.00308,1.00308,0.99952,0.99952,1.0,1.0
9298,54605,54605,0.9998314959822817,0.9986738877753779,0.9986738877753779,1.002938336673866,-10.76344110779157,0.0,-0.0011578033014117972,2022-11-08 08:45:00+00:00,2022-11-08 08:45:00+00:00,0 days 00:00:00,B_long,0.001189297261339105,0.001189297261339105,1.00308,1.00308,0.99952,0.99952,1.0,1.0
9286,54609,54621,0.9999915106254461,0.9986986619012853,0.9986986619012853,1.003544014296144,-12.00539325255719,0.0,-0.0012928596997310304,2022-11-08 09:45:00+00:00,2022-11-08 12:45:00+00:00,0 days 03:00:00,B_long,0.0011804930188860651,0.0009982913123030013,1.00308,1.00308,0.99952,0.99952,1.0,0.0
9210,54695,54696,1.0068721402815148,1.0059600498894943,1.0059600498894943,1.0093198503315168,-8.40035251050935,0.0,-0.0009058651595679201,2022-11-09 07:15:00+00:00,2022-11-09 07:30:00+00:00,0 days 00:15:00,B_long,0.0008439567624382775,0.0008660958607798347,1.0088,1.0088,1.0059,1.0059,1.0,1.0
9210,54713,54715,1.0060720670656929,1.0047950765712357,1.0047950765712357,1.0095747702862927,-11.761082453950584,0.0,-0.0012692833210066201,2022-11-09 11:45:00+00:00,2022-11-09 12:15:00+00:00,0 days 00:30:00,B_long,0.0011516003049289406,0.0011414242290355067,1.0088,1.0088,1.0059,1.0059,1.0,0.0
8980,54996,54996,1.030514303809053,1.0287796936380278,1.0287796936380278,1.0353009190859168,-15.57679933580597,0.0,-0.0016832470588846737,2022-11-14 10:30:00+00:00,2022-11-14 10:30:00+00:00,0 days 00:00:00,B_long,0.001692932180376014,0.001692932180376014,1.03501,1.03501,1.02977,1.02977,1.0,1.0
-8894,55278,55285,1.0385049475591674,1.0349747253966162,1.039821758201128,1.0349747253966162,31.397795913731063,0.0,0.0033993310969278046,2022-11-17 09:00:00+00:00,2022-11-17 10:45:00+00:00,0 days 01:45:00,B_short,0.0011781904409776665,0.0014382898754892852,1.03948,1.03948,1.03596,1.03596,1.0,1.0
8947,55375,55396,1.0360048062526312,1.0346502890956069,1.0346502890956069,1.0396891327131799,-12.118865003897245,0.0,-0.001307442927725222,2022-11-18 09:15:00+00:00,2022-11-18 14:30:00+00:00,0 days 05:15:00,B_long,0.0013917494504740741,0.0014927036462195438,1.03908,1.03908,1.03569,1.03569,1.0,0.0
-9017,55565,55568,1.0264560503724856,1.0277040468172296,1.0277040468172296,1.0231678595483111,-11.253183942257085,0.0,-0.0012158303750962052,2022-11-22 08:45:00+00:00,2022-11-22 09:30:00+00:00,0 days 00:45:00,B_short,0.001134840574932335,0.0012222710350003813,1.0268,1.0268,1.02417,1.02417,1.0,1.0
-8950,55660,55667,1.0330654454267567,1.0299477108337902,1.0339907630554033,1.0299477108337902,27.90372460705011,0.0,0.00301794490055618,2022-11-23 08:30:00+00:00,2022-11-23 10:15:00+00:00,0 days 01:45:00,B_short,0.0011199946480161657,0.001203278938547808,1.03309,1.03309,1.03003,1.03003,1.0,1.0
8997,55669,55685,1.0307643266889974,1.0341865252402245,1.0294978249199251,1.0341865252402245,30.78952036538978,0.0,0.003320059166404876,2022-11-23 10:45:00+00:00,2022-11-23 14:45:00+00:00,0 days 04:00:00,B_long,0.0011278850693981408,0.0016212810639288043,1.03309,1.03309,1.03003,1.03003,1.0,0.0
8941,55766,55767,1.0406452309043985,1.0393237525173298,1.0393237525173298,1.0441487424480105,-11.81533825878172,0.0,-0.0012698644531530245,2022-11-24 11:00:00+00:00,2022-11-24 11:15:00+00:00,0 days 00:15:00,B_long,0.0011467478183140756,0.00127918144253884,1.04484,1.04484,1.0405,1.0405,1.0,1.0
8930,55859,55865,1.040705236395585,1.0393845145383638,1.0393845145383638,1.044166456384909,-11.794046184986374,0.0,-0.0012690642950885511,2022-11-25 10:15:00+00:00,2022-11-25 11:45:00+00:00,0 days 01:30:00,B_long,0.001262754066751515,0.0010618868072807775,1.04291,1.04291,1.03959,1.03959,1.0,1.0
-8960,56146,56146,1.0357052038145442,1.0368384531451376,1.0368384531451376,1.0326446405645873,-10.153914002116267,0.0,-0.0010941813620513052,2022-11-30 10:00:00+00:00,2022-11-30 10:00:00+00:00,0 days 00:00:00,B_short,0.0012126593924525243,0.0012126593924525243,1.03608,1.03608,1.03205,1.03205,1.0,1.0
-8954,56150,56153,1.0352852422528507,1.0365244748696942,1.0365244748696942,1.031906575390917,-11.096088851217193,0.0,-0.001196996311998877,2022-11-30 11:00:00+00:00,2022-11-30 11:45:00+00:00,0 days 00:45:00,B_short,0.0011405448870684047,0.0010979606272264878,1.03608,1.03608,1.03205,1.03205,1.0,1.0
-8863,56231,56231,1.0446143883733274,1.0455680286485707,1.0455680286485707,1.0421759140542883,-8.452113759480929,0.0,-0.0009129112961274721,2022-12-01 07:15:00+00:00,2022-12-01 07:15:00+00:00,0 days 00:00:00,B_short,0.0009629581620945287,0.0009629581620945287,1.04512,1.04512,1.04187,1.04187,1.0,1.0
8875,56235,56235,1.0424653974703932,1.0406108447164084,1.0406108447164084,1.0476074658507746,-16.45915569161535,0.0,-0.001779006534399108,2022-12-01 08:15:00+00:00,2022-12-01 08:15:00+00:00,0 days 00:00:00,B_long,0.0018412679124460414,0.0018412679124460414,1.04512,1.04512,1.04187,1.04187,1.0,1.0
8854,56237,56256,1.0431154569582486,1.0486392965723594,1.04112023447588,1.0486392965723594,48.90807594333745,0.0,0.00529552081436746,2022-12-01 08:45:00+00:00,2022-12-01 13:30:00+00:00,0 days 04:45:00,B_long,0.0018917967875705822,0.0020082039847510147,1.04512,1.04512,1.04187,1.04187,1.0,0.0
-8817,56328,56328,1.0527436443175369,1.0535494473586804,1.0535494473586804,1.0506716579239586,-7.104765413762476,0.0,-0.0007654313996507955,2022-12-02 07:30:00+00:00,2022-12-02 07:30:00+00:00,0 days 00:00:00,B_short,0.0008328543775231273,0.0008328543775231273,1.05284,1.05284,1.05049,1.05049,1.0,1.0
-8816,56331,56331,1.0520537074661833,1.0531666328435618,1.0531666328435618,1.0490601014693148,-9.811550126968893,0.0,-0.001057859850196241,2022-12-02 08:15:00+00:00,2022-12-02 08:15:00+00:00,0 days 00:00:00,B_short,0.001068415131086902,0.001068415131086902,1.05284,1.05284,1.05049,1.05049,1.0,1.0
-8803,56336,56345,1.0525436626214926,1.0537909326332637,1.0537909326332637,1.0491872021002089,-10.97971791362154,0.0,-0.0011850054834443569,2022-12-02 09:30:00+00:00,2022-12-02 11:45:00+00:00,0 days 02:15:00,B_short,0.0011188082821618239,0.0010293184965116352,1.05284,1.05284,1.05049,1.05049,1.0,1.0
8779,56428,56435,1.0543064810645582,1.0531009133575915,1.0531009133575915,1.0575772599272253,-10.583678899460399,0.0,-0.0011434698814991595,2022-12-05 08:30:00+00:00,2022-12-05 10:15:00+00:00,0 days 01:45:00,B_long,0.0010898750900872648,0.0012408233706709064,1.05847,1.05847,1.05391,1.05391,1.0,1.0
8770,56439,56445,1.0542764783189646,1.057791421284768,1.0529761929050772,1.057791421284768,30.82604981009633,0.0,0.0033339859496894775,2022-12-05 11:15:00+00:00,2022-12-05 12:45:00+00:00,0 days 01:30:00,B_long,0.0012992994822663007,0.0014139904978610848,1.05847,1.05847,1.05391,1.05391,1.0,0.0
8844,56521,56536,1.0488959859425622,1.0518234106382367,1.0478455297872544,1.0518234106382367,25.89014400854554,0.0,0.002790958050091108,2022-12-06 07:45:00+00:00,2022-12-06 11:30:00+00:00,0 days 03:45:00,B_long,0.0010378741843795154,0.0011606075110851427,1.05186,1.05186,1.0483,1.0483,1.0,1.0
8894,56616,56626,1.0458857104680321,1.0486065165400646,1.0448511611533118,1.0486065165400646,24.198849204657154,0.0,0.0026014372744560532,2022-12-07 07:30:00+00:00,2022-12-07 10:00:00+00:00,0 days 02:30:00,B_long,0.0009216603337964302,0.0012542272175068863,1.04763,1.04763,1.04549,1.04549,1.0,1.0
-8876,56720,56730,1.050493850237036,1.0516619151496305,1.0516619151496305,1.0473742545511082,-10.367744164188505,0.0,-0.0011119198007021325,2022-12-08 09:30:00+00:00,2022-12-08 12:00:00+00:00,0 days 02:30:00,B_short,0.0011796597963465198,0.0011303809867142722,1.0515,1.0515,1.04937,1.04937,1.0,0.0
8827,56817,56832,1.0553965808211152,1.0543871584485707,1.0543871584485707,1.0580385246542876,-8.910171282450591,0.0,-0.0009564389262651796,2022-12-09 09:45:00+00:00,2022-12-09 13:30:00+00:00,0 days 03:45:00,B_long,0.0009244626779054359,0.0016434508804555631,1.05865,1.05865,1.05517,1.05517,1.0,0.0
-8820,57002,57002,1.0550234356524446,1.055885210280781,1.055885210280781,1.0528243691576573,-7.600852221926737,0.0,-0.0008168298439772403,2022-12-13 08:00:00+00:00,2022-12-13 08:00:00+00:00,0 days 00:00:00,B_short,0.0008605155766768349,0.0008605155766768349,1.0554,1.0554,1.05311,1.05311,1.0,1.0
-8816,57004,57023,1.0546634685995642,1.0556024468331198,1.0556024468331198,1.0521126595006405,-8.278032107026156,0.0,-0.000890310759319668,2022-12-13 08:30:00+00:00,2022-12-13 13:15:00+00:00,0 days 04:45:00,B_short,0.0009001205887039306,0.0011649237395249968,1.0554,1.0554,1.05311,1.05311,1.0,0.0
8732,57291,57291,1.0640173697215967,1.0629846330302932,1.0629846330302932,1.0666461009091206,-9.017856788461616,0.0,-0.0009706013460791807,2022-12-16 08:15:00+00:00,2022-12-16 08:15:00+00:00,0 days 00:00:00,B_long,0.0010146513737460175,0.0010146513737460175,1.06624,1.06624,1.06342,1.06342,1.0,1.0
8721,57293,57295,1.0643273980927277,1.0631539688094203,1.0631539688094203,1.0674980935717395,-10.233476779724155,0.0,-0.0011025078236360786,2022-12-16 08:45:00+00:00,2022-12-16 09:15:00+00:00,0 days 00:30:00,B_long,0.0012038936985025867,0.0013319912668752877,1.06624,1.06624,1.06342,1.06342,1.0,1.0
8717,57304,57308,1.0636873395200703,1.0624501016035697,1.0624501016035697,1.0669696951892909,-10.785002918136213,0.0,-0.0011631593895429226,2022-12-16 11:30:00+00:00,2022-12-16 12:30:00+00:00,0 days 01:00:00,B_long,0.001073911943572964,0.0009220207213903733,1.06624,1.06624,1.06342,1.06342,1.0,0.0
-8727,57399,57421,1.0610428847033844,1.0624369308671289,1.0624369308671289,1.0572492073986133,-12.165840870998252,0.0,-0.0013138452590766292,2022-12-19 11:15:00+00:00,2022-12-19 16:45:00+00:00,0 days 05:30:00,B_short,0.0012133400848450503,0.00126853474770857,1.0613,1.0613,1.0582,1.0582,1.0,0.0
-8708,57580,57580,1.0619328032507824,1.0628910317098188,1.0628910317098188,1.0594469048705437,-8.344253421288709,0.0,-0.0009023437792889943,2022-12-21 08:30:00+00:00,2022-12-21 08:30:00+00:00,0 days 00:00:00,B_short,0.0009195608151763182,0.0009195608151763182,1.06263,1.06263,1.06066,1.06066,1.0,1.0
-8697,57584,57598,1.0624127593212893,1.063465545218057,1.063465545218057,1.059603364345829,-9.156078944188828,0.0,-0.0009909386794642039,2022-12-21 09:30:00+00:00,2022-12-21 13:00:00+00:00,0 days 03:30:00,B_short,0.0010381391889827502,0.0009981240318325728,1.06263,1.06263,1.06066,1.06066,1.0,0.0
-8707,57772,57778,1.0601729643255908,1.061150924825825,1.061150924825825,1.0575872255225247,-8.515102075539552,0.0,-0.0009224537251393272,2022-12-23 08:30:00+00:00,2022-12-23 10:00:00+00:00,0 days 01:30:00,B_short,0.0009014681823816746,0.0008296609164057147,1.06122,1.06122,1.05867,1.05867,1.0,1.0
-8654,57959,57959,1.065632464627606,1.0663746418107685,1.0663746418107685,1.0637960745676949,-6.4228013430872775,0.0,-0.0006964663782289549,2022-12-27 07:15:00+00:00,2022-12-27 07:15:00+00:00,0 days 00:00:00,B_short,0.0006906895693326405,0.0006906895693326405,1.06604,1.06604,1.06344,1.06344,1.0,1.0
-8648,57961,57971,1.0656124664580016,1.0663959309600883,1.0663959309600883,1.0636122071197354,-6.775401014046409,0.0,-0.0007352246025151832,2022-12-27 07:45:00+00:00,2022-12-27 10:15:00+00:00,0 days 02:30:00,B_short,0.0007938068320765104,0.0008825820684162644,1.06604,1.06604,1.06344,1.06344,1.0,1.0
-8641,57977,57981,1.065672460966815,1.0633523329820112,1.0665758890059964,1.0633523329820112,20.048225916689148,0.0,0.0021771492365476597,2022-12-27 11:45:00+00:00,2022-12-27 12:45:00+00:00,0 days 01:00:00,B_short,0.0007717704718635381,0.0007837253619139694,1.06604,1.06604,1.06344,1.06344,1.0,0.0
-8670,58058,58062,1.0644625717057454,1.0630145133594053,1.0650751622135315,1.0630145133594053,12.554665862768646,0.0,0.0013603656763804262,2022-12-28 08:00:00+00:00,2022-12-28 09:00:00+00:00,0 days 01:00:00,B_short,0.0005451405850606827,0.000645645437035412,1.06469,1.06469,1.06247,1.06247,1.0,1.0
8700,58154,58155,1.0624372251203484,1.0640903741188454,1.061729875293718,1.0640903741188454,14.382396286923903,0.0,0.0015559968715419537,2022-12-29 08:00:00+00:00,2022-12-29 08:15:00+00:00,0 days 00:15:00,B_long,0.0006714414121109761,0.0007725825571628516,1.06372,1.06372,1.06191,1.06191,1.0,1.0
-8705,58157,58158,1.0632526824446762,1.0641442382162078,1.0641442382162078,1.0609272853513763,-7.760992991183102,0.0,-0.0008385173028500059,2022-12-29 08:45:00+00:00,2022-12-29 09:00:00+00:00,0 days 00:15:00,B_short,0.0008450064540467515,0.0009216722601738483,1.06372,1.06372,1.06191,1.06191,1.0,1.0
-8696,58165,58172,1.0634326659711164,1.0644418237928523,1.0644418237928523,1.060754528621443,-8.775636417815733,0.0,-0.0009489625944623103,2022-12-29 10:45:00+00:00,2022-12-29 12:30:00+00:00,0 days 01:45:00,B_short,0.0009122472871385916,0.000684686583836696,1.06372,1.06372,1.06191,1.06191,1.0,0.0
8682,58249,58250,1.0643373990079257,1.0660538688628478,1.0636487103790506,1.0660538688628478,14.902391280433944,0.0,0.0016127121498521468,2022-12-30 07:45:00+00:00,2022-12-30 08:00:00+00:00,0 days 00:15:00,B_long,0.0006811176714894181,0.0007796353152908259,1.06692,1.06692,1.06421,1.06421,1.0,1.0
-8675,58255,58262,1.0667723602950596,1.0676321227504202,1.0676321227504202,1.0645036317487397,-7.458439300252934,0.0,-0.0008059474423602886,2022-12-30 09:15:00+00:00,2022-12-30 11:00:00+00:00,0 days 01:45:00,B_short,0.0008405063836974798,0.0009760554635415702,1.06692,1.06692,1.06421,1.06421,1.0,1.0
8653,58351,58373,1.0687278007797485,1.0674107060858382,1.0674107060858382,1.0722878817424852,-11.396820386405663,0.0,-0.0012323949025648817,2023-01-02 09:15:00+00:00,2023-01-02 14:45:00+00:00,0 days 05:30:00,B_long,0.0011420547256069406,0.0006061487482791145,1.07087,1.07087,1.06862,1.06862,1.0,0.0
8709,58634,58655,1.0606170585543535,1.0596582853610963,1.0596582853610963,1.0631051439167107,-8.349955740077059,0.0,-0.0009039767798606491,2023-01-05 08:00:00+00:00,2023-01-05 13:15:00+00:00,0 days 05:15:00,B_long,0.0009308193537164523,0.001159020544652465,1.06314,1.06314,1.06016,1.06016,1.0,0.0
8777,58739,58739,1.051426217487599,1.05039632143574,1.05039632143574,1.0541310356927807,-9.039397647167345,0.0,-0.0009795228944547985,2023-01-06 10:15:00+00:00,2023-01-06 10:15:00+00:00,0 days 00:00:00,B_long,0.0009785214223588458,0.0009785214223588458,1.05363,1.05363,1.05105,1.05105,1.0,1.0
8768,58741,58743,1.05146622114839,1.0503799481006224,1.0503799481006224,1.0543801556981327,-9.524442082826752,0.0,-0.0010331031334332996,2023-01-06 10:45:00+00:00,2023-01-06 11:15:00+00:00,0 days 00:30:00,B_long,0.0009867116461273178,0.0008920634142022689,1.05363,1.05363,1.05105,1.05105,1.0,1.0
-8625,58824,58826,1.06767227792726,1.0685800002491168,1.0685800002491168,1.0654199992526496,-7.829105026014583,0.0,-0.0008501881528844013,2023-01-09 07:30:00+00:00,2023-01-09 08:00:00+00:00,0 days 00:30:00,B_short,0.0008393335492345946,0.001057810532536194,1.06828,1.06828,1.06513,1.06513,1.0,1.0
-8619,58831,58843,1.0674822953160177,1.0687463438344644,1.0687463438344644,1.0640409684966063,-10.894834180492518,0.0,-0.0011841400311678463,2023-01-09 09:15:00+00:00,2023-01-09 12:15:00+00:00,0 days 03:00:00,B_short,0.0011261646565358873,0.0009133301617151962,1.06828,1.06828,1.06513,1.06513,1.0,0.0
-8560,58929,58947,1.0736117342997822,1.074753021959547,1.074753021959547,1.0704209341213589,-9.76942236758612,0.0,-0.0010630357542702473,2023-01-10 09:45:00+00:00,2023-01-10 14:15:00+00:00,0 days 04:30:00,B_short,0.0010879523649407659,0.0010553801953627484,1.0744,1.0744,1.07205,1.07205,1.0,0.0
-8543,59017,59043,1.0745916446104002,1.075502558632784,1.075502558632784,1.072292324101648,-7.781938493224345,0.0,-0.0008476838871327441,2023-01-11 07:45:00+00:00,2023-01-11 14:15:00+00:00,0 days 06:30:00,B_short,0.0007875508150794896,0.0009583653869428635,1.07566,1.07566,1.07255,1.07255,1.0,0.0
8525,59113,59114,1.0761384789412993,1.075507404940202,1.075507404940202,1.0776377851793943,-5.379905859354467,0.0,-0.0005864245294138204,2023-01-12 07:45:00+00:00,2023-01-12 08:00:00+00:00,0 days 00:15:00,B_long,0.000588249051824978,0.0006364825115816484,1.0775,1.0775,1.07601,1.07601,1.0,1.0
8515,59120,59123,1.0767485347683634,1.0757879539737645,1.0757879539737645,1.079236138078707,-8.179345466009897,0.0,-0.0008921124697007787,2023-01-12 09:30:00+00:00,2023-01-12 10:15:00+00:00,0 days 00:45:00,B_long,0.0008804398894042331,0.0008862419072655403,1.0775,1.0775,1.07601,1.07601,1.0,1.0
8512,59125,59135,1.0761684816868926,1.0787622289588905,1.0751725903470366,1.0787622289588905,22.077976779246157,0.0,0.002410168404051616,2023-01-12 10:45:00+00:00,2023-01-12 13:15:00+00:00,0 days 02:30:00,B_long,0.0008724216992350202,0.0013127702483324332,1.0775,1.0775,1.07601,1.07601,1.0,0.0
8481,59315,59325,1.0827690857174235,1.0817480594570392,1.0817480594570392,1.0853958216288822,-8.659323714318825,0.0,-0.0009429769226443341,2023-01-16 10:15:00+00:00,2023-01-16 12:45:00+00:00,0 days 02:30:00,B_long,0.0008970151372326737,0.0007436341576923932,1.08741,1.08741,1.08211,1.08211,1.0,0.0
-8470,59404,59419,1.0829408804202587,1.0838847379973575,1.0838847379973575,1.080585786007927,-7.994473678026884,0.0,-0.0008715688863205617,2023-01-17 08:30:00+00:00,2023-01-17 12:15:00+00:00,0 days 03:45:00,B_short,0.0008574395977099363,0.0011172822160931222,1.08336,1.08336,1.08061,1.08061,1.0,0.0
8460,59687,59690,1.0834891516116634,1.0852856707946545,1.0826914430684484,1.0852856707946545,15.198552288105333,0.0,0.00165808691330116,2023-01-20 07:15:00+00:00,2023-01-20 08:00:00+00:00,0 days 00:45:00,B_long,0.0007354160073447333,0.0008979700646329908,1.0844,1.0844,1.08247,1.08247,1.0,1.0
-8469,59694,59695,1.0839207907308768,1.0849702163650365,1.0849702163650365,1.0811693509048903,-8.887585695699117,0.0,-0.0009681755743906617,2023-01-20 09:00:00+00:00,2023-01-20 09:15:00+00:00,0 days 00:15:00,B_short,0.0009261875163650462,0.0009533625141830205,1.0844,1.0844,1.08247,1.08247,1.0,1.0
-8419,59784,59785,1.0893102974392765,1.0905307646784703,1.0905307646784703,1.0860077059645887,-10.275113686772423,0.0,-0.0011204036554715024,2023-01-23 07:30:00+00:00,2023-01-23 07:45:00+00:00,0 days 00:15:00,B_short,0.0010866627213410459,0.0011271076918289067,1.09029,1.09029,1.08639,1.08639,1.0,1.0
-8403,59787,59793,1.0902102150714768,1.091438159999585,1.091438159999585,1.0868055200012445,-10.318421230893989,0.0,-0.0011263377568222488,2023-01-23 08:15:00+00:00,2023-01-23 09:45:00+00:00,0 days 01:30:00,B_short,0.0012037386663070566,0.0010331175566028325,1.09029,1.09029,1.08639,1.08639,1.0,1.0
-8398,59797,59802,1.0895602745593322,1.0868318850916834,1.090616038302772,1.0868318850916834,22.913014749315142,0.0,0.00250411980994103,2023-01-23 10:45:00+00:00,2023-01-23 12:00:00+00:00,0 days 01:15:00,B_short,0.0009478998624026447,0.0009957362352080194,1.09029,1.09029,1.08639,1.08639,1.0,0.0
-8435,59885,59909,1.0874804649204692,1.0845365765169397,1.08858114116102,1.0845365765169397,24.831698683771744,0.0,0.0027070724472690877,2023-01-24 08:45:00+00:00,2023-01-24 14:45:00+00:00,0 days 06:00:00,B_short,0.0009589890062173298,0.001336065096245239,1.08828,1.08828,1.08674,1.08674,1.0,0.0
-8444,59977,59981,1.0892902992696722,1.0871657826599823,1.090131405780006,1.0871657826599823,17.93941825222177,0.0,0.0019503676945570314,2023-01-25 07:45:00+00:00,2023-01-25 08:45:00+00:00,0 days 01:00:00,B_short,0.0008585516760051691,0.0009990853218446304,1.09028,1.09028,1.08807,1.08807,1.0,1.0
8470,59984,59986,1.088239586330606,1.0871785981360367,1.0871785981360367,1.0910642055918898,-8.986570008002357,0.0,-0.0009749582793131539,2023-01-25 09:30:00+00:00,2023-01-25 10:00:00+00:00,0 days 00:30:00,B_long,0.000985881615434869,0.0010227288578155175,1.09028,1.09028,1.08807,1.08807,1.0,1.0
8460,60267,60274,1.088459606464957,1.0910294537516132,1.087443515416129,1.0910294537516132,21.74090804511156,0.0,0.0023609946307538987,2023-01-30 08:15:00+00:00,2023-01-30 10:00:00+00:00,0 days 01:45:00,B_long,0.0009262866393548996,0.0009542514736251984,1.08792,1.08792,1.0861,1.0861,1.0,1.0
8517,60378,60381,1.0836991708308163,1.0826596771750583,1.0826596771750583,1.0863009684748248,-8.85336746609141,0.0,-0.0009592086842339365,2023-01-31 12:00:00+00:00,2023-01-31 12:45:00+00:00,0 days 00:45:00,B_long,0.0008556131149494561,0.0008172805966056076,1.08599,1.08599,1.08328,1.08328,0.0,0.0
-8483,60457,60457,1.086850522577929,1.0875373251626015,1.0875373251626015,1.0851080245121953,-5.826146325776508,0.0,-0.0006319200022495419,2023-02-01 07:45:00+00:00,2023-02-01 07:45:00+00:00,0 days 00:00:00,B_short,0.0007530151409214074,0.0007530151409214074,1.08748,1.08748,1.0852,1.0852,1.0,1.0
-8474,60459,60460,1.0873104804788314,1.088163946455465,1.088163946455465,1.0849881606336045,-7.232270685994109,0.0,-0.0007849330912894636,2023-02-01 08:15:00+00:00,2023-02-01 08:30:00+00:00,0 days 00:15:00,B_short,0.0008174202614031861,0.0008350975598827621,1.08748,1.08748,1.0852,1.0852,1.0,1.0
8363,60551,60551,1.1009807522925705,1.1002540575027102,1.1002540575027102,1.1027578274918697,-6.077348527601822,0.0,-0.0006600431373092741,2023-02-02 07:15:00+00:00,2023-02-02 07:15:00+00:00,0 days 00:00:00,B_long,0.0006878168309844909,0.0006878168309844909,1.10266,1.10266,1.1006,1.1006,1.0,1.0
8529,60747,60747,1.078848726959896,1.0780139738415058,1.0780139738415058,1.080958078475483,-7.11960934675103,0.0,-0.0007737443605672079,2023-02-06 08:15:00+00:00,2023-02-06 08:15:00+00:00,0 days 00:00:00,B_long,0.0008152226706951561,0.0008152226706951561,1.07987,1.07987,1.07813,1.07813,1.0,1.0
8521,60749,60750,1.0790487452638515,1.0780148070187308,1.0780148070187308,1.0817155789438078,-8.810187786674073,0.0,-0.0009581941961925855,2023-02-06 08:45:00+00:00,2023-02-06 09:00:00+00:00,0 days 00:15:00,B_long,0.0009485005837665777,0.0010247005059310296,1.07987,1.07987,1.07813,1.07813,1.0,1.0
-8557,60954,60954,1.073381755349331,1.0742775919958278,1.0742775919958278,1.0710872240125164,-7.6656741840734535,0.0,-0.0008345927644404227,2023-02-08 12:00:00+00:00,2023-02-08 12:00:00+00:00,0 days 00:00:00,B_short,0.0008765797297175181,0.0008765797297175181,1.07349,1.07349,1.0723,1.0723,0.0,0.0
-8550,61031,61034,1.0733617571797265,1.0741075464445293,1.0741075464445293,1.0715173606664123,-6.376498214064307,0.0,-0.0006948163187427969,2023-02-09 07:15:00+00:00,2023-02-09 08:00:00+00:00,0 days 00:45:00,B_short,0.0006892069185919876,0.0008089444741175072,1.0738,1.0738,1.07093,1.07093,1.0,1.0
-8541,61132,61137,1.0737017260630022,1.0710774772993006,1.0746941742335665,1.0710774772993006,22.413708690775344,0.0,0.0024441133882908694,2023-02-10 08:30:00+00:00,2023-02-10 09:45:00+00:00,0 days 01:15:00,B_short,0.0009516176690908774,0.001294513776737124,1.07395,1.07395,1.07171,1.07171,1.0,1.0
-8612,61228,61229,1.0674622971464134,1.0682411467852881,1.0682411467852881,1.0655165596441358,-6.707453089989405,0.0,-0.0007296273048300606,2023-02-13 08:30:00+00:00,2023-02-13 08:45:00+00:00,0 days 00:15:00,B_short,0.0006636605472497406,0.0006911724742830988,1.06787,1.06787,1.06553,1.06553,1.0,1.0
-8607,61230,61230,1.0673123108743798,1.068111172474283,1.068111172474283,1.0653464825771508,-6.875801790367512,0.0,-0.0007484797015493427,2023-02-13 09:00:00+00:00,2023-02-13 09:00:00+00:00,0 days 00:00:00,B_short,0.0007923494777120124,0.0007923494777120124,1.06787,1.06787,1.06553,1.06553,1.0,1.0
-8601,61232,61236,1.0671723236871486,1.0681327028806837,1.0681327028806837,1.064761891357949,-8.260221443595292,0.0,-0.0008999288795430438,2023-02-13 09:30:00+00:00,2023-02-13 10:30:00+00:00,0 days 01:00:00,B_short,0.0008383424965925886,0.0008265039021270137,1.06787,1.06787,1.06553,1.06553,1.0,1.0
-8591,61240,61243,1.0674822953160177,1.0683221449105107,1.0683221449105107,1.065393565268468,-7.215147866289483,0.0,-0.0007867573993294297,2023-02-13 11:30:00+00:00,2023-02-13 12:15:00+00:00,0 days 00:45:00,B_short,0.0007105255891091444,0.0007861880649697396,1.06787,1.06787,1.06553,1.06553,1.0,0.0
8551,61417,61417,1.0718780890670472,1.0710352189455647,1.0710352189455647,1.0738543431633054,-7.207382408796265,0.0,-0.0007863488675433628,2023-02-15 07:45:00+00:00,2023-02-15 07:45:00+00:00,0 days 00:00:00,B_long,0.000754810247177182,0.000754810247177182,1.07443,1.07443,1.07135,1.07135,1.0,1.0
8545,61419,61419,1.0717380762542783,1.0708304977857799,1.0708304977857799,1.0741085066426603,-7.7552580133190565,0.0,-0.0008468286128924252,2023-02-15 08:15:00+00:00,2023-02-15 08:15:00+00:00,0 days 00:00:00,B_long,0.0008595685856575186,0.0008595685856575186,1.07443,1.07443,1.07135,1.07135,1.0,1.0
-8544,61517,61536,1.0707619951311478,1.0685778641778825,1.0716340452740392,1.0685778641778825,18.661214864698778,0.0,0.002039791254449419,2023-02-16 08:45:00+00:00,2023-02-16 13:30:00+00:00,0 days 04:45:00,B_short,0.0007968392375006441,0.0011565430476767578,1.07147,1.07147,1.06843,1.06843,1.0,0.0
-8578,61709,61709,1.0687221818314938,1.0694568926209962,1.0694568926209962,1.0669493221370112,-6.302349152351413,0.0,-0.0006874665857905526,2023-02-20 08:45:00+00:00,2023-02-20 08:45:00+00:00,0 days 00:00:00,B_short,0.0006699736048634896,0.0006699736048634896,1.06931,1.06931,1.06728,1.06728,1.0,1.0
-8573,61712,61781,1.0686521882378783,1.066576326143708,1.0694745579520974,1.066576326143708,17.796365733322173,0.0,0.001942504883270968,2023-02-20 09:30:00+00:00,2023-02-21 02:45:00+00:00,0 days 17:15:00,B_short,0.0007159502251510966,0.0005064200228484356,1.06931,1.06849,1.06728,1.0662,1.0,0.0
8607,61801,61803,1.066617607673018,1.0680630689171826,1.0659789770276058,1.0680630689171826,12.441084928524356,0.0,0.001355182245039055,2023-02-21 07:45:00+00:00,2023-02-21 08:15:00+00:00,0 days 00:30:00,B_long,0.0005368865760749592,0.0007174836949185209,1.06849,1.06849,1.0662,1.0662,1.0,1.0
8617,61807,61807,1.0667876232313802,1.0658098839473376,1.0658098839473376,1.0694103481579875,-8.425179410595565,0.0,-0.0009165266476198752,2023-02-21 09:15:00+00:00,2023-02-21 09:15:00+00:00,0 days 00:00:00,B_long,0.001118767245640818,0.001118767245640818,1.06849,1.06849,1.0662,1.0662,1.0,1.0
8610,61809,61811,1.0667876232313802,1.0654937350537779,1.0654937350537779,1.070278794838666,-11.140377209156169,0.0,-0.0012128826295182416,2023-02-21 09:45:00+00:00,2023-02-21 10:15:00+00:00,0 days 00:30:00,B_long,0.0012274296200590834,0.0012010471368443533,1.06849,1.06849,1.0662,1.0662,1.0,1.0
8659,62093,62093,1.0594269496458184,1.0587105855182732,1.0587105855182732,1.0611882434451807,-6.202996980413593,0.0,-0.0006761807671445963,2023-02-24 08:45:00+00:00,2023-02-24 08:45:00+00:00,0 days 00:00:00,B_long,0.0006394925508299555,0.0006394925508299555,1.06141,1.06141,1.05932,1.05932,1.0,1.0
8653,62100,62101,1.0594969560522027,1.0587062246391414,1.0587062246391414,1.0615213260825755,-6.842198917219397,0.0,-0.0007463272155190381,2023-02-24 10:30:00+00:00,2023-02-24 10:45:00+00:00,0 days 00:15:00,B_long,0.0006699386460774135,0.000684613493267092,1.06141,1.06141,1.05932,1.05932,1.0,1.0
8687,62183,62196,1.0545165002837111,1.056212209201183,1.053822596932939,1.056212209201183,14.730623366077863,0.0,0.0016080439869983199,2023-02-27 07:15:00+00:00,2023-02-27 10:30:00+00:00,0 days 03:15:00,B_long,0.0006244159914529574,0.0007211747957075183,1.05598,1.05598,1.05386,1.05386,1.0,1.0
-8647,62289,62289,1.0609028975161532,1.0618978881996244,1.0618978881996244,1.0582663354011272,-8.603684439975444,0.0,-0.0009378715863634923,2023-02-28 09:45:00+00:00,2023-02-28 09:45:00+00:00,0 days 00:00:00,B_short,0.0009975031063409775,0.0009975031063409775,1.06148,1.06148,1.05818,1.05818,1.0,1.0
-8635,62295,62305,1.061342857247451,1.062329806671095,1.062329806671095,1.058770579986715,-8.522308273164704,0.0,-0.0009299063134069474,2023-02-28 11:15:00+00:00,2023-02-28 13:45:00+00:00,0 days 02:30:00,B_short,0.0008191657816155616,0.0008723409601383124,1.06148,1.06148,1.05818,1.05818,1.0,0.0
8608,62478,62479,1.063917360569619,1.0631262218174058,1.0631262218174058,1.0659413345477828,-6.810122379051748,0.0,-0.0007436092139615491,2023-03-02 09:00:00+00:00,2023-03-02 09:15:00+00:00,0 days 00:15:00,B_long,0.0006966077582482403,0.0008103933904818003,1.06726,1.06726,1.06371,1.06371,1.0,1.0
-8625,62570,62570,1.0608828993465487,1.0615286773119363,1.0615286773119363,1.0592939680641908,-5.569834951468677,0.0,-0.0006087174803037776,2023-03-03 08:00:00+00:00,2023-03-03 08:00:00+00:00,0 days 00:00:00,B_short,0.0006175203370114633,0.0006175203370114633,1.06148,1.06148,1.05966,1.05966,1.0,1.0
-8616,62575,62580,1.0612728636538356,1.0621231150290447,1.0621231150290447,1.059150654912866,-7.325765848801693,0.0,-0.0008011618918453145,2023-03-03 09:15:00+00:00,2023-03-03 10:30:00+00:00,0 days 01:15:00,B_short,0.0007400330251720311,0.0008259360684974002,1.06148,1.06148,1.05966,1.05966,1.0,1.0
-8612,62583,62591,1.0609928892793734,1.0618888142025602,1.0618888142025602,1.0586535573923195,-7.715705438484697,0.0,-0.000844421232450765,2023-03-03 11:15:00+00:00,2023-03-03 13:15:00+00:00,0 days 02:00:00,B_short,0.0007809723088855777,0.0007608183480042955,1.06148,1.06148,1.05966,1.05966,1.0,0.0
-8575,62666,62667,1.064702549740999,1.0654040214784584,1.0654040214784584,1.0630679355646253,-6.015120148714187,0.0,-0.0006588429206166868,2023-03-06 08:00:00+00:00,2023-03-06 08:15:00+00:00,0 days 00:15:00,B_short,0.0005781519479972143,0.0006130650215975794,1.06498,1.06498,1.0624,1.0624,1.0,1.0
-8568,62668,62673,1.0648725341826368,1.0631108049352072,1.0655630650215977,1.0631108049352072,15.094496191977477,0.0,0.001654403875466559,2023-03-06 08:30:00+00:00,2023-03-06 09:45:00+00:00,0 days 01:15:00,B_short,0.0006939896853845687,0.000737612684451684,1.06498,1.06498,1.0624,1.0624,1.0,1.0
8555,62759,62762,1.0684477751542107,1.0678598042389094,1.0678598042389094,1.069900587283272,-5.0300911804033355,0.0,-0.0005503038416796446,2023-03-07 07:15:00+00:00,2023-03-07 08:00:00+00:00,0 days 00:45:00,B_long,0.0005688363262786108,0.0007173550840989818,1.06931,1.06931,1.06763,1.06763,1.0,1.0
-8658,62955,62956,1.0549634411436313,1.0555407612326957,1.0555407612326957,1.053577716301913,-4.998437331119703,0.0,-0.0005472417967760101,2023-03-09 08:15:00+00:00,2023-03-09 08:30:00+00:00,0 days 00:15:00,B_short,0.0005013264016696364,0.000635816214780368,1.05553,1.05553,1.05378,1.05378,1.0,1.0
-8649,62959,62959,1.055443397214138,1.0561771686235462,1.0561771686235462,1.0535884941293618,-6.3463889199717265,0.0,-0.0006952257329431166,2023-03-09 09:15:00+00:00,2023-03-09 09:15:00+00:00,0 days 00:00:00,B_short,0.0007115461404066394,0.0007115461404066394,1.05553,1.05553,1.05378,1.05378,1.0,1.0
8555,63166,63171,1.0664975966906447,1.0707701817368256,1.064929939421058,1.0707701817368256,36.55196507007749,0.0,0.004006183473304281,2023-03-13 12:00:00+00:00,2023-03-13 13:15:00+00:00,0 days 01:15:00,B_long,0.0015293858350829337,0.001736571252497699,1.07369,1.07369,1.06637,1.06637,0.0,0.0
8561,63247,63248,1.0699179096882836,1.068851842903982,1.068851842903982,1.0727644712880544,-9.126597740406476,0.0,-0.0009964005412455013,2023-03-14 08:15:00+00:00,2023-03-14 08:30:00+00:00,0 days 00:15:00,B_long,0.0009637361498824062,0.0010445713298980947,1.07241,1.07241,1.06968,1.06968,1.0,1.0
8547,63250,63250,1.07069798107371,1.0694633715140884,1.0694633715140884,1.074049885457735,-10.552207906086025,0.0,-0.0011530885286470394,2023-03-14 09:00:00+00:00,2023-03-14 09:00:00+00:00,0 days 00:00:00,B_long,0.001199078021123481,0.001199078021123481,1.07241,1.07241,1.06968,1.06968,1.0,1.0
8542,63252,63264,1.0700879252466458,1.073553602854921,1.0687887990483596,1.073553602854921,29.603818129887777,0.0,0.003238684902903133,2023-03-14 09:30:00+00:00,2023-03-14 12:30:00+00:00,0 days 03:00:00,B_long,0.0011697074914216647,0.0015699081435392582,1.07241,1.07241,1.06968,1.06968,1.0,0.0
-8640,63442,63456,1.0611228773818022,1.0577151533693663,1.0623882822102113,1.0577151533693663,29.44273546744654,0.0,0.0032114320453104916,2023-03-16 09:00:00+00:00,2023-03-16 12:30:00+00:00,0 days 03:30:00,B_short,0.0011538445821830249,0.0015179891210296028,1.06154,1.06154,1.05729,1.05729,1.0,0.0
-8642,63540,63548,1.06430258634891,1.0615409950785781,1.065353001640474,1.0615409950785781,23.86567175820759,0.0,0.002594742609623335,2023-03-17 09:30:00+00:00,2023-03-17 11:30:00+00:00,0 days 02:00:00,B_short,0.000956601421744079,0.0010693220660124385,1.06506,1.06506,1.06116,1.06116,1.0,1.0
8645,63628,63629,1.0668276268921713,1.0656087882448366,1.0656087882448366,1.0701336352654902,-10.536860106207879,0.0,-0.0011424888300701763,2023-03-20 07:30:00+00:00,2023-03-20 07:45:00+00:00,0 days 00:15:00,B_long,0.0011297168544748817,0.0011030879405449104,1.06898,1.06898,1.06646,1.06646,1.0,1.0
8630,63638,63648,1.0675276909560156,1.0716829517888347,1.066012349403722,1.0716829517888347,35.85990098722823,0.0,0.003892415033372787,2023-03-20 10:00:00+00:00,2023-03-20 12:30:00+00:00,0 days 02:30:00,B_long,0.0014126305167744893,0.0010687377580976653,1.06898,1.06898,1.06646,1.06646,1.0,0.0
8633,63723,63726,1.0712280295791918,1.0725540674914662,1.0706553108361778,1.0725540674914662,11.44768529666463,0.0,0.0012378670793324886,2023-03-21 07:15:00+00:00,2023-03-21 08:00:00+00:00,0 days 00:45:00,B_long,0.0005287306086458722,0.0007369425621318422,1.0726,1.0726,1.07096,1.07096,1.0,1.0
8600,63822,63824,1.076678528361979,1.0781900803988456,1.0760299732003848,1.0781900803988456,12.99934751705174,0.0,0.00140390283362124,2023-03-22 08:00:00+00:00,2023-03-22 08:30:00+00:00,0 days 00:30:00,B_long,0.0006573565596664565,0.0007488589270383425,1.07767,1.07767,1.07652,1.07652,1.0,1.0
-8500,63917,63926,1.0906301766331703,1.0876786360365465,1.0917604546544846,1.0876786360365465,25.088095071302607,0.0,0.0027062707963347865,2023-03-23 07:45:00+00:00,2023-03-23 10:00:00+00:00,0 days 02:15:00,B_short,0.0010110607005532448,0.0010982221664228176,1.09113,1.09113,1.08684,1.08684,1.0,1.0
8637,64111,64132,1.0764385063972324,1.079469040390294,1.0753236532032353,1.079469040390294,26.17472209807334,0.0,0.0028153340623280343,2023-03-27 08:15:00+00:00,2023-03-27 13:30:00+00:00,0 days 05:15:00,B_long,0.0011368338905294285,0.001030305385503458,1.07775,1.07775,1.07575,1.07575,1.0,0.0
-8616,64208,64215,1.0818209829224095,1.082688266874112,1.082688266874112,1.0795351993776643,-7.472518527869141,0.0,-0.0008016889720143805,2023-03-28 08:30:00+00:00,2023-03-28 10:15:00+00:00,0 days 01:45:00,B_short,0.000781831290896923,0.0008447900529191187,1.08194,1.08194,1.08033,1.08033,1.0,1.0
8599,64300,64308,1.0833891424596855,1.0853378887410752,1.0825807037529749,1.0853378887410752,16.757269273669472,0.0,0.0017987500566649661,2023-03-29 07:30:00+00:00,2023-03-29 09:30:00+00:00,0 days 02:00:00,B_long,0.0007120567474216687,0.0008112315435962996,1.08494,1.08494,1.08316,1.08316,1.0,1.0
-8555,64684,64684,1.0905801812091593,1.0915473917405594,1.0915473917405594,1.088157824778322,-8.274486096127267,0.0,-0.0008868770477084009,2023-04-04 07:30:00+00:00,2023-04-04 07:30:00+00:00,0 days 00:00:00,B_short,0.0009277395084846957,0.0009277395084846957,1.09097,1.09097,1.08828,1.08828,1.0,1.0
-8547,64699,64710,1.0907301674811927,1.0917899495304093,1.0917899495304093,1.0879101514087717,-9.057957174654621,0.0,-0.0009716262379209084,2023-04-04 11:15:00+00:00,2023-04-04 14:00:00+00:00,0 days 02:45:00,B_short,0.0009472895930213827,0.0013335797716977735,1.09097,1.09097,1.08828,1.08828,1.0,0.0
8497,64779,64781,1.096210315743232,1.0954790293483645,1.0954790293483645,1.098122911954906,-6.213740497188418,0.0,-0.0006671040988804888,2023-04-05 07:15:00+00:00,2023-04-05 07:45:00+00:00,0 days 00:30:00,B_long,0.0006555078980840561,0.0007653370434498024,1.09695,1.09695,1.09512,1.09512,1.0,1.0
8494,64787,64787,1.0959302901176944,1.0949900405769566,1.0949900405769566,1.0983498782691306,-7.986479599026805,0.0,-0.0008579464854802099,2023-04-05 09:15:00+00:00,2023-04-05 09:15:00+00:00,0 days 00:00:00,B_long,0.0009199648333042859,0.0009199648333042859,1.09695,1.09695,1.09512,1.09512,1.0,1.0
8492,64790,64792,1.095290231545037,1.0943515819696514,1.0943515819696514,1.0977452540910455,-7.971012194174397,0.0,-0.0008569870782664246,2023-04-05 10:00:00+00:00,2023-04-05 10:30:00+00:00,0 days 00:30:00,B_long,0.000820628959635396,0.0007613613074594736,1.09695,1.09695,1.09512,1.09512,1.0,1.0
-8522,64879,64890,1.0902102150714768,1.091012144241923,1.091012144241923,1.088243567274231,-6.834040390542446,0.0,-0.000735572974239318,2023-04-06 08:15:00+00:00,2023-04-06 11:00:00+00:00,0 days 02:45:00,B_short,0.0007371916763332355,0.0007561996751979668,1.09043,1.09043,1.08845,1.08845,1.0,1.0
8507,64981,64982,1.0915898929218604,1.0912067276806847,1.0912067276806847,1.0923398169579461,-3.2595867066812856,0.0,-0.00035101574653650935,2023-04-07 09:45:00+00:00,2023-04-07 10:00:00+00:00,0 days 00:15:00,B_long,0.00026816934340661045,0.00028574676428572317,1.0924,1.0924,1.09141,1.09141,1.0,1.0
8504,64984,64991,1.091659899328245,1.0912650194709523,1.0912650194709523,1.092404941587143,-3.358058306416142,0.0,-0.0003617242490409067,2023-04-07 10:30:00+00:00,2023-04-07 12:15:00+00:00,0 days 01:45:00,B_long,0.000300316458507944,0.0003731504926906464,1.0924,1.0924,1.09141,1.09141,1.0,0.0
-8501,65071,65083,1.091330112569326,1.0898824467292523,1.0919591844235825,1.0898824467292523,12.306607306466692,0.0,0.0013265150694554695,2023-04-10 08:15:00+00:00,2023-04-10 11:15:00+00:00,0 days 03:00:00,B_short,0.0005046265004382721,0.0005594043054089681,1.09145,1.09145,1.08908,1.08908,1.0,1.0
8448,65355,65358,1.0998306470448265,1.101783695446928,1.0990454348510241,1.101783695446928,16.49935290095374,0.0,0.0017757719402975436,2023-04-13 07:15:00+00:00,2023-04-13 08:00:00+00:00,0 days 00:45:00,B_long,0.0006759564624458467,0.0008790329919981037,1.10049,1.10049,1.0983,1.0983,1.0,1.0
-8466,65548,65552,1.0992793849870957,1.097515069124653,1.1000283102917823,1.097515069124653,14.936698091440276,0.0,0.001604974937707393,2023-04-17 07:30:00+00:00,2023-04-17 08:30:00+00:00,0 days 01:00:00,B_short,0.0006712022528780139,0.0007719622231002044,1.09945,1.09945,1.09615,1.09615,1.0,1.0
8501,65739,65740,1.0966703578423298,1.095816765412029,1.095816765412029,1.0988297037639132,-7.256389249987178,0.0,-0.0007783491403745568,2023-04-19 07:15:00+00:00,2023-04-19 07:30:00+00:00,0 days 00:15:00,B_long,0.0007381366429083046,0.000835718423853875,1.0984,1.0984,1.096,1.096,1.0,1.0
8497,65742,65742,1.0963603294711988,1.0954163773659933,1.0954163773659933,1.09875086790202,-8.020761037930972,0.0,-0.0008609871041765915,2023-04-19 08:00:00+00:00,2023-04-19 08:00:00+00:00,0 days 00:00:00,B_long,0.0009144729494724559,0.0009144729494724559,1.0984,1.0984,1.096,1.096,1.0,1.0
8491,65747,65747,1.0961403093368476,1.0950980473696814,1.0950980473696814,1.098825857890956,-8.849846363207943,0.0,-0.0009508472211889885,2023-04-19 09:15:00+00:00,2023-04-19 09:15:00+00:00,0 days 00:00:00,B_long,0.001053025612942837,0.001053025612942837,1.0984,1.0984,1.096,1.096,1.0,1.0
-8487,65835,65838,1.0954797327622499,1.0962146522735552,1.0962146522735552,1.0937160431793347,-6.237261892448352,0.0,-0.0006708654567733063,2023-04-20 07:15:00+00:00,2023-04-20 08:00:00+00:00,0 days 00:45:00,B_short,0.0006560319704143358,0.0007892925152593122,1.0964,1.0964,1.09494,1.09494,1.0,1.0
-8479,65843,65848,1.0957597071367122,1.096790880267226,1.096790880267226,1.0931073591983218,-8.743316973625724,0.0,-0.0009410577189483682,2023-04-20 09:15:00+00:00,2023-04-20 10:30:00+00:00,0 days 01:15:00,B_short,0.0008580962315959488,0.0007973769799083825,1.0964,1.0964,1.09494,1.09494,1.0,1.0
-8474,65854,65856,1.0953597437446232,1.0962817007947339,1.0962817007947339,1.0930348976157982,-7.812664042637789,0.0,-0.0008416933846397967,2023-04-20 12:00:00+00:00,2023-04-20 12:30:00+00:00,0 days 00:30:00,B_short,0.0009234740221028023,0.0011914982654905384,1.0964,1.0964,1.09494,1.09494,0.0,0.0
8466,65934,65947,1.0957102699833432,1.0980892221870788,1.094783592604307,1.0980892221870788,20.140209356825835,0.0,0.0021711507767210314,2023-04-21 08:00:00+00:00,2023-04-21 11:15:00+00:00,0 days 03:15:00,B_long,0.0009335530762672815,0.0008758565419084181,1.09731,1.09731,1.09555,1.09555,1.0,1.0
8419,66329,66333,1.104181045155858,1.103337565760405,1.103337565760405,1.1063473027187851,-7.10125303031914,0.0,-0.0007638959201060613,2023-04-27 10:45:00+00:00,2023-04-27 11:45:00+00:00,0 days 01:00:00,B_long,0.0007534430076490416,0.0007477425331647063,1.10634,1.10634,1.10389,1.10389,1.0,1.0
8440,66412,66414,1.1006907257518348,1.099366511400727,1.099366511400727,1.1041804657978194,-11.176369123350298,0.0,-0.0012030757778969114,2023-04-28 07:30:00+00:00,2023-04-28 08:00:00+00:00,0 days 00:30:00,B_long,0.0012110234527034577,0.001423746504475033,1.10394,1.10394,1.10056,1.10056,1.0,1.0
8432,66508,66511,1.1003206918895172,1.0995913612696526,1.0995913612696526,1.1020659161910418,-6.14971578669811,0.0,-0.0006628345947145009,2023-05-01 07:30:00+00:00,2023-05-01 08:15:00+00:00,0 days 00:45:00,B_long,0.0006468202329676414,0.0006466560153570296,1.10143,1.10143,1.10007,1.10007,1.0,1.0
8427,66517,66528,1.1003206918895172,1.1020260566989035,1.099604647767032,1.1020260566989035,14.371109248698541,0.0,0.0015498797959145882,2023-05-01 09:45:00+00:00,2023-05-01 12:30:00+00:00,0 days 02:45:00,B_long,0.0005619719352388029,0.0007161362154651974,1.10143,1.10143,1.10007,1.10007,1.0,0.0
-8453,66606,66611,1.098449460948511,1.09576781012131,1.09947739662623,1.09576781012131,22.667994442329665,0.0,0.0024413056062546623,2023-05-02 08:00:00+00:00,2023-05-02 09:15:00+00:00,0 days 01:15:00,B_short,0.0011597437427327208,0.0012478533181504224,1.09943,1.09943,1.09685,1.09685,1.0,1.0
8483,66619,66622,1.0974204264821628,1.0962093362037788,1.0962093362037788,1.1006119913886636,-10.273678831531072,0.0,-0.0011035791289817354,2023-05-02 11:15:00+00:00,2023-05-02 12:00:00+00:00,0 days 00:45:00,B_long,0.0010379086233916722,0.0008698978505456517,1.09943,1.09943,1.09685,1.09685,1.0,0.0
8396,66814,66815,1.1075313517471124,1.1065791746414653,1.1065791746414653,1.1099824760756039,-7.994478979013057,0.0,-0.0008597292565534209,2023-05-04 12:00:00+00:00,2023-05-04 12:15:00+00:00,0 days 00:15:00,B_long,0.0009080486440633825,0.0014589754915215894,1.10878,1.10878,1.10686,1.10686,0.0,0.0
-8411,66988,66989,1.1043589200666264,1.1049041303191092,1.1049041303191092,1.1030076090426726,-4.585763433632621,0.0,-0.0004936893636444672,2023-05-08 07:30:00+00:00,2023-05-08 07:45:00+00:00,0 days 00:15:00,B_short,0.000521579609894634,0.0005520356619086867,1.10444,1.10444,1.10167,1.10167,1.0,1.0
-8414,66994,66998,1.1034889996888329,1.1043685724551067,1.1043685724551067,1.1012542826346803,-7.400725255427899,0.0,-0.000797083402301002,2023-05-08 09:00:00+00:00,2023-05-08 10:00:00+00:00,0 days 01:00:00,B_short,0.0008014294610924162,0.0007482893202619245,1.10444,1.10444,1.10167,1.10167,1.0,1.0
-8401,67005,67015,1.1042689283034064,1.1024774421871555,1.1050008526042816,1.1024774421871555,15.050274862623866,0.0,0.001622327741307883,2023-05-08 11:45:00+00:00,2023-05-08 14:15:00+00:00,0 days 02:30:00,B_short,0.0007374055903772999,0.0008080766508778404,1.10444,1.10444,1.10167,1.10167,1.0,0.0
-8467,67181,67182,1.0974295542986838,1.0956683769336184,1.0981638743554605,1.0956683769336184,14.911888750008954,0.0,0.0016048204262103516,2023-05-10 07:45:00+00:00,2023-05-10 08:00:00+00:00,0 days 00:15:00,B_short,0.0007086911080658182,0.000807532293657036,1.09772,1.09772,1.09623,1.09623,1.0,1.0
-8517,67372,67373,1.092779979865649,1.0912753385784368,1.0934148871405212,1.0912753385784368,12.815029843186066,0.0,0.0013768931669091433,2023-05-12 07:30:00+00:00,2023-05-12 07:45:00+00:00,0 days 00:15:00,B_short,0.00056490218845168,0.0008309152299914421,1.09304,1.09304,1.09122,1.09122,1.0,1.0
-8545,67374,67378,1.090660173887577,1.0915909152299914,1.0915909152299914,1.0882672543100256,-7.953184770931414,0.0,-0.0008533742816489998,2023-05-12 08:00:00+00:00,2023-05-12 09:00:00+00:00,0 days 01:00:00,B_short,0.0008094598659925764,0.0007483117675578308,1.09304,1.09304,1.09122,1.09122,1.0,1.0
-8569,67467,67468,1.0867105353906978,1.087344978867175,1.087344978867175,1.0852450633984747,-5.4365461499324415,0.0,-0.0005838201211962879,2023-05-15 07:15:00+00:00,2023-05-15 07:30:00+00:00,0 days 00:15:00,B_short,0.0005536483515517187,0.0005651619046781528,1.08692,1.08692,1.0848,1.0848,1.0,1.0
-8563,67474,67480,1.0867305335603024,1.0874647776909612,1.0874647776909612,1.0849656669271166,-6.2873324908314085,0.0,-0.0006756450729816788,2023-05-15 09:00:00+00:00,2023-05-15 10:30:00+00:00,0 days 01:30:00,B_short,0.0007161406654997112,0.0006085072776515984,1.08692,1.08692,1.0848,1.0848,1.0,1.0
8590,67755,67755,1.0828990976149946,1.0822441552921147,1.0822441552921147,1.0844675341236558,-5.625954553538179,0.0,-0.0006048045698092697,2023-05-18 07:15:00+00:00,2023-05-18 07:15:00+00:00,0 days 00:00:00,B_long,0.0006137320801673138,0.0006137320801673138,1.08479,1.08479,1.08269,1.08269,1.0,1.0
-8624,67852,67856,1.0777413563231013,1.078524220315365,1.078524220315365,1.0757873390539043,-6.7514190692829565,0.0,-0.0007263931996954742,2023-05-19 07:30:00+00:00,2023-05-19 08:30:00+00:00,0 days 01:00:00,B_short,0.0007103242733164628,0.0007927544013864455,1.078,1.078,1.076,1.076,1.0,1.0
8591,67953,67975,1.0813089520985484,1.0804075164349762,1.0804075164349762,1.083697450695071,-7.744233785748321,0.0,-0.0008336522710024052,2023-05-22 08:45:00+00:00,2023-05-22 14:15:00+00:00,0 days 05:30:00,B_long,0.0007901524230205558,0.0010056139171273207,1.08298,1.08298,1.08099,1.08099,1.0,0.0
8591,68046,68046,1.0804288715611443,1.0794579649196083,1.0794579649196083,1.0829861052411753,-8.341058957435644,0.0,-0.0008986307818052985,2023-05-23 08:00:00+00:00,2023-05-23 08:00:00+00:00,0 days 00:00:00,B_long,0.0009710970696728379,0.0009710970696728379,1.08204,1.08204,1.08002,1.08002,1.0,1.0
8585,68048,68051,1.0801988505115956,1.079172382539617,1.079172382539617,1.082922852381149,-8.812227539437098,0.0,-0.0009502583450191615,2023-05-23 08:30:00+00:00,2023-05-23 09:15:00+00:00,0 days 00:45:00,B_long,0.0009459351323320086,0.0008505539216988163,1.08204,1.08204,1.08002,1.08002,1.0,1.0
-8591,68144,68150,1.078211313308806,1.0757992006607753,1.0791602664464082,1.0757992006607753,20.722459759232276,0.0,0.002237142773644729,2023-05-24 08:30:00+00:00,2023-05-24 10:00:00+00:00,0 days 01:30:00,B_short,0.0008615642535538909,0.0008652036190404187,1.07861,1.07861,1.07676,1.07676,1.0,1.0
8622,68156,68159,1.0769685549027144,1.0795250991696765,1.0759716336101077,1.0795250991696765,22.042524669747817,0.0,0.0023738337162435563,2023-05-24 11:30:00+00:00,2023-05-24 12:15:00+00:00,0 days 00:45:00,B_long,0.0008952508712398786,0.0010762033078856499,1.07861,1.07861,1.07676,1.07676,1.0,0.0
8668,68241,68241,1.0736782538026466,1.0727809062598268,1.0727809062598268,1.0760172812205198,-7.77820850116187,0.0,-0.000835769505102335,2023-05-25 08:45:00+00:00,2023-05-25 08:45:00+00:00,0 days 00:00:00,B_long,0.0008852145748168369,0.0008852145748168369,1.07556,1.07556,1.07328,1.07328,1.0,1.0
8663,68245,68246,1.0734382318379,1.0725210618012229,1.0725210618012229,1.0757968145963313,-7.945444027734926,0.0,-0.0008544227413130878,2023-05-25 09:45:00+00:00,2023-05-25 10:00:00+00:00,0 days 00:15:00,B_long,0.0007750797722734955,0.0007690691359703787,1.07556,1.07556,1.07328,1.07328,1.0,1.0
8656,68254,68256,1.0733882272619113,1.072672319826216,1.072672319826216,1.075103040521352,-6.196894763378285,0.0,-0.0006669603946760638,2023-05-25 12:00:00+00:00,2023-05-25 12:30:00+00:00,0 days 00:30:00,B_long,0.0006613228172793995,0.000838326916089854,1.07556,1.07556,1.07328,1.07328,0.0,0.0
8662,68443,68445,1.0719280936430362,1.0713610996069214,1.0713610996069214,1.073236701179236,-4.911302340826577,0.0,-0.0005289478272632042,2023-05-29 11:15:00+00:00,2023-05-29 11:45:00+00:00,0 days 00:30:00,B_long,0.0004410470073348218,0.00046834197439816284,1.07384,1.07384,1.07172,1.07172,1.0,1.0
8687,68525,68531,1.0684077714934197,1.0708692388449366,1.0674302537183544,1.0708692388449366,21.382766882627017,0.0,0.002303865075856004,2023-05-30 07:45:00+00:00,2023-05-30 09:15:00+00:00,0 days 01:30:00,B_long,0.0008837801107593857,0.000977012217734704,1.07262,1.07262,1.06812,1.06812,1.0,1.0
-8671,68536,68536,1.0725118349715375,1.0735129729570514,1.0735129729570514,1.069901081128846,-8.680867472391318,0.0,-0.0009334516905732393,2023-05-30 10:30:00+00:00,2023-05-30 10:30:00+00:00,0 days 00:00:00,B_short,0.0009212432294444795,0.0009212432294444795,1.07262,1.07262,1.06812,1.06812,1.0,1.0
8700,68721,68725,1.068127745867882,1.070432019413297,1.0672426601955678,1.070432019413297,20.047179845111106,0.0,0.0021573014598013085,2023-06-01 08:45:00+00:00,2023-06-01 09:45:00+00:00,0 days 01:00:00,B_long,0.0007803611638412661,0.0008487663249475543,1.06951,1.06951,1.06759,1.06759,1.0,1.0
-8653,68813,68816,1.0761015064155364,1.0768301574163024,1.0768301574163024,1.0742695277510927,-6.3050171096283965,0.0,-0.0006771210675033945,2023-06-02 07:45:00+00:00,2023-06-02 08:30:00+00:00,0 days 00:45:00,B_short,0.0006321364274621633,0.0006574292536694388,1.07721,1.07721,1.07581,1.07581,1.0,1.0
-8641,68819,68819,1.07679144326689,1.0776199357505338,1.0776199357505338,1.0747401927483984,-7.159003551167084,0.0,-0.0007694084948617341,2023-06-02 09:15:00+00:00,2023-06-02 09:15:00+00:00,0 days 00:00:00,B_short,0.0007959443171294021,0.0007959443171294021,1.07721,1.07721,1.07581,1.07581,1.0,1.0
-8636,68826,68832,1.0766314579100542,1.0745837365666713,1.0774454211444429,1.0745837365666713,17.684121521455033,0.0,0.0019019705660077157,2023-06-02 11:00:00+00:00,2023-06-02 12:30:00+00:00,0 days 01:30:00,B_short,0.0006786983251838281,0.001012100790279912,1.07721,1.07721,1.07581,1.07581,1.0,0.0
8712,68909,68910,1.0695178730803727,1.0687297277923595,1.0687297277923595,1.0715308166229218,-6.866321749170883,0.0,-0.0007369164254761307,2023-06-05 07:45:00+00:00,2023-06-05 08:00:00+00:00,0 days 00:15:00,B_long,0.000669569246621776,0.0007376266804055634,1.07045,1.07045,1.06902,1.06902,1.0,1.0
8705,68911,68912,1.069537874910768,1.0687023733195944,1.0687023733195944,1.0716528800412166,-7.273041351166417,0.0,-0.0007811799944376085,2023-06-05 08:15:00+00:00,2023-06-05 08:30:00+00:00,0 days 00:15:00,B_long,0.0007379431230181796,0.000755550706615746,1.07045,1.07045,1.06902,1.06902,1.0,1.0
8700,68913,68924,1.0694078630131971,1.0685344492933844,1.0685344492933844,1.0715566521198472,-7.598699362370964,0.0,-0.0008167264801586249,2023-06-05 08:45:00+00:00,2023-06-05 11:30:00+00:00,0 days 02:45:00,B_long,0.0007414772790669852,0.0005323626318875535,1.07045,1.07045,1.06902,1.06902,1.0,1.0
8700,69101,69110,1.0684677769846063,1.070246803334251,1.067744398888583,1.070246803334251,15.477529241908572,0.0,0.0016650257386940925,2023-06-07 07:45:00+00:00,2023-06-07 10:00:00+00:00,0 days 02:15:00,B_long,0.0005955209632280457,0.0006116983606436033,1.07043,1.07043,1.06832,1.06832,1.0,1.0
8697,69197,69201,1.0706279746673255,1.0723466002105997,1.0699511332631333,1.0723466002105997,14.946886349855518,0.0,0.001605249987800983,2023-06-08 07:45:00+00:00,2023-06-08 08:45:00+00:00,0 days 01:00:00,B_long,0.0006243511719510536,0.0007002219026586653,1.07172,1.07172,1.07028,1.07028,1.0,1.0
8654,69294,69294,1.0776286153057677,1.0769386547329638,1.0769386547329638,1.079304035801109,-5.970918797044993,0.0,-0.0006402582141975532,2023-06-09 08:00:00+00:00,2023-06-09 08:00:00+00:00,0 days 00:00:00,B_long,0.0006924992314314965,0.0006924992314314965,1.0785,1.0785,1.07746,1.07746,1.0,1.0
8649,69309,69313,1.0775786107297787,1.0769281732018547,1.0769281732018547,1.0792554803944356,-5.6256341790140745,0.0,-0.0006036102809088284,2023-06-09 11:45:00+00:00,2023-06-09 12:45:00+00:00,0 days 01:00:00,B_long,0.0006269165583925166,0.000773525013812328,1.0785,1.0785,1.07746,1.07746,1.0,0.0
-8627,69499,69504,1.0795111943330953,1.080190300212447,1.080190300212447,1.0777890993626589,-5.85864642116821,0.0,-0.0006290864633149429,2023-06-13 11:15:00+00:00,2023-06-13 12:30:00+00:00,0 days 01:15:00,B_short,0.0005749268507873788,0.0009967643854609468,1.0796,1.0796,1.07591,1.07591,1.0,0.0
-8586,69687,69693,1.0839207907308768,1.0818444954856468,1.0847318348381176,1.0818444954856468,17.827070975544856,0.0,0.0019155414888111233,2023-06-15 10:15:00+00:00,2023-06-15 11:45:00+00:00,0 days 01:30:00,B_short,0.0007189235263686891,0.0007362377558200828,1.08444,1.08444,1.08056,1.08056,1.0,1.0
8530,69869,69869,1.0932900485054822,1.0926017894865983,1.0926017894865983,1.0949546315402057,-5.870849431079828,0.0,-0.0006295301231588057,2023-06-19 07:45:00+00:00,2023-06-19 07:45:00+00:00,0 days 00:00:00,B_long,0.0006004491116149103,0.0006004491116149103,1.09462,1.09462,1.09317,1.09317,1.0,1.0
8524,69871,69872,1.093420060403053,1.0927202774366003,1.0927202774366003,1.0951591676901988,-5.964950006043572,0.0,-0.0006399946295067016,2023-06-19 08:15:00+00:00,2023-06-19 08:30:00+00:00,0 days 00:15:00,B_long,0.000623092888279662,0.0006733471698423591,1.09462,1.09462,1.09317,1.09317,1.0,1.0
-8525,69974,69974,1.0924000146431643,1.0932438892552065,1.0932438892552065,1.0902683322343805,-7.194031067660372,0.0,-0.0007724959728401259,2023-06-20 10:00:00+00:00,2023-06-20 10:00:00+00:00,0 days 00:00:00,B_short,0.0007527040211789797,0.0007527040211789797,1.09262,1.09262,1.09106,1.09106,1.0,1.0
8528,70059,70063,1.0914298782786958,1.0928540839117713,1.0908219720294094,1.0928540839117713,12.145625638868275,0.0,0.0013048988866986022,2023-06-21 07:15:00+00:00,2023-06-21 08:15:00+00:00,0 days 01:00:00,B_long,0.0004989575745117227,0.0006588165389754068,1.0921,1.0921,1.09102,1.09102,1.0,1.0
-8535,70067,70067,1.0917400750462174,1.0925649570181124,1.0925649570181124,1.089625128945663,-7.040367630123897,0.0,-0.0007555662659539664,2023-06-21 09:15:00+00:00,2023-06-21 09:15:00+00:00,0 days 00:00:00,B_short,0.000763629415697328,0.000763629415697328,1.0921,1.0921,1.09102,1.09102,1.0,1.0
-8530,70070,70071,1.0915400933501729,1.092410326094457,1.092410326094457,1.0893690217166287,-7.423085308744364,0.0,-0.0007972522031813867,2023-06-21 10:00:00+00:00,2023-06-21 10:15:00+00:00,0 days 00:15:00,B_short,0.0007536159485294629,0.0007171338220588431,1.0921,1.0921,1.09102,1.09102,1.0,1.0
-8521,70073,70077,1.0918100686398329,1.092638849312451,1.092638849312451,1.089763452062647,-7.062040111379314,0.0,-0.0007590886880632919,2023-06-21 10:45:00+00:00,2023-06-21 11:45:00+00:00,0 days 01:00:00,B_short,0.0006843360707908951,0.0006350929880070803,1.0921,1.0921,1.09102,1.09102,1.0,1.0
8462,70155,70159,1.0988305555250488,1.1002437598655934,1.098212080044802,1.1002437598655934,11.958535129688352,0.0,0.0012860985103106959,2023-06-22 07:15:00+00:00,2023-06-22 08:15:00+00:00,0 days 01:00:00,B_long,0.0005535306278381646,0.0007285789286258903,1.09949,1.09949,1.09848,1.09848,1.0,1.0
-8468,70160,70162,1.0992193904782823,1.100048578928626,1.100048578928626,1.097134263214122,-7.021567797510816,0.0,-0.0007543429978822402,2023-06-22 08:30:00+00:00,2023-06-22 09:00:00+00:00,0 days 00:30:00,B_short,0.0007207684048091276,0.0007295549351677557,1.09949,1.09949,1.09848,1.09848,1.0,1.0
-8462,70173,70176,1.0991493968846668,1.1000888737508383,1.1000888737508383,1.096813378747485,-7.949853241542916,0.0,-0.0008547308207913495,2023-06-22 11:45:00+00:00,2023-06-22 12:30:00+00:00,0 days 00:45:00,B_short,0.0007910239173931881,0.0009479169026704547,1.09949,1.09949,1.09848,1.09848,1.0,0.0
8525,70350,70350,1.0903097757765452,1.089579769035283,1.089579769035283,1.0921006928941503,-6.22330746925951,0.0,-0.0006695406731928033,2023-06-26 08:00:00+00:00,2023-06-26 08:00:00+00:00,0 days 00:00:00,B_long,0.0007608668360878767,0.0007608668360878767,1.09098,1.09098,1.08988,1.08988,1.0,1.0
8517,70360,70421,1.0906498068932695,1.092537535229041,1.089914154923653,1.092537535229041,16.077782235765387,0.0,0.001730829019397806,2023-06-26 10:30:00+00:00,2023-06-27 01:45:00+00:00,0 days 15:15:00,B_long,0.000619065732834016,0.0006317125323323095,1.09098,1.0935,1.08988,1.09021,1.0,0.0
-8512,70451,70452,1.0929099679680778,1.093642776007475,1.093642776007475,1.091071671977575,-6.237662031348336,0.0,-0.000670510893737708,2023-06-27 09:15:00+00:00,2023-06-27 09:30:00+00:00,0 days 00:15:00,B_short,0.0006450725398115799,0.0006750628678366928,1.0935,1.0935,1.09021,1.09021,1.0,1.0
8493,70539,70557,1.0948901949371257,1.094194560307891,1.094194560307891,1.096536319076327,-5.908024906089538,0.0,-0.0006353464780772811,2023-06-28 07:15:00+00:00,2023-06-28 11:45:00+00:00,0 days 04:30:00,B_long,0.0005687143998277845,0.0007966067317276356,1.09614,1.09614,1.09421,1.09421,1.0,1.0
-8514,70640,70646,1.0912401208061062,1.0920595901950472,1.0920595901950472,1.0891812294148584,-6.976962377443266,0.0,-0.0007509524011410917,2023-06-29 08:30:00+00:00,2023-06-29 10:00:00+00:00,0 days 01:30:00,B_short,0.0007543115023741517,0.0006064755137196532,1.09161,1.09161,1.08807,1.08807,1.0,1.0
8516,70843,70844,1.0904197858437208,1.089419461187165,1.089419461187165,1.0929816164385044,-8.518764775228776,0.0,-0.0009173757387223036,2023-07-03 11:15:00+00:00,2023-07-03 11:30:00+00:00,0 days 00:15:00,B_long,0.0009024669711236121,0.0008541380416404617,1.09181,1.09181,1.09004,1.09004,1.0,1.0
8514,70940,70969,1.08965971628869,1.0889701825499678,1.0889701825499678,1.091329452350097,-5.870690251481406,0.0,-0.0006327973113209318,2023-07-04 11:30:00+00:00,2023-07-04 18:45:00+00:00,0 days 07:15:00,B_long,0.0005831751233613059,0.0003345419553233046,1.09163,1.09163,1.08939,1.08939,1.0,0.0
-8516,71022,71029,1.0885503669943073,1.0894806080776425,1.0894806080776425,1.0861581757670722,-7.921933065682311,0.0,-0.0008545687104069,2023-07-05 08:00:00+00:00,2023-07-05 09:45:00+00:00,0 days 01:45:00,B_short,0.0009931936672901527,0.0010073991676269106,1.08908,1.08908,1.08677,1.08677,1.0,1.0
-8508,71031,71040,1.0886603569271318,1.0897624126119434,1.0897624126119434,1.0857527621641696,-9.376289766376981,0.0,-0.0010123044141354676,2023-07-05 10:15:00+00:00,2023-07-05 12:30:00+00:00,0 days 02:15:00,B_short,0.0009487575970175534,0.00076491877401962,1.08908,1.08908,1.08677,1.08677,1.0,0.0
-8524,71118,71121,1.0854506507056174,1.0864297584478466,1.0864297584478466,1.0829507246564605,-8.345914394761714,0.0,-0.0009020287947616445,2023-07-06 08:00:00+00:00,2023-07-06 08:45:00+00:00,0 days 00:45:00,B_short,0.000852457321466939,0.0009179048104482408,1.08563,1.08563,1.08337,1.08337,1.0,1.0
8494,71221,71231,1.0885596156169348,1.087524552907278,1.087524552907278,1.0913463412781659,-8.791822655825877,0.0,-0.0009508553273587239,2023-07-07 09:45:00+00:00,2023-07-07 12:15:00+00:00,0 days 02:30:00,B_long,0.0009347208136924426,0.0008268302204865695,1.0896,1.0896,1.08823,1.08823,1.0,0.0
-8426,71318,71333,1.0960896769351856,1.0969005658195317,1.0969005658195317,1.094058302541405,-6.832549739500289,0.0,-0.0007398015886925791,2023-07-10 10:00:00+00:00,2023-07-10 13:45:00+00:00,0 days 03:45:00,B_short,0.0006811570435941942,0.0008082090249799392,1.09695,1.09695,1.0946,1.0946,1.0,0.0
8388,71412,71420,1.100420701041495,1.0995979603650434,1.0995979603650434,1.1025261189048698,-6.901148794076066,0.0,-0.0007476601227811575,2023-07-11 09:30:00+00:00,2023-07-11 11:30:00+00:00,0 days 02:00:00,B_long,0.0007024343502957668,0.0006321803184878363,1.1022,1.1022,1.10014,1.10014,1.0,1.0
-8279,71596,71597,1.1139780396463674,1.1149897177531842,1.1149897177531842,1.1113908467404474,-8.375683046336233,0.0,-0.0009081670112078832,2023-07-13 07:30:00+00:00,2023-07-13 07:45:00+00:00,0 days 00:15:00,B_short,0.0009037553860930173,0.0009552546679472834,1.11486,1.11486,1.11298,1.11298,1.0,1.0
8212,71694,71698,1.1222326970878407,1.1244040521567802,1.1213853159477398,1.1244040521567802,17.831167826131228,0.0,0.0019348527935196813,2023-07-14 08:00:00+00:00,2023-07-14 09:00:00+00:00,0 days 01:00:00,B_long,0.0007340595119587163,0.0007962700981936516,1.12429,1.12429,1.12134,1.12134,1.0,1.0
-8218,71789,71789,1.1232971866820418,1.124132104749346,1.124132104749346,1.1211236857519622,-6.861356677105752,0.0,-0.0007432744221236298,2023-07-17 07:45:00+00:00,2023-07-17 07:45:00+00:00,0 days 00:00:00,B_short,0.0008158241160997773,0.0008158241160997773,1.12345,1.12345,1.12147,1.12147,1.0,1.0
-8213,71801,71812,1.1232471912580309,1.12120630196369,1.1240778993454366,1.12120630196369,16.761823774421607,0.0,0.0018169547275298514,2023-07-17 10:45:00+00:00,2023-07-17 13:30:00+00:00,0 days 02:45:00,B_short,0.0006915127660451463,0.0009521285751312,1.12345,1.12345,1.12147,1.12147,1.0,0.0
-8206,71885,71888,1.126226918529094,1.1237223361524702,1.1272125546158431,1.1237223361524702,20.55260298257553,0.0,0.0022238701059418275,2023-07-18 07:45:00+00:00,2023-07-18 08:30:00+00:00,0 days 00:45:00,B_short,0.0010602140003975048,0.0010662785655920748,1.12639,1.12639,1.12345,1.12345,1.0,1.0
8251,71979,71993,1.1227827474237182,1.1216134516528773,1.1216134516528773,1.1258396450413684,-9.647859405208314,0.0,-0.0010414265569398395,2023-07-19 07:15:00+00:00,2023-07-19 10:45:00+00:00,0 days 03:30:00,B_long,0.0010796752341730763,0.000744369896539389,1.12356,1.12356,1.12161,1.12161,1.0,1.0
8258,72078,72094,1.1206325506561967,1.1197281959109764,1.1197281959109764,1.1229754122670712,-7.468161486029452,0.0,-0.0008070038164523785,2023-07-20 08:00:00+00:00,2023-07-20 12:00:00+00:00,0 days 04:00:00,B_long,0.0007928968771538038,0.0007953088054437717,1.12291,1.12291,1.12037,1.12037,1.0,0.0
8305,72176,72179,1.1134018889682058,1.1126048080634319,1.1126048080634319,1.1153855758097042,-6.619756914147472,0.0,-0.0007158968497104068,2023-07-21 08:30:00+00:00,2023-07-21 09:15:00+00:00,0 days 00:45:00,B_long,0.0006731663450256345,0.00068728487704336,1.11437,1.11437,1.11296,1.11296,1.0,1.0
8301,72189,72189,1.113181868833855,1.1124831031684308,1.1124831031684308,1.1148706904947079,-5.800453788686793,0.0,-0.0006277192298831391,2023-07-21 11:45:00+00:00,2023-07-21 11:45:00+00:00,0 days 00:00:00,B_long,0.000697310587360061,0.000697310587360061,1.11437,1.11437,1.11296,1.11296,1.0,1.0
-8300,72268,72268,1.112358187908407,1.1096966333707212,1.1133811222097596,1.1096966333707212,22.0909026627921,0.0,0.0023927135760922758,2023-07-24 07:30:00+00:00,2023-07-24 07:30:00+00:00,0 days 00:00:00,B_short,0.0014649725817917096,0.0014649725817917096,1.11327,1.11327,1.11168,1.11168,1.0,1.0
-8353,72364,72366,1.1079185942562186,1.1062589093172817,1.1086070302275728,1.1062589093172817,13.86334829494058,0.0,0.0014980206556161058,2023-07-25 07:30:00+00:00,2023-07-25 08:00:00+00:00,0 days 00:30:00,B_short,0.0006327595305631338,0.0008509171585118923,1.10815,1.10815,1.10627,1.10627,1.0,1.0
8378,72368,72371,1.106441251990555,1.1054538717959563,1.1054538717959563,1.1090383846121308,-8.272271270348442,0.0,-0.0008923927888827565,2023-07-25 08:30:00+00:00,2023-07-25 09:15:00+00:00,0 days 00:45:00,B_long,0.0008766444435044946,0.0008071904718160883,1.10815,1.10815,1.10627,1.10627,1.0,1.0
-8372,72460,72461,1.1060387663134001,1.1067605561672342,1.1067605561672342,1.1043583314982974,-6.042824656298978,0.0,-0.0006525900138563134,2023-07-26 07:30:00+00:00,2023-07-26 07:45:00+00:00,0 days 00:15:00,B_short,0.0006044820116029971,0.000654551076722595,1.10628,1.10628,1.10377,1.10377,1.0,1.0
-8366,72478,72481,1.1061687544158294,1.107020456207572,1.107020456207572,1.1040186313772842,-7.125337189719042,0.0,-0.0007699564721410646,2023-07-26 12:00:00+00:00,2023-07-26 12:45:00+00:00,0 days 00:45:00,B_short,0.0007117287132291465,0.0006676764393968535,1.10628,1.10628,1.10377,1.10377,0.0,0.0
-8388,72765,72766,1.1023291058517746,1.1031430594926959,1.1031430594926959,1.1003708215219121,-6.8274431400478175,0.0,-0.0007383944019987432,2023-07-31 11:45:00+00:00,2023-07-31 12:00:00+00:00,0 days 00:15:00,B_short,0.0006859848936698212,0.0007625202411805169,1.10277,1.10277,1.10051,1.10051,1.0,0.0
8412,72847,72848,1.0986105353906979,1.0976010526060505,1.0976010526060505,1.101236842181849,-8.491769184454,0.0,-0.0009188722956205986,2023-08-01 08:15:00+00:00,2023-08-01 08:30:00+00:00,0 days 00:15:00,B_long,0.0009144210747562907,0.0009031649314554664,1.10015,1.10015,1.09803,1.09803,1.0,1.0
8407,72858,72861,1.0983105079347646,1.0974540566667548,1.0974540566667548,1.100437829999736,-7.20018581015853,0.0,-0.0007797897423564848,2023-08-01 11:00:00+00:00,2023-08-01 11:45:00+00:00,0 days 00:45:00,B_long,0.0007051508888126221,0.0006481945193248307,1.10015,1.10015,1.09803,1.09803,1.0,1.0
8402,72950,72950,1.0981404923764024,1.0973342286154113,1.0973342286154113,1.100197314153766,-6.774228119847497,0.0,-0.0007342082061343458,2023-08-02 10:00:00+00:00,2023-08-02 10:00:00+00:00,0 days 00:00:00,B_long,0.0007390018666436158,0.0007390018666436158,1.1008,1.1008,1.09802,1.09802,1.0,1.0
8438,73042,73056,1.0925699826112423,1.0948721533475014,1.0916692822174996,1.0948721533475014,19.425716672554767,0.0,0.0021071151257121556,2023-08-03 09:00:00+00:00,2023-08-03 12:30:00+00:00,0 days 03:30:00,B_long,0.0008886220781671352,0.0013724501363169077,1.09492,1.09492,1.0919,1.0919,1.0,0.0
8411,73227,73232,1.0983605125107536,1.0976731164676514,1.0976731164676514,1.1000206505970458,-5.781688118532564,0.0,-0.0006258382701057608,2023-08-07 07:15:00+00:00,2023-08-07 08:30:00+00:00,0 days 01:15:00,B_long,0.0006126323947021336,0.000639019377417159,1.10117,1.10117,1.09819,1.09819,1.0,1.0
8405,73246,73251,1.0985105262387203,1.1000794624542238,1.097826845848592,1.1000794624542238,13.186908891307592,0.0,0.001428239582624391,2023-08-07 12:00:00+00:00,2023-08-07 13:15:00+00:00,0 days 01:15:00,B_long,0.0005627335978868605,0.0006866410215772497,1.10117,1.10117,1.09819,1.09819,0.0,0.0
8420,73328,73331,1.0980704859700179,1.0972110516908475,1.0972110516908475,1.100246844927457,-7.236436630614311,0.0,-0.0007826767863732265,2023-08-08 08:30:00+00:00,2023-08-08 09:15:00+00:00,0 days 00:45:00,B_long,0.0007604218679320856,0.0007680198055842385,1.10054,1.10054,1.09768,1.09768,1.0,1.0
-8415,73424,73425,1.0977195277579486,1.098489389078451,1.098489389078451,1.0958518327646471,-6.478383012028505,0.0,-0.0007013278902625597,2023-08-09 08:30:00+00:00,2023-08-09 08:45:00+00:00,0 days 00:15:00,B_short,0.0006381372013241614,0.0006743855744809355,1.0979,1.0979,1.09552,1.09552,1.0,1.0
-8409,73430,73442,1.097749525012355,1.0984507098546716,1.0984507098546716,1.0960078704359848,-5.896263339040514,0.0,-0.0006387475706799428,2023-08-09 10:00:00+00:00,2023-08-09 13:00:00+00:00,0 days 03:00:00,B_short,0.0005812818740487608,0.0007149845770839012,1.0979,1.0979,1.09552,1.09552,1.0,0.0
-8390,73619,73621,1.099559359361558,1.0978170592313121,1.1002743135895627,1.0978170592313121,14.617898092763097,0.0,0.0015845439497305103,2023-08-11 09:15:00+00:00,2023-08-11 09:45:00+00:00,0 days 00:30:00,B_short,0.0006857384442876266,0.0007180879870427041,1.09979,1.09979,1.09797,1.09797,1.0,1.0
8411,73623,73632,1.0987305463730712,1.0978889904112297,1.0978889904112297,1.1009330287663106,-7.078327195049233,0.0,-0.0007659348005017996,2023-08-11 10:15:00+00:00,2023-08-11 12:30:00+00:00,0 days 02:15:00,B_long,0.0007462083102676283,0.0010146847385036017,1.09979,1.09979,1.09797,1.09797,1.0,0.0
-8435,73714,73727,1.0945298197060385,1.0922363740763845,1.0954012086412053,1.0922363740763845,19.345213886131027,0.0,0.0020953706224924318,2023-08-14 09:00:00+00:00,2023-08-14 12:15:00+00:00,0 days 03:15:00,B_short,0.0008137141557111663,0.0007538851219439241,1.09467,1.09467,1.09292,1.09292,1.0,0.0
-8475,73913,73922,1.0916700814526017,1.0901207500772627,1.0923197499742456,1.0901207500772627,13.130583405997765,0.0,0.0014192304082176754,2023-08-16 10:45:00+00:00,2023-08-16 13:00:00+00:00,0 days 02:15:00,B_short,0.000548449977679637,0.000794489675276103,1.09178,1.09178,1.08989,1.08989,1.0,0.0
-8522,74002,74007,1.0871904914612047,1.0879637804145503,1.0879637804145503,1.0852686587563494,-6.589968460411269,0.0,-0.0007112727340967684,2023-08-17 09:00:00+00:00,2023-08-17 10:15:00+00:00,0 days 01:15:00,B_short,0.0006506096926101313,0.0007093728192240853,1.08749,1.08749,1.08618,1.08618,1.0,1.0
8516,74094,74097,1.0873995094539928,1.0866664111980675,1.0866664111980675,1.0892007664057972,-6.243064747459587,0.0,-0.0006741756360487683,2023-08-18 08:00:00+00:00,2023-08-18 08:45:00+00:00,0 days 00:45:00,B_long,0.0006304436283415006,0.0006316280448789152,1.08938,1.08938,1.08717,1.08717,1.0,1.0
8510,74103,74104,1.0874495140299818,1.086718061482578,1.086718061482578,1.0891658155522657,-6.224661178406425,0.0,-0.0006726312697433734,2023-08-18 10:15:00+00:00,2023-08-18 10:30:00+00:00,0 days 00:15:00,B_long,0.0005903467150989249,0.0006423004864190658,1.08938,1.08938,1.08717,1.08717,1.0,1.0
-8494,74191,74195,1.0884503761462851,1.0891042691676234,1.0891042691676234,1.0869271924971298,-5.554167323246887,0.0,-0.000600755933084729,2023-08-21 08:15:00+00:00,2023-08-21 09:15:00+00:00,0 days 01:00:00,B_short,0.0005196999452737254,0.0005641384718412348,1.08871,1.08871,1.08695,1.08695,1.0,1.0
-8467,74289,74295,1.091320113484524,1.0896963104859185,1.0919945631713606,1.0896963104859185,13.7487399891931,0.0,0.0014879254753409343,2023-08-22 08:45:00+00:00,2023-08-22 10:15:00+00:00,0 days 01:30:00,B_short,0.0005979547485124343,0.0007458753529075114,1.09168,1.09168,1.08932,1.08932,1.0,1.0
-8552,74381,74404,1.0820909582120695,1.0834468315391113,1.0834468315391113,1.078539505382666,-11.595428692861388,0.0,-0.0012530123431417906,2023-08-23 07:45:00+00:00,2023-08-23 13:30:00+00:00,0 days 05:45:00,B_short,0.0012392540005630908,0.0009127128193859468,1.08633,1.08633,1.08446,1.08446,1.0,0.0
8513,74479,74484,1.0859293749199201,1.0852747591726808,1.0852747591726808,1.087495722481958,-5.572743856248595,0.0,-0.0006028161336805171,2023-08-24 08:15:00+00:00,2023-08-24 09:30:00+00:00,0 days 01:15:00,B_long,0.0005932087170100928,0.0006443289338795776,1.08764,1.08764,1.08583,1.08583,1.0,1.0
8571,74575,74585,1.077868637270514,1.0803005831015708,1.0769398056328097,1.0803005831015708,20.844207717988525,0.0,0.002256254377356548,2023-08-25 08:15:00+00:00,2023-08-25 10:45:00+00:00,0 days 02:30:00,B_long,0.000812168451564924,0.0005975320618592811,1.0804,1.0804,1.07768,1.07768,1.0,1.0
-8571,74589,74590,1.0801011403364267,1.0808120467970088,1.0808120467970088,1.0783638596089737,-6.093179273649515,0.0,-0.0006581850847418025,2023-08-25 11:45:00+00:00,2023-08-25 12:00:00+00:00,0 days 00:15:00,B_short,0.0006037738907409922,0.0006539373719755536,1.0804,1.0804,1.07768,1.07768,1.0,0.0
-8560,74670,74679,1.0807510808485714,1.081363308889642,1.081363308889642,1.0793900733310742,-5.240672031563722,0.0,-0.0005664838573096187,2023-08-28 08:00:00+00:00,2023-08-28 10:15:00+00:00,0 days 02:15:00,B_short,0.0004902010376897233,0.0005787096021809569,1.08136,1.08136,1.07961,1.07961,1.0,1.0
-8553,74682,74717,1.0810610524774402,1.081797297434527,1.081797297434527,1.0792881076964191,-6.297103117962414,0.0,-0.0006810392025495826,2023-08-28 11:00:00+00:00,2023-08-28 19:45:00+00:00,0 days 08:45:00,B_short,0.0006223244432567753,0.00040669138429833484,1.08136,1.08136,1.07961,1.07961,1.0,0.0
8538,74764,74765,1.082479059176688,1.081818063872724,1.081818063872724,1.0840658083818278,-5.643577905244787,0.0,-0.0006106310310213248,2023-08-29 07:30:00+00:00,2023-08-29 07:45:00+00:00,0 days 00:15:00,B_long,0.0005750113103057978,0.0006756764689316689,1.08382,1.08382,1.08207,1.08207,1.0,1.0
-8509,75055,75069,1.085300664433584,1.0834154249149461,1.0860615250283512,1.0834154249149461,16.041503064090307,0.0,0.0017370665847900035,2023-09-01 08:15:00+00:00,2023-09-01 11:45:00+00:00,0 days 03:30:00,B_short,0.0006639883579043363,0.000651211389372355,1.08541,1.08541,1.08363,1.08363,1.0,1.0
-8616,75352,75355,1.0736817278933977,1.0745533350269412,1.0745533350269412,1.071419994919176,-7.509767062610848,0.0,-0.0008117928347850523,2023-09-06 10:30:00+00:00,2023-09-06 11:15:00+00:00,0 days 00:45:00,B_short,0.000737557023349069,0.0006594882311994037,1.07386,1.07386,1.07131,1.07131,1.0,1.0
8627,75438,75438,1.0716480680174985,1.070940896297387,1.070940896297387,1.073377311107839,-6.100770429401711,0.0,-0.0006598917510481916,2023-09-07 08:00:00+00:00,2023-09-07 08:00:00+00:00,0 days 00:00:00,B_long,0.0006225565422645236,0.0006225565422645236,1.07317,1.07317,1.07155,1.07155,1.0,1.0
8599,75820,75825,1.074458325188073,1.0737279677998521,1.0737279677998521,1.0761360966004436,-6.280343181311645,0.0,-0.0006797447337876239,2023-09-13 07:30:00+00:00,2023-09-13 08:45:00+00:00,0 days 01:15:00,B_long,0.000599094573461402,0.0006515787607759417,1.07648,1.07648,1.07419,1.07419,1.0,1.0
8603,75927,75935,1.0731982098731534,1.07259382340623,1.07259382340623,1.0746185297813098,-5.19953677494202,0.0,-0.0005631638791074867,2023-09-14 10:15:00+00:00,2023-09-14 12:15:00+00:00,0 days 02:00:00,B_long,0.0005240197146006676,0.0011549429289395819,1.07521,1.07521,1.07301,1.07301,1.0,0.0
-8659,76012,76013,1.0654324829315616,1.066104629190605,1.066104629190605,1.063686112428185,-5.820114457056167,0.0,-0.0006308670608521361,2023-09-15 07:30:00+00:00,2023-09-15 07:45:00+00:00,0 days 00:15:00,B_short,0.0005866786318576492,0.0006191214809433104,1.06563,1.06563,1.06332,1.06332,1.0,1.0
-8653,76026,76031,1.065502476525177,1.066183455440017,1.066183455440017,1.0638496336799497,-5.892510550109389,0.0,-0.0006391152811400236,2023-09-15 11:00:00+00:00,2023-09-15 12:15:00+00:00,0 days 01:15:00,B_short,0.0005603280480146513,0.0005778767301155012,1.06563,1.06563,1.06332,1.06332,1.0,0.0
8641,76108,76112,1.0664675939450514,1.0658476136527189,1.0658476136527189,1.0678971590418433,-5.357249706045712,0.0,-0.000581340019943033,2023-09-18 07:30:00+00:00,2023-09-18 08:30:00+00:00,0 days 01:00:00,B_long,0.0005214015009770663,0.000553605299148749,1.06736,1.06736,1.06609,1.06609,1.0,1.0
8636,76113,76128,1.0665075976058427,1.0658463947008512,1.0658463947008512,1.0680608158974465,-5.710148287506577,0.0,-0.000619970177873852,2023-09-18 08:45:00+00:00,2023-09-18 12:30:00+00:00,0 days 03:45:00,B_long,0.0005317912592622642,0.0005719978162765086,1.06736,1.06736,1.06609,1.06609,1.0,0.0
8618,76300,76306,1.0681177449526842,1.0697636075784973,1.0674521308071676,1.0697636075784973,14.184044109257481,0.0,0.0015408999930863754,2023-09-20 07:30:00+00:00,2023-09-20 09:00:00+00:00,0 days 01:30:00,B_long,0.0006461533004547534,0.0005161374820094915,1.06897,1.06897,1.06781,1.06781,1.0,1.0
-8657,76411,76420,1.06466255340179,1.0656525444080656,1.0656525444080656,1.0621223667758033,-8.570352141327994,0.0,-0.0009298636484511569,2023-09-21 11:15:00+00:00,2023-09-21 13:30:00+00:00,0 days 02:15:00,B_short,0.0008982051536567821,0.0009822419930172518,1.06503,1.06503,1.06167,1.06167,1.0,0.0
-8670,76492,76492,1.062182780370838,1.06345232678195,1.06345232678195,1.0587630196541495,-11.006967384341898,0.0,-0.0011952240561354799,2023-09-22 07:30:00+00:00,2023-09-22 07:30:00+00:00,0 days 00:00:00,B_short,0.001406683211023464,0.001406683211023464,1.06626,1.06626,1.06409,1.06409,1.0,1.0
8642,76493,76591,1.064487412735892,1.0629833167889764,1.0629833167889764,1.0686100496330706,-12.998397173245442,0.0,-0.0014129767331395593,2023-09-22 07:45:00+00:00,2023-09-25 08:15:00+00:00,3 days 00:30:00,B_long,0.001369792116220316,0.0006690813146369493,1.06626,1.06555,1.06409,1.06421,1.0,1.0
8681,76684,76691,1.0582368407372833,1.0601455835800229,1.057458138806659,1.0601455835800229,16.569796617822153,0.0,0.0018037009951474836,2023-09-26 07:30:00+00:00,2023-09-26 09:15:00+00:00,0 days 01:45:00,B_long,0.0006782797008955864,0.0006352524779070602,1.05929,1.05929,1.05783,1.05783,1.0,1.0
-8688,76699,76699,1.0590630659125437,1.059753300160025,1.059753300160025,1.0573800995199254,-5.996755142117269,0.0,-0.0006517404578607611,2023-09-26 11:15:00+00:00,2023-09-26 11:15:00+00:00,0 days 00:00:00,B_short,0.0006701934720215442,0.0006701934720215442,1.05929,1.05929,1.05783,1.05783,1.0,1.0
-8702,76781,76794,1.056683283729614,1.0550159986611927,1.0573813337796023,1.0550159986611927,14.508714665403005,0.0,0.0015778474913851204,2023-09-27 07:45:00+00:00,2023-09-27 11:00:00+00:00,0 days 03:15:00,B_short,0.000567155942322154,0.0005252037558055948,1.0572,1.0572,1.05548,1.05548,1.0,1.0
8763,76875,76884,1.0511461918620613,1.0532815074820179,1.0503061641726608,1.0532815074820179,18.711770777679796,0.0,0.002031416406669262,2023-09-28 07:15:00+00:00,2023-09-28 09:30:00+00:00,0 days 02:15:00,B_long,0.0007766577170273056,0.0008754340672380886,1.0516,1.0516,1.04958,1.04958,1.0,1.0
-8734,77072,77076,1.056603291051196,1.0544181567290525,1.0574739477569826,1.0544181567290525,19.08496316960143,0.0,0.0020680744993417655,2023-10-02 08:30:00+00:00,2023-10-02 09:30:00+00:00,0 days 01:00:00,B_short,0.0007354213893847816,0.0008138324997969133,1.05711,1.05711,1.05601,1.05601,1.0,1.0
-8824,77176,77190,1.0479040872732597,1.0461288838949214,1.0486237053683596,1.0461288838949214,15.66439461045674,0.0,0.0016940513925826073,2023-10-03 10:30:00+00:00,2023-10-03 14:00:00+00:00,0 days 03:30:00,B_short,0.0006232113192450061,0.0012406294381846756,1.04803,1.04803,1.04598,1.04598,1.0,0.0
-8783,77455,77457,1.0546534695147622,1.0553051890420437,1.0553051890420437,1.0530444328738688,-5.724052608113338,0.0,-0.0006179466015328039,2023-10-06 08:15:00+00:00,2023-10-06 08:45:00+00:00,0 days 00:30:00,B_short,0.0005618305031045429,0.0006093749112207533,1.05479,1.05479,1.05334,1.05334,1.0,1.0
-8751,77660,77664,1.0578231793970676,1.0587834638367017,1.0587834638367017,1.055369608489895,-8.403449131238363,0.0,-0.0009077929642091753,2023-10-10 11:30:00+00:00,2023-10-10 12:30:00+00:00,0 days 01:00:00,B_short,0.0008316686584747402,0.0008657427862655983,1.05836,1.05836,1.05588,1.05588,1.0,0.0
-8726,77742,77744,1.0598929899511285,1.061042228988244,1.061042228988244,1.0567933130352678,-10.028259837869866,0.0,-0.0010842972337881118,2023-10-11 08:00:00+00:00,2023-10-11 08:30:00+00:00,0 days 00:30:00,B_short,0.0010539317898115364,0.001104686544347352,1.06142,1.06142,1.06005,1.06005,1.0,1.0
8716,77752,77760,1.0602170219464424,1.0592470162956078,1.0592470162956078,1.062698951113177,-8.454569252674412,0.0,-0.0009149123535611148,2023-10-11 10:30:00+00:00,2023-10-11 12:30:00+00:00,0 days 02:00:00,B_long,0.0008119192104733157,0.000880462809447112,1.06142,1.06142,1.06005,1.06005,1.0,0.0
-8683,77835,77850,1.0630027053246205,1.061460885053525,1.0636597049821583,1.061460885053525,13.387625413922283,0.0,0.0014504387085493287,2023-10-12 07:15:00+00:00,2023-10-12 11:00:00+00:00,0 days 03:45:00,B_short,0.0005564109845372602,0.0005296960963542663,1.06336,1.06336,1.06199,1.06199,1.0,1.0
-8767,77939,77943,1.0542935024618818,1.0522643274228693,1.0551118908590436,1.0522643274228693,17.789777567022185,0.0,0.0019246775535219918,2023-10-13 09:15:00+00:00,2023-10-13 10:15:00+00:00,0 days 01:00:00,B_short,0.000686305411171072,0.0007418830389818797,1.05508,1.05508,1.05345,1.05345,1.0,1.0
-8799,78028,78028,1.0524936671974812,1.0531955184458415,1.0531955184458415,1.0507334446624759,-6.175589134322349,0.0,-0.0006668460535530496,2023-10-16 07:30:00+00:00,2023-10-16 07:30:00+00:00,0 days 00:00:00,B_short,0.0006454493197292095,0.0006454493197292095,1.05304,1.05304,1.05156,1.05156,1.0,1.0
-8792,78031,78031,1.0526036571303057,1.0534158708223744,1.0534158708223744,1.0505923875328769,-7.140982780668377,0.0,-0.0007716234753383233,2023-10-16 08:15:00+00:00,2023-10-16 08:15:00+00:00,0 days 00:00:00,B_short,0.0007770880460578234,0.0007770880460578234,1.05304,1.05304,1.05156,1.05156,1.0,1.0
-8784,78039,78044,1.052783640656746,1.0535308964470258,1.0535308964470258,1.0510073106589224,-6.5638948618186355,0.0,-0.0007097904654120857,2023-10-16 10:15:00+00:00,2023-10-16 11:30:00+00:00,0 days 01:15:00,B_short,0.0006174435874223776,0.0005665570000392966,1.05304,1.05304,1.05156,1.05156,1.0,1.0
8762,78123,78127,1.05483652957004,1.054192570111524,1.054192570111524,1.056502289665428,-5.642372775516484,0.0,-0.000610482705579396,2023-10-17 07:15:00+00:00,2023-10-17 08:15:00+00:00,0 days 01:00:00,B_long,0.0005791059033458472,0.0006214041225770186,1.05607,1.05607,1.05436,1.05436,1.0,1.0
8760,78131,78138,1.0545365021141069,1.056426582095379,1.053777805968207,1.056426582095379,16.55710063594464,0.0,0.0017923324394015783,2023-10-17 09:15:00+00:00,2023-10-17 11:00:00+00:00,0 days 01:45:00,B_long,0.0007085681608873429,0.0008773009310674093,1.05607,1.05607,1.05436,1.05436,1.0,1.0
-8748,78228,78230,1.057613198616221,1.0556000080969847,1.0583999973010052,1.0556000080969847,17.611390662278346,0.0,0.0019035224994073952,2023-10-18 09:30:00+00:00,2023-10-18 10:00:00+00:00,0 days 00:30:00,B_short,0.0006919976608711758,0.0008333671319432327,1.05846,1.05846,1.05604,1.05604,1.0,1.0
8778,78236,78240,1.0561766522065417,1.055357051400796,1.055357051400796,1.0582088457976124,-7.194455872835963,0.0,-0.0007760073128234568,2023-10-18 11:30:00+00:00,2023-10-18 12:30:00+00:00,0 days 01:00:00,B_long,0.0007218887859768259,0.0008527041109389282,1.05846,1.05846,1.05604,1.05604,1.0,0.0
-8787,78316,78326,1.0540635235114308,1.0546952651255845,1.0546952651255845,1.0525942046232466,-5.551113563568486,0.0,-0.0005993392239294071,2023-10-19 07:30:00+00:00,2023-10-19 10:00:00+00:00,0 days 02:30:00,B_short,0.0005312297755065343,0.0006673724308481013,1.05418,1.05418,1.05301,1.05301,1.0,1.0
-8750,78420,78421,1.0579631665842988,1.0587829030968936,1.0587829030968936,1.0559312907093195,-7.172694485204634,0.0,-0.0007748251909764914,2023-10-20 09:30:00+00:00,2023-10-20 09:45:00+00:00,0 days 00:15:00,B_short,0.0007071826839743226,0.0007155583261111009,1.05864,1.05864,1.05683,1.05683,1.0,1.0
-8739,78426,78427,1.058413125400399,1.0591603563723861,1.0591603563723861,1.0565989308828412,-6.530051464195661,0.0,-0.0007059917853007303,2023-10-20 11:00:00+00:00,2023-10-20 11:15:00+00:00,0 days 00:15:00,B_short,0.000628308856068129,0.0006085343419257166,1.05864,1.05864,1.05683,1.05683,1.0,1.0
-8658,78604,78606,1.0676322815880512,1.065658898487974,1.0684603671706754,1.065658898487974,17.085550880468567,0.0,0.0018483733904541833,2023-10-24 07:30:00+00:00,2023-10-24 08:00:00+00:00,0 days 00:30:00,B_short,0.0008576515479185581,0.000922413829325482,1.06871,1.06871,1.06668,1.06668,1.0,1.0
8745,78703,78705,1.0591569249354784,1.0584559131090299,1.0584559131090299,1.0609522606729105,-6.130348422292569,0.0,-0.0006618583232992359,2023-10-25 08:15:00+00:00,2023-10-25 08:45:00+00:00,0 days 00:30:00,B_long,0.0006128753055075541,0.0006662041183590178,1.06067,1.06067,1.05897,1.05897,1.0,1.0
8778,78795,78809,1.0544764966229203,1.053799227248036,1.053799227248036,1.0561623182558915,-5.94507057273364,0.0,-0.0006422801997514327,2023-10-26 07:15:00+00:00,2023-10-26 10:45:00+00:00,0 days 03:30:00,B_long,0.000558669718368681,0.0006143933606833119,1.05691,1.05691,1.05413,1.05413,1.0,1.0
8762,78993,78995,1.0557166101074442,1.0575152766927212,1.0549882411024263,1.0575152766927212,15.759916620196568,0.0,0.0017037399696626654,2023-10-30 08:45:00+00:00,2023-10-30 09:15:00+00:00,0 days 00:30:00,B_long,0.0006235243778973025,0.0007946471993984245,1.05658,1.05658,1.05551,1.05551,1.0,1.0
8767,79183,79183,1.0568667153551883,1.0562246505661559,1.0562246505661559,1.0583260483015327,-5.6289820054469875,0.0,-0.0006075172769696158,2023-11-01 08:15:00+00:00,2023-11-01 08:15:00+00:00,0 days 00:00:00,B_long,0.0005939695093315861,0.0005939695093315861,1.05806,1.05806,1.05651,1.05651,1.0,1.0
-8737,79279,79280,1.0595930174070616,1.0603522239218537,1.0603522239218537,1.0578633282344392,-6.633187319738666,0.0,-0.0007165076612623,2023-11-02 08:15:00+00:00,2023-11-02 08:30:00+00:00,0 days 00:15:00,B_short,0.0006685940656065073,0.0007381148568589762,1.06021,1.06021,1.05837,1.05837,1.0,1.0
-8729,79282,79283,1.0599429853751396,1.060761699542611,1.060761699542611,1.057834901372167,-7.146555967857574,0.0,-0.0007724134021998008,2023-11-02 09:00:00+00:00,2023-11-02 09:15:00+00:00,0 days 00:15:00,B_short,0.0007208062702629532,0.000818032100894553,1.06021,1.06021,1.05837,1.05837,1.0,1.0
-8699,79373,79375,1.0626927336957515,1.06319916253646,1.06319916253646,1.0616025123906196,-4.40542448532426,0.0,-0.00047655246399158635,2023-11-03 07:45:00+00:00,2023-11-03 08:15:00+00:00,0 days 00:30:00,B_short,0.00040060753159885574,0.0005313007681787055,1.06314,1.06314,1.06146,1.06146,1.0,1.0
-8610,79466,79466,1.0732317690772974,1.0738498251824167,1.0738498251824167,1.0716505244527497,-5.321463065076523,0.0,-0.0005758831623579042,2023-11-06 08:00:00+00:00,2023-11-06 08:00:00+00:00,0 days 00:00:00,B_short,0.0006645151580945749,0.0006645151580945749,1.07387,1.07387,1.07222,1.07222,1.0,1.0
8629,79757,79757,1.0704379572785678,1.0697555264844842,1.0697555264844842,1.0720534205465473,-5.888695322147283,0.0,-0.0006375248462027194,2023-11-09 08:45:00+00:00,2023-11-09 08:45:00+00:00,0 days 00:00:00,B_long,0.0006165437134470309,0.0006165437134470309,1.07156,1.07156,1.07022,1.07022,1.0,1.0
8624,79760,79760,1.07042795636337,1.0696759293885665,1.0696759293885665,1.0723322118343008,-6.485480630706142,0.0,-0.0007025479578826044,2023-11-09 09:30:00+00:00,2023-11-09 09:30:00+00:00,0 days 00:00:00,B_long,0.0007128611965757634,0.0007128611965757634,1.07156,1.07156,1.07022,1.07022,1.0,1.0
8646,79849,79849,1.0668976332985558,1.066316751598884,1.066316751598884,1.0683297452033482,-5.022303175361886,0.0,-0.0005444587011368407,2023-11-10 07:45:00+00:00,2023-11-10 07:45:00+00:00,0 days 00:00:00,B_long,0.0005428152809672581,0.0005428152809672581,1.0675,1.0675,1.06629,1.06629,1.0,1.0
-8639,79854,79854,1.0670023392455108,1.0677194751059695,1.0677194751059695,1.0652415746820911,-6.195336698503052,0.0,-0.0006721033629277784,2023-11-10 09:00:00+00:00,2023-11-10 09:00:00+00:00,0 days 00:00:00,B_short,0.0006328784251735932,0.0006328784251735932,1.0675,1.0675,1.06629,1.06629,1.0,1.0
-8633,79859,79861,1.0670423355847198,1.067840554878052,1.067840554878052,1.065078335365844,-6.891027159337196,0.0,-0.0007480671260291505,2023-11-10 10:15:00+00:00,2023-11-10 10:45:00+00:00,0 days 00:30:00,B_short,0.0006584808943117337,0.0007152145383941512,1.0675,1.0675,1.06629,1.06629,1.0,1.0
-8612,79947,79951,1.0688821671883293,1.0693768728619244,1.0693768728619244,1.067789381414227,-4.260405261001073,0.0,-0.0004628252662277621,2023-11-13 08:15:00+00:00,2023-11-13 09:15:00+00:00,0 days 01:00:00,B_short,0.0004532898136676845,0.000600324945543953,1.06905,1.06905,1.0681,1.0681,1.0,1.0
-8608,79954,79957,1.0688521699339228,1.0695893107368752,1.0695893107368752,1.067072067789374,-6.345308031814227,0.0,-0.000689656459225807,2023-11-13 10:00:00+00:00,2023-11-13 10:45:00+00:00,0 days 00:45:00,B_short,0.0006054026386252076,0.0006047198806102372,1.06905,1.06905,1.0681,1.0681,1.0,1.0
-8605,79960,79966,1.0685421983050538,1.0667688312023582,1.0692903895992139,1.0667688312023582,15.259823918695638,0.0,0.001659613542177918,2023-11-13 11:30:00+00:00,2023-11-13 13:00:00+00:00,0 days 01:30:00,B_short,0.0005996709859853957,0.000613412848916828,1.06905,1.06905,1.0681,1.0681,1.0,0.0
-8607,80043,80044,1.070062059194992,1.070547946762382,1.070547946762382,1.068996159712854,-4.1820342925246585,0.0,-0.0004540741943093174,2023-11-14 08:15:00+00:00,2023-11-14 08:30:00+00:00,0 days 00:15:00,B_short,0.00038688719406431126,0.00046863556818908466,1.07023,1.07023,1.06928,1.06928,1.0,1.0
-8606,80046,80046,1.0697020921421119,1.0703041508257638,1.0703041508257638,1.0683275475227083,-5.181317031508503,0.0,-0.0005628283688277058,2023-11-14 09:00:00+00:00,2023-11-14 09:00:00+00:00,0 days 00:00:00,B_short,0.0005549307156619813,0.0005549307156619813,1.07023,1.07023,1.06928,1.06928,1.0,1.0
8468,80154,80155,1.0867194472205441,1.086001078484333,1.086001078484333,1.0884367645470012,-6.0831464582357375,0.0,-0.0006610434165399415,2023-11-15 12:00:00+00:00,2023-11-15 12:15:00+00:00,0 days 00:15:00,B_long,0.0006170653135780823,0.0006681232717676862,1.08836,1.08836,1.08656,1.08656,0.0,0.0
-8470,80240,80256,1.0854706488752217,1.0861295404814602,1.0861295404814602,1.0838913785556192,-5.580811904839614,0.0,-0.0006070100623367658,2023-11-16 09:30:00+00:00,2023-11-16 13:30:00+00:00,0 days 04:00:00,B_short,0.0005969350839321957,0.0009717924027680287,1.08558,1.08558,1.083,1.083,1.0,0.0
8471,80334,80341,1.0849092815697472,1.0869885274912452,1.0840971575029181,1.0869885274912452,17.61329220100953,0.0,0.001916515930704854,2023-11-17 09:00:00+00:00,2023-11-17 10:45:00+00:00,0 days 01:45:00,B_long,0.0007784634974709595,0.0007699359324294335,1.08569,1.08569,1.08479,1.08479,1.0,1.0
-8426,80435,80436,1.0926099954240112,1.0934486084580755,1.0934486084580755,1.090494174625774,-7.06615342502575,0.0,-0.0007675319076125842,2023-11-20 10:15:00+00:00,2023-11-20 10:30:00+00:00,0 days 00:15:00,B_short,0.0007187939969987716,0.0007389547973989255,1.09358,1.09358,1.08974,1.08974,1.0,1.0
8406,80537,80544,1.0945401629052038,1.0961103088831714,1.0938832303722763,1.0961103088831714,13.198647090795335,0.0,0.0014345256859282784,2023-11-21 11:45:00+00:00,2023-11-21 13:30:00+00:00,0 days 01:45:00,B_long,0.0005558670106938381,0.0008142815584468929,1.09651,1.09651,1.09421,1.09421,1.0,0.0
8444,80616,80619,1.0911298508227627,1.090529236103127,1.090529236103127,1.0925722916906193,-5.071590692604651,0.0,-0.0005504521017208885,2023-11-22 07:30:00+00:00,2023-11-22 08:15:00+00:00,0 days 00:45:00,B_long,0.0005146620439567239,0.0006575859290586514,1.09229,1.09229,1.0905,1.0905,1.0,1.0
8441,80625,80627,1.0909498343492028,1.0899196532775532,1.0899196532775532,1.09368104016734,-8.695758425793755,0.0,-0.0009442973812485711,2023-11-22 09:45:00+00:00,2023-11-22 10:15:00+00:00,0 days 00:30:00,B_long,0.0009496338261204831,0.0008915916293971586,1.09229,1.09229,1.0905,1.0905,1.0,1.0
8436,80632,80640,1.0905998023172807,1.0897155382019317,1.0897155382019317,1.0928933853942053,-7.459652077084431,0.0,-0.0008108053141676619,2023-11-22 11:30:00+00:00,2023-11-22 13:30:00+00:00,0 days 02:00:00,B_long,0.000785866891659312,0.0009873828490684254,1.09229,1.09229,1.0905,1.0905,1.0,0.0
-8425,80713,80714,1.0909501473468417,1.0915283798748885,1.0915283798748885,1.0896548603753342,-4.871609048794162,0.0,-0.0005300265364582835,2023-11-23 07:45:00+00:00,2023-11-23 08:00:00+00:00,0 days 00:15:00,B_short,0.0004805958915700359,0.0005165164393607015,1.09116,1.09116,1.08878,1.08878,1.0,1.0
-8421,80715,80716,1.0909401482620393,1.0915565164393608,1.0915565164393608,1.0894904506819176,-5.190436421224091,0.0,-0.0005649880777633953,2023-11-23 08:15:00+00:00,2023-11-23 08:30:00+00:00,0 days 00:15:00,B_short,0.00065831424744593,0.000870539014453121,1.09116,1.09116,1.08878,1.08878,1.0,1.0
-8416,80719,80721,1.0910001427708527,1.092098227081967,1.092098227081967,1.0881053187540988,-9.241477562338417,0.0,-0.0010064932790252445,2023-11-23 09:15:00+00:00,2023-11-23 09:45:00+00:00,0 days 00:30:00,B_short,0.0009597968043714131,0.0009804695997278447,1.09116,1.09116,1.08878,1.08878,1.0,1.0
-8408,80816,80826,1.0909401482620393,1.0916713117659382,1.0916713117659382,1.0891460647021853,-6.147622740781966,0.0,-0.0006702141314203214,2023-11-24 09:30:00+00:00,2023-11-24 12:00:00+00:00,0 days 02:30:00,B_short,0.0006698035304798437,0.0005243967583118752,1.09119,1.09119,1.08949,1.08949,1.0,0.0
-8374,80906,80916,1.094639809638863,1.0952922366884392,1.0952922366884392,1.0931232899346819,-5.463424113151459,0.0,-0.000596019844912643,2023-11-27 08:00:00+00:00,2023-11-27 10:30:00+00:00,0 days 02:30:00,B_short,0.0005646051299807831,0.0005931744301594207,1.09504,1.09504,1.09267,1.09267,1.0,1.0
-8369,80921,80921,1.0945798151300496,1.0952588139239465,1.0952588139239465,1.0929435582281608,-5.68254090612298,0.0,-0.0006203282615953043,2023-11-27 11:45:00+00:00,2023-11-27 11:45:00+00:00,0 days 00:00:00,B_short,0.0006296387340868324,0.0006296387340868324,1.09504,1.09504,1.09267,1.09267,1.0,1.0
8362,81007,81024,1.0951102150714769,1.0967018873090428,1.0944460375636524,1.0967018873090428,13.30956325052652,0.0,0.001453435659407143,2023-11-28 09:15:00+00:00,2023-11-28 13:30:00+00:00,0 days 04:15:00,B_long,0.000532767444834537,0.000866530383764064,1.09628,1.09628,1.09498,1.09498,1.0,0.0
8417,81304,81309,1.0894196943239434,1.0885202678987302,1.0885202678987302,1.0916791963038093,-7.57047222101886,0.0,-0.000825601400359588,2023-12-01 11:30:00+00:00,2023-12-01 12:45:00+00:00,0 days 01:15:00,B_long,0.0008017678211005078,0.0009401215204607534,1.09127,1.09127,1.08916,1.08916,1.0,0.0
8429,81387,81395,1.0870194746764776,1.086203015872496,1.086203015872496,1.0890709523825124,-6.881931258761104,0.0,-0.0007510985985090812,2023-12-04 08:15:00+00:00,2023-12-04 10:15:00+00:00,0 days 02:00:00,B_long,0.0007227195771702909,0.0007728413436862874,1.08865,1.08865,1.08665,1.08665,1.0,1.0
8424,81398,81404,1.086909464609302,1.0860822213907424,1.0860822213907424,1.088993335827773,-6.968696873146474,0.0,-0.0007610967108995226,2023-12-04 11:00:00+00:00,2023-12-04 12:30:00+00:00,0 days 01:30:00,B_long,0.0007014081280233243,0.0007858463626900144,1.08865,1.08865,1.08665,1.08665,1.0,0.0
8442,81487,81495,1.0836591671700255,1.082782826655857,1.082782826655857,1.0859315200324287,-7.398066620610617,0.0,-0.0008086864770009417,2023-12-05 09:15:00+00:00,2023-12-05 11:15:00+00:00,0 days 02:00:00,B_long,0.0007702168982572558,0.0006979762618476214,1.08474,1.08474,1.08345,1.08345,1.0,1.0
8471,81578,81578,1.0790787480094448,1.0784074573759894,1.0784074573759894,1.0808176278720318,-5.686502956000611,0.0,-0.0006220960561902356,2023-12-06 08:00:00+00:00,2023-12-06 08:00:00+00:00,0 days 00:00:00,B_long,0.0006128702741424344,0.0006128702741424344,1.08017,1.08017,1.07879,1.07879,1.0,1.0
8464,81583,81591,1.0794087782109714,1.078574724189634,1.078574724189634,1.0815558274310983,-7.059433236599794,0.0,-0.0007726952366644557,2023-12-06 09:15:00+00:00,2023-12-06 11:15:00+00:00,0 days 02:00:00,B_long,0.0007139057023172084,0.0005938421204756261,1.08017,1.08017,1.07879,1.07879,1.0,1.0
-8474,81684,81696,1.077021422217341,1.0778339679925584,1.0778339679925584,1.0750580960223248,-6.885512899191206,0.0,-0.00075443789552887,2023-12-07 10:30:00+00:00,2023-12-07 13:30:00+00:00,0 days 03:00:00,B_short,0.0007401055935505438,0.0010821270691823788,1.07721,1.07721,1.07569,1.07569,1.0,0.0
8458,81771,81772,1.078488694012776,1.0778970091632656,1.0778970091632656,1.0799089725102033,-5.004470457159329,0.0,-0.0005486240632796013,2023-12-08 08:15:00+00:00,2023-12-08 08:30:00+00:00,0 days 00:15:00,B_long,0.0005292587251699266,0.0005746908951472599,1.08005,1.08005,1.07823,1.07823,1.0,1.0
8452,81773,81774,1.0787287159775227,1.0780653091048529,1.0780653091048529,1.0803640726854415,-5.6071148878056425,0.0,-0.0006149895361492463,2023-12-08 08:45:00+00:00,2023-12-08 09:00:00+00:00,0 days 00:15:00,B_long,0.0005820654424609465,0.0006351233834661511,1.08005,1.08005,1.07823,1.07823,1.0,1.0
8448,81779,81789,1.0785486995039626,1.0777842734033545,1.0777842734033545,1.0804871797899365,-6.457871697937378,0.0,-0.0007087543668261587,2023-12-08 10:15:00+00:00,2023-12-08 12:45:00+00:00,0 days 02:30:00,B_long,0.0006789630504260935,0.0005684240950160273,1.08005,1.08005,1.07823,1.07823,1.0,0.0
8458,81868,81873,1.0764785100580234,1.075865777794999,1.075865777794999,1.0780026666150033,-5.182489480661186,0.0,-0.0005692006457160836,2023-12-11 08:30:00+00:00,2023-12-11 09:45:00+00:00,0 days 01:15:00,B_long,0.0005456592443343553,0.000628456899169221,1.07739,1.07739,1.07608,1.07608,1.0,1.0
8451,81874,81884,1.0767785375139567,1.0760615431008307,1.0760615431008307,1.0785753706975076,-6.059319785327862,0.0,-0.0006658698963125653,2023-12-11 10:00:00+00:00,2023-12-11 12:30:00+00:00,0 days 02:30:00,B_long,0.0006166626459466561,0.0007378298149478731,1.07739,1.07739,1.07608,1.07608,1.0,0.0
8431,82056,82063,1.078578702249556,1.078092351540038,1.078092351540038,1.0796429453798864,-4.10042283194693,0.0,-0.00045091814672748587,2023-12-13 07:30:00+00:00,2023-12-13 09:15:00+00:00,0 days 01:45:00,B_long,0.00038662866530047316,0.0005677538769955935,1.07998,1.07998,1.07842,1.07842,1.0,1.0
-8328,82356,82366,1.091330112569326,1.0920033556739415,1.0920033556739415,1.0896699329781758,-5.606768575237659,0.0,-0.0006169014277728202,2023-12-18 10:30:00+00:00,2023-12-18 13:00:00+00:00,0 days 02:30:00,B_short,0.0006095749174159757,0.0006538289284693533,1.09157,1.09157,1.08939,1.08939,1.0,0.0
-8312,82442,82442,1.0927499826112423,1.0934258058210604,1.0934258058210604,1.0910425825368186,-5.6174425200078115,0.0,-0.0006184609659778406,2023-12-19 08:00:00+00:00,2023-12-19 08:00:00+00:00,0 days 00:00:00,B_short,0.0006456983782523599,0.0006456983782523599,1.09289,1.09289,1.09148,1.09148,1.0,1.0
8278,82538,82540,1.0967503651639117,1.096212286291409,1.096212286291409,1.0980831411257734,-4.454216906577173,0.0,-0.0004906119839059864,2023-12-20 08:00:00+00:00,2023-12-20 08:30:00+00:00,0 days 00:30:00,B_long,0.0005053518807789574,0.0006295309682295234,1.09793,1.09793,1.09644,1.09644,1.0,1.0
8292,82640,82646,1.094350145516446,1.09596490366824,1.09367836544392,1.09596490366824,13.389574594675977,0.0,0.0014755406744446642,2023-12-21 09:30:00+00:00,2023-12-21 11:00:00+00:00,0 days 01:30:00,B_long,0.0005567499486026507,0.0006577742909335463,1.09558,1.09558,1.0941,1.0941,1.0,1.0
8261,82727,82731,1.1000706690095727,1.101115325886458,1.0995748913711807,1.101115325886458,8.62991045995008,0.0,0.0009496270615285685,2023-12-22 07:15:00+00:00,2023-12-22 08:15:00+00:00,0 days 01:00:00,B_long,0.000403094144976741,0.0006471125308579117,1.10096,1.10096,1.09954,1.09954,1.0,1.0
-8268,82818,82819,1.099959322753647,1.100553780042158,1.100553780042158,1.0986986598735258,-4.914972861409288,0.0,-0.0005404357017702033,2023-12-25 07:15:00+00:00,2023-12-25 07:30:00+00:00,0 days 00:15:00,B_short,0.0005032760365370355,0.0005775058983321056,1.10149,1.10149,1.09933,1.09933,1.0,1.0
8250,82870,82873,1.101930839236359,1.1014260537270906,1.1014260537270906,1.103081838818728,-4.164480451463948,0.0,-0.00045809182508960156,2023-12-26 10:15:00+00:00,2023-12-26 11:00:00+00:00,0 days 00:45:00,B_long,0.0003880867698548207,0.0003664078913692004,1.10286,1.10286,1.10156,1.10156,1.0,1.0
-8233,82956,82956,1.103588990536855,1.104100957958479,1.104100957958479,1.1024171261245628,-4.215027782230977,0.0,-0.00046391131663514606,2023-12-27 07:45:00+00:00,2023-12-27 07:45:00+00:00,0 days 00:00:00,B_short,0.00046483023068186354,0.00046483023068186354,1.10439,1.10439,1.10286,1.10286,1.0,1.0
-8166,83067,83076,1.1120782135339446,1.1097793341789342,1.1129535552736887,1.1097793341789342,18.772648813015717,0.0,0.002067192151624986,2023-12-28 11:30:00+00:00,2023-12-28 13:45:00+00:00,0 days 02:15:00,B_short,0.0007864145705300551,0.0011247631823654756,1.11224,1.11224,1.1108,1.1108,1.0,0.0
8226,83160,83168,1.106401248329764,1.1055531703668795,1.1055531703668795,1.1084604888993612,-6.976289322688329,0.0,-0.0007665193474472032,2023-12-29 10:45:00+00:00,2023-12-29 12:45:00+00:00,0 days 02:00:00,B_long,0.0006939190153710722,0.0009726916174677917,1.10842,1.10842,1.10608,1.10608,1.0,0.0
8243,83246,83251,1.1033109655336517,1.1022989137884378,1.1022989137884378,1.1060232586346863,-8.342342535798213,0.0,-0.0009172860388678705,2024-01-02 08:15:00+00:00,2024-01-02 09:30:00+00:00,0 days 01:15:00,B_long,0.0008936080500204928,0.0008841696048938637,1.10432,1.10432,1.10165,1.10165,1.0,1.0
-8295,83343,83349,1.0951797602181832,1.0933924373982995,1.0959091875339002,1.0933924373982995,14.825842790935264,0.0,0.0016319903679808956,2024-01-03 08:30:00+00:00,2024-01-03 10:00:00+00:00,0 days 01:30:00,B_short,0.0006452958627135212,0.0006947456753083103,1.09627,1.09627,1.09412,1.09412,1.0,1.0
8324,83636,83651,1.0933400530814708,1.095407759905619,1.092530746698127,1.095407759905619,17.211591604209126,0.0,0.0018911836425643536,2024-01-08 09:45:00+00:00,2024-01-08 13:30:00+00:00,0 days 03:45:00,B_long,0.0007566861949565944,0.0006793002533519857,1.0953,1.0953,1.09306,1.09306,1.0,0.0
8327,83729,83729,1.0950702114106858,1.0943699857952438,1.0943699857952438,1.0967300426142683,-5.830778699785779,0.0,-0.000639434447349263,2024-01-09 09:00:00+00:00,2024-01-09 09:00:00+00:00,0 days 00:00:00,B_long,0.0006780123107886201,0.0006780123107886201,1.09663,1.09663,1.0948,1.0948,1.0,1.0
8338,83818,83819,1.0928300064063843,1.09392102090886,1.09233299303038,1.09392102090886,9.096878921641702,0.0,0.000998338713322111,2024-01-10 07:15:00+00:00,2024-01-10 07:30:00+00:00,0 days 00:15:00,B_long,0.0004654060403373282,0.0005140185682923656,1.09363,1.09363,1.09261,1.09261,1.0,1.0
-8348,83821,83821,1.092510004575989,1.0933068160925201,1.0933068160925201,1.0904795517224397,-6.651782540001657,0.0,-0.0007293402469483734,2024-01-10 08:00:00+00:00,2024-01-10 08:00:00+00:00,0 days 00:00:00,B_short,0.0007579072801840438,0.0007579072801840438,1.09363,1.09363,1.09261,1.09261,1.0,1.0
8338,83822,83829,1.0931700375231086,1.095353721840552,1.092322092719816,1.095353721840552,18.20755983884327,0.0,0.0019975705905654895,2024-01-10 08:15:00+00:00,2024-01-10 10:00:00+00:00,0 days 01:45:00,B_long,0.0008181863094928587,0.0006735795533044525,1.09363,1.09363,1.09261,1.09261,1.0,1.0
-8315,83915,83917,1.0981594874892464,1.0971915500830136,1.0986294833056622,1.0971915500830136,8.048399532825727,0.0,0.0008814178789693372,2024-01-11 07:30:00+00:00,2024-01-11 08:00:00+00:00,0 days 00:30:00,B_short,0.00036621886490722356,0.00043471550297476477,1.09847,1.09847,1.0973,1.0973,1.0,1.0
8326,83930,83939,1.0977804594292826,1.0970814933200588,1.0970814933200588,1.0995555200398233,-5.819591825397524,0.0,-0.0006367084631723197,2024-01-11 11:15:00+00:00,2024-01-11 13:30:00+00:00,0 days 02:15:00,B_long,0.000624039122615637,0.0012925141598103462,1.09847,1.09847,1.0973,1.0973,1.0,0.0
8322,84014,84016,1.0976904511925027,1.0969754660339155,1.0969754660339155,1.0993936018982535,-5.950106489763142,0.0,-0.0006513540842142396,2024-01-12 08:15:00+00:00,2024-01-12 08:45:00+00:00,0 days 00:30:00,B_long,0.0006199294372731692,0.0007152358884407409,1.09853,1.09853,1.09725,1.09725,1.0,1.0
8342,84122,84175,1.0943401446012484,1.0936607731370076,1.0936607731370076,1.0959376805889773,-5.667316754696726,0.0,-0.0006208046626018371,2024-01-15 11:15:00+00:00,2024-01-16 00:30:00+00:00,0 days 13:15:00,B_long,0.0005679966145933867,0.00036705546964983896,1.09675,1.09461,1.09407,1.09126,1.0,0.0
8352,84204,84205,1.0923699643072868,1.091723379236999,1.091723379236999,1.0938698622890033,-5.400278507044703,0.0,-0.0005919103338748455,2024-01-16 07:45:00+00:00,2024-01-16 08:00:00+00:00,0 days 00:15:00,B_long,0.0005824046612677079,0.0006114173730986684,1.09461,1.09461,1.09126,1.09126,1.0,1.0
-8364,84394,84396,1.089950238866619,1.0886373854365037,1.0905342048544988,1.0886373854365037,10.980706089483732,0.0,0.0012045076768645302,2024-01-18 07:15:00+00:00,2024-01-18 07:45:00+00:00,0 days 00:30:00,B_short,0.0005136442072322601,0.0005865149823211103,1.09028,1.09028,1.08802,1.08802,1.0,1.0
8386,84402,84415,1.088589618362528,1.0878141880265602,1.0878141880265602,1.0905574359203196,-6.502758797427157,0.0,-0.0007123256761665253,2024-01-18 09:15:00+00:00,2024-01-18 12:30:00+00:00,0 days 03:15:00,B_long,0.0007370370436478981,0.0006186217340524742,1.09028,1.09028,1.08802,1.08802,1.0,0.0
8386,84497,84519,1.0878095469771016,1.0871075393799454,1.0871075393799454,1.0895173818601636,-5.887035709752043,0.0,-0.0006453405369598597,2024-01-19 09:00:00+00:00,2024-01-19 14:30:00+00:00,0 days 05:30:00,B_long,0.000603465870713961,0.0007461941565383367,1.08896,1.08896,1.08762,1.08762,1.0,0.0
8370,84593,84601,1.0892596796807787,1.088545832305973,1.088545832305973,1.0910425030820812,-5.974902527124904,0.0,-0.000655350958198575,2024-01-22 09:00:00+00:00,2024-01-22 11:00:00+00:00,0 days 02:00:00,B_long,0.000619612001490056,0.0005463895946771951,1.09091,1.09091,1.08912,1.08912,1.0,1.0
-8353,84684,84689,1.0905301857851482,1.0888734753683238,1.0911621748772253,1.0888734753683238,13.838502111733867,0.0,0.001519178871359328,2024-01-23 07:45:00+00:00,2024-01-23 09:00:00+00:00,0 days 01:15:00,B_short,0.0005665515602619083,0.0006822612654674457,1.09079,1.09079,1.08756,1.08756,1.0,1.0
8417,84977,84982,1.0841292101843207,1.0860593560695204,1.0833402146434932,1.0860593560695204,16.246037915725754,0.0,0.0017803651696384204,2024-01-26 09:00:00+00:00,2024-01-26 10:15:00+00:00,0 days 01:15:00,B_long,0.0007291473089725049,0.0008234511957732657,1.08488,1.08488,1.08373,1.08373,1.0,1.0
8445,85165,85167,1.0823790500247101,1.0817805837892995,1.0817805837892995,1.0837382486321017,-5.054047358042514,0.0,-0.0005529174233341871,2024-01-30 08:00:00+00:00,2024-01-30 08:30:00+00:00,0 days 00:30:00,B_long,0.0005494940492737132,0.0006194866414544765,1.08422,1.08422,1.08218,1.08218,1.0,1.0
8439,85168,85169,1.0825390646678748,1.0818205133585457,1.0818205133585457,1.0842984599243632,-6.063854499428056,0.0,-0.0006637647848297679,2024-01-30 08:45:00+00:00,2024-01-30 09:00:00+00:00,0 days 00:15:00,B_long,0.000624888422593864,0.000625569966248033,1.08422,1.08422,1.08218,1.08218,1.0,1.0
8433,85172,85178,1.0826190719894568,1.0843790843239458,1.0819136385586847,1.0843790843239458,14.842184016745481,0.0,0.0016256986229281623,2024-01-30 09:45:00+00:00,2024-01-30 11:15:00+00:00,0 days 01:30:00,B_long,0.0006115132491398379,0.0006100188685491306,1.08422,1.08422,1.08218,1.08218,1.0,1.0
-8434,85181,85184,1.0840807760877125,1.084834236394599,1.084834236394599,1.0822572908162027,-6.354684228281675,0.0,-0.000695022293085712,2024-01-30 12:00:00+00:00,2024-01-30 12:45:00+00:00,0 days 00:45:00,B_short,0.0005956715419859288,0.0006425038156275636,1.08422,1.08422,1.08218,1.08218,0.0,0.0
8445,85258,85259,1.0821190262295681,1.0816861577874035,1.0816861577874035,1.0829415266377898,-3.65557399408016,0.0,-0.00040001925081467604,2024-01-31 07:15:00+00:00,2024-01-31 07:30:00+00:00,0 days 00:15:00,B_long,0.0003213299175836364,0.00034381926190583175,1.08481,1.08481,1.08159,1.08159,1.0,1.0
8443,85263,85274,1.0819690125016017,1.083803645260806,1.0811987849130646,1.083803645260806,15.489804385961548,0.0,0.0016956426089898002,2024-01-31 08:30:00+00:00,2024-01-31 11:15:00+00:00,0 days 02:45:00,B_long,0.0006630530753440061,0.0007669430095026625,1.08481,1.08481,1.08159,1.08159,1.0,1.0
8467,85371,85384,1.0806488916954953,1.0827869787384616,1.0798310070871795,1.0827869787384616,18.1031829927962,0.0,0.0019785214785275063,2024-02-01 11:30:00+00:00,2024-02-01 14:45:00+00:00,0 days 03:15:00,B_long,0.0007351271911112108,0.0009320433816783396,1.08217,1.08217,1.08016,1.08016,1.0,0.0
-8425,85451,85451,1.0879304237365695,1.0885258054417337,1.0885258054417337,1.0865825836747984,-5.016090866008943,0.0,-0.0005472608286101188,2024-02-02 07:30:00+00:00,2024-02-02 07:30:00+00:00,0 days 00:00:00,B_short,0.0004970313828360154,0.0004970313828360154,1.08825,1.08825,1.08701,1.08701,1.0,1.0
-8423,85455,85457,1.087610453022898,1.0883724793920269,1.0883724793920269,1.0857625618239195,-6.418548107171965,0.0,-0.0007006427411679894,2024-02-02 08:30:00+00:00,2024-02-02 09:00:00+00:00,0 days 00:30:00,B_short,0.0006534821397566413,0.0006673710294172203,1.08825,1.08825,1.08701,1.08701,1.0,1.0
-8414,85464,85475,1.088040413669394,1.0859861576635708,1.0888712807788097,1.0859861576635708,17.284510032996465,0.0,0.0018880328157069304,2024-02-02 10:45:00+00:00,2024-02-02 13:30:00+00:00,0 days 02:45:00,B_short,0.0007064433416351337,0.0014530110922058048,1.08825,1.08825,1.08701,1.08701,1.0,0.0
-8515,85551,85556,1.0771814075741768,1.0753275023668316,1.0779308325443895,1.0753275023668316,15.786002840544256,0.0,0.0017210705590622322,2024-02-05 08:30:00+00:00,2024-02-05 09:45:00+00:00,0 days 01:15:00,B_short,0.0006520548718042703,0.0006722722890756454,1.07831,1.07831,1.07673,1.07673,1.0,1.0
-8546,85645,85645,1.0750716006809071,1.0756370582473493,1.0756370582473493,1.0737688252579518,-4.832400362815195,0.0,-0.0005259720060357687,2024-02-06 08:00:00+00:00,2024-02-06 08:00:00+00:00,0 days 00:00:00,B_short,0.00047945048103621637,0.00047945048103621637,1.07541,1.07541,1.07409,1.07409,1.0,1.0
-8541,85648,85652,1.0750616015961048,1.073614971582732,1.075688342805756,1.073614971582732,12.35566694421762,0.0,0.0013456252285684034,2024-02-06 08:45:00+00:00,2024-02-06 09:45:00+00:00,0 days 01:00:00,B_short,0.0005385637649886094,0.0006646131297153186,1.07541,1.07541,1.07409,1.07409,1.0,1.0
-8542,85742,85748,1.076441475298812,1.0770060740014382,1.0770060740014382,1.075181777995685,-4.822802117832584,0.0,-0.0005245047831972105,2024-02-07 08:15:00+00:00,2024-02-07 09:45:00+00:00,0 days 01:30:00,B_short,0.0004872641345799002,0.0004823539718116928,1.07665,1.07665,1.07559,1.07559,1.0,1.0
-8538,85752,85755,1.0764314762140097,1.0770722167929099,1.0770722167929099,1.0749433496212706,-5.470643062649724,0.0,-0.0005952451159769723,2024-02-07 10:45:00+00:00,2024-02-07 11:30:00+00:00,0 days 00:45:00,B_short,0.0005145878871884378,0.0005633035816749627,1.07665,1.07665,1.07559,1.07559,1.0,1.0
8523,85841,85848,1.0778186326945252,1.0771641037692434,1.0771641037692434,1.0793476886922695,-5.5785500301761655,0.0,-0.0006072718595014903,2024-02-08 09:00:00+00:00,2024-02-08 10:45:00+00:00,0 days 01:45:00,B_long,0.0005531100666556624,0.0005671911445328038,1.07883,1.07883,1.07744,1.07744,1.0,1.0
-8520,85934,85934,1.0773513920158146,1.0778560164056343,1.0778560164056343,1.0762719507830973,-4.299399801263721,0.0,-0.00046839350054161955,2024-02-09 08:15:00+00:00,2024-02-09 08:15:00+00:00,0 days 00:00:00,B_short,0.00048454755154963186,0.00048454755154963186,1.07786,1.07786,1.07693,1.07693,1.0,1.0
-8516,85936,85955,1.0774513828638368,1.078083941211343,1.078083941211343,1.0759081763659708,-5.386866887362763,0.0,-0.0005870876009503867,2024-02-09 08:45:00+00:00,2024-02-09 13:30:00+00:00,0 days 04:45:00,B_short,0.000528749049830644,0.0008539474033658649,1.07786,1.07786,1.07693,1.07693,1.0,0.0
-8500,86030,86034,1.0788412556513463,1.0772003136531414,1.0795198954489529,1.0772003136531414,13.948006984741301,0.0,0.0015210226616835243,2024-02-12 08:15:00+00:00,2024-02-12 09:15:00+00:00,0 days 01:00:00,B_short,0.0006705760557591091,0.0006515832637735533,1.07997,1.07997,1.07893,1.07893,1.0,1.0
-8526,86123,86123,1.07706141855655,1.0774934702549885,1.0774934702549885,1.076159589235034,-3.683672780887752,0.0,-0.00040113933244190214,2024-02-13 07:30:00+00:00,2024-02-13 07:30:00+00:00,0 days 00:00:00,B_short,0.0004196742209901645,0.0004196742209901645,1.07744,1.07744,1.07606,1.07606,1.0,1.0
-8522,86136,86137,1.077201405743781,1.0778553067676655,1.0778553067676655,1.0756340796970032,-5.572544525542915,0.0,-0.0006070369202988424,2024-02-13 10:45:00+00:00,2024-02-13 11:00:00+00:00,0 days 00:15:00,B_short,0.0005345991986434991,0.0005659859721577205,1.07744,1.07744,1.07606,1.07606,1.0,1.0
-8516,86140,86141,1.0773013965918035,1.0780036072413095,1.0780036072413095,1.0755891782760711,-5.980025891193445,0.0,-0.0006518237623449608,2024-02-13 11:45:00+00:00,2024-02-13 12:00:00+00:00,0 days 00:15:00,B_short,0.0006031262758016217,0.0005933761056947281,1.07744,1.07744,1.07606,1.07606,1.0,0.0
-8559,86218,86221,1.071171957608039,1.0700885368367736,1.0716638210544087,1.0700885368367736,9.272998381259967,0.0,0.001011434964825475,2024-02-14 07:15:00+00:00,2024-02-14 08:00:00+00:00,0 days 00:45:00,B_short,0.0004253115804876118,0.0005441094940240865,1.0715,1.0715,1.07032,1.07032,1.0,1.0
8574,86224,86226,1.07060797283693,1.0698951355355997,1.0698951355355997,1.0723945933932006,-6.111867021606127,0.0,-0.0006658247644479864,2024-02-14 08:45:00+00:00,2024-02-14 09:15:00+00:00,0 days 00:30:00,B_long,0.000621549202480266,0.0006515636231962632,1.0715,1.0715,1.07032,1.07032,1.0,1.0
8569,86233,86234,1.0704579591089634,1.0697923742550988,1.0697923742550988,1.0720628772347036,-5.703396612765646,0.0,-0.0006217757999750217,2024-02-14 11:00:00+00:00,2024-02-14 11:15:00+00:00,0 days 00:15:00,B_long,0.0005546089789144387,0.0005499944483925237,1.0715,1.0715,1.07032,1.07032,1.0,1.0
8563,86236,86248,1.0705479673457432,1.0722239855658202,1.0698586714780598,1.0722239855658202,14.351744018519467,0.0,0.001565570409920447,2024-02-14 11:45:00+00:00,2024-02-14 14:45:00+00:00,0 days 03:00:00,B_long,0.0006164847190148132,0.0007353716598574212,1.0715,1.0715,1.07032,1.07032,1.0,0.0
-8554,86317,86317,1.0731817736532865,1.0737115567168847,1.0737115567168847,1.071985329849346,-4.531764326018902,0.0,-0.0004936564118067643,2024-02-15 08:00:00+00:00,2024-02-15 08:00:00+00:00,0 days 00:00:00,B_short,0.00047534915463328574,0.00047534915463328574,1.07354,1.07354,1.07246,1.07246,1.0,1.0
-8548,86333,86334,1.0734417498581443,1.0739242008295151,1.0739242008295151,1.072347397511455,-4.123990903277468,0.0,-0.00044944308476413397,2024-02-15 12:00:00+00:00,2024-02-15 12:15:00+00:00,0 days 00:15:00,B_short,0.0003923073855796567,0.00042799973416902015,1.07354,1.07354,1.07246,1.07246,0.0,0.0
8511,86519,86528,1.0778086317793274,1.0772663812971464,1.0772663812971464,1.0790008561085613,-4.615093853842825,0.0,-0.0005031046014967178,2024-02-19 10:30:00+00:00,2024-02-19 12:45:00+00:00,0 days 02:15:00,B_long,0.00042646954247329313,0.0004155157733007212,1.07889,1.07889,1.07748,1.07748,1.0,0.0
-8468,86895,86900,1.0825509161129718,1.0814230490718129,1.0830856503093957,1.0814230490718129,9.550778104534157,0.0,0.0010418605022373129,2024-02-23 08:30:00+00:00,2024-02-23 09:45:00+00:00,0 days 01:15:00,B_short,0.00040156360147621233,0.0004784338624301579,1.08318,1.08318,1.08149,1.08149,1.0,1.0
-8455,87091,87101,1.0852806662639796,1.0858901508316223,1.0858901508316223,1.083849547505133,-5.153192019419532,0.0,-0.000561591656968119,2024-02-27 09:30:00+00:00,2024-02-27 12:00:00+00:00,0 days 02:30:00,B_short,0.0004901307207392368,0.0004648576055975745,1.08553,1.08553,1.08454,1.08454,1.0,0.0
-8463,87281,87281,1.083790802628448,1.0844394699684525,1.0844394699684525,1.0817215900946426,-5.48967169845869,0.0,-0.0005985171108957577,2024-02-29 09:00:00+00:00,2024-02-29 09:00:00+00:00,0 days 00:00:00,B_short,0.0007782073059921682,0.0007782073059921682,1.08403,1.08403,1.0828,1.0828,1.0,1.0
-8458,87289,87299,1.083670813610821,1.0844538038853857,1.0844538038853857,1.0817585883438428,-6.622531742267659,0.0,-0.0007225351691033666,2024-02-29 11:00:00+00:00,2024-02-29 13:30:00+00:00,0 days 02:30:00,B_short,0.0006546300340009085,0.0007924264249743281,1.08403,1.08403,1.0828,1.0828,1.0,0.0
8475,87384,87400,1.0808989145754397,1.080079613389851,1.080079613389851,1.0829611598304472,-6.943577547865221,0.0,-0.0007579813195673912,2024-03-01 10:45:00+00:00,2024-03-01 14:45:00+00:00,0 days 04:00:00,B_long,0.0006710017287957695,0.0006919340776921704,1.08218,1.08218,1.08052,1.08052,1.0,0.0
-8438,87467,87468,1.0847107184302527,1.0850880553889088,1.0850880553889088,1.0838558338332738,-3.183969257140681,0.0,-0.00034786874716452587,2024-03-04 07:30:00+00:00,2024-03-04 07:45:00+00:00,0 days 00:15:00,B_short,0.0003283146703876553,0.0003485393810026394,1.0848,1.0848,1.08385,1.08385,1.0,1.0
-8440,87471,87474,1.0840907751725146,1.0846868140239532,1.0846868140239532,1.0826995579281404,-5.030567906141377,0.0,-0.0005498052977561674,2024-03-04 08:30:00+00:00,2024-03-04 09:15:00+00:00,0 days 00:45:00,B_short,0.0005065721540927123,0.0005220915622345636,1.0848,1.0848,1.08385,1.08385,1.0,1.0
8429,87566,87568,1.0850592952977136,1.084577390142418,1.084577390142418,1.086027829572746,-4.061978553986266,0.0,-0.00044412794525050536,2024-03-05 08:15:00+00:00,2024-03-05 08:45:00+00:00,0 days 00:30:00,B_long,0.0003702618765711322,0.0003881522539578554,1.08552,1.08552,1.08475,1.08475,1.0,1.0
8422,87570,87577,1.0854293291600312,1.0849069347132365,1.0849069347132365,1.08659919586029,-4.399606030904913,0.0,-0.00048127909644657407,2024-03-05 09:15:00+00:00,2024-03-05 11:00:00+00:00,0 days 01:45:00,B_long,0.00042265658186169423,0.00037329613205075977,1.08552,1.08552,1.08475,1.08475,1.0,1.0
8387,87757,87757,1.08947969981513,1.089017785582337,1.089017785582337,1.0904266432529885,-3.874074670433618,0.0,-0.00042397690647311137,2024-03-07 08:00:00+00:00,2024-03-07 08:00:00+00:00,0 days 00:00:00,B_long,0.000414585828641176,0.000414585828641176,1.09073,1.09073,1.08936,1.08936,1.0,1.0
8380,87761,87762,1.0898597345926455,1.089355192573178,1.089355192573178,1.0910544222804661,-4.228062123138412,0.0,-0.00046294215985154263,2024-03-07 09:00:00+00:00,2024-03-07 09:15:00+00:00,0 days 00:15:00,B_long,0.00042283310324579766,0.0004517886894796878,1.09073,1.09073,1.08936,1.08936,1.0,1.0
8378,87769,87778,1.08974972452547,1.0891554789616478,1.0891554789616478,1.0910935631150565,-4.978589333701963,0.0,-0.0005453046240327941,2024-03-07 11:00:00+00:00,2024-03-07 13:15:00+00:00,0 days 02:15:00,B_long,0.0004679182332384431,0.0006927885744743462,1.09073,1.09073,1.08936,1.08936,1.0,0.0
-8340,87952,87952,1.0938298837698828,1.0943443576403227,1.0943443576403227,1.0926869270790323,-4.290712079468784,0.0,-0.00047034175795857003,2024-03-11 07:45:00+00:00,2024-03-11 07:45:00+00:00,0 days 00:00:00,B_short,0.0004617766216129561,0.0004617766216129561,1.09465,1.09465,1.09369,1.09369,1.0,1.0
8338,87962,87972,1.093820097010964,1.0932548123008965,1.0932548123008965,1.0951555630973109,-4.713343912542386,0.0,-0.0005167986139696934,2024-03-11 10:15:00+00:00,2024-03-11 12:45:00+00:00,0 days 02:30:00,B_long,0.0004678293392231275,0.00043903158565128365,1.09465,1.09465,1.09369,1.09369,1.0,0.0
8342,88055,88067,1.0927700009151977,1.0922951336073836,1.0922951336073836,1.0937945991778493,-3.961343081785201,0.0,-0.000434553755517042,2024-03-12 09:30:00+00:00,2024-03-12 12:30:00+00:00,0 days 03:00:00,B_long,0.00040088420693417515,0.0008264083278031431,1.09391,1.09391,1.09267,1.09267,1.0,0.0
-8338,88149,88155,1.0926399926784178,1.0931729024300076,1.0931729024300076,1.0914812927099775,-4.443401508755888,0.0,-0.00048772674912211933,2024-03-13 09:00:00+00:00,2024-03-13 10:30:00+00:00,0 days 01:30:00,B_short,0.0004331821060064958,0.0004461425591581597,1.09306,1.09306,1.0922,1.0922,1.0,1.0
-8331,88157,88157,1.0929399652224845,1.0934926568846037,1.0934926568846037,1.0917220293461891,-4.604474237115408,0.0,-0.0005056926086572933,2024-03-13 11:00:00+00:00,2024-03-13 11:00:00+00:00,0 days 00:00:00,B_short,0.0004569692999899234,0.0004569692999899234,1.09306,1.09306,1.0922,1.0922,1.0,1.0
8320,88238,88239,1.0941201244668972,1.0937687898661903,1.0937687898661903,1.0946936304014294,-2.9231038778814877,0.0,-0.00032111154237113304,2024-03-14 07:15:00+00:00,2024-03-14 07:30:00+00:00,0 days 00:15:00,B_long,0.00024704878263519725,0.00035144227828384913,1.09547,1.09547,1.09389,1.09389,1.0,1.0
8315,88243,88243,1.0943301436860504,1.0938118937228476,1.0938118937228476,1.0955243188314576,-4.309248444031461,0.0,-0.00047357734427122544,2024-03-14 08:30:00+00:00,2024-03-14 08:30:00+00:00,0 days 00:00:00,B_long,0.00043502544019881513,0.00043502544019881513,1.09547,1.09547,1.09389,1.09389,1.0,1.0
8312,88246,88258,1.0942301345340728,1.093681692002695,1.093681692002695,1.0955149239919144,-4.55865432081192,0.0,-0.0005012131489243732,2024-03-14 09:15:00+00:00,2024-03-14 12:15:00+00:00,0 days 03:00:00,B_long,0.00043986693099754546,0.00048803497551615325,1.09547,1.09547,1.09389,1.09389,1.0,0.0
-8353,88341,88341,1.088170401771823,1.0886424286182512,1.0886424286182512,1.087192714145246,-3.9428402482149183,0.0,-0.00043378026608675846,2024-03-15 09:00:00+00:00,2024-03-15 09:00:00+00:00,0 days 00:00:00,B_short,0.0003887714691511023,0.0003887714691511023,1.08845,1.08845,1.0873,1.0873,1.0,1.0
-8360,88623,88625,1.0868105262387202,1.0859748579178612,1.0872083806940462,1.0859748579178612,6.986187162381388,0.0,0.000768918133090879,2024-03-20 07:30:00+00:00,2024-03-20 08:00:00+00:00,0 days 00:30:00,B_short,0.0003099299348400213,0.000399902928835403,1.08711,1.08711,1.08582,1.08582,1.0,1.0
-8314,88719,88720,1.0936399011586402,1.0926338911661795,1.0940953696112736,1.0926338911661795,8.363967077318252,0.0,0.0009198731606215871,2024-03-21 07:30:00+00:00,2024-03-21 07:45:00+00:00,0 days 00:15:00,B_short,0.00041798699643711524,0.0004369220635788487,1.09389,1.09389,1.09307,1.09307,1.0,1.0
8402,88814,88814,1.0834191452052788,1.082871655788427,1.082871655788427,1.0845850326347186,-4.600006080388718,0.0,-0.0005053348182693096,2024-03-22 07:15:00+00:00,2024-03-22 07:15:00+00:00,0 days 00:00:00,B_long,0.0005072316500298303,0.0005072316500298303,1.08679,1.08679,1.08311,1.08311,1.0,1.0
-8386,89007,89011,1.0846307257518348,1.0850437691504886,1.0850437691504886,1.0838286925485343,-3.4637819411105863,0.0,-0.0003808147684249974,2024-03-26 07:30:00+00:00,2024-03-26 08:30:00+00:00,0 days 01:00:00,B_short,0.00035126659709013296,0.0004436488944096819,1.08481,1.08481,1.08358,1.08358,1.0,1.0
-8384,89014,89014,1.084590729412626,1.085147007391801,1.085147007391801,1.083358977824597,-4.663834577403307,0.0,-0.000512892065264392,2024-03-26 09:15:00+00:00,2024-03-26 09:15:00+00:00,0 days 00:00:00,B_short,0.000494073072894288,0.000494073072894288,1.08481,1.08481,1.08358,1.08358,1.0,1.0
-8392,89112,89121,1.0829608785898632,1.0816432233233968,1.083532258892201,1.0816432233233968,11.057762996186307,0.0,0.0012167154811558722,2024-03-27 09:45:00+00:00,2024-03-27 12:00:00+00:00,0 days 02:15:00,B_short,0.00046795770657421203,0.000549213672294365,1.08327,1.08327,1.08205,1.08205,1.0,0.0
8446,89300,89305,1.077518605238592,1.0784233704799844,1.0770855431733386,1.0784233704799844,7.641647228799105,0.0,0.0008396748204564375,2024-03-29 08:45:00+00:00,2024-03-29 10:00:00+00:00,0 days 01:15:00,B_long,0.000353862583106556,0.0003734244873341435,1.07913,1.07913,1.07736,1.07736,1.0,1.0
8445,89406,89409,1.0785687013343583,1.0781360537631854,1.0781360537631854,1.079511838710444,-3.653708738555098,0.0,-0.0004011312127244482,2024-04-01 11:15:00+00:00,2024-04-01 12:00:00+00:00,0 days 00:45:00,B_long,0.00033008673857262753,0.0003685394265612049,1.07987,1.07987,1.07827,1.07827,1.0,0.0
-8480,89490,89496,1.0735217425365622,1.0741710941841125,1.0741710941841125,1.0720067174476628,-5.5065019712266405,0.0,-0.0006048798285314128,2024-04-02 08:15:00+00:00,2024-04-02 09:45:00+00:00,0 days 01:30:00,B_short,0.0006009482928973676,0.0005538167193364162,1.07388,1.07388,1.07259,1.07259,1.0,1.0
8446,89584,89589,1.0773185869346367,1.0768356689374958,1.0768356689374958,1.0783729931875128,-4.078725403851547,0.0,-0.0004482592271195518,2024-04-03 07:45:00+00:00,2024-04-03 09:00:00+00:00,0 days 01:15:00,B_long,0.0003704202541702498,0.0004428057118441372,1.07793,1.07793,1.07658,1.07658,1.0,1.0
-8392,89781,89793,1.0836408163564144,1.084242510144104,1.084242510144104,1.082272469567688,-5.049414266291077,0.0,-0.0005552520527167815,2024-04-05 09:00:00+00:00,2024-04-05 12:00:00+00:00,0 days 03:00:00,B_short,0.0004615087915567591,0.00048588444010962795,1.08439,1.08439,1.08233,1.08233,1.0,0.0
8395,89879,89889,1.0828690948694013,1.0822458613083616,1.0822458613083616,1.0842624160749155,-5.232045744927945,0.0,-0.0005755391524169262,2024-04-08 09:30:00+00:00,2024-04-08 12:00:00+00:00,0 days 02:30:00,B_long,0.0004915868660866257,0.00043150051241728143,1.08432,1.08432,1.0823,1.0823,1.0,0.0
8366,89966,89967,1.085939375835118,1.085460020364354,1.085460020364354,1.0868999389069378,-4.010287868410214,0.0,-0.0004414201026601283,2024-04-09 07:15:00+00:00,2024-04-09 07:30:00+00:00,0 days 00:15:00,B_long,0.00037998235089319493,0.0003959847041074283,1.08635,1.08635,1.0854,1.0854,1.0,1.0
8365,89971,89977,1.085579342887998,1.086658300795488,1.085100566401504,1.086658300795488,9.02548289615308,0.0,0.0009939005514045807,2024-04-09 08:30:00+00:00,2024-04-09 10:00:00+00:00,0 days 01:30:00,B_long,0.000384175785363218,0.00041570433565964746,1.08635,1.08635,1.0854,1.0854,1.0,1.0
-8369,89984,89985,1.0859106086065198,1.0864925132869092,1.0864925132869092,1.0846424601392726,-4.869960270179169,0.0,-0.0005358679395683907,2024-04-09 11:45:00+00:00,2024-04-09 12:00:00+00:00,0 days 00:15:00,B_short,0.00044084484865466637,0.0004927322021673623,1.08635,1.08635,1.0854,1.0854,1.0,0.0
-8367,90070,90070,1.085610636062453,1.086145359420741,1.086145359420741,1.0843639217377772,-4.4740303387972995,0.0,-0.0004925553789962844,2024-04-10 09:15:00+00:00,2024-04-10 09:15:00+00:00,0 days 00:00:00,B_short,0.00045531149797550135,0.00045531149797550135,1.08588,1.08588,1.08504,1.08504,1.0,1.0
-8364,90081,90081,1.0854506507056174,1.085984515310686,1.085984515310686,1.0842864540679424,-4.465243556793317,0.0,-0.000491836828069081,2024-04-10 12:00:00+00:00,2024-04-10 12:00:00+00:00,0 days 00:00:00,B_short,0.00044124660259441,0.00044124660259441,1.08588,1.08588,1.08504,1.08504,0.0,0.0
8449,90158,90159,1.0742683077993154,1.0736214554463692,1.0736214554463692,1.075855633660892,-5.465255530042003,0.0,-0.0006021329571485046,2024-04-11 07:15:00+00:00,2024-04-11 07:30:00+00:00,0 days 00:15:00,B_long,0.000546738613146547,0.0005858401313936677,1.07489,1.07489,1.07383,1.07383,1.0,1.0
-8445,90165,90178,1.0739517031830577,1.072154057047287,1.0746819809842376,1.072154057047287,15.181121616583681,0.0,0.0016738612457549706,2024-04-11 09:00:00+00:00,2024-04-11 12:15:00+00:00,0 days 03:15:00,B_short,0.000631716853006051,0.0006776896891238699,1.07489,1.07489,1.07383,1.07383,1.0,0.0
-8525,90359,90365,1.0655624710339904,1.0662049423207387,1.0662049423207387,1.0639851730377838,-5.4770677195294715,0.0,-0.0006029409858296919,2024-04-15 09:30:00+00:00,2024-04-15 11:00:00+00:00,0 days 01:30:00,B_short,0.0005209500113069309,0.0005728346831825961,1.06589,1.06589,1.06391,1.06391,1.0,1.0
-8519,90368,90371,1.0656924591364194,1.0641690791805618,1.0663569736064793,1.0641690791805618,12.977673843950951,0.0,0.0014294742754321632,2024-04-15 11:45:00+00:00,2024-04-15 12:30:00+00:00,0 days 00:45:00,B_short,0.0005607104589487674,0.0007559884083882572,1.06589,1.06589,1.06391,1.06391,1.0,0.0
-8560,90455,90457,1.0621227858620246,1.063091963819827,1.063091963819827,1.0596041085405186,-8.296163318789329,0.0,-0.0009124914470373113,2024-04-16 09:30:00+00:00,2024-04-16 10:00:00+00:00,0 days 00:30:00,B_short,0.0008317019771834287,0.0007220339295288946,1.06253,1.06253,1.06061,1.06061,1.0,1.0
-8550,90460,90462,1.0623827620668826,1.0631924165959572,1.0631924165959572,1.0603827502121281,-6.922546223587444,0.0,-0.0007621118847027653,2024-04-16 10:45:00+00:00,2024-04-16 11:15:00+00:00,0 days 00:30:00,B_short,0.0006714277164963188,0.0006289390403905558,1.06253,1.06253,1.06061,1.06061,1.0,1.0
-8535,90561,90561,1.063462663225523,1.064273328437662,1.064273328437662,1.061380014687014,-6.91902758560556,0.0,-0.0007622883625082455,2024-04-17 12:00:00+00:00,2024-04-17 12:00:00+00:00,0 days 00:00:00,B_short,0.0007242179793070073,0.0007242179793070073,1.06355,1.06355,1.06097,1.06097,0.0,0.0
-8490,90638,90640,1.0682222275913824,1.0687560591830885,1.0687560591830885,1.0670518224507346,-4.5322302135844295,0.0,-0.0004997383296447833,2024-04-18 07:15:00+00:00,2024-04-18 07:45:00+00:00,0 days 00:30:00,B_short,0.00044791795867661437,0.0005303917111837421,1.0684,1.0684,1.06643,1.06643,1.0,1.0
-8488,90641,90659,1.0680022477257336,1.0665088248664485,1.068630391711184,1.0665088248664485,12.67617322961201,0.0,0.0013983330676178296,2024-04-18 08:00:00+00:00,2024-04-18 12:30:00+00:00,0 days 04:30:00,B_short,0.0005503394830259116,0.0006729442549899807,1.0684,1.0684,1.06643,1.06643,1.0,0.0
-8530,90750,90750,1.0642725890945033,1.0650327678759077,1.0650327678759077,1.0624216963722772,-6.484325005379885,0.0,-0.0007142707509277813,2024-04-19 11:15:00+00:00,2024-04-19 11:15:00+00:00,0 days 00:00:00,B_short,0.0006777321591200003,0.0006777321591200003,1.06446,1.06446,1.06104,1.06104,1.0,1.0
8515,90835,90842,1.0654975051708673,1.0648282765965598,1.0648282765965598,1.067075170210321,-5.698481310228466,0.0,-0.0006280902311452952,2024-04-22 08:30:00+00:00,2024-04-22 10:15:00+00:00,0 days 01:45:00,B_long,0.000545493616314947,0.000557261235543735,1.06706,1.06706,1.06527,1.06527,1.0,1.0
8510,90843,90845,1.065467502425274,1.0648127387644561,1.0648127387644561,1.0670417837066313,-5.572038753559882,0.0,-0.0006145317987901189,2024-04-22 10:30:00+00:00,2024-04-22 11:00:00+00:00,0 days 00:30:00,B_long,0.0005336264041378803,0.0005303238324413627,1.06706,1.06706,1.06527,1.06527,1.0,1.0
8496,90927,90927,1.066537600351436,1.0685075970197777,1.065817467660074,1.0685075970197777,16.737091694231463,0.0,0.0018470953745022278,2024-04-23 07:30:00+00:00,2024-04-23 07:30:00+00:00,0 days 00:00:00,B_long,0.0009908613612690882,0.0009908613612690882,1.06605,1.06605,1.06495,1.06495,1.0,1.0
-8516,90937,90942,1.0658324463236506,1.0667104270569503,1.0667104270569503,1.063548718829149,-7.476883924780238,0.0,-0.0008237511780844198,2024-04-23 10:00:00+00:00,2024-04-23 11:15:00+00:00,0 days 01:15:00,B_short,0.0007317034493570236,0.0006945544544159542,1.06605,1.06605,1.06495,1.06495,1.0,1.0
-8455,91216,91217,1.0726918184979772,1.0732613368621926,1.0732613368621926,1.0714559894134223,-4.815277769440963,0.0,-0.000530924497040397,2024-04-26 07:45:00+00:00,2024-04-26 08:00:00+00:00,0 days 00:15:00,B_short,0.00047915861390016777,0.0006166041320467988,1.07291,1.07291,1.07185,1.07185,1.0,1.0
-8450,91228,91235,1.0727218157523841,1.07343554387169,1.07343554387169,1.07093336838493,-6.03100260813505,0.0,-0.0006653431568419688,2024-04-26 10:45:00+00:00,2024-04-26 12:30:00+00:00,0 days 01:45:00,B_short,0.0005901380221313325,0.0008680618387726863,1.07291,1.07291,1.07185,1.07185,1.0,0.0
8460,91319,91333,1.0709680057840498,1.0699984012605672,1.0699984012605672,1.0734847962182983,-8.202854268662826,0.0,-0.0009053533982770201,2024-04-29 09:30:00+00:00,2024-04-29 13:00:00+00:00,0 days 03:30:00,B_long,0.0009140522408418044,0.0007867951050781029,1.07337,1.07337,1.07061,1.07061,1.0,0.0
8492,91502,91507,1.0660175527611515,1.0669194093895409,1.0655468635368197,1.0669194093895409,7.65856648828257,0.0,0.0008460054208800916,2024-05-01 07:15:00+00:00,2024-05-01 08:30:00+00:00,0 days 01:15:00,B_long,0.0003453849347563168,0.0003728739405175232,1.06671,1.06671,1.0654,1.0654,1.0,1.0
-8454,91601,91621,1.071431933812897,1.0693214439135603,1.0722661853621467,1.0693214439135603,17.84208160899254,0.0,0.0019697843910868595,2024-05-02 08:00:00+00:00,2024-05-02 13:00:00+00:00,0 days 05:00:00,B_short,0.0007606939805271043,0.0008618443769727908,1.07207,1.07207,1.07069,1.07069,1.0,0.0
-8428,91796,91809,1.0769114322845166,1.0776026985515585,1.0776026985515585,1.0752719043453247,-5.825992098629705,0.0,-0.0006418970458652584,2024-05-06 08:45:00+00:00,2024-05-06 12:00:00+00:00,0 days 03:15:00,B_short,0.0005490054113506691,0.00046653256565242916,1.07715,1.07715,1.07553,1.07553,1.0,0.0
8431,91891,91907,1.076048470704519,1.077639223619413,1.075320258793529,1.077639223619413,13.411637825471036,0.0,0.0014783283078805276,2024-05-07 08:30:00+00:00,2024-05-07 12:30:00+00:00,0 days 04:00:00,B_long,0.0005797757122748231,0.0005231168632586972,1.07768,1.07768,1.07572,1.07572,1.0,0.0
-8428,92175,92175,1.0777713535775082,1.0782947906468914,1.0782947906468914,1.076555628059326,-4.411527620761452,0.0,-0.00048566615511314026,2024-05-10 07:30:00+00:00,2024-05-10 07:30:00+00:00,0 days 00:00:00,B_short,0.0004501518939725332,0.0004501518939725332,1.07825,1.07825,1.07731,1.07731,1.0,1.0
-8422,92179,92183,1.0780113316127613,1.0786048899884615,1.0786048899884615,1.0766653300346154,-4.998948640146977,0.0,-0.0005506049503321009,2024-05-10 08:30:00+00:00,2024-05-10 09:30:00+00:00,0 days 01:00:00,B_short,0.000490904656666672,0.00044747077331472654,1.07825,1.07825,1.07731,1.07731,1.0,1.0
-8418,92185,92199,1.0778613453407282,1.0784231413368728,1.0784231413368728,1.076610575989382,-4.729198695545136,0.0,-0.0005212136037469062,2024-05-10 10:00:00+00:00,2024-05-10 13:30:00+00:00,0 days 03:30:00,B_short,0.00045005582528976,0.0005296916061064967,1.07825,1.07825,1.07731,1.07731,1.0,0.0
8407,92374,92387,1.0790187425182582,1.078491741464297,1.078491741464297,1.080124775607109,-4.430497860652706,0.0,-0.0004884076922809788,2024-05-14 09:15:00+00:00,2024-05-14 12:30:00+00:00,0 days 03:15:00,B_long,0.0004124907309425916,0.0008893726448745336,1.07922,1.07922,1.07843,1.07843,1.0,0.0
-8374,92465,92466,1.0824809225193566,1.0829729653547795,1.0829729653547795,1.081401103935662,-4.120366703831561,0.0,-0.00045455104583069783,2024-05-15 08:00:00+00:00,2024-05-15 08:15:00+00:00,0 days 00:15:00,B_short,0.0004085699741421013,0.00043276064425649984,1.0828,1.0828,1.0813,1.0813,1.0,1.0
-8370,92471,92481,1.082600911536983,1.083149370207617,1.083149370207617,1.081311889377149,-4.590599073205837,0.0,-0.0005066120532406515,2024-05-15 09:30:00+00:00,2024-05-15 12:00:00+00:00,0 days 02:30:00,B_short,0.00045678751326803425,0.0004910997165856895,1.0828,1.0828,1.0813,1.0813,1.0,0.0
8324,92559,92559,1.0882295854154083,1.0877744461336234,1.0877744461336234,1.0891566615991297,-3.788579381577229,0.0,-0.0004182382907841342,2024-05-16 07:30:00+00:00,2024-05-16 07:30:00+00:00,0 days 00:00:00,B_long,0.00039948001752636135,0.00039948001752636135,1.08949,1.08949,1.08794,1.08794,1.0,1.0
8330,92761,92765,1.0869894719308841,1.086501111316627,1.086501111316627,1.0880566660501187,-4.0680439167621945,0.0,-0.0004492781456196804,2024-05-20 10:00:00+00:00,2024-05-20 11:00:00+00:00,0 days 01:00:00,B_long,0.0003810368589231826,0.0003919971106707137,1.08825,1.08825,1.08689,1.08689,1.0,1.0
-8332,92850,92852,1.0859906012849376,1.0865017108365962,1.0865017108365962,1.0848948674902117,-4.2585647844191366,0.0,-0.00047063901939292663,2024-05-21 08:15:00+00:00,2024-05-21 08:45:00+00:00,0 days 00:30:00,B_short,0.00039214939171663683,0.00044521443200053776,1.08618,1.08618,1.08509,1.08509,1.0,1.0
8354,93040,93056,1.08282909120861,1.0848599729629906,1.0820200090123364,1.0848599729629906,16.965986176095516,0.0,0.001875533055834211,2024-05-23 07:45:00+00:00,2024-05-23 11:45:00+00:00,0 days 04:00:00,B_long,0.000719325522641747,0.0004936661998194026,1.08323,1.08323,1.08219,1.08219,1.0,1.0
-8353,93237,93237,1.0848407065326817,1.085280055817046,1.085280055817046,1.083879832548862,-3.6698845722939675,0.0,-0.00040498967426150223,2024-05-27 09:00:00+00:00,2024-05-27 09:00:00+00:00,0 days 00:00:00,B_short,0.00035938170810645485,0.00035938170810645485,1.08519,1.08519,1.08466,1.08466,1.0,1.0
8351,93431,93435,1.0848392751633629,1.0841539396554396,1.0841539396554396,1.086458181033681,-5.723236826667212,0.0,-0.0006317392111564457,2024-05-29 09:30:00+00:00,2024-05-29 10:30:00+00:00,0 days 01:00:00,B_long,0.0005739189652857258,0.0005426026581239662,1.08569,1.08569,1.08439,1.08439,1.0,1.0
8347,93440,93445,1.084609254113814,1.0838774570959273,1.0838774570959273,1.0863676287122181,-6.1083097082995765,0.0,-0.0006747102840133357,2024-05-29 11:45:00+00:00,2024-05-29 13:00:00+00:00,0 days 01:15:00,B_long,0.0006315371835296138,0.0007539041125718661,1.08569,1.08569,1.08439,1.08439,1.0,0.0
-8374,93522,93522,1.0802811238628667,1.0809732507814067,1.0809732507814067,1.07856024765578,-5.795870815854269,0.0,-0.000640691485994882,2024-05-30 08:15:00+00:00,2024-05-30 08:15:00+00:00,0 days 00:00:00,B_short,0.0006254840105525164,0.0006254840105525164,1.08044,1.08044,1.07883,1.07883,1.0,1.0
8332,93712,93712,1.0851293017040982,1.0845346026328628,1.0845346026328628,1.0865161921014113,-4.955032661532747,0.0,-0.0005480444314805988,2024-06-03 07:45:00+00:00,2024-06-03 07:45:00+00:00,0 days 00:00:00,B_long,0.000570677718185512,0.000570677718185512,1.08587,1.08587,1.08483,1.08483,1.0,1.0
8307,93903,93904,1.0879095561290795,1.0874037656289317,1.0874037656289317,1.0889887031132053,-4.201601684727463,0.0,-0.0004649196224982832,2024-06-05 07:30:00+00:00,2024-06-05 07:45:00+00:00,0 days 00:15:00,B_long,0.00038073645492586175,0.0004086382609357293,1.0886,1.0886,1.08759,1.08759,1.0,1.0
8305,94003,94014,1.087619529588344,1.0870577029349842,1.0870577029349842,1.0888668911950474,-4.6659703561531245,0.0,-0.000516565433109184,2024-06-06 08:30:00+00:00,2024-06-06 11:15:00+00:00,0 days 02:45:00,B_long,0.0004466574563470024,0.00040676972095030203,1.08957,1.08957,1.08738,1.08738,1.0,1.0
-8287,94095,94111,1.089150312082441,1.0896703493715498,1.0896703493715498,1.0880689518853504,-4.309549014844341,0.0,-0.00047747063315295435,2024-06-07 07:30:00+00:00,2024-06-07 11:30:00+00:00,0 days 04:00:00,B_short,0.00042563612200993434,0.0004172284564660107,1.08978,1.08978,1.08867,1.08867,1.0,1.0
8394,94208,94212,1.0749983746087528,1.0743090256823333,1.0743090256823333,1.0766329229529996,-5.786394888365075,0.0,-0.0006412557848474165,2024-06-10 11:45:00+00:00,2024-06-10 12:45:00+00:00,0 days 01:00:00,B_long,0.0005848444086442986,0.00063604743022795,1.07814,1.07814,1.07479,1.07479,1.0,0.0
8422,94671,94671,1.070737984734501,1.0700080880249605,1.0700080880249605,1.0724957359251184,-6.147190087750938,0.0,-0.0006816763017158944,2024-06-17 07:30:00+00:00,2024-06-17 07:30:00+00:00,0 days 00:00:00,B_long,0.0007123237117009154,0.0007123237117009154,1.07072,1.07072,1.06989,1.06989,1.0,1.0
8421,94673,94702,1.0701479307378323,1.0722520416504224,1.0693293194498592,1.0722520416504224,17.718717994921292,0.0,0.0019661869655154263,2024-06-17 08:00:00+00:00,2024-06-17 15:15:00+00:00,0 days 07:15:00,B_long,0.0008025898101220368,0.0005473519696693241,1.07072,1.07072,1.06989,1.06989,1.0,0.0
8424,94779,94783,1.0719480954734317,1.0712800007878918,1.0712800007878918,1.0734399976363247,-5.628029630988674,0.0,-0.0006232528313275809,2024-06-18 10:30:00+00:00,2024-06-18 11:30:00+00:00,0 days 01:00:00,B_long,0.0005199993171604778,0.0005125716641465748,1.07407,1.07407,1.07182,1.07182,1.0,1.0
8404,94865,94956,1.0737682620394267,1.0730868019036426,1.0730868019036426,1.0754195942890719,-5.726990981129352,0.0,-0.0006346435817443652,2024-06-19 08:00:00+00:00,2024-06-20 06:45:00+00:00,0 days 22:45:00,B_long,0.0005641050168429999,0.0003386639044949777,1.07423,1.07483,1.07352,1.07371,1.0,0.0
8401,95252,95254,1.0734382318379,1.0728795578327626,1.0728795578327626,1.0747613265017124,-4.693420317160459,0.0,-0.0005204528668417696,2024-06-25 08:45:00+00:00,2024-06-25 09:15:00+00:00,0 days 00:30:00,B_long,0.00044371654493910765,0.00045434709375426083,1.07441,1.07441,1.07319,1.07319,1.0,1.0
-8429,95457,95457,1.0691821397323962,1.0698210442992488,1.0698210442992488,1.0676168671022532,-5.385326594001169,0.0,-0.0005975638229540614,2024-06-27 12:00:00+00:00,2024-06-27 12:00:00+00:00,0 days 00:00:00,B_short,0.000554905059349133,0.000554905059349133,1.06972,1.06972,1.0677,1.0677,0.0,0.0
-8372,95631,95635,1.075771536617063,1.0767173804185073,1.0767173804185073,1.0733278587444786,-7.918604305691228,0.0,-0.0008792236727312996,2024-07-01 07:30:00+00:00,2024-07-01 08:30:00+00:00,0 days 01:00:00,B_short,0.0008410630293728578,0.0007934850603835686,1.07621,1.07621,1.07348,1.07348,1.0,1.0
-8363,95638,95657,1.0760715091611297,1.0769361287786883,1.0769361287786883,1.0738716136639355,-7.230813861642327,0.0,-0.000803496431415196,2024-07-01 09:15:00+00:00,2024-07-01 14:00:00+00:00,0 days 04:45:00,B_short,0.0007506449415297075,0.0007940732050068943,1.07621,1.07621,1.07348,1.07348,1.0,0.0
-8330,95931,95931,1.0794012044002708,1.0798966374128927,1.0798966374128927,1.0782700877613223,-4.12695699514037,0.0,-0.0004589887528401171,2024-07-04 10:30:00+00:00,2024-07-04 10:30:00+00:00,0 days 00:00:00,B_short,0.00042975242450682866,0.00042975242450682866,1.07949,1.07949,1.07836,1.07836,1.0,1.0
-8305,96030,96034,1.0822309453993006,1.0827298428061147,1.0827298428061147,1.0811304715816559,-4.143342963590939,0.0,-0.0004609897812799524,2024-07-05 11:15:00+00:00,2024-07-05 12:15:00+00:00,0 days 01:00:00,B_short,0.00039719709863273865,0.0004128246189442122,1.08245,1.08245,1.08102,1.08102,1.0,0.0
-8291,96115,96115,1.0834908300843813,1.0841873730386722,1.0841873730386722,1.0817578808839834,-5.775037634025775,0.0,-0.0006428692656648138,2024-07-08 08:30:00+00:00,2024-07-08 08:30:00+00:00,0 days 00:00:00,B_short,0.0006197233001825737,0.0006197233001825737,1.08363,1.08363,1.0819,1.0819,1.0,1.0
-8287,96123,96130,1.083400838321161,1.084019844347182,1.084019844347182,1.0819404669584536,-5.129702937635535,0.0,-0.0005713545754497673,2024-07-08 10:30:00+00:00,2024-07-08 12:15:00+00:00,0 days 01:45:00,B_short,0.0006171984342244096,0.0005164853961469936,1.08363,1.08363,1.0819,1.0819,1.0,0.0
8292,96212,96222,1.0822290362967437,1.0817361254989055,1.0817361254989055,1.0833116235032836,-4.087216335674333,0.0,-0.00045545885510966944,2024-07-09 08:45:00+00:00,2024-07-09 11:15:00+00:00,0 days 02:30:00,B_long,0.00038935790094859465,0.0004123868987212833,1.08333,1.08333,1.08192,1.08192,1.0,1.0
-8293,96305,96310,1.0815110112935404,1.0819968987578572,1.0819968987578572,1.0804493037264282,-4.029464741578972,0.0,-0.00044926723745097874,2024-07-10 08:00:00+00:00,2024-07-10 09:15:00+00:00,0 days 01:15:00,B_short,0.0004219789234763628,0.00047760044830856194,1.08211,1.08211,1.08108,1.08108,1.0,1.0
-8286,96312,96319,1.0819509710248383,1.0825059203885339,1.0825059203885339,1.080642238834398,-4.598310427581746,0.0,-0.0005129154449299289,2024-07-10 09:45:00+00:00,2024-07-10 11:30:00+00:00,0 days 01:45:00,B_short,0.00044379767006288404,0.0004066359246865907,1.08211,1.08211,1.08108,1.08108,1.0,1.0
-8223,96690,96690,1.0896602654073546,1.09013617994395,1.09013617994395,1.0885914601681501,-3.9134452344235253,0.0,-0.0004367549700616813,2024-07-16 08:15:00+00:00,2024-07-16 08:15:00+00:00,0 days 00:00:00,B_short,0.0004320226180899032,0.0004320226180899032,1.08981,1.08981,1.0887,1.0887,1.0,1.0
-8220,96696,96698,1.089510279135321,1.0901427952776144,1.0901427952776144,1.0880116141671567,-5.199282689651055,0.0,-0.0005805508717140473,2024-07-16 09:45:00+00:00,2024-07-16 10:15:00+00:00,0 days 00:30:00,B_short,0.0005284225739324965,0.0004833040666426224,1.08981,1.08981,1.0887,1.0887,1.0,1.0
-8215,96702,96704,1.08955027547453,1.090098835269456,1.090098835269456,1.0883034941916319,-4.506418715316781,0.0,-0.0005034735957338832,2024-07-16 11:15:00+00:00,2024-07-16 11:45:00+00:00,0 days 00:30:00,B_short,0.00043432390019515195,0.00047706995170214954,1.08981,1.08981,1.0887,1.0887,1.0,1.0
8183,96878,96878,1.0934800658942396,1.0930126088710508,1.0930126088710508,1.0944421733868475,-3.8252008207543122,0.0,-0.00042749478272985364,2024-07-18 07:15:00+00:00,2024-07-18 07:15:00+00:00,0 days 00:00:00,B_long,0.00039907231175591665,0.00039907231175591665,1.09407,1.09407,1.09316,1.09316,1.0,1.0
8181,96882,96885,1.0933200512510755,1.0928313061129105,1.0928313061129105,1.094386081661269,-3.9984239753278006,0.0,-0.00044702842283528277,2024-07-18 08:15:00+00:00,2024-07-18 09:00:00+00:00,0 days 00:45:00,B_long,0.0003768680354777183,0.0004114249107983565,1.09407,1.09407,1.09316,1.09316,1.0,1.0
8174,96892,96893,1.0937100869437884,1.0932454403641358,1.0932454403641358,1.0947036789075923,-3.7980211420795813,0.0,-0.0004248352330286087,2024-07-18 10:45:00+00:00,2024-07-18 11:00:00+00:00,0 days 00:15:00,B_long,0.00035995168441560975,0.00034129145982687636,1.09407,1.09407,1.09316,1.09316,1.0,1.0
8206,96975,96976,1.0890496604616258,1.088491334114563,1.088491334114563,1.0903259976563113,-4.5816260039970516,0.0,-0.0005126729912630079,2024-07-19 07:30:00+00:00,2024-07-19 07:45:00+00:00,0 days 00:15:00,B_long,0.0004495104340454914,0.0004522423761727849,1.09003,1.09003,1.08845,1.08845,1.0,1.0
8205,96987,97001,1.0886296220233191,1.088065683166934,1.088065683166934,1.0899629504991983,-4.6271183166403285,0.0,-0.0005180263746057401,2024-07-19 10:30:00+00:00,2024-07-19 14:00:00+00:00,0 days 03:30:00,B_long,0.0004404079219906415,0.000565676801836775,1.09003,1.09003,1.08845,1.08845,1.0,0.0
8202,97070,97092,1.0884396046345615,1.0878671392375692,1.0878671392375692,1.0898385822872925,-4.695361186130798,0.0,-0.0005259505392442021,2024-07-22 07:15:00+00:00,2024-07-22 12:45:00+00:00,0 days 05:30:00,B_long,0.0005151459941067325,0.0004649679820470927,1.08998,1.08998,1.08824,1.08824,1.0,0.0
8227,97275,97277,1.0845992531986162,1.0839854333471772,1.0839854333471772,1.0860436999584684,-5.049895917788117,0.0,-0.0005659416135763706,2024-07-24 10:30:00+00:00,2024-07-24 11:00:00+00:00,0 days 00:30:00,B_long,0.0004899577657796612,0.0004806349440744988,1.08532,1.08532,1.08416,1.08416,1.0,1.0
8223,97280,97284,1.084469241301045,1.0857152974073143,1.0839082341975619,1.0857152974073143,10.246319361852178,0.0,0.001149000874173689,2024-07-24 11:45:00+00:00,2024-07-24 12:45:00+00:00,0 days 01:00:00,B_long,0.0004621970287797672,0.0005270453202761375,1.08532,1.08532,1.08416,1.08416,1.0,0.0
8239,97359,97360,1.0836191635092343,1.084906352806931,1.0830712157310232,1.084906352806931,10.605152623722839,0.0,0.001187861327154982,2024-07-25 07:30:00+00:00,2024-07-25 07:45:00+00:00,0 days 00:15:00,B_long,0.0005082796997800227,0.0006298424064760166,1.08454,1.08454,1.08349,1.08349,1.0,1.0
-8242,97363,97366,1.0843007559533615,1.0851788149630865,1.0851788149630865,1.0821035551107407,-7.236962358153786,0.0,-0.0008097928595032222,2024-07-25 08:30:00+00:00,2024-07-25 09:15:00+00:00,0 days 00:45:00,B_short,0.000730306301341577,0.0006623653167548377,1.08454,1.08454,1.08349,1.08349,1.0,1.0
8229,97455,97456,1.0853893254992404,1.0849270201174737,1.0849270201174737,1.086338939647579,-3.8043109865583844,0.0,-0.0004259350731629086,2024-07-26 07:30:00+00:00,2024-07-26 07:45:00+00:00,0 days 00:15:00,B_long,0.00037658256485625236,0.00041570488954207854,1.08607,1.08607,1.08514,1.08514,1.0,1.0
8226,97461,97481,1.0852393117712738,1.086792318065198,1.0845892273116007,1.086792318065198,12.775029773820355,0.0,0.001431026573659011,2024-07-26 09:00:00+00:00,2024-07-26 14:00:00+00:00,0 days 05:00:00,B_long,0.0005226696632793385,0.000576886132284067,1.08607,1.08607,1.08514,1.08514,1.0,0.0
-8259,97665,97667,1.0823009389929164,1.081278374271981,1.0828005419093396,1.081278374271981,8.445362030205684,0.0,0.0009448062771588717,2024-07-30 12:00:00+00:00,2024-07-30 12:30:00+00:00,0 days 00:30:00,B_short,0.0004058029880943714,0.0005318253555019995,1.08251,1.08251,1.08142,1.08142,0.0,0.0
8273,97747,97759,1.0816989877912615,1.0838788141660878,1.0808403952779706,1.0838788141660878,18.03370359893779,0.0,0.002015187588626066,2024-07-31 08:30:00+00:00,2024-07-31 11:30:00+00:00,0 days 03:00:00,B_long,0.0007423240924253572,0.0005416599726061462,1.08302,1.08302,1.08127,1.08127,1.0,1.0
-8280,97761,97762,1.0827109014698075,1.0833794386429254,1.0833794386429254,1.081101684071224,-5.53548779341603,0.0,-0.0006174660033535506,2024-07-31 12:00:00+00:00,2024-07-31 12:15:00+00:00,0 days 00:15:00,B_short,0.0005628468238685747,0.0006998005806860954,1.08302,1.08302,1.08127,1.08127,0.0,0.0
8197,98030,98033,1.0932400439294931,1.0972369627924108,1.0916543457358632,1.0972369627924108,32.76274391933591,0.0,0.003656030425441825,2024-08-05 07:15:00+00:00,2024-08-05 08:00:00+00:00,0 days 00:45:00,B_long,0.0014242336955853873,0.0018476685716151357,1.09396,1.09396,1.09068,1.09068,1.0,1.0
-8221,98042,98045,1.0938298837698828,1.0954421251103927,1.0954421251103927,1.089393624668822,-13.254236060332445,0.0,-0.001473941573943316,2024-08-05 10:15:00+00:00,2024-08-05 11:00:00+00:00,0 days 00:45:00,B_short,0.0014398417623403927,0.0013927681042553623,1.09396,1.09396,1.09068,1.09068,1.0,1.0
-8210,98318,98321,1.0936698984130468,1.094296463599228,1.094296463599228,1.0920306092023162,-5.144100178547692,0.0,-0.0005729015556616979,2024-08-08 07:15:00+00:00,2024-08-08 08:00:00+00:00,0 days 00:45:00,B_short,0.0005682684526642747,0.0005792965305195323,1.09376,1.09376,1.09235,1.09235,1.0,1.0
-8206,98325,98339,1.0935999048194314,1.0919873915755098,1.0942575361414968,1.0919873915755098,13.232283679620089,0.0,0.0014745001684942638,2024-08-08 09:00:00+00:00,2024-08-08 12:30:00+00:00,0 days 03:30:00,B_short,0.0005731979892971488,0.0008729016706426113,1.09376,1.09376,1.09235,1.09235,1.0,0.0
-8228,98416,98420,1.0922200311167243,1.0913484499231287,1.0926571833589571,1.0913484499231287,7.171370060904092,0.0,0.000797990486133493,2024-08-09 07:45:00+00:00,2024-08-09 08:45:00+00:00,0 days 01:00:00,B_short,0.0003435589110962294,0.00043582036661369986,1.09243,1.09243,1.09114,1.09114,1.0,1.0
-8236,98512,98519,1.0920500466750864,1.0925423675181551,1.0925423675181551,1.0908928974455347,-4.054754463513949,0.0,-0.0004508226015536021,2024-08-12 07:45:00+00:00,2024-08-12 09:30:00+00:00,0 days 01:45:00,B_short,0.0004027185157343601,0.0004558943984827707,1.0923,1.0923,1.09116,1.09116,1.0,1.0
-8232,98527,98528,1.092070044844691,1.0926254087676102,1.0926254087676102,1.0908437736971692,-4.57175581347099,0.0,-0.0005085424012323259,2024-08-12 11:30:00+00:00,2024-08-12 11:45:00+00:00,0 days 00:15:00,B_short,0.00042068759859552514,0.00045392925211611493,1.0923,1.0923,1.09116,1.09116,1.0,1.0
8221,98609,98610,1.0931000311167243,1.0925597395810291,1.0925597395810291,1.0943607812569127,-4.441736714949626,0.0,-0.0004942745588829567,2024-08-13 08:00:00+00:00,2024-08-13 08:15:00+00:00,0 days 00:15:00,B_long,0.00044489236310809454,0.0004855733813603524,1.09411,1.09411,1.09292,1.09292,1.0,1.0
8217,98625,98626,1.093110032031922,1.0925931741827835,1.0925931741827835,1.09430047745165,-4.247020946371666,0.0,-0.0004728324084427582,2024-08-13 12:00:00+00:00,2024-08-13 12:15:00+00:00,0 days 00:15:00,B_long,0.00040324904158778985,0.00043481583604274774,1.09411,1.09411,1.09292,1.09292,0.0,0.0
-8153,98798,98798,1.1010692211666941,1.1015052991521364,1.1015052991521364,1.1001241025435906,-3.5553438153103136,0.0,-0.0003960495644226292,2024-08-15 07:15:00+00:00,2024-08-15 07:15:00+00:00,0 days 00:00:00,B_short,0.00035792593185153277,0.00035792593185153277,1.10142,1.10142,1.1003,1.1003,1.0,1.0
-8170,98900,98903,1.098279476506873,1.0988015150541928,1.0988015150541928,1.0971154548374213,-4.265054931601884,0.0,-0.0004753239575960855,2024-08-16 08:45:00+00:00,2024-08-16 09:30:00+00:00,0 days 00:45:00,B_short,0.00043064638030048416,0.0004220948437096522,1.0986,1.0986,1.09718,1.09718,1.0,1.0
8068,99187,99199,1.1118317452821556,1.111172827930887,1.111172827930887,1.1134415162073388,-5.316145190034669,0.0,-0.0005926412463617137,2024-08-21 08:30:00+00:00,2024-08-21 11:30:00+00:00,0 days 03:00:00,B_long,0.0005448824598979395,0.0005140475621016278,1.11325,1.11325,1.11161,1.11161,1.0,1.0
8043,99282,99285,1.1146720051983234,1.1137572436436405,1.1137572436436405,1.1170482690690782,-7.357427184314986,0.0,-0.000820655359080491,2024-08-22 08:15:00+00:00,2024-08-22 09:00:00+00:00,0 days 00:45:00,B_long,0.0008023888421780921,0.0007791906033378529,1.11567,1.11567,1.11401,1.11401,1.0,1.0
8040,99287,99290,1.1142119630992255,1.113307368143774,1.113307368143774,1.1164778955686785,-7.272943441830764,0.0,-0.0008118697208522319,2024-08-22 09:30:00+00:00,2024-08-22 10:15:00+00:00,0 days 00:45:00,B_long,0.0007576142753959757,0.0006644440186799958,1.11567,1.11567,1.11401,1.11401,1.0,1.0
8032,99292,99294,1.1144019804879834,1.1136228151838108,1.1136228151838108,1.116331554448568,-6.258255723114786,0.0,-0.0006991779607493642,2024-08-22 10:45:00+00:00,2024-08-22 11:15:00+00:00,0 days 00:30:00,B_long,0.0006402268406973984,0.0006488814936793983,1.11567,1.11567,1.11401,1.11401,1.0,1.0
-8041,99375,99382,1.112138208042758,1.1126585597201577,1.1126585597201577,1.1109043208395268,-4.184147837971164,0.0,-0.00046788400365760374,2024-08-23 07:30:00+00:00,2024-08-23 09:15:00+00:00,0 days 01:45:00,B_short,0.0004974184241366409,0.0004460081493512182,1.11287,1.11287,1.11129,1.11129,1.0,1.0
8042,99392,99394,1.1117717397909688,1.1111888347184555,1.1111888347184555,1.1131934958446337,-4.687722593151477,0.0,-0.0005243028327225341,2024-08-23 11:45:00+00:00,2024-08-23 12:15:00+00:00,0 days 00:30:00,B_long,0.00048767657733854095,0.0005664770736453938,1.11287,1.11287,1.11129,1.11129,1.0,0.0
7991,99473,99480,1.118182326432742,1.1175826210348268,1.1175826210348268,1.1195321368955193,-4.792245834740417,0.0,-0.0005363216567985107,2024-08-26 08:00:00+00:00,2024-08-26 09:45:00+00:00,0 days 01:45:00,B_long,0.0005183951031501131,0.0005080078022217428,1.12015,1.12015,1.11775,1.11775,1.0,1.0
-7997,99573,99573,1.1165578035253418,1.1171883909627156,1.1171883909627156,1.1150748271118531,-5.042807736677991,0.0,-0.0005647602259217788,2024-08-27 09:00:00+00:00,2024-08-27 09:00:00+00:00,0 days 00:00:00,B_short,0.0005552721676868825,0.0005552721676868825,1.11722,1.11722,1.11595,1.11595,1.0,1.0
-7989,99575,99587,1.117017761426244,1.1153142923640142,1.1177352358786619,1.1153142923640142,13.609014338153347,0.0,0.0015250151976586857,2024-08-27 09:30:00+00:00,2024-08-27 12:30:00+00:00,0 days 03:00:00,B_short,0.0005752044281737204,0.0005786651426741148,1.11722,1.11722,1.11595,1.11595,1.0,0.0
8031,99759,99761,1.1131018615122727,1.1123939563588237,1.1123939563588237,1.1148581309235293,-5.685186287349685,0.0,-0.000635975177049275,2024-08-29 07:30:00+00:00,2024-08-29 08:00:00+00:00,0 days 00:30:00,B_long,0.0006205711556861285,0.0011166067791597836,1.11379,1.11379,1.11241,1.11241,1.0,1.0
-8063,99854,99854,1.1077686079841853,1.108308155911471,1.108308155911471,1.106555532265587,-4.350374937703879,0.0,-0.000487058329146306,2024-08-30 07:15:00+00:00,2024-08-30 07:15:00+00:00,0 days 00:00:00,B_short,0.0004904017899416128,0.0004904017899416128,1.10828,1.10828,1.10697,1.10697,1.0,1.0
-8062,99861,99861,1.1073786436768986,1.1082061529357088,1.1082061529357088,1.105341541192874,-6.671379644527381,0.0,-0.0007472685729810191,2024-08-30 09:00:00+00:00,2024-08-30 09:00:00+00:00,0 days 00:00:00,B_short,0.000760665877614151,0.000760665877614151,1.10828,1.10828,1.10697,1.10697,1.0,1.0
-8051,99863,99876,1.1080885786978565,1.105988268718203,1.1089239104272657,1.105988268718203,16.90959564619026,0.0,0.0018954350942969045,2024-08-30 09:30:00+00:00,2024-08-30 12:45:00+00:00,0 days 03:15:00,B_short,0.0006813890369635067,0.000900515475516311,1.10828,1.10828,1.10697,1.10697,1.0,0.0
-8085,100145,100162,1.1054588193948713,1.1040215651678225,1.106112811610726,1.1040215651678225,11.620200425690184,0.0,0.0013001427116350328,2024-09-04 08:00:00+00:00,2024-09-04 12:15:00+00:00,0 days 04:15:00,B_short,0.0005437700626291112,0.0005703415503443802,1.10598,1.10598,1.10464,1.10464,1.0,0.0
-8076,100239,100241,1.1081685713762746,1.1087253033316036,1.1087253033316036,1.1069040900051896,-4.496167271237126,0.0,-0.0005023892300406452,2024-09-05 07:30:00+00:00,2024-09-05 08:00:00+00:00,0 days 00:30:00,B_short,0.0004679295540562702,0.0005536893094911506,1.10854,1.10854,1.10746,1.10746,1.0,1.0
-8047,100334,100342,1.1116782501418556,1.1108125187662818,1.1120891604112393,1.1108125187662818,6.966540379242168,0.0,0.0007787607389667661,2024-09-06 07:15:00+00:00,2024-09-06 09:15:00+00:00,0 days 02:00:00,B_short,0.0003472723564073865,0.00048121841494335046,1.11187,1.11187,1.11092,1.11092,1.0,1.0
8056,100345,100346,1.1114317086742445,1.1108624626127759,1.1108624626127759,1.1127726121616723,-4.585846271190846,0.0,-0.0005121736738531446,2024-09-06 10:00:00+00:00,2024-09-06 10:15:00+00:00,0 days 00:15:00,B_long,0.00046586573559422376,0.0004824169708483394,1.11187,1.11187,1.11092,1.11092,1.0,1.0
8055,100348,100350,1.1110416729815313,1.1104652386252647,1.1104652386252647,1.1123242841242058,-4.6431787397278,0.0,-0.0005188233441503209,2024-09-06 10:45:00+00:00,2024-09-06 11:15:00+00:00,0 days 00:30:00,B_long,0.00045612652477056257,0.0004467794786054681,1.11187,1.11187,1.11092,1.11092,1.0,1.0
-8100,100526,100544,1.1040989438617685,1.102812933830067,1.1046890220566443,1.102812933830067,10.416681256782878,0.0,0.001164759769811563,2024-09-10 07:15:00+00:00,2024-09-10 11:45:00+00:00,0 days 04:30:00,B_short,0.00045448578242517356,0.00047746827989957215,1.10426,1.10426,1.10283,1.10283,1.0,1.0
-8105,100640,100643,1.1047288862043088,1.1032927161156083,1.1053290946281304,1.1032927161156083,11.64015856891715,0.0,0.0013000204001498705,2024-09-11 11:45:00+00:00,2024-09-11 12:30:00+00:00,0 days 00:45:00,B_short,0.0005505486777130776,0.0009597319836846277,1.10514,1.10514,1.10166,1.10166,1.0,0.0
8091,100815,100822,1.1082414167261543,1.1095245607867368,1.1076651464044212,1.1095245607867368,10.381918594172985,0.0,0.0011578199850832416,2024-09-13 07:30:00+00:00,2024-09-13 09:15:00+00:00,0 days 01:45:00,B_long,0.00048420644950164434,0.0006080865862237341,1.10902,1.10902,1.10775,1.10775,1.0,1.0
-8096,100831,100837,1.1086285292771767,1.1093581794730396,1.1093581794730396,1.1068454615808812,-5.9072479857061,0.0,-0.0006581557091434043,2024-09-13 11:30:00+00:00,2024-09-13 13:00:00+00:00,0 days 01:30:00,B_short,0.0006337555433010233,0.0007267864722265433,1.10902,1.10902,1.10775,1.10775,1.0,0.0
8064,101007,101011,1.1125018066004064,1.113976339171526,1.111861220276158,1.113976339171526,11.890630653508651,0.0,0.0013254203834738298,2024-09-17 07:30:00+00:00,2024-09-17 08:30:00+00:00,0 days 01:00:00,B_long,0.0006169424273296954,0.0005692672131746352,1.11311,1.11311,1.11217,1.11217,1.0,1.0
-8070,101106,101110,1.1129181366573315,1.113480817996197,1.113480817996197,1.1115975460114091,-4.540838404644589,0.0,-0.0005055909507913903,2024-09-18 08:15:00+00:00,2024-09-18 09:15:00+00:00,0 days 01:00:00,B_short,0.00047737559670398797,0.0004648395934314117,1.11303,1.11303,1.11177,1.11177,1.0,1.0
-8066,101117,101126,1.1128781403181227,1.1134380295394792,1.1134380295394792,1.111645911381562,-4.516066459461725,0.0,-0.00050310020573896,2024-09-18 11:00:00+00:00,2024-09-18 13:15:00+00:00,0 days 02:15:00,B_short,0.00045762560088203773,0.0005887628476818756,1.11303,1.11303,1.11177,1.11177,1.0,0.0
-8034,101296,101316,1.116697790712573,1.1173906101866664,1.1173906101866664,1.1150281694400008,-5.56611165486627,0.0,-0.0006204180574687079,2024-09-20 07:45:00+00:00,2024-09-20 12:45:00+00:00,0 days 05:00:00,B_short,0.0006278621617775587,0.0005657785833431993,1.11692,1.11692,1.11571,1.11571,1.0,0.0
8017,101588,101590,1.1186723712774331,1.117980686366049,1.117980686366049,1.1203779409018524,-5.545237934565925,0.0,-0.0006183087462813264,2024-09-25 08:45:00+00:00,2024-09-25 09:15:00+00:00,0 days 00:30:00,B_long,0.0005687384827573431,0.0005489635714932917,1.11987,1.11987,1.11853,1.11853,1.0,1.0
8012,101595,101603,1.1186623703622351,1.120170424211284,1.118023191929572,1.120170424211284,12.082527438579309,0.0,0.0013480866872821462,2024-09-25 10:30:00+00:00,2024-09-25 12:30:00+00:00,0 days 02:00:00,B_long,0.0005305669943709492,0.0006773957721809241,1.11987,1.11987,1.11853,1.11853,1.0,0.0
-8049,101679,101679,1.1147479691761388,1.115342402385524,1.115342402385524,1.113332792843428,-4.78459290234177,0.0,-0.0005332444873835662,2024-09-26 07:30:00+00:00,2024-09-26 07:30:00+00:00,0 days 00:00:00,B_short,0.0005647487341208853,0.0005647487341208853,1.11519,1.11519,1.1129,1.1129,1.0,1.0
8037,101785,101796,1.1160521314956162,1.1185546303070628,1.1150684565643123,1.1185546303070628,20.112582947596295,0.0,0.0022422777044410758,2024-09-27 10:00:00+00:00,2024-09-27 12:45:00+00:00,0 days 02:45:00,B_long,0.0008566709775959899,0.0011133549592754796,1.11776,1.11776,1.11584,1.11584,1.0,0.0
-8119,102069,102084,1.1071286665568427,1.1051826405181389,1.1078991198272872,1.1051826405181389,15.799785408236664,0.0,0.0017577234674592823,2024-10-02 09:00:00+00:00,2024-10-02 12:45:00+00:00,0 days 03:45:00,B_short,0.0007032371836487402,0.0007486418561056869,1.10739,1.10739,1.10541,1.10541,1.0,0.0
8166,102260,102261,1.102770916112972,1.1021590741990226,1.1021590741990226,1.1041227774029319,-4.996301069310494,0.0,-0.0005548223162303856,2024-10-04 08:45:00+00:00,2024-10-04 09:00:00+00:00,0 days 00:15:00,B_long,0.0005108023608470261,0.0005040287127341062,1.10395,1.10395,1.10251,1.10251,1.0,1.0
8163,102263,102275,1.1026709069609943,1.1020365084489638,1.1020365084489638,1.1041304746531084,-5.17859505370505,0.0,-0.000575328965356392,2024-10-04 09:30:00+00:00,2024-10-04 12:30:00+00:00,0 days 03:00:00,B_long,0.0004950260108980413,0.001316499885176869,1.10395,1.10395,1.10251,1.10251,1.0,0.0
8200,102353,102357,1.0970503926198452,1.0963485030388642,1.0963485030388642,1.0986744908834072,-5.755494564043717,0.0,-0.0006397970281973864,2024-10-07 08:00:00+00:00,2024-10-07 09:00:00+00:00,0 days 01:00:00,B_long,0.0006292973663176019,0.0006424355966300852,1.09775,1.09775,1.09643,1.09643,1.0,1.0
8196,102364,102391,1.096790368824703,1.098624163634498,1.0960319454551675,1.098624163634498,15.029782261080346,0.0,0.0016719647271885574,2024-10-07 10:45:00+00:00,2024-10-07 17:30:00+00:00,0 days 06:45:00,B_long,0.0006243139388549608,0.00047489099126469083,1.09775,1.09775,1.09643,1.09643,1.0,0.0
-8198,102460,102464,1.098189484743653,1.0988898245217407,1.0988898245217407,1.0965305264347782,-5.741385500762052,0.0,-0.000637722167091237,2024-10-08 10:45:00+00:00,2024-10-08 11:45:00+00:00,0 days 01:00:00,B_short,0.0005871812521751377,0.0005676528146839276,1.09869,1.09869,1.09727,1.09727,1.0,1.0
8207,102546,102546,1.0964603386231764,1.095743206591326,1.095743206591326,1.0982503802260224,-5.8855025853964005,0.0,-0.0006540428382032504,2024-10-09 08:15:00+00:00,2024-10-09 08:15:00+00:00,0 days 00:00:00,B_long,0.0006298876208508846,0.0006298876208508846,1.09787,1.09787,1.0962,1.0962,1.0,1.0
8202,102552,102560,1.0964603386231764,1.0958105914806142,1.0958105914806142,1.0980482255581576,-5.329226063294858,0.0,-0.0005925860878635003,2024-10-09 09:45:00+00:00,2024-10-09 11:45:00+00:00,0 days 02:00:00,B_long,0.0005434873834676513,0.0004986346437434861,1.09787,1.09787,1.0962,1.0962,1.0,1.0
8214,102640,102640,1.0942701381948639,1.0937439194237886,1.0937439194237886,1.0954082417286344,-4.322360985612366,0.0,-0.00048088561746129077,2024-10-10 07:45:00+00:00,2024-10-10 07:45:00+00:00,0 days 00:00:00,B_long,0.0004472698327166732,0.0004472698327166732,1.09459,1.09459,1.0937,1.0937,1.0,1.0
8212,102653,102654,1.0940101143997216,1.0934534947212666,1.0934534947212666,1.0952395158362005,-4.5709607994724175,0.0,-0.0005087884208094806,2024-10-10 11:00:00+00:00,2024-10-10 11:15:00+00:00,0 days 00:15:00,B_long,0.0004296379082356223,0.0004363528538041812,1.09459,1.09459,1.0937,1.0937,1.0,1.0
-8208,102745,102755,1.0937698892610692,1.0943749483528022,1.0943749483528022,1.0924351549415934,-4.966325024944702,0.0,-0.0005531868244625926,2024-10-11 10:00:00+00:00,2024-10-11 12:30:00+00:00,0 days 02:30:00,B_short,0.00045895523909525633,0.0007397276009085827,1.09407,1.09407,1.09294,1.09294,1.0,0.0
-8211,102833,102837,1.0927199853568355,1.0932030474751315,1.0932030474751315,1.091670857574605,-3.966423053329061,0.0,-0.0004420731063488059,2024-10-14 08:00:00+00:00,2024-10-14 09:00:00+00:00,0 days 01:00:00,B_short,0.0003839744784474891,0.0004520619274852232,1.09291,1.09291,1.09153,1.09153,1.0,1.0
-8207,102841,102846,1.092779979865649,1.0915606043958352,1.0933464652013882,1.0915606043958352,10.007414480761577,0.0,0.0011158471899930245,2024-10-14 10:00:00+00:00,2024-10-14 11:15:00+00:00,0 days 01:15:00,B_short,0.0004496031745363937,0.0004546458225292211,1.09291,1.09291,1.09153,1.09153,1.0,1.0
8244,102927,102929,1.0892096751047902,1.0905931747484945,1.088628941750502,1.0905931747484945,11.405571062698433,0.0,0.0012701867008031442,2024-10-15 07:30:00+00:00,2024-10-15 08:00:00+00:00,0 days 00:30:00,B_long,0.0005189171495651578,0.0005809644367844838,1.09097,1.09097,1.08882,1.08882,1.0,1.0
-8241,102934,102952,1.0908101601596105,1.091553129585758,1.091553129585758,1.0890206112427259,-6.122811040880537,0.0,-0.0006811170754392748,2024-10-15 09:15:00+00:00,2024-10-15 13:45:00+00:00,0 days 04:30:00,B_short,0.0006207123076569739,0.0006308818295573265,1.09097,1.09097,1.08882,1.08882,1.0,0.0
8255,103023,103023,1.0883896000585727,1.0878580865326501,1.0878580865326501,1.08966574040205,-4.38764415649033,0.0,-0.0004883485894149331,2024-10-16 07:30:00+00:00,2024-10-16 07:30:00+00:00,0 days 00:00:00,B_long,0.0004796583383699854,0.0004796583383699854,1.08956,1.08956,1.08821,1.08821,1.0,1.0
8252,103025,103030,1.0883095927369903,1.089669111679762,1.0877236294400792,1.089669111679762,11.21875031575251,0.0,0.0012492023885892767,2024-10-16 08:00:00+00:00,2024-10-16 09:15:00+00:00,0 days 01:15:00,B_long,0.0004921878185978801,0.0005771405059827705,1.08956,1.08956,1.08821,1.08821,1.0,1.0
8285,103118,103127,1.0852993172624603,1.0863243923898545,1.084825202536715,1.0863243923898545,8.492747430460426,0.0,0.0009445091423994079,2024-10-17 07:15:00+00:00,2024-10-17 09:30:00+00:00,0 days 02:15:00,B_long,0.00039949113484684834,0.000521371807564195,1.0865,1.0865,1.08512,1.08512,1.0,1.0
-8285,103137,103138,1.086230579320191,1.0866969659374424,1.0866969659374424,1.0851891021876727,-3.8640131239278652,0.0,-0.00042936244489011344,2024-10-17 12:00:00+00:00,2024-10-17 12:15:00+00:00,0 days 00:15:00,B_short,0.0004000371457834525,0.0005293655263456417,1.0865,1.0865,1.08512,1.08512,0.0,0.0
-8299,103214,103217,1.0839007925612725,1.084403933700839,1.084403933700839,1.082788198897483,-4.1755683172633855,0.0,-0.00046419482578086146,2024-10-18 07:15:00+00:00,2024-10-18 08:00:00+00:00,0 days 00:45:00,B_short,0.00041674254072709515,0.00042979655169701135,1.08441,1.08441,1.08274,1.08274,1.0,1.0
-8298,103220,103221,1.0835008291691832,1.084102336076608,1.084102336076608,1.0821329917701759,-4.9913043178107905,0.0,-0.0005551513125154894,2024-10-18 08:45:00+00:00,2024-10-18 09:00:00+00:00,0 days 00:15:00,B_short,0.0004960245997269302,0.0005485546530966805,1.08441,1.08441,1.08274,1.08274,1.0,1.0
-8293,103223,103224,1.083520827338788,1.0842320806993506,1.0842320806993506,1.0818237579019485,-5.8984241191461235,0.0,-0.0006564279546978913,2024-10-18 09:30:00+00:00,2024-10-18 09:45:00+00:00,0 days 00:15:00,B_short,0.0005738032727704113,0.0006186295030676854,1.08441,1.08441,1.08274,1.08274,1.0,1.0
-8284,103226,103228,1.0840407797485037,1.0847581455693254,1.0847581455693254,1.082245563292024,-5.942658459687077,0.0,-0.0006617516925775391,2024-10-18 10:15:00+00:00,2024-10-18 10:45:00+00:00,0 days 00:30:00,B_short,0.000597726160081928,0.0005485143157948594,1.08441,1.08441,1.08274,1.08274,1.0,1.0
-8277,103230,103231,1.0842007651053394,1.0848247124070223,1.0848247124070223,1.0827258627789333,-5.164411816029483,0.0,-0.0005754905565136248,2024-10-18 11:15:00+00:00,2024-10-18 11:30:00+00:00,0 days 00:15:00,B_short,0.0005080840860859382,0.0005123395412744777,1.08441,1.08441,1.08274,1.08274,1.0,1.0
-8288,103416,103419,1.0822009481448942,1.0827584996155035,1.0827584996155035,1.0808845011534893,-4.620986588410034,0.0,-0.0005152014249896197,2024-10-22 09:45:00+00:00,2024-10-22 10:30:00+00:00,0 days 00:45:00,B_short,0.0005193663334363919,0.000563717876906602,1.08236,1.08236,1.08142,1.08142,1.0,1.0
-8285,103424,103431,1.0820409627880585,1.080607722886973,1.082664092371009,1.080607722886973,11.874392580493028,0.0,0.0013245708345388518,2024-10-22 11:45:00+00:00,2024-10-22 13:30:00+00:00,0 days 01:45:00,B_short,0.0005588800548744527,0.0007126295311816948,1.08236,1.08236,1.08142,1.08142,1.0,0.0
8314,103600,103619,1.0797988139036847,1.0788541729983647,1.0788541729983647,1.082197481004906,-7.853744486830332,0.0,-0.0008748304713401822,2024-10-24 07:45:00+00:00,2024-10-24 12:30:00+00:00,0 days 04:45:00,B_long,0.0008403834014173467,0.0006581935606412559,1.07935,1.07935,1.07798,1.07798,1.0,0.0
8290,103694,103698,1.082079022568777,1.083042781235347,1.0816524062548845,1.083042781235347,7.989559345863942,0.0,0.000890654606982455,2024-10-25 07:15:00+00:00,2024-10-25 08:15:00+00:00,0 days 01:00:00,B_long,0.0003812479124334331,0.0005520399333730405,1.08275,1.08275,1.082,1.082,1.0,1.0
-8293,103700,103715,1.0824109289257409,1.0831117679422566,1.0831117679422566,1.0807446961732299,-5.812057963965048,0.0,-0.0006474796196036525,2024-10-25 08:45:00+00:00,2024-10-25 12:30:00+00:00,0 days 03:45:00,B_short,0.0005568655499557446,0.0006358691969751321,1.08275,1.08275,1.082,1.082,1.0,0.0
-8293,103897,103901,1.0816909948199807,1.0800926802823623,1.0823424399058792,1.0800926802823623,13.254822460469256,0.0,0.0014776073252642519,2024-10-29 10:00:00+00:00,2024-10-29 11:00:00+00:00,0 days 01:00:00,B_short,0.0005647812517619364,0.0006060262188952473,1.08192,1.08192,1.08061,1.08061,1.0,1.0
-8300,104001,104007,1.0823209371625206,1.0830756512049255,1.0830756512049255,1.080453046385223,-6.2641265519606915,0.0,-0.0006973107666043976,2024-10-30 12:00:00+00:00,2024-10-30 13:30:00+00:00,0 days 01:30:00,B_short,0.0006495643776021113,0.0008588623121110472,1.08259,1.08259,1.0813,1.0813,0.0,0.0
-8268,104081,104088,1.0858006186736955,1.086371624259967,1.086371624259967,1.084445127220099,-4.721074187293131,0.0,-0.0005258843810285185,2024-10-31 08:00:00+00:00,2024-10-31 09:45:00+00:00,0 days 01:45:00,B_short,0.0005400743586381545,0.0005985636484639604,1.08592,1.08592,1.08441,1.08441,1.0,1.0
-8351,104565,104565,1.0745216510167845,1.0755630666291491,1.0755630666291491,1.0717908001125522,-8.69686177885672,0.0,-0.0009691899752592992,2024-11-07 10:00:00+00:00,2024-11-07 10:00:00+00:00,0 days 00:00:00,B_short,0.0009639910785959262,0.0009639910785959262,1.07477,1.07477,1.07129,1.07129,1.0,1.0
8318,104655,104663,1.0778386345249207,1.0768801701196553,1.0768801701196553,1.0802794896410344,-7.97250692299734,0.0,-0.0008892466595316062,2024-11-08 08:30:00+00:00,2024-11-08 10:30:00+00:00,0 days 02:00:00,B_long,0.0008471858962987567,0.0008717515132698093,1.07973,1.07973,1.07765,1.07765,1.0,1.0
8310,104665,104670,1.077968646422492,1.0769611486884996,1.0769611486884996,1.0805165539345012,-8.372306169477229,0.0,-0.0009346261946820977,2024-11-08 11:00:00+00:00,2024-11-08 12:15:00+00:00,0 days 01:15:00,B_long,0.0008690044699670836,0.0008790609602205798,1.07973,1.07973,1.07765,1.07765,1.0,0.0
8433,104945,104956,1.061307121703,1.0633309449696897,1.0605030183434367,1.0633309449696897,17.066901607995227,0.0,0.0019069157506852452,2024-11-13 09:00:00+00:00,2024-11-13 11:45:00+00:00,0 days 02:45:00,B_long,0.0006873841023548872,0.0008669639211013208,1.06294,1.06294,1.06094,1.06094,1.0,1.0
-8500,105232,105234,1.0546934658539708,1.0554817980226987,1.0554817980226987,1.0527546059319037,-6.7008234341868755,0.0,-0.000747451457935755,2024-11-18 08:45:00+00:00,2024-11-18 09:15:00+00:00,0 days 00:30:00,B_short,0.0006628916196723327,0.0008367497054427876,1.05505,1.05505,1.05302,1.05302,1.0,1.0
-8492,105239,105251,1.0549134457196199,1.0558815071276475,1.0558815071276475,1.0523154786170579,-8.22077747697065,0.0,-0.0009176690390624298,2024-11-18 10:30:00+00:00,2024-11-18 13:30:00+00:00,0 days 03:00:00,B_short,0.0008246395106278198,0.000780541791844402,1.05505,1.05505,1.05302,1.05302,1.0,0.0
8456,105324,105324,1.0586368773451942,1.057823996521713,1.057823996521713,1.0606880104348608,-6.8737202433559865,0.0,-0.0007678561373373194,2024-11-19 07:45:00+00:00,2024-11-19 07:45:00+00:00,0 days 00:00:00,B_long,0.0007418696811819945,0.0007418696811819945,1.06007,1.06007,1.05826,1.05826,1.0,1.0
8449,105327,105327,1.0586768810059854,1.057806506772801,1.057806506772801,1.060900479681597,-7.353791896174723,0.0,-0.000822133975720063,2024-11-19 08:30:00+00:00,2024-11-19 08:30:00+00:00,0 days 00:00:00,B_long,0.0009836941302390774,0.0009836941302390774,1.06007,1.06007,1.05826,1.05826,1.0,1.0
-8534,105616,105617,1.0471441568282904,1.04368373361403,1.0484120887953234,1.04368373361403,29.53125171049759,0.0,0.0033046292544300915,2024-11-22 08:45:00+00:00,2024-11-22 09:00:00+00:00,0 days 00:15:00,B_short,0.001465810289280257,0.0027583689173762303,1.04782,1.04782,1.04615,1.04615,1.0,1.0
8554,105714,105730,1.0482659282851023,1.0514838249471399,1.04707872501762,1.0514838249471399,27.525888047069063,0.0,0.0030697331423352736,2024-11-25 09:15:00+00:00,2024-11-25 13:15:00+00:00,0 days 04:00:00,B_long,0.0010984383180627003,0.0012021233984540307,1.049,1.049,1.04735,1.04735,1.0,0.0
8524,106009,106017,1.055146557941171,1.0542099633154511,1.0542099633154511,1.0575301100536465,-7.983532589635764,0.0,-0.0008876441084614273,2024-11-28 11:00:00+00:00,2024-11-28 13:00:00+00:00,0 days 02:00:00,B_long,0.0008246984599422952,0.0007338332735897477,1.05627,1.05627,1.05473,1.05473,1.0,0.0
-8503,106094,106096,1.0566232892208007,1.0576393088993192,1.0576393088993192,1.0538820733020422,-8.639215326442791,0.0,-0.0009615722924938286,2024-11-29 08:15:00+00:00,2024-11-29 08:45:00+00:00,0 days 00:30:00,B_short,0.0009140677127432732,0.0008911886375716225,1.05767,1.05767,1.05564,1.05564,1.0,1.0
-8492,106099,106142,1.0569432599344717,1.0580566261322206,1.0580566261322206,1.0540301216033383,-9.454705751283939,0.0,-0.0010533831284547102,2024-11-29 09:30:00+00:00,2024-11-29 20:15:00+00:00,0 days 10:45:00,B_short,0.0011364093145910914,0.0005141182174595841,1.05767,1.05767,1.05564,1.05564,1.0,0.0
8523,106201,106207,1.0522562934490143,1.051124954611939,1.051124954611939,1.0553051361641832,-9.64240090839261,0.0,-0.001075155210872647,2024-12-02 11:00:00+00:00,2024-12-02 12:30:00+00:00,0 days 01:30:00,B_long,0.0009963726696528348,0.0010855978148024891,1.05463,1.05463,1.05151,1.05151,1.0,0.0
-8533,106285,106285,1.0497139216224625,1.0505407638681605,1.0505407638681605,1.0475777083955187,-7.055444882541608,0.0,-0.0007876834141820055,2024-12-03 08:00:00+00:00,2024-12-03 08:00:00+00:00,0 days 00:00:00,B_short,0.0007953286857391223,0.0007953286857391223,1.05014,1.05014,1.04807,1.04807,1.0,1.0
-8512,106378,106384,1.0514737605476543,1.049656805233791,1.0522877315887365,1.049656805233791,15.465923631605165,0.0,0.0017280082319096612,2024-12-04 07:15:00+00:00,2024-12-04 08:45:00+00:00,0 days 01:30:00,B_short,0.0006567007102382459,0.0007190848823909591,1.05201,1.05201,1.04879,1.04879,1.0,1.0
-8517,106482,106492,1.0526736507239214,1.0536308443262548,1.0536308443262548,1.050227467021236,-8.152417911073336,0.0,-0.000909297579240409,2024-12-05 09:15:00+00:00,2024-12-05 11:45:00+00:00,0 days 02:30:00,B_short,0.0008400650827541514,0.0007209615203752154,1.05288,1.05288,1.05081,1.05081,1.0,1.0
-8465,106575,106594,1.0581831464499478,1.0589535732844182,1.0589535732844182,1.0562992801467452,-6.521663153791702,0.0,-0.0007280656822545861,2024-12-06 08:30:00+00:00,2024-12-06 13:15:00+00:00,0 days 04:45:00,B_short,0.0006310968464957971,0.000685818242782557,1.05864,1.05864,1.05659,1.05659,1.0,0.0
-8473,106676,106677,1.056373312100745,1.057325060842682,1.057325060842682,1.0539048174719539,-8.064167090432555,0.0,-0.0009009587151007636,2024-12-09 09:45:00+00:00,2024-12-09 10:00:00+00:00,0 days 00:15:00,B_short,0.0008290527303243899,0.0009491790329478058,1.05659,1.05659,1.0532,1.0532,1.0,1.0
-8470,106762,106765,1.0558933560302382,1.0545971024432184,1.0564676325189273,1.0545971024432184,10.97926788205763,0.0,0.0012276368438316476,2024-12-10 07:15:00+00:00,2024-12-10 08:00:00+00:00,0 days 00:45:00,B_short,0.00046528151640368826,0.0006181343678633749,1.05625,1.05625,1.05452,1.05452,1.0,1.0
8490,106767,106768,1.0548065268244466,1.0540529502145184,1.0540529502145184,1.056681149356445,-6.3978654182908645,0.0,-0.0007144216410918114,2024-12-10 08:30:00+00:00,2024-12-10 08:45:00+00:00,0 days 00:15:00,B_long,0.0006521098140840509,0.0006891618388728275,1.05625,1.05625,1.05452,1.05452,1.0,1.0
-8516,106960,106962,1.0507238291874874,1.051495384202525,1.051495384202525,1.048713847392425,-6.570562508059875,0.0,-0.0007343080965758197,2024-12-12 08:45:00+00:00,2024-12-12 09:15:00+00:00,0 days 00:30:00,B_short,0.0006946663088550044,0.0007108382497622084,1.05095,1.05095,1.05009,1.05009,1.0,1.0
-8509,106967,106976,1.0508138209507074,1.0489430802221358,1.0515656399259548,1.0489430802221358,15.918132859415994,0.0,0.0017802780009870123,2024-12-12 10:30:00+00:00,2024-12-12 12:45:00+00:00,0 days 02:15:00,B_short,0.0006668879358274154,0.0007576028969981949,1.05095,1.05095,1.05009,1.05009,1.0,0.0
8521,107152,107157,1.0512862046748301,1.0503306817006497,1.0503306817006497,1.0537679548980512,-8.142011262991572,0.0,-0.0009089085064860614,2024-12-16 08:45:00+00:00,2024-12-16 10:00:00+00:00,0 days 01:15:00,B_long,0.0008380758594369693,0.0008728764577158224,1.05228,1.05228,1.05091,1.05091,1.0,1.0
-8521,107340,107341,1.0501838786081672,1.0490088652330074,1.0507037115889977,1.0490088652330074,10.01228896973661,0.0,0.0011188644189787933,2024-12-18 07:45:00+00:00,2024-12-18 08:00:00+00:00,0 days 00:15:00,B_short,0.0004952167104646428,0.0005585211490693458,1.05056,1.05056,1.04928,1.04928,1.0,1.0
8537,107344,107360,1.049526043600022,1.0488913330035878,1.0488913330035878,1.0510860009892362,-5.418524361758446,0.0,-0.0006047592628164455,2024-12-18 08:45:00+00:00,2024-12-18 12:45:00+00:00,0 days 04:00:00,B_long,0.0005581780635571497,0.0006519012756142416,1.05056,1.05056,1.04928,1.04928,1.0,0.0
8614,107858,107863,1.039595134808632,1.039204280527642,1.039204280527642,1.040467158417074,-3.366818776448382,0.0,-0.00037596778582660306,2024-12-26 07:45:00+00:00,2024-12-26 09:00:00+00:00,0 days 01:15:00,B_long,0.0003456235427103118,0.000367177168123166,1.04042,1.04042,1.0393,1.0393,1.0,1.0
-8595,107957,107966,1.0412646949645818,1.042033190350936,1.042033190350936,1.039380428947192,-6.605217845712974,0.0,-0.0007380403753920461,2024-12-27 08:30:00+00:00,2024-12-27 10:45:00+00:00,0 days 02:15:00,B_short,0.0006680983041445346,0.0006131716474401457,1.04237,1.04237,1.04065,1.04065,1.0,1.0
8583,108054,108054,1.042245377336042,1.041693907236201,1.041693907236201,1.0435182782913965,-4.733267866935497,0.0,-0.0005291173382323544,2024-12-30 08:45:00+00:00,2024-12-30 08:45:00+00:00,0 days 00:00:00,B_long,0.0005672803952923098,0.0005672803952923098,1.04311,1.04311,1.04208,1.04208,1.0,1.0
8578,108058,108059,1.042245377336042,1.0439629111364064,1.0415590296211978,1.0439629111364064,14.733004939525168,0.0,0.0016479169279257633,2024-12-30 09:45:00+00:00,2024-12-30 10:00:00+00:00,0 days 00:15:00,B_long,0.0007581743282951987,0.0008064177511891735,1.04311,1.04311,1.04208,1.04208,1.0,1.0
-8598,108153,108153,1.041274694049384,1.041901648587454,1.041901648587454,1.0397750542376378,-5.3905551183253,0.0,-0.0006021029240919074,2024-12-31 09:30:00+00:00,2024-12-31 09:30:00+00:00,0 days 00:00:00,B_short,0.0006007621091267501,0.0006007621091267501,1.04148,1.04148,1.03969,1.03969,1.0,1.0
-8594,108156,108158,1.0411647041165597,1.041964572428633,1.041964572428633,1.0391462827141011,-6.874068273958358,0.0,-0.0007682437840150769,2024-12-31 10:15:00+00:00,2024-12-31 10:45:00+00:00,0 days 00:30:00,B_short,0.0006852961048152519,0.0007137557409501159,1.04148,1.04148,1.03969,1.03969,1.0,1.0
-8587,108161,108166,1.041274694049384,1.0393216703970591,1.0420527765343135,1.0393216703970591,16.770614102513562,0.0,0.0018756084859123945,2024-12-31 11:30:00+00:00,2024-12-31 12:45:00+00:00,0 days 01:15:00,B_short,0.0006744063297385176,0.000776625579440481,1.04148,1.04148,1.03969,1.03969,1.0,0.0
8693,108720,108721,1.0306243138762285,1.0299381551684375,1.0299381551684375,1.032265534494688,-5.964777646827995,0.0,-0.0006657699595795652,2025-01-09 07:15:00+00:00,2025-01-09 07:30:00+00:00,0 days 00:15:00,B_long,0.0005842655206876074,0.0006476967845959051,1.03214,1.03214,1.03049,1.03049,1.0,1.0
8686,108727,108736,1.030864335840975,1.0299338838357293,1.0299338838357293,1.0332383484928118,-8.081906117564795,0.0,-0.0009025940396770737,2025-01-09 09:00:00+00:00,2025-01-09 11:15:00+00:00,0 days 02:15:00,B_long,0.0008066340090344779,0.000726900833748144,1.03214,1.03214,1.03049,1.03049,1.0,1.0
8696,108816,108820,1.0287341409038493,1.030011592468243,1.0281961358439191,1.030011592468243,11.108718803966989,0.0,0.001241770359901917,2025-01-10 07:15:00+00:00,2025-01-10 08:15:00+00:00,0 days 01:00:00,B_long,0.00046268226860359636,0.0005511906819473996,1.03044,1.03044,1.02847,1.02847,1.0,1.0
-8693,108823,108837,1.0301757099189135,1.030913338778885,1.030913338778885,1.0283399836633453,-6.412207679731533,0.0,-0.000716022376444414,2025-01-10 09:00:00+00:00,2025-01-10 12:30:00+00:00,0 days 03:30:00,B_short,0.0006228936083669251,0.0005083377066803278,1.03044,1.03044,1.02847,1.02847,1.0,0.0
-8721,109015,109033,1.026036088810792,1.0270591531883764,1.0270591531883764,1.023382540434871,-8.922144436913296,0.0,-0.0009971036971712088,2025-01-14 09:00:00+00:00,2025-01-14 13:30:00+00:00,0 days 04:30:00,B_short,0.0009112660965927001,0.001181165719428375,1.02637,1.02637,1.02384,1.02384,1.0,0.0
8684,109105,109107,1.0296242223564511,1.0310804066604375,1.0289998644465208,1.0310804066604375,12.64550449581806,0.0,0.001414287147065929,2025-01-15 07:30:00+00:00,2025-01-15 08:00:00+00:00,0 days 00:30:00,B_long,0.0005987841463485253,0.0007221978699239881,1.03061,1.03061,1.02925,1.02925,1.0,1.0
-8691,109109,109113,1.0300557209012866,1.030959238153934,1.030959238153934,1.0277622855381976,-7.852468442759239,0.0,-0.00087715376393116,2025-01-15 08:30:00+00:00,2025-01-15 09:30:00+00:00,0 days 01:00:00,B_short,0.0007633397334095757,0.0007679033308821859,1.03061,1.03061,1.02925,1.02925,1.0,1.0
-8680,109117,109129,1.0304756824629802,1.0312823062571699,1.0312823062571699,1.0284730812284906,-7.001494533566772,0.0,-0.0007827683931966867,2025-01-15 10:30:00+00:00,2025-01-15 13:30:00+00:00,0 days 03:00:00,B_short,0.0006793320895471666,0.001256370477257371,1.03061,1.03061,1.02925,1.02925,1.0,0.0
8686,109300,109311,1.0291241765965624,1.030640477757378,1.0284931740808738,1.030640477757378,13.170591882845098,0.0,0.0014733898933656508,2025-01-17 08:15:00+00:00,2025-01-17 11:00:00+00:00,0 days 02:45:00,B_long,0.0005492491299091938,0.000626768123011068,1.03093,1.03093,1.02874,1.02874,1.0,1.0
-8686,109403,109403,1.0305256778869913,1.0312924141573476,1.0312924141573476,1.0285627575279572,-6.659871244314674,0.0,-0.0007440244205543234,2025-01-20 10:00:00+00:00,2025-01-20 10:00:00+00:00,0 days 00:00:00,B_short,0.0007207589363678955,0.0007207589363678955,1.03071,1.03071,1.02782,1.02782,1.0,1.0
8640,109499,109505,1.0354147522559625,1.0342942883055646,1.0342942883055646,1.0384371350833066,-9.680808531437748,0.0,-0.0010821402225114074,2025-01-21 10:00:00+00:00,2025-01-21 11:30:00+00:00,0 days 01:30:00,B_long,0.0010562834685108578,0.0008696903596035475,1.04343,1.04343,1.03528,1.03528,1.0,1.0
8630,109507,109515,1.0354147522559625,1.0380511949349696,1.034422935021677,1.0380511949349696,22.75250031983118,0.0,0.0025462672549940724,2025-01-21 12:00:00+00:00,2025-01-21 14:00:00+00:00,0 days 02:00:00,B_long,0.0009234563145466448,0.0009225622474689809,1.04343,1.04343,1.03528,1.03528,0.0,0.0
8603,109584,109592,1.0413552958834404,1.043206241084418,1.0406112529718607,1.043206241084418,15.923681564010431,0.0,0.0017774386977187362,2025-01-22 07:15:00+00:00,2025-01-22 09:15:00+00:00,0 days 02:00:00,B_long,0.0006315807577207723,0.0007929964732323608,1.04245,1.04245,1.04057,1.04057,1.0,1.0
8628,109683,109683,1.040085179653323,1.0394273259074975,1.0394273259074975,1.0417180222775075,-5.675962118982401,0.0,-0.0006324998747168076,2025-01-23 08:00:00+00:00,2025-01-23 08:00:00+00:00,0 days 00:00:00,B_long,0.0006016508801687664,0.0006016508801687664,1.04158,1.04158,1.03967,1.03967,1.0,1.0
8621,109688,109699,1.040385207109256,1.0396019889226964,1.0396019889226964,1.0423940332319108,-6.752123986331058,0.0,-0.0007528155737006603,2025-01-23 09:15:00+00:00,2025-01-23 12:00:00+00:00,0 days 02:45:00,B_long,0.0006982762669965496,0.0007150180614174423,1.04158,1.04158,1.03967,1.03967,1.0,0.0
-8577,109776,109776,1.0446543847125365,1.045627449276281,1.045627449276281,1.0421576521711569,-8.345974763236264,0.0,-0.0009314703293110682,2025-01-24 07:15:00+00:00,2025-01-24 07:15:00+00:00,0 days 00:00:00,B_short,0.0008917893727769262,0.0008917893727769262,1.04537,1.04537,1.04115,1.04115,1.0,1.0
8586,110070,110071,1.042825430417513,1.0420685839349477,1.0420685839349477,1.0446742481951572,-6.498283899306132,0.0,-0.0007257652723929864,2025-01-29 08:45:00+00:00,2025-01-29 09:00:00+00:00,0 days 00:15:00,B_long,0.0006605605897121036,0.0007818191777504697,1.04424,1.04424,1.04256,1.04256,1.0,1.0
8586,110162,110167,1.0421153654384712,1.0415495711592795,1.0415495711592795,1.0434312865221613,-4.857909681139748,0.0,-0.0005429286410661982,2025-01-30 07:45:00+00:00,2025-01-30 09:00:00+00:00,0 days 01:15:00,B_long,0.000494371661957795,0.0007861042271385166,1.04288,1.04288,1.04175,1.04175,1.0,1.0
-8599,110260,110263,1.0397948294986545,1.0376434098917802,1.0406255300360732,1.0376434098917802,18.500057199512725,0.0,0.0020690808858048193,2025-01-31 08:15:00+00:00,2025-01-31 09:00:00+00:00,0 days 00:45:00,B_short,0.0007634593645968118,0.0009154608071167704,1.04022,1.04022,1.03768,1.03768,1.0,1.0
8634,110266,110283,1.0378449746490215,1.03674740943821,1.03674740943821,1.0407177716853702,-9.476378030145549,0.0,-0.0010575425401877503,2025-01-31 09:45:00+00:00,2025-01-31 14:00:00+00:00,0 days 04:15:00,B_long,0.0009989118202179406,0.0009478234927380014,1.04022,1.04022,1.03768,1.03768,1.0,0.0
-8665,110454,110455,1.0328954609851189,1.033884537222713,1.033884537222713,1.0303063883318613,-8.57034559875326,0.0,-0.0009575763230200707,2025-02-04 08:45:00+00:00,2025-02-04 09:00:00+00:00,0 days 00:15:00,B_short,0.0009312655930178029,0.0009844301806154363,1.03309,1.03309,1.02721,1.02721,1.0,1.0
-8656,110462,110472,1.0328954609851189,1.0338930036118006,1.0338930036118006,1.0303609891645982,-8.634728976557007,0.0,-0.0009657730761352123,2025-02-04 10:45:00+00:00,2025-02-04 13:15:00+00:00,0 days 02:30:00,B_short,0.0008599364635605031,0.0007454931917194336,1.03309,1.03309,1.02721,1.02721,1.0,0.0
-8598,110745,110745,1.0389849036296743,1.0395848613489922,1.0395848613489922,1.0375654159530234,-5.158436470695023,0.0,-0.0005774460410559179,2025-02-07 09:30:00+00:00,2025-02-07 09:30:00+00:00,0 days 00:00:00,B_short,0.0005548798357933016,0.0005548798357933016,1.03909,1.03909,1.03738,1.03738,1.0,1.0
-8594,110748,110756,1.0387849219336298,1.037089937436679,1.039476687521107,1.037089937436679,14.56669676679443,0.0,0.0016316991719476093,2025-02-07 10:15:00+00:00,2025-02-07 12:15:00+00:00,0 days 02:00:00,B_short,0.0005477958516260113,0.0005243960199775118,1.03909,1.03909,1.03738,1.03738,1.0,0.0
-8665,110851,110896,1.0319555470137096,1.0300953551185896,1.0327015482938033,1.0300953551185896,16.118562771214705,0.0,0.0018025891720849785,2025-02-10 12:00:00+00:00,2025-02-10 23:15:00+00:00,0 days 11:15:00,B_short,0.0007473418546296063,0.00036599683599614053,1.03214,1.03214,1.02985,1.02985,0.0,0.0
-8641,111033,111033,1.0366651159555578,1.0373805932631157,1.0373805932631157,1.0348982202106525,-6.18243941460819,0.0,-0.000690172068632311,2025-02-12 09:30:00+00:00,2025-02-12 09:30:00+00:00,0 days 00:00:00,B_short,0.0006311808280337147,0.0006311808280337147,1.03677,1.03677,1.03537,1.03537,1.0,1.0
-8555,111218,111219,1.0463642282137169,1.0469895108965097,1.0469895108965097,1.0448714673104706,-5.349293351292635,0.0,-0.0005975765091474905,2025-02-14 07:45:00+00:00,2025-02-14 08:00:00+00:00,0 days 00:15:00,B_short,0.0005189094436418765,0.0005497215178229634,1.04668,1.04668,1.0447,1.0447,1.0,1.0
-8548,111231,111237,1.046594207164168,1.0474190423023313,1.0474190423023313,1.0444628730930063,-7.050690761019263,0.0,-0.0007881136093790264,2025-02-14 11:00:00+00:00,2025-02-14 12:30:00+00:00,0 days 01:30:00,B_short,0.0007245033286871277,0.0007250541078682507,1.04668,1.04668,1.0447,1.0447,1.0,0.0
8524,111327,111328,1.0489759932641443,1.0482750663896938,1.0482750663896938,1.0506948008309187,-5.974700677815611,0.0,-0.0006682010636576141,2025-02-17 11:00:00+00:00,2025-02-17 11:15:00+00:00,0 days 00:15:00,B_long,0.0005936091289320431,0.0005997945784077673,1.05062,1.05062,1.04846,1.04846,1.0,1.0
8557,111513,111513,1.0441955557996083,1.0435469641409412,1.0435469641409412,1.0458391075771762,-5.549998823214824,0.0,-0.0006211400298198333,2025-02-19 09:30:00+00:00,2025-02-19 09:30:00+00:00,0 days 00:00:00,B_long,0.0006152977445176255,0.0006152977445176255,1.04562,1.04562,1.04409,1.04409,1.0,1.0
-8561,111606,111608,1.042914543956949,1.043641032789595,1.043641032789595,1.0411169016312147,-6.219470896283637,0.0,-0.0006965947851198528,2025-02-20 08:45:00+00:00,2025-02-20 09:15:00+00:00,0 days 00:30:00,B_short,0.0006255617509823852,0.000626577492960101,1.04375,1.04375,1.04185,1.04185,1.0,1.0
-8551,111618,111619,1.0434144981970603,1.044076767975453,1.044076767975453,1.0417696960736413,-5.663068875035779,0.0,-0.0006347139890590103,2025-02-20 11:45:00+00:00,2025-02-20 12:00:00+00:00,0 days 00:15:00,B_short,0.0006038655787259406,0.0006313501682291456,1.04375,1.04375,1.04185,1.04185,1.0,0.0
8515,111806,111809,1.0472758376805227,1.0464616845598411,1.0464616845598411,1.0494149463204763,-6.932513822603483,0.0,-0.0007774008445422531,2025-02-24 10:45:00+00:00,2025-02-24 11:30:00+00:00,0 days 00:45:00,B_long,0.0007652067148042126,0.0007609953044221873,1.05282,1.05282,1.04716,1.04716,1.0,1.0
-8566,112185,112199,1.0400948020427214,1.040800169887283,1.040800169887283,1.038279490338151,-6.042180956515137,0.0,-0.0006781764923509126,2025-02-28 09:30:00+00:00,2025-02-28 13:00:00+00:00,0 days 03:30:00,B_short,0.0006034805689787137,0.0005575147120530325,1.04042,1.04042,1.03802,1.03802,1.0,0.0
8549,112280,112284,1.0416953270001648,1.0440353650103746,1.0407615449965417,1.0440353650103746,20.00498494928424,0.0,0.0022463746832277476,2025-03-03 09:15:00+00:00,2025-03-03 10:15:00+00:00,0 days 01:00:00,B_long,0.0008439943363304661,0.0009292306615296009,1.04231,1.04231,1.04021,1.04021,1.0,1.0
-8505,112371,112372,1.0491839701279446,1.0501270408132641,1.0501270408132641,1.0466988775602073,-8.020816178642464,0.0,-0.0008988611265234869,2025-03-04 08:00:00+00:00,2025-03-04 08:15:00+00:00,0 days 00:15:00,B_short,0.0008841020381624039,0.0011195550997407555,1.04959,1.04959,1.04708,1.04708,1.0,1.0
8225,112765,112771,1.0840992074387275,1.0827323757532186,1.0827323757532186,1.087842872740344,-11.242190613310576,0.0,-0.0012607994509452602,2025-03-10 09:30:00+00:00,2025-03-10 11:00:00+00:00,0 days 01:30:00,B_long,0.0012219410138772258,0.0017855938373225262,1.08711,1.08711,1.08278,1.08278,1.0,1.0
8173,112948,112948,1.0896397144582943,1.088957997322206,1.088957997322206,1.0912860080333815,-5.571674153249042,0.0,-0.000625635360975374,2025-03-12 07:15:00+00:00,2025-03-12 07:15:00+00:00,0 days 00:00:00,B_long,0.0006177356540880265,0.0006177356540880265,1.09157,1.09157,1.08949,1.08949,1.0,1.0
8165,112950,112950,1.090049751981403,1.0892726290997903,1.0892726290997903,1.0919421127006288,-6.34520832836762,0.0,-0.0007129242313941297,2025-03-12 07:45:00+00:00,2025-03-12 07:45:00+00:00,0 days 00:00:00,B_long,0.0007357214468483397,0.0007357214468483397,1.09157,1.09157,1.08949,1.08949,1.0,1.0
-8148,112959,112969,1.091320113484524,1.0923098026620364,1.0923098026620364,1.0887505920138911,-8.063987418370207,0.0,-0.0009068733960673203,2025-03-12 10:00:00+00:00,2025-03-12 12:30:00+00:00,0 days 02:30:00,B_short,0.0008951623070981093,0.0014366969202056724,1.09157,1.09157,1.08949,1.08949,1.0,0.0
8166,113044,113044,1.088239586330606,1.0874724319738998,1.0874724319738998,1.0902227040783008,-6.264582476863382,0.0,-0.0007049498716482638,2025-03-13 07:15:00+00:00,2025-03-13 07:15:00+00:00,0 days 00:00:00,B_long,0.0007398922892869335,0.0007398922892869335,1.0897,1.0897,1.0879,1.0879,1.0,1.0
8159,113049,113054,1.0883896000585727,1.087179602297791,1.087179602297791,1.0916211931066266,-9.872371730216805,0.0,-0.0011117321965558036,2025-03-13 08:30:00+00:00,2025-03-13 09:45:00+00:00,0 days 01:15:00,B_long,0.0010583446752477107,0.00104110276149033,1.0897,1.0897,1.0879,1.0879,1.0,1.0
8153,113055,113057,1.0880295671114528,1.0868788972385097,1.0868788972385097,1.0910433082844708,-9.381411474105093,0.0,-0.0010575722459436054,2025-03-13 10:00:00+00:00,2025-03-13 10:30:00+00:00,0 days 00:30:00,B_long,0.0010396223932916308,0.0009307385976279351,1.0897,1.0897,1.0879,1.0879,1.0,1.0
8174,113143,113151,1.0839991982867498,1.0863260959773455,1.083064634674218,1.0863260959773455,19.02006172292914,0.0,0.002146586173009446,2025-03-14 08:00:00+00:00,2025-03-14 10:00:00+00:00,0 days 02:00:00,B_long,0.0008999832823442487,0.0009700596188316314,1.08583,1.08583,1.08341,1.08341,1.0,1.0
8164,113239,113245,1.0877195387403218,1.089648160442212,1.086917279852596,1.089648160442212,15.745267574230947,0.0,0.0017730873016437165,2025-03-17 08:00:00+00:00,2025-03-17 09:30:00+00:00,0 days 01:30:00,B_long,0.0007650241277502351,0.0008909631828843588,1.08936,1.08936,1.08737,1.08737,1.0,1.0
-8148,113351,113363,1.0915200951805686,1.092454615806809,1.092454615806809,1.0891161525795734,-7.614474062606222,0.0,-0.0008561643806344055,2025-03-18 12:00:00+00:00,2025-03-18 15:00:00+00:00,0 days 03:00:00,B_short,0.0008340003659011186,0.0012443924652544714,1.09209,1.09209,1.09062,1.09062,0.0,0.0
-8200,113718,113720,1.0837308081196346,1.0845601899951645,1.0845601899951645,1.0817194300145065,-6.800931379344632,0.0,-0.0007653024803908615,2025-03-24 07:45:00+00:00,2025-03-24 08:15:00+00:00,0 days 00:30:00,B_short,0.0006954979958092298,0.0008503073835189393,1.08398,1.08398,1.08169,1.08169,1.0,1.0
-8195,113724,113728,1.0834908300843813,1.0845866297249158,1.0845866297249158,1.0806801108252524,-8.980078054180414,0.0,-0.0010113603272943195,2025-03-24 09:15:00+00:00,2025-03-24 10:15:00+00:00,0 days 01:00:00,B_short,0.0009610790949271103,0.0009226362475103608,1.08398,1.08398,1.08169,1.08169,1.0,1.0
-8184,113734,113742,1.0838207998828546,1.0816100976582843,1.084703300780572,1.0816100976582843,18.092387005883463,0.0,0.0020397303916009912,2025-03-24 11:45:00+00:00,2025-03-24 13:45:00+00:00,0 days 02:00:00,B_short,0.0007968606764957534,0.0010469969904214598,1.08398,1.08398,1.08169,1.08169,1.0,0.0
8234,113820,113826,1.0796688020061134,1.081952889361471,1.0787757035461762,1.081952889361471,18.807175284014207,0.0,0.0021155444624438857,2025-03-25 09:15:00+00:00,2025-03-25 10:45:00+00:00,0 days 01:30:00,B_long,0.0007603902599804894,0.0008413974957814986,1.08087,1.08087,1.0794,1.0794,1.0,1.0
-8251,113919,113932,1.0794711979938862,1.0777219550255606,1.0801993483248131,1.0777219550255606,14.433003731655198,0.0,0.0016204628447489267,2025-03-26 10:00:00+00:00,2025-03-26 13:15:00+00:00,0 days 03:15:00,B_short,0.0006247685481714514,0.0008145665296788266,1.0797,1.0797,1.07777,1.07777,1.0,0.0
-8273,114021,114025,1.0783313023264327,1.079469631366885,1.079469631366885,1.0753911058993446,-9.417396151661892,0.0,-0.001055639429177635,2025-03-27 11:30:00+00:00,2025-03-27 12:30:00+00:00,0 days 01:00:00,B_short,0.0009996805179669829,0.0009484242029364192,1.07869,1.07869,1.07407,1.07407,1.0,0.0
8229,114199,114199,1.083229127816521,1.0821336260609034,1.0821336260609034,1.0861191218172896,-9.01488394697696,0.0,-0.0010113296693062823,2025-03-31 08:00:00+00:00,2025-03-31 08:00:00+00:00,0 days 00:00:00,B_long,0.0010661907472170975,0.0010661907472170975,1.08458,1.08458,1.0823,1.0823,1.0,1.0
8224,114203,114206,1.0828190902934123,1.0816383789417374,1.0816383789417374,1.0860048631747876,-9.710170156174023,0.0,-0.0010904050014068911,2025-03-31 09:00:00+00:00,2025-03-31 09:45:00+00:00,0 days 00:45:00,B_long,0.0010194049171608106,0.0008833815120006894,1.08458,1.08458,1.0823,1.0823,1.0,1.0
8216,114212,114212,1.0826690765654456,1.0815718302528587,1.0815718302528587,1.0854845092414234,-9.014975704213946,0.0,-0.0010134641658628984,2025-03-31 11:15:00+00:00,2025-03-31 11:15:00+00:00,0 days 00:00:00,B_long,0.001029080447522304,0.001029080447522304,1.08458,1.08458,1.0823,1.0823,1.0,1.0
8207,114214,114215,1.0827290820566324,1.081624130278814,1.081624130278814,1.0856876091635579,-9.068339240555037,0.0,-0.001020524705699688,2025-03-31 11:45:00+00:00,2025-03-31 12:00:00+00:00,0 days 00:15:00,B_long,0.0009897537583611845,0.0009751199239130255,1.08458,1.08458,1.0823,1.0823,1.0,0.0
8212,114297,114303,1.0809989237274173,1.080150901841309,1.080150901841309,1.083107294476073,-6.963955728722517,0.0,-0.0007844798616305493,2025-04-01 08:30:00+00:00,2025-04-01 10:00:00+00:00,0 days 01:30:00,B_long,0.0007352184041989023,0.0010606177229390687,1.08299,1.08299,1.08064,1.08064,1.0,1.0
8223,114389,114397,1.0787787205535115,1.0803797406181466,1.0781000864606178,1.0803797406181466,13.165187991493836,0.0,0.001484104232064798,2025-04-02 07:30:00+00:00,2025-04-02 09:30:00+00:00,0 days 02:00:00,B_long,0.0005485917341311782,0.0006138446542319266,1.08017,1.08017,1.0786,1.0786,1.0,1.0
-8224,114400,114408,1.0799211568099867,1.08067506554029,1.08067506554029,1.0780948033791304,-6.200145398013781,0.0,-0.0006981146035978103,2025-04-02 10:15:00+00:00,2025-04-02 12:15:00+00:00,0 days 02:00:00,B_short,0.0007670568015844695,0.0007609756186940245,1.08017,1.08017,1.0786,1.0786,1.0,0.0
-8107,114485,114486,1.0948597895045118,1.0969605038655001,1.0969605038655001,1.0889184884035,-17.030491324532584,0.0,-0.0019187062865273496,2025-04-03 07:30:00+00:00,2025-04-03 07:45:00+00:00,0 days 00:15:00,B_short,0.0020664366834334163,0.001960245125642308,1.09517,1.09517,1.08795,1.08795,1.0,1.0
8022,114593,114602,1.1045310771877803,1.101979955390208,1.101979955390208,1.1117401338293755,-20.46509906012435,0.0,-0.0023096876586465864,2025-04-04 10:30:00+00:00,2025-04-04 12:45:00+00:00,0 days 02:15:00,B_long,0.002334705328486209,0.0032705698918543335,1.11076,1.11076,1.10364,1.10364,1.0,0.0
-8036,114679,114679,1.0999793209232513,1.1021395414417288,1.1021395414417288,1.093701375674814,-17.35953208648453,0.0,-0.00196387375415763,2025-04-07 08:00:00+00:00,2025-04-07 08:00:00+00:00,0 days 00:00:00,B_short,0.0021122692494981096,0.0021122692494981096,1.10203,1.10203,1.09198,1.09198,1.0,1.0
-7978,114868,114888,1.1057487928541356,1.107881113752514,1.107881113752514,1.099756658742458,-17.011656127262373,0.0,-0.0019283954114699409,2025-04-09 07:15:00+00:00,2025-04-09 12:15:00+00:00,0 days 05:00:00,B_short,0.001958965252178771,0.0022253945668947906,1.10689,1.10689,1.09709,1.09709,1.0,0.0
-7744,115072,115083,1.1369959328610912,1.140616319009934,1.140616319009934,1.1265510429701977,-28.03627033663909,0.0,-0.003184168073260052,2025-04-11 10:15:00+00:00,2025-04-11 13:00:00+00:00,0 days 02:45:00,B_short,0.0034314764752761805,0.0033971138580631147,1.13852,1.13852,1.1251,1.1251,1.0,0.0
-7700,115157,115178,1.139815674775319,1.1342049202795332,1.141785026573489,1.1342049202795332,43.20280961755021,0.0,0.004922510384752998,2025-04-14 07:30:00+00:00,2025-04-14 12:45:00+00:00,0 days 05:15:00,B_short,0.0018596896970237513,0.001965944423281377,1.14087,1.14087,1.13407,1.13407,1.0,0.0
-7750,115350,115353,1.1379858422565117,1.1338777363127515,1.1394807545624162,1.1338777363127515,31.837821064141625,0.0,0.0036099798356139523,2025-04-16 07:45:00+00:00,2025-04-16 08:30:00+00:00,0 days 00:45:00,B_short,0.001317987287427279,0.0017106423912526451,1.13853,1.13853,1.12925,1.12925,1.0,1.0
7783,115540,115570,1.1373840836124687,1.1394356007727955,1.1365747997424014,1.1394356007727955,15.966958058823563,0.0,0.001803715376261339,2025-04-18 07:15:00+00:00,2025-04-18 14:45:00+00:00,0 days 07:30:00,B_long,0.0006611735565853228,0.0004982971033277426,1.13853,1.13853,1.13637,1.13637,1.0,0.0
-7689,115649,115654,1.1532544447495103,1.1547082980735892,1.1547082980735892,1.1492751057792328,-11.178678208842507,0.0,-0.0012606526952467778,2025-04-21 10:30:00+00:00,2025-04-21 11:45:00+00:00,0 days 01:15:00,B_short,0.0013531916637772757,0.00127864324269152,1.15344,1.15344,1.14488,1.14488,1.0,1.0
-7765,115840,115847,1.140435618033057,1.1419060548873121,1.1419060548873121,1.1364018353380638,-11.417942173290657,0.0,-0.0012893641964559777,2025-04-23 10:15:00+00:00,2025-04-23 12:00:00+00:00,0 days 01:45:00,B_short,0.0013779142356703997,0.0013930557990248127,1.14152,1.14152,1.1349,1.1349,1.0,0.0
7793,116117,116120,1.135053870371387,1.1338576958293853,1.1338576958293853,1.1382669125118439,-9.32178820581937,0.0,-0.0010538482562156837,2025-04-28 07:30:00+00:00,2025-04-28 08:15:00+00:00,0 days 00:45:00,B_long,0.00114333028119935,0.0011731308526799708,1.13805,1.13805,1.13432,1.13432,1.0,1.0
7786,116122,116145,1.1350138667105962,1.1386101402169682,1.1336899532610105,1.1386101402169682,28.00058552061183,0.0,0.003168484202571431,2025-04-28 08:45:00+00:00,2025-04-28 14:30:00+00:00,0 days 05:45:00,B_long,0.0011673738404574183,0.0017672374391308975,1.13805,1.13805,1.13432,1.13432,1.0,0.0
-7824,116422,116425,1.1327663199897497,1.1337962321473847,1.1337962321473847,1.1300513035578459,-8.058032721335668,0.0,-0.0009092009000093437,2025-05-01 11:45:00+00:00,2025-05-01 12:30:00+00:00,0 days 00:45:00,B_short,0.0009847345277334066,0.0011832420022015594,1.13291,1.13291,1.12878,1.12878,1.0,0.0
7820,116600,116611,1.132623647978328,1.135646710203348,1.1314777632655506,1.135646710203348,23.64034659965658,0.0,0.0026690792042141087,2025-05-05 08:15:00+00:00,2025-05-05 11:00:00+00:00,0 days 02:45:00,B_long,0.000981938503189405,0.0009635845626661266,1.13473,1.13473,1.1314,1.1314,1.0,1.0
-7829,116614,116615,1.134016205590028,1.1350359812937358,1.1350359812937358,1.1312520561187926,-7.983823984328482,0.0,-0.0008992602563180352,2025-05-05 11:45:00+00:00,2025-05-05 12:00:00+00:00,0 days 00:15:00,B_short,0.0009345171212377407,0.0009512481717393539,1.13473,1.13473,1.1314,1.1314,1.0,0.0
-7835,116700,116709,1.1321463767320117,1.1333704551587513,1.1333704551587513,1.1288886345237459,-9.590654473505243,0.0,-0.0010812015582941648,2025-05-06 09:15:00+00:00,2025-05-06 11:30:00+00:00,0 days 02:15:00,B_short,0.0011110611375844933,0.0009579583081006495,1.13271,1.13271,1.12797,1.12797,1.0,1.0
-7824,116711,116713,1.1326263328025186,1.1336302305336872,1.1336302305336872,1.1299093083989387,-7.854495848663138,0.0,-0.0008863450390426131,2025-05-06 12:00:00+00:00,2025-05-06 12:30:00+00:00,0 days 00:30:00,B_short,0.0009861997958622384,0.0009885678466698424,1.13271,1.13271,1.12797,1.12797,0.0,0.0
-7794,116789,116793,1.1359460289568575,1.1369652831091195,1.1369652831091195,1.1330641506726418,-7.9440668627300735,0.0,-0.0008972733970451507,2025-05-07 07:30:00+00:00,2025-05-07 08:30:00+00:00,0 days 01:00:00,B_short,0.0009559120279034945,0.0009311408084731512,1.13669,1.13669,1.13248,1.13248,1.0,1.0
-7789,116795,116803,1.1356860527519996,1.13678032203401,1.13678032203401,1.13277903389797,-8.523263437578976,0.0,-0.0009635314965423802,2025-05-07 09:00:00+00:00,2025-05-07 11:00:00+00:00,0 days 02:00:00,B_short,0.0010589457628087313,0.000863738736137349,1.13669,1.13669,1.13248,1.13248,1.0,1.0
-7775,116806,116823,1.136545974044991,1.1340677087145703,1.1375107637618098,1.1340677087145703,19.268512944021143,0.0,0.002180523610145313,2025-05-07 11:45:00+00:00,2025-05-07 16:00:00+00:00,0 days 04:15:00,B_short,0.000889995260235179,0.0010024828499924814,1.13669,1.13669,1.13248,1.13248,1.0,0.0
7840,116887,116889,1.1298133908077534,1.1286600454809481,1.1286600454809481,1.1328598635571556,-9.04222736215381,0.0,-0.0010208281617026804,2025-05-08 08:00:00+00:00,2025-05-08 08:30:00+00:00,0 days 00:30:00,B_long,0.001075293916511686,0.0010172652084021378,1.13361,1.13361,1.12967,1.12967,1.0,1.0
7831,116898,116898,1.1299033990445333,1.1287112730225084,1.1287112730225084,1.133146180932475,-9.335538878476973,0.0,-0.0010550689758371812,2025-05-08 10:45:00+00:00,2025-05-08 10:45:00+00:00,0 days 00:00:00,B_long,0.0011195633804928272,0.0011195633804928272,1.13361,1.13361,1.12967,1.12967,1.0,1.0
-7952,117175,117193,1.1114582702762068,1.1125749908778706,1.1125749908778706,1.1085150273663886,-8.880162224430457,0.0,-0.0010047346189490103,2025-05-13 08:00:00+00:00,2025-05-13 12:30:00+00:00,0 days 04:30:00,B_short,0.001042325427487851,0.0009577531794785108,1.11195,1.11195,1.10948,1.10948,1.0,0.0
-7886,117367,117369,1.1195975253052184,1.1207810057371599,1.1207810057371599,1.1164969827885203,-9.332926686290646,0.0,-0.0010570588137186476,2025-05-15 08:00:00+00:00,2025-05-15 08:30:00+00:00,0 days 00:30:00,B_short,0.0010668716388719272,0.0011040058087526893,1.12012,1.12012,1.11758,1.11758,1.0,1.0
-7875,117379,117385,1.1199074969340874,1.1208699549634409,1.1208699549634409,1.1174701351096774,-7.579356981158525,0.0,-0.0008594085064956847,2025-05-15 11:00:00+00:00,2025-05-15 12:30:00+00:00,0 days 01:30:00,B_short,0.0008912943016488354,0.0010804026062527245,1.12012,1.12012,1.11758,1.11758,1.0,0.0
7874,117473,117487,1.1194024380868706,1.118471586203901,1.118471586203901,1.1217452413882967,-7.329527726502604,0.0,-0.0008315614217889733,2025-05-16 10:30:00+00:00,2025-05-16 14:00:00+00:00,0 days 03:30:00,B_long,0.0008186252899523307,0.0009781045191695336,1.12185,1.12185,1.11902,1.11902,1.0,0.0
-7826,117658,117659,1.1250370274376293,1.126137498949044,1.126137498949044,1.122147503152868,-8.612290048331287,0.0,-0.0009781647044284636,2025-05-20 08:45:00+00:00,2025-05-20 09:00:00+00:00,0 days 00:15:00,B_short,0.0010284990891714502,0.0010300325439485808,1.12583,1.12583,1.12178,1.12178,1.0,1.0
-7819,117662,117679,1.125067024692036,1.1261689133330104,1.1261689133330104,1.1220932600009692,-8.615667283778677,0.0,-0.0009793982196535378,2025-05-20 09:45:00+00:00,2025-05-20 14:00:00+00:00,0 days 04:15:00,B_short,0.000983058221942239,0.001079649009489544,1.12583,1.12583,1.12178,1.12178,1.0,0.0
-7751,117763,117775,1.1337462303003678,1.1350881076036818,1.1350881076036818,1.1301756771889548,-10.40089097798706,0.0,-0.0011835781830635828,2025-05-21 11:00:00+00:00,2025-05-21 14:00:00+00:00,0 days 03:00:00,B_short,0.0011870265898575965,0.0012638357608178023,1.13398,1.13398,1.12866,1.12866,1.0,0.0
7754,117845,117845,1.1321536049640326,1.1311199493602326,1.1311199493602326,1.1348801519193024,-8.01496555186502,0.0,-0.0009129994368853867,2025-05-22 07:30:00+00:00,2025-05-22 07:30:00+00:00,0 days 00:00:00,B_long,0.0011520438877983812,0.0011520438877983812,1.13448,1.13448,1.13172,1.13172,1.0,1.0
7747,117847,117849,1.1321936086248239,1.1309362286305749,1.1309362286305749,1.1355913141082759,-9.740922815447153,0.0,-0.0011105697688721383,2025-05-22 08:00:00+00:00,2025-05-22 08:30:00+00:00,0 days 00:30:00,B_long,0.0013339351868352175,0.0013561557625562117,1.13448,1.13448,1.13172,1.13172,1.0,1.0
-7738,117959,117961,1.132026387714385,1.134127073729805,1.134127073729805,1.126098778810585,-16.255108387320092,0.0,-0.0018556864382475169,2025-05-23 12:00:00+00:00,2025-05-23 12:30:00+00:00,0 days 00:30:00,B_short,0.0021581305658309466,0.002199751402779687,1.13256,1.13256,1.12787,1.12787,0.0,0.0
7663,118620,118623,1.1413344451155893,1.1403618867637473,1.1403618867637473,1.1438743397087583,-7.452714650165765,0.0,-0.0008521238940997211,2025-06-03 09:15:00+00:00,2025-06-03 10:00:00+00:00,0 days 00:45:00,B_long,0.0008636981380858045,0.0008449969805554179,1.14544,1.14544,1.14119,1.14119,1.0,1.0
-7670,118710,118713,1.1390957406695585,1.1399859270121662,1.1399859270121662,1.1367222189635016,-6.827729247800476,0.0,-0.0007814850945577767,2025-06-04 07:45:00+00:00,2025-06-04 08:30:00+00:00,0 days 00:45:00,B_short,0.0008151367438773405,0.0008247038300143548,1.13931,1.13931,1.13568,1.13568,1.0,1.0
-7664,118716,118728,1.139115738839163,1.1399802442100997,1.1399802442100997,1.1368592673697009,-6.6255691628583335,0.0,-0.0007589267196128624,2025-06-04 09:15:00+00:00,2025-06-04 12:15:00+00:00,0 days 03:00:00,B_short,0.0007535449820863963,0.0009293574281001636,1.13931,1.13931,1.13568,1.13568,1.0,0.0
-7638,118996,118996,1.1420654688558196,1.1427064405178826,1.1427064405178826,1.1405206784463524,-4.895741554837238,0.0,-0.000561238982827561,2025-06-09 07:15:00+00:00,2025-06-09 07:15:00+00:00,0 days 00:00:00,B_short,0.000586915115498272,0.000586915115498272,1.14253,1.14253,1.13927,1.13927,1.0,1.0
-7634,118999,119001,1.1421154642798308,1.1428467940200855,1.1428467940200855,1.1403396179397436,-5.582971237104331,0.0,-0.0006403290762864167,2025-06-09 08:00:00+00:00,2025-06-09 08:30:00+00:00,0 days 00:30:00,B_short,0.0006352214840740143,0.000701121914704471,1.14253,1.14253,1.13927,1.13927,1.0,1.0
-7627,119009,119018,1.1423154459758753,1.1403418880547136,1.1431127039817621,1.1403418880547136,15.052326264700417,0.0,0.0017276820760098177,2025-06-09 10:30:00+00:00,2025-06-09 12:45:00+00:00,0 days 02:15:00,B_short,0.0007096767841939385,0.0008219107192027719,1.14253,1.14253,1.13927,1.13927,1.0,0.0
7663,119093,119108,1.139224252008859,1.142676261636163,1.137921246121279,1.142676261636163,26.452749774031133,0.0,0.0030301405726018693,2025-06-10 07:30:00+00:00,2025-06-10 11:15:00+00:00,0 days 03:45:00,B_long,0.0011262533615581498,0.0008123050865300761,1.14355,1.14355,1.13859,1.13859,1.0,1.0
-7654,119198,119209,1.1436553233393738,1.144579022105979,1.144579022105979,1.141262933682063,-7.069990359596599,0.0,-0.0008076723360217475,2025-06-11 09:45:00+00:00,2025-06-11 12:30:00+00:00,0 days 02:45:00,B_short,0.0007811524918484703,0.001412130933463364,1.14387,1.14387,1.14061,1.14061,1.0,0.0
-7564,119590,119592,1.1564441528014202,1.15723389088293,1.15723389088293,1.1545783273512102,-5.97357884854042,0.0,-0.0006829020490066728,2025-06-17 11:45:00+00:00,2025-06-17 12:15:00+00:00,0 days 00:30:00,B_short,0.0006860387652058876,0.0007127135614213531,1.15671,1.15671,1.15423,1.15423,1.0,0.0
-7599,119673,119687,1.150274717478447,1.151091444611191,1.151091444611191,1.1482056661664264,-6.2063094817229185,0.0,-0.000710027891888787,2025-06-18 08:30:00+00:00,2025-06-18 12:00:00+00:00,0 days 03:30:00,B_short,0.000735918663032336,0.0007892169943700875,1.15079,1.15079,1.14807,1.14807,1.0,0.0
-7579,119873,119888,1.152484515219739,1.1505381240980155,1.1532872919673283,1.1505381240980155,14.751698311542077,0.0,0.0016888653131728049,2025-06-20 10:30:00+00:00,2025-06-20 14:15:00+00:00,0 days 03:45:00,B_short,0.0006689863716844132,0.0009227072172220766,1.15323,1.15323,1.15105,1.15105,1.0,0.0
7628,119967,119970,1.147284989658265,1.1459563195840192,1.1459563195840192,1.1509310412479423,-10.135095326347447,0.0,-0.001158099414027558,2025-06-23 10:00:00+00:00,2025-06-23 10:45:00+00:00,0 days 00:45:00,B_long,0.0012058563605166404,0.0011166952367570697,1.15142,1.15142,1.1472,1.1472,1.0,1.0
7618,119975,119977,1.1473649969798472,1.146193341972207,1.146193341972207,1.150499974083379,-8.925667848202739,0.0,-0.0010211702559553837,2025-06-23 12:00:00+00:00,2025-06-23 12:30:00+00:00,0 days 00:30:00,B_long,0.0010797702907538852,0.0010228496850551545,1.15142,1.15142,1.1472,1.1472,0.0,0.0
-7521,120063,120080,1.1608337510295976,1.1619629562083118,1.1619629562083118,1.1579111313750643,-8.492752149109322,0.0,-0.0009727535727770409,2025-06-24 10:00:00+00:00,2025-06-24 14:15:00+00:00,0 days 04:15:00,B_short,0.0010218953805368614,0.0013596212218101532,1.1614,1.1614,1.15865,1.15865,1.0,0.0
7513,120155,120155,1.1610862526311934,1.1601893204285358,1.1601893204285358,1.1633920387143923,-6.738651638565939,0.0,-0.000772494033604243,2025-06-25 09:00:00+00:00,2025-06-25 09:00:00+00:00,0 days 00:00:00,B_long,0.0008245889619354839,0.0008245889619354839,1.16314,1.16314,1.16092,1.16092,1.0,1.0
7507,120164,120164,1.1612762700199513,1.1604146309048955,1.1604146309048955,1.1633961072853134,-6.468324836723649,0.0,-0.0007419759942575155,2025-06-25 11:15:00+00:00,2025-06-25 11:15:00+00:00,0 days 00:00:00,B_long,0.0007846532157573056,0.0007846532157573056,1.16314,1.16314,1.16092,1.16092,1.0,1.0
-7435,120258,120280,1.171442780004759,1.1726337927298867,1.1726337927298867,1.1682586218103401,-8.855179611323411,0.0,-0.0010167058480847757,2025-06-26 10:45:00+00:00,2025-06-26 16:15:00+00:00,0 days 05:30:00,B_short,0.0010386203659016968,0.0011815186493473024,1.17174,1.17174,1.16673,1.16673,1.0,0.0
-7433,120348,120351,1.1704828678637453,1.1715297449787747,1.1715297449787747,1.1677307650636757,-7.7814375960133555,0.0,-0.000894397640300415,2025-06-27 09:15:00+00:00,2025-06-27 10:00:00+00:00,0 days 00:45:00,B_short,0.0008951123149381956,0.00078138718693903,1.17093,1.17093,1.16847,1.16847,1.0,1.0
-7428,120353,120354,1.1701928944044806,1.171127868895347,1.171127868895347,1.1678163933139585,-6.944990518155886,0.0,-0.0007989917690811588,2025-06-27 10:30:00+00:00,2025-06-27 10:45:00+00:00,0 days 00:15:00,B_short,0.0007734863759675327,0.0008143548591718577,1.17093,1.17093,1.16847,1.16847,1.0,1.0
-7400,120436,120457,1.173702573170062,1.1708567400741168,1.1747677533086276,1.1708567400741168,21.05916490999542,0.0,0.002424662909495834,2025-06-30 07:15:00+00:00,2025-06-30 12:30:00+00:00,0 days 05:15:00,B_short,0.0009980528674773804,0.0007458947456005996,1.17384,1.17384,1.17115,1.17115,1.0,0.0
7387,120537,120538,1.1789478871744183,1.181399292338644,1.177973569220452,1.181399292338644,18.108529948135292,0.0,0.0020793159654417526,2025-07-01 08:30:00+00:00,2025-07-01 08:45:00+00:00,0 days 00:15:00,B_long,0.000912906675608282,0.0011245191188605334,1.18076,1.18076,1.17776,1.17776,1.0,1.0
-7426,121018,121025,1.1748424688375156,1.1727790202193873,1.1756603265935377,1.1727790202193873,15.323169438221123,0.0,0.0017563619573355282,2025-07-08 08:45:00+00:00,2025-07-08 10:30:00+00:00,0 days 01:45:00,B_short,0.0007002830477325974,0.000602056233118387,1.175,1.175,1.17305,1.17305,1.0,1.0
7450,121028,121030,1.1733073710028736,1.1725924999849022,1.1725924999849022,1.1750225000452934,-5.325789083886989,0.0,-0.0006092785536329082,2025-07-08 11:15:00+00:00,2025-07-08 11:45:00+00:00,0 days 00:30:00,B_long,0.0006158333464180931,0.0006552703801984466,1.175,1.175,1.17305,1.17305,1.0,1.0
7445,121207,121208,1.1733973792396535,1.1727100589325985,1.1727100589325985,1.1751098232022048,-5.117099686024354,0.0,-0.0005857523795564923,2025-07-10 08:00:00+00:00,2025-07-10 08:15:00+00:00,0 days 00:15:00,B_long,0.0005799489250814537,0.0005692890684039192,1.17494,1.17494,1.17302,1.17302,1.0,1.0
7442,121213,121219,1.1732973700876759,1.1726922979736754,1.1726922979736754,1.1745231060789736,-4.502946672391836,0.0,-0.0005157022673248912,2025-07-10 09:30:00+00:00,2025-07-10 11:00:00+00:00,0 days 01:30:00,B_long,0.000447341756148016,0.0005335690021093182,1.17494,1.17494,1.17302,1.17302,1.0,1.0
7476,121396,121407,1.1673368246298024,1.1694203713163667,1.1664998762278778,1.1694203713163667,15.576595028754685,0.0,0.0017848718918167528,2025-07-14 07:15:00+00:00,2025-07-14 10:00:00+00:00,0 days 02:45:00,B_long,0.0007514406025058552,0.0006287963135651691,1.16978,1.16978,1.16648,1.16648,1.0,1.0
-7481,121498,121499,1.1682630710376511,1.1690381476879177,1.1690381476879177,1.1664855569362473,-5.798348420644049,0.0,-0.0006634435937260541,2025-07-15 08:45:00+00:00,2025-07-15 09:00:00+00:00,0 days 00:15:00,B_short,0.0006210613295285201,0.0006115864855913909,1.16861,1.16861,1.16646,1.16646,1.0,1.0
-7476,121501,121511,1.1683530628008714,1.1665458751374627,1.1690980416208459,1.1665458751374627,13.510534971643477,0.0,0.0015467821508305946,2025-07-15 09:30:00+00:00,2025-07-15 12:00:00+00:00,0 days 02:30:00,B_short,0.0006343027380664197,0.0005687195254980388,1.16861,1.16861,1.16646,1.16646,1.0,0.0
-7532,121590,121591,1.1614636933721376,1.162136505977365,1.162136505977365,1.1599504820679047,-5.06762454257229,0.0,-0.0005792799284787264,2025-07-16 07:45:00+00:00,2025-07-16 08:00:00+00:00,0 days 00:15:00,B_short,0.0005523051803829559,0.0005679978229985549,1.16206,1.16206,1.16023,1.16023,1.0,1.0
-7525,121596,121606,1.1618636567642266,1.160399954025324,1.1625466819915586,1.160399954025324,11.014363110242192,0.0,0.0012597887285492604,2025-07-16 09:15:00+00:00,2025-07-16 11:45:00+00:00,0 days 02:30:00,B_short,0.0005171243926842302,0.0005924316940064608,1.16206,1.16206,1.16023,1.16023,1.0,1.0
-7525,121791,121793,1.1632235322973294,1.163985330440339,1.163985330440339,1.1614440086789837,-5.732531026146287,0.0,-0.0006549026234923261,2025-07-18 10:00:00+00:00,2025-07-18 10:30:00+00:00,0 days 00:30:00,B_short,0.0006266197149603729,0.0006030165859035559,1.1634,1.1634,1.16121,1.16121,1.0,1.0
7458,122086,122089,1.1731273545293137,1.1723741455840686,1.1723741455840686,1.1750375632477945,-5.6174323136380275,0.0,-0.0006420521543011315,2025-07-23 11:45:00+00:00,2025-07-23 12:30:00+00:00,0 days 00:45:00,B_long,0.0006504071604740463,0.0006484043056478707,1.17488,1.17488,1.17273,1.17273,1.0,0.0
7431,122164,122165,1.1767476858309078,1.17606080821998,1.17606080821998,1.1783775753400598,-5.10418752680518,0.0,-0.0005837084867031939,2025-07-24 07:15:00+00:00,2025-07-24 07:30:00+00:00,0 days 00:15:00,B_long,0.0005926328760172445,0.0006176151592149456,1.178,1.178,1.17621,1.17621,1.0,1.0
7429,122168,122170,1.1764276565445793,1.1756874357248563,1.1756874357248563,1.1781776928254308,-5.49910046972153,0.0,-0.0006292106578802414,2025-07-24 08:15:00+00:00,2025-07-24 08:45:00+00:00,0 days 00:30:00,B_long,0.0005982223717911934,0.000686753692589806,1.178,1.178,1.17621,1.17621,1.0,1.0
7540,122461,122467,1.1582959972910145,1.1570524594364857,1.1570524594364857,1.1616826216905427,-9.376275423147135,0.0,-0.0010735924646525508,2025-07-29 09:30:00+00:00,2025-07-29 11:00:00+00:00,0 days 01:30:00,B_long,0.0010818684883790867,0.0009884980952778685,1.15989,1.15989,1.15746,1.15746,1.0,1.0
-7626,122645,122646,1.1438353068658136,1.1449226018370384,1.1449226018370384,1.1409921944888846,-8.291711450560623,0.0,-0.0009505695135465508,2025-07-31 07:30:00+00:00,2025-07-31 07:45:00+00:00,0 days 00:15:00,B_short,0.0009609215921000032,0.0010754653798199939,1.14426,1.14426,1.14073,1.14073,1.0,1.0
-7618,122650,122651,1.1438853022898248,1.145020710352434,1.145020710352434,1.1409378689426979,-8.649538620956463,0.0,-0.0009925890824336037,2025-07-31 08:45:00+00:00,2025-07-31 09:00:00+00:00,0 days 00:15:00,B_short,0.0010446156387760883,0.0010426668869392584,1.14426,1.14426,1.14073,1.14073,1.0,1.0
-7612,122653,122662,1.1437853114418026,1.1449329779686805,1.1449329779686805,1.140801066093958,-8.736037602594742,0.0,-0.0010033933076403212,2025-07-31 09:30:00+00:00,2025-07-31 11:45:00+00:00,0 days 02:15:00,B_short,0.001000580906189931,0.0009744599360249623,1.14426,1.14426,1.14073,1.14073,1.0,1.0
7623,122752,122759,1.1412044332180182,1.1402876894730722,1.1402876894730722,1.143616931580783,-6.988337567723293,0.0,-0.000803312463798389,2025-08-01 10:15:00+00:00,2025-08-01 12:00:00+00:00,0 days 01:45:00,B_long,0.0008160024566705533,0.0008117865927136403,1.14344,1.14344,1.14047,1.14047,1.0,0.0
-7447,123135,123141,1.166963190013362,1.1647874234420874,1.1678041921859708,1.1647874234420874,16.202933656281168,0.0,0.001864468896614957,2025-08-07 10:00:00+00:00,2025-08-07 11:30:00+00:00,0 days 01:30:00,B_short,0.0007482998945079608,0.0010507407140090633,1.16763,1.16763,1.16495,1.16495,1.0,1.0
7480,123231,123232,1.1642665436640858,1.1634181933564762,1.1634181933564762,1.1663454199305714,-6.345660300919409,0.0,-0.0007286564337232182,2025-08-08 10:00:00+00:00,2025-08-08 10:15:00+00:00,0 days 00:15:00,B_long,0.0007262324243872722,0.0007707347678023108,1.16792,1.16792,1.16388,1.16388,1.0,1.0
7474,123236,123252,1.1643165482400746,1.1664174526976547,1.163474182434115,1.1664174526976547,15.702159915954079,0.0,0.0018044100298633126,2025-08-08 11:15:00+00:00,2025-08-08 15:15:00+00:00,0 days 04:00:00,B_long,0.0007350418904336329,0.0008176175060518301,1.16792,1.16792,1.16388,1.16388,1.0,0.0
7486,123328,123332,1.1645365683744258,1.1638365687824608,1.1638365687824608,1.1661302936526174,-5.240196945449869,0.0,-0.0006010971325203229,2025-08-11 10:15:00+00:00,2025-08-11 11:15:00+00:00,0 days 01:00:00,B_long,0.0005449737218673499,0.0006108368290420498,1.16754,1.16754,1.16417,1.16417,1.0,1.0
7502,123412,123421,1.1613162736807423,1.1605604835620755,1.1605604835620755,1.1631585493137737,-5.669937470238161,0.0,-0.000650804725461529,2025-08-12 07:15:00+00:00,2025-08-12 09:30:00+00:00,0 days 02:15:00,B_long,0.0006669142462011972,0.0006510022040737716,1.1629,1.1629,1.16116,1.16116,1.0,1.0
-7479,123990,123999,1.1638834718942763,1.1647303535609537,1.1647303535609537,1.161848939317139,-6.33382798507987,0.0,-0.000727634412832634,2025-08-20 07:45:00+00:00,2025-08-20 10:00:00+00:00,0 days 02:15:00,B_short,0.0007323064194931815,0.0006666967216732417,1.16423,1.16423,1.16221,1.16221,1.0,1.0
-7472,124006,124007,1.1641334490143318,1.1648666668814436,1.1648666668814436,1.1623199993556697,-5.478603903059216,0.0,-0.0006298400477475763,2025-08-20 11:45:00+00:00,2025-08-20 12:00:00+00:00,0 days 00:15:00,B_short,0.0006317779639177906,0.0006742075687287527,1.16423,1.16423,1.16221,1.16221,1.0,0.0
7467,124085,124092,1.1644165573920522,1.1662257247084293,1.1636447584305236,1.1662257247084293,13.509052351388158,0.0,0.0015537114316110934,2025-08-21 07:30:00+00:00,2025-08-21 09:15:00+00:00,0 days 01:45:00,B_long,0.0007738760268796075,0.0006671649278159552,1.16516,1.16516,1.16409,1.16409,1.0,1.0
-7474,124097,124099,1.1648633822048944,1.1655981617284612,1.1655981617284612,1.1632055148146165,-5.491742159138411,0.0,-0.0006307860087215733,2025-08-21 10:30:00+00:00,2025-08-21 11:00:00+00:00,0 days 00:30:00,B_short,0.000577073497999761,0.0005965574273864998,1.16516,1.16516,1.16409,1.16409,1.0,1.0
-7470,124101,124105,1.1648533831200922,1.165567683103735,1.165567683103735,1.1631369506887952,-5.335820877810944,0.0,-0.0006132102065321554,2025-08-21 11:30:00+00:00,2025-08-21 12:30:00+00:00,0 days 01:00:00,B_short,0.0006079920232369726,0.0007316946207540338,1.16516,1.16516,1.16409,1.16409,1.0,0.0
-7435,124279,124280,1.1696229465707537,1.1704614605145702,1.1704614605145702,1.1676156184562896,-6.234351172275753,0.0,-0.000716909621408357,2025-08-25 08:00:00+00:00,2025-08-25 08:15:00+00:00,0 days 00:15:00,B_short,0.0007072657792940782,0.0006849636753881991,1.17082,1.17082,1.16935,1.16935,1.0,1.0
7432,124288,124288,1.1694670195669283,1.1687901814193136,1.1687901814193136,1.1711094557420594,-5.030261113072946,0.0,-0.0005787577899079022,2025-08-25 10:15:00+00:00,2025-08-25 10:15:00+00:00,0 days 00:00:00,B_long,0.0006358427699282762,0.0006358427699282762,1.17082,1.17082,1.16935,1.16935,1.0,1.0
7427,124293,124307,1.1695370259733127,1.1689001197955176,1.1689001197955176,1.1710196406134472,-4.730302182484242,0.0,-0.0005445797470713387,2025-08-25 11:30:00+00:00,2025-08-25 15:00:00+00:00,0 days 03:30:00,B_long,0.0005245628438847834,0.0007999149763331876,1.17082,1.17082,1.16935,1.16935,1.0,0.0
7457,124570,124576,1.1641965372577014,1.166574621251244,1.163261792916252,1.166574621251244,17.733372339846845,0.0,0.0020426825861759035,2025-08-28 08:45:00+00:00,2025-08-28 10:15:00+00:00,0 days 01:30:00,B_long,0.0007724461392482426,0.0007805448635995149,1.16546,1.16546,1.16358,1.16358,1.0,1.0
-7450,124667,124688,1.1674431460838688,1.1684165453279143,1.1684165453279143,1.1649903640162569,-7.251824368138915,0.0,-0.0008337872789014877,2025-08-29 09:00:00+00:00,2025-08-29 14:15:00+00:00,0 days 05:15:00,B_short,0.000826339284192495,0.000917438452191052,1.16821,1.16821,1.1656,1.1656,1.0,0.0
-7419,124775,124831,1.1713127919023298,1.169555027210281,1.1720549909299063,1.169555027210281,13.040856250310064,0.0,0.0015006791560724375,2025-09-01 12:00:00+00:00,2025-09-02 02:00:00+00:00,0 days 14:00:00,B_short,0.0006216588059188773,0.00052341661937443,1.17154,1.17156,1.16879,1.1687,0.0,0.0
7489,124950,124951,1.1623763706917063,1.1646722274427332,1.1614825908524222,1.1646722274427332,17.19367120844081,0.0,0.0019751405903587482,2025-09-03 07:45:00+00:00,2025-09-03 08:00:00+00:00,0 days 00:15:00,B_long,0.0008710879279006822,0.0009322762041805983,1.16361,1.16361,1.16218,1.16218,1.0,1.0
