Size,EntryBar,ExitBar,EntryPrice,ExitPrice,SL,TP,PnL,Commission,ReturnPct,EntryTime,ExitTime,Duration,Tag,"Entry__atr(H,L,C,14)","Exit__atr(H,L,C,14)","Entry__rsi(C,18)","Exit__rsi(C,18)","Entry__bbands(C,20,2.0)_0","Exit__bbands(C,20,2.0)_0","Entry__bbands(C,20,2.0)_1","Exit__bbands(C,20,2.0)_1","Entry__bbands(C,20,2.0)_2","Exit__bbands(C,20,2.0)_2","Entry__session_…(timestamp,7,18)","Exit__session_…(timestamp,7,18)"
8287,66,76,1.1945893185437373,1.1924763416923856,1.1924763416923856,1.2005709749228428,-27.401045730339916,9.890806563188375,-0.002767904944521517,2020-09-01 14:30:00+00:00,2020-09-01 17:00:00+00:00,0 days 02:30:00,A_long,0.0015935309999437232,0.0013802111440564104,26.338582279850343,20.888375381554752,1.1948647441459548,1.1914872127052605,1.1978915,1.1958905,1.2009182558540454,1.2002937872947395,1.0,1.0
8307,133,134,1.1884987611882927,1.1871462349024622,1.1871462349024622,1.1921212952926137,-21.102677347656837,9.86724149126295,-0.0021374433586585917,2020-09-02 07:15:00+00:00,2020-09-02 07:30:00+00:00,0 days 00:15:00,A_long,0.0010689414593328798,0.0010957492647551469,23.980717953687716,27.674400794128005,1.188456041808871,1.1879878489507885,1.1900735,1.189931,1.191690958191129,1.1918741510492117,1.0,1.0
8324,158,215,1.1836283154869767,1.1820729810110029,1.1820729810110029,1.1879010569669912,-22.792652974030332,9.846048796024592,-0.0023133825782937958,2020-09-02 13:30:00+00:00,2020-09-03 03:45:00+00:00,0 days 14:15:00,A_long,0.0012256248253867859,0.0005235942770820076,30.622238911400586,24.6681921672141,1.1840151191804205,1.1814630140703744,1.185861,1.183453,1.1877068808195796,1.1854429859296258,1.0,0.0
8321,348,351,1.1812280958395107,1.179102006154147,1.179102006154147,1.1872539815375591,-27.511345661255564,9.820153389344615,-0.0027989977109465066,2020-09-04 13:00:00+00:00,2020-09-04 13:45:00+00:00,0 days 00:45:00,A_long,0.0016385511108939063,0.0015702212712989205,21.030877265405636,17.602252424179156,1.1818788192145817,1.1798309724533074,1.1844365,1.183679,1.186994180785418,1.1875270275466925,1.0,1.0
-8308,636,636,1.1797320213058042,1.1815392795993882,1.1815392795993882,1.1747421612018354,-24.823422887055784,9.80872098396017,-0.0025326886869862252,2020-09-09 13:00:00+00:00,2020-09-09 13:00:00+00:00,0 days 00:00:00,A_short,0.0015592574884470353,0.0015592574884470353,86.3202294989065,86.3202294989065,1.1742746034754241,1.1742746034754241,1.1770095,1.1770095,1.179744396524576,1.179744396524576,1.0,1.0
-8278,637,643,1.1810419014148956,1.1830111089861366,1.1830111089861366,1.1755266730415905,-26.085915684782638,9.784815410049873,-0.0026681814359560373,2020-09-09 13:15:00+00:00,2020-09-09 14:45:00+00:00,0 days 01:30:00,A_short,0.0015446898233207574,0.0015731120391912431,88.32317202602698,57.13989088289213,1.173741778183118,1.1734280162197759,1.177229,1.1787610000000002,1.180716221816882,1.1840939837802245,1.0,1.0
-8211,731,731,1.1874213175187158,1.1894295064370517,1.1894295064370517,1.1818314806888448,-26.247400266206263,9.758161057750403,-0.0026920641251358844,2020-09-10 12:45:00+00:00,2020-09-10 12:45:00+00:00,0 days 00:00:00,A_short,0.0017891990934262832,0.0017891990934262832,81.11948109523428,81.11948109523428,1.1810918547462699,1.1810918547462699,1.1840755,1.1840755,1.1870591452537302,1.1870591452537302,1.0,1.0
-8181,732,735,1.1886512049493896,1.1909170389121115,1.1909170389121115,1.1823288832636658,-28.270411550543766,9.733623901515472,-0.0029071758563520254,2020-09-10 13:00:00+00:00,2020-09-10 13:45:00+00:00,0 days 00:45:00,A_short,0.0018479725476361357,0.0017899483517500986,83.9362975679781,79.25005179061088,1.1806619196695174,1.1800901973230498,1.1844649999999999,1.185462,1.1882680803304824,1.1908338026769503,1.0,1.0
-8179,811,814,1.1855514886606995,1.1868508556707076,1.1868508556707076,1.182207432987877,-20.32946216199955,9.701939387143291,-0.00209655017597059,2020-09-11 08:45:00+00:00,2020-09-11 09:30:00+00:00,0 days 00:45:00,A_short,0.0009170624288444614,0.0009583899721989231,74.3205883277518,76.65296344659642,1.1825381542083573,1.1821399637145673,1.1838715,1.1843275,1.1852048457916426,1.1865150362854326,1.0,1.0
-8157,904,914,1.1862614236816575,1.187109056654763,1.187109056654763,1.184112830035711,-16.59393366567388,9.67979150405209,-0.001714898733670503,2020-09-14 08:00:00+00:00,2020-09-14 10:30:00+00:00,0 days 02:30:00,A_short,0.0006303186951065709,0.000819094028489889,74.72460273266451,69.90604655196495,1.1838049202576892,1.1841813557761058,1.185059,1.1856895,1.186313079742311,1.1871976442238943,1.0,1.0
8157,1025,1065,1.1844883941939852,1.1829495706060962,1.1829495706060962,1.1887112881817117,-22.207779745848015,9.655595739437132,-0.002298496619835344,2020-09-15 14:15:00+00:00,2020-09-16 00:15:00+00:00,0 days 10:00:00,A_long,0.0011416434511527791,0.00047914001776267373,21.72743041217872,22.63096124500798,1.185168345177204,1.1836130131441067,1.1881,1.184564,1.191031654822796,1.1855149868558932,1.0,0.0
-8126,1095,1097,1.1860414438160087,1.1868799712873355,1.1868799712873355,1.184000086137994,-16.45505394156592,9.641179709564888,-0.0017073502696188204,2020-09-16 07:45:00+00:00,2020-09-16 08:15:00+00:00,0 days 00:30:00,A_short,0.0006159792630755777,0.0006493355353767645,69.79495649076291,75.73973911876354,1.1839814369329928,1.1836645793672265,1.184915,1.1851135000000002,1.185848563067007,1.1865624206327738,1.0,1.0
8147,1122,1139,1.1812981022458953,1.1794552339189153,1.1794552339189153,1.1862342982432539,-24.630376974773384,9.616528714867357,-0.0025592566256685194,2020-09-16 14:30:00+00:00,2020-09-16 18:45:00+00:00,0 days 04:15:00,A_long,0.0014679977252278573,0.0018155831659884332,31.41950176862383,19.577358613344884,1.182605069476541,1.1806873100446516,1.1859245,1.182882,1.189243930523459,1.1850766899553484,1.0,0.0
-8129,1194,1221,1.1806619361924113,1.182040728177172,1.182040728177172,1.1768778154684836,-20.81140502345042,9.603204979330172,-0.0021683965904768622,2020-09-17 08:30:00+00:00,2020-09-17 15:15:00+00:00,0 days 06:45:00,A_short,0.0010535259057353735,0.0011257986678727945,75.37876265776774,65.99056494819885,1.1739610342549591,1.1789648725411763,1.177289,1.1804359999999998,1.180616965745041,1.1819071274588233,1.0,1.0
8092,1383,1384,1.183698321893361,1.1825353705553459,1.1825353705553459,1.1867138883339627,-18.984383746865973,9.573781519647468,-0.0019819815073209394,2020-09-21 07:45:00+00:00,2020-09-21 08:00:00+00:00,0 days 00:15:00,A_long,0.0008224545989168917,0.0008727939857279849,21.327593139815946,19.009157994778462,1.1841116507232192,1.1835069901960997,1.186063,1.185904,1.188014349276781,1.1883010098039004,1.0,1.0
8081,1385,1385,1.1829782559991213,1.1818226472171265,1.1818226472171265,1.186012058348621,-18.893452616745492,9.55497804944525,-0.0019763754927417335,2020-09-21 08:15:00+00:00,2020-09-21 08:15:00+00:00,0 days 00:00:00,A_long,0.0009684214542975843,0.0009684214542975843,14.227884312746866,14.227884312746866,1.1826260752932114,1.1826260752932114,1.1856625,1.1856625,1.1886989247067887,1.1886989247067887,1.0,1.0
8074,1386,1386,1.1816781370234106,1.1804078942548428,1.1804078942548428,1.1850563172354716,-19.791681421686707,9.53574130827031,-0.0020744107108401234,2020-09-21 08:30:00+00:00,2020-09-21 08:30:00+00:00,0 days 00:00:00,A_long,0.0011206319270578842,0.0011206319270578842,10.273489457458794,10.273489457458794,1.1813865261355856,1.1813865261355856,1.1853275,1.1853275,1.1892684738644146,1.1892684738644146,1.0,1.0
8069,1387,1390,1.1798979741182067,1.1784452416875304,1.1784452416875304,1.1838242749374084,-21.236833687295636,9.514735704168247,-0.002230620016570679,2020-09-21 08:45:00+00:00,2020-09-21 09:30:00+00:00,0 days 00:45:00,A_long,0.001125881003450173,0.0010891557228385163,15.159363241152576,10.818027877942882,1.1805106887715215,1.1780111760399434,1.1849975000000001,1.1838315000000001,1.1894843112284788,1.1896518239600569,1.0,1.0
8103,1479,1490,1.1724072886350738,1.175513802628968,1.1712287324570105,1.175513802628968,15.659480591268167,9.512602301256265,0.001648363556756772,2020-09-22 07:45:00+00:00,2020-09-22 10:30:00+00:00,0 days 02:45:00,A_long,0.0009216932254923163,0.0010179159347624455,18.49716550357367,67.73179476523728,1.1724233693615544,1.172255231349485,1.1753705,1.174157,1.1783176306384457,1.1760587686505148,1.0,1.0
8124,1507,1508,1.1712671843025277,1.169542313065176,1.169542313065176,1.1759730608044714,-23.521222110552458,9.508368178307613,-0.0024719176160985217,2020-09-22 14:45:00+00:00,2020-09-22 15:00:00+00:00,0 days 00:15:00,A_long,0.0013504405640394118,0.0014090484888341513,23.431217481529714,28.042494734584523,1.171260592953633,1.1707295756843248,1.174414,1.174259,1.177567407046367,1.177788424315675,1.0,1.0
-8099,1582,1600,1.1717427525488258,1.1678087458236066,1.173223751392131,1.1678087458236066,22.38750667489075,9.474013792659164,0.002359076657414811,2020-09-23 09:30:00+00:00,2020-09-23 14:00:00+00:00,0 days 04:30:00,A_short,0.0011350426720947043,0.0011149575268092572,63.58812793294275,32.558195146039964,1.1670279184249512,1.1674962426349829,1.16921,1.1699359999999999,1.171392081575049,1.1723757573650169,1.0,1.0
-8142,1766,1769,1.16830306737686,1.165912638343063,1.1692424538856456,1.165912638343063,9.96028105518976,9.502592137985804,0.0010470923299754655,2020-09-25 07:30:00+00:00,2020-09-25 08:15:00+00:00,0 days 00:45:00,A_short,0.0007385500285219416,0.0009377583444926459,56.07261059671217,31.440777019351103,1.1659632026437556,1.1657051211336211,1.166992,1.1669640000000001,1.1680207973562444,1.168222878866379,1.0,1.0
8198,1793,1873,1.1618063185254333,1.1658088793024448,1.1603303735658517,1.1658088793024448,23.272098554044252,9.540894695896473,0.002443396229502857,2020-09-25 14:15:00+00:00,2020-09-28 10:15:00+00:00,2 days 20:00:00,A_long,0.001182507980218135,0.0008396450821909977,39.03707717699395,79.16878988463567,1.1622722482080419,1.1616051209149565,1.16365,1.1637605,1.1650277517919583,1.1659158790850435,1.0,1.0
-8184,1874,1879,1.1663632449252281,1.1674875740986292,1.1674875740986292,1.1634572777041121,-18.751627506560276,9.550117551445624,-0.001964443403786959,2020-09-28 10:30:00+00:00,2020-09-28 11:45:00+00:00,0 days 01:15:00,A_short,0.000827692404565535,0.0008302266416044049,71.81294050798766,78.11657839534247,1.1615163434591165,1.1618314401029608,1.163892,1.1647615,1.1662676565408834,1.1676915598970392,1.0,1.0
-8117,1986,2034,1.173702573170062,1.1752180292669656,1.1752180292669656,1.1695859121991032,-21.83405140355648,9.533094264990677,-0.0022918211645876524,2020-09-29 14:30:00+00:00,2020-09-30 02:30:00+00:00,0 days 12:00:00,A_short,0.0011755766928085438,0.000533988722847655,68.6916045018182,61.89412665908626,1.1678573304838338,1.1738485035385047,1.1707185,1.174449,1.1735796695161662,1.1750494964614955,1.0,0.0
8118,2060,2061,1.1710671659985723,1.1697999800355314,1.1697999800355314,1.174480059893406,-19.788595393718236,9.501579745752426,-0.0020815369150746594,2020-09-30 09:00:00+00:00,2020-09-30 09:15:00+00:00,0 days 00:15:00,A_long,0.0009836810854495258,0.0009911902740562465,23.51564839525676,21.709740506148407,1.1709261529832637,1.1703225035816114,1.1727735,1.172591,1.174620847016736,1.1748594964183885,1.0,1.0
8111,2062,2079,1.1697970497684549,1.1684805716711324,1.1684805716711324,1.1732382849866028,-20.160838741130988,9.482884893748246,-0.0021248274720254423,2020-09-30 09:30:00+00:00,2020-09-30 13:45:00+00:00,0 days 04:15:00,A_long,0.0009510315708487576,0.0011383180570682778,30.360921982236036,36.791837357268456,1.1699804255689175,1.1693402741637957,1.172424,1.1706555,1.1748675744310824,1.1719707258362044,1.0,1.0
-8059,2085,2166,1.1746024908022623,1.1767237147675862,1.1767237147675862,1.1687488556972416,-26.56961288188887,9.474668945343705,-0.002806810894685692,2020-09-30 15:15:00+00:00,2020-10-01 11:30:00+00:00,0 days 20:15:00,A_short,0.0016025717765899498,0.00114930660116971,69.06862177386506,70.73938904351462,1.168757374659117,1.1721252087686709,1.171485,1.174089,1.174212625340883,1.176052791231329,1.0,1.0
-8035,2348,2351,1.1747924734135047,1.1757613624670857,1.1757613624670857,1.172315912598743,-17.228373581174065,9.443350035650273,-0.0018251444574642435,2020-10-05 09:00:00+00:00,2020-10-05 09:45:00+00:00,0 days 00:45:00,A_short,0.0007140951151174861,0.0006700820645668534,77.43574922309116,82.80348571059795,1.171816583559311,1.1715588923956035,1.1733065,1.173636,1.174796416440689,1.1757131076043963,1.0,1.0
-7998,2367,2368,1.1780721732286346,1.1791555189619165,1.1791555189619165,1.1752534431142505,-18.09115271585904,9.426553541070014,-0.0019200517852636875,2020-10-05 13:45:00+00:00,2020-10-05 14:00:00+00:00,0 days 00:15:00,A_short,0.0008538748058286076,0.0009440248317181308,80.99042001065877,81.75143983144106,1.173971122755175,1.1738932277578138,1.176028,1.1762185,1.1780848772448251,1.1785437722421863,1.0,1.0
-7989,2550,2652,1.1772622473596543,1.17430869922364,1.17839043359212,1.17430869922364,14.202545912491583,9.39335014612697,0.001510082113573132,2020-10-07 11:30:00+00:00,2020-10-08 13:00:00+00:00,1 days 01:30:00,A_short,0.00084097981653106,0.0009611752575251341,68.77753011858373,24.783598722625356,1.1747532045240836,1.1747215025618112,1.175907,1.1758925,1.1770607954759165,1.1770634974381888,1.0,1.0
8024,2653,2703,1.1739874332363223,1.1773402309270908,1.1727265896909698,1.1773402309270908,17.46932208210341,9.433526588623613,0.0018544779927372028,2020-10-08 13:15:00+00:00,2020-10-09 01:45:00+00:00,0 days 12:30:00,A_long,0.000926351889855106,0.00044047243826231643,33.932922824578185,72.92622852962324,1.174478737398687,1.1755359846938636,1.1758055,1.17632,1.1771322626013132,1.1771040153061365,1.0,0.0
-8005,2729,2730,1.1787621100799883,1.1796989274588798,1.1796989274588798,1.1764232176233602,-16.938963420775842,9.439740302749321,-0.001795144142796753,2020-10-09 08:15:00+00:00,2020-10-09 08:30:00+00:00,0 days 00:15:00,A_short,0.0006847809425243798,0.0006761434835211379,79.13938502770243,79.96585857223447,1.1765742900112695,1.1764015960686927,1.177631,1.1777039999999999,1.1786877099887307,1.179006403931307,1.0,1.0
-7987,2731,2731,1.1793020606593085,1.1802013721802254,1.1802013721802254,1.1769558834593237,-16.605478076607348,9.42267695904468,-0.0017629607432163097,2020-10-09 08:45:00+00:00,2020-10-09 08:45:00+00:00,0 days 00:00:00,A_short,0.000717991019051659,0.000717991019051659,84.70628625640092,84.70628625640092,1.176141139982001,1.176141139982001,1.177827,1.177827,1.179512860017999,1.179512860017999,1.0,1.0
-7968,2732,2748,1.1800619911042776,1.1810215892228622,1.1810215892228622,1.177575232331414,-17.05263479290536,9.406556984023325,-0.0018135826125078467,2020-10-09 09:00:00+00:00,2020-10-09 13:00:00+00:00,0 days 04:00:00,A_short,0.0007115922165114309,0.0007237766488773636,74.25076827505991,75.30987096877955,1.1760552638592847,1.1789328861156958,1.1779335000000002,1.1800075,1.1798117361407157,1.1810821138843044,1.0,1.0
-7944,2749,2758,1.1814818611461935,1.1824685319786528,1.1824685319786528,1.1789944040640417,-17.227724054548496,9.38961096149189,-0.001835530531901539,2020-10-09 13:15:00+00:00,2020-10-09 15:30:00+00:00,0 days 02:15:00,A_short,0.0007059397623603938,0.0008632972640452822,69.96542997093667,64.55241450946787,1.1789420021384354,1.1793122692738622,1.180111,1.1808185,1.1812799978615645,1.1823247307261378,1.0,1.0
7951,2917,2941,1.1785078469057162,1.177735915942772,1.177735915942772,1.1803922521716834,-15.504870165573063,9.367247079204166,-0.0016546795589766192,2020-10-13 07:15:00+00:00,2020-10-13 13:15:00+00:00,0 days 06:00:00,A_long,0.0005822829302201782,0.0008779422616688149,29.591186492764166,25.498240741772335,1.1785550224719998,1.177691055106441,1.179445,1.178925,1.1803349775280003,1.180158944893559,1.0,1.0
7950,2942,2942,1.1768276931524901,1.1756664692859975,1.1756664692859975,1.1798805921420075,-18.58289403430951,9.351164295692989,-0.0019862474016482945,2020-10-13 13:30:00+00:00,2020-10-13 13:30:00+00:00,0 days 00:00:00,A_long,0.001040883293446305,0.001040883293446305,19.5444744092882,19.5444744092882,1.1768143443160959,1.1768143443160959,1.1787125,1.1787125,1.1806106556839042,1.1806106556839042,1.0,1.0
7942,2943,2944,1.1755675778375705,1.1742209400478645,1.1742209400478645,1.1792171798564066,-20.026007530368165,9.33101020452306,-0.002144948615618482,2020-10-13 13:45:00+00:00,2020-10-13 14:00:00+00:00,0 days 00:15:00,A_long,0.0010114321876534406,0.0010752412292996474,19.342563276257195,15.4814941736784,1.1761628623658893,1.1753302066699163,1.1785169999999998,1.1782605,1.1808711376341103,1.1811907933300836,1.0,1.0
7933,2945,2953,1.17444747533542,1.1730497105248403,1.1730497105248403,1.1782108684254788,-20.399815830042904,9.311347587714721,-0.0021895516466373995,2020-10-13 14:15:00+00:00,2020-10-13 16:15:00+00:00,0 days 02:00:00,A_long,0.0011025423987263837,0.0008654797530917513,29.951627193134314,23.653081227918435,1.174910900056989,1.1717629770151756,1.1780665,1.1760864999999998,1.1812220999430108,1.180410022984824,1.0,1.0
7923,3013,3018,1.1733973792396535,1.1751381662263105,1.1726872779245632,1.1751381662263105,4.488531731920217,9.303723563363416,0.0004828025219308931,2020-10-14 07:15:00+00:00,2020-10-14 08:30:00+00:00,0 days 01:15:00,A_long,0.0005571881655933062,0.0006931377587722084,34.65642604253793,57.52158406720376,1.1736713956932754,1.1734787967588465,1.174303,1.174244,1.1749346043067248,1.1750092032411537,1.0,1.0
7935,3023,3033,1.1721872685007229,1.1752949779575672,1.171008340680811,1.1752949779575672,15.346038727236683,9.313635812823266,0.0016498800026115013,2020-10-14 09:45:00+00:00,2020-10-14 12:15:00+00:00,0 days 02:30:00,A_long,0.0009259761749699502,0.000756465021789025,41.59412176459144,73.76089618392031,1.1724368714142501,1.172097666698187,1.173864,1.173856,1.17529112858575,1.175614333301813,1.0,1.0
-7917,3035,3107,1.176582309593103,1.1738306291320184,1.1776431236226605,1.1738306291320184,12.480944592462894,9.304109617943393,0.0013398756541453613,2020-10-14 12:45:00+00:00,2020-10-15 06:45:00+00:00,0 days 18:00:00,A_short,0.0007963670608104121,0.00048295977093457847,68.81058294370573,25.03511810793745,1.1717877033722521,1.1741057362978065,1.1741139999999999,1.1749610000000001,1.1764402966277476,1.1758162637021938,1.0,0.0
7962,3114,3115,1.1717072245712297,1.1705466924959094,1.1705466924959094,1.1747199225122715,-18.564669227544492,9.324512843844282,-0.001989967275918355,2020-10-15 08:30:00+00:00,2020-10-15 08:45:00+00:00,0 days 00:15:00,A_long,0.0008788331973987925,0.0008603221044122819,16.621489247558557,15.50503501064361,1.1718190115431055,1.171162512023337,1.1742880000000002,1.1740735,1.176756988456895,1.1769844879766629,1.0,1.0
7953,3116,3128,1.1707471367122433,1.1696176134747052,1.1696176134747052,1.1737471595758844,-18.289558737259078,9.306460429118399,-0.001964305989327229,2020-10-15 09:00:00+00:00,2020-10-15 12:00:00+00:00,0 days 03:00:00,A_long,0.0008176124904906424,0.0008897250415841069,20.85258574107614,26.044223526756554,1.1706845150555223,1.1694449176593196,1.173881,1.1716309999999999,1.1770774849444776,1.1738170823406802,1.0,1.0
-7927,3304,3305,1.1720827214321015,1.1729391870655457,1.1729391870655457,1.1699824388033626,-16.083697410642714,9.294494334330425,-0.0017310865100152255,2020-10-19 08:00:00+00:00,2020-10-19 08:15:00+00:00,0 days 00:15:00,A_short,0.0006325239917829761,0.0006495207928785623,76.7655510752383,81.62259166587988,1.1698921815862906,1.1696296184510682,1.1710465,1.1711745,1.1722008184137096,1.1727193815489318,1.0,1.0
-7905,3306,3307,1.1733326070323797,1.1741994249514542,1.1741994249514542,1.171081725145637,-16.13081600670005,9.278620356416106,-0.0017391351121038745,2020-10-19 08:30:00+00:00,2020-10-19 08:45:00+00:00,0 days 00:15:00,A_short,0.0006469180204947715,0.0006566622844287796,82.74877394793633,83.6337198912743,1.1694620788922974,1.1693654265833506,1.171319,1.1714749999999998,1.1731759211077026,1.173584573416649,1.0,1.0
-7879,3310,3310,1.175162439551187,1.176152778272365,1.176152778272365,1.1725816651829046,-17.06588508477767,9.263006300615883,-0.0018431463235985943,2020-10-19 09:30:00+00:00,2020-10-19 09:30:00+00:00,0 days 00:00:00,A_short,0.0007714509744859478,0.0007714509744859478,91.83761561328008,91.83761561328008,1.1689085624715905,1.1689085624715905,1.1721439999999999,1.1721439999999999,1.1753794375284092,1.1753794375284092,1.0,1.0
-7859,3311,3318,1.1759823645049696,1.176965741169383,1.176965741169383,1.1732627764918508,-16.974266786872228,9.245909581247368,-0.0018366352952578218,2020-10-19 09:45:00+00:00,2020-10-19 11:30:00+00:00,0 days 01:45:00,A_short,0.0007712575112211761,0.0008432331084802281,82.40731535705756,88.36318606618755,1.1689160042019502,1.1699547792663083,1.1723965,1.174338,1.17587699579805,1.178721220733692,1.0,1.0
-7816,3407,3409,1.18034196547874,1.1815370052288747,1.1815370052288747,1.1771089843133762,-18.570653704578927,9.230223017525358,-0.002012958367132912,2020-10-20 09:45:00+00:00,2020-10-20 10:15:00+00:00,0 days 00:30:00,A_short,0.0008915037764094863,0.0008529072809475822,79.57894976806598,83.63451138934782,1.1757005363943354,1.175373738491098,1.178012,1.178347,1.1803234636056648,1.181320261508902,1.0,1.0
-7778,3427,3483,1.1836416634634745,1.1848536824769105,1.1848536824769105,1.1805189525692685,-18.6381622868668,9.211078400362158,-0.0020244865995965693,2020-10-20 14:45:00+00:00,2020-10-21 04:45:00+00:00,0 days 14:00:00,A_short,0.0009226595666576212,0.00037399947961027697,66.77375016594144,72.09742252748111,1.1797213575665402,1.182838306665351,1.1815995000000001,1.1839815,1.18347764243346,1.185124693334649,1.0,0.0
-7773,3687,3688,1.182121802573536,1.1832242063709462,1.1832242063709462,1.1792873808871613,-17.76190198103153,9.19291726376273,-0.001933029910206976,2020-10-23 07:45:00+00:00,2020-10-23 08:00:00+00:00,0 days 00:15:00,A_short,0.0008374823790166726,0.0008764847284810967,79.20847129807255,82.92156897478277,1.1785210218171152,1.1781211169205628,1.180194,1.180379,1.1818669781828848,1.1826368830794374,1.0,1.0
-7748,3689,3693,1.183581668954661,1.1847417816741772,1.1847417816741772,1.180534654977468,-18.163438398547754,9.174885047736119,-0.0019806613318885035,2020-10-23 08:15:00+00:00,2020-10-23 09:15:00+00:00,0 days 01:00:00,A_short,0.0009142867646836238,0.000901321171084046,84.97850735314046,81.72405968152192,1.1777779554700005,1.1775664848005443,1.1805935,1.1814399999999998,1.1834090445299996,1.1853135151994554,1.0,1.0
7756,3881,3896,1.1803680171325024,1.182880862079603,1.1793863793067991,1.182880862079603,10.324946256127546,9.164679153584544,0.0011278012350151646,2020-10-27 08:15:00+00:00,2020-10-27 12:00:00+00:00,0 days 03:45:00,A_long,0.000781614945089618,0.000722811870356064,22.47638541696604,70.50869614981923,1.1806117092600057,1.180076384882374,1.182366,1.181361,1.1841202907399944,1.1826456151176261,1.0,1.0
7793,3977,3977,1.176037620851866,1.1750302426573032,1.1750302426573032,1.1787092720280907,-17.01143420039105,9.160935930163477,-0.001856158415014117,2020-10-28 08:15:00+00:00,2020-10-28 08:15:00+00:00,0 days 00:00:00,A_long,0.0007936025252810393,0.0007936025252810393,22.140375941514947,22.140375941514947,1.1760012127991206,1.1760012127991206,1.1775595,1.1775595,1.1791177872008796,1.1791177872008796,1.0,1.0
7783,3978,3982,1.1754075631944063,1.1743576769696629,1.1743576769696629,1.1781669690910117,-17.31537591927672,9.144111432098477,-0.0018927637650886526,2020-10-28 08:30:00+00:00,2020-10-28 09:30:00+00:00,0 days 01:00:00,A_long,0.0008584555219102271,0.0009384009513338906,36.12237229011017,27.450389983977317,1.1757946337954341,1.1745829389475086,1.1774725,1.1769805,1.1791503662045657,1.1793780610524913,1.0,1.0
7779,4072,4072,1.1737174085259825,1.1727087958343283,1.1727087958343283,1.176273612497015,-16.972422850237436,9.12642472185943,-0.0018589021326474188,2020-10-29 08:00:00+00:00,2020-10-29 08:00:00+00:00,0 days 00:00:00,A_long,0.0008236474529850552,0.0008236474529850552,23.179032690969876,23.179032690969876,1.1736747287658136,1.1736747287658136,1.1750390000000002,1.1750390000000002,1.1764032712341868,1.1764032712341868,1.0,1.0
7771,4073,4083,1.1727673215821939,1.171671623056418,1.171671623056418,1.1756251308307464,-17.623990763198286,9.109317519393326,-0.0019338175240383906,2020-10-29 08:15:00+00:00,2020-10-29 10:45:00+00:00,0 days 02:30:00,A_long,0.0008271611259203835,0.0007599482101254597,32.67270028799881,26.37656747098879,1.1733662124070734,1.171188489581173,1.1749414999999999,1.173672,1.1765167875929263,1.176155510418827,1.0,1.0
7795,4165,4171,1.1669367880218915,1.1661041260908536,1.1661041260908536,1.1689676217274392,-15.583626715195056,9.093026962754424,-0.0017131882451688913,2020-10-30 07:15:00+00:00,2020-10-30 08:45:00+00:00,0 days 01:30:00,A_long,0.0006583533788280388,0.0009344864231863785,36.10835856270986,37.38864902511404,1.1670816354799673,1.1666440030244543,1.1682929999999998,1.1678425,1.1695043645200323,1.1690409969755455,1.0,1.0
-7761,4188,4198,1.1698129291819963,1.16627673390297,1.1711344220323434,1.16627673390297,18.37921562292164,9.065195937601212,0.0020243838894306973,2020-10-30 13:00:00+00:00,2020-10-30 15:30:00+00:00,0 days 02:30:00,A_short,0.0009797492455813613,0.001038167649232071,73.93108779963872,33.67661457680353,1.1657401839798796,1.1661003932583618,1.167493,1.1678945,1.1692458160201202,1.1696886067416383,1.0,1.0
7812,4200,4246,1.1647765903391722,1.1632255056447987,1.1632255056447987,1.1690034830656044,-21.21024981935991,9.09317618691339,-0.002330992711293214,2020-10-30 16:00:00+00:00,2020-11-02 04:30:00+00:00,2 days 12:30:00,A_long,0.0012072459232009638,0.0003677188945041956,27.34557095671859,24.146612970986283,1.1650281651606962,1.1634329027634647,1.1676475,1.164086,1.1702668348393037,1.1647390972365352,1.0,0.0
-7777,4356,4357,1.1670231845221752,1.1677679043399982,1.1677679043399982,1.1652562869800056,-14.870521172249884,9.078835149040561,-0.0016384553345759338,2020-11-03 08:00:00+00:00,2020-11-03 08:15:00+00:00,0 days 00:15:00,A_short,0.0005561531344431438,0.0007326660498507384,79.1056491618855,88.66743466990386,1.164470109956106,1.1641109232310245,1.1657035,1.1658760000000001,1.1669368900438941,1.1676410767689758,1.0,1.0
-7755,4358,4363,1.1685430454121135,1.169549199259821,1.169549199259821,1.1660324022205373,-16.868675767687282,9.065952678715426,-0.0018614632799225403,2020-11-03 08:30:00+00:00,2020-11-03 09:45:00+00:00,0 days 01:15:00,A_short,0.0007309772432039806,0.000707265071355925,80.62157922910751,87.54893076873778,1.164020549035871,1.1640861627832109,1.166042,1.167001,1.168063450964129,1.169915837216789,1.0,1.0
-7706,4470,4549,1.1736925740852597,1.1757936320443938,1.1757936320443938,1.1678191038668184,-25.24332298530468,9.052570352217556,-0.002791021375211468,2020-11-04 12:30:00+00:00,2020-11-05 08:15:00+00:00,0 days 19:45:00,A_short,0.0018665120320622791,0.0010597046439610805,70.20884027106464,69.41996324910744,1.1645436478165012,1.1727249163449835,1.1688664999999998,1.17401,1.1731893521834984,1.1752950836550164,1.0,1.0
-7660,4554,4554,1.1775222235645122,1.1789830511250055,1.1789830511250055,1.1735708466249835,-20.215354315439228,9.025415202060852,-0.002241214768625939,2020-11-05 09:30:00+00:00,2020-11-05 09:30:00+00:00,0 days 00:00:00,A_short,0.0012278702569484708,0.0012278702569484708,80.49718959446149,80.49718959446149,1.1718028854732858,1.1718028854732858,1.174859,1.174859,1.1779151145267144,1.1779151145267144,1.0,1.0
-7634,4555,4557,1.1790020881152417,1.1805734443083382,1.1805734443083382,1.1746796670749855,-21.002232985359964,9.006499807260806,-0.0023334513034715797,2020-11-05 09:45:00+00:00,2020-11-05 10:15:00+00:00,0 days 00:30:00,A_short,0.0012574875560220015,0.001274646208745418,81.51753323054595,83.99049393900914,1.171539334274201,1.1713355781805093,1.175141,1.17575,1.1787426657257989,1.1801644218194909,1.0,1.0
7566,4743,4760,1.1869486193326375,1.1906444907755112,1.1855585030748297,1.1906444907755112,18.968528601242863,8.994434735539127,0.0021122016968426554,2020-11-09 08:45:00+00:00,2020-11-09 13:00:00+00:00,0 days 04:15:00,A_long,0.001011636668178628,0.001672196088168405,33.35621622611728,50.724302079860436,1.1873556405648498,1.1862515809160346,1.1887535,1.1878705,1.1901513594351503,1.1894894190839655,1.0,1.0
7609,4771,4772,1.1826982303735836,1.179911029970557,1.179911029970557,1.1906669100883291,-30.19635479760785,8.988546930979282,-0.0033554671270160314,2020-11-09 15:45:00+00:00,2020-11-09 16:00:00+00:00,0 days 00:15:00,A_long,0.002152700576819917,0.0023043404999105966,26.745697545131605,21.92038270041128,1.1832065237926672,1.1819143514736226,1.1877929999999999,1.1874185000000002,1.1923794762073325,1.1929226485263777,1.0,1.0
7604,4845,4943,1.179587945747076,1.17790680988171,1.17790680988171,1.1840795703548703,-21.746552181142874,8.963195060900645,-0.002424476490702848,2020-11-10 10:15:00+00:00,2020-11-11 10:45:00+00:00,1 days 00:30:00,A_long,0.0012278595298761852,0.001026217490660122,29.092299248744382,32.68506847745434,1.1800278332876724,1.1774504967013277,1.1824655,1.1803305000000002,1.1849031667123275,1.1832105032986726,1.0,1.0
-7591,5029,5033,1.178582126553548,1.1796188838967079,1.1796188838967079,1.1757833483098765,-16.820576927089817,8.950551935163947,-0.0018801047448976232,2020-11-12 08:15:00+00:00,2020-11-12 09:15:00+00:00,0 days 01:00:00,A_short,0.0008271939254001514,0.0008539845077205305,72.70393752363813,76.68454270649933,1.176009049095139,1.1756258490538876,1.1772234999999998,1.1775695000000002,1.1784379509048606,1.1795131509461128,1.0,1.0
-7562,5035,5040,1.1808219215492468,1.1820701438880292,1.1820701438880292,1.177589568335912,-18.37315222529094,8.93409489941834,-0.002057607779091028,2020-11-12 09:45:00+00:00,2020-11-12 11:00:00+00:00,0 days 01:15:00,A_short,0.0008676594746878589,0.0008982433308119288,81.97141524560959,74.89736216275342,1.175170662879415,1.175173977024591,1.1779395000000001,1.1790205,1.1807083371205853,1.182867022975409,1.0,1.0
-7536,5132,5177,1.1825617623048341,1.1835998449323946,1.1835998449323946,1.1798804652028168,-16.738687617365382,8.915696936069878,-0.001878264207401708,2020-11-13 10:00:00+00:00,2020-11-13 21:15:00+00:00,0 days 11:15:00,A_short,0.0007648880067292967,0.0003959782991685285,79.3039823389511,58.31417208049759,1.179721309626157,1.1822573559117562,1.1811180000000001,1.1830035,1.1825146903738433,1.183749644088244,1.0,0.0
-7497,5223,5225,1.186461405377702,1.1846465429037774,1.1872111523654074,1.1846465429037774,4.717925822880392,8.888098144133124,0.0005304078977467243,2020-11-16 08:45:00+00:00,2020-11-16 09:15:00+00:00,0 days 00:30:00,A_short,0.0005670544861275914,0.0007336542584691814,59.590498950337604,36.87134655842545,1.1842679936088083,1.1841386426034353,1.1852655,1.1852255,1.1862630063911919,1.1863123573965648,1.0,1.0
7514,5316,5317,1.1847084143283364,1.186426384859389,1.184017871713537,1.186426384859389,4.000477129780979,8.908353440548286,0.00044939592309774733,2020-11-17 08:00:00+00:00,2020-11-17 08:15:00+00:00,0 days 00:15:00,A_long,0.0006588704291121072,0.0006630210385638368,55.74471905243045,58.922202022194355,1.1849122517189028,1.1849074245223745,1.1856575,1.185661,1.1864027482810973,1.1864145754776256,1.0,1.0
-7499,5320,5329,1.1872913294162868,1.188321256296092,1.188321256296092,1.1845962311117235,-16.630781061788497,8.907359390128565,-0.0018678930079880332,2020-11-17 09:00:00+00:00,2020-11-17 11:15:00+00:00,0 days 02:15:00,A_short,0.0007939073249554904,0.0006916515979678395,70.35785096403069,77.2668233461964,1.1845186998811599,1.184501534626892,1.185825,1.1865375,1.18713130011884,1.1885734653731082,1.0,1.0
7510,5510,5511,1.1837083228085588,1.1828940687069656,1.1828940687069656,1.1856377938791036,-15.001640283105669,8.886591980140793,-0.0016875401303350064,2020-11-19 08:30:00+00:00,2020-11-19 08:45:00+00:00,0 days 00:15:00,A_long,0.0005687281560804812,0.0007328977352697537,32.814737393373676,21.61145889070852,1.1837889219073592,1.18336168633144,1.1846005,1.1845235,1.1854120780926407,1.1856853136685601,1.0,1.0
7503,5512,5517,1.1827682367799681,1.1817905227176764,1.1817905227176764,1.1853084318469713,-16.206430795630382,8.870642186255413,-0.0018262186748614346,2020-11-19 09:00:00+00:00,2020-11-19 10:15:00+00:00,0 days 01:15:00,A_long,0.0007898447039004302,0.0008107358151707851,33.97853684368323,29.33813717229272,1.1831670329025978,1.1820092968027291,1.1844625,1.1839970000000002,1.185757967097402,1.1859847031972712,1.0,1.0
-7446,5712,5713,1.189421134479161,1.190473096953164,1.190473096953164,1.1866607091405075,-16.693258805049453,8.860346223622546,-0.0018848745198234698,2020-11-23 11:00:00+00:00,2020-11-23 11:15:00+00:00,0 days 00:15:00,A_short,0.0008403477995074391,0.0008669680929064675,80.32944420973499,73.23284149465138,1.1859282801638276,1.1857883260916875,1.1876615,1.187783,1.1893947198361723,1.1897776739083126,1.0,1.0
7449,5728,5728,1.1869586202478355,1.1856733663460048,1.1856733663460048,1.1903799009619853,-18.410724148805286,8.836867834068759,-0.002082271321818689,2020-11-23 15:00:00+00:00,2020-11-23 15:00:00+00:00,0 days 00:00:00,A_long,0.0013311243056630978,0.0013311243056630978,15.66362649548617,15.66362649548617,1.1860869394326747,1.1860869394326747,1.189257,1.189257,1.1924270605673253,1.1924270605673253,1.0,1.0
7454,5729,5729,1.1837683282997453,1.1820426508332043,1.1820426508332043,1.1884320475003873,-21.6805773548256,8.817377519228504,-0.0024570542111775626,2020-11-23 15:15:00+00:00,2020-11-23 15:15:00+00:00,0 days 00:00:00,A_long,0.001396307731574676,0.001396307731574676,12.94768469974214,12.94768469974214,1.184532236337025,1.184532236337025,1.188958,1.188958,1.193383763662975,1.193383763662975,1.0,1.0
7445,5730,5732,1.1822481891896839,1.1804544307221103,1.1804544307221103,1.1871567078336687,-22.14969229370688,8.795160502621655,-0.00251648495191912,2020-11-23 15:30:00+00:00,2020-11-23 16:00:00+00:00,0 days 00:30:00,A_long,0.0013968000340313948,0.0015826631366724834,19.555138770028734,16.006894213042003,1.183547433204642,1.181198288000333,1.1887124999999998,1.1878635000000002,1.1938775667953576,1.1945287119996673,1.0,1.0
-7396,5797,5802,1.186951360533011,1.1880146898505521,1.1880146898505521,1.1841959304483436,-16.64700808685203,8.782624454318418,-0.001896297032527121,2020-11-24 08:15:00+00:00,2020-11-24 09:30:00+00:00,0 days 01:15:00,A_short,0.0007948315587320566,0.000842262036459308,76.89980966906104,77.89861713318403,1.1837102955549057,1.1836811566841547,1.185275,1.186084,1.1868397044450945,1.188486843315845,1.0,1.0
-7347,5893,5897,1.1925908443614666,1.1893958681385375,1.1937880439538209,1.1893958681385375,14.723262121491185,8.750228188368766,0.001680360767612652,2020-11-25 08:15:00+00:00,2020-11-25 09:15:00+00:00,0 days 01:00:00,A_short,0.0009543650777595566,0.0010058078219435291,62.33466336776184,41.68586830609103,1.188995240515936,1.1889280440701815,1.1904945000000002,1.1904625000000002,1.1919937594840644,1.191996955929819,1.0,1.0
7374,5996,6005,1.190438938736661,1.189355805444327,1.189355805444327,1.193292583667019,-16.76132811946625,8.774303221795302,-0.0019094055062049485,2020-11-26 10:00:00+00:00,2020-11-26 12:15:00+00:00,0 days 02:15:00,A_long,0.000885473845763894,0.0007601534765948945,39.9534676033655,23.215406824099958,1.1907682494651322,1.1888507706904186,1.19258,1.191293,1.1943917505348678,1.1937352293095813,1.0,1.0
-7339,6108,6110,1.19355075650248,1.1944880095028163,1.1944880095028163,1.1911759714915509,-15.641408021323825,8.762908251856436,-0.0017856571006534096,2020-11-27 14:00:00+00:00,2020-11-27 14:30:00+00:00,0 days 00:30:00,A_short,0.0006686735298118522,0.0007147814512809111,70.48940119499153,75.93111872192229,1.1914500493105804,1.1912842640455739,1.192464,1.192657,1.1934779506894195,1.1940297359544263,1.0,1.0
-7321,6111,6116,1.194390679625867,1.195367737741537,1.195367737741537,1.1919367867753887,-15.90075315159389,8.747710686773383,-0.0018184479847365247,2020-11-27 14:45:00+00:00,2020-11-27 16:00:00+00:00,0 days 01:15:00,A_short,0.0007354772577768095,0.0008071327044895003,71.39755070206616,77.50775800954378,1.1912214691158578,1.1913065163539103,1.1927595,1.193332,1.1942975308841421,1.1953574836460898,1.0,1.0
7301,6213,6228,1.1957694265370746,1.194001581755726,1.194001581755726,1.200635254732822,-21.63089381439992,8.723859065772869,-0.002477676899697248,2020-11-30 16:15:00+00:00,2020-11-30 20:00:00+00:00,0 days 03:45:00,A_long,0.001353746509753469,0.0007357580579428907,23.853583862727334,27.71389576189516,1.1956084119745158,1.192735652203427,1.198254,1.1953274999999999,1.200899588025484,1.1979193477965728,1.0,0.0
-7267,6279,6299,1.1981003400874928,1.199038681647471,1.199038681647471,1.195723955057587,-15.528932751835457,8.710004635473993,-0.0017835827262095007,2020-12-01 08:45:00+00:00,2020-12-01 13:45:00+00:00,0 days 05:00:00,A_short,0.0006798256342845836,0.0008816018966702097,74.60696748766107,71.39483660913459,1.1947062330113472,1.1957262420670072,1.196279,1.1972035,1.197851766988653,1.198680757932993,1.0,1.0
-7249,6300,6305,1.1990902494829132,1.2002679222760044,1.2002679222760044,1.1960362331719872,-17.23342377065847,8.696473693540197,-0.0019826296477648596,2020-12-01 14:00:00+00:00,2020-12-01 15:15:00+00:00,0 days 01:15:00,A_short,0.0008893883104475072,0.0012581135722811458,62.90839233127712,78.74964778165312,1.1956637536386854,1.1949740143075678,1.1972524999999998,1.1977435,1.1988412463613143,1.2005129856924324,1.0,1.0
-7221,6306,6307,1.2014000380722274,1.2030197362867374,1.2030197362867374,1.196980791139788,-20.376998402299925,8.681157595323043,-0.0023488496855864427,2020-12-01 15:30:00+00:00,2020-12-01 15:45:00+00:00,0 days 00:15:00,A_short,0.0013756984293103306,0.0014429386387356338,82.04244339399938,83.80896327146841,1.1945764159648844,1.1942775894629096,1.1980155,1.1983295,1.2014545840351154,1.2023814105370905,1.0,1.0
-7194,6308,6309,1.2030298888949902,1.2048715263664829,1.2048715263664829,1.1979454209005518,-21.9099613606139,8.66122139069552,-0.0025315980984652346,2020-12-01 16:00:00+00:00,2020-12-01 16:15:00+00:00,0 days 00:15:00,A_short,0.0014772134869042205,0.0015055850219836539,87.46282151649402,80.41835031049695,1.1939296498468261,1.1939384831672928,1.1987545000000002,1.199159,1.2035793501531742,1.2043795168327074,1.0,1.0
-7115,6469,6473,1.2132589526476671,1.2106211448812798,1.2142862850395735,1.2106211448812798,10.145048810886657,8.62295344695923,0.0011752377466584224,2020-12-03 08:15:00+00:00,2020-12-03 09:15:00+00:00,0 days 01:00:00,A_short,0.0007897614174696766,0.0008723578438390568,59.415615307566,31.097146974658855,1.2113214180366836,1.2109204105261167,1.2121145,1.211992,1.2129075819633164,1.2130635894738833,1.0,1.0
-7111,6488,6497,1.2154287540497501,1.2168424820487818,1.2168424820487818,1.211632553853655,-18.700960181062115,8.64794037994833,-0.002163733257353243,2020-12-03 13:00:00+00:00,2020-12-03 15:15:00+00:00,0 days 02:15:00,A_short,0.0010753481463423103,0.0010320005249110273,74.56144474033583,71.52169965978574,1.209402546072259,1.2107902527391956,1.2122920000000001,1.2143609999999998,1.2151814539277412,1.217931747260804,1.0,1.0
7124,6661,6661,1.2108608075705158,1.2099266799529647,1.2099266799529647,1.2131799601411057,-15.277570177993269,8.622845030558636,-0.0017710717432631378,2020-12-07 08:15:00+00:00,2020-12-07 08:15:00+00:00,0 days 00:00:00,A_long,0.0007460644784143852,0.0007460644784143852,16.28840628320333,16.28840628320333,1.2106439917856933,1.2106439917856933,1.2126375,1.2126375,1.2146310082143068,1.2146310082143068,1.0,1.0
7118,6662,6664,1.2097807087291563,1.2087847226259028,1.2087847226259028,1.212365832122292,-15.697103453151612,8.607674370192655,-0.0018228665765778868,2020-12-07 08:30:00+00:00,2020-12-07 09:00:00+00:00,0 days 00:30:00,A_long,0.0007945892146257931,0.0009170025656522719,20.55552110742373,13.476329704795745,1.2101705484931948,1.2089742076759216,1.2124595,1.2120155000000001,1.2147484515068052,1.2150567923240787,1.0,1.0
7113,6665,6676,1.208330576025479,1.211511209236348,1.2071095969212173,1.211511209236348,14.01767671962774,8.606167309283688,0.0016309380539887236,2020-12-07 09:15:00+00:00,2020-12-07 12:00:00+00:00,0 days 02:45:00,A_long,0.0009360688902319771,0.0009541918474365405,22.352020023591706,58.49299649205585,1.2084847409908428,1.2081570616078836,1.2117835,1.210397,1.215082259009157,1.2126369383921163,1.0,1.0
-7079,6687,6702,1.2160087009682792,1.2119057232989932,1.2175247589003357,1.2119057232989932,20.451375816181745,8.59360310469401,0.002375822191775358,2020-12-07 14:45:00+00:00,2020-12-07 18:30:00+00:00,0 days 03:45:00,A_short,0.0012025480946869231,0.0007187031539021881,69.3982375417974,35.07715917324769,1.208747893948752,1.2118933402770222,1.2121555000000002,1.2137435,1.2155631060512484,1.215593659722978,1.0,0.0
7132,6757,6758,1.2099107206267274,1.2119992435651163,1.2090535854782944,1.2119992435651163,6.2588146642815445,8.636530932308116,0.0007253162909725528,2020-12-08 08:15:00+00:00,2020-12-08 08:30:00+00:00,0 days 00:15:00,A_long,0.0007478549323428898,0.0008228076080304942,50.082707116773264,62.7463563624057,1.210482469647037,1.2104557120412145,1.2113885,1.211456,1.2122945303529629,1.2124562879587857,1.0,1.0
-7118,6971,6975,1.2130189746124138,1.2146936045437915,1.2146936045437915,1.2083991863686254,-20.560244920763264,8.640229069216936,-0.0023812374591080376,2020-12-10 13:45:00+00:00,2020-12-10 14:45:00+00:00,0 days 01:00:00,A_short,0.0013564921705160658,0.0017922748223626397,69.25742566581991,73.40555825484401,1.207525139753743,1.2070962619738148,1.2101055,1.2106065000000001,1.2126858602462571,1.2141167380261855,1.0,1.0
-7089,6976,7163,1.2151087833360787,1.217380729786835,1.217380729786835,1.2087778106394949,-24.727787468675903,8.621959079264169,-0.0028706822427379585,2020-12-10 15:00:00+00:00,2020-12-14 13:45:00+00:00,3 days 22:45:00,A_short,0.0017799715127142924,0.0009051157809763271,65.66461381498252,68.5488687300278,1.2069287947039582,1.2144585769968215,1.2107769999999998,1.215668,1.2146252052960413,1.2168774230031785,1.0,1.0
7085,7172,7276,1.212590965899731,1.2167820946889911,1.2110326351036695,1.2167820946889911,21.088093404772977,8.606054067135547,0.002454613585841357,2020-12-14 16:00:00+00:00,2020-12-15 18:00:00+00:00,1 days 02:00:00,A_long,0.0012007635362386066,0.0008173855489854097,38.355300512793214,63.310304441493464,1.212909151017669,1.21376008935353,1.2153765,1.215131,1.2178438489823311,1.2165019106464698,1.0,0.0
-7059,7335,7376,1.2197083623451026,1.215599001417369,1.221240332860877,1.215599001417369,20.41256144847197,8.595417340399642,0.002370818578543258,2020-12-16 08:45:00+00:00,2020-12-16 19:00:00+00:00,0 days 10:15:00,A_short,0.0012172403995222773,0.0009726173266542816,82.04882467779493,24.392039466573763,1.2141248474222721,1.2156123925933564,1.216681,1.2178935,1.2192371525777277,1.2201746074066435,1.0,0.0
-7047,7448,7450,1.2246979056614133,1.2256806241589215,1.2256806241589215,1.2221981275232352,-15.559126001762198,8.63390874982195,-0.0018028182723362526,2020-12-17 13:00:00+00:00,2020-12-17 13:30:00+00:00,0 days 00:30:00,A_short,0.0007287841147767785,0.0008497089573212454,67.9254594262228,66.42849504253698,1.222230404545165,1.2219497837499442,1.223392,1.2235654999999999,1.224553595454835,1.2251812162500555,1.0,1.0
7080,7619,7621,1.2170613749931358,1.220090091153372,1.2159166362822094,1.220090091153372,12.815794224314054,8.627516190158637,0.001487304144520443,2020-12-21 07:45:00+00:00,2020-12-21 08:15:00+00:00,0 days 00:30:00,A_long,0.0009442071295154067,0.0011040489106137836,37.27372964545327,56.68789188390366,1.2174495649151564,1.2174285787535242,1.2186665,1.218738,1.2198834350848438,1.220047421246476,1.0,1.0
7105,7629,7642,1.214611150769681,1.2204342759729827,1.2125085746756725,1.2204342759729827,32.72280569095482,8.650498878503313,0.003791832873435828,2020-12-21 10:15:00+00:00,2020-12-21 13:30:00+00:00,0 days 03:15:00,A_long,0.001715029400903226,0.0017311466977837457,24.066219431234444,64.01625307560695,1.2146209201554987,1.2130611714310446,1.2186585,1.2174105,1.2226960798445015,1.2217598285689553,1.0,1.0
7095,7718,7727,1.2207617136163125,1.2233051350555089,1.219764954981497,1.2233051350555089,9.375247965435111,8.670327145663286,0.0010824291097285717,2020-12-22 08:30:00+00:00,2020-12-22 10:45:00+00:00,0 days 02:15:00,A_long,0.0008111991800299499,0.0009725027132399391,47.49657768263437,61.77997981262781,1.221092145567151,1.2206959948183578,1.2220710000000001,1.221854,1.2230498544328492,1.2230120051816422,1.0,1.0
-7077,7733,7742,1.2250178763750847,1.2215453061930335,1.2263248979356556,1.2215453061930335,15.918215356859559,8.657163821517287,0.0018361271571178922,2020-12-22 12:15:00+00:00,2020-12-22 14:30:00+00:00,0 days 02:15:00,A_short,0.0009803151757511845,0.001130250705722947,74.8246643999823,32.20576617825641,1.219835153198986,1.220570817741352,1.2224175,1.223114,1.224999846801014,1.2256571822586482,1.0,1.0
7135,7748,7764,1.217461411601047,1.2156026014257304,1.2156026014257304,1.2225521957228092,-21.94256646735645,8.679955866473028,-0.0025260284658924505,2020-12-22 16:00:00+00:00,2020-12-22 20:00:00+00:00,0 days 04:00:00,A_long,0.0015121211925280492,0.0006926147082053567,26.7269643773043,25.68572038552412,1.217989895834482,1.2146593038023783,1.2224059999999999,1.2172155000000002,1.2268221041655178,1.2197716961976222,1.0,0.0
-7104,7812,7813,1.2195983724122783,1.2177696925151984,1.2203301024949338,1.2177696925151984,4.333410622233284,8.657531366622397,0.0005001612649003717,2020-12-23 08:00:00+00:00,2020-12-23 08:15:00+00:00,0 days 00:15:00,A_short,0.0006489629130077949,0.0007464345246067472,46.01475929346295,41.069246426365815,1.218086428909628,1.2179868162671093,1.2187265,1.2186965,1.219366571090372,1.219406183732891,1.0,1.0
7125,7833,7838,1.2167713484524005,1.220046817079711,1.2155310609734298,1.220046817079711,14.65654925487866,8.681164714708148,0.0016905884142987687,2020-12-23 13:15:00+00:00,2020-12-23 14:30:00+00:00,0 days 01:15:00,A_long,0.0008873448525229265,0.0012895307487444513,26.846863024483298,75.03855017693918,1.2169965181979716,1.2163247429027066,1.2186724999999998,1.21861,1.220348481802028,1.2208952570972933,1.0,1.0
-7106,7839,7974,1.2217481756447568,1.21720768930452,1.2233974368984935,1.21720768930452,23.599085745557478,8.66561018816478,0.0027182429849011646,2020-12-23 14:45:00+00:00,2020-12-25 00:45:00+00:00,1 days 10:00:00,A_short,0.0013415933155785118,0.00030954741209445824,63.42054069833152,24.022629937789887,1.2162357672240687,1.217756190739134,1.218676,1.2181859999999998,1.2211162327759315,1.2186158092608654,1.0,0.0
-7103,8141,8166,1.225567826039207,1.226439278483275,1.226439278483275,1.2233621645501753,-14.898229941925411,8.708303231711595,-0.0017114156815845455,2020-12-29 08:30:00+00:00,2020-12-29 14:45:00+00:00,0 days 06:15:00,A_short,0.0006275900156985073,0.0008200847318870976,64.32799829656835,70.47678147615552,1.22323522553353,1.2242635314131147,1.224266,1.2253180000000001,1.2252967744664702,1.2263724685868855,1.0,1.0
7085,8235,8235,1.2268222682261636,1.2259037447473888,1.2259037447473888,1.2291687657578336,-15.196520748077887,8.688781900958809,-0.0017483269914579456,2020-12-30 08:00:00+00:00,2020-12-30 08:00:00+00:00,0 days 00:00:00,A_long,0.0007855176824414028,0.0007855176824414028,22.198403753073265,22.198403753073265,1.226816583982474,1.226816583982474,1.2282335,1.2282335,1.229650416017526,1.229650416017526,1.0,1.0
7077,8236,8254,1.226192210568704,1.228907863656789,1.2251373787810704,1.228907863656789,10.531305291730416,8.687371612646906,0.0012135968881110645,2020-12-30 08:15:00+00:00,2020-12-30 12:45:00+00:00,0 days 04:30:00,A_long,0.0007887819914492128,0.0007926582380562896,22.05752380500708,71.47278027945592,1.2264192370508111,1.225298155999321,1.2280965,1.2270585,1.2297737629491887,1.228818844000679,1.0,1.0
7099,8362,8366,1.2237419863452492,1.2221880859346057,1.2221880859346057,1.2278757421961832,-19.712967806715668,8.681828791557347,-0.0022691592490641913,2020-12-31 15:45:00+00:00,2020-12-31 16:45:00+00:00,0 days 01:00:00,A_long,0.0012309379361182264,0.0011672580423401915,20.856781222099627,24.454528764318027,1.2244259698341247,1.2220353384359937,1.2270780000000001,1.2260555,1.2297300301658756,1.2300756615640063,1.0,1.0
-7055,8430,8433,1.2283875679534346,1.2295788296023786,1.2295788296023786,1.2252235111928644,-17.07482740067811,8.670476467378132,-0.0019702615940295,2021-01-04 08:45:00+00:00,2021-01-04 09:30:00+00:00,0 days 00:45:00,A_short,0.0008610436017178361,0.0008796482349553267,72.89349128618016,81.39102394652357,1.223339942419459,1.2231135782497573,1.2257605,1.2263915,1.228181057580541,1.2296694217502429,1.0,1.0
-7036,8559,8590,1.229337481009646,1.2306229084457816,1.2306229084457816,1.2259712746626552,-17.69840809075412,8.654140650104194,-0.0020461489783891104,2021-01-05 17:00:00+00:00,2021-01-06 00:45:00+00:00,0 days 07:45:00,A_short,0.0010078783219534156,0.0008636089309932305,77.92414406263947,75.80240405500288,1.2254786567003995,1.228928335273553,1.2274129999999999,1.229644,1.2293473432996003,1.230359664726447,1.0,0.0
-7001,8616,8617,1.232967148792854,1.2342814558644635,1.2342814558644635,1.2294756324066094,-17.838067548941126,8.63660374060294,-0.002066503861382372,2021-01-06 07:15:00+00:00,2021-01-06 07:30:00+00:00,0 days 00:15:00,A_short,0.0010597181243347355,0.0011624223744234373,77.68952304587148,81.06221292387235,1.227155680596851,1.2269818465100986,1.2298965000000002,1.230145,1.2326373194031492,1.2333081534899015,1.0,1.0
7002,8644,8650,1.2304526004429557,1.228793240980637,1.228793240980637,1.2350202770580891,-20.22865464597922,8.609819690823999,-0.0023479022125601446,2021-01-06 14:15:00+00:00,2021-01-06 15:45:00+00:00,0 days 01:30:00,A_long,0.0012509926250955422,0.001550153708136715,23.57700265272284,24.0128869970995,1.2309494260376452,1.2285591774731024,1.2334575,1.232447,1.235965573962355,1.2363348225268977,1.0,1.0
6989,8716,8719,1.2298525455310891,1.2286729188240442,1.2286729188240442,1.232981243527867,-16.83572829072629,8.591317235189013,-0.0019586815085887313,2021-01-07 08:15:00+00:00,2021-01-07 09:00:00+00:00,0 days 00:45:00,A_long,0.0009458919604124302,0.001044676929489197,37.146615247080824,24.61459080672806,1.2301640161880303,1.2291941033858156,1.2318010000000001,1.231322,1.23343798381197,1.2334498966141845,1.0,1.0
6983,8720,8722,1.228662436622554,1.227306387684613,1.227306387684613,1.2323208369461611,-18.044304883710097,8.575015150068474,-0.0021031271674568095,2021-01-07 09:15:00+00:00,2021-01-07 09:45:00+00:00,0 days 00:30:00,A_long,0.0010253866722239873,0.0010846682115815548,24.40923075736184,17.411340428863426,1.228772317838089,1.2275283457659527,1.2311055,1.2305724999999998,1.233438682161911,1.233616654234047,1.0,1.0
6978,8723,8724,1.2269722819541302,1.2255883981461022,1.2255883981461022,1.2307948055616935,-18.21372542528915,8.556984212869711,-0.002127321200704803,2021-01-07 10:00:00+00:00,2021-01-07 10:15:00+00:00,0 days 00:15:00,A_long,0.001090712450037328,0.0011772841233656647,16.783832604499636,13.001525575623248,1.2269004215715824,1.2260360307305125,1.230316,1.230006,1.2337315784284175,1.2339759692694874,1.0,1.0
6971,8725,8783,1.225522149250453,1.2239972590519612,1.2239972590519612,1.2296482228441168,-19.167809471325036,8.537799897638065,-0.002243655819949765,2021-01-07 10:30:00+00:00,2021-01-08 01:00:00+00:00,0 days 14:30:00,A_long,0.0011256462402502222,0.0008370653243865967,14.329375181520817,22.758436814825643,1.2253391675082757,1.225151354767325,1.229712,1.2265905,1.2340848324917242,1.2280296452326749,1.0,0.0
6961,8810,8810,1.224632067797851,1.2236455863375968,1.2236455863375968,1.2271832409872092,-15.388127820048348,8.521230375218426,-0.0018051301655828559,2021-01-08 07:45:00+00:00,2021-01-08 07:45:00+00:00,0 days 00:00:00,A_long,0.0008814098672911082,0.0008814098672911082,22.045088802561963,22.045088802561963,1.2247444195276183,1.2247444195276183,1.225998,1.225998,1.2272515804723816,1.2272515804723816,1.0,1.0
6952,8811,8811,1.2240020101403912,1.2228423081592508,1.2228423081592508,1.2270730755222476,-16.56747902329803,8.505230850409555,-0.0019469936491500397,2021-01-08 08:00:00+00:00,2021-01-08 08:00:00+00:00,0 days 00:00:00,A_long,0.0011078885516522972,0.0011078885516522972,13.68939082647276,13.68939082647276,1.2235899954336258,1.2235899954336258,1.2257799999999999,1.2257799999999999,1.227970004566374,1.227970004566374,1.0,1.0
6950,8812,8833,1.2219818252704409,1.225848398785948,1.2205305337380172,1.225848398785948,18.366475904179314,8.506210028595952,0.0021626004158402795,2021-01-08 08:15:00+00:00,2021-01-08 13:30:00+00:00,0 days 05:15:00,A_long,0.0011535034114319846,0.0011643779106071098,29.500287324650756,80.19861584085318,1.223113396514085,1.2222874877629448,1.225615,1.2243305,1.2281166034859148,1.2263735122370552,1.0,1.0
-6935,8834,8840,1.2270576896747387,1.2229582395218146,1.2285472534927284,1.2229582395218146,19.93425657603974,8.49543023448905,0.0023425485309397087,2021-01-08 13:45:00+00:00,2021-01-08 15:15:00+00:00,0 days 01:30:00,A_short,0.0013771275225261744,0.0017076590301126535,80.19861584085318,30.867996527523545,1.2223887618193434,1.2226991965252645,1.22457,1.225111,1.2267512381806565,1.2275228034747356,1.0,1.0
-7010,9001,9008,1.2167386341588418,1.2175434098751032,1.2175434098751032,1.21472977037469,-14.173636335331913,8.532158564338978,-0.0016617510790854953,2021-01-12 07:30:00+00:00,2021-01-12 09:15:00+00:00,0 days 01:45:00,A_short,0.0006573515764635837,0.001097542613922733,68.46233446372858,68.09292073605643,1.2133855345695237,1.213582218307354,1.2149765000000001,1.215506,1.2165674654304766,1.217429781692646,1.0,1.0
6982,9101,9102,1.2197716230117328,1.2187212439386486,1.2187212439386486,1.2225162681840545,-15.846525286798023,8.512778598523782,-0.0018606970876691832,2021-01-13 08:30:00+00:00,2021-01-13 08:45:00+00:00,0 days 00:15:00,A_long,0.0007838793776427201,0.0008086954606236794,28.576570962384352,25.226339609827633,1.2198247271104123,1.219458519178833,1.2210685,1.2209444999999999,1.2223122728895874,1.2224304808211668,1.0,1.0
6977,9104,9108,1.2184715040360221,1.2173609567209513,1.2173609567209513,1.2213971298371458,-16.245690156599427,8.497401539350703,-0.0019109708661520445,2021-01-13 09:15:00+00:00,2021-01-13 10:15:00+00:00,0 days 01:00:00,A_long,0.0008687534793128959,0.000872875222175889,33.40730251157869,23.35177126353561,1.2187060652430572,1.217492197884432,1.2206775,1.22013,1.222648934756943,1.222767802115568,1.0,1.0
6995,9215,9215,1.2130910116596194,1.2117043105159144,1.2117043105159144,1.2166470684522563,-18.18069613952528,8.48072163930893,-0.0021425422988147454,2021-01-14 13:00:00+00:00,2021-01-14 13:00:00+00:00,0 days 00:00:00,A_long,0.001105775738506127,0.001105775738506127,21.090798604620133,21.090798604620133,1.2131210907630943,1.2131210907630943,1.2153535,1.2153535,1.2175859092369057,1.2175859092369057,1.0,1.0
6983,9216,9234,1.2124809558325553,1.2163407926586223,1.2110330691137927,1.2163407926586223,18.473009421568513,8.480231134856947,0.0021818288684004655,2021-01-14 13:15:00+00:00,2021-01-14 17:45:00+00:00,0 days 04:30:00,A_long,0.0011276723067052943,0.001103203053033373,16.735822285561994,75.37066726837529,1.2123226199253072,1.2101537502397213,1.2151785,1.2134105,1.2180343800746927,1.2166672497602786,1.0,1.0
6997,9292,9308,1.2126209686453242,1.2116012616554992,1.2116012616554992,1.2152762150335026,-15.616031280513019,8.481141472707431,-0.0018404911037195304,2021-01-15 08:15:00+00:00,2021-01-15 12:15:00+00:00,0 days 04:00:00,A_long,0.0007595332488061324,0.000793356904175313,19.619064058677083,34.399784520882676,1.2126264716529143,1.2118991122717016,1.2140905,1.2131604999999999,1.2155545283470857,1.2144218877282982,1.0,1.0
7008,9321,9354,1.2086906089725988,1.2070492350618025,1.2070492350618025,1.2130522948145925,-19.967500780357213,8.464752413496543,-0.0023572978987859913,2021-01-15 15:30:00+00:00,2021-01-17 23:45:00+00:00,2 days 08:15:00,A_long,0.0012465524553648033,0.0006279044474924006,32.953833315294816,28.775674196076494,1.2089799184944259,1.20702593593445,1.2116715,1.2078435,1.2143630815055741,1.2086610640655502,1.0,0.0
-6977,9484,9489,1.2108391741255284,1.2118357267827964,1.2118357267827964,1.2082528196516105,-15.404449281577152,8.451501391818692,-0.0018234379551822861,2021-01-19 08:15:00+00:00,2021-01-19 09:30:00+00:00,0 days 01:15:00,A_short,0.000772247120908536,0.0008343609287420447,76.61183254014064,66.00902835964362,1.2085667046205522,1.2084143839321007,1.2097449999999998,1.2101505,1.2109232953794475,1.2118866160678992,1.0,1.0
6982,9607,9640,1.2081605604671168,1.2117891476383653,1.206790284120545,1.2117891476383653,16.88675119866062,8.448044430996239,0.002001896433583723,2021-01-20 15:00:00+00:00,2021-01-20 23:15:00+00:00,0 days 08:15:00,A_long,0.0011519059129398328,0.0004072480956796808,39.48798610839396,67.81031730131755,1.208719362516413,1.2098998452060232,1.2107815,1.2106590000000002,1.212843637483587,1.211418154793977,1.0,0.0
6948,9872,9872,1.216351310014094,1.2154050586946188,1.2154050586946188,1.2187448239161436,-15.022475792607217,8.447921624894068,-0.0017775534798448994,2021-01-25 09:15:00+00:00,2021-01-25 09:15:00+00:00,0 days 00:00:00,A_long,0.00079101316499751,0.00079101316499751,21.77393768848671,21.77393768848671,1.2163369670510793,1.2163369670510793,1.217551,1.217551,1.2187650329489208,1.2187650329489208,1.0,1.0
6940,9873,9874,1.215681248695843,1.2146107842020029,1.2146107842020029,1.2184076473939913,-15.862136941406405,8.433113354155527,-0.001880106740760407,2021-01-25 09:30:00+00:00,2021-01-25 09:45:00+00:00,0 days 00:15:00,A_long,0.0008268780763311834,0.0008059609994870483,18.094676345977106,17.039590824026405,1.2157552332335444,1.215251488644592,1.2174085,1.217266,1.2190617667664554,1.219280511355408,1.0,1.0
6932,9875,9893,1.2148611736496255,1.2137828468006155,1.2137828468006155,1.2176514595981534,-15.8926418922178,8.417680174880536,-0.0018871694222868454,2021-01-25 10:00:00+00:00,2021-01-25 14:30:00+00:00,0 days 04:30:00,A_long,0.0007931661995554403,0.0007496125889234228,14.06139475869466,25.65536771583777,1.2146591109986051,1.2140166892575297,1.2170779999999999,1.215111,1.2194968890013946,1.2162053107424704,1.0,1.0
6934,9895,9962,1.2121609265462265,1.2109432029075196,1.2109432029075196,1.2154503912774413,-16.84459772761034,8.400902016816138,-0.002004086792630348,2021-01-25 15:00:00+00:00,2021-01-26 07:45:00+00:00,0 days 16:45:00,A_long,0.00096313123345801,0.0006400714412431046,16.964685113072093,12.786166059787647,1.212814134610206,1.211365127021826,1.214883,1.2130379999999998,1.216951865389794,1.2147108729781737,1.0,1.0
-6898,9986,9993,1.2159387073746637,1.217066262965812,1.217066262965812,1.212961211102564,-16.16931261044527,8.391434142704302,-0.0019277765088831804,2021-01-26 13:45:00+00:00,2021-01-26 15:30:00+00:00,0 days 01:45:00,A_short,0.0008171899197531586,0.0008099340851027919,69.59492230280699,77.73369669759315,1.2119256422533666,1.2125334259020388,1.2138025000000001,1.214961,1.2156793577466336,1.217388574097961,1.0,1.0
6892,10061,10063,1.2147811663280432,1.2139451182434304,1.2139451182434304,1.216924645269709,-14.131434175784682,8.369390776633299,-0.001687885261751644,2021-01-27 08:30:00+00:00,2021-01-27 09:00:00+00:00,0 days 00:30:00,A_long,0.0006206368241891582,0.0009304338812798547,25.220943382316676,10.073592007953778,1.2148365549325641,1.2137114598800547,1.2157490000000002,1.2155435,1.2166614450674362,1.2173755401199455,1.0,1.0
6895,10064,10076,1.2123009393589954,1.2110734793424642,1.2110734793424642,1.2155395619726077,-16.81792012245576,8.354583308473282,-0.002011998132387492,2021-01-27 09:15:00+00:00,2021-01-27 12:15:00+00:00,0 days 03:00:00,A_long,0.0009930426971092165,0.0007766241496822738,13.953919996949608,29.818988073359108,1.213083576187356,1.2102562336489022,1.2153805,1.2131135,1.217677423812644,1.2159707663510977,1.0,1.0
6915,10086,10097,1.2063003902403309,1.211297080526841,1.2044609731577196,1.211297080526841,26.193270076040363,8.358843255177497,0.0031400897999975096,2021-01-27 14:45:00+00:00,2021-01-27 17:30:00+00:00,0 days 02:45:00,A_long,0.0014716304972025034,0.0012140523483892612,23.784145869523087,61.10233664346489,1.2076315334010996,1.206569576536172,1.2110745,1.2097444999999998,1.2145174665989005,1.2129194234638276,1.0,1.0
-6895,10263,10270,1.213308948071678,1.2146448832723926,1.2146448832723926,1.2097853501828222,-17.581644042485237,8.370370833558683,-0.00210161815788062,2021-01-29 11:00:00+00:00,2021-01-29 12:45:00+00:00,0 days 01:45:00,A_short,0.0009774156967279866,0.0010408979521445722,73.58396225194929,57.073257611736445,1.2093014128853374,1.209939912626152,1.21124,1.2123935,1.2131785871146628,1.2148470873738477,1.0,1.0
6893,10349,10350,1.2114308597367889,1.2104191792219643,1.2104191792219643,1.2138624623341068,-15.320419947957218,8.346906159271342,-0.001834694499021523,2021-02-01 08:30:00+00:00,2021-02-01 08:45:00+00:00,0 days 00:15:00,A_long,0.0007310372285813218,0.0009202322647704918,24.15097651690749,14.869916162462602,1.2114978494169113,1.2104503580994652,1.21268,1.2124765,1.2138621505830887,1.2145026419005347,1.0,1.0
6894,10351,10357,1.208990636428532,1.2077757212822753,1.2077757212822753,1.212192836153174,-16.706218653323692,8.330593635029153,-0.0020043979267456587,2021-02-01 09:00:00+00:00,2021-02-01 10:30:00+00:00,0 days 01:30:00,A_long,0.000960201296134426,0.0009818412526084834,20.772806290267724,19.58438390162597,1.2098360797490786,1.2074561943742077,1.2122765,1.21115,1.2147169202509214,1.2148438056257922,1.0,1.0
6910,10453,10470,1.203860166932074,1.2024757195579516,1.2024757195579516,1.2076128413261449,-17.88042184300928,8.31389048782304,-0.0021494317931971952,2021-02-02 10:30:00+00:00,2021-02-02 14:45:00+00:00,0 days 04:15:00,A_long,0.0010608692081459288,0.0010038846406168977,23.740248845106336,32.538862816605956,1.2045682775117923,1.2021600262830285,1.206932,1.203777,1.2092957224882075,1.2053939737169717,1.0,1.0
6907,10544,10556,1.2018499829773213,1.2007285446169147,1.2007285446169147,1.2048543661492557,-16.04307970037486,8.297304945046694,-0.0019326269144254202,2021-02-03 09:15:00+00:00,2021-02-03 12:15:00+00:00,0 days 03:00:00,A_long,0.0008609399988949529,0.0007675669608821628,31.260664413370392,35.105912052928005,1.2023196682772515,1.2008689492577822,1.2036989999999999,1.202485,1.2050783317227483,1.2041010507422178,1.0,1.0
6921,10665,10672,1.1970595445975873,1.1960283524552513,1.1960283524552513,1.199714942634246,-15.418161484859123,8.281280667751348,-0.0018610069155844064,2021-02-04 15:30:00+00:00,2021-02-04 17:15:00+00:00,0 days 01:45:00,A_long,0.0007643010045407121,0.0007074214328393577,29.790191006918548,27.964906857841683,1.1971430405478294,1.1961502343464616,1.1985395,1.197953,1.1999359594521708,1.1997557656535385,1.0,1.0
-6901,10732,10748,1.1980803419178885,1.1988954242437413,1.1988954242437413,1.1961137272687759,-13.895648011850957,8.270764881140703,-0.001680663757248841,2021-02-05 08:15:00+00:00,2021-02-05 12:15:00+00:00,0 days 04:00:00,A_short,0.0005942508427021185,0.0006237730696442621,67.50154816436883,71.07846617141773,1.1947879333343492,1.1965123949791792,1.196168,1.1977265,1.1975480666656506,1.1989406050208207,1.0,1.0
-6879,10754,10754,1.1999901671151134,1.20110661440687,1.20110661440687,1.1971201567793899,-15.938613300038785,8.258572380044864,-0.0019308455569164635,2021-02-05 13:45:00+00:00,2021-02-05 13:45:00+00:00,0 days 00:00:00,A_short,0.0010251104049616737,0.0010251104049616737,74.26249321948126,74.26249321948126,1.1965884602932235,1.1965884602932235,1.1982255,1.1982255,1.1998625397067764,1.1998625397067764,1.0,1.0
-6864,10755,10756,1.2002701414895758,1.2016201324859541,1.2016201324859541,1.196699602542138,-17.50962561942492,8.24328742028402,-0.00212530166767327,2021-02-05 14:00:00+00:00,2021-02-05 14:15:00+00:00,0 days 00:15:00,A_short,0.0010710956843001296,0.0011442829263934693,74.945509135214,80.67675550896433,1.196416676098055,1.1961339438371064,1.198331,1.1985109999999999,1.200245323901945,1.2008880561628934,1.0,1.0
-6843,10757,10759,1.201480030750645,1.202973139511672,1.202973139511672,1.1974805814649838,-18.444179773760553,8.226836522052519,-0.0022433459376551327,2021-02-05 14:30:00+00:00,2021-02-05 15:00:00+00:00,0 days 00:30:00,A_short,0.0010970452028743194,0.0011112917301589068,81.32772985194674,84.31916748007889,1.1959679848482452,1.195756309075317,1.198707,1.199155,1.2014460151517548,1.202553690924683,1.0,1.0
-6802,10854,10899,1.20594962165724,1.2071740053603492,1.2071740053603492,1.202717983918952,-16.535291404035448,8.207033455486823,-0.002015793589517703,2021-02-08 14:45:00+00:00,2021-02-09 02:00:00+00:00,0 days 11:15:00,A_short,0.0009298927602523525,0.0005389935786515984,71.22136718059063,78.15993912635251,1.2012191973340194,1.2042671308145247,1.20335,1.2054185,1.2054808026659805,1.2065698691854752,1.0,0.0
-6766,10928,10929,1.2099892519173392,1.2111320219576815,1.2111320219576815,1.2070439341269554,-15.922635362475575,8.190653269519196,-0.0019449186623359557,2021-02-09 09:15:00+00:00,2021-02-09 09:30:00+00:00,0 days 00:15:00,A_short,0.0008581269694367204,0.0009010433735118484,71.03294988349487,75.1084461469168,1.2065976496979174,1.206417043632573,1.2082175000000002,1.2083565,1.209837350302083,1.2102959563674272,1.0,1.0
-6733,11022,11025,1.2136589160397562,1.2117114666560531,1.2144561777813156,1.2117114666560531,4.9471673071272555,8.165009393345443,0.0006054124290148307,2021-02-10 08:45:00+00:00,2021-02-10 09:30:00+00:00,0 days 00:45:00,A_short,0.0005942395087280248,0.0007638590224223746,75.80514900216494,34.91648932678912,1.212060503140083,1.2118567866619143,1.2128565,1.212785,1.213652496859917,1.2137132133380857,1.0,1.0
-6731,11136,11149,1.2145688327567588,1.2125072690092187,1.2154309103302603,1.2125072690092187,5.70806096419884,8.168324620493397,0.0006982113107021604,2021-02-11 13:15:00+00:00,2021-02-11 16:30:00+00:00,0 days 03:15:00,A_short,0.0005692130162992157,0.0007087488581289128,74.3125414406972,38.781345137367374,1.2116789635457932,1.2123150557333349,1.212982,1.2135710000000002,1.2142850364542068,1.2148269442666655,1.0,1.0
6758,11213,11215,1.2109508158072957,1.2101888267820373,1.2101888267820373,1.2127935196538877,-13.330552685005415,8.181030852309355,-0.001628933909456952,2021-02-12 08:30:00+00:00,2021-02-12 09:00:00+00:00,0 days 00:30:00,A_long,0.000527625101861804,0.0005888384098428485,24.83533827421823,26.161696788513495,1.21100214503613,1.2104277823082426,1.2121784999999998,1.2120149999999998,1.2133548549638697,1.2136022176917571,1.0,1.0
6755,11233,11233,1.2095106840188163,1.2086208760111072,1.2086208760111072,1.2118573719666783,-14.177892436076059,8.167239344001068,-0.0017353081832648066,2021-02-12 13:30:00+00:00,2021-02-12 13:30:00+00:00,0 days 00:00:00,A_long,0.000709700658644752,0.000709700658644752,25.773429292686004,25.773429292686004,1.2094736665271393,1.2094736665271393,1.2105725,1.2105725,1.2116713334728608,1.2116713334728608,1.0,1.0
6745,11234,11242,1.2090906455805097,1.2115349223711214,1.2081283592096261,1.2115349223711214,8.323087224758734,8.163559727916876,0.0010205719572360015,2021-02-12 13:45:00+00:00,2021-02-12 15:45:00+00:00,0 days 02:00:00,A_long,0.0006977405708254604,0.0008500088995059566,23.856567033180042,72.54181764214712,1.2091295751483009,1.208205990676343,1.2104935,1.210083,1.211857424851699,1.211960009323657,1.0,1.0
-6716,11407,11413,1.2153987567953435,1.2163708717900326,1.2163708717900326,1.2128873846299024,-14.694606717121534,8.165882412789692,-0.0018002320610816206,2021-02-16 09:00:00+00:00,2021-02-16 10:30:00+00:00,0 days 01:30:00,A_short,0.0007542962928013112,0.0006675900747114633,63.1667916261594,79.93252783995166,1.2127922146972983,1.2125055437848262,1.2139315,1.214404,1.2150707853027016,1.2163024562151739,1.0,1.0
6724,11426,11426,1.2119509073270733,1.2107616149873361,1.2107616149873361,1.2151551550379913,-16.14196119241392,8.145159500021045,-0.001980813402903444,2021-02-16 13:45:00+00:00,2021-02-16 13:45:00+00:00,0 days 00:00:00,A_long,0.000957278064701583,0.000957278064701583,14.086182467083589,14.086182467083589,1.2121046104650655,1.2121046104650655,1.2152560000000001,1.2152560000000001,1.2184073895349348,1.2184073895349348,1.0,1.0
6717,11427,11430,1.2109308139769004,1.209661266322358,1.209661266322358,1.2142562010329256,-16.657110097246004,8.129558501685061,-0.0020478822291652753,2021-02-16 14:00:00+00:00,2021-02-16 14:45:00+00:00,0 days 00:45:00,A_long,0.0009789743227413732,0.0010560612109815962,14.251296364217566,17.638700297701178,1.2113528658757553,1.2093058416889546,1.215051,1.214334,1.218749134124245,1.2193621583110454,1.0,1.0
6741,11522,11522,1.204120190727216,1.2030413375989257,1.2030413375989257,1.206915987203223,-15.385886869028639,8.113337931223262,-0.0018955199904712268,2021-02-17 13:45:00+00:00,2021-02-17 13:45:00+00:00,0 days 00:00:00,A_long,0.0008435895118869902,0.0008435895118869902,16.024055522999078,16.024055522999078,1.2041888153626794,1.2041888153626794,1.2062469999999998,1.2062469999999998,1.2083051846373203,1.2083051846373203,1.0,1.0
6732,11523,11530,1.203460130324163,1.2023476925857357,1.2023476925857357,1.2063969222427928,-15.586879987007205,8.097949131914719,-0.0019239039096862428,2021-02-17 14:00:00+00:00,2021-02-17 15:45:00+00:00,0 days 01:45:00,A_long,0.00082977757696872,0.0008095105126929165,23.89637627480751,29.830115598823937,1.2038944794253483,1.2023565560003378,1.206027,1.2049815000000001,1.2081595205746516,1.2076064439996625,1.0,1.0
-6704,11598,11598,1.2059896179964489,1.2068814421228258,1.2068814421228258,1.2037956736315227,-14.06673273675051,8.087943793519809,-0.0017398654392418952,2021-02-18 08:45:00+00:00,2021-02-18 08:45:00+00:00,0 days 00:00:00,A_short,0.0006878193109297204,0.0006878193109297204,79.72306514890298,79.72306514890298,1.2030512617996634,1.2030512617996634,1.2046005,1.2046005,1.2061497382003366,1.2061497382003366,1.0,1.0
-6688,11599,11614,1.2067895447806272,1.2076853831731158,1.2076853831731158,1.2043838504806528,-14.065371328041307,8.074004159077317,-0.0017427030798877704,2021-02-18 09:00:00+00:00,2021-02-18 12:45:00+00:00,0 days 03:45:00,A_short,0.0007027767361390793,0.000753973630809314,72.95890097769582,68.25119172429592,1.203023415552055,1.2054396173035111,1.2047405,1.2067055,1.206457584447945,1.2079713826964888,1.0,1.0
-6654,11691,11692,1.2108191759559241,1.2115838399496943,1.2115838399496943,1.2090084801509167,-13.147409048464745,8.059334833917994,-0.0016318419306193578,2021-02-19 08:00:00+00:00,2021-02-19 08:15:00+00:00,0 days 00:15:00,A_short,0.0005396621858904031,0.0005823738944383604,85.72031615529569,89.99200863080104,1.2080860988610567,1.2080156922004488,1.209487,1.2096415,1.2108879011389433,1.2112673077995513,1.0,1.0
-6640,11693,11693,1.2115491091464865,1.2123588486733259,1.2123588486733259,1.2095634539800222,-13.42404487817527,8.047374419961777,-0.0016686847363319374,2021-02-19 08:30:00+00:00,2021-02-19 08:30:00+00:00,0 days 00:00:00,A_short,0.0007087240418465832,0.0007087240418465832,92.80856030029364,92.80856030029364,1.2078746336600807,1.2078746336600807,1.2098385,1.2098385,1.2118023663399193,1.2118023663399193,1.0,1.0
-6624,11694,11694,1.212369034100269,1.213330468850216,1.213330468850216,1.209928593449352,-14.402460537420414,8.033916753772008,-0.001793418043735936,2021-02-19 08:45:00+00:00,2021-02-19 08:45:00+00:00,0 days 00:00:00,A_short,0.0007328941696003797,0.0007328941696003797,94.43182138763041,94.43182138763041,1.207717185600296,1.207717185600296,1.210077,1.210077,1.2124368143997042,1.2124368143997042,1.0,1.0
-6608,11695,11697,1.2131289645452383,1.2141194730035205,1.2141194730035205,1.2106015809894388,-14.564908729989817,8.019628837661099,-0.0018168988965511894,2021-02-19 09:00:00+00:00,2021-02-19 09:30:00+00:00,0 days 00:30:00,A_short,0.0007258416136536644,0.0007252765898109604,89.10766052426636,90.82032257066567,1.207686200438953,1.2076662701415537,1.2102935,1.2107459999999999,1.2129007995610468,1.213825729858446,1.0,1.0
6618,11790,11797,1.2093806721212454,1.2121255594154252,1.2083314801948581,1.2121255594154252,10.152899992726843,8.012764120154843,0.0012685287716072623,2021-02-22 08:45:00+00:00,2021-02-22 10:30:00+00:00,0 days 01:45:00,A_long,0.0008330420814913074,0.0009702150168357446,36.77318489112618,69.4878176591777,1.2097968241938144,1.2094573812005343,1.211546,1.2112829999999999,1.2132951758061856,1.2131086187994655,1.0,1.0
6594,11888,11902,1.2152112056815478,1.2143069242402664,1.2143069242402664,1.2175592272792006,-13.97295309816182,8.010121274352223,-0.001743763138732593,2021-02-23 09:15:00+00:00,2021-02-23 12:45:00+00:00,0 days 03:30:00,A_long,0.0006525547153631236,0.0007800040431225711,31.57187695993639,28.778545869312808,1.215379461748965,1.2142336398886147,1.2166605000000001,1.215271,1.2179415382510352,1.2163083601113853,1.0,1.0
6590,12001,12002,1.214001094942617,1.2127441575744504,1.2127441575744504,1.2173675272766487,-16.27934286326141,7.996125607043737,-0.0020348498899351625,2021-02-24 13:30:00+00:00,2021-02-24 13:45:00+00:00,0 days 00:15:00,A_long,0.0010294417517858134,0.0010908495182143704,25.27126775309158,24.200204128740154,1.2139911638313419,1.2135618066881355,1.2159115,1.2157364999999998,1.2178318361686582,1.217911193311864,1.0,1.0
-6545,12076,12078,1.2196483678362893,1.2206907954349786,1.2206907954349786,1.2169276136950637,-14.808698545226907,7.986009911805224,-0.0018551225418674182,2021-02-25 08:15:00+00:00,2021-02-25 08:45:00+00:00,0 days 00:30:00,A_short,0.0007807967030402683,0.0008892206347280196,72.71956165114467,78.95565803014148,1.216179904621115,1.2160979317969471,1.2177985,1.2181415,1.219417095378885,1.2201850682030528,1.0,1.0
-6527,12079,12082,1.2207082708253254,1.2218970647616738,1.2218970647616738,1.217628805714979,-15.730700535234238,7.9714425126881725,-0.001974342815349653,2021-02-25 09:00:00+00:00,2021-02-25 09:45:00+00:00,0 days 00:45:00,A_short,0.0009586578834309386,0.0009229248503400877,82.75287266212081,79.1963441223229,1.2158663925892583,1.2157383806700002,1.218379,1.2190025,1.2208916074107419,1.2222666193299998,1.0,1.0
6595,12269,12271,1.2060103636995954,1.2049007669557368,1.2049007669557368,1.20881769913279,-15.267769979083269,7.949979453335958,-0.0019195957007239264,2021-03-01 08:30:00+00:00,2021-03-01 09:00:00+00:00,0 days 00:30:00,A_long,0.0008512238653012498,0.0008482525921595766,15.494068560611083,17.320680200137247,1.2060263136101284,1.2050319888043688,1.2079840000000002,1.207667,1.209941686389872,1.2103020111956313,1.0,1.0
6589,12272,12273,1.2047002438086871,1.2035820968894084,1.2035820968894084,1.2076537093317743,-15.301556222557199,7.934086171429875,-0.0019276895655684339,2021-03-01 09:15:00+00:00,2021-03-01 09:30:00+00:00,0 days 00:15:00,A_long,0.0008684855798716184,0.0008966875025553986,14.51641920020677,15.89986508497934,1.2043536765507947,1.2038027934655104,1.2074745,1.207289,1.2105953234492053,1.2107752065344897,1.0,1.0
6600,12362,12367,1.200539863086413,1.1995424780689858,1.1995424780689858,1.2031325657930423,-14.503012840832259,7.920271725812817,-0.0018303650345734002,2021-03-02 07:45:00+00:00,2021-03-02 09:00:00+00:00,0 days 01:15:00,A_long,0.0007428769501768758,0.0010088067311434035,25.22376010998768,38.36484202185653,1.2009534412837046,1.2001552072331558,1.2020605,1.2016509999999998,1.2031675587162953,1.2031467927668438,1.0,1.0
-6556,12395,12397,1.206119606098878,1.2074638824415378,1.2074638824415378,1.2025283526753863,-16.724802377913644,7.911726675435483,-0.0021151037376644253,2021-03-02 16:00:00+00:00,2021-03-02 16:30:00+00:00,0 days 00:30:00,A_short,0.0010911373188885127,0.0009928986972985014,79.20486877445423,77.12841028880355,1.201247073286798,1.2009622795377146,1.2036025,1.2040695000000001,1.205957926713202,1.2071767204622856,1.0,1.0
-6522,12458,12460,1.2099592546629325,1.207764166524772,1.2108252778250759,1.207764166524772,6.432168760589642,7.8841960764931045,0.000815090610502778,2021-03-03 07:45:00+00:00,2021-03-03 08:15:00+00:00,0 days 00:30:00,A_short,0.000678033984777117,0.0007581677485659119,60.5054151532512,39.80888053056333,1.2076501619560631,1.2075597714394555,1.208638,1.208599,1.209625838043937,1.2096382285605445,1.0,1.0
-6522,12466,12473,1.2108491732103308,1.207052884347884,1.2122890385507052,1.207052884347884,16.87461735118044,7.884778609697339,0.0021367961352344077,2021-03-03 09:45:00+00:00,2021-03-03 11:30:00+00:00,0 days 01:45:00,A_short,0.001070750064398343,0.0009922370970785219,62.02797680305998,32.28530969142521,1.206944549942681,1.2067571727684894,1.2086765,1.2087055,1.210408450057319,1.2106538272315106,1.0,1.0
6592,12594,12595,1.2007698841359618,1.199001692731584,1.199001692731584,1.2056749218052474,-19.56556485501305,7.909647117355432,-0.0024718118200867077,2021-03-04 17:45:00+00:00,2021-03-04 18:00:00+00:00,0 days 00:15:00,A_long,0.001427555249411498,0.0015598812161566435,19.504449318032997,16.289380265627628,1.200715590772293,1.1996327958747368,1.2033485000000002,1.2030885,1.2059814092277072,1.2065442041252632,1.0,0.0
6617,12652,12654,1.1933392041440154,1.1922776457737323,1.1922776457737323,1.1960070626788035,-14.917145084116141,7.892813347952869,-0.0018891248920787649,2021-03-05 08:15:00+00:00,2021-03-05 08:45:00+00:00,0 days 00:30:00,A_long,0.0008093669411933849,0.00093361339138523,16.45574545110479,19.01658997171006,1.1937371417195162,1.1927525689606762,1.195487,1.1951180000000001,1.1972368582804838,1.197483431039324,1.0,1.0
6630,12745,12750,1.1886287730858638,1.1876978485312906,1.1876978485312906,1.1910264544061286,-14.04955254748132,7.877522750660868,-0.0017828004111664455,2021-03-08 07:30:00+00:00,2021-03-08 08:45:00+00:00,0 days 01:15:00,A_long,0.0006823316162901961,0.0007643391905280678,19.32659723690304,27.537542608249183,1.1885260678182858,1.1876124294103831,1.190148,1.189764,1.1917699321817141,1.191915570589617,1.0,1.0
-6627,12841,12842,1.1870113550418244,1.1878746267899558,1.1878746267899558,1.1848961196301326,-13.59008657566632,7.869184700799604,-0.0017276285777189542,2021-03-09 07:30:00+00:00,2021-03-09 07:45:00+00:00,0 days 00:15:00,A_short,0.000627119348301359,0.000758170101861163,74.90282851440583,79.57812243306164,1.184970882733757,1.184789836352308,1.18599,1.1861190000000001,1.1870091172662431,1.1874481636476923,1.0,1.0
-6610,12843,12845,1.1879712671828382,1.1889598041222333,1.1889598041222333,1.1853205876333002,-14.389986360065251,7.855757190663262,-0.0018325379873961104,2021-03-09 08:00:00+00:00,2021-03-09 08:30:00+00:00,0 days 00:30:00,A_short,0.0007290807549463393,0.000754376211493011,79.32007948985043,81.88102951025496,1.1846324319057966,1.184487905619806,1.186202,1.1864415000000001,1.1877715680942034,1.1883950943801942,1.0,1.0
-6590,12847,12850,1.189481128987974,1.1906341512599528,1.1906341512599528,1.1864975462201417,-15.440896620756323,7.842479848416919,-0.001969833614843669,2021-03-09 09:00:00+00:00,2021-03-09 09:45:00+00:00,0 days 00:45:00,A_short,0.0009042203544103013,0.0008818287758931547,89.5424333780827,82.560708121318,1.183996692283148,1.1840160968172382,1.1868159999999999,1.187471,1.1896353077168518,1.1909259031827617,1.0,1.0
-6575,12944,12961,1.1898410960408545,1.190860218755162,1.190860218755162,1.187179343734514,-14.52728741896362,7.8265555723919045,-0.0018569482757465293,2021-03-10 09:15:00+00:00,2021-03-10 13:30:00+00:00,0 days 04:15:00,A_short,0.0007286024342836446,0.001059347142147993,68.95656282891636,61.58137496560759,1.1864561252360706,1.1884890851556345,1.188073,1.189405,1.1896898747639293,1.1903209148443656,1.0,1.0
-6550,12964,13032,1.1921608837149706,1.1936585582241228,1.1936585582241228,1.188064325327632,-17.623326707297238,7.813558672350531,-0.0022568969229533912,2021-03-10 14:15:00+00:00,2021-03-11 07:15:00+00:00,0 days 17:00:00,A_short,0.0011380698285330525,0.0005676943786380778,75.7430740458505,74.04737429418148,1.187655186345161,1.192066760856724,1.1897245,1.1928755,1.1917938136548392,1.193684239143276,1.0,1.0
-6525,13033,13036,1.193980717148976,1.1947812332543657,1.1947812332543657,1.1920563002369027,-13.0167034508585,7.793335863190903,-0.0016707950571889535,2021-03-11 07:30:00+00:00,2021-03-11 08:15:00+00:00,0 days 00:45:00,A_short,0.0006106684614863418,0.0008065536621882554,72.61501654298414,82.6862197683636,1.1919682437276993,1.1914902408905392,1.19292,1.1931610000000001,1.1938717562723007,1.194831759109461,1.0,1.0
-6505,13037,13037,1.1957005597349588,1.1967778643946259,1.1967778643946259,1.1929064068161226,-14.789402885615598,7.781536074481474,-0.0019014324725547462,2021-03-11 08:30:00+00:00,2021-03-11 08:30:00+00:00,0 days 00:00:00,A_short,0.0008603465072298124,0.0008603465072298124,86.13989375166567,86.13989375166567,1.1910773295389345,1.1910773295389345,1.193347,1.193347,1.1956166704610653,1.1956166704610653,1.0,1.0
-6488,13038,13061,1.1965904782823569,1.1936027525739725,1.197732415808676,1.1936027525739725,11.630577555099718,7.7537868408979325,0.0014981141213236391,2021-03-11 08:45:00+00:00,2021-03-11 14:30:00+00:00,0 days 05:45:00,A_short,0.0008496336395991712,0.0013955676565650804,81.25489044352194,29.123048179039245,1.1908720009937852,1.1944676595464387,1.1935125,1.1959405,1.1961529990062147,1.1974133404535614,1.0,1.0
6516,13062,13075,1.1935192206175755,1.1984040435636343,1.191705318812122,1.1984040435636343,24.036620321816383,7.792885994702382,0.003090743115187769,2021-03-11 14:45:00+00:00,2021-03-11 18:00:00+00:00,0 days 03:15:00,A_long,0.001362825302356401,0.0010966560716030422,32.85228342385945,68.11780418792664,1.194044449460789,1.1928677832447006,1.1958055,1.1958090000000001,1.1975665505392112,1.1987502167552997,1.0,0.0
6553,13351,13356,1.1903489304998809,1.1890078557575972,1.1890078557575972,1.1939764327272087,-16.58402529635792,7.795962510172627,-0.0021260599061064256,2021-03-16 14:00:00+00:00,2021-03-16 15:15:00+00:00,0 days 01:15:00,A_long,0.001043770841735362,0.001046204111460685,24.160413161100408,25.586280373423207,1.1905220138045076,1.1885943234118737,1.1932475,1.1924735,1.1959729861954924,1.1963526765881263,1.0,1.0
-6494,13516,13516,1.1985003034795818,1.1965004781418438,1.1992998406193855,1.1965004781418438,5.210298205345899,7.776567537924769,0.0006694407540806312,2021-03-18 07:15:00+00:00,2021-03-18 07:15:00+00:00,0 days 00:00:00,A_short,0.0008121071140005944,0.0008121071140005944,43.140698364813304,43.140698364813304,1.1952297234080749,1.1952297234080749,1.1966670000000001,1.1966670000000001,1.1981042765919254,1.1981042765919254,1.0,1.0
6538,13540,13622,1.191239011952483,1.189933407864909,1.189933407864909,1.1947997764052725,-16.320092164940903,7.784052640383054,-0.0020954571437273323,2021-03-18 13:15:00+00:00,2021-03-19 09:45:00+00:00,0 days 20:30:00,A_long,0.0009933165420100002,0.0008015320301078821,23.825818456692787,21.960766127050178,1.1917752230414698,1.1900079736197104,1.193703,1.1919555000000002,1.1956307769585302,1.19390302638029,1.0,1.0
6535,13623,13636,1.1894288463016855,1.1883681615638706,1.1883681615638706,1.1922155153083882,-14.70102648482143,7.769451723200705,-0.0018913138425576295,2021-03-19 10:00:00+00:00,2021-03-19 13:15:00+00:00,0 days 03:15:00,A_long,0.0007706610927601591,0.0009611213097194986,25.018467782440553,25.611420357416876,1.1896476143576118,1.1880825952090568,1.1918609999999998,1.190216,1.1940743856423879,1.192349404790943,1.0,1.0
6516,13807,13808,1.1906289561254186,1.18962504243259,1.18962504243259,1.1931648727022297,-14.296369149773119,7.754867527301992,-0.001842757712904563,2021-03-23 08:00:00+00:00,2021-03-23 08:15:00+00:00,0 days 00:15:00,A_long,0.0007538026875738906,0.0008706289958973746,21.314252255698847,17.56734748181715,1.1907252975716711,1.1900643420981207,1.1923235,1.1921385,1.193921702428329,1.1942126579018792,1.0,1.0
6511,13809,13819,1.1893088353193124,1.188155245204923,1.188155245204923,1.1923342643852308,-15.250859548935468,7.739834314146648,-0.0019694818411254912,2021-03-23 08:30:00+00:00,2021-03-23 11:00:00+00:00,0 days 02:30:00,A_long,0.0008505451297777318,0.0007470994281468646,18.185596809462496,21.30663959386139,1.1895560366055329,1.1871377523309798,1.1919600000000001,1.190261,1.1943639633944674,1.1933842476690202,1.0,1.0
6536,13901,13903,1.182548216645617,1.1815408840646824,1.1815408840646824,1.185057347805953,-14.309768930109477,7.725843181121258,-0.0018514062263778803,2021-03-24 07:30:00+00:00,2021-03-24 08:00:00+00:00,0 days 00:30:00,A_long,0.0007242503977294389,0.0007631036320723109,25.587152948120334,19.41987204859589,1.1829087732963557,1.1820343640255528,1.18423,1.183953,1.185551226703644,1.1858716359744472,1.0,1.0
6528,13904,13909,1.1817481434297952,1.1843671730754601,1.1807042756415131,1.1843671730754601,9.374025133827711,7.7230003930731534,0.001215125232390645,2021-03-24 08:15:00+00:00,2021-03-24 09:30:00+00:00,0 days 01:15:00,A_long,0.0008120231477960129,0.0010481749473114552,27.863138502498884,51.23892914124613,1.1817499399302476,1.1813763373055448,1.1838205,1.183404,1.1858910600697523,1.185431662694455,1.0,1.0
6550,14018,14029,1.1793279219519337,1.1783396886457274,1.1783396886457274,1.1818609340628177,-14.194289580358888,7.72136142470734,-0.001837544139477713,2021-03-25 12:45:00+00:00,2021-03-25 15:30:00+00:00,0 days 02:45:00,A_long,0.0007384470891968662,0.0008905707428481447,32.93723880340292,27.021034363668974,1.1796246469416136,1.1784658587623595,1.1807985,1.1802245,1.1819723530583865,1.1819831412376405,1.0,1.0
6565,14285,14286,1.1743774689290354,1.1733994250743933,1.1733994250743933,1.17692172477682,-14.127435560291401,7.706577654566255,-0.001832402578028205,2021-03-30 07:30:00+00:00,2021-03-30 07:45:00+00:00,0 days 00:15:00,A_long,0.0007866374462714438,0.0007484191201019107,16.92551168442766,16.707767176618745,1.1741620498897372,1.1737429159089567,1.1759785,1.17583,1.177794950110263,1.1779170840910431,1.0,1.0
6568,14310,14363,1.171787231892812,1.1706473849721906,1.1706473849721906,1.1747778450834285,-15.179069856426104,7.692555281784668,-0.001972255855118666,2021-03-30 13:45:00+00:00,2021-03-31 03:00:00+00:00,0 days 13:15:00,A_long,0.0008831108534179821,0.00040038938411546303,30.88366120362926,27.009682714783935,1.1719149286668231,1.170597998645887,1.173422,1.171707,1.1749290713331768,1.1728160013541131,1.0,0.0
-6546,14380,14384,1.1731926198451486,1.1740436852654115,1.1740436852654115,1.1710689442037656,-13.253578667667936,7.682504426626863,-0.001725789557971623,2021-03-31 07:15:00+00:00,2021-03-31 08:15:00+00:00,0 days 01:00:00,A_short,0.0006277726916860511,0.0006835139920443561,85.3429745823222,80.82213868331527,1.1694038147429187,1.1692440710985308,1.1712500000000001,1.1717845,1.1730961852570816,1.1743249289014692,1.0,1.0
-6530,14477,14497,1.1740725393077445,1.1751979149992415,1.1751979149992415,1.1711662550022757,-15.019071298788148,7.670368033312309,-0.0019590023969105084,2021-04-01 07:30:00+00:00,2021-04-01 12:30:00+00:00,0 days 05:00:00,A_short,0.0008386052772299161,0.0007853175684676336,62.91302118879412,61.419493793021275,1.171076789567508,1.1731470751934223,1.172417,1.174058,1.173757210432492,1.1749689248065778,1.0,1.0
6509,14596,14667,1.175817600717515,1.17462477969517,1.17462477969517,1.1789656609144898,-15.413586761495768,7.649514727053083,-0.002013953704304258,2021-04-02 13:15:00+00:00,2021-04-05 07:00:00+00:00,2 days 17:45:00,A_long,0.0008571035534882682,0.0004745985708564449,13.431662857739298,26.748085472980193,1.1758005325216008,1.1744658581092324,1.177434,1.176027,1.1790674674783994,1.1775881418907674,1.0,1.0
-6484,14690,14693,1.1777022070909524,1.178592724582475,1.178592724582475,1.1755018262525754,-13.41322358351766,7.639108168485252,-0.0017565263484299691,2021-04-05 12:45:00+00:00,2021-04-05 13:30:00+00:00,0 days 00:45:00,A_short,0.0006127455317873603,0.0005888539061738721,85.54740984156898,88.32437235143776,1.1731977748815436,1.1727403521412387,1.175319,1.1757805,1.1774402251184564,1.178820647858761,1.0,1.0
-6445,14786,14790,1.1827217476616696,1.183906338198415,1.183906338198415,1.179680985404755,-15.26114501600794,7.626459006684122,-0.0020020808650528924,2021-04-06 12:45:00+00:00,2021-04-06 13:45:00+00:00,0 days 01:00:00,A_short,0.0008522442544108919,0.0007357670745724049,72.12156110098121,79.78638248995262,1.179744583393232,1.17949239243862,1.1811715,1.1817005,1.182598416606768,1.18390860756138,1.0,1.0
-6387,14890,14904,1.1912609660827704,1.1874562662407955,1.192634577919735,1.1874562662407955,16.70418440926874,7.596433481425308,0.002195439370781339,2021-04-07 14:45:00+00:00,2021-04-07 18:15:00+00:00,0 days 03:30:00,A_short,0.0011803062753640032,0.0006610398145440122,57.37517639134164,30.509011931138758,1.1875472751228016,1.1871231835000533,1.1891705,1.1890174999999998,1.1907937248771983,1.1909118164999464,1.0,0.0
-6414,14956,14966,1.188801191221423,1.1867184448380037,1.1896538517206654,1.1867184448380037,5.740443830408228,7.618291472842582,0.000752847971551877,2021-04-08 07:15:00+00:00,2021-04-08 09:45:00+00:00,0 days 02:30:00,A_short,0.0006580040204806527,0.0006814891345357541,60.653324483829486,36.02105547443359,1.1863942350862335,1.1865747461664464,1.187398,1.1876754999999999,1.1884017649137664,1.1887762538335533,1.0,1.0
6429,15074,15091,1.1870986330606044,1.190334643108513,1.185875118963829,1.190334643108513,13.162049331758258,7.6422592662456275,0.0017246194653139375,2021-04-09 12:45:00+00:00,2021-04-09 17:00:00+00:00,0 days 04:15:00,A_long,0.0009478585261234187,0.0005942502420033794,36.65204343451601,70.72493491245015,1.1875366675861756,1.1869709005979268,1.1888195,1.1887755,1.1901023324138242,1.1905800994020732,1.0,1.0
6437,15149,15156,1.1875786769900976,1.1897175271484226,1.1866941576171923,1.1897175271484226,6.116450636118488,7.6513278330198276,0.0008001171414294054,2021-04-12 07:30:00+00:00,2021-04-12 09:15:00+00:00,0 days 01:45:00,A_long,0.0006672194986943495,0.0007460763045431206,33.94652031029885,72.9108345932411,1.1878408612430007,1.1871424816575014,1.188749,1.1885055,1.1896571387569994,1.1898685183424986,1.0,1.0
-6427,15157,15161,1.1902610576025479,1.1912352915654516,1.1912352915654516,1.187654125303645,-13.914340197633752,7.652938518051366,-0.001818913694318905,2021-04-12 09:30:00+00:00,2021-04-12 10:30:00+00:00,0 days 01:00:00,A_short,0.0007425994639373784,0.0007352328551015828,75.33258615474604,76.4491566432379,1.1869324657686404,1.1866411298077957,1.188594,1.1889955,1.1902555342313594,1.1913498701922045,1.0,1.0
-6403,15266,15270,1.192530849852653,1.194231630010582,1.194231630010582,1.1878651099682538,-18.53131543050128,7.641220079282147,-0.002426906941835616,2021-04-13 12:45:00+00:00,2021-04-13 13:45:00+00:00,0 days 01:00:00,A_short,0.0013401772298647528,0.0011845408762897458,73.62174603318061,73.74765201798739,1.1879067100665148,1.1870249364289909,1.1898779999999998,1.1905545,1.1918492899334847,1.194084063571009,1.0,1.0
6368,15451,15507,1.1963394787033477,1.1954664461158315,1.1954664461158315,1.1984406616525054,-13.174981581927064,7.615510064624266,-0.001729388343990903,2021-04-15 11:00:00+00:00,2021-04-16 01:00:00+00:00,0 days 14:00:00,A_long,0.0006076778052327995,0.0004638099525662179,35.49861923518067,25.817358670603014,1.1964189109089238,1.1957943684601926,1.197721,1.1966725,1.1990230890910762,1.1975506315398075,1.0,0.0
-6344,15535,15603,1.198640290666813,1.1959682860288015,1.1996772379903995,1.1959682860288015,9.355499018266705,7.5956984052784895,0.0012303110125251166,2021-04-16 08:00:00+00:00,2021-04-19 01:00:00+00:00,2 days 17:00:00,A_short,0.0007510052152885716,0.0005526673336480493,70.73412993809305,22.202535572916844,1.1949371623131229,1.195969204619543,1.196542,1.1971640000000001,1.1981468376868771,1.1983587953804573,1.0,0.0
-6354,15628,15630,1.1982203291051194,1.19896899197884,1.19896899197884,1.1964130240634796,-12.372874372704123,7.615870473083739,-0.0016251247679271474,2021-04-19 07:15:00+00:00,2021-04-19 07:45:00+00:00,0 days 00:30:00,A_short,0.0005228275402734199,0.0009444349080276034,80.03237527046127,92.91777270149538,1.1943971870242662,1.1936606174632223,1.1962665000000001,1.196786,1.198135812975734,1.1999113825367775,1.0,1.0
-6324,15631,15633,1.2018599959731298,1.2031133218896333,1.2031133218896333,1.1985800343311004,-15.530558727050263,7.604525631082057,-0.002043343304264272,2021-04-19 08:00:00+00:00,2021-04-19 08:30:00+00:00,0 days 00:30:00,A_short,0.0009411769202905939,0.0009671062201293964,89.49405234565668,91.7124673043584,1.193362448703578,1.1929835701431646,1.1971029999999998,1.1978165,1.2008435512964215,1.2026494298568355,1.0,1.0
6304,15746,15765,1.2034801321545585,1.2023782960988607,1.2023782960988607,1.206345111703418,-14.529240260973724,7.583265765854778,-0.001915083771011969,2021-04-20 12:45:00+00:00,2021-04-20 17:30:00+00:00,0 days 04:45:00,A_long,0.0007962305952674012,0.0007067653313848598,25.4564885503992,35.410403404507434,1.2035502327765177,1.2022708839801166,1.205537,1.203956,1.2075237672234824,1.2056411160198834,1.0,1.0
6302,15820,15820,1.2016499646733658,1.200734816252374,1.200734816252374,1.2039155512428776,-13.337179793786815,7.569914444697007,-0.0017611957505693735,2021-04-21 07:30:00+00:00,2021-04-21 07:30:00+00:00,0 days 00:00:00,A_long,0.0007529660399520356,0.0007529660399520356,23.42889324586291,23.42889324586291,1.2015213916441352,1.2015213916441352,1.2027535,1.2027535,1.2039856083558649,1.2039856083558649,1.0,1.0
6295,15821,15850,1.2008098877967528,1.2034306777438275,1.1998164407520575,1.2034306777438275,8.930525536796315,7.567347180038977,0.001181427367247434,2021-04-21 07:45:00+00:00,2021-04-21 15:00:00+00:00,0 days 07:15:00,A_long,0.0007685705679584211,0.0009758566554541033,31.048748678218786,73.63095667160755,1.2012446618052666,1.1993329730769111,1.2026474999999999,1.2010555,1.2040503381947332,1.202778026923089,1.0,1.0
-6288,15851,15914,1.2034598495414859,1.2047310279865449,1.2047310279865449,1.2000469160403653,-15.564522181478955,7.571352118948129,-0.0020567980599985646,2021-04-21 15:15:00+00:00,2021-04-22 07:00:00+00:00,0 days 15:45:00,A_short,0.0009084091013935523,0.0005679789149189047,69.83514388488325,70.84984834567177,1.1993268445047194,1.202731848721761,1.2012265,1.2038185000000001,1.2031261554952806,1.2049051512782392,1.0,1.0
6291,15944,16013,1.2006598740687862,1.205367392025055,1.1989308693249816,1.205367392025055,22.04683669738872,7.568158765498177,0.0029188152272847517,2021-04-22 14:30:00+00:00,2021-04-23 07:45:00+00:00,0 days 17:15:00,A_long,0.001300816598624363,0.0006387489401747475,33.02970876173643,87.81687639077185,1.2010766023436017,1.2010224892107404,1.2041935000000001,1.20305,1.2073103976563986,1.2050775107892595,1.0,1.0
-6274,16033,16041,1.2070595200702872,1.2046876053161721,1.2079574648946094,1.2046876053161721,7.315742434980333,7.565650732337323,0.0009660179734582114,2021-04-23 12:45:00+00:00,2021-04-23 14:45:00+00:00,0 days 02:00:00,A_short,0.0006463913127733008,0.0009439786902715413,81.97446289849444,34.411296717468915,1.2047945153656154,1.20477086699416,1.205909,1.206019,1.2070234846343844,1.20726713300584,1.0,1.0
6287,16207,16217,1.206030365529991,1.208197593521093,1.2051474688263024,1.208197593521093,6.036236790779968,7.589125589277083,0.0007960943928258524,2021-04-27 08:15:00+00:00,2021-04-27 10:45:00+00:00,0 days 02:30:00,A_long,0.0006640502921149057,0.000667760782569827,36.71046652225616,73.45790177968456,1.206242329844576,1.2055180523997662,1.2070504999999998,1.2067895,1.2078586701554237,1.2080609476002337,1.0,1.0
-6274,16328,16344,1.2093293123203925,1.2106043309274883,1.2106043309274883,1.2058670072175348,-15.59079857978752,7.591331838868602,-0.0020548459409718113,2021-04-28 14:30:00+00:00,2021-04-28 18:30:00+00:00,0 days 04:00:00,A_short,0.000951350114297099,0.0014060078417835564,73.14701513303369,82.10315121953289,1.2055086803183777,1.2070336360598628,1.2072555,1.2092100000000001,1.2090023196816224,1.2113863639401374,1.0,0.0
6278,16519,16521,1.2061803792579575,1.2049169093107561,1.2049169093107561,1.2095692720677318,-15.500498717347519,7.568434388817192,-0.002046972935345466,2021-04-30 14:15:00+00:00,2021-04-30 14:45:00+00:00,0 days 00:30:00,A_long,0.0010413432755650594,0.0014656311714244313,38.754938457734674,23.91638028464017,1.2067968965443954,1.2056496822953502,1.2084160000000002,1.208042,1.210035103455605,1.21043431770465,1.0,1.0
6277,16522,16532,1.2040601852360295,1.2021812425942906,1.2021812425942906,1.2092162722171282,-19.34611168344075,7.5519887212454595,-0.0025597253305489733,2021-04-30 15:00:00+00:00,2021-04-30 17:30:00+00:00,0 days 02:30:00,A_long,0.0014342136819011824,0.0008176522252955806,22.684108450865253,22.860405711758972,1.2047494769308806,1.200132659656713,1.2077405,1.204975,1.2107315230691196,1.2098173403432868,1.0,1.0
-6261,16587,16593,1.203769821170355,1.2047179681370077,1.2047179681370077,1.201486095588977,-13.476119182639858,7.539771024426699,-0.0017880418859594007,2021-05-03 07:15:00+00:00,2021-05-03 08:45:00+00:00,0 days 01:30:00,A_short,0.0006888658767277,0.0007212304042651044,62.4684653228502,72.21891174002201,1.2011224958296856,1.2009423600156384,1.2023215,1.2028355000000002,1.2035205041703145,1.204728639984362,1.0,1.0
-6234,16615,16667,1.2067795456958248,1.2040440634955114,1.2078253121681628,1.2040440634955114,9.538458846904266,7.514537189849396,0.001267895533343199,2021-05-03 14:15:00+00:00,2021-05-04 03:15:00+00:00,0 days 13:00:00,A_short,0.0007693921214509346,0.00031644253487037304,70.48517008984896,18.914685252693673,1.2038847097693013,1.203926102898066,1.20522,1.20517,1.2065552902306986,1.2064138971019343,1.0,0.0
6268,16684,16684,1.2019299902989036,1.2011370711402583,1.2011370711402583,1.2039487865792253,-12.501229456939212,7.531212170550333,-0.001659375092944408,2021-05-04 07:30:00+00:00,2021-05-04 07:30:00+00:00,0 days 00:00:00,A_long,0.0006650041764801687,0.0006650041764801687,11.94553890787573,11.94553890787573,1.201944897832091,1.201944897832091,1.203511,1.203511,1.205077102167909,1.205077102167909,1.0,1.0
6260,16685,16689,1.2015699573517835,1.2006419949882239,1.2006419949882239,1.2038340150353286,-13.327967806707516,7.5189234108242236,-0.0017719054364692015,2021-05-04 07:45:00+00:00,2021-05-04 08:45:00+00:00,0 days 01:00:00,A_long,0.000665670286282806,0.0007583776601782458,16.061262376339997,15.230086574613281,1.2016469988371108,1.2007027619954085,1.203367,1.202852,1.2050870011628894,1.2050012380045916,1.0,1.0
6255,16690,16713,1.200439853934435,1.2030501595766419,1.1994099468077861,1.2030501595766419,8.81054677474813,7.516915017255893,0.0011733704365401445,2021-05-04 09:00:00+00:00,2021-05-04 14:45:00+00:00,0 days 05:45:00,A_long,0.0007732606388211661,0.0008617913365783101,17.325412661181502,65.54448025643325,1.2003307357685358,1.2005840985109149,1.2026824999999999,1.201924,1.205034264231464,1.2032639014890851,1.0,1.0
6268,16779,16792,1.1992697468562956,1.201689564158637,1.198316811947121,1.201689564158637,7.64280837035453,7.524606480720799,0.0010167334330164284,2021-05-05 07:15:00+00:00,2021-05-05 10:30:00+00:00,0 days 03:15:00,A_long,0.0007236358159680955,0.0006369863224542619,6.645268899532056,70.06225031300599,1.199216109900043,1.198210491102038,1.201459,1.1999525,1.2037018900999572,1.201694508897962,1.0,1.0
-6258,16875,16879,1.2022899566196255,1.2031436697426623,1.2031436697426623,1.2001289907720134,-12.869138540852123,7.526601816887599,-0.0017104276093263082,2021-05-06 07:15:00+00:00,2021-05-06 08:15:00+00:00,0 days 01:00:00,A_short,0.0005989837030337798,0.0006088871810834196,75.66116757810511,78.16945939136849,1.1991206201794469,1.1990333284586048,1.200636,1.2011844999999999,1.2021513798205532,1.203335671541395,1.0,1.0
-6217,16971,16977,1.2080794267201143,1.2090112388225833,1.2090112388225833,1.2056862835322502,-13.306602174889655,7.513526333839476,-0.0017717025784070028,2021-05-07 07:15:00+00:00,2021-05-07 08:45:00+00:00,0 days 01:30:00,A_short,0.0008510058163101143,0.0007626370118599768,57.428643767537565,71.8111960741445,1.205319761826833,1.204940331894917,1.206485,1.2069005,1.207650238173167,1.2088606681050829,1.0,1.0
-6184,16993,16993,1.2124390276938846,1.2144595236038702,1.2144595236038702,1.2067814291883892,-19.998717027963938,7.503970320612658,-0.002667305416409838,2021-05-07 12:45:00+00:00,2021-05-07 12:45:00+00:00,0 days 00:00:00,A_short,0.001663655936128615,0.001663655936128615,77.91869241008108,77.91869241008108,1.2047861076643114,1.2047861076643114,1.2081529999999998,1.2081529999999998,1.2115198923356882,1.2115198923356882,1.0,1.0
-6166,16994,17000,1.2127689974923581,1.2148863871233544,1.2148863871233544,1.206900838629937,-20.540286015493308,7.4844615507702414,-0.0027467863461153605,2021-05-07 13:00:00+00:00,2021-05-07 14:30:00+00:00,0 days 01:30:00,A_short,0.0017845018113114611,0.0015507188502259304,69.17376364899391,74.42036001824529,1.204625147722564,1.204014745063539,1.2083525,1.2096805,1.2120798522774359,1.2153462549364609,1.0,1.0
6145,17069,17072,1.2138710830450459,1.2163366575242933,1.2129011141585688,1.2163366575242933,7.684141892076257,7.466813282899295,0.0010301510814690086,2021-05-10 07:45:00+00:00,2021-05-10 08:30:00+00:00,0 days 00:45:00,A_long,0.0007749731077003174,0.0009541024941089103,44.00844836947437,63.87600695337946,1.2143339013654126,1.214071245899835,1.215363,1.215405,1.2163920986345873,1.216738754100165,1.0,1.0
6157,17163,17166,1.2127009759669065,1.214790160799798,1.2118432797334007,1.214790160799798,5.3900795515763225,7.4730314645363,0.000721892108489593,2021-05-11 07:15:00+00:00,2021-05-11 08:00:00+00:00,0 days 00:45:00,A_long,0.0007614090814329163,0.0007618950376024102,48.83365302360363,60.74866418419207,1.2130018782000203,1.2129998777715703,1.2140395,1.2140175,1.2150771217999796,1.2150351222284297,1.0,1.0
-6143,17170,17186,1.2161286899859058,1.2172928367635956,1.2172928367635956,1.2130814897092133,-14.625607874759062,7.474254219411094,-0.0019577348685787333,2021-05-11 09:00:00+00:00,2021-05-11 13:00:00+00:00,0 days 04:00:00,A_short,0.0008790487737079152,0.0008937276838555475,71.76822049307904,54.48333154233781,1.2125275808863423,1.215103215585503,1.214297,1.21633,1.2160664191136576,1.2175567844144968,1.0,1.0
-6162,17355,17360,1.2100992418501637,1.20757231132632,1.2110625628912268,1.20757231132632,8.122099832588654,7.448846055336746,0.0010892451640910049,2021-05-13 07:15:00+00:00,2021-05-13 08:30:00+00:00,0 days 01:15:00,A_short,0.0007435176436636464,0.0009449959196296896,79.43294384770958,35.49472768966537,1.206410082967989,1.2064312265172223,1.2082255,1.2083675,1.210040917032011,1.2103037734827777,1.0,1.0
-6137,17559,17567,1.2162386799187304,1.2136881216428388,1.2172372927857205,1.2136881216428388,8.196545748554877,7.456230390591676,0.0010981355034687752,2021-05-17 10:15:00+00:00,2021-05-17 12:15:00+00:00,0 days 02:00:00,A_short,0.0007221559007980737,0.0008097145905679663,80.12037029459982,33.139851462989014,1.212257123202378,1.2128444119109436,1.2142344999999999,1.215034,1.2162118767976218,1.2172235880890563,1.0,1.0
-6127,17643,17645,1.2194883824794538,1.220358523441597,1.220358523441597,1.2172844296752088,-12.805824671340634,7.474470996289139,-0.0017138862863573326,2021-05-18 07:15:00+00:00,2021-05-18 07:45:00+00:00,0 days 00:30:00,A_short,0.0006270447078201413,0.0006186246916516144,90.01350889418931,91.45286051776203,1.2150232546307873,1.2148925161487814,1.2171895000000001,1.217563,1.219355745369213,1.2202334838512185,1.0,1.0
6108,17744,17745,1.221571787747332,1.2205108381330074,1.2205108381330074,1.224227485600978,-13.938400583733024,7.4581203394385565,-0.0018680776276545808,2021-05-19 08:30:00+00:00,2021-05-19 08:45:00+00:00,0 days 00:15:00,A_long,0.0008643946817169271,0.0009171420574879791,23.14406901418461,35.905354618911474,1.2214433785634577,1.2212576428144009,1.2231645,1.2231,1.2248856214365422,1.2249423571855993,1.0,1.0
-6088,17765,17782,1.223088053008255,1.2198019763580834,1.2243460078806387,1.2198019763580834,12.569477396853964,7.436157249391135,0.0016880482401985645,2021-05-19 13:45:00+00:00,2021-05-19 18:00:00+00:00,0 days 04:15:00,A_short,0.0009591168026836491,0.0010110715889820525,65.7907151329184,19.839292724847454,1.219481763208135,1.2196386116261082,1.2210930000000002,1.221512,1.2227042367918655,1.2233853883738917,1.0,0.0
6107,17933,17949,1.2214517767649589,1.2203529386436804,1.2203529386436804,1.224421184068959,-14.166655105147608,7.456050698500281,-0.0018991666499733667,2021-05-21 07:45:00+00:00,2021-05-21 11:45:00+00:00,0 days 04:00:00,A_long,0.0008278776462308369,0.001046551081286043,34.18490267337609,16.015706591901505,1.2218169031993356,1.2201530043170703,1.2229985,1.2221220000000002,1.2241800968006646,1.22409099568293,1.0,1.0
6109,17950,17959,1.2187515296615596,1.2173641387024567,1.2173641387024567,1.22238758389263,-15.916686678177484,7.4411153090178885,-0.002137801454910475,2021-05-21 12:00:00+00:00,2021-05-21 14:15:00+00:00,0 days 02:15:00,A_long,0.0011256776037812488,0.0011096557025253495,18.662547678877957,29.064515096822063,1.2194979411561777,1.2169845900988314,1.2219345,1.2205695,1.2243710588438221,1.2241544099011687,1.0,1.0
-6061,18123,18238,1.2255978232936138,1.2224991369005684,1.2267802876998106,1.2224991369005684,11.362180390379311,7.4189578378684695,0.001529570204286495,2021-05-25 07:15:00+00:00,2021-05-26 12:00:00+00:00,1 days 04:45:00,A_short,0.0008903188943076808,0.0006839119485935289,81.07696673069003,35.035325103026764,1.22114277853975,1.222721587847555,1.22329,1.2238485000000001,1.22543722146025,1.2249754121524452,1.0,1.0
-6095,18316,18321,1.2206382772317097,1.2183776387770537,1.221567453740982,1.2183776387770537,6.345690377091376,7.432901004036706,0.0008529394138062775,2021-05-27 07:30:00+00:00,2021-05-27 08:45:00+00:00,0 days 01:15:00,A_short,0.0006639388129315437,0.0009916588953676397,69.21782183424992,33.688915638470974,1.2182978929273431,1.2181866681549018,1.2193999999999998,1.2196799999999999,1.2205021070726565,1.221173331845098,1.0,1.0
6122,18429,18429,1.216521325572456,1.2155535009011618,1.2155535009011618,1.2190994972965146,-13.369603681499473,7.444581043835744,-0.0017951695861175621,2021-05-28 11:45:00+00:00,2021-05-28 11:45:00+00:00,0 days 00:00:00,A_long,0.0008255826824941889,0.0008255826824941889,16.617756346287138,16.617756346287138,1.216322672941098,1.216322672941098,1.2184765,1.2184765,1.2206303270589018,1.2206303270589018,1.0,1.0
6115,18430,18430,1.2157812578478209,1.214669300781007,1.214669300781007,1.2186320976569789,-14.230720046574545,7.431102583007641,-0.0019141456007044258,2021-05-28 12:00:00+00:00,2021-05-28 12:00:00+00:00,0 days 00:00:00,A_long,0.0009341716581616123,0.0009341716581616123,11.697097528004193,11.697097528004193,1.2154140593025928,1.2154140593025928,1.2182575,1.2182575,1.2211009406974072,1.2211009406974072,1.0,1.0
6110,18431,18440,1.2143311251441435,1.2175730179693818,1.213088994010206,1.2175730179693818,12.378498004993796,7.429467157211819,0.0016683594052165867,2021-05-28 12:15:00+00:00,2021-05-28 14:30:00+00:00,0 days 02:15:00,A_long,0.000904282103740092,0.0011759211674650417,14.051111597681967,69.08662789177141,1.2147479421692262,1.2130010533565398,1.2180680000000002,1.2164424999999999,1.221388057830774,1.21988394664346,1.0,1.0
-6078,18538,18601,1.2226280951073525,1.2237384135665323,1.2237384135665323,1.2199047593004029,-14.183023414755125,7.434507819859936,-0.0019085948726802178,2021-05-31 15:00:00+00:00,2021-06-01 06:45:00+00:00,0 days 15:45:00,A_short,0.0008415209091622358,0.0005161077261989603,83.20614379730105,61.67944075691512,1.2178561197867241,1.2219109523539677,1.2200484999999999,1.22274,1.2222408802132756,1.2235690476460321,1.0,0.0
-6057,18631,18656,1.2244679267109622,1.2214183421643363,1.2256605526118878,1.2214183421643363,11.06396703362393,7.407366565288841,0.0014917837963259115,2021-06-01 14:15:00+00:00,2021-06-01 20:30:00+00:00,0 days 06:15:00,A_short,0.0009019546641413117,0.0004099910431629313,76.64752998539691,18.39271169037829,1.2212163860117848,1.2213395280772863,1.222812,1.222733,1.2244076139882152,1.2241264719227138,1.0,0.0
6092,18703,18704,1.2195916065381727,1.2186515533104754,1.2186515533104754,1.2219253400685741,-13.153692928030944,7.426888664898982,-0.001770408057948562,2021-06-02 08:15:00+00:00,2021-06-02 08:30:00+00:00,0 days 00:15:00,A_long,0.0006671003868789825,0.0006874870019617906,17.060697082944415,15.797210178623104,1.2194445171350652,1.2190559722503884,1.2212245000000002,1.2210515000000002,1.2230044828649351,1.223047027749612,1.0,1.0
6088,18706,18708,1.2182114802408799,1.2172626135179598,1.2172626135179598,1.2206921594461209,-13.190283750539171,7.413583141401908,-0.0017785120276251644,2021-06-02 09:00:00+00:00,2021-06-02 09:30:00+00:00,0 days 00:30:00,A_long,0.0006938902370290708,0.0008371886669240377,22.32793484654063,19.55673241856104,1.2182432166075345,1.2175951813787842,1.2206605,1.2202724999999999,1.2230777833924653,1.2229498186212155,1.0,1.0
6084,18816,18819,1.2166913411308182,1.2153203284905962,1.2153203284905962,1.2203990145282115,-15.739420402098938,7.398179498988343,-0.0021262734331850518,2021-06-03 12:30:00+00:00,2021-06-03 13:15:00+00:00,0 days 00:45:00,A_long,0.0010609849790138746,0.0009926234070795571,33.198516395964646,25.107832713158572,1.217179958905878,1.215657029981622,1.2187465,1.218342,1.2203130410941219,1.221026970018378,1.0,1.0
-6080,18913,18913,1.2148188098768145,1.2162322129377048,1.2162322129377048,1.2110633611868853,-15.983885719569333,7.390395109356139,-0.0021640499397306626,2021-06-04 12:45:00+00:00,2021-06-04 12:45:00+00:00,0 days 00:00:00,A_short,0.0012879315661201939,0.0012879315661201939,86.12312114870555,86.12312114870555,1.2088377563770316,1.2088377563770316,1.2117045,1.2117045,1.2145712436229683,1.2145712436229683,1.0,1.0
-6058,18914,18918,1.216628644226017,1.2182955178793442,1.2182955178793442,1.2121134463619674,-17.473305878873216,7.375385287017139,-0.0023707609943827953,2021-06-04 13:00:00+00:00,2021-06-04 14:00:00+00:00,0 days 01:00:00,A_short,0.001253540690637513,0.0011193429267219621,83.33606165608163,78.18572339730065,1.2084373460050715,1.2076892755719564,1.2119765,1.213263,1.2155156539949286,1.2188367244280436,1.0,1.0
6043,19084,19112,1.2170213713323448,1.2190115299351163,1.2162228233549612,1.2190115299351163,4.666055025368657,7.360473411179633,0.0006344524182780083,2021-06-08 07:30:00+00:00,2021-06-08 14:30:00+00:00,0 days 07:00:00,A_long,0.0005781831325280277,0.0007903853139558493,36.919838602372444,60.362534654025595,1.2172787348567793,1.2171235496152466,1.2178875,1.2178995000000001,1.2184962651432207,1.2186754503847537,1.0,1.0
-6029,19203,19203,1.220298308348434,1.2210467059193972,1.2210467059193972,1.2184198822418086,-11.871523500847708,7.359434545510378,-0.0016135973184803235,2021-06-09 13:15:00+00:00,2021-06-09 13:15:00+00:00,0 days 00:00:00,A_short,0.0006209542751200912,0.0006209542751200912,81.9505849965274,81.9505849965274,1.2181082024785246,1.2181082024785246,1.2192965,1.2192965,1.2204847975214754,1.2204847975214754,1.0,1.0
-6016,19204,19209,1.2211082342174142,1.2189845646095676,1.221965145130144,1.2189845646095676,5.436197221933591,7.3397991388715615,0.0007400025510533564,2021-06-09 13:30:00+00:00,2021-06-09 14:45:00+00:00,0 days 01:15:00,A_short,0.000642160371770746,0.000827022289271926,76.70279868749952,36.20533744884599,1.2180569967868053,1.2181445421391934,1.2194185000000002,1.21969,1.220780003213195,1.2212354578608065,1.0,1.0
6041,19376,19378,1.2171313813995204,1.2162128068360243,1.2162128068360243,1.219441579491927,-12.899025058645332,7.349916120565463,-0.0017543271747366051,2021-06-11 08:30:00+00:00,2021-06-11 09:00:00+00:00,0 days 00:30:00,A_long,0.0006349728406490874,0.0006348907114208707,25.994833031198326,21.450385076567656,1.2172460574339967,1.216567575247561,1.2184300000000001,1.2181955,1.2196139425660035,1.2198234247524389,1.0,1.0
-6056,19469,19490,1.2117190935881244,1.2128121379962302,1.2128121379962302,1.2089635860113097,-13.960957504726574,7.341480569237426,-0.001902511923841649,2021-06-14 07:45:00+00:00,2021-06-14 13:00:00+00:00,0 days 05:15:00,A_short,0.0007868774417216873,0.0006549726269920566,72.41572036785065,70.4141354982395,1.209097825146452,1.2107450063740735,1.2103125,1.2116275,1.2115271748535479,1.2125099936259267,1.0,1.0
-6040,19491,19561,1.2127390002379514,1.2136459671523905,1.2136459671523905,1.2105020985428288,-12.805762764730595,7.327682601518832,-0.0017482404686567467,2021-06-14 13:15:00+00:00,2021-06-15 06:45:00+00:00,0 days 17:30:00,A_short,0.0006436429433931103,0.0003937309306749954,69.00503177226386,61.1901940064959,1.2107814136693087,1.2117596036811367,1.2117255,1.212542,1.2126695863306913,1.2133243963188634,1.0,0.0
-6023,19564,19570,1.214098875771054,1.2123100715634547,1.214829976145515,1.2123100715634547,3.4668371974727332,7.307130544897873,0.00047409625807168145,2021-06-15 07:30:00+00:00,2021-06-15 09:00:00+00:00,0 days 01:30:00,A_short,0.000554982771760856,0.000612564774767016,78.57659597769373,32.61340237635061,1.2114019494067811,1.2116991106867443,1.2128325,1.2132225,1.2142630505932188,1.2147458893132559,1.0,1.0
6117,19755,19756,1.1961394603993922,1.1946325916600855,1.1946325916600855,1.2001822250197438,-16.529692399563128,7.312176321223913,-0.0022591469095369064,2021-06-17 07:15:00+00:00,2021-06-17 07:30:00+00:00,0 days 00:15:00,A_long,0.001159350467716143,0.0011207704053539807,22.795050097993567,21.120321241560177,1.1964570222717494,1.195575718259936,1.199151,1.1988750000000001,1.2018449777282507,1.2021742817400642,1.0,1.0
6111,19757,19767,1.1947493331869015,1.1932650755135752,1.1932650755135752,1.1986447734592742,-16.366876667481158,7.2965780257843065,-0.0022416960640040556,2021-06-17 07:45:00+00:00,2021-06-17 10:15:00+00:00,0 days 02:30:00,A_long,0.0010980010179734508,0.0011058456736790108,30.418735018388148,25.55438371904225,1.1950782516949587,1.1922538441995314,1.1986364999999999,1.196243,1.202194748305041,1.2002321558004685,1.0,1.0
6124,19792,19871,1.18949885270807,1.1880247692077304,1.1880247692077304,1.1935656923768092,-16.30726468638668,7.279977330306181,-0.0022386278937851236,2021-06-17 16:30:00+00:00,2021-06-18 12:15:00+00:00,0 days 19:45:00,A_long,0.0011324444610836138,0.0011586670377731994,29.935748283251144,18.963962203546913,1.1898363660713447,1.1891287927097849,1.1926215,1.1911665,1.1954066339286553,1.1932042072902151,1.0,1.0
6121,19872,19878,1.1873986605165374,1.1859095995546722,1.1859095995546722,1.1914712013359834,-16.378052077524735,7.263509929947938,-0.0022534260656288797,2021-06-18 12:30:00+00:00,2021-06-18 14:00:00+00:00,0 days 01:30:00,A_long,0.0012975114327367701,0.0011818298276992185,38.02319620648436,29.66683505602839,1.1888325036198295,1.1858894363524755,1.1910770000000002,1.1898095,1.1933214963801708,1.1937295636475245,1.0,1.0
-6088,19974,20079,1.1909909907931104,1.192130683624889,1.192130683624889,1.1879679491253328,-14.192672336796605,7.254222376928391,-0.0019574066361620814,2021-06-21 14:00:00+00:00,2021-06-22 16:15:00+00:00,1 days 02:15:00,A_short,0.0008822715068643446,0.0009457726144131385,77.2849587144583,74.74185225828604,1.1881219612464855,1.1884336660617563,1.1896025000000001,1.190271,1.1910830387535147,1.192108333938244,1.0,1.0
-6067,20080,20080,1.192790826057511,1.1940449271372957,1.1940449271372957,1.1895052185881125,-14.849097508369802,7.240466257316447,-0.002051926375449891,2021-06-22 16:30:00+00:00,2021-06-22 16:30:00+00:00,0 days 00:00:00,A_short,0.001069002932491392,0.001069002932491392,77.11545133849953,77.11545133849953,1.1881762690393152,1.1881762690393152,1.1904495000000002,1.1904495000000002,1.1927227309606852,1.1927227309606852,1.0,1.0
-6052,20081,20090,1.1932807812128199,1.1946828035189896,1.1946828035189896,1.1895515894430313,-15.711016804337502,7.225977807398456,-0.002175518234607871,2021-06-22 16:45:00+00:00,2021-06-22 19:00:00+00:00,0 days 02:15:00,A_short,0.000997135874825892,0.000857340742074692,77.26166715021067,75.50445855517401,1.1880924172213796,1.1892771912382496,1.190652,1.1924249999999998,1.1932115827786205,1.19557280876175,1.0,0.0
-6021,20166,20176,1.196820457232808,1.1939699697845931,1.197916676738469,1.1939699697845931,9.965310345166163,7.197474580535887,0.0013829077074208496,2021-06-23 14:00:00+00:00,2021-06-23 16:30:00+00:00,0 days 02:30:00,A_short,0.000828599866672129,0.0007176401683782605,62.94769076027847,37.00299023442629,1.193196516937617,1.1937071838873283,1.194857,1.1951209999999999,1.196517483062383,1.1965348161126714,1.0,1.0
-6045,20235,20245,1.1937107418593158,1.1945023019134204,1.1945023019134204,1.1918130942597385,-12.00335445186561,7.218373924803096,-0.0016634403179602354,2021-06-24 07:15:00+00:00,2021-06-24 09:45:00+00:00,0 days 02:30:00,A_short,0.0005442180485815404,0.0007133880296997923,75.29636413881093,65.30876852789183,1.1916723151053428,1.1919680171374167,1.1926865,1.1931715,1.1937006848946572,1.1943749828625834,1.0,1.0
-6025,20354,20354,1.1956905606501564,1.1966027003675737,1.1966027003675737,1.193271898897279,-12.702425246254634,7.206783448815912,-0.0017632374272317087,2021-06-25 13:00:00+00:00,2021-06-25 13:00:00+00:00,0 days 00:00:00,A_short,0.0007227280432476852,0.0007227280432476852,80.57732709879768,80.57732709879768,1.1932087084741716,1.1932087084741716,1.1945445,1.1945445,1.1958802915258282,1.1958802915258282,1.0,1.0
-6011,20355,20357,1.1965004865191367,1.1974672736518974,1.1974672736518974,1.1939981790443082,-13.00642755821904,7.195070103194043,-0.001808416325129249,2021-06-25 13:15:00+00:00,2021-06-25 13:45:00+00:00,0 days 00:30:00,A_short,0.0006956976374813078,0.0007565906699304219,77.89043263852919,82.28703978020697,1.1930849400232368,1.192872961988544,1.1946584999999998,1.194925,1.1962320599767629,1.196977038011456,1.0,1.0
-5996,20358,20362,1.197260416964106,1.1946562735882504,1.1982879088039167,1.1946562735882504,8.44347744335338,7.170966238275964,0.0011761727111550748,2021-06-25 14:00:00+00:00,2021-06-25 15:00:00+00:00,0 days 01:00:00,A_short,0.0008277119139397008,0.0008943261229438215,62.00650387641984,39.806880771050444,1.1929216945321475,1.193298208151103,1.195035,1.1953524999999998,1.1971483054678527,1.1974067918488966,1.0,1.0
-6019,20427,20444,1.1941307034210091,1.1921877507186283,1.194897416427124,1.1921877507186283,4.513006927897238,7.181625387733239,0.0006278990006395263,2021-06-28 07:15:00+00:00,2021-06-28 11:30:00+00:00,0 days 04:15:00,A_short,0.0005705785307006625,0.0008034966787224239,66.71571988285838,24.22410329687662,1.191641298514117,1.1920553576857718,1.192688,1.193488,1.193734701485883,1.1949206423142285,1.0,1.0
6039,20445,20457,1.1910689963941208,1.1938525880434006,1.1899958039855332,1.1938525880434006,9.60883924579144,7.201270724209096,0.0013358847068289622,2021-06-28 11:45:00+00:00,2021-06-28 14:45:00+00:00,0 days 03:00:00,A_long,0.0007750304548927794,0.0009905833593158236,22.844595622338673,52.785550970938026,1.1914952413487272,1.1904117358522737,1.19337,1.192371,1.1952447586512729,1.1943302641477265,1.0,1.0
6057,20542,20544,1.1891588215913458,1.1881628706448701,1.1881628706448701,1.1915513880653892,-13.232193627740351,7.19971874493738,-0.0018371068295740844,2021-06-29 12:00:00+00:00,2021-06-29 12:30:00+00:00,0 days 00:30:00,A_long,0.0007091489787047966,0.0007096274551160244,24.82818907842629,22.95118068244527,1.189158386776272,1.1886309553072525,1.1903849999999998,1.1901385000000002,1.1916116132237276,1.191646044692748,1.0,1.0
6080,20811,20832,1.1824982120696281,1.1817344665070946,1.1817344665070946,1.1843166004787162,-11.830840363077268,7.187267342873238,-0.0016455516650771154,2021-07-02 07:15:00+00:00,2021-07-02 12:30:00+00:00,0 days 05:15:00,A_long,0.000527551967098331,0.0011518331722015587,29.118452182029003,70.0274931790492,1.1829836950299533,1.1816595131691734,1.1841065,1.1827985,1.1852293049700466,1.1839374868308268,1.0,1.0
-6057,20833,20853,1.1847415627917193,1.1862221998066418,1.1862221998066418,1.1806934005800742,-16.148682154414807,7.1804637550291375,-0.002250380150367445,2021-07-02 12:45:00+00:00,2021-07-02 17:45:00+00:00,0 days 05:00:00,A_short,0.0012649220825746844,0.0007802731715035609,68.42381348752643,73.13359727190345,1.1815122965883593,1.1829228556861198,1.1829135000000002,1.1845955,1.184314703411641,1.18626814431388,1.0,1.0
-6034,20854,20916,1.1866213907345378,1.1876863278058043,1.1876863278058043,1.183941016582587,-13.589116674858492,7.163286386836212,-0.0018979018481560797,2021-07-02 18:00:00+00:00,2021-07-05 09:30:00+00:00,2 days 15:30:00,A_short,0.0007669034153030879,0.0005998215652425448,75.89893301882128,71.50367403151722,1.1826772485288612,1.18480901333625,1.1846955,1.1864305,1.1867137514711386,1.1880519866637498,0.0,1.0
6032,21008,21011,1.1849584372082806,1.1838152878365222,1.1838152878365222,1.1879141364904329,-14.039698565181865,7.144221554735125,-0.00196423449227841,2021-07-06 08:30:00+00:00,2021-07-06 09:15:00+00:00,0 days 00:45:00,A_long,0.00084140322917834,0.0008262408576310698,18.823633500381362,15.032973635080637,1.1851515147057872,1.1836687441512728,1.1876335,1.1871685,1.1901154852942128,1.1906682558487274,1.0,1.0
6033,21027,21037,1.1826182230520015,1.1815225630318704,1.1815225630318704,1.1854723109043885,-13.741547582672695,7.131430681222,-0.001926006524146703,2021-07-06 13:15:00+00:00,2021-07-06 15:45:00+00:00,0 days 02:30:00,A_long,0.0008278155880935414,0.0010501766749044094,35.93887624420853,37.36367652394482,1.1829598866981967,1.1815260334543756,1.1839970000000002,1.1832485,1.1850341133018036,1.1849709665456243,1.0,1.0
6037,21127,21128,1.1794679347647026,1.1782347690699118,1.1782347690699118,1.1826956927902643,-14.561346910976942,7.1167256115247834,-0.0020450043410373104,2021-07-07 14:15:00+00:00,2021-07-07 14:30:00+00:00,0 days 00:15:00,A_long,0.0009361112272859414,0.0009246297303144848,19.10609151118264,27.545969953219128,1.1792913252219204,1.1788845778298256,1.1816115,1.1814430000000002,1.1839316747780797,1.184001422170175,1.0,1.0
-6011,21198,21205,1.1818818245382827,1.1829561101607013,1.1829561101607013,1.179171669517896,-13.56505128909615,7.107520412737797,-0.0019094164432639919,2021-07-08 08:00:00+00:00,2021-07-08 09:45:00+00:00,0 days 01:45:00,A_short,0.0008059684493953966,0.0007435367586259196,66.13536934957435,80.46121175473166,1.1784423634096337,1.1786963644180617,1.179957,1.1809755,1.1814716365903661,1.1832546355819382,1.0,1.0
-5982,21302,21313,1.1854015023886662,1.1865078129347835,1.1865078129347835,1.1825165611956499,-13.712330449006231,7.094380762132438,-0.0019337458229637349,2021-07-09 10:00:00+00:00,2021-07-09 12:45:00+00:00,0 days 02:45:00,A_short,0.0007846426751213144,0.0006456784630866569,73.59176371832979,71.5537396711578,1.182109558296798,1.1830286384702184,1.1836705,1.185196,1.1852314417032022,1.1873633615297814,1.0,1.0
5972,21398,21401,1.1853884765617848,1.1843514581558037,1.1843514581558037,1.1880256255325892,-13.269117365586077,7.07604344506672,-0.0018743968051591691,2021-07-12 10:00:00+00:00,2021-07-12 10:45:00+00:00,0 days 00:45:00,A_long,0.0007420579985863213,0.0007058315327094009,28.309379892581163,20.98984668039249,1.1854493136705122,1.1846289592994352,1.1867455000000002,1.186484,1.1880416863294883,1.188339040700565,1.0,1.0
5980,21505,21505,1.1816381333626196,1.1801499157250048,1.1801499157250048,1.1855502528249855,-15.961287739708219,7.061746266771997,-0.002258823227516326,2021-07-13 12:45:00+00:00,2021-07-13 12:45:00+00:00,0 days 00:00:00,A_long,0.0012870608652742475,0.0012870608652742475,19.619398505405144,19.619398505405144,1.1816280504473793,1.1816280504473793,1.183977,1.183977,1.1863259495526208,1.1863259495526208,1.0,1.0
5975,21506,21526,1.180067989676569,1.1783855269616708,1.1783855269616708,1.1845634191149874,-17.098594602473106,7.045879880956741,-0.002425020844774868,2021-07-13 13:00:00+00:00,2021-07-13 18:00:00+00:00,0 days 05:00:00,A_long,0.001274119416571018,0.0007204521020227112,18.199819756236167,24.494960271231022,1.1806706556905082,1.1784741640354168,1.1837214999999999,1.180876,1.1867723443094915,1.1832778359645832,1.0,0.0
5970,21868,21872,1.1781578148737941,1.1774440571914104,1.1774440571914104,1.1799478284257685,-11.292604951945245,7.031471588114636,-0.0016055222776915918,2021-07-19 07:30:00+00:00,2021-07-19 08:30:00+00:00,0 days 01:00:00,A_long,0.0005654031395369331,0.0006939484260407827,27.964857350541436,23.143362667487708,1.1786976358662224,1.177330107473367,1.180119,1.1796155,1.1815403641337774,1.1819008925266328,1.0,1.0
-5943,21892,21959,1.1813318748741604,1.17777,1.182649293780037,1.1777721186598888,14.158151155946545,7.010071221188568,0.00201664239101063,2021-07-19 13:30:00+00:00,2021-07-20 06:15:00+00:00,0 days 16:45:00,A_short,0.0010259343966934227,0.0004367650353419814,81.3295916170608,37.178475629982316,1.1752221062045598,1.1778074300016472,1.1779950000000001,1.1790575,1.1807678937954404,1.180307569998353,1.0,0.0
5972,22159,22173,1.1782778258561675,1.1803223408170123,1.1774525530609958,1.1803223408170123,5.1670632484789705,7.042780097686115,0.0007343046423532958,2021-07-22 08:15:00+00:00,2021-07-22 11:45:00+00:00,0 days 03:30:00,A_long,0.0005914894559474454,0.000996229761602898,32.48333138656538,50.9650580602467,1.1786034654451045,1.1784173567305103,1.179497,1.179303,1.1803905345548955,1.1801886432694897,1.0,1.0
-5956,22179,22188,1.1819718163015027,1.1769318944622233,1.1837827018459255,1.1769318944622233,22.99295922409356,7.024815250654376,0.0032661269335314737,2021-07-22 13:15:00+00:00,2021-07-22 15:30:00+00:00,0 days 02:15:00,A_short,0.0013716179998351902,0.0013294442982837947,74.74238518620959,30.25329044618732,1.1772686356675413,1.1763771161142675,1.1795250000000002,1.1794429999999998,1.181781364332459,1.182508883885732,1.0,1.0
-5987,22348,22350,1.1796220313729795,1.1773066682821247,1.1805244439059586,1.1773066682821247,6.80661276253003,7.055466062417555,0.0009637822207372343,2021-07-26 07:30:00+00:00,2021-07-26 08:00:00+00:00,0 days 00:30:00,A_short,0.0006636539320811016,0.0008232778423186587,69.80193660197845,39.58246670712087,1.17675426044832,1.1767760117406252,1.1779775,1.1780110000000001,1.1792007395516797,1.179245988259375,1.0,1.0
-5988,22373,22442,1.1806919334468178,1.1776186689807897,1.1818604436730702,1.1776186689807897,11.341925678907824,7.060781943668257,0.0016042365592223663,2021-07-26 13:45:00+00:00,2021-07-27 07:00:00+00:00,0 days 17:15:00,A_short,0.0008605426527728473,0.0004746101157673228,68.53296538739414,10.127528992571015,1.178060206038494,1.1785596321359808,1.1792764999999998,1.1799445,1.1804927939615057,1.181329367864019,1.0,1.0
-5997,22463,22464,1.1808019233796423,1.181676128629469,1.181676128629469,1.1785716141115932,-12.32649932216023,7.08389043894932,-0.0017407189428929571,2021-07-27 12:15:00+00:00,2021-07-27 12:30:00+00:00,0 days 00:15:00,A_short,0.0006365373435053819,0.0006583323643713192,85.0257996976684,86.57111460035604,1.1766009234556103,1.1764586276583484,1.178639,1.1788124999999998,1.1806770765443897,1.1811663723416512,1.0,1.0
5965,23024,23024,1.185298468325005,1.1842773557388326,1.1842773557388326,1.1878879327835017,-13.158196471788305,7.0672598952703956,-0.001861050661207272,2021-08-04 08:30:00+00:00,2021-08-04 08:30:00+00:00,0 days 00:00:00,A_long,0.0007852430775096737,0.0007852430775096737,25.036534577866277,25.036534577866277,1.1854426672220164,1.1854426672220164,1.1869675000000002,1.1869675000000002,1.188492332777984,1.188492332777984,1.0,1.0
5956,23025,23040,1.184808423480314,1.1875268750790346,1.1837577083069886,1.1875268750790346,9.126283202870388,7.06481451910974,0.001293275705231786,2021-08-04 08:45:00+00:00,2021-08-04 12:30:00+00:00,0 days 03:45:00,A_long,0.0007778773338417036,0.0007708470676723908,31.719044914030007,75.47328030955399,1.1851368327594989,1.184292683255607,1.1868560000000001,1.1860114999999998,1.1885751672405014,1.1877303167443924,1.0,1.0
-5945,23041,23042,1.1883812296597294,1.1893950164812068,1.1893950164812068,1.1856949505563792,-13.094902545337423,7.067939891653933,-0.0018535086970184582,2021-08-04 12:45:00+00:00,2021-08-04 13:00:00+00:00,0 days 00:15:00,A_short,0.0007707341253160638,0.0007879695752739383,77.83675093956555,79.38569892980144,1.1840586107623388,1.1837973365596024,1.186073,1.1862295,1.188087389237661,1.1886616634403977,1.0,1.0
-5930,23043,23046,1.189111162850292,1.1863633095290136,1.1901455634903289,1.1863633095290136,9.25148838457603,7.0432818106046415,0.0013120018832798895,2021-08-04 13:15:00+00:00,2021-08-04 14:00:00+00:00,0 days 00:45:00,A_short,0.0007522402985707567,0.0011026583513955037,81.10735951878645,36.68937901495843,1.1836714366564385,1.1839141171519094,1.186448,1.1869155,1.1892245633435614,1.1899168828480906,1.0,1.0
5979,23216,23226,1.1811880921787197,1.1803852587515906,1.1803852587515906,1.183204223745228,-11.860064593410796,7.059923532606163,-0.0016793431255604932,2021-08-06 08:30:00+00:00,2021-08-06 11:00:00+00:00,0 days 02:30:00,A_long,0.0005876464571844791,0.0004895887775332504,31.519035762132503,26.267157022270553,1.181448801327819,1.179941763685952,1.182292,1.1815514999999999,1.1831351986721808,1.1831612363140478,1.0,1.0
5982,23233,23237,1.178567852396903,1.1774454556647036,1.1774454556647036,1.1815036330058895,-13.761013056428968,7.0468358044122645,-0.0019518633412168025,2021-08-06 12:45:00+00:00,2021-08-06 13:45:00+00:00,0 days 01:00:00,A_long,0.0009473931310473794,0.0009675870659920007,15.95895220277886,10.887903211401735,1.1789980680030046,1.1775206664847597,1.1806395,1.179966,1.1822809319969956,1.1824113335152404,1.0,1.0
6005,23415,23429,1.171867239214394,1.171082811475707,1.171082811475707,1.1737515655728792,-11.745196098012658,7.034707527197028,-0.0016690480786401383,2021-08-10 10:15:00+00:00,2021-08-10 13:45:00+00:00,0 days 03:30:00,A_long,0.0005511917119894343,0.0005278416196793585,30.961393297993496,38.15134598834936,1.1718562273591921,1.1712870204458874,1.1732019999999999,1.172094,1.1745477726408076,1.1729009795541125,1.0,1.0
-5981,23521,23538,1.1743425145974045,1.1754043078138336,1.1754043078138336,1.1715470765584988,-13.377503099883768,7.026917872420809,-0.001904611814553504,2021-08-11 12:45:00+00:00,2021-08-11 17:00:00+00:00,0 days 04:15:00,A_short,0.0009457778655465553,0.0006191282185944241,71.75759974349279,72.38520397899903,1.1699679419995843,1.1724446683311402,1.171649,1.1737544999999998,1.1733300580004156,1.1750643316688594,1.0,1.0
5958,23806,23811,1.176927702304468,1.1787108103823336,1.176176396539222,1.1787108103823336,3.606310798629478,7.017447129293982,0.0005142956702752911,2021-08-16 12:00:00+00:00,2021-08-16 13:15:00+00:00,0 days 01:15:00,A_long,0.0005176024994507321,0.0005455457775520132,34.470680041345275,52.29821857887083,1.1770095554945335,1.176853927857524,1.178129,1.1779264999999999,1.1792484445054665,1.1789990721424757,1.0,1.0
-5953,23888,23904,1.178222159500668,1.1760104996085252,1.179129833463825,1.1760104996085252,6.158637828088123,7.007373509838514,0.0008780547490523519,2021-08-17 08:30:00+00:00,2021-08-17 12:30:00+00:00,0 days 04:00:00,A_short,0.0006485463905402061,0.0007756635814055084,59.32035296712584,30.76070291422242,1.1759753370316137,1.1757413543949855,1.1770155,1.177018,1.1780556629683863,1.1782946456050143,1.0,1.0
5978,23906,23907,1.1744974799114087,1.1733433098753383,1.1733433098753383,1.1775300703739853,-13.917324596301643,7.017696120672587,-0.0019822012995203532,2021-08-17 13:00:00+00:00,2021-08-17 13:15:00+00:00,0 days 00:15:00,A_long,0.000877276201144584,0.0008496393743252993,19.04694324980295,18.25552625731501,1.1745527522623231,1.1740661878645984,1.1766660000000002,1.1764275,1.1787792477376773,1.1787888121354015,1.0,1.0
5971,23908,23911,1.173647402119598,1.1725604327508097,1.1725604327508097,1.1766387017475712,-13.494897592040367,7.004603491005602,-0.0019256833714639057,2021-08-17 13:30:00+00:00,2021-08-17 14:15:00+00:00,0 days 00:45:00,A_long,0.0008416874577485723,0.0008011340280514348,20.217027393701557,15.945942892974443,1.1736556013637125,1.1723768150774052,1.1762255,1.1755965,1.1787953986362874,1.1788161849225947,1.0,1.0
-5981,24080,24093,1.169232982263467,1.1701446195869933,1.1701446195869933,1.16688614123902,-12.448411550344495,6.995908718333802,-0.0017800781846080641,2021-08-19 08:30:00+00:00,2021-08-19 11:45:00+00:00,0 days 03:15:00,A_short,0.0006896697017174401,0.00062004690365426,67.89568772570718,69.99811769047159,1.1668144086412058,1.1675648676749633,1.1678419999999998,1.1689205,1.1688695913587939,1.1702761323250368,1.0,1.0
-5935,24393,24480,1.1762423407098272,1.172964162025759,1.177505279324747,1.172964162025759,12.484720193077639,6.971270296867853,0.0017883860832888269,2021-08-24 14:45:00+00:00,2021-08-25 12:30:00+00:00,0 days 21:45:00,A_short,0.0008959239567617589,0.000628027777800469,67.0956480872444,32.861220140936126,1.1728539966075313,1.173039221430474,1.1744385,1.1744645,1.1760230033924686,1.1758897785695261,1.0,1.0
-5938,24567,24576,1.1777122061757546,1.175749448048681,1.1785235173171063,1.175749448048681,4.667430107170586,6.987427651392349,0.0006674188276555204,2021-08-26 10:15:00+00:00,2021-08-26 12:30:00+00:00,0 days 02:15:00,A_short,0.0005848736179100721,0.0007586825794303399,59.07230858570087,36.0460930098431,1.1754945963938306,1.175625087840728,1.1765539999999999,1.1768275,1.1776134036061692,1.1780299121592719,1.0,1.0
5962,24675,24677,1.1737974158475646,1.176489776256695,1.1727967412477684,1.176489776256695,9.045646639572984,7.006206119662798,0.0012925712670638235,2021-08-27 13:15:00+00:00,2021-08-27 13:45:00+00:00,0 days 00:30:00,A_long,0.0007801313210561559,0.0010714764144821843,33.194596990403795,59.27584435588817,1.1743189672537846,1.1741519046367008,1.1755825000000002,1.1755925,1.1768460327462158,1.1770330953632993,1.0,1.0
-5940,24679,24829,1.179512041440155,1.1816543354710614,1.1816543354710614,1.1735169935868155,-19.737890683010196,7.012664139426312,-0.002817162608450305,2021-08-27 14:15:00+00:00,2021-08-31 03:45:00+00:00,3 days 13:30:00,A_short,0.0017252422846554879,0.00035118442034869947,68.6202876503112,88.98048832580065,1.1733704973743058,1.1790864681680542,1.175989,1.1804020000000002,1.1786075026256941,1.1817175318319462,1.0,0.0
5920,24874,24964,1.1804780271996778,1.184373358560897,1.1790222138130344,1.184373358560897,16.060401556567157,6.999960101851302,0.0022981416052060165,2021-08-31 15:00:00+00:00,2021-09-01 13:30:00+00:00,0 days 22:30:00,A_long,0.0010821789128085658,0.0006721335388504311,29.02724242886262,78.6955130755127,1.1807480657966323,1.1803020681712475,1.1828245000000002,1.182275,1.184900934203368,1.1842479318287524,1.0,1.0
-5890,25154,25346,1.189021171087072,1.1846073250302507,1.190610891656583,1.1846073250302507,19.007217353611757,6.990335921065515,0.0027140238435050526,2021-09-03 13:00:00+00:00,2021-09-07 13:00:00+00:00,4 days 00:00:00,A_short,0.0012506439741988614,0.000727232279565086,86.07833207619686,26.480207525621992,1.1859713948886472,1.185035052337446,1.187521,1.1865755,1.1890706051113529,1.188115947662554,1.0,1.0
5928,25347,25352,1.184718415243534,1.183747321264522,1.183747321264522,1.187238036206434,-12.776777550592783,7.020132443009878,-0.0018192735248594293,2021-09-07 13:15:00+00:00,2021-09-07 14:30:00+00:00,0 days 01:15:00,A_long,0.0007182679756230885,0.0009220737731332239,26.480207525621992,44.228198317715595,1.1847317058230464,1.1840493540760557,1.186491,1.185892,1.1882502941769535,1.1877346459239442,1.0,1.0
5930,25424,25429,1.182148180037706,1.1812953982918664,1.1812953982918664,1.184313805124401,-12.06460596257656,7.007610209747183,-0.001721022431333045,2021-09-08 08:30:00+00:00,2021-09-08 09:45:00+00:00,0 days 01:15:00,A_long,0.0006729901225410035,0.0006137400909545885,23.370581464343815,22.789680648172464,1.1822265624781656,1.1812396392603215,1.183589,1.1829844999999999,1.1849514375218344,1.1847293607396783,1.0,1.0
-5906,25615,25624,1.1848215554701371,1.1830233347163606,1.1855655550945465,1.1830233347163606,3.6280458110836253,6.992245960720728,0.0005184732720696901,2021-09-10 08:15:00+00:00,2021-09-10 10:30:00+00:00,0 days 02:15:00,A_short,0.0005150120127280601,0.00047657136396455084,78.20270388705406,35.50002356098,1.1819904476883418,1.1822015198843745,1.1833095,1.1837605,1.1846285523116582,1.1853194801156255,1.0,1.0
-5919,25804,25813,1.1827717430856808,1.1810120948678462,1.1835159683773846,1.1810120948678462,3.4197395329394524,6.995618268423463,0.0004884765824304236,2021-09-14 07:30:00+00:00,2021-09-14 09:45:00+00:00,0 days 02:15:00,A_short,0.00051342160588889,0.0005423342578492919,69.69266401735148,41.51724157098622,1.180643445518889,1.1806874244257923,1.1816140000000002,1.1818369999999998,1.1825845544811113,1.1829865755742073,1.0,1.0
-5916,25826,25850,1.1840416268555636,1.1806405827738635,1.1853064724087121,1.1806405827738635,13.12584681125368,6.994729976083846,0.0018738386612112063,2021-09-14 13:00:00+00:00,2021-09-14 19:00:00+00:00,0 days 06:00:00,A_short,0.000935785628514371,0.00048503328462996055,78.24415371617698,26.549564545855986,1.1794931128315467,1.180875309843192,1.18166,1.1819745,1.1838268871684532,1.183073690156808,1.0,0.0
-5940,25900,25904,1.1813018776197537,1.1820204684575863,1.1820204684575863,1.1796185946272406,-11.287496944575675,7.019067367849701,-0.0016086083048477409,2021-09-15 07:30:00+00:00,2021-09-15 08:30:00+00:00,0 days 01:00:00,A_short,0.0004856716638123562,0.0005390547830151919,69.81873012838737,80.8737649034949,1.1801474565227088,1.1797906553572017,1.1807225,1.18095,1.181297543477291,1.1821093446427982,1.0,1.0
-5925,25905,25936,1.182421775117603,1.1805994027811455,1.183186865739618,1.1805994027811455,3.7971058539852542,7.000450239525042,0.000541990820022163,2021-09-15 08:45:00+00:00,2021-09-15 16:30:00+00:00,0 days 07:45:00,A_short,0.000529847478613192,0.000677403430358704,81.47452342832227,33.3245930935274,1.1796964565020698,1.1806001282122804,1.18105,1.181692,1.18240354349793,1.1827838717877195,1.0,1.0
5947,25995,25997,1.178957888089616,1.1782198990137192,1.1782198990137192,1.1807803029588426,-11.397889184310928,7.0090681499517675,-0.001625654307766915,2021-09-16 07:15:00+00:00,2021-09-16 07:45:00+00:00,0 days 00:30:00,A_long,0.0005569618234250338,0.0006154068807059383,15.659697922674638,11.36695160887254,1.1790273849103923,1.1782965231613594,1.1807435,1.1803905000000001,1.1824596150896076,1.1824844768386409,1.0,1.0
5953,26116,26118,1.1757375933959326,1.1747860040995965,1.1747860040995965,1.1781619877012102,-12.66114456903423,6.996333487945443,-0.0018089504894887205,2021-09-17 13:30:00+00:00,2021-09-17 14:00:00+00:00,0 days 00:30:00,A_long,0.0007255525947357146,0.0007602595044903864,24.6593743140387,19.950487757222547,1.1760432968778232,1.1751402663909019,1.1777025,1.17743,1.179361703122177,1.179719733609098,1.0,1.0
5950,26120,26122,1.1742474570314643,1.17324413011533,1.17324413011533,1.17686760965401,-12.953582622760505,6.983787471761714,-0.0018540152645604511,2021-09-17 14:30:00+00:00,2021-09-17 15:00:00+00:00,0 days 00:30:00,A_long,0.0007569060278172216,0.0008470983053382858,27.667256636493406,21.68459574552044,1.1741991264110514,1.1732391412624108,1.1770835,1.176637,1.1799678735889485,1.180034858737589,1.0,1.0
-5943,26219,26300,1.1733726033715886,1.1743819979193924,1.1743819979193924,1.1708140062418226,-12.975184595334127,6.9763527977361495,-0.001860680777935278,2021-09-20 15:15:00+00:00,2021-09-21 11:30:00+00:00,0 days 20:15:00,A_short,0.0006908873862278298,0.0005644207058172546,81.06507522606401,68.39708910110883,1.169939313869576,1.1724322736059483,1.171572,1.173302,1.1732046861304242,1.1741717263940519,1.0,1.0
-5936,26480,26501,1.1726326710962238,1.1735860588554685,1.1735860588554685,1.170201823433594,-12.622886929373133,6.963577190496624,-0.001813438407982094,2021-09-23 08:30:00+00:00,2021-09-23 13:45:00+00:00,0 days 05:15:00,A_short,0.0007083758400606914,0.0007772594164714287,68.60158100949882,72.85993526092946,1.1700975943430862,1.1707665352317524,1.1713165,1.172246,1.172535405656914,1.1737254647682474,1.0,1.0
-5915,26503,26588,1.1745724935478556,1.1716593506206094,1.1756735497931303,1.1716593506206094,10.292259735533062,6.938980679128235,0.0014814130372712317,2021-09-23 14:15:00+00:00,2021-09-24 11:30:00+00:00,0 days 21:15:00,A_short,0.0008514526283718739,0.000636505470052562,73.55645924059172,22.894673971596845,1.1704027763867044,1.172138846561651,1.172422,1.173299,1.1744412236132957,1.1744591534383493,1.0,1.0
5940,26589,26594,1.171487204436879,1.170616193435937,1.170616193435937,1.1736714196921896,-12.129852437277751,6.956047091682263,-0.001743137007510053,2021-09-24 11:45:00+00:00,2021-09-24 13:00:00+00:00,0 days 01:15:00,A_long,0.000647638074045561,0.0006261874349650647,22.751202331459268,23.374434528763928,1.1717623063263378,1.1704169091982712,1.173192,1.17257,1.1746216936736622,1.1747230908017285,1.0,1.0
5936,26669,26669,1.1704471092563102,1.1696045274454252,1.1696045274454252,1.1725464176637241,-11.946838887144317,6.945273257730752,-0.0017195203553577623,2021-09-27 07:45:00+00:00,2021-09-27 07:45:00+00:00,0 days 00:00:00,A_long,0.000656507956081774,0.000656507956081774,19.90153067668679,19.90153067668679,1.1702096778683329,1.1702096778683329,1.171762,1.171762,1.173314322131667,1.173314322131667,1.0,1.0
5930,26670,26672,1.1695470268885106,1.1686521904527019,1.1686521904527019,1.1718034286418946,-12.239140743762807,6.932760679416695,-0.00176473112840139,2021-09-27 08:00:00+00:00,2021-09-27 08:30:00+00:00,0 days 00:30:00,A_long,0.0006369735619375389,0.0006799490309664139,19.024672501472054,22.420880990322246,1.169742672019998,1.1690476245624049,1.171621,1.1713155,1.1734993279800021,1.173583375437595,1.0,1.0
5937,26859,26875,1.1660767093148827,1.16513343476838,1.16513343476838,1.1685196956948602,-12.520418295298178,6.920197312711165,-0.0018085256327462487,2021-09-29 07:15:00+00:00,2021-09-29 11:15:00+00:00,0 days 04:00:00,A_long,0.0007754082228367148,0.0007675163836924269,33.54851451835749,17.254156814052223,1.166895509571115,1.1648873347887179,1.1682015,1.1663855,1.1695074904288847,1.1678836652112823,1.0,1.0
5951,26889,26901,1.1612262654439622,1.159950821899524,1.159950821899524,1.1645875343014283,-14.496826956342296,6.906662423390544,-0.0020978100139498433,2021-09-29 14:45:00+00:00,2021-09-29 17:45:00+00:00,0 days 03:00:00,A_long,0.0009718508503438633,0.0006637317542744592,19.305493969049962,19.627016495689887,1.161288483743559,1.1588134294809287,1.164295,1.1615060000000001,1.167301516256441,1.1641985705190716,1.0,1.0
5955,26968,26968,1.158185987223839,1.1572473303103115,1.1572473303103115,1.1605780090690656,-12.483904623013945,6.894202702957933,-0.0018100491591333792,2021-09-30 10:30:00+00:00,2021-09-30 10:30:00+00:00,0 days 00:00:00,A_long,0.0007800392203305953,0.0007800392203305953,18.669111297684537,18.669111297684537,1.1581317009578602,1.1581317009578602,1.159849,1.159849,1.1615662990421396,1.1615662990421396,1.0,1.0
5949,26969,27068,1.157215898449655,1.1599281411931899,1.1561839529356033,1.1599281411931899,9.242787135371337,6.8923449459176425,0.0013425936558553856,2021-09-30 10:45:00+00:00,2021-10-01 11:30:00+00:00,1 days 00:45:00,A_long,0.000744033990953184,0.0006266187145515011,18.52806196775188,76.57891875506701,1.1576334842482379,1.1571860974508084,1.1597285,1.158361,1.161823515751762,1.1595359025491916,1.0,1.0
-5943,27069,27072,1.1597738480405615,1.1606419424574619,1.1606419424574619,1.1576341726276147,-12.05420064110389,6.895115521464877,-0.00174887743466205,2021-10-01 11:45:00+00:00,2021-10-01 12:30:00+00:00,0 days 00:45:00,A_short,0.0006044028859446217,0.0006267298193838271,73.5267889167712,80.98638290664263,1.1570926692372177,1.1567621911396666,1.1584109999999999,1.1586645,1.159729330762782,1.1605668088603334,1.0,1.0
-5918,27163,27166,1.1625935899547892,1.163382729135738,1.163382729135738,1.1606918125927859,-11.552689601043244,6.88256392818887,-0.0016791141438942676,2021-10-04 11:15:00+00:00,2021-10-04 12:00:00+00:00,0 days 00:45:00,A_short,0.0005338599313663045,0.0005066460056923654,78.16029893100482,84.11728613879365,1.1599479244162756,1.1598025631531674,1.1612494999999998,1.1616235,1.162551075583724,1.1634444368468324,1.0,1.0
5944,27342,27346,1.1557157611699889,1.1546669476329359,1.1546669476329359,1.1584391571011925,-13.100605074805294,6.866457410562292,-0.0019070475332301337,2021-10-06 08:00:00+00:00,2021-10-06 09:00:00+00:00,0 days 01:00:00,A_long,0.0007704267095462694,0.0007259468099032353,20.777694982679165,16.504395601248945,1.1559829191227478,1.1546056351600968,1.1580540000000001,1.15727,1.1601250808772525,1.1599343648399032,1.0,1.0
-5931,27539,27540,1.1559741958157157,1.156706085899906,1.156706085899906,1.1542017423002817,-11.199093464760878,6.858253375427676,-0.0016334536115798696,2021-10-08 09:15:00+00:00,2021-10-08 09:30:00+00:00,0 days 00:15:00,A_short,0.0005001731499322191,0.000570816729941268,69.04188432720188,76.36790560437927,1.1540781543959815,1.1538872282456436,1.1549565,1.155035,1.1558348456040184,1.1561827717543565,1.0,1.0
-5918,27541,27552,1.156554142734245,1.1573349800759294,1.1573349800759294,1.1545950597722117,-11.467793302483805,6.846797914395306,-0.0016754787618574053,2021-10-08 09:45:00+00:00,2021-10-08 12:30:00+00:00,0 days 02:45:00,A_short,0.0005493744992824352,0.0007601786926305009,77.0033622388158,73.05960715316965,1.1537745431422428,1.1545400567251134,1.1551305,1.1560495,1.1564864568577573,1.1575589432748865,1.0,1.0
5913,27635,27654,1.155925780389142,1.1582918669469517,1.1550093776843493,1.1582918669469517,7.1486853419794585,6.841984474349161,0.0010458956402328269,2021-10-11 09:15:00+00:00,2021-10-11 14:00:00+00:00,0 days 04:45:00,A_long,0.000634005005747726,0.0006229770735450551,28.097191801783524,67.61578923465731,1.1559392413909266,1.1551698314560006,1.1573295,1.1566494999999999,1.1587197586090732,1.1581291685439992,1.0,1.0
5931,27745,27761,1.1535255607416761,1.152622113966477,1.152622113966477,1.1558136581005687,-12.19722375305323,6.838880929347028,-0.0017828132141527423,2021-10-12 12:45:00+00:00,2021-10-12 16:45:00+00:00,0 days 04:00:00,A_long,0.0006909176908776256,0.0007162606600310816,35.591697253619316,33.63122549641513,1.1540283212942237,1.1528878255160921,1.155505,1.15408,1.1569816787057763,1.1552721744839078,1.0,1.0
-5876,28145,28179,1.1620236421210624,1.162945019197715,1.162945019197715,1.1597249424068545,-12.244769629366072,6.830757926954568,-0.0017933037950144124,2021-10-18 16:45:00+00:00,2021-10-19 01:15:00+00:00,0 days 08:30:00,A_short,0.000633402753905425,0.0003417528185073185,72.85947027235481,83.9640180609855,1.159331118641386,1.160158201783477,1.1606765,1.161459,1.1620218813586143,1.162759798216523,1.0,0.0
5860,28233,28300,1.163456469533066,1.1623895714324906,1.1623895714324906,1.1661912857025285,-13.066751769401366,6.814728900029081,-0.0019165488176391954,2021-10-19 14:45:00+00:00,2021-10-20 07:30:00+00:00,0 days 16:45:00,A_long,0.0008584206320901093,0.0005663305611856448,43.128024311009455,13.188545847287273,1.1636975857073768,1.1624707265544503,1.1652434999999999,1.1641435,1.166789414292623,1.1658162734455497,1.0,1.0
5856,28301,28320,1.1619363304230041,1.1638687900202682,1.1611504033265772,1.1638687900202682,4.506526008920487,6.809957392657902,0.0006623056848238497,2021-10-20 07:45:00+00:00,2021-10-20 12:30:00+00:00,0 days 04:45:00,A_long,0.0005948198196942259,0.0006210458499732141,29.70255654168463,63.233980824481336,1.162250528751558,1.1618967174926762,1.1640765,1.1627725,1.1659024712484418,1.1636482825073238,1.0,1.0
5856,28438,28448,1.1627764072996174,1.1619488678823935,1.1619488678823935,1.1647933963528196,-11.652866432996147,6.806795605732928,-0.0017113367989949045,2021-10-21 18:00:00+00:00,2021-10-21 20:30:00+00:00,0 days 02:30:00,A_long,0.0005442620849380122,0.0003702190670972368,28.451538801615754,34.15088618134422,1.162743176665672,1.1614759419896166,1.163878,1.1628615,1.165012823334328,1.1642470580103834,0.0,0.0
5844,28596,28598,1.1631764439075283,1.162159119211791,1.162159119211791,1.1658426423646264,-12.739876037323032,6.794630515434651,-0.001874171789426424,2021-10-25 09:30:00+00:00,2021-10-25 10:00:00+00:00,0 days 00:30:00,A_long,0.0007730805692618936,0.0007396027386900497,25.30491163940441,22.97488031966013,1.1632518027627496,1.1624283710663115,1.165105,1.164762,1.1669581972372505,1.1670956289336887,1.0,1.0
5852,28714,28799,1.1594261007083628,1.1620111300567864,1.1584229566477378,1.1620111300567864,8.335066409755663,6.792525337218827,0.001228461850367937,2021-10-26 15:00:00+00:00,2021-10-27 12:15:00+00:00,0 days 21:15:00,A_long,0.0007091979766338708,0.000638850118345117,28.108124170354998,78.25718251234824,1.1595548318158073,1.1581781390353212,1.1612755,1.159951,1.1629961681841925,1.1617238609646787,1.0,1.0
-5845,28800,28809,1.1619636476122488,1.1597601395739574,1.1628266201420143,1.1597601395739574,6.094266715761491,6.7852377680516875,0.0008973139106725064,2021-10-27 12:30:00+00:00,2021-10-27 14:45:00+00:00,0 days 02:15:00,A_short,0.0006363367692324434,0.0009847110515086395,77.52370567557374,31.850315265502957,1.1580508183234577,1.1586542692427264,1.1600125000000001,1.1608775,1.1619741816765425,1.1631007307572736,1.0,1.0
-5846,28898,28899,1.1629135606684604,1.1646897150254765,1.1646897150254765,1.1578508549235702,-17.186982745969253,6.8035843748533775,-0.002528095031562843,2021-10-28 13:00:00+00:00,2021-10-28 13:15:00+00:00,0 days 00:15:00,A_short,0.0014921275183996674,0.0014651771826130469,76.86130726322989,74.35203954387374,1.1572512679900349,1.1570179090189092,1.160074,1.1602754999999998,1.1628967320099652,1.1635330909810904,1.0,1.0
-5808,28903,28998,1.167413148829462,1.161798032778452,1.1694539890738493,1.161798032778452,25.84856475287576,6.764029271389383,0.003812283992747777,2021-10-28 14:15:00+00:00,2021-10-29 14:00:00+00:00,0 days 23:45:00,A_short,0.0015236587755577482,0.0009333117990957435,85.416353994322,18.678120990599623,1.1561919355743435,1.1614190520741772,1.161741,1.1641195,1.1672900644256563,1.1668199479258228,1.0,1.0
5865,28999,28999,1.1608062270056558,1.159590025841085,1.159590025841085,1.1640699224767448,-13.937581841681306,6.804562011473067,-0.0020471972287091455,2021-10-29 14:15:00+00:00,2021-10-29 14:15:00+00:00,0 days 00:00:00,A_long,0.000982203559216292,0.000982203559216292,14.939953020179075,14.939953020179075,1.1605200968191676,1.1605200968191676,1.163851,1.163851,1.1671819031808324,1.1671819031808324,1.0,1.0
5859,29000,29001,1.1596361199275163,1.1583513557289404,1.1583513557289404,1.1630659328131785,-14.317977749391297,6.79054430993559,-0.0021073489299012114,2021-10-29 14:30:00+00:00,2021-10-29 14:45:00+00:00,0 days 00:15:00,A_long,0.0009432430846541008,0.0012548106733669103,18.19637115274105,11.84763436348048,1.1598567805858455,1.1585901168098978,1.1635849999999999,1.1631755000000001,1.1673132194141542,1.1677608831901025,1.0,1.0
5859,29002,29003,1.1572359002800505,1.1556042271919598,1.1556042271919598,1.161627318424121,-16.335437776553,6.775465153429254,-0.0024092694939312747,2021-10-29 15:00:00+00:00,2021-10-29 15:15:00+00:00,0 days 00:15:00,A_long,0.0012461692502513254,0.0014213466835511644,11.795168494481032,9.480359443494876,1.1575786484599488,1.156365268715444,1.162766,1.1622845,1.167953351540051,1.168203731284556,1.0,1.0
5852,29004,29007,1.1556957593395931,1.1538943839797386,1.1538943839797386,1.160716848060784,-17.299509365220743,6.757860759352365,-0.002557914059668639,2021-10-29 15:30:00+00:00,2021-10-29 16:15:00+00:00,0 days 00:45:00,A_long,0.0013891671257443372,0.0012174459778549033,11.06205295575593,8.532375321977653,1.1554199012984927,1.1526879639947392,1.1617965,1.160173,1.168173098701507,1.1676580360052606,1.0,1.0
-5819,29101,29110,1.1591639038676258,1.1601142117804468,1.1601142117804468,1.1567773646586599,-12.277781422183608,6.747939677478067,-0.0018202317753384146,2021-11-01 15:45:00+00:00,2021-11-01 18:00:00+00:00,0 days 02:15:00,A_short,0.0006811529525447684,0.0005749388528067044,70.79099071217975,74.41398561915877,1.1563464543762372,1.1567097149848005,1.1576834999999999,1.1584794999999999,1.1590205456237626,1.1602492850151993,1.0,0.0
5819,29284,29286,1.1572859048560393,1.1563641776358637,1.1563641776358637,1.1596274670924092,-12.095095609211912,6.731564915010193,-0.0017960577007806267,2021-11-03 13:30:00+00:00,2021-11-03 14:00:00+00:00,0 days 00:30:00,A_long,0.0006825383740984414,0.000724039934322801,33.50168630454196,23.194341578246522,1.1574704731821337,1.1568175779281322,1.1585705000000002,1.1583895,1.1596705268178666,1.1599614220718677,1.0,1.0
5813,29287,29302,1.1564758307250196,1.158986543763562,1.1555111520788126,1.158986543763562,7.86488350159617,6.729891391451062,0.0011699179657302847,2021-11-03 14:15:00+00:00,2021-11-03 18:00:00+00:00,0 days 03:45:00,A_long,0.000732834609746407,0.0009763515502731353,36.332327131350496,57.79973500164583,1.156637195399926,1.1566726203766744,1.1582849999999998,1.15782,1.1599328046000736,1.1589673796233257,1.0,0.0
5824,29359,29366,1.1555457456116267,1.1545769518068374,1.1545769518068374,1.1580691445794882,-12.369332413975533,6.727077294882568,-0.0018379671783348007,2021-11-04 08:15:00+00:00,2021-11-04 10:00:00+00:00,0 days 01:45:00,A_long,0.0007252014728396704,0.0006663216300943717,11.75519616003237,16.221038578580774,1.1558889336981897,1.1537923355803101,1.1582475,1.1567839999999998,1.1606060663018105,1.1597756644196895,1.0,1.0
5827,29388,29451,1.152955508575403,1.1561691253103765,1.1517169582298745,1.1561691253103765,11.99811009386405,6.727634620826219,0.001785892345988987,2021-11-04 15:30:00+00:00,2021-11-05 07:15:00+00:00,0 days 15:45:00,A_long,0.0009438635006462308,0.0004018793812228355,39.181258517138936,67.26670063985975,1.1532172663073106,1.1540497520611994,1.1550894999999999,1.1551565,1.1569617336926892,1.1562632479388004,1.0,1.0
5829,29459,29462,1.1544556458550692,1.1536449167732614,1.1536449167732614,1.1564252496802154,-11.452698907637894,6.726959089780269,-0.0017019097876788956,2021-11-05 09:15:00+00:00,2021-11-05 10:00:00+00:00,0 days 00:45:00,A_long,0.000612671219311153,0.0006041418278004862,24.816384025615875,27.836805991769992,1.1543901712722069,1.1538359902265458,1.1554155,1.1552045,1.156440828727793,1.1565730097734541,1.0,1.0
-5795,29576,29632,1.1591639038676258,1.1602950126293299,1.1602950126293299,1.1562349621120107,-13.275407484625076,6.72063221054993,-0.0019762849863673828,2021-11-08 15:30:00+00:00,2021-11-09 05:30:00+00:00,0 days 14:00:00,A_short,0.0008463980100715142,0.0003695234389326365,62.60927127823092,83.67397030206345,1.1559966573155394,1.1573575284855284,1.1574745,1.1588495,1.1589523426844606,1.1603414715144718,1.0,0.0
5792,29659,29668,1.157695942379148,1.1600207967450613,1.1567530677516462,1.1600207967450613,6.75344881086637,6.7121076765037095,0.0010071694593271172,2021-11-09 12:15:00+00:00,2021-11-09 14:30:00+00:00,0 days 02:15:00,A_long,0.0006540066238110677,0.0008521724668153427,33.23707461457053,66.07886762922016,1.1577476406268479,1.1569893743716966,1.1588720000000001,1.158668,1.1599963593731524,1.1603466256283035,1.0,1.0
5828,29769,29778,1.1516453886844946,1.1499027514476623,1.1499027514476623,1.1564517456570131,-16.86280109660388,6.706711280345106,-0.00251241513692292,2021-11-10 15:45:00+00:00,2021-11-10 18:00:00+00:00,0 days 02:15:00,A_long,0.001291790621132842,0.0013373349656092496,23.355332786305013,21.98826261206601,1.1523247236886227,1.1488605134668568,1.155003,1.1532045,1.1576812763113773,1.1575484865331431,1.0,0.0
5842,29834,29873,1.1461148825801255,1.1453414295400925,1.1453414295400925,1.1480157113797222,-11.211856547575689,6.693343887703158,-0.0016745103176503957,2021-11-11 08:00:00+00:00,2021-11-11 17:45:00+00:00,0 days 09:45:00,A_long,0.000589523109933163,0.0006682906411658207,20.147215514309636,30.52825371497073,1.1462838948236982,1.145235592484116,1.1475579999999999,1.1463925,1.1488321051763015,1.1475494075158839,1.0,1.0
5844,30029,30056,1.1438246729998351,1.142962604120365,1.142962604120365,1.1459121876389045,-11.719922955368173,6.681992423745225,-0.0017532953829108302,2021-11-15 08:45:00+00:00,2021-11-15 15:30:00+00:00,0 days 06:45:00,A_long,0.0006912303575139789,0.0009289467473587159,44.61640258271482,24.704502053758162,1.1444368484363379,1.1429300484503444,1.1454529999999998,1.1442845,1.1464691515636618,1.1456389515496554,1.0,1.0
5841,30057,30062,1.1422545293137847,1.1410452639031696,1.1410452639031696,1.1455042082904914,-13.731696309492662,6.668377046090115,-0.0020581361219340474,2021-11-15 15:45:00+00:00,2021-11-15 17:00:00+00:00,0 days 01:15:00,A_long,0.0009237538477108948,0.0009000969973703184,23.75207099251766,26.94677369600754,1.142489426977962,1.1409289020695061,1.1441465000000002,1.1433835,1.1458035730220384,1.145838097930494,1.0,1.0
5846,30064,30075,1.1389942309593102,1.1374726991227349,1.1374726991227349,1.1431819026317955,-15.548987953249194,6.6541128366298175,-0.0023351876851704,2021-11-15 17:30:00+00:00,2021-11-15 20:15:00+00:00,0 days 02:45:00,A_long,0.001154828411358178,0.0007748815103098719,16.08222576653955,19.176950884444793,1.1392086236090957,1.1362840961091831,1.1427530000000001,1.1396305,1.1462973763909046,1.1429769038908169,1.0,0.0
5861,30147,30160,1.1335637340069187,1.1320862541762515,1.1320862541762515,1.1376612374712456,-15.298996577910946,6.639487290370781,-0.002302742004220485,2021-11-16 14:15:00+00:00,2021-11-16 17:30:00+00:00,0 days 03:15:00,A_long,0.0011399275393738845,0.0008961501371697033,29.9988176332958,29.666792313354136,1.134275587708511,1.1318561937330693,1.136181,1.1346415,1.1380864122914893,1.1374268062669308,1.0,1.0
-5829,30351,30410,1.1368659447586624,1.133769494638705,1.1380501684537652,1.133769494638705,11.431440761108739,6.617766988123627,0.0017250339930581517,2021-11-18 17:15:00+00:00,2021-11-19 08:00:00+00:00,0 days 14:45:00,A_short,0.0008542327721637361,0.0005198408810482969,80.08921355853039,26.04613597662491,1.1326109925658117,1.1345790335869441,1.1346960000000001,1.1354015,1.1367810074341886,1.1362239664130558,1.0,1.0
5854,30411,30411,1.1342837999011586,1.133556190942742,1.133556190942742,1.1360514271717737,-10.89739049577031,6.637967653200097,-0.0016411492026957304,2021-11-19 08:15:00+00:00,2021-11-19 08:15:00+00:00,0 days 00:00:00,A_long,0.0005891954302418479,0.0005891954302418479,21.121769435077738,21.121769435077738,1.1341775110227137,1.1341775110227137,1.1353115,1.1353115,1.1364454889772864,1.1364454889772864,1.0,1.0
5847,30412,30412,1.1337037468196876,1.1329029654837097,1.1329029654837097,1.1357311035488709,-11.30859319488135,6.626424723418982,-0.001705987739350023,2021-11-19 08:30:00+00:00,2021-11-19 08:30:00+00:00,0 days 00:00:00,A_long,0.0006386360395429445,0.0006386360395429445,17.874825542388137,17.874825542388137,1.1337148884498924,1.1337148884498924,1.1351885,1.1351885,1.1366621115501074,1.1366621115501074,1.0,1.0
5840,30413,30413,1.1332137019749968,1.1323536367525484,1.1323536367525484,1.1354190897423544,-11.63823752818317,6.6154566290844325,-0.0017585817117627852,2021-11-19 08:45:00+00:00,2021-11-19 08:45:00+00:00,0 days 00:00:00,A_long,0.0006668179009372209,0.0006668179009372209,14.113770224727844,14.113770224727844,1.1331200605216043,1.1331200605216043,1.1350305,1.1350305,1.1369409394783958,1.1369409394783958,1.0,1.0
5833,30414,30414,1.1324336305895704,1.1315598185188753,1.1315598185188753,1.1347605444433742,-11.699882702688921,6.602936894324782,-0.0017712373962303872,2021-11-19 09:00:00+00:00,2021-11-19 09:00:00+00:00,0 days 00:00:00,A_long,0.000747242180812272,0.000747242180812272,12.28860268325208,12.28860268325208,1.1325127287412795,1.1325127287412795,1.1348515000000001,1.1348515000000001,1.1371902712587207,1.1371902712587207,1.0,1.0
5826,30415,30415,1.1319935903208682,1.1309833093830253,1.1309833093830253,1.1345700718509242,-12.477948452710436,6.592051708837442,-0.0018920331404772598,2021-11-19 09:15:00+00:00,2021-11-19 09:15:00+00:00,0 days 00:00:00,A_long,0.0009516098900372808,0.0009516098900372808,9.622874875830945,9.622874875830945,1.131760434321568,1.131760434321568,1.1346209999999999,1.1346209999999999,1.1374815656784318,1.1374815656784318,1.0,1.0
5819,30416,30416,1.1310535042922774,1.1298180681319552,1.1298180681319552,1.1343857956041343,-13.767008856883063,6.578005839968305,-0.002091741847362619,2021-11-19 09:30:00+00:00,2021-11-19 09:30:00+00:00,0 days 00:00:00,A_long,0.0012300619046989676,0.0012300619046989676,7.778090357812246,7.778090357812246,1.1309015064231982,1.1309015064231982,1.1343459999999999,1.1343459999999999,1.1377904935768015,1.1377904935768015,1.0,1.0
5812,30417,30418,1.130183424670071,1.1285839257143613,1.1285839257143613,1.1344882228569164,-15.860265850802321,6.563977920217161,-0.0024145484452655222,2021-11-19 09:45:00+00:00,2021-11-19 10:00:00+00:00,0 days 00:15:00,A_long,0.001235386984072423,0.0013133353861961205,7.492686068386817,5.630867919098208,1.1301579954104268,1.1292090997745843,1.1340800000000002,1.1337355,1.1380020045895736,1.1382619002254157,1.0,1.0
5821,30430,30434,1.1258230256438415,1.1304524559544062,1.1241425146818647,1.1304524559544062,20.381024048605596,6.5668897891917,0.0031099848644180715,2021-11-19 13:00:00+00:00,2021-11-19 14:00:00+00:00,0 days 01:00:00,A_long,0.0014219616186534126,0.0015448111761058902,30.64963746299604,59.77182024018458,1.126310684391232,1.1268538614395744,1.129934,1.12925,1.133557315608768,1.1316461385604257,1.0,1.0
5841,30531,30531,1.1253629835447438,1.1240600124056932,1.1240600124056932,1.1287799627829205,-14.180094282868076,6.569439859673252,-0.0021572440825972346,2021-11-22 14:15:00+00:00,2021-11-22 14:15:00+00:00,0 days 00:00:00,A_long,0.0010735465958882882,0.0010735465958882882,20.896494269519692,20.896494269519692,1.1256129550276979,1.1256129550276979,1.1277115,1.1277115,1.129810044972302,1.129810044972302,1.0,1.0
5833,30532,30579,1.1244529002617465,1.123041744084934,1.123041744084934,1.128194767745198,-14.786092109583956,6.554818130237095,-0.0022543438666001196,2021-11-22 14:30:00+00:00,2021-11-23 02:15:00+00:00,0 days 11:45:00,A_long,0.001059740383103172,0.0004166548081862738,19.96428101809377,27.373672335869202,1.1249003085533311,1.1232106004567215,1.127501,1.1238775,1.130101691446669,1.1245443995432787,1.0,0.0
-5814,30600,30600,1.1254069935753115,1.126338499795322,1.126338499795322,1.123064500614034,-11.961601312370012,6.545824149228432,-0.001828119940999993,2021-11-23 07:30:00+00:00,2021-11-23 07:30:00+00:00,0 days 00:00:00,A_short,0.0008178054077325298,0.0008178054077325298,65.75000363866776,65.75000363866776,1.1227610272229747,1.1227610272229747,1.1238125,1.1238125,1.1248639727770255,1.1248639727770255,1.0,1.0
-5798,30605,30701,1.126486894733952,1.1229260646933152,1.1278379784355614,1.1229260646933152,14.124644406231798,6.521048169379647,0.002162584910939825,2021-11-23 08:45:00+00:00,2021-11-24 08:45:00+00:00,1 days 00:00:00,A_short,0.0009975399812388486,0.0009228765352100067,72.97702705529231,27.920259364173333,1.1221911490865297,1.1229659798468696,1.124314,1.1241755,1.1264368509134703,1.1253850201531304,1.0,1.0
5833,30702,30705,1.1222927025790272,1.121092548157748,1.121092548157748,1.1255223555267562,-13.543333823095303,6.542833083773806,-0.0020688426836528613,2021-11-24 09:00:00+00:00,2021-11-24 09:45:00+00:00,0 days 00:45:00,A_long,0.0009558263305153546,0.00109146383648657,40.419575638123916,26.36297765342198,1.1228775412091323,1.1217556310240413,1.1241515,1.123863,1.1254254587908676,1.1259703689759588,1.0,1.0
5829,30706,30720,1.1209125762817345,1.1194602433962162,1.1194602433962162,1.1246992698113516,-14.995214972637385,6.529566582951387,-0.0022950222432963634,2021-11-24 10:00:00+00:00,2021-11-24 13:30:00+00:00,0 days 03:30:00,A_long,0.0010486019916216857,0.0009182789669248531,28.78504744238512,44.90383724888133,1.1212518203509922,1.1200033522489674,1.12369,1.1214755,1.126128179649008,1.1229476477510327,1.0,1.0
-5800,30887,30891,1.123687150989329,1.1245428651355294,1.1245428651355294,1.1214114045934123,-11.483009094724688,6.519867046762089,-0.0017619042386662806,2021-11-26 07:15:00+00:00,2021-11-26 08:15:00+00:00,0 days 01:00:00,A_short,0.0006534025978822811,0.0011903461056417832,71.35947710210948,84.87409760986131,1.1213329594598314,1.1205650844682542,1.122406,1.1228440000000002,1.1234790405401687,1.1251229155317461,1.0,1.0
-5773,30892,30901,1.1268568608716343,1.12838841532677,1.12838841532677,1.1226747540196897,-15.351429359245396,6.5097654897466946,-0.0023598179907055685,2021-11-26 08:30:00+00:00,2021-11-26 10:45:00+00:00,0 days 02:15:00,A_short,0.0012476332915562062,0.0012593417206917252,75.37107281513921,69.89546936866776,1.1203674163891049,1.1211760224535208,1.1230585,1.1250784999999999,1.125749583610895,1.128980977546479,1.0,1.0
-5736,30922,30972,1.1315464316438781,1.1276198947529403,1.1330200350823532,1.1276198947529403,16.04332658231317,6.479289024106075,0.002471797576769392,2021-11-26 16:00:00+00:00,2021-11-29 04:30:00+00:00,2 days 12:30:00,A_short,0.001097692003921685,0.00040091188756198707,77.4076595083384,33.48961718444332,1.127060978477526,1.1274113573547255,1.129268,1.1283850000000002,1.1314750215224738,1.1293586426452749,1.0,0.0
5776,30983,30991,1.126723108011641,1.1289248686832072,1.1258250437722643,1.1289248686832072,6.203058282270942,6.514311356694722,0.0009531504906416068,2021-11-29 07:15:00+00:00,2021-11-29 09:15:00+00:00,0 days 02:00:00,A_long,0.0006410239422536123,0.0007646828725173636,32.89412933158323,66.52994623236205,1.126876837589305,1.1261590567009963,1.1277905000000001,1.1274575,1.1287041624106953,1.1287559432990038,1.0,1.0
5783,31010,31041,1.1263330723189282,1.1292822845327257,1.1252125718224248,1.1292822845327257,10.533182428054467,6.522111804336557,0.0016171100539751492,2021-11-29 14:00:00+00:00,2021-11-29 21:45:00+00:00,0 days 07:45:00,A_long,0.0008668092393599328,0.00047618731545699374,34.20094669048561,74.27905828766961,1.1267876134988128,1.125957843611431,1.1283954999999999,1.1274510000000002,1.130003386501187,1.1289441563885694,1.0,0.0
5762,31113,31113,1.132363624183186,1.1303752649563372,1.1303752649563372,1.1379142051309885,-17.975876604713825,6.5189507396109665,-0.0027550590682996804,2021-11-30 15:45:00+00:00,2021-11-30 15:45:00+00:00,0 days 00:00:00,A_long,0.002361197531534202,0.002361197531534202,14.07014143220799,14.07014143220799,1.1303805440682022,1.1303805440682022,1.135421,1.135421,1.1404614559317978,1.1404614559317978,1.0,1.0
5778,31114,31134,1.1260130430325992,1.1344303111135234,1.123096562962159,1.1344303111135234,42.10455412145214,6.530420850128149,0.006471547065054954,2021-11-30 16:00:00+00:00,2021-11-30 21:00:00+00:00,0 days 05:00:00,A_long,0.002645037860662959,0.0009291832024518786,26.24215040833427,66.5835871104255,1.129038889967533,1.127311622761281,1.1350190000000002,1.131133,1.1409991100324675,1.134954377238719,1.0,0.0
5791,31181,31204,1.130713473175553,1.135106755488141,1.1290844148372863,1.135106755488141,18.880815400101756,6.560682472095727,0.0028834645342109035,2021-12-01 08:45:00+00:00,2021-12-01 14:30:00+00:00,0 days 05:45:00,A_long,0.0011953670619598371,0.0009976158160293167,31.886461381308422,71.3110515675208,1.1312066874189124,1.1310006445597054,1.13292,1.1328,1.1346333125810875,1.1345993554402947,1.0,1.0
5805,31307,31310,1.1312735244266285,1.130111949198484,1.130111949198484,1.134304152404548,-13.306615536576526,6.563671337196889,-0.002026272086690089,2021-12-02 16:15:00+00:00,2021-12-02 17:00:00+00:00,0 days 00:45:00,A_long,0.000880925578872666,0.0008915654805283612,27.771795529509333,27.211601845013845,1.131371352101452,1.1303891930107888,1.133399,1.1329725,1.1354266478985482,1.135555806989211,1.0,1.0
-5797,31475,31496,1.1302365515347865,1.128071625823158,1.1310827913922807,1.128071625823158,6.004368098238517,6.5457062520720015,0.0009164202144613309,2021-12-06 10:15:00+00:00,2021-12-06 15:30:00+00:00,0 days 05:15:00,A_short,0.0006770160055361201,0.000822036344918614,76.81446003840928,33.393755636584515,1.1272641964066594,1.1282576978097687,1.128845,1.1293445,1.1304258035933408,1.1304313021902312,1.0,1.0
5819,31498,31566,1.1273231629235079,1.1261346822012848,1.1261346822012848,1.1304759533961461,-13.472204923006842,6.556435600390585,-0.0020537231212223615,2021-12-06 16:00:00+00:00,2021-12-07 09:00:00+00:00,0 days 17:00:00,A_long,0.0008891739657388661,0.0009484093789566795,33.24893418507328,17.068949217564466,1.1275792002288045,1.1272193804596988,1.1290855,1.1288004999999999,1.1305917997711954,1.130381619540301,1.0,1.0
5814,31567,31583,1.1259430366262149,1.124711908745252,1.124711908745252,1.1292642737642442,-13.700431426113227,6.542653926194854,-0.0020928726205453494,2021-12-07 09:15:00+00:00,2021-12-07 13:15:00+00:00,0 days 04:00:00,A_long,0.0009326214617624405,0.0009246673454978238,24.60172039975687,25.560078201151242,1.1267411324868686,1.124170042413047,1.1286705,1.1262919999999998,1.1305998675131312,1.1284139575869527,1.0,1.0
-5772,31682,31688,1.1315464316438781,1.1330768516195822,1.1330768516195822,1.1272494451412538,-15.369286895261967,6.535702795498347,-0.0023531792800295637,2021-12-08 14:00:00+00:00,2021-12-08 15:30:00+00:00,0 days 01:30:00,A_short,0.001162837280809267,0.0011053477691123973,67.95387533254527,68.78570368805131,1.126629594398758,1.1266999141171172,1.128972,1.1298365000000001,1.131314405601242,1.132973085882883,1.0,1.0
5769,31783,31784,1.1296433752493913,1.1285807782667399,1.1285807782667399,1.1324576651997806,-12.643969563733389,6.513847570817281,-0.0019401778538519576,2021-12-09 15:15:00+00:00,2021-12-09 15:30:00+00:00,0 days 00:15:00,A_long,0.0007933268073546288,0.000832883233040683,19.38688480700084,15.389111666040748,1.129604592301325,1.1289629301676045,1.1311010000000001,1.1309445,1.1325974076986753,1.1329260698323955,1.0,1.0
5766,31785,31861,1.1282232452913075,1.1271105401203512,1.1271105401203512,1.1311083796389463,-12.917985319075816,6.502127303341812,-0.0019857524412941886,2021-12-09 15:45:00+00:00,2021-12-10 10:45:00+00:00,0 days 19:00:00,A_long,0.0008351654686352609,0.000545757592806168,21.69470329013741,16.235855104518777,1.1285383382865501,1.1270133170380596,1.1307955,1.1287179999999999,1.13305266171345,1.1304226829619402,1.0,1.0
5758,31950,31951,1.1275231812274633,1.1267653380351204,1.1267653380351204,1.1293839858946393,-10.853757748467714,6.490096646956978,-0.0016717948538514092,2021-12-13 09:00:00+00:00,2021-12-13 09:15:00+00:00,0 days 00:15:00,A_long,0.0005448114190797496,0.0006415032298691302,20.601985180219017,16.29985726328212,1.1274691111243296,1.1269508716442433,1.1289595000000001,1.1287925,1.1304498888756707,1.1306341283557568,1.0,1.0
5754,31952,31964,1.1264030787253125,1.1286394116275291,1.125560196124157,1.1286394116275291,6.380102274609115,6.487757244745126,0.0009843826583773412,2021-12-13 09:30:00+00:00,2021-12-13 12:30:00+00:00,0 days 03:00:00,A_long,0.0006213027992199264,0.0006555233696289436,24.094640563889527,67.35036292105696,1.1266160198703017,1.125881836152435,1.1286605,1.127542,1.1307049801296984,1.129202163847565,1.0,1.0
-5745,32048,32049,1.1291366522065418,1.1299775480394858,1.1299775480394858,1.1270273558815427,-11.320252100469993,6.489305540206714,-0.0017450969545770613,2021-12-14 09:30:00+00:00,2021-12-14 09:45:00+00:00,0 days 00:15:00,A_short,0.0006180069174063792,0.0006516059950855484,79.07353108812929,82.11576842225236,1.1266962811700019,1.1265115931959062,1.1279645,1.1280835,1.1292327188299982,1.1296554068040938,1.0,1.0
-5730,32050,32050,1.1300065725843353,1.1309019271941028,1.1309019271941028,1.1277742184176918,-11.60788476583253,6.477502851865225,-0.0017927407758553731,2021-12-14 10:00:00+00:00,2021-12-14 10:00:00+00:00,0 days 00:00:00,A_short,0.0007580585290741355,0.0007580585290741355,87.9465955649068,87.9465955649068,1.1261367157786195,1.1261367157786195,1.128269,1.128269,1.1304012842213804,1.1304012842213804,1.0,1.0
-5713,32051,32057,1.1313164526934272,1.132339670234889,1.132339670234889,1.128700989295333,-12.311775529515597,6.466133715144736,-0.0019049007886300779,2021-12-14 10:15:00+00:00,2021-12-14 11:45:00+00:00,0 days 01:30:00,A_short,0.0007183173918642381,0.0006944080339671307,79.3396661451502,73.54012203795884,1.125998245493844,1.125860828053315,1.1284325,1.129583,1.130866754506156,1.133305171946685,1.0,1.0
5720,32073,32075,1.1281132352241319,1.127052327594167,1.127052327594167,1.1308830172174986,-12.518165153059005,6.449773509660336,-0.0019399563297731923,2021-12-14 15:45:00+00:00,2021-12-14 16:15:00+00:00,0 days 00:30:00,A_long,0.0008116522931015601,0.0007392410557073687,19.6683703199801,19.584814955411844,1.1279781493599492,1.1269557272845236,1.1305390000000002,1.13008,1.1330998506400511,1.1332042727154763,1.0,1.0
-5690,32238,32246,1.1316564215767029,1.1294662161611781,1.1325245946129407,1.1294662161611781,6.0293749099714224,6.432893904364271,0.000936365558001577,2021-12-16 09:00:00+00:00,2021-12-16 11:00:00+00:00,0 days 02:00:00,A_short,0.0006335405537904109,0.0006434960923493318,80.2176281485036,32.732524178370156,1.1274930021664171,1.1286919307429752,1.12957,1.1304444999999999,1.1316469978335828,1.1321970692570245,1.0,1.0
-5683,32256,32257,1.1342161872860725,1.1356785774017548,1.1356785774017548,1.1302042677947353,-14.760669001282842,6.449905973860462,-0.0022899845083687014,2021-12-16 13:30:00+00:00,2021-12-16 13:45:00+00:00,0 days 00:15:00,A_short,0.0011524170123785522,0.0013107614107280797,76.65569189430168,84.06341722427565,1.1284524975675525,1.1280117210183036,1.131279,1.1314870000000001,1.1341055024324473,1.1349622789816967,1.0,1.0
-5662,32258,32263,1.135826039939231,1.131201258921379,1.1374929136928738,1.131201258921379,19.767555840004377,6.417954283074387,0.003073769437975434,2021-12-16 14:00:00+00:00,2021-12-16 15:15:00+00:00,0 days 01:15:00,A_short,0.0013319932226310135,0.0014312581789106974,69.7964489587454,36.16209031254997,1.1278926113382746,1.1280054715150254,1.1316479999999998,1.1319725,1.135403388661725,1.1359395284849747,1.0,1.0
5715,32360,32361,1.1288433020335695,1.1275256720399838,1.1275256720399838,1.132382983880049,-13.977829756757775,6.447574343415178,-0.0021666554394365023,2021-12-17 15:30:00+00:00,2021-12-17 15:45:00+00:00,0 days 00:15:00,A_long,0.000971681304456238,0.0010181237971954046,23.021139041944224,19.324706174212295,1.1288957763756822,1.1281657298414869,1.1312855,1.131029,1.1336752236243177,1.1338922701585132,1.0,1.0
5710,32362,32372,1.127483177566672,1.1261582514433655,1.1261582514433655,1.1310452456699038,-13.999474443904294,6.434146279823658,-0.0021745307483016976,2021-12-17 16:00:00+00:00,2021-12-17 18:30:00+00:00,0 days 02:30:00,A_long,0.0010023739575693376,0.000667645111662546,18.503486853746168,15.772841526463182,1.127498319587777,1.1249230867778628,1.1308075,1.128311,1.134116680412223,1.1316989132221373,1.0,0.0
-5702,32429,32430,1.126406902055534,1.1272884027657102,1.1272884027657102,1.1242147917028693,-11.451602363469602,6.425285314045368,-0.0017829688001040334,2021-12-20 08:45:00+00:00,2021-12-20 09:00:00+00:00,0 days 00:15:00,A_short,0.0006269575530129882,0.0006913632126112491,73.6757035354614,62.83973643202577,1.1242614778717746,1.124325970479721,1.1253235,1.12541,1.1263855221282253,1.126494029520279,1.0,1.0
-5680,32449,32449,1.1286766943056392,1.1296611008974922,1.1296611008974922,1.1260966973075237,-12.005108780101642,6.413679338376893,-0.001872613743260365,2021-12-20 13:45:00+00:00,2021-12-20 13:45:00+00:00,0 days 00:00:00,A_short,0.0007822395370776739,0.0007822395370776739,83.3983912677782,83.3983912677782,1.1253997747449722,1.1253997747449722,1.1270175,1.1270175,1.1286352252550278,1.1286352252550278,1.0,1.0
-5667,32450,32454,1.1292166448849597,1.1302486874444932,1.1302486874444932,1.1264939376665204,-12.250780204032399,6.402195019155505,-0.001914402551087641,2021-12-20 14:00:00+00:00,2021-12-20 15:00:00+00:00,0 days 01:00:00,A_short,0.0007619409321339718,0.0007603040980282312,80.77881058781823,84.68876910476003,1.1253215864123594,1.1254368033618076,1.127163,1.1278595,1.1290044135876405,1.1302821966381924,1.0,1.0
-5654,32524,32548,1.1296066091922463,1.1274731378175422,1.1305089540608193,1.1274731378175422,5.681882707780303,6.3807644447966725,0.0008896296224025955,2021-12-21 08:30:00+00:00,2021-12-21 14:30:00+00:00,0 days 06:00:00,A_short,0.0006441334883695605,0.0007785556768473146,74.43838815216081,31.142888080527385,1.12709176782874,1.1275441339318324,1.1283555,1.1288255,1.1296192321712601,1.1301068660681677,1.0,1.0
-5661,32628,32631,1.1292966375633773,1.130307918273294,1.130307918273294,1.126716245180118,-12.120670794134362,6.3958106952956975,-0.0018959438261099697,2021-12-22 10:30:00+00:00,2021-12-22 11:15:00+00:00,0 days 00:45:00,A_short,0.0007604965307122604,0.0007731410008814379,83.77060100876302,77.55763660584455,1.1257831831655791,1.1256103409854308,1.1274735,1.1278555000000001,1.129163816834421,1.1301006590145695,1.0,1.0
-5630,32651,32737,1.1332962714842676,1.1298198037843954,1.1346200654052017,1.1298198037843954,13.201841398399193,6.370671751881287,0.0020691056003976005,2021-12-22 16:15:00+00:00,2021-12-23 13:45:00+00:00,0 days 21:30:00,A_short,0.000965380570423368,0.0007590735394148183,75.26136792610059,25.847031341019672,1.129287193268537,1.1299404003401194,1.1311375,1.131645,1.1329878067314627,1.1333495996598806,1.0,1.0
5650,32831,32841,1.131783571101715,1.1310317764694062,1.1310317764694062,1.1336246705917814,-10.640093029433073,6.392453356888417,-0.001663924405848335,2021-12-24 13:15:00+00:00,2021-12-24 15:45:00+00:00,0 days 02:30:00,A_long,0.0005321614387622101,0.0006095423663220197,21.984142180399672,24.34679216185407,1.1317539071679483,1.1309025913820423,1.1333414999999998,1.1323525,1.1349290928320512,1.133802408617958,1.0,1.0
5641,33027,33027,1.1318635784232973,1.1310726318220805,1.1310726318220805,1.1338621045337582,-10.844341358461131,6.382611580997088,-0.0016984508937176665,2021-12-28 14:15:00+00:00,2021-12-28 14:15:00+00:00,0 days 00:00:00,A_long,0.000646321461830678,0.000646321461830678,19.965031223941168,19.965031223941168,1.1316734303544478,1.1316734303544478,1.1328365,1.1328365,1.1339995696455523,1.1339995696455523,1.0,1.0
5635,33028,33029,1.1310335024618818,1.130114414245803,1.130114414245803,1.1332167572625906,-11.549846352927819,6.370784255323902,-0.0018122028834434754,2021-12-28 14:30:00+00:00,2021-12-28 14:45:00+00:00,0 days 00:15:00,A_long,0.0006788119335865954,0.0008189703424417173,16.45611405366546,24.72626088410773,1.1311141903724171,1.1307628024771326,1.1327194999999999,1.1325975,1.1343248096275826,1.1344321975228673,1.0,1.0
5632,33031,33099,1.1296633770797868,1.1284810708438606,1.1284810708438606,1.1327967874684177,-13.01768348608929,6.358934765352991,-0.0020460771826232137,2021-12-28 15:15:00+00:00,2021-12-29 08:15:00+00:00,0 days 17:00:00,A_long,0.0008498932794340172,0.0004927496183162255,17.950491181691604,14.320306185030844,1.1296881848358504,1.1291632164972971,1.1322505,1.130207,1.1348128151641497,1.1312507835027028,1.0,1.0
5629,33103,33112,1.1279832233265608,1.1301108596388705,1.1271897134537099,1.1301108596388705,5.621059005485218,6.355405796506206,0.0008852873430884361,2021-12-29 09:15:00+00:00,2021-12-29 11:30:00+00:00,0 days 02:15:00,A_long,0.0006167625056539156,0.0007129701927204599,17.583200936309737,68.41812787594691,1.1279451846289719,1.1272420173295516,1.1297460000000001,1.1289514999999999,1.1315468153710284,1.1306609826704481,1.0,1.0
-5605,33125,33125,1.1336062431131366,1.1347744302790883,1.1347744302790883,1.130516709162735,-12.9048259023409,6.357136837181711,-0.0020310204858479536,2021-12-29 14:45:00+00:00,2021-12-29 14:45:00+00:00,0 days 00:00:00,A_short,0.0009487552015638519,0.0009487552015638519,87.0504415918623,87.0504415918623,1.1268767797368582,1.1268767797368582,1.130434,1.130434,1.1339912202631417,1.1339912202631417,1.0,1.0
-5589,33126,33126,1.1345461570845459,1.1357985062418767,1.1357985062418767,1.1312444812743698,-13.343857601987844,6.344478161665688,-0.002104384624711412,2021-12-29 15:00:00+00:00,2021-12-29 15:00:00+00:00,0 days 00:00:00,A_short,0.0009982545080220034,0.0009982545080220034,88.75331613516526,88.75331613516526,1.126833384905247,1.126833384905247,1.130803,1.130803,1.134772615094753,1.134772615094753,1.0,1.0
-5574,33127,33129,1.135256092105504,1.1365579054096264,1.1365579054096264,1.1317662837711204,-13.587852968253427,6.331545611074668,-0.002147286695778761,2021-12-29 15:15:00+00:00,2021-12-29 15:45:00+00:00,0 days 00:30:00,A_short,0.0009424872402857398,0.00111617930492571,89.02971328366955,69.85034569436422,1.1268375470907315,1.127165637298135,1.131151,1.131857,1.1354644529092686,1.1365483627018649,1.0,1.0
-5567,33214,33217,1.1342261863708747,1.131643316521299,1.1351722278262337,1.131643316521299,8.071788691288038,6.307047761300365,0.0012783474015610034,2021-12-30 13:00:00+00:00,2021-12-30 13:45:00+00:00,0 days 00:45:00,A_short,0.0008331645411688123,0.0011277459250215718,60.90186400800831,34.09323920041055,1.1292258472556598,1.1293992056308924,1.131645,1.131889,1.1340641527443402,1.1343787943691075,1.0,1.0
-5561,33321,33327,1.136975934691487,1.138466385319197,1.138466385319197,1.1329608440424088,-14.615263311485167,6.3268673707897065,-0.0023115456603119656,2021-12-31 15:45:00+00:00,2021-12-31 17:15:00+00:00,0 days 01:30:00,A_short,0.001311389397197786,0.0009568047956015532,76.13550088779955,81.79440698262843,1.130853174638096,1.1316150309758135,1.1339545,1.1354890000000002,1.1370558253619039,1.1393629690241869,1.0,1.0
5570,33412,33413,1.132713656215108,1.1313471689980166,1.1313471689980166,1.1364384930059501,-13.916743197417187,6.305409398218552,-0.0022057804423816826,2022-01-03 14:30:00+00:00,2022-01-03 14:45:00+00:00,0 days 00:15:00,A_long,0.0010019335014324299,0.00118834236790813,26.44652080347494,19.407030165672936,1.1331290300050836,1.132094162663737,1.1351495,1.134922,1.1371699699949165,1.137749837336263,1.0,1.0
5567,33414,33417,1.1307434759211465,1.12918398915851,1.12918398915851,1.1348880325244695,-14.972170906646667,6.290508099049225,-0.0023784797811770924,2022-01-03 15:00:00+00:00,2022-01-03 15:45:00+00:00,0 days 00:45:00,A_long,0.0011245633855203779,0.0011290624468113456,18.772408784754916,18.675130021517617,1.1312425183176975,1.128894341698205,1.1346545000000001,1.1337774999999999,1.1380664816823027,1.1386606583017949,1.0,1.0
5564,33479,33487,1.1287532937967892,1.1304622755609057,1.1280325748130315,1.1304622755609057,3.2236368215910467,6.285137713953107,0.0005132866345743071,2022-01-04 07:15:00+00:00,2022-01-04 09:15:00+00:00,0 days 02:00:00,A_long,0.0005026959683662396,0.0008164971224393281,24.736418892437413,62.229278906493676,1.1287792662304736,1.1284129572790116,1.129921,1.1296769999999998,1.1310627337695263,1.130941042720988,1.0,1.0
-5554,33512,33595,1.131056476488569,1.1323724741572392,1.1323724741572392,1.1275625775282825,-13.594593247737018,6.28554219594341,-0.002164093654803202,2022-01-04 15:30:00+00:00,2022-01-05 12:15:00+00:00,0 days 20:45:00,A_short,0.001019120224672691,0.000760549218217477,77.30050839263596,63.59397054049094,1.1262421092421173,1.129493852921864,1.1286095,1.1308495,1.1309768907578828,1.132205147078136,1.0,1.0
5553,33671,33673,1.1292233368110847,1.1284969243789262,1.1284969243789262,1.1310292268632212,-10.302328540969826,6.268560305194066,-0.0016429633556748118,2022-01-06 07:15:00+00:00,2022-01-06 07:45:00+00:00,0 days 00:30:00,A_long,0.000543887948553223,0.0005969647258022115,31.02215191031965,30.833761438601456,1.1293631463423626,1.128779963558122,1.1308365,1.1305465,1.1323098536576375,1.1323130364418779,1.0,1.0
-5527,33684,33716,1.1323163611736495,1.129000448526419,1.133573183824527,1.129000448526419,12.077900197637579,6.249149003606139,0.0019298972595569901,2022-01-06 10:30:00+00:00,2022-01-06 18:30:00+00:00,0 days 08:00:00,A_short,0.0009856327621584648,0.0008388016156128308,58.59567192307696,30.76559463295223,1.1283709647811277,1.1287420891252993,1.130174,1.1305555,1.1319770352188723,1.1323689108747008,1.0,0.0
-5535,33797,33799,1.1329763007705966,1.1344045744937887,1.1344045744937887,1.129066276518634,-14.180471630162444,6.274976572294186,-0.002261268977190232,2022-01-07 14:45:00+00:00,2022-01-07 15:15:00+00:00,0 days 00:30:00,A_short,0.0011025260232918148,0.0011106973241614094,80.54244270632941,87.89693460631953,1.1287209298396028,1.1280720288011343,1.1307645000000002,1.131058,1.1328080701603975,1.1340439711988655,1.0,1.0
-5514,33800,33812,1.134686144271777,1.1361128367889937,1.1361128367889937,1.1307814896330186,-14.127375330716932,6.2605927907845444,-0.002257974172577392,2022-01-07 15:30:00+00:00,2022-01-07 18:30:00+00:00,0 days 03:00:00,A_short,0.0011386043476065532,0.0006741247997564841,70.01265924586858,74.8423918653531,1.1280151218772505,1.1312433501179375,1.1312149999999999,1.134305,1.1344148781227492,1.1373666498820623,1.0,0.0
5518,33885,33888,1.1316135555433529,1.1305661796659687,1.1305661796659687,1.1340614610020938,-12.02077398084813,6.241353889442518,-0.001925096897538264,2022-01-10 12:45:00+00:00,2022-01-10 13:30:00+00:00,0 days 00:45:00,A_long,0.0007124257968003392,0.0008811494742430464,32.13776561792942,20.23235239516731,1.1316168870776877,1.130769966634093,1.1327715,1.1325495,1.1339261129223124,1.1343290333659073,1.0,1.0
5514,33889,33890,1.1301234191788845,1.1289826206309084,1.1289826206309084,1.1332121381072746,-12.518718545295854,6.228355351755599,-0.00200894126194688,2022-01-10 13:45:00+00:00,2022-01-10 14:00:00+00:00,0 days 00:15:00,A_long,0.0009049962110106188,0.0008923300495425334,18.38166363091142,15.743808209047387,1.1302426572905293,1.129685275709276,1.1323565,1.1321175,1.1344703427094707,1.1345497242907243,1.0,1.0
5508,33891,33897,1.1291933340654914,1.1323023881783527,1.128019203940549,1.1323023881783527,10.896510834580665,6.228159219059547,0.0017519641606604964,2022-01-10 14:15:00+00:00,2022-01-10 15:45:00+00:00,0 days 01:30:00,A_long,0.0008840193762701805,0.001034017092262736,15.743808209047387,58.87125630350303,1.1292210469717352,1.1284739664495522,1.1318955,1.1311975,1.1345699530282647,1.133921033550448,1.0,1.0
-5484,33995,34006,1.1358560371936375,1.1371754189369958,1.1371754189369958,1.1323537431890123,-13.468141733287265,6.232652252710197,-0.002162155582226227,2022-01-11 16:15:00+00:00,2022-01-11 19:00:00+00:00,0 days 02:45:00,A_short,0.0009705803433859878,0.0006780883855772844,79.44639687409158,77.82646080567888,1.1313652639321734,1.131958702643351,1.133449,1.1350305,1.1355327360678265,1.138102297356649,1.0,0.0
-5451,34081,34085,1.1402356363370123,1.1417774568350765,1.1417774568350765,1.1359876294947708,-14.624090220388332,6.219626685440528,-0.0023528707217648007,2022-01-12 13:45:00+00:00,2022-01-12 14:45:00+00:00,0 days 01:00:00,A_short,0.0012507188253328893,0.001202064204846039,85.22963336759686,77.77599851061285,1.1341718051215177,1.1333879248662533,1.1368165000000001,1.137667,1.1394611948784825,1.1419460751337467,1.0,1.0
-5410,34153,34154,1.1462450863031501,1.1470375476303747,1.1470375476303747,1.1443273571088761,-10.490545305074985,6.203329524790185,-0.0016916998531660574,2022-01-13 07:45:00+00:00,2022-01-13 08:00:00+00:00,0 days 00:15:00,A_short,0.0005506732886038976,0.000647916850123371,81.26292406808841,86.06328634972945,1.143054174183074,1.1427418833721938,1.1444585,1.1446314999999998,1.1458628258169261,1.1465211166278058,1.0,1.0
-5396,34155,34184,1.1473149883769884,1.145097499339556,1.148207500220148,1.145097499339556,5.780641954126334,6.184928891859237,0.0009337303220361731,2022-01-13 08:15:00+00:00,2022-01-13 15:30:00+00:00,0 days 07:15:00,A_short,0.0006855279367736012,0.0010833115627813853,84.5655008596353,37.424209923367364,1.142602978026438,1.1451059225083904,1.1448045,1.1465045,1.147006021973562,1.1479030774916097,1.0,1.0
-5420,34349,34356,1.143275358116889,1.1415774227247255,1.1439941924250914,1.1415774227247255,3.010858789445736,6.191951036080775,0.00048589256979849433,2022-01-17 08:45:00+00:00,2022-01-17 10:30:00+00:00,0 days 01:45:00,A_short,0.000545694529232688,0.0006093850506263451,61.21381587876801,41.49739764313343,1.1410267028991037,1.1410709800669259,1.142077,1.1421935,1.1431272971008963,1.1433160199330743,1.0,1.0
5441,34366,34425,1.1397342986839454,1.138634348316393,1.138634348316393,1.1426169550508207,-12.183131854016995,6.1983019041644205,-0.001964611132294654,2022-01-17 13:00:00+00:00,2022-01-18 03:45:00+00:00,0 days 14:45:00,A_long,0.0008484151048272951,0.0007503681883351495,36.45459171334198,20.875149296992717,1.1399662015762582,1.1397419403279612,1.1418344999999999,1.1412565,1.1437027984237416,1.1427710596720386,1.0,0.0
5444,34463,34467,1.1367840287006021,1.1356950165872022,1.1356950165872022,1.1396349502383931,-12.114269906622766,6.185687961273404,-0.001957497272887836,2022-01-18 13:15:00+00:00,2022-01-18 14:15:00+00:00,0 days 01:00:00,A_long,0.0008113769092428396,0.00092479438824464,19.909484661688026,28.017226742716474,1.1372040847901994,1.1363820063746024,1.1388079999999998,1.1383625,1.1404119152098002,1.1403429936253975,1.0,1.0
-5434,34633,34639,1.1365159767905844,1.134756812401989,1.1372543958660037,1.134756812401989,3.3882511193915548,6.171048168236222,0.000548631085468765,2022-01-20 07:45:00+00:00,2022-01-20 09:15:00+00:00,0 days 01:30:00,A_short,0.0005429525698915183,0.0006479758776121151,61.6300583832112,42.66410202596791,1.1343305675854631,1.1342060440922244,1.1352035,1.1353315,1.136076432414537,1.1364569559077755,1.0,1.0
-5450,34732,34750,1.1338262229787859,1.1346665437888284,1.1346665437888284,1.1317603686335147,-10.761391204173282,6.1816427894417485,-0.001741507784357629,2022-01-21 08:30:00+00:00,2022-01-21 13:00:00+00:00,0 days 04:30:00,A_short,0.0005967260697094538,0.0007008965683323837,62.297870193371395,66.81630497297863,1.131975125790476,1.1327358694777123,1.1328545,1.1336964999999999,1.1337338742095242,1.1346571305222874,1.0,1.0
5457,34842,34849,1.1305134548715976,1.129478912505776,1.129478912505776,1.1331632624826722,-11.811886864677454,6.166389174389164,-0.001914650851949533,2022-01-24 12:00:00+00:00,2022-01-24 13:45:00+00:00,0 days 01:45:00,A_long,0.0007918965236063055,0.0007388710996616729,35.82939726280391,30.18028236120128,1.1306648187003063,1.1290438062828254,1.132099,1.131323,1.1335331812996936,1.1336021937171747,1.0,1.0
5456,34929,34936,1.1286932883056027,1.1276282393926318,1.1276282393926318,1.131395281822105,-11.966151996729897,6.155245127560784,-0.0019431405321036449,2022-01-25 09:45:00+00:00,2022-01-25 11:30:00+00:00,0 days 01:45:00,A_long,0.0007508271053214622,0.0005869097214145998,28.214514617961726,23.385632342458194,1.128873092551046,1.127080995819309,1.1304465000000001,1.129473,1.1320199074489543,1.1318650041806908,1.0,1.0
-5441,35044,35064,1.1294366247506085,1.1271507568021972,1.130349747732601,1.1271507568021972,6.298361535791123,6.139045971514408,0.0010249129807442061,2022-01-26 14:30:00+00:00,2022-01-26 19:30:00+00:00,0 days 05:00:00,A_short,0.0006709289179895221,0.0012199718532672846,60.79334109494595,28.741121960323028,1.1271991156965941,1.1267992262658608,1.128206,1.1283990000000002,1.129212884303406,1.1299987737341395,1.0,0.0
5493,35114,35125,1.119952488422748,1.1190206720134288,1.1190206720134288,1.1222979839597134,-11.267807321528736,6.149339785137959,-0.0018315982246945464,2022-01-27 08:00:00+00:00,2022-01-27 10:45:00+00:00,0 days 02:45:00,A_long,0.0007677368791902978,0.0007019705607037746,30.97153449971097,23.093251846849228,1.120386862996834,1.1184791178476767,1.1217765,1.1204180000000001,1.1231661370031658,1.1223568821523235,1.0,1.0
5503,35129,35136,1.1160021269196272,1.1146327682411141,1.1146327682411141,1.1197016952766572,-13.673172721892183,6.13759191403478,-0.0022264080561850384,2022-01-27 11:45:00+00:00,2022-01-27 13:30:00+00:00,0 days 01:45:00,A_long,0.0010885562703063425,0.0011063187778415787,13.942631688110822,18.6738367260548,1.1167105966540092,1.1139749015261577,1.119526,1.1178275,1.1223414033459909,1.1216800984738422,1.0,1.0
5501,35207,35207,1.113971941134479,1.1132511994614565,1.1132511994614565,1.115686401615631,-10.090777191506481,6.125977248209121,-0.0016466781393546395,2022-01-28 07:15:00+00:00,2022-01-28 07:15:00+00:00,0 days 00:00:00,A_long,0.0006103559445037337,0.0006103559445037337,22.4146020545664,22.4146020545664,1.1139028366099688,1.1139028366099688,1.1150259999999999,1.1150259999999999,1.116149163390031,1.116149163390031,1.0,1.0
5495,35208,35212,1.113181868833855,1.1123575728665955,1.1123575728665955,1.115287281400213,-10.644175956163078,6.114669616071988,-0.001740116096338319,2022-01-28 07:30:00+00:00,2022-01-28 08:30:00+00:00,0 days 01:00:00,A_long,0.000638308485236575,0.000650882146110443,33.59927760076992,22.516292295247197,1.113679069051056,1.1124827830210167,1.1149625,1.11449,1.116245930948944,1.1164972169789833,1.0,1.0
-5467,35234,35328,1.1167577852213864,1.118332537553739,1.118332537553739,1.112442387338783,-14.718790398277484,6.1096193973058055,-0.002410815961499059,2022-01-28 14:00:00+00:00,2022-01-31 13:30:00+00:00,2 days 23:30:00,A_short,0.0013688326777004265,0.0010408334292561798,56.53398493710551,71.93551115183628,1.1117741041639375,1.1147018239141748,1.1137385,1.1165759999999998,1.1157028958360624,1.1184501760858248,1.0,1.0
-5407,35402,35416,1.126526891073161,1.1275966376122697,1.1275966376122697,1.1237700871631913,-11.87814249676202,6.0940229598010625,-0.0019500717833365144,2022-02-01 08:00:00+00:00,2022-02-01 11:30:00+00:00,0 days 03:30:00,A_short,0.000853571608861448,0.0008586683700063347,70.37530290910499,68.82391558055814,1.1224568766190346,1.1236970572383285,1.1241215,1.1257695,1.1257861233809654,1.1278419427616717,1.0,1.0
-5387,35499,35500,1.1286266988816283,1.1293406765662592,1.1293406765662592,1.1268179703012227,-9.928032912876056,6.081835125768885,-0.001632923777349296,2022-02-02 08:15:00+00:00,2022-02-02 08:30:00+00:00,0 days 00:15:00,A_short,0.0005621552978538654,0.0006125345914733718,81.0995268758727,64.01911693923327,1.1263889893427086,1.1263720551314473,1.127515,1.1275805,1.1286410106572915,1.1287889448685529,1.0,1.0
-5366,35509,35514,1.131046477403767,1.1322737095198154,1.1322737095198154,1.1277388714405538,-12.65781559623207,6.072488061515973,-0.0020855837992838277,2022-02-02 10:45:00+00:00,2022-02-02 12:00:00+00:00,0 days 01:15:00,A_short,0.0008774568754222206,0.0008268930576410242,74.50775316239037,82.57196191602107,1.1260535481609097,1.1267914755232948,1.1285269999999998,1.1296105,1.13100045183909,1.1324295244767053,1.0,1.0
-5343,35617,35617,1.13357624585873,1.1356882657731717,1.1356882657731717,1.127655202680485,-17.346862545686974,6.062340142824626,-0.002864079220183599,2022-02-03 13:45:00+00:00,2022-02-03 13:45:00+00:00,0 days 00:00:00,A_short,0.001891747502846161,0.001891747502846161,87.43827521670283,87.43827521670283,1.124882402271684,1.124882402271684,1.1291544999999998,1.1291544999999998,1.1334265977283158,1.1334265977283158,1.0,1.0
-5314,35618,35618,1.1365759712993977,1.1389500970034152,1.1389500970034152,1.129869708989754,-18.66217675462965,6.0460727634805735,-0.0030898847299700616,2022-02-03 14:00:00+00:00,2022-02-03 14:00:00+00:00,0 days 00:00:00,A_short,0.002118181169133367,0.002118181169133367,88.69610120368458,88.69610120368458,1.1239335421677428,1.1239335421677428,1.1295895,1.1295895,1.1352454578322573,1.1352454578322573,1.0,1.0
-5293,35619,35620,1.1375958779492248,1.14021181740296,1.14021181740296,1.1300445477911196,-19.87438559437041,6.028218065749558,-0.003300682935121418,2022-02-03 14:15:00+00:00,2022-02-03 14:30:00+00:00,0 days 00:15:00,A_short,0.0021290903465822782,0.0023318783003712985,89.39163347311029,91.27452811961659,1.1232672808022244,1.122588461524171,1.1300535,1.1306194999999999,1.1368397191977757,1.1386505384758288,1.0,1.0
-5265,35621,35627,1.1399456628777478,1.1428682539604456,1.1428682539604456,1.131675238118663,-21.39694968648029,6.0095076360765445,-0.0035650804888871217,2022-02-03 14:45:00+00:00,2022-02-03 16:15:00+00:00,0 days 01:30:00,A_short,0.002244961193655142,0.0019377679850039338,82.71019688699607,87.77091095991696,1.1223899637764452,1.1238174438301414,1.1311550000000001,1.1353005,1.139920036223555,1.1467835561698587,1.0,1.0
5235,35713,35878,1.1425745586001135,1.1408970529565299,1.1408970529565299,1.1472688411304104,-14.758728987409654,5.976986943249514,-0.002467446372003952,2022-02-04 13:45:00+00:00,2022-02-08 07:00:00+00:00,3 days 17:15:00,A_long,0.0013491284202839656,0.0005577928524911421,34.938308196686236,21.423240259895934,1.1435518203572597,1.141053287233091,1.1462705,1.1423969999999999,1.1489891796427403,1.1437407127669088,1.0,1.0
5231,35879,35879,1.1406443819669432,1.1398606485770106,1.1398606485770106,1.1425380542689683,-10.064370270124826,5.964660907387712,-0.0016867535014609368,2022-02-08 07:15:00+00:00,2022-02-08 07:15:00+00:00,0 days 00:00:00,A_long,0.0006394204721589756,0.0006394204721589756,17.49719255611093,17.49719255611093,1.1405300014611468,1.1405300014611468,1.142241,1.142241,1.1439519985388533,1.1439519985388533,1.0,1.0
5226,35880,35893,1.1399543188182966,1.1421619136997725,1.1390926954334093,1.1421619136997725,5.573721135023481,5.963169715569714,0.0009355960564475779,2022-02-08 07:30:00+00:00,2022-02-08 10:45:00+00:00,0 days 03:15:00,A_long,0.0006741644092044323,0.0008139935293091272,28.435889112673593,69.86935199694999,1.1402529501894094,1.1391574839930907,1.1421075,1.1408755,1.1439620498105907,1.1425935160069092,1.0,1.0
5226,35977,35977,1.1409744121684695,1.1402574937593353,1.1402574937593353,1.1427075187219944,-9.707474576324879,5.960858970189355,-0.0016280245571570898,2022-02-09 07:45:00+00:00,2022-02-09 07:45:00+00:00,0 days 00:00:00,A_long,0.0005343656182579671,0.0005343656182579671,22.642811558757273,22.642811558757273,1.1410081161676866,1.1410081161676866,1.1423305000000001,1.1423305000000001,1.1436528838323137,1.1436528838323137,1.0,1.0
-5201,36080,36096,1.1443252620211228,1.141894327314777,1.1452885575617409,1.141894327314777,6.6979773656365555,5.9453140420680075,0.0011254011026579011,2022-02-10 09:30:00+00:00,2022-02-10 13:30:00+00:00,0 days 04:00:00,A_short,0.0006901804612572941,0.0012432507492256112,67.0714002494062,20.589889629564325,1.141586018737224,1.1417093049222158,1.1427935,1.1435214999999999,1.144000981262776,1.145333695077784,1.0,1.0
5228,36097,36097,1.1399843215638898,1.138408099100929,1.138408099100929,1.1443757026972123,-14.19620882397659,5.955717787617837,-0.00238197896403345,2022-02-10 13:45:00+00:00,2022-02-10 13:45:00+00:00,0 days 00:00:00,A_long,0.0014681506493288764,0.0014681506493288764,31.525598884660326,31.525598884660326,1.1412243484622333,1.1412243484622333,1.1433955,1.1433955,1.1455666515377667,1.1455666515377667,1.0,1.0
5222,36099,36102,1.138554190690608,1.1441966300259059,1.136521123324698,1.1441966300259059,23.504555816034525,5.960262392890818,0.00395331549586541,2022-02-10 14:15:00+00:00,2022-02-10 15:00:00+00:00,0 days 00:45:00,A_long,0.0015698553766069958,0.0019965251147868656,22.216097445538068,61.714570822702264,1.1392101075377303,1.1386812977849503,1.1428425,1.1424645,1.1464748924622696,1.1462477022150497,1.0,1.0
-5232,36187,36191,1.1406455988139035,1.1417140927537304,1.1417140927537304,1.1378577217388086,-11.561013246315202,5.97065295314093,-0.0019372132658106098,2022-02-11 12:15:00+00:00,2022-02-11 13:15:00+00:00,0 days 01:00:00,A_short,0.0008336225443608669,0.0009611811059652663,75.33461076715082,57.54469188179298,1.137887109634091,1.1378543536388206,1.139237,1.13963,1.140586890365909,1.1414056463611792,1.0,1.0
5261,36268,36268,1.132313619607197,1.131122788327635,1.131122788327635,1.1355516350170956,-12.218932832848779,5.9539694710725755,-0.002051153888209148,2022-02-14 08:30:00+00:00,2022-02-14 08:30:00+00:00,0 days 00:00:00,A_long,0.0010089862078193383,0.0010089862078193383,17.74608452399876,17.74608452399876,1.1323801370326363,1.1323801370326363,1.1342455,1.1342455,1.1361108629673637,1.1361108629673637,1.0,1.0
5256,36269,36296,1.1312335207658375,1.1298992165506168,1.1298992165506168,1.13474235034815,-12.955359788867844,5.942256833667642,-0.002178922864847762,2022-02-14 08:45:00+00:00,2022-02-14 15:30:00+00:00,0 days 06:45:00,A_long,0.0010264547134434157,0.0011713587441956968,17.010226249782107,36.20699412166478,1.1317147257677231,1.1293199599072863,1.1340759999999999,1.1312529999999998,1.1364372742322766,1.1331860400927134,1.0,1.0
-5232,36364,36370,1.1337662284699723,1.1350709332528084,1.1350709332528084,1.1302672002415746,-12.76149343886508,5.935278015066794,-0.002151345932211265,2022-02-15 08:30:00+00:00,2022-02-15 10:00:00+00:00,0 days 01:30:00,A_short,0.0010500073492506026,0.0009407109217824974,77.03332033868756,71.51498950880544,1.130528053068727,1.1303025388260377,1.1321415,1.1329425,1.1337549469312729,1.1355824611739622,1.0,1.0
5228,36390,36394,1.1322836168616037,1.1365040859196842,1.1307386380267719,1.1365040859196842,16.13400118057451,5.930611055070287,0.002725531978678218,2022-02-15 15:00:00+00:00,2022-02-15 16:00:00+00:00,0 days 01:00:00,A_long,0.001235650313998134,0.001222065552950174,43.06286097580594,65.00917135138867,1.133048397874077,1.1329029020131873,1.134516,1.1346314999999998,1.135983602125923,1.1363600979868123,1.0,1.0
-5218,36457,36459,1.1372759072355536,1.1380119698673565,1.1380119698673565,1.1354440903979304,-9.777000884109157,5.936226071361493,-0.0016475391401799655,2022-02-16 07:45:00+00:00,2022-02-16 08:15:00+00:00,0 days 00:30:00,A_short,0.0005316449042019472,0.0006399466169339005,85.77134440579985,89.64625552838054,1.1336508556736367,1.1335565162153882,1.1355035,1.135846,1.1373561443263633,1.1381354837846116,1.0,1.0
5222,36664,36674,1.134883854813025,1.1339624080101478,1.1339624080101478,1.1371527759695566,-10.73575279685547,5.923957592231304,-0.0018115245234741671,2022-02-18 11:30:00+00:00,2022-02-18 14:00:00+00:00,0 days 02:30:00,A_long,0.0007107053260044164,0.0008949972362754725,40.268766459377815,30.59957680237396,1.1354091702622744,1.1343976239718223,1.1367224999999999,1.1359705,1.1380358297377253,1.1375433760281777,1.0,1.0
-5225,36844,36846,1.1320563849687917,1.1333464548754266,1.1333464548754266,1.12856063537372,-12.658980181260574,5.918364919093021,-0.0021401507546144247,2022-02-22 08:30:00+00:00,2022-02-22 09:00:00+00:00,0 days 00:30:00,A_short,0.001004106298919265,0.0010048620645215537,70.62961051250863,76.15141000928834,1.1288363060213726,1.1287417523121137,1.1303674999999997,1.1307015,1.1318986939786269,1.1326612476878863,1.0,1.0
-5205,36938,36942,1.1338762184027968,1.1347456890208785,1.1347456890208785,1.1316829329373645,-10.429683081184972,5.904088514070115,-0.0017671960477449093,2022-02-23 08:00:00+00:00,2022-02-23 09:00:00+00:00,0 days 01:00:00,A_short,0.0006409976261900015,0.0006027091990442379,65.50181722188793,76.82089753950913,1.1316318064540491,1.1313106700988418,1.132673,1.133075,1.133714193545951,1.1348393299011583,1.0,1.0
5209,36971,36999,1.1312735244266285,1.1300443911649611,1.1300443911649611,1.134466826505117,-12.2921576711838,5.889602511158296,-0.0020859607941935768,2022-02-23 16:15:00+00:00,2022-02-23 23:15:00+00:00,0 days 07:00:00,A_long,0.0009904952697503597,0.00037645625977013135,35.18617695297337,39.58819096333599,1.1316130514729774,1.130022554455787,1.1336845,1.130539,1.1357559485270226,1.131055445544213,1.0,0.0
5248,37043,37043,1.1205425424194169,1.1184121406962262,1.1184121406962262,1.126403577911321,-17.055365331800125,5.875017088495447,-0.002900272806895467,2022-02-24 10:15:00+00:00,2022-02-24 10:15:00+00:00,0 days 00:00:00,A_long,0.0017708983860588458,0.0017708983860588458,23.13986854597377,23.13986854597377,1.1201671217731761,1.1201671217731761,1.1236704999999998,1.1236704999999998,1.1271738782268235,1.1271738782268235,1.0,1.0
5242,37044,37044,1.1186123657862461,1.1163849219367292,1.1163849219367292,1.124885234189812,-17.534188550289493,5.857927891121918,-0.0029902606083093827,2022-02-24 10:30:00+00:00,2022-02-24 10:30:00+00:00,0 days 00:00:00,A_long,0.001832111934584327,0.001832111934584327,21.686251761364403,21.686251761364403,1.1191318804996622,1.1191318804996622,1.123429,1.123429,1.1277261195003379,1.1277261195003379,1.0,1.0
5229,37045,37047,1.1180623154503688,1.115731465678499,1.115731465678499,1.1245256029645037,-18.028267297869263,5.840253840761425,-0.0030836802339103734,2022-02-24 10:45:00+00:00,2022-02-24 11:15:00+00:00,0 days 00:30:00,A_long,0.0017824970099730858,0.0017838310874909035,21.37574699290714,16.81878634869264,1.118191223081941,1.1162813261960924,1.1231309999999999,1.122345,1.1280707769180587,1.1284086738039074,1.0,1.0
5246,37066,37071,1.1110416729815313,1.11607009052607,1.10925663649131,1.11607009052607,20.537364282969868,5.841714155680439,0.0035235957012117497,2022-02-24 16:00:00+00:00,2022-02-24 17:15:00+00:00,0 days 01:15:00,A_long,0.0017848736451651082,0.0019341418539381918,45.649703804482584,60.88458466778911,1.1120713592649119,1.1120155311937534,1.1156020000000002,1.115065,1.1191326407350886,1.1181144688062465,1.0,1.0
5232,37132,37149,1.1179723072135888,1.1220473086156126,1.116490897128129,1.1220473086156126,15.460516020379755,5.859891315009191,0.0026431706537294905,2022-02-25 08:30:00+00:00,2022-02-25 12:45:00+00:00,0 days 04:15:00,A_long,0.001153907629684576,0.0014536280893205438,25.911580091715408,73.91741970033391,1.1182234937766378,1.1157605201391736,1.1210355,1.1184915,1.1238475062233624,1.1212224798608263,1.0,1.0
-5225,37150,37153,1.1220273029121592,1.1238543537071846,1.1238543537071846,1.116876938878446,-15.413706231925334,5.867365827918036,-0.002629162067338753,2022-02-25 13:00:00+00:00,2022-02-25 13:45:00+00:00,0 days 00:45:00,A_short,0.0014211443440777958,0.0015739952959819173,65.98038152870541,71.58319091970323,1.1156074842402144,1.1152427596072405,1.1186215000000002,1.1193835,1.121635515759786,1.1235242403927597,1.0,1.0
-5231,37224,37224,1.1179676744824556,1.1193868125384876,1.1193868125384876,1.1140795623845374,-13.275311831906663,5.851800660803277,-0.0022700256523223964,2022-02-28 07:30:00+00:00,2022-02-28 07:30:00+00:00,0 days 00:00:00,A_short,0.0012275868333521678,0.0012275868333521678,75.92369318013075,75.92369318013075,1.1133660218258667,1.1133660218258667,1.1156855,1.1156855,1.1180049781741335,1.1180049781741335,1.0,1.0
-5214,37225,37237,1.119047575641096,1.1206131042000227,1.1206131042000227,1.114720687399932,-14.00146129858943,5.838795392345796,-0.0023996825133273105,2022-02-28 07:45:00+00:00,2022-02-28 10:45:00+00:00,0 days 03:00:00,A_short,0.0011772419222385478,0.0017728276670621397,73.10324621423511,76.26757228923957,1.1131284349032657,1.1146688061113066,1.1158475,1.1178015000000001,1.1185665650967345,1.1209341938886936,1.0,1.0
-5184,37238,37341,1.122767235187524,1.1165178203985762,1.1250273932004746,1.1165178203985762,26.592739401826247,5.8042268640791725,0.004568865300293466,2022-02-28 11:00:00+00:00,2022-03-01 12:45:00+00:00,1 days 01:45:00,A_short,0.0018377839781205116,0.0010664346776632291,66.79563782823493,28.60870136485991,1.1145846297291981,1.1148039166089507,1.118062,1.1190775,1.1215393702708016,1.1233510833910492,1.0,1.0
5271,37415,37415,1.1095215338714697,1.1085172059065604,1.1085172059065604,1.1120883822803187,-11.139453801721576,5.8456410986849985,-0.0019047375560383424,2022-03-02 07:15:00+00:00,2022-03-02 07:15:00+00:00,0 days 00:00:00,A_long,0.0009047957341507766,0.0009047957341507766,32.496335021786564,32.496335021786564,1.1097248373022566,1.1097248373022566,1.111492,1.111492,1.1132591626977433,1.1132591626977433,1.0,1.0
5275,37423,37452,1.106661272124906,1.1119301279008844,1.1047566240330384,1.1119301279008844,21.941679400717792,5.851534817568023,0.0037586569447565824,2022-03-02 09:15:00+00:00,2022-03-02 16:30:00+00:00,0 days 07:15:00,A_long,0.0014218826428055139,0.0024181029463402337,23.9273688333234,57.77503825147284,1.1067910454720828,1.1069337577068707,1.1100815000000002,1.1094680000000001,1.1133719545279175,1.1120022422931295,1.0,1.0
5290,37520,37543,1.1075213508319148,1.1063448465806962,1.1063448465806962,1.110685460257911,-12.079383581102878,5.855676092156356,-0.002061754699545692,2022-03-03 09:30:00+00:00,2022-03-03 15:15:00+00:00,0 days 05:45:00,A_long,0.0008890552472748607,0.0012836577565423374,17.125627791547032,25.97061624595854,1.1078620426544776,1.1069321685179607,1.10955,1.1083124999999998,1.1112379573455224,1.109692831482039,1.0,1.0
5296,37547,37579,1.1040110295974959,1.102277334723156,1.102277334723156,1.108847995830532,-15.02389964322483,5.842251588721086,-0.0025695749231186577,2022-03-03 16:15:00+00:00,2022-03-04 00:15:00+00:00,0 days 08:00:00,A_long,0.0013890360332761587,0.0008886674553444599,29.152611598788724,13.761476215036794,1.1048685201930124,1.1044724624662094,1.1076665,1.1061210000000001,1.1104644798069878,1.1077695375337908,1.0,0.0
5309,37624,37626,1.0985105262387203,1.097078561505759,1.097078561505759,1.1023643154827232,-13.430492000709023,5.82819123341772,-0.0023028994410234107,2022-03-04 11:30:00+00:00,2022-03-04 12:00:00+00:00,0 days 00:30:00,A_long,0.0011037055791741157,0.0011469610794685608,17.46131033646165,15.269138415447955,1.0985974374594571,1.0973894578497823,1.100866,1.100447,1.1031345625405427,1.1035045421502176,1.0,1.0
5320,37630,37632,1.093830097926162,1.0921570014252115,1.0921570014252115,1.0984089957243655,-14.715599069330661,5.814725684274654,-0.0025288114268115446,2022-03-04 13:00:00+00:00,2022-03-04 13:30:00+00:00,0 days 00:30:00,A_long,0.0014048323040138457,0.0017902073750148692,6.8306495205450375,9.24503634918213,1.0936856544193068,1.0914921180018973,1.0991415,1.098225,1.1045973455806932,1.1049578819981027,1.0,1.0
5354,37715,37715,1.0840292010323431,1.0820931388305859,1.0820931388305859,1.0894005835082423,-16.164386532021314,5.798709503813061,-0.00278509413659113,2022-03-07 10:15:00+00:00,2022-03-07 10:15:00+00:00,0 days 00:00:00,A_long,0.001619399733465678,0.001619399733465678,19.576442470511154,19.576442470511154,1.0835220611063852,1.0835220611063852,1.0867049999999998,1.0867049999999998,1.0898879388936145,1.0898879388936145,1.0,1.0
5350,37716,37722,1.081808997858437,1.0875498390404765,1.0797767203198412,1.0875498390404765,24.910465435206387,5.803034888704594,0.004304051614293598,2022-03-07 10:30:00+00:00,2022-03-07 12:00:00+00:00,0 days 01:30:00,A_long,0.0016408131023369363,0.0017694942612611572,25.37413101525415,57.746127618933954,1.0827498564499827,1.0815925885627216,1.0864725,1.0853540000000002,1.0901951435500172,1.0891154114372787,1.0,1.0
-5328,37803,37839,1.090790161990006,1.0930424724294991,1.0930424724294991,1.0844325827115022,-17.818040159713032,5.817730138093562,-0.003065875429790942,2022-03-08 08:15:00+00:00,2022-03-08 17:15:00+00:00,0 days 09:00:00,A_short,0.0018265634213049595,0.001970910693921377,75.26684239255259,71.11325067491869,1.0836874734292314,1.0868251102838584,1.0868864999999999,1.0898400000000001,1.0900855265707683,1.0928548897161419,1.0,1.0
-5292,37900,37903,1.094909784928523,1.0964251311721778,1.0964251311721778,1.0907246064834666,-13.817484509423611,5.798272188002454,-0.0023846838686126873,2022-03-09 08:30:00+00:00,2022-03-09 09:15:00+00:00,0 days 00:45:00,A_short,0.0011639280687951441,0.0013671555458201602,76.57313271305802,78.6889580372846,1.089919473509604,1.08977243187855,1.092142,1.0928185,1.0943645264903958,1.0958645681214498,1.0,1.0
-5271,37904,37906,1.0966196284297036,1.0983905866549841,1.0983905866549841,1.0918282400350472,-15.11967022730924,5.7849494218556945,-0.002615732254337223,2022-03-09 09:30:00+00:00,2022-03-09 10:00:00+00:00,0 days 00:30:00,A_short,0.0012968681397107992,0.0013406698471605555,77.38212442663503,84.02193000083447,1.0896426425835863,1.0892804751084841,1.0930659999999999,1.0936595,1.0964893574164134,1.0980385248915159,1.0,1.0
-5219,37924,37930,1.1047088880347042,1.1071973593191,1.1071973593191,1.0977679220427001,-18.75930098573131,5.771969352469752,-0.0032537299618068034,2022-03-09 14:30:00+00:00,2022-03-09 16:00:00+00:00,0 days 01:30:00,A_short,0.0019345372860167004,0.0020842563145552504,80.70484534220991,75.56959777807484,1.093389492421433,1.093903901804093,1.0988655,1.1007105000000001,1.1043415075785672,1.1075170981959073,1.0,1.0
-5179,38014,38020,1.1097284286054216,1.1018527383176944,1.112475753894102,1.1018527383176944,35.06131056839216,5.726889431747409,0.006100501284601097,2022-03-10 13:00:00+00:00,2022-03-10 14:30:00+00:00,0 days 01:30:00,A_short,0.002312711145740253,0.002652203935487237,66.21388449913,31.28239048026633,1.1014809337947546,1.1005999910522013,1.104736,1.104791,1.1079910662052452,1.1089820089477989,1.0,1.0
5269,38091,38096,1.0974904328885473,1.0961035452328072,1.0961035452328072,1.1012093643015786,-13.086534393455466,5.779023335360709,-0.0022630581282279696,2022-03-11 08:15:00+00:00,2022-03-11 09:30:00+00:00,0 days 01:15:00,A_long,0.001079217331861435,0.0012409031911754119,36.61185290987068,31.47133778050886,1.0980603649623084,1.0964735353949284,1.0998155,1.0990445000000002,1.1015706350376917,1.101615464605072,1.0,1.0
-5273,38191,38192,1.0939998682115206,1.0951931555155658,1.0951931555155658,1.0908605334533021,-12.064011361286912,5.771807407056464,-0.0020913017289929765,2022-03-14 08:15:00+00:00,2022-03-14 08:30:00+00:00,0 days 00:15:00,A_short,0.0009516123167976171,0.0009687306745579309,77.82655569212183,79.78791048631197,1.0894332775169204,1.0892871278941825,1.0918420000000002,1.0920755,1.09425072248308,1.0948638721058175,1.0,1.0
-5256,38193,38194,1.0952497538117987,1.0965124768094696,1.0965124768094696,1.0918625695715913,-12.396823217831152,5.759951142072693,-0.002153485179771001,2022-03-14 08:45:00+00:00,2022-03-14 09:00:00+00:00,0 days 00:15:00,A_short,0.0009248999179502033,0.0009989132622235293,81.05129829810244,84.5194721864212,1.0892515449094533,1.0891618425081697,1.0923355,1.0926375,1.0954194550905465,1.0961131574918301,1.0,1.0
-5223,38284,38285,1.0999093273296359,1.101482109285709,1.101482109285709,1.095513672142873,-13.963573893290945,5.748933736720973,-0.0024306346059193374,2022-03-15 07:30:00+00:00,2022-03-15 07:45:00+00:00,0 days 00:15:00,A_short,0.0013416344841230964,0.0013387498862400154,79.44765273372813,71.38427659549954,1.0961965483985059,1.0961316870114004,1.098038,1.098207,1.0998794516014943,1.1002823129885995,1.0,1.0
5237,38319,38328,1.094520161074808,1.0926659450633591,1.0926659450633591,1.099762164809923,-15.43767607088106,5.727146818922791,-0.0026932432762347496,2022-03-15 16:15:00+00:00,2022-03-15 18:30:00+00:00,0 days 02:15:00,A_long,0.0014865952320184278,0.0010939148578621,31.98411011206298,28.54883090915027,1.0955619789366253,1.091986224535227,1.0981435,1.096128,1.1007250210633746,1.100269775464773,1.0,0.0
-5191,38391,38407,1.1010892193362984,1.1027942049841024,1.1027942049841024,1.096337385047693,-14.570759925574006,5.7201794278236004,-0.0025492279014919426,2022-03-16 10:15:00+00:00,2022-03-16 14:15:00+00:00,0 days 04:00:00,A_short,0.0013364813774071884,0.001529282100170074,61.32969794664282,69.44399564975956,1.0955269019274172,1.0977552981457417,1.0981105000000002,1.100212,1.1006940980725832,1.1026687018542582,1.0,1.0
-5156,38480,38501,1.1056188047517068,1.1068545638862886,1.1068545638862886,1.1021963083411346,-12.075330442252191,5.7037563443487524,-0.0021182669911504375,2022-03-17 08:30:00+00:00,2022-03-17 13:45:00+00:00,0 days 05:15:00,A_short,0.0009744072512084468,0.0011654310679962863,69.1305399461776,69.32271097653818,1.1017415721361106,1.1034246118689366,1.103587,1.10499,1.1054324278638896,1.1065553881310632,1.0,1.0
-5133,38504,38509,1.10832855673311,1.109822788535954,1.109822788535954,1.1043316343921379,-13.362777271630868,5.692885427633053,-0.0023488589729672785,2022-03-17 14:30:00+00:00,2022-03-17 15:45:00+00:00,0 days 01:15:00,A_short,0.0011247917204112242,0.0011771128523412897,79.85971883166069,80.74950382106687,1.102708222294302,1.1029874618522117,1.1055495,1.1067885,1.1083907777056978,1.1105895381477882,1.0,1.0
5129,38576,38577,1.1067212776160926,1.1056175752144324,1.1056175752144324,1.1096272743567026,-11.334432606199277,5.673542988083882,-0.0019967735985303046,2022-03-18 08:30:00+00:00,2022-03-18 08:45:00+00:00,0 days 00:15:00,A_long,0.0008253067895765135,0.0008912658842996433,24.464111970764577,34.57996639163923,1.10666487434844,1.1064783819350783,1.1080925000000001,1.1080115000000001,1.1095201256515603,1.109544618064922,1.0,1.0
5133,38585,38589,1.1036709984807715,1.102373824999506,1.102373824999506,1.1071585250014815,-12.320205518797723,5.661814039462133,-0.002174738573641486,2022-03-18 10:45:00+00:00,2022-03-18 11:45:00+00:00,0 days 01:00:00,A_long,0.000978570833689992,0.0009466560312300315,18.794174521759615,14.179537118212863,1.103780509970915,1.1023270365599005,1.1068894999999999,1.1057905,1.1099984900290847,1.1092539634400993,1.0,1.0
-5109,38607,38714,1.1062987425182582,1.1014406439029356,1.1080931186990215,1.1014406439029356,19.180355563070243,5.63967026261294,0.003393503741644265,2022-03-18 16:15:00+00:00,2022-03-21 19:00:00+00:00,3 days 02:45:00,A_short,0.0013704746159599638,0.000926684640464303,66.10254838222164,25.181596489022866,1.1001484897423703,1.1013558303383844,1.1030609999999998,1.103466,1.1059735102576294,1.1055761696616158,1.0,0.0
5174,38763,38766,1.0964103340471874,1.0991289410740643,1.0953303529753118,1.0991289410740643,8.386212652322842,5.679860104738678,0.001478312762096443,2022-03-22 07:15:00+00:00,2022-03-22 08:00:00+00:00,0 days 00:45:00,A_long,0.000823189517830379,0.0009008555172365347,36.90414317613441,60.82017221812705,1.0965157387555002,1.096390422237461,1.098803,1.0985749999999999,1.1010902612444997,1.1007595777625387,1.0,1.0
-5150,38784,38790,1.102789063752677,1.1043048629347454,1.1043048629347454,1.0986054111957642,-13.48963264887266,5.683266861220113,-0.002375201415671207,2022-03-22 12:30:00+00:00,2022-03-22 14:00:00+00:00,0 days 01:30:00,A_short,0.0011384010084270935,0.0012406997660870354,78.07737959715976,66.66800512543725,1.0980298670598405,1.0981499525319005,1.1003195,1.1011915,1.1026091329401593,1.1042330474680997,1.0,1.0
5154,38869,38875,1.0995106177584975,1.0983177936257313,1.0983177936257313,1.1027666191228056,-11.811619396413702,5.6638038161371576,-0.002084325791350877,2022-03-23 09:45:00+00:00,2022-03-23 11:15:00+00:00,0 days 01:30:00,A_long,0.0009792601591940213,0.001049335813420148,24.91824145716184,21.532722789027787,1.099871228037158,1.098532316321221,1.102283,1.1011865,1.1046947719628417,1.103840683678779,1.0,1.0
-5138,38987,39027,1.1005592678417806,1.1020304878080296,1.1020304878080296,1.0965485365759111,-13.21758126885169,5.658453082264362,-0.002337461433693409,2022-03-24 15:15:00+00:00,2022-03-25 01:15:00+00:00,0 days 10:00:00,A_short,0.001119130083576935,0.0005619354670646922,68.99613170191107,79.41352677686172,1.0969356287528393,1.099006928965118,1.098653,1.100464,1.1003703712471609,1.1019210710348821,1.0,0.0
5122,39055,39058,1.1015808072044369,1.100586726808396,1.100586726808396,1.1040798195748125,-10.731430843128226,5.639751054606865,-0.0019019613897997526,2022-03-25 08:15:00+00:00,2022-03-25 09:00:00+00:00,0 days 00:45:00,A_long,0.0006946973050474957,0.0008346340679079687,28.752689923928642,19.96550320249331,1.101641781805871,1.1008068651739589,1.1026960000000001,1.1024090000000002,1.1037502181941292,1.1040111348260415,1.0,1.0
5119,39059,39085,1.1002206827375396,1.0991184391185105,1.0991184391185105,1.1031246826444685,-11.271593568200565,5.62920848239056,-0.002001337744786234,2022-03-25 09:15:00+00:00,2022-03-25 15:45:00+00:00,0 days 06:30:00,A_long,0.0008753495255202288,0.0013684520103671679,34.79009361459684,27.474757531803505,1.100612474842243,1.099208194255702,1.102277,1.100876,1.103941525157757,1.102543805744298,1.0,1.0
5118,39086,39123,1.0983505115955556,1.0965778575875593,1.0965778575875593,1.103146427237322,-14.689264909664708,5.616821696739591,-0.002613116816796956,2022-03-25 16:00:00+00:00,2022-03-28 01:15:00+00:00,2 days 09:15:00,A_long,0.0012926584089848969,0.0006075581690670435,36.29253866650358,13.845745574817585,1.0989105975699498,1.0966924474881175,1.1007605,1.097966,1.1026104024300503,1.0992395525118825,1.0,0.0
-5100,39154,39170,1.0989494151886223,1.0948648255830682,1.1004850581389773,1.0948648255830682,15.237180674358273,5.594226313967811,0.002718671527438343,2022-03-28 09:00:00+00:00,2022-03-28 13:00:00+00:00,0 days 04:00:00,A_short,0.0012667642114836185,0.0011647243468291318,57.91989608172159,34.34591906442536,1.093711793251085,1.0948074045435354,1.095724,1.0972955,1.097736206748915,1.0997835954564645,1.0,1.0
-5103,39244,39249,1.1013491955411565,1.0983993248412525,1.1024668917195826,1.0983993248412525,9.440531831854623,5.612658349755717,0.001679754656563597,2022-03-29 07:30:00+00:00,2022-03-29 08:45:00+00:00,0 days 01:15:00,A_short,0.0009464217974763079,0.001011305044872895,58.127402767115555,37.47326576422806,1.0975931598632627,1.09765039174909,1.099257,1.099386,1.1009208401367372,1.1011216082509099,1.0,1.0
-5103,39253,39255,1.1031990262295681,1.105109739443053,1.105109739443053,1.0978307816708417,-15.384869344026594,5.634499815613692,-0.0027328410600806837,2022-03-29 09:45:00+00:00,2022-03-29 10:15:00+00:00,0 days 00:30:00,A_short,0.0014875895977602847,0.0015409895200954892,74.40992563753095,79.31653349881859,1.0969257512912356,1.0968086759634657,1.1000475,1.1006645,1.1031692487087645,1.1045203240365342,1.0,1.0
-5052,39264,39344,1.1114182739369978,1.1141480233518781,1.1141480233518781,1.1036359299443659,-19.412474510927257,5.621780466951701,-0.003457323542030081,2022-03-29 12:30:00+00:00,2022-03-30 08:30:00+00:00,0 days 20:00:00,A_short,0.0021673501985785236,0.0012681410740141077,87.33662482520215,66.89311321088479,1.096651185533986,1.1102701237335026,1.1040655000000001,1.111745,1.1114798144660143,1.1132198762664973,1.0,1.0
-5016,39346,39409,1.1154979005363057,1.1173016667169746,1.1173016667169746,1.110534999849076,-14.647552476906473,5.599861314671227,-0.002617813949171607,2022-03-30 09:00:00+00:00,2022-03-31 00:45:00+00:00,0 days 15:45:00,A_short,0.001335092628926148,0.0005751024589423837,71.13677246038667,71.37952722961377,1.1095200985653,1.1152368756431883,1.1121135,1.116025,1.1147069014347,1.1168131243568118,1.0,0.0
5011,39439,39440,1.1138819328976992,1.1124553101354253,1.1124553101354253,1.1176740695937244,-12.726894624174001,5.5780879624194935,-0.0022801262043844446,2022-03-31 08:15:00+00:00,2022-03-31 08:30:00+00:00,0 days 00:15:00,A_long,0.0010356093466373552,0.001237528100419048,26.512803645277756,18.840244790848473,1.1141777249315155,1.113210780241178,1.1160115,1.1157745000000001,1.1178452750684844,1.1183382197588223,1.0,1.0
5008,39441,39447,1.1119617571797265,1.1103449662794973,1.1103449662794973,1.1162851011615085,-13.66154486388947,5.564656035541896,-0.0024532716564620947,2022-03-31 08:45:00+00:00,2022-03-31 10:15:00+00:00,0 days 01:30:00,A_long,0.0012498576870298192,0.0011239325561568782,32.09051782221549,24.081173572488623,1.1127763325710214,1.1093896179189375,1.1156015,1.114199,1.1184266674289784,1.1190083820810623,1.0,1.0
-5057,39724,39750,1.0982894755916752,1.0953958131640051,1.0994013956119983,1.0953958131640051,9.086517644108882,5.546733252618738,0.001636016572337885,2022-04-05 07:30:00+00:00,2022-04-05 14:00:00+00:00,0 days 06:30:00,A_short,0.0008018968308875905,0.0010009246646213,70.95333441788023,34.49235274395947,1.0958860267586066,1.0953289164431879,1.0970305,1.0968054999999999,1.0981749732413935,1.098282083556812,1.0,1.0
5086,39752,39754,1.094130125382095,1.0926934383487938,1.0926934383487938,1.098079684953618,-12.868082573937205,5.56109232256765,-0.0023124295332632777,2022-04-05 14:30:00+00:00,2022-04-05 15:00:00+00:00,0 days 00:30:00,A_long,0.0011618500814266459,0.0011761451722715366,26.392405656477962,22.193807297901387,1.094330937942421,1.0933161783355203,1.0963835,1.095974,1.0984360620575788,1.0986318216644797,1.0,1.0
-5086,39824,39825,1.0914201043325462,1.09270646197497,1.09270646197497,1.08808061407509,-12.096648827487444,5.554233858120014,-0.0021791983821226176,2022-04-06 08:30:00+00:00,2022-04-06 08:45:00+00:00,0 days 00:15:00,A_short,0.000993889204145004,0.0010000373102590238,80.03830812785864,81.56416766964698,1.0874259263305825,1.0871759575234385,1.089401,1.0895155,1.0913760736694176,1.0918550424765616,1.0,1.0
5089,39919,39923,1.0886296220233191,1.0874272898757853,1.0874272898757853,1.0917981303726438,-11.655645111127017,5.536976812327271,-0.0021038933326346307,2022-04-07 08:15:00+00:00,2022-04-07 09:15:00+00:00,0 days 01:00:00,A_long,0.0008891795341549622,0.0008987167738271706,24.060754087426446,19.973518873249986,1.0886430161147063,1.0868915844411144,1.090877,1.09028,1.093110983885294,1.0936684155588854,1.0,1.0
-5068,40109,40111,1.0905401848699503,1.0918076524384646,1.0918076524384646,1.087057042684606,-11.953595056969782,5.530069419739524,-0.0021628194172870654,2022-04-11 07:45:00+00:00,2022-04-11 08:15:00+00:00,0 days 00:30:00,A_short,0.000991082316668863,0.0010173907178535175,73.79209749772197,74.91204400027415,1.08687779300933,1.0866108897346844,1.088663,1.0889995,1.0904482069906698,1.0913881102653153,1.0,1.0
-5062,40226,40240,1.08946028371131,1.0850980771490295,1.0910739742836568,1.0850980771490295,16.57768240692683,5.50380721133752,0.003006008966838355,2022-04-12 13:00:00+00:00,2022-04-12 16:30:00+00:00,0 days 03:30:00,A_short,0.0013789814270854111,0.0012033310361263575,58.40918247121338,27.559338825495956,1.0848185015212117,1.0838273481115093,1.086873,1.0868395,1.0889274984787882,1.0898516518884906,1.0,1.0
-5093,40332,40334,1.0862705756594,1.0877541274537337,1.0877541274537337,1.0821376176387987,-13.091883195019037,5.536153906477595,-0.002366412387014905,2022-04-13 15:30:00+00:00,2022-04-13 16:00:00+00:00,0 days 00:30:00,A_short,0.0011180920499187978,0.001151989139716818,76.41413246013519,83.0674399191056,1.0804641819149066,1.0798447656320436,1.0833425,1.083813,1.0862208180850936,1.0877812343679563,1.0,1.0
-5070,40335,40373,1.0885003715702963,1.0899823869676601,1.0899823869676601,1.0844528390970196,-13.036271857528245,5.522453792893719,-0.0023622011014322103,2022-04-13 16:15:00+00:00,2022-04-14 01:45:00+00:00,0 days 09:30:00,A_short,0.0011637239210879262,0.0006266586714287041,80.89385591623683,74.0415947411434,1.0795740008985788,1.0881463420912139,1.084026,1.0891185,1.088477999101421,1.0900906579087863,1.0,0.0
5068,40414,40417,1.086639439898962,1.08494328086464,1.08494328086464,1.0912501574060798,-14.098924600359247,5.502790614414968,-0.0025601411954663646,2022-04-14 12:00:00+00:00,2022-04-14 12:45:00+00:00,0 days 00:45:00,A_long,0.0013774082644266497,0.0018680550983541844,33.041881328450785,24.426167801418373,1.0881732820518686,1.086331356213775,1.0906,1.0900105,1.0930267179481314,1.093689643786225,1.0,1.0
5063,40418,40419,1.0848392751633629,1.082498333881975,1.082498333881975,1.0914649983540754,-17.338800864965485,5.486615157298273,-0.0031567902861876817,2022-04-14 13:00:00+00:00,2022-04-14 13:15:00+00:00,0 days 00:15:00,A_long,0.0018363144185736292,0.001848805829430477,21.249081704398833,19.155368475971386,1.0849957365478338,1.0836485305849852,1.0896395,1.0892395000000001,1.0942832634521664,1.094830469415015,1.0,1.0
5058,40420,40420,1.0824990610070835,1.0801914330046836,1.0801914330046836,1.0890657009859497,-17.141426695494552,5.469444259355759,-0.0031306939391272754,2022-04-14 13:30:00+00:00,2022-04-14 13:30:00+00:00,0 days 00:00:00,A_long,0.0021782983855063976,0.0021782983855063976,13.400204117133569,13.400204117133569,1.0813984814359554,1.0813984814359554,1.08861,1.08861,1.0958215185640447,1.0958215185640447,1.0,1.0
5061,40421,40421,1.0786087049951494,1.0758960419373924,1.0758960419373924,1.086351874187823,-19.180761997420824,5.451974262112797,-0.0035137074396597166,2022-04-14 13:45:00+00:00,2022-04-14 13:45:00+00:00,0 days 00:00:00,A_long,0.0023465252674388926,0.0023465252674388926,11.92204695205632,11.92204695205632,1.0792174118428834,1.0792174118428834,1.0879235,1.0879235,1.0966295881571166,1.0966295881571166,1.0,1.0
5050,40422,40788,1.0771685732066698,1.08551749096278,1.0742541696790733,1.08551749096278,36.70125235632886,5.460782312027861,0.0067469242092632374,2022-04-14 14:00:00+00:00,2022-04-20 09:30:00+00:00,5 days 19:30:00,A_long,0.0022723218984470345,0.0012119242024876643,19.313596960906395,80.66680826020567,1.077728214677499,1.079568984930559,1.0872680000000001,1.0821155,1.0968077853225013,1.084662015069441,1.0,1.0
-5043,40789,40872,1.0857506232496843,1.0872943090429852,1.0872943090429852,1.081477072871044,-13.264140252392334,5.4793327967759655,-0.0024224791615360714,2022-04-20 09:45:00+00:00,2022-04-21 06:30:00+00:00,0 days 20:45:00,A_short,0.0012010009754893191,0.0011221887466737654,74.66970778627481,92.54820321602084,1.07936288775046,1.0809022096427117,1.0822850000000002,1.083974,1.0852071122495404,1.0870457903572883,1.0,0.0
-5011,40875,40875,1.0899302406970146,1.0914709861236684,1.0914709861236684,1.0857470416289943,-13.18617610676158,5.465500773799222,-0.002414325194226472,2022-04-21 07:15:00+00:00,2022-04-21 07:15:00+00:00,0 days 00:00:00,A_short,0.0012388233115384136,0.0012388233115384136,92.51318277575652,92.51318277575652,1.0795279659144026,1.0795279659144026,1.0850545,1.0850545,1.0905810340855975,1.0905810340855975,1.0,1.0
-4993,40876,40876,1.091280117145315,1.092856587973846,1.092856587973846,1.0869102360784615,-13.324016131185637,5.452697284329986,-0.0024453292414704144,2022-04-21 07:30:00+00:00,2022-04-21 07:30:00+00:00,0 days 00:00:00,A_short,0.001358980203333296,0.001358980203333296,93.50204645904215,93.50204645904215,1.0792230114613819,1.0792230114613819,1.085505,1.085505,1.091786988538618,1.091786988538618,1.0,1.0
5014,40906,40969,1.0843692321490674,1.082755864700856,1.082755864700856,1.0888124058974324,-13.52240700313522,5.432982617802757,-0.002487095646647511,2022-04-21 15:00:00+00:00,2022-04-22 06:45:00+00:00,0 days 15:45:00,A_long,0.0012322088271596318,0.0008080813910306287,27.92051505241281,26.145354407869604,1.084912795199433,1.0832088588110822,1.0882155,1.0841465,1.091518204800567,1.0850841411889176,1.0,0.0
5019,40971,40975,1.08053888162832,1.0792107953533283,1.0792107953533283,1.0841276139400153,-12.085556828568242,5.419891814385446,-0.0022284816904078082,2022-04-22 07:15:00+00:00,2022-04-22 08:15:00+00:00,0 days 01:00:00,A_long,0.0010584255781518797,0.0011414378851870887,25.814839554015023,17.507619180309135,1.0815754248569442,1.0794590078105024,1.0838245,1.083108,1.0860735751430557,1.0867569921894975,1.0,1.0
5021,41002,41062,1.0777086226273496,1.0760663821393042,1.0760663821393042,1.082200853582087,-13.652741639942633,5.4070521494666846,-0.0025230641504934287,2022-04-22 15:00:00+00:00,2022-04-25 06:00:00+00:00,2 days 15:00:00,A_long,0.001212946232724594,0.0011385237314226484,17.875898176151367,13.062006325792012,1.0779942559208868,1.07567471168138,1.0809974999999998,1.0779900000000002,1.0840007440791128,1.0803052883186204,1.0,0.0
5049,41164,41165,1.0692178456244394,1.0677831108611882,1.0677831108611882,1.0730906674164356,-12.638834734303723,5.394858914647967,-0.0023411835593074998,2022-04-26 07:30:00+00:00,2022-04-26 07:45:00+00:00,0 days 00:15:00,A_long,0.0012023088224752782,0.0011900009794785968,15.99879487681092,14.481368414600794,1.069098037185226,1.0682774180944528,1.07211,1.071841,1.075121962814774,1.0754045819055473,1.0,1.0
5044,41166,41192,1.06768770559918,1.0661719988246259,1.0661719988246259,1.0718840035261228,-13.026819145407963,5.381594174556838,-0.00241890640233296,2022-04-26 08:00:00+00:00,2022-04-26 14:30:00+00:00,0 days 06:30:00,A_long,0.0011940008488814503,0.0013520230643929174,19.111623741640415,23.287623120154166,1.067676535668946,1.0658544810996327,1.0715735,1.0678385000000001,1.075470464331054,1.0698225189003676,1.0,1.0
5047,41193,41254,1.0645474182270787,1.0628175723227284,1.0628175723227284,1.0693072830318149,-14.098937832907964,5.368405553652438,-0.0026241465169090407,2022-04-26 14:45:00+00:00,2022-04-27 06:00:00+00:00,0 days 15:15:00,A_long,0.0013450866558072057,0.0008847175039721966,29.933621378451377,29.70742311872783,1.0653603704311403,1.0630633000923293,1.0676565,1.0643815,1.0699526295688597,1.0656996999076709,1.0,0.0
5060,41260,41279,1.0589469057163252,1.0572563077195816,1.0572563077195816,1.0636310768412556,-13.908419993515704,5.353994129992844,-0.002595691614587788,2022-04-27 07:30:00+00:00,2022-04-27 12:15:00+00:00,0 days 04:45:00,A_long,0.0014429999803022761,0.0012815923451075203,35.73837761482612,27.601678899615123,1.0602238170638123,1.0576216485903986,1.0634599999999998,1.0604145,1.0666961829361874,1.0632073514096014,1.0,1.0
5063,41281,41283,1.055586598209873,1.0538631439610884,1.0538631439610884,1.0604105681167353,-14.065920883902868,5.3400720223057885,-0.0026318817656283506,2022-04-27 12:45:00+00:00,2022-04-27 13:15:00+00:00,0 days 00:30:00,A_long,0.0013621738058807562,0.0014188772141948505,21.56409586967372,17.10890226451184,1.0559177209168187,1.0540545987433905,1.059802,1.0590625,1.0636862790831811,1.0640704012566096,1.0,1.0
-5041,41453,41456,1.0572332333937364,1.0587002171711801,1.0587002171711801,1.05321934848646,-12.728275484242554,5.333210262148873,-0.0023882625167023098,2022-04-29 07:45:00+00:00,2022-04-29 08:30:00+00:00,0 days 00:45:00,A_short,0.0011496012902966419,0.0013078678621575698,70.78435073606198,80.7465103248496,1.0495897184368561,1.0498213759643928,1.053248,1.0541740000000002,1.0569062815631438,1.0585266240356075,1.0,1.0
-5030,41492,41521,1.0572332333937364,1.0526799424955924,1.0588666858348026,1.0526799424955924,17.596621580302894,5.306431637361662,0.0033089522724987098,2022-04-29 17:30:00+00:00,2022-05-02 00:45:00+00:00,2 days 07:15:00,A_short,0.0012023842140240898,0.0009003059460339686,73.20511203963662,36.16357712380889,1.05121873173735,1.053187411170353,1.054119,1.054278,1.05701926826265,1.0553685888296471,1.0,0.0
-5055,41547,41569,1.0553934017901268,1.0512999705507728,1.0569000098164092,1.0512999705507728,15.367627416342373,5.324667498591624,0.002880522607045845,2022-05-02 07:15:00+00:00,2022-05-02 12:45:00+00:00,0 days 05:30:00,A_short,0.0012244515340732627,0.001056112765186799,67.64962512540035,35.75439107109682,1.0501535891313423,1.0514796584479975,1.0524255,1.052446,1.0546974108686578,1.0534123415520025,1.0,1.0
-5077,41662,41662,1.053673559204144,1.0552587912360747,1.0552587912360747,1.0493036262917763,-13.4017477977048,5.353524771592495,-0.00250523341322578,2022-05-03 12:00:00+00:00,2022-05-03 12:00:00+00:00,0 days 00:00:00,A_short,0.001397904781609477,0.001397904781609477,78.21998109603393,78.21998109603393,1.0486860118528045,1.0486860118528045,1.0513860000000002,1.0513860000000002,1.0540859881471958,1.0540859881471958,1.0,1.0
-5056,41663,41664,1.05545339629894,1.0572174857379313,1.0572174857379313,1.0505075427862058,-14.260068193328722,5.34083198978921,-0.0026722400912249774,2022-05-03 12:15:00+00:00,2022-05-03 12:30:00+00:00,0 days 00:15:00,A_short,0.0013328508107282087,0.001407137369297774,79.59663016963378,81.291737883044,1.0482393083494215,1.0478238269322309,1.0516075,1.0518310000000002,1.0549756916505786,1.0558381730677695,1.0,1.0
-5038,41665,41678,1.0564733029487672,1.051524305470528,1.0582785648431572,1.051524305470528,19.62300331976023,5.310045975608205,0.0036867932802068567,2022-05-03 12:45:00+00:00,2022-05-03 16:00:00+00:00,0 days 03:15:00,A_short,0.001326185720058059,0.0012786810465124007,81.80711155421224,31.308156969837157,1.0475267389616458,1.051253202569497,1.052076,1.054531,1.0566252610383542,1.0578087974305033,1.0,1.0
-5063,41761,41771,1.05509342924606,1.0564093343432726,1.0564093343432726,1.0515319969701826,-12.007696753213114,5.345269246026396,-0.002247816556588611,2022-05-04 12:45:00+00:00,2022-05-04 15:15:00+00:00,0 days 02:30:00,A_short,0.0010059636923635056,0.001132411540923993,76.22857132424483,69.07101903404954,1.051342870507834,1.0517885455606863,1.0530380000000001,1.0539615,1.0547331294921662,1.0561344544393136,1.0,1.0
5048,41852,41863,1.0559666329873887,1.0540608261611548,1.0540608261611548,1.0613775215165355,-14.946222165719494,5.325709306890924,-0.0028038959407570086,2022-05-05 11:30:00+00:00,2022-05-05 14:15:00+00:00,0 days 02:45:00,A_long,0.0015010699947214383,0.0014637451117612249,24.033645329963562,34.15499043776927,1.0565202480747167,1.0528876426327867,1.0591,1.0569715,1.0616797519252832,1.0610553573672132,1.0,1.0
-5043,42039,42046,1.0541335171050463,1.055695495229185,1.055695495229185,1.049713514312445,-13.196989534632323,5.319933854600764,-0.002482505857030825,2022-05-09 10:15:00+00:00,2022-05-09 12:00:00+00:00,0 days 01:45:00,A_short,0.0012680798877446665,0.0013806807643625338,63.89231262743933,75.25738230886455,1.0495283362061854,1.0496128653327286,1.051463,1.0527279999999999,1.0533976637938147,1.0558431346672712,1.0,1.0
-5007,42064,42133,1.0588930814709059,1.05412164539204,1.0606261182026533,1.05412164539204,18.600648078180612,5.289932368701385,0.003508313332517071,2022-05-09 16:30:00+00:00,2022-05-10 09:45:00+00:00,0 days 17:15:00,A_short,0.0012784187019163173,0.0012977355756897348,74.70501768936869,29.97927240520049,1.051111074916922,1.0546082694039298,1.0549620000000002,1.056607,1.0588129250830784,1.0586057305960703,1.0,1.0
5049,42134,42240,1.0539964526934271,1.0523527173091722,1.0523527173091722,1.058581848072483,-13.616698434774477,5.317478479671562,-0.002558746722879725,2022-05-10 10:00:00+00:00,2022-05-11 12:30:00+00:00,1 days 02:30:00,A_long,0.0012340374989311092,0.001460748469533289,34.78417456012855,31.129260895952413,1.0542897585307183,1.053639767732859,1.056433,1.0554885,1.0585762414692816,1.057337232267141,1.0,1.0
5045,42242,42309,1.0521662852122344,1.0501204215916855,1.0501204215916855,1.0579187352249437,-15.624400183582225,5.303018217912888,-0.0029434577190678574,2022-05-11 13:00:00+00:00,2022-05-12 05:45:00+00:00,0 days 16:45:00,A_long,0.0019520288504494428,0.0007016766594264711,49.911974023538576,24.84727394769517,1.0528944853814022,1.050626294256156,1.05528,1.0518585,1.0576655146185978,1.0530907057438441,1.0,0.0
5058,42315,42315,1.0463057489063388,1.0444141021836508,1.0444141021836508,1.0517976934490474,-14.855379626762154,5.287430503406584,-0.0028070252421941106,2022-05-12 07:15:00+00:00,2022-05-12 07:15:00+00:00,0 days 00:00:00,A_long,0.0016704817562521609,0.0016704817562521609,23.602680051367756,23.602680051367756,1.0474357407946366,1.0474357407946366,1.050854,1.050854,1.0542722592053633,1.0542722592053633,1.0,1.0
5044,42316,42321,1.0464057580583164,1.0443354218924974,1.0443354218924974,1.052353734322508,-15.715624876226865,5.272849255835952,-0.002977532120595204,2022-05-12 07:30:00+00:00,2022-05-12 08:45:00+00:00,0 days 01:15:00,A_long,0.0017370841887518734,0.0016645033082393242,26.616523956540732,18.78134269040504,1.0467490655755065,1.0434518235770232,1.0506015,1.0489295,1.0544539344244934,1.054407176422977,1.0,1.0
5072,42350,42353,1.037604952684275,1.0354493710638606,1.0354493710638606,1.043571886808418,-16.190375743767127,5.257265765025272,-0.0030764201481792014,2022-05-12 16:00:00+00:00,2022-05-12 16:45:00+00:00,0 days 00:45:00,A_long,0.0016932320094339588,0.0017287439184374654,32.4210290323137,27.15348176889013,1.0380601947528878,1.036664175211355,1.040743,1.0402405,1.0434258052471121,1.0438168247886448,1.0,1.0
5065,42354,42507,1.03587479435506,1.041993478106375,1.033695507297875,1.041993478106375,25.728931800402854,5.262201400008584,0.0049038258704297505,2022-05-12 17:00:00+00:00,2022-05-16 07:15:00+00:00,3 days 14:15:00,A_long,0.0017702447293124757,0.0009364506068425869,36.97409932651127,70.21918767595173,1.0362478484687885,1.038846345459277,1.0400589999999998,1.0400985,1.0438701515312112,1.0413506545407232,1.0,1.0
-5058,42508,42512,1.0420546226639575,1.043273740728211,1.043273740728211,1.0387787778153663,-11.440094600013332,5.2737954310187956,-0.002170502578998793,2022-05-16 07:30:00+00:00,2022-05-16 08:30:00+00:00,0 days 01:00:00,A_short,0.0009315905259302288,0.0010674990026882604,63.530377545081755,69.87505891276675,1.038812892556475,1.0386737404340196,1.040209,1.0406825,1.0416051074435249,1.0426912595659803,1.0,1.0
-5023,42603,42606,1.0470941614042795,1.0482647102518519,1.0482647102518519,1.0440458692444443,-11.142160667520512,5.262493806164374,-0.0021184611328799825,2022-05-17 07:15:00+00:00,2022-05-17 08:00:00+00:00,0 days 00:45:00,A_short,0.0009430685152262886,0.0011997811934672791,62.69518396322539,73.74685970252433,1.0426041652752502,1.0425764656301635,1.0445985,1.0450495,1.0465928347247497,1.0475225343698364,1.0,1.0
-5007,42607,42615,1.048184061647722,1.0497197374321607,1.0497197374321607,1.0439607877035182,-12.941230813681031,5.252102160996486,-0.0024658147157051355,2022-05-17 08:15:00+00:00,2022-05-17 10:15:00+00:00,0 days 02:00:00,A_short,0.0011678103676716516,0.0014835267277674212,70.66836481750266,78.24698388428384,1.0425484215491232,1.04359881282061,1.0452635000000001,1.0470735,1.047978578450877,1.05054818717939,1.0,1.0
-4978,42616,42620,1.0517137385829076,1.053570232073321,1.053570232073321,1.0464493037800373,-14.481676398240662,5.240051802963354,-0.0027660905900698607,2022-05-17 10:30:00+00:00,2022-05-17 11:30:00+00:00,0 days 01:00:00,A_short,0.0014763898307317707,0.0014469062707264933,76.03658584234731,85.08617860831659,1.0437219714246013,1.0437522365220528,1.0474445000000001,1.0489804999999999,1.051167028575399,1.054208763477947,1.0,1.0
-4950,42621,42704,1.0548534512108068,1.0497511374253843,1.0566962875248718,1.0497511374253843,20.047556880966678,5.208896356874573,0.003839406778690979,2022-05-17 11:45:00+00:00,2022-05-18 08:30:00+00:00,0 days 20:45:00,A_short,0.0014753187679629604,0.0009540532414907274,74.48161317599866,21.203591842130265,1.043957642369523,1.0506317206331162,1.049388,1.0525375000000001,1.054818357630477,1.054443279366884,1.0,1.0
5009,42795,42797,1.046645780023063,1.0493416702791087,1.045579443240297,1.0493416702791087,8.254313723250938,5.249400569281789,0.0015744548560243368,2022-05-19 07:15:00+00:00,2022-05-19 07:45:00+00:00,0 days 00:30:00,A_long,0.0008472909931188553,0.000993831901498177,34.64982272548522,57.830561901573276,1.0470467530338312,1.0469109205839748,1.049118,1.0490185,1.0511892469661688,1.0511260794160253,1.0,1.0
-4987,42810,42816,1.052703647978328,1.0542901611956992,1.0542901611956992,1.0483695164129025,-13.165730478205276,5.253789063175438,-0.002507837915284316,2022-05-19 11:00:00+00:00,2022-05-19 12:30:00+00:00,0 days 01:30:00,A_short,0.0013236719746715538,0.0013523450539713884,69.70482122720928,71.62560410631396,1.0462941434200914,1.0477549382328957,1.049362,1.050831,1.0524298565799084,1.0539070617671045,1.0,1.0
-4928,42992,42993,1.0626427382717405,1.0643466652077365,1.0643466652077365,1.0579200043767907,-13.63785383076157,5.240901890173431,-0.0026042822653987155,2022-05-23 08:30:00+00:00,2022-05-23 08:45:00+00:00,0 days 00:15:00,A_short,0.001328369316698536,0.0015299200744720584,68.18144121719118,77.90549619842363,1.0580033429096865,1.0574587897824026,1.059976,1.0602435,1.0619486570903136,1.0630282102175972,1.0,1.0
-4906,42994,42994,1.0645025680449545,1.0664259040893664,1.0664259040893664,1.0590822877319004,-14.663054176030622,5.227167542145489,-0.002807696637095295,2022-05-23 09:00:00+00:00,2022-05-23 09:00:00+00:00,0 days 00:00:00,A_short,0.0017912640645424498,0.0017912640645424498,85.07045882340698,85.07045882340698,1.0563561071363732,1.0563561071363732,1.060673,1.060673,1.0649898928636268,1.0649898928636268,1.0,1.0
-4878,42995,43082,1.0678222641992934,1.070069516877451,1.070069516877451,1.061471449367647,-16.17641661809904,5.2143180540461795,-0.0031055716666319264,2022-05-23 09:15:00+00:00,2022-05-24 07:00:00+00:00,0 days 21:45:00,A_short,0.0017497621892701432,0.001231156460411188,78.10009366997969,86.47962933335847,1.0559910414662514,1.0645927723094637,1.0610705,1.0671380000000001,1.0661499585337486,1.0696832276905366,1.0,1.0
-4843,43083,43109,1.072191864257866,1.0737773877524934,1.0737773877524934,1.0678678367425198,-12.875154828223447,5.196464543743085,-0.0024795078280814534,2022-05-24 07:15:00+00:00,2022-05-24 13:45:00+00:00,0 days 06:30:00,A_short,0.0012910022656897131,0.001437694572520142,86.54272347474291,67.328528106123,1.0640694036140912,1.0696509921782955,1.06744,1.071185,1.0708105963859087,1.0727190078217046,1.0,1.0
4856,43183,43196,1.0668676305529625,1.065491125549161,1.065491125549161,1.0706466233525171,-11.861675358275978,5.177367059815957,-0.002289585241785369,2022-05-25 08:15:00+00:00,2022-05-25 11:30:00+00:00,0 days 03:15:00,A_long,0.0010481871033837162,0.0010840340888231732,27.28115769412497,28.605489360930548,1.0673413486603764,1.0652862663683147,1.0698325,1.067396,1.0723236513396235,1.0695057336316853,1.0,1.0
-4824,43286,43307,1.0712319521168523,1.0725944835545227,1.0725944835545227,1.0674965493364321,-11.743761018161367,5.170909362839357,-0.0022725653866983884,2022-05-26 10:00:00+00:00,2022-05-26 15:15:00+00:00,0 days 05:15:00,A_short,0.001027127011599672,0.0010554472458389802,77.63618592880762,70.46223213490526,1.0657136226548274,1.069088559333639,1.0683479999999999,1.071012,1.0709823773451723,1.0729354406663612,1.0,1.0
-4799,43398,43456,1.0743716647447514,1.0759546082785723,1.0759546082785723,1.0699761751642831,-12.7562539109256,5.1597078921194655,-0.0024741034760666293,2022-05-27 14:00:00+00:00,2022-05-30 04:30:00+00:00,2 days 14:30:00,A_short,0.0012541059789689122,0.0006270368162940084,69.57220226490165,74.04809501655048,1.0695756607368694,1.0723691133006892,1.0717935,1.074174,1.0740113392631307,1.0759788866993107,1.0,0.0
4809,43578,43686,1.0696978895539326,1.067867568090957,1.067867568090957,1.0748372957271286,-13.941792058356654,5.139776142907137,-0.0027102083869744746,2022-05-31 11:00:00+00:00,2022-06-01 14:00:00+00:00,1 days 03:00:00,A_long,0.0014864230454198816,0.0014547924437069305,34.049479963354074,19.18472183582483,1.0708136011576062,1.0690285027190065,1.0731515,1.0716035000000002,1.075489398842394,1.0741784972809938,1.0,1.0
4810,43687,43692,1.0667476195705892,1.0649042490675518,1.0649042490675518,1.071887252797345,-13.993234863684624,5.126622744074729,-0.002727164686364621,2022-06-01 14:15:00+00:00,2022-06-01 15:30:00+00:00,0 days 01:15:00,A_long,0.0014848201178793564,0.001539471612876112,16.317091360687087,20.24729588653102,1.0675242954544506,1.063519399524577,1.0712540000000002,1.0696055000000002,1.0749837045455497,1.0756916004754233,1.0,1.0
-4786,43757,43776,1.0689221635275383,1.0700419685559301,1.0700419685559301,1.0660340943322095,-10.477928033958982,5.11854116807574,-0.0020481258309853257,2022-06-02 07:45:00+00:00,2022-06-02 12:30:00+00:00,0 days 04:45:00,A_short,0.0008249772903940146,0.0008900790282555236,76.83985629588823,66.66983577896588,1.0639324262578262,1.0682139312671164,1.0663310000000001,1.0689905,1.068729573742174,1.0697670687328835,1.0,1.0
4757,43865,43869,1.0734982373290867,1.0726361239941702,1.0726361239941702,1.075691628017489,-9.205653712605066,5.104580578407367,-0.0018026862534892196,2022-06-03 10:45:00+00:00,2022-06-03 11:45:00+00:00,0 days 01:00:00,A_long,0.000646354893099304,0.0008059366341097967,37.715383363102546,32.278499115091606,1.0736641364775652,1.0729803361556718,1.0750534999999999,1.074713,1.0764428635224346,1.0764456638443283,1.0,1.0
4760,43873,43877,1.0708479948016767,1.0747991923041482,1.0694136025652838,1.0747991923041482,13.701059806452601,5.106640305311863,0.0026879388324872965,2022-06-03 12:45:00+00:00,2022-06-03 13:45:00+00:00,0 days 01:00:00,A_long,0.0011163981472949924,0.0014446998021707196,32.58626383765149,57.4605207174144,1.0714023313642564,1.0714190580133967,1.074082,1.0735845,1.0767616686357435,1.0757499419866032,1.0,1.0
-4754,43951,43967,1.074891617154467,1.071787003355523,1.0760843322148257,1.071787003355523,9.656678919227003,5.102655080952246,0.0018897481906745813,2022-06-06 08:15:00+00:00,2022-06-06 12:15:00+00:00,0 days 04:00:00,A_short,0.0009132399329295876,0.0007572783700628566,62.607601176046614,32.62467842892272,1.071443327712172,1.0716542619957394,1.072975,1.073616,1.074506672287828,1.0755777380042604,1.0,1.0
4792,43980,44038,1.068617790712573,1.0669481604506168,1.0669481604506168,1.0732755186481495,-13.117684234280638,5.116816018987002,-0.00256163921406576,2022-06-06 15:30:00+00:00,2022-06-07 06:00:00+00:00,0 days 14:30:00,A_long,0.001274439674554532,0.0008255798377622483,37.74623738425662,26.718790640621506,1.0690429091120301,1.0668440772404189,1.071458,1.067828,1.07387309088797,1.0688119227595811,1.0,0.0
-4764,44151,44155,1.0718918917137994,1.0733160380840625,1.0733160380840625,1.0678918857478126,-11.894518596711977,5.109885288778507,-0.002329293051344966,2022-06-08 10:15:00+00:00,2022-06-08 11:15:00+00:00,0 days 01:00:00,A_short,0.0011633608384896332,0.0012552701018884553,62.62870289232256,73.44384785284828,1.0670773387070212,1.066503346396461,1.0691970000000002,1.069927,1.0713166612929792,1.073350653603539,1.0,1.0
-4742,44253,44253,1.0743716647447514,1.0707530683533408,1.075748977215553,1.0707530683533408,12.073293345893488,5.0860907421755766,0.002369788880709563,2022-06-09 11:45:00+00:00,2022-06-09 11:45:00+00:00,0 days 00:00:00,A_short,0.0016660391001216222,0.0016660391001216222,57.06000336671963,57.06000336671963,1.0696147242983232,1.0696147242983232,1.0716075,1.0716075,1.073600275701677,1.073600275701677,1.0,1.0
-4746,44256,44259,1.0759615192283052,1.0688715102732713,1.078456163242243,1.0688715102732713,28.559493721583486,5.089688779007242,0.005592758042684456,2022-06-09 12:30:00+00:00,2022-06-09 13:15:00+00:00,0 days 00:45:00,A_short,0.001991895674953224,0.0027410769771473416,69.36804691140631,34.75139576691325,1.0688782246544108,1.0691078777326484,1.072201,1.072359,1.075523775345589,1.0756101222673518,1.0,1.0
4848,44340,44348,1.0593769450698296,1.0579472387240032,1.0579472387240032,1.0632782838279904,-12.063610186082629,5.132393821516251,-0.002348898047388865,2022-06-10 09:30:00+00:00,2022-06-10 11:30:00+00:00,0 days 02:00:00,A_long,0.0011412164771087475,0.0010696651205117655,34.6809501700711,23.609581541866305,1.0599134674470785,1.0574861513082292,1.06249,1.060936,1.0650665325529214,1.064385848691771,1.0,1.0
4869,44354,44396,1.0523363007705966,1.0500233207362526,1.0500233207362526,1.0589300377912418,-16.38009428577932,5.118194498558425,-0.0031968486144913666,2022-06-10 13:00:00+00:00,2022-06-12 23:30:00+00:00,2 days 10:30:00,A_long,0.0019001572460397853,0.0007373973170564323,26.161505947405473,37.19880557989387,1.053935049731307,1.0501478589051865,1.058761,1.051452,1.0635869502686932,1.0527561410948136,1.0,0.0
-4883,44524,44527,1.0459542657368257,1.0474833256509781,1.0474833256509781,1.041710023047066,-12.577527440179587,5.111127879373322,-0.002462611219460809,2022-06-14 07:30:00+00:00,2022-06-14 08:15:00+00:00,0 days 00:45:00,A_short,0.001181068525706371,0.00111044371880795,79.1334717984472,79.14912904122986,1.0407472995398155,1.0406507421830593,1.043251,1.0439725000000002,1.0457547004601844,1.047294257816941,1.0,1.0
4885,44639,44641,1.043135458788644,1.0409834295582894,1.0409834295582894,1.0492897113251323,-15.603123175070266,5.090460384787384,-0.0030620075730503427,2022-06-15 12:15:00+00:00,2022-06-15 12:45:00+00:00,0 days 00:30:00,A_long,0.0017704119856800328,0.0019631983359107734,24.576354385710133,26.3701139636742,1.0438749723729055,1.0422295787144993,1.0477659999999998,1.047262,1.051657027627094,1.0522944212855005,1.0,1.0
4884,44715,44715,1.0401651869749053,1.0387714270460398,1.0387714270460398,1.043965718861881,-11.883886704018689,5.0767632114391485,-0.002339270979595582,2022-06-16 07:15:00+00:00,2022-06-16 07:15:00+00:00,0 days 00:00:00,A_long,0.0011378582445268725,0.0011378582445268725,19.24659447320137,19.24659447320137,1.0400235827323856,1.0400235827323856,1.0432025,1.0432025,1.0463814172676145,1.0463814172676145,1.0,1.0
4876,44716,44737,1.03951512748705,1.0434862896802968,1.0380245701065678,1.0434862896802968,14.285029399217306,5.078357455053991,0.0028182961528855294,2022-06-16 07:30:00+00:00,2022-06-16 12:45:00+00:00,0 days 05:15:00,A_long,0.0013554771452566148,0.0018098386883500738,15.450912636462519,60.794616034872384,1.039075005244589,1.0382892184375516,1.042889,1.0405535000000001,1.046702994755411,1.0428177815624486,1.0,1.0
-4860,44739,44744,1.0455643014295388,1.0481170322358841,1.0481170322358841,1.038328903292348,-17.493917359645266,5.0876456408069775,-0.0034427069365859063,2022-06-16 13:15:00+00:00,2022-06-16 14:30:00+00:00,0 days 01:15:00,A_short,0.00197530105924959,0.002268997657536709,72.16601034115416,69.6941053211448,1.0375361477737393,1.036922893063052,1.041258,1.042515,1.0449798522262608,1.048107106936948,1.0,1.0
4830,44830,44838,1.048645963062618,1.0469139735849045,1.0469139735849045,1.0535380792452866,-13.426286424359823,5.060777247003767,-0.0026508178584112654,2022-06-17 12:00:00+00:00,2022-06-17 14:00:00+00:00,0 days 02:00:00,A_long,0.0013200190775689963,0.0013830740734084856,29.227867999930936,22.426542205858354,1.0491705654367482,1.0469419507934332,1.0514705,1.0501605,1.0537704345632517,1.0533790492065669,1.0,1.0
-4789,45004,45005,1.0545734768363444,1.0556249260264894,1.0556249260264894,1.051845221920532,-10.088260247259427,5.052870075655055,-0.0019975359117659786,2022-06-21 07:30:00+00:00,2022-06-21 07:45:00+00:00,0 days 00:15:00,A_short,0.0008091132413533654,0.0009398981425062445,79.91831398141497,82.79876223745944,1.0509701769160404,1.0507061709289285,1.0527929999999999,1.0529095,1.0546158230839593,1.0551128290710714,1.0,1.0
-4775,45006,45007,1.05554338806216,1.0567878777710076,1.0567878777710076,1.0522763666869774,-10.985629256923481,5.043190897176688,-0.0021795933429016204,2022-06-21 08:00:00+00:00,2022-06-21 08:15:00+00:00,0 days 00:15:00,A_short,0.0009625783901720713,0.0009355679381491113,85.45732741801238,85.45732741801238,1.0504653071318206,1.0502962729044119,1.0531045,1.0532774999999999,1.0557436928681796,1.0562587270955879,1.0,1.0
4803,45099,45106,1.0474258514084893,1.0515236563437813,1.0459054478854062,1.0515236563437813,14.641129861340364,5.040627242867078,0.0029103064215159156,2022-06-22 07:15:00+00:00,2022-06-22 09:00:00+00:00,0 days 01:45:00,A_long,0.001291732082762223,0.0013077625713816053,44.85862364591652,59.7848739106694,1.0478632722587264,1.0479186244477445,1.0500099999999999,1.049824,1.0521567277412733,1.0517293755522557,1.0,1.0
-4784,45123,45124,1.0544634869035197,1.0559985791344721,1.0559985791344721,1.0502442625965833,-12.392106494839613,5.048225261962877,-0.0024565319673400853,2022-06-22 13:15:00+00:00,2022-06-22 13:30:00+00:00,0 days 00:15:00,A_short,0.001177640486007701,0.0014592884212066763,67.94395642263038,76.677556916902,1.0500002404588222,1.0497362622910795,1.0520405,1.0523425,1.0540807595411776,1.0549487377089204,1.0,1.0
-4764,45125,45128,1.0562133267439093,1.058051146105448,1.058051146105448,1.051046561683656,-13.791549412697565,5.036177974327169,-0.002740877741893308,2022-06-22 13:45:00+00:00,2022-06-22 14:30:00+00:00,0 days 00:45:00,A_short,0.0014500499650457865,0.0016357273402090625,72.99131102247274,81.45556162921686,1.0496633717286539,1.0492075565540666,1.0526025,1.0534955,1.0555416282713463,1.0577834434459332,1.0,1.0
-4738,45129,45195,1.0592430494389837,1.0534513815752475,1.0613028728082508,1.0534513815752475,22.435949231309372,5.004973107072714,0.004470476016564029,2022-06-22 14:45:00+00:00,2022-06-23 07:15:00+00:00,0 days 16:30:00,A_short,0.0016189636948478704,0.0013295568936458474,82.26861239089374,26.843745894479525,1.0488868624748295,1.0547695818125387,1.0538859999999999,1.056629,1.0588851375251702,1.0584884181874614,1.0,1.0
4788,45196,45196,1.0530763684952318,1.051384531727625,1.051384531727625,1.0577664048171254,-13.138593838435208,5.0380793951335185,-0.0026057627915812,2022-06-23 07:30:00+00:00,2022-06-23 07:30:00+00:00,0 days 00:00:00,A_long,0.0015736159744930746,0.0015736159744930746,21.339133740579314,21.339133740579314,1.0533176881322108,1.0533176881322108,1.0563639999999999,1.0563639999999999,1.059410311867789,1.059410311867789,1.0,1.0
4784,45197,45201,1.0511661936924568,1.0492116608306081,1.0492116608306081,1.0567650175081753,-14.374589039103146,5.024103828019172,-0.0028584650145144193,2022-06-23 07:45:00+00:00,2022-06-23 08:45:00+00:00,0 days 01:00:00,A_long,0.0015278005112273104,0.0015000326005167903,20.4659022753183,21.723374883199156,1.0521641247612008,1.0488425547358582,1.0560485,1.0547345000000001,1.059932875238799,1.060626445264142,1.0,1.0
-4738,45388,45417,1.0580331601779145,1.059190838165231,1.059190838165231,1.054987485504307,-10.500781955980894,5.015703652074912,-0.002094726394128766,2022-06-27 07:30:00+00:00,2022-06-27 14:45:00+00:00,0 days 07:15:00,A_short,0.0008296053415556297,0.0011799418197247047,71.8546784278644,66.46054396230105,1.0547162424760774,1.0560518865044533,1.0562735,1.0577260000000002,1.0578307575239227,1.059400113495547,1.0,1.0
4738,45503,45503,1.0561466494609484,1.0548864138831722,1.0548864138831722,1.0594607583504836,-10.972033494565924,5.001037327062221,-0.002192642575375564,2022-06-28 12:15:00+00:00,2022-06-28 12:15:00+00:00,0 days 00:00:00,A_long,0.0009925899732645162,0.0009925899732645162,24.07056369294743,24.07056369294743,1.0562749470917419,1.0562749470917419,1.058165,1.058165,1.0600550529082582,1.0600550529082582,1.0,1.0
4729,45504,45504,1.0557366119378395,1.0544688920320826,1.0544688920320826,1.0592333239037524,-10.984628348461328,4.989580914136881,-0.0022001914411950785,2022-06-28 12:30:00+00:00,2022-06-28 12:30:00+00:00,0 days 00:00:00,A_long,0.0010589113101625795,0.0010589113101625795,17.955633527098186,17.955633527098186,1.05543142826703,1.05543142826703,1.057939,1.057939,1.0604465717329699,1.0604465717329699,1.0,1.0
4725,45505,45506,1.0543764874709425,1.0530193064278048,1.0530193064278048,1.0581020807165853,-11.391402991911164,4.978722563085791,-0.002286544672358744,2022-06-28 12:45:00+00:00,2022-06-28 13:00:00+00:00,0 days 00:15:00,A_long,0.0010670564688075703,0.001178115606299896,16.178561145109285,13.52515720461912,1.0546209884933824,1.0537090951445311,1.057706,1.057456,1.0607910115066177,1.0612029048554688,1.0,1.0
4721,45507,45511,1.0529063529368696,1.0514062612724402,1.0514062612724402,1.0570612161826798,-12.049162673612448,4.967229925841076,-0.0024240028226775213,2022-06-28 13:15:00+00:00,2022-06-28 14:15:00+00:00,0 days 01:00:00,A_long,0.0011437001921265806,0.0012134005172805102,15.823213580805302,15.342532816933684,1.052993734610489,1.0509301690781483,1.0571665000000001,1.0559129999999999,1.0613392653895113,1.0608958309218515,1.0,1.0
4731,45605,45615,1.0482559273699046,1.0464810810077287,1.0464810810077287,1.053236756976814,-13.351898532771198,4.9551003933172915,-0.002692295643341271,2022-06-29 13:45:00+00:00,2022-06-29 16:15:00+00:00,0 days 02:30:00,A_long,0.001374441494418138,0.0011021221183701003,26.98179207881458,28.60759064150949,1.04876394194768,1.0449787516826163,1.0514769999999998,1.049159,1.0541900580523196,1.0533392483173836,1.0,1.0
-4732,45706,45709,1.0450543481046255,1.0471804093704595,1.0471804093704595,1.0389387718886216,-15.0107493461127,4.950227436186052,-0.003035419784937445,2022-06-30 15:00:00+00:00,2022-06-30 15:45:00+00:00,0 days 00:45:00,A_short,0.0017160734342208067,0.001682664691846812,68.49036456823774,76.12134047947093,1.0376290809469577,1.0368070455979568,1.0410835,1.041906,1.0445379190530424,1.0470049544020432,1.0,1.0
4730,45791,45793,1.0424753983855912,1.0408932733443974,1.0408932733443974,1.0469201799668078,-12.410618353488172,4.927166908641423,-0.0025169029227184473,2022-07-01 12:15:00+00:00,2022-07-01 12:45:00+00:00,0 days 00:30:00,A_long,0.0012295248068240126,0.0012274208549033572,22.961968336706576,23.59104800919968,1.0425696253049743,1.0413467740138536,1.0450635,1.04469,1.0475573746950255,1.0480332259861462,1.0,1.0
4726,45794,45798,1.0407652418867717,1.039197094974116,1.039197094974116,1.0450887150776518,-12.32601331121269,4.914951002002278,-0.0025059715448969232,2022-07-01 13:00:00+00:00,2022-07-01 14:00:00+00:00,0 days 01:00:00,A_long,0.0012184314075828866,0.0016197992974217312,21.808103401043496,14.586226546842909,1.040568004782322,1.0378429690766287,1.044437,1.0432109999999999,1.048305995217678,1.0485790309233711,1.0,1.0
4707,45898,45962,1.0424053919792067,1.0412781652156666,1.0412781652156666,1.0454055043530004,-10.20980562784113,4.903949251858134,-0.0020808301250428993,2022-07-04 15:00:00+00:00,2022-07-05 07:00:00+00:00,0 days 16:00:00,A_long,0.0009105473442408475,0.001031604279904218,40.042836140625596,22.995426159366176,1.0427499435624825,1.0417017368797836,1.0447765,1.0433949999999999,1.0468030564375175,1.045088263120216,1.0,1.0
4706,45963,45963,1.0403752061940585,1.0390520748641148,1.0390520748641148,1.0440037754076554,-11.119548431045272,4.892892392329882,-0.002271146944299747,2022-07-05 07:15:00+00:00,2022-07-05 07:15:00+00:00,0 days 00:00:00,A_long,0.0011740570425836545,0.0011740570425836545,17.452308227834138,17.452308227834138,1.0404678900476672,1.0404678900476672,1.0431725,1.0431725,1.045877109952333,1.045877109952333,1.0,1.0
4704,45964,45965,1.0386450478648437,1.0371511315488995,1.0371511315488995,1.0427866053533013,-11.909654964182637,4.882272613981124,-0.0024376127444652104,2022-07-05 07:30:00+00:00,2022-07-05 07:45:00+00:00,0 days 00:15:00,A_long,0.0011975161035724957,0.001303180623096184,15.583645136868554,14.845345952518585,1.039322007822044,1.038336860337331,1.042902,1.0426285,1.046481992177956,1.0469201396626688,1.0,1.0
4697,45966,45966,1.0375549481082862,1.0359061832522845,1.0359061832522845,1.0421614502431462,-12.613771995640468,4.869523467000301,-0.0025882922408864643,2022-07-05 08:00:00+00:00,2022-07-05 08:00:00+00:00,0 days 00:00:00,A_long,0.0014427565400167027,0.0014427565400167027,11.20978522810124,11.20978522810124,1.0369648440631956,1.0369648440631956,1.0422514999999999,1.0422514999999999,1.0475381559368042,1.0475381559368042,1.0,1.0
4694,45967,45967,1.0356047696447201,1.0337786921519798,1.0337786921519798,1.0407039235440603,-13.428450735759963,4.856842984836855,-0.0027624141057404137,2022-07-05 08:15:00+00:00,2022-07-05 08:15:00+00:00,0 days 00:00:00,A_long,0.0016437223346811433,0.0016437223346811433,8.752931611996857,8.752931611996857,1.0352758833014946,1.0352758833014946,1.0417744999999998,1.0417744999999998,1.048273116698505,1.048273116698505,1.0,1.0
4690,45968,45969,1.0335845847747698,1.0315275331983826,1.0315275331983826,1.0394174004048524,-14.490259809902714,4.8426879166470425,-0.0029892160553526533,2022-07-05 08:30:00+00:00,2022-07-05 08:45:00+00:00,0 days 00:15:00,A_long,0.0016485593567236447,0.001775418109160513,8.064930294958828,6.382759314177363,1.0337158232201993,1.0318714938734586,1.0412415,1.0406035,1.0487671767798006,1.0493355061265415,1.0,1.0
4689,45970,45973,1.0308143312649864,1.0285694982690072,1.0285694982690072,1.037091505192978,-15.354247306489,4.828225388342448,-0.003176638907152011,2022-07-05 09:00:00+00:00,2022-07-05 09:45:00+00:00,0 days 00:45:00,A_long,0.0018093623612724418,0.0017734841800638515,15.483337333802638,12.206621678781744,1.0305712663697404,1.0269321459061485,1.0400115,1.0379939999999999,1.0494517336302598,1.0490558540938513,1.0,1.0
4694,45988,45993,1.026403927662768,1.0244594910759564,1.0244594910759564,1.0317815267721306,-13.940561782273145,4.813376443779786,-0.00289346934100649,2022-07-05 13:30:00+00:00,2022-07-05 14:45:00+00:00,0 days 01:15:00,A_long,0.0015433675562537043,0.001556075733417739,24.023365231156504,17.61683960264253,1.0270690235727726,1.0245615847750786,1.029466,1.028208,1.0318629764272274,1.0318544152249214,1.0,1.0
4750,46252,46252,1.0114325576116998,1.0096761131801273,1.0096761131801273,1.0162916604596184,-13.143244143100077,4.800133093130589,-0.00273572246230844,2022-07-08 07:30:00+00:00,2022-07-08 07:30:00+00:00,0 days 00:00:00,A_long,0.001819807147685922,0.001819807147685922,15.305549084640646,15.305549084640646,1.0108656014534183,1.0108656014534183,1.0149314999999999,1.0149314999999999,1.0189973985465814,1.0189973985465814,1.0,1.0
4754,46253,46263,1.00779222447971,1.014251305731669,1.005516231422777,1.014251305731669,25.90007480050137,4.806397471312448,0.0054059352260493986,2022-07-08 07:45:00+00:00,2022-07-08 10:15:00+00:00,0 days 02:30:00,A_long,0.0020424995279944647,0.00150725757597167,35.64534177344986,58.48670207663742,1.0102793065972,1.0078377421818285,1.0146484999999998,1.0128854999999999,1.0190176934027997,1.0179332578181712,1.0,1.0
4761,46348,46357,1.0118425951348085,1.0105452731970328,1.0105452731970328,1.0154441804089018,-10.99084406631383,4.814294320563948,-0.002281497026357192,2022-07-11 07:30:00+00:00,2022-07-11 09:45:00+00:00,0 days 02:15:00,A_long,0.000996524913254169,0.0010763899174606323,14.117408277424843,26.849220554455144,1.0118686854967294,1.0099135387317424,1.0141820000000001,1.012602,1.016495314503271,1.0152904612682576,1.0,1.0
4779,46371,46397,1.0057320359489685,1.0038906069408842,1.0038906069408842,1.0108481791773476,-13.602182534820516,4.801993305185302,-0.0028300185613990714,2022-07-11 13:15:00+00:00,2022-07-11 19:45:00+00:00,0 days 06:30:00,A_long,0.0014082283204724924,0.001063457577710725,27.4696807017545,32.28773361546152,1.006220855984882,1.0042508801006995,1.0099245,1.006753,1.0136281440151178,1.0092551198993005,1.0,0.0
-4767,46460,46475,1.0051879969981512,1.0071297575320648,1.0071297575320648,0.9996507274038058,-14.052731833088876,4.79635936792277,-0.0029327045487832397,2022-07-12 11:30:00+00:00,2022-07-12 15:15:00+00:00,0 days 03:45:00,A_short,0.0015797137731578435,0.0014350550270680713,67.56300521762563,68.97915583845358,0.998892416575836,1.0020086519146818,1.001552,1.004524,1.0042115834241638,1.0070393480853181,1.0,1.0
4774,46540,46551,1.001101612212399,1.005738039518965,0.999447320160345,1.005738039518965,17.343977712863285,4.790326248682766,0.0036290097192746623,2022-07-13 07:30:00+00:00,2022-07-13 10:15:00+00:00,0 days 02:45:00,A_long,0.0012398243286397587,0.001227669971189066,29.358995541328454,67.95246346052232,1.0017415772050993,1.0015403432027086,1.0034399999999999,1.0034505,1.0051384227949005,1.0053606567972915,1.0,1.0
4809,46660,46660,0.9972712616916515,0.9955246901949262,0.9955246901949262,1.0021059294152215,-13.190940194063252,4.791677866311276,-0.0027504747986177355,2022-07-14 13:30:00+00:00,2022-07-14 13:30:00+00:00,0 days 00:00:00,A_long,0.001533612636997781,0.001533612636997781,12.015192266179426,12.015192266179426,0.99706591682989,0.99706591682989,1.001202,1.001202,1.00533808317011,1.00533808317011,1.0,1.0
4805,46661,46666,0.9954110914648655,1.000851005493192,0.9934896648356027,1.000851005493192,21.342767218167356,4.796019687941733,0.004462259882307376,2022-07-14 13:45:00+00:00,2022-07-14 15:00:00+00:00,0 days 01:15:00,A_long,0.0017451309520647453,0.0020956987345975165,37.742109088047904,55.29207809305315,0.9966654915016735,0.9961501304384586,1.001004,0.99983,1.0053425084983265,1.0035098695615414,1.0,1.0
-4739,46827,46837,1.0135872282320209,1.0153048802368634,1.0153048802368634,1.0088053592894095,-12.947412701965767,4.807459851017022,-0.002695474038127441,2022-07-18 07:15:00+00:00,2022-07-18 09:45:00+00:00,0 days 02:30:00,A_short,0.0013735246155124655,0.0012032142809107482,78.6148770967057,70.82499341341594,1.0073284842030377,1.0075580730472475,1.0102084999999998,1.0122399999999998,1.013088515796962,1.016921926952752,1.0,1.0
-4700,46924,46924,1.019176716636465,1.0207344712285848,1.0207344712285848,1.0149165863142453,-12.115237874446542,4.793791291482867,-0.0025292082756359947,2022-07-19 07:30:00+00:00,2022-07-19 07:30:00+00:00,0 days 00:00:00,A_short,0.0015491181095335777,0.0015491181095335777,87.25761602859257,87.25761602859257,1.0106780060887794,1.0106780060887794,1.015031,1.015031,1.0193839939112206,1.0193839939112206,1.0,1.0
-4680,46925,46925,1.0209565537312613,1.0228989417314402,1.0228989417314402,1.015463174805679,-13.87299770022037,4.782621859382721,-0.00290346904290552,2022-07-19 07:45:00+00:00,2022-07-19 07:45:00+00:00,0 days 00:00:00,A_short,0.0017919023615957802,0.0017919023615957802,91.2554181997927,91.2554181997927,1.0098182297818845,1.0098182297818845,1.0155910000000001,1.0155910000000001,1.0213637702181158,1.0213637702181158,1.0,1.0
-4653,46926,46934,1.024046270935149,1.0262702828339147,1.0262702828339147,1.0176691514982554,-15.11838882730078,4.770061462343727,-0.003172874378696989,2022-07-19 08:00:00+00:00,2022-07-19 10:00:00+00:00,0 days 02:00:00,A_short,0.0018196487133830099,0.0020807533068074573,84.51974808831295,71.79941490140337,1.0094482988118045,1.0124026584661256,1.0160765,1.020342,1.0227047011881956,1.0282813415338745,1.0,1.0
4662,47033,47060,1.018913242179635,1.016591638746268,1.016591638746268,1.025545083761196,-15.568077083795558,4.74476187743828,-0.003277370177942286,2022-07-20 10:45:00+00:00,2022-07-20 17:30:00+00:00,0 days 06:45:00,A_long,0.0019605942388064355,0.0013883443766693365,30.97981838577499,23.66793425185297,1.0201465174861128,1.016851359648186,1.023528,1.0205065,1.0269094825138871,1.024161640351814,1.0,1.0
4652,47119,47135,1.0179431534054508,1.0230119078795126,1.0161693640401623,1.0230119078795126,18.832584340786404,4.747261472548825,0.003976918484962538,2022-07-21 08:15:00+00:00,2022-07-21 12:15:00+00:00,0 days 04:00:00,A_long,0.0013967926376604858,0.002022947974503507,36.20234651385295,77.73048076349355,1.0185611634087173,1.0161163960832862,1.0210495,1.019031,1.0235378365912826,1.0219456039167139,1.0,1.0
-4641,47136,47136,1.0241162645287647,1.0266375375694043,1.0266375375694043,1.0169273872917872,-16.46000237937741,4.758774197768801,-0.0034631321311167345,2022-07-21 12:30:00+00:00,2022-07-21 12:30:00+00:00,0 days 00:00:00,A_short,0.002254554911236371,0.002254554911236371,84.29059797112365,84.29059797112365,1.0146654825937012,1.0146654825937012,1.019369,1.019369,1.0240725174062988,1.0240725174062988,1.0,1.0
-4610,47137,47139,1.0275459506159281,1.0195036023195487,1.0303254658934837,1.0195036023195487,32.35677642679275,4.718449219516273,0.0068306663227123655,2022-07-21 12:45:00+00:00,2022-07-21 13:15:00+00:00,0 days 00:30:00,A_short,0.0022272809230715063,0.0032905354488848167,75.86692705772352,39.063061129781886,1.0140805223931746,1.014073281552373,1.0197129999999999,1.0197475,1.0253454776068252,1.025421718447627,1.0,1.0
4704,47213,47236,1.014002792817528,1.0199962099522164,1.0118812633492613,1.0199962099522164,23.409068547060187,4.783965654514439,0.004907696180477043,2022-07-22 07:45:00+00:00,2022-07-22 13:30:00+00:00,0 days 05:45:00,A_long,0.0016971986922002815,0.0016250657614554694,21.302960254325654,64.90811798194721,1.015072207947399,1.0139322572223999,1.0185134999999998,1.0170525000000001,1.0219547920526006,1.0201727427776004,1.0,1.0
-4683,47238,47323,1.0232663423205755,1.0257604683919137,1.0257604683919137,1.016158594824259,-16.477788669360336,4.797796277283293,-0.0034386350172673176,2022-07-22 14:00:00+00:00,2022-07-25 11:15:00+00:00,2 days 21:15:00,A_short,0.002032338283048778,0.0014010443484255104,79.20434053184887,67.06766886920046,1.0129026237199825,1.018128209013612,1.0178735,1.022025,1.0228443762800177,1.025921790986388,1.0,1.0
4690,47412,47414,1.0184031955045485,1.016586379053852,1.016586379053852,1.0234408628384437,-13.292919706105675,4.77205055233945,-0.0027830934255576095,2022-07-26 09:30:00+00:00,2022-07-26 10:00:00+00:00,0 days 00:30:00,A_long,0.001368281794440104,0.0014976872144905748,25.036723159704053,17.65842862536097,1.0187579633672919,1.0168408212502087,1.0215525,1.0209325,1.0243470366327083,1.0250241787497913,1.0,1.0
4691,47415,47419,1.0154429246060073,1.0135327753426113,1.0135327753426113,1.0207216739721663,-13.719472698819859,4.758962504229485,-0.0028801590345464054,2022-07-26 10:15:00+00:00,2022-07-26 11:15:00+00:00,0 days 01:00:00,A_long,0.0015499955858918244,0.0013554138059981588,17.196555880320403,19.919734543526957,1.0158274447008335,1.0126422250707423,1.0205629999999999,1.019069,1.0252985552991662,1.0254957749292577,1.0,1.0
-4670,47515,47525,1.0167569381143264,1.0129769102334,1.0181543632555334,1.0129769102334,12.913301668034117,4.739428535891941,0.0027195889726414854,2022-07-27 11:15:00+00:00,2022-07-27 13:45:00+00:00,0 days 02:30:00,A_short,0.0010574845734408168,0.0011735354888659363,62.41683190252977,37.111423871850924,1.0127028177420352,1.013203792116107,1.014412,1.0148845000000002,1.016121182257965,1.0165652078838934,1.0,1.0
4710,47528,47544,1.011112528325371,1.0159152399618938,1.0094015866793689,1.0159152399618938,17.847121413705853,4.773650394316509,0.003747552963916708,2022-07-27 14:30:00+00:00,2022-07-27 18:30:00+00:00,0 days 04:00:00,A_long,0.0013587429537891649,0.0024176884696435674,33.21558875999699,77.90549666502194,1.0115858118055607,1.0090351696749764,1.014434,1.0125454999999999,1.0172821881944394,1.0160558303250233,1.0,0.0
4708,47606,47609,1.0153929200300185,1.013299370281646,1.013299370281646,1.0213818891550621,-14.631973866731402,4.775541651393658,-0.003060781528234911,2022-07-28 10:00:00+00:00,2022-07-28 10:45:00+00:00,0 days 00:45:00,A_long,0.0016726770188112165,0.0016579530104676144,30.10127677913951,21.999807708896512,1.0166501076453376,1.0137781013506195,1.0203659999999999,1.0193195,1.0240818923546622,1.0248608986493803,1.0,1.0
4693,47715,47737,1.015542933757985,1.0216660442953363,1.0133646519015544,1.0216660442953363,23.95544688478683,4.780310867002118,0.005026381336173964,2022-07-29 13:15:00+00:00,2022-07-29 18:45:00+00:00,0 days 05:30:00,A_long,0.0017255291822105387,0.001029102337608048,26.849537304992253,69.26625529197456,1.0160755694919876,1.0167663993593232,1.0204520000000001,1.0197175,1.0248284305080126,1.0226686006406769,1.0,0.0
-4668,47793,47856,1.0258061098603408,1.0275179107267862,1.0275179107267862,1.0209262678196416,-12.783144708617487,4.792458264050355,-0.0026695716182777115,2022-08-01 08:45:00+00:00,2022-08-02 00:30:00+00:00,0 days 15:45:00,A_short,0.0013581577471233229,0.0008962157502493693,67.45372962976207,79.80878731257712,1.020754401446246,1.0249656492105472,1.0230424999999999,1.0262129999999998,1.0253305985537537,1.0274603507894524,1.0,0.0
4685,47911,47923,1.019483294345908,1.0173919743627589,1.0173919743627589,1.0253440769117232,-14.569214438003836,4.771380316950053,-0.003050327194913602,2022-08-02 14:15:00+00:00,2022-08-02 17:15:00+00:00,0 days 03:00:00,A_long,0.0016971296268963169,0.0012760458115834027,39.29776278741433,28.157658746144023,1.020014947973449,1.0178652039744585,1.0224055,1.0203685,1.024796052026551,1.0228717960255416,1.0,1.0
4693,48007,48007,1.0147428605421631,1.0128596832486483,1.0128596832486483,1.0200609502540547,-13.59552040747027,4.757769369005139,-0.0028548893301525427,2022-08-03 14:15:00+00:00,2022-08-03 14:15:00+00:00,0 days 00:00:00,A_long,0.0015588954315316386,0.0015588954315316386,24.183286175747256,24.183286175747256,1.0149749700078763,1.0149749700078763,1.0181215,1.0181215,1.0212680299921235,1.0212680299921235,1.0,1.0
4683,48008,48084,1.0140127937327255,1.0195420235535142,1.012059325482162,1.0195420235535142,21.131814646077935,4.76156860467573,0.0044500941605822774,2022-08-03 14:30:00+00:00,2022-08-04 09:30:00+00:00,0 days 19:00:00,A_long,0.0016083760406607518,0.0009207245286512063,22.172459265545868,70.6443850405124,1.014091051103172,1.0154236990907373,1.017858,1.017569,1.0216249488968279,1.0197143009092626,1.0,1.0
-4663,48108,48119,1.022756388995662,1.0245505120646243,1.0245505120646243,1.0176684638061266,-13.139291910393858,4.773296039822057,-0.0027550808284460392,2022-08-04 15:30:00+00:00,2022-08-04 18:15:00+00:00,0 days 02:45:00,A_short,0.0014639253800065258,0.0008228227030734233,62.52892978896048,74.16975843003411,1.0162043037399402,1.0185012423306072,1.0192055,1.0221475,1.0222066962600598,1.0257937576693927,1.0,0.0
4675,48193,48193,1.0174531085607599,1.015536776453293,1.015536776453293,1.0228296706401212,-13.710966458628057,4.752113856220349,-0.0028825181478117513,2022-08-05 12:45:00+00:00,2022-08-05 12:45:00+00:00,0 days 00:00:00,A_long,0.0015834392281772534,0.0015834392281772534,10.197386472042538,10.197386472042538,1.018402030824827,1.018402030824827,1.02236,1.02236,1.026317969175173,1.026317969175173,1.0,1.0
4669,48194,48297,1.0158729639595114,1.0214803812214377,1.0138798729261873,1.0214803812214377,21.42482981160879,4.756201384324926,0.00451704174845881,2022-08-05 13:00:00+00:00,2022-08-08 14:45:00+00:00,3 days 01:45:00,A_long,0.0015603139977536375,0.001070633008264645,10.183993126639521,67.91667159351212,1.0171274415876017,1.0182089497820601,1.0220065,1.0197895,1.0268855584123984,1.0213700502179397,1.0,1.0
-4664,48366,48366,1.0213665162081527,1.0222208244083282,1.0222208244083282,1.019097526775015,-8.750139123936226,4.765645678317633,-0.0018368546850828131,2022-08-09 08:00:00+00:00,2022-08-09 08:00:00+00:00,0 days 00:00:00,A_short,0.0007105954060148668,0.0007105954060148668,79.94980695040967,79.94980695040967,1.0185028731822876,1.0185028731822876,1.0200434999999999,1.0200434999999999,1.0215841268177122,1.0215841268177122,1.0,1.0
-4651,48367,48368,1.022186441161935,1.023152714487218,1.023152714487218,1.0197418565383463,-9.250573442352751,4.756436206462105,-0.0019457731222168161,2022-08-09 08:15:00+00:00,2022-08-09 08:30:00+00:00,0 days 00:15:00,A_short,0.0007585160185462051,0.0008453805494066993,83.51801607629488,87.89320618466996,1.0182162247205189,1.0178029314944679,1.0202125,1.0204505,1.022208775279481,1.023098068505532,1.0,1.0
-4633,48369,48404,1.0241862581223802,1.021256630022136,1.025314456659288,1.021256630022136,8.834698538044696,4.738268450386771,0.0018618748699751647,2022-08-09 08:45:00+00:00,2022-08-09 17:30:00+00:00,0 days 08:45:00,A_short,0.000821996476152466,0.000608285700732283,81.00046973617799,30.40719214817925,1.0176493670908455,1.0209305782980507,1.0206665,1.0227330000000001,1.0236836329091543,1.0245354217019496,1.0,1.0
-4600,48481,48490,1.0336353932604836,1.0364655299733156,1.0364655299733156,1.0255234100800532,-17.77986100246519,4.761232123437738,-0.003739410627432919,2022-08-10 12:45:00+00:00,2022-08-10 15:00:00+00:00,0 days 02:15:00,A_short,0.002248993869616901,0.0018791863728400754,77.71164362242347,76.30994464256923,1.0177479471415003,1.02001898137981,1.0242179999999999,1.0292225,1.0306880528584994,1.03842601862019,1.0,1.0
-4593,48555,48555,1.0312256138231473,1.0323661943007425,1.0323661943007425,1.0281414170977723,-9.977724720951464,4.739038587356513,-0.002106596609449364,2022-08-11 07:15:00+00:00,2022-08-11 07:15:00+00:00,0 days 00:00:00,A_short,0.0009308069949808054,0.0009308069949808054,77.08834050449916,77.08834050449916,1.0266671115675141,1.0266671115675141,1.029002,1.029002,1.0313368884324858,1.0313368884324858,1.0,1.0
-4580,48556,48561,1.032025540607325,1.033226968393977,1.033226968393977,1.0287590948180694,-10.231967508478625,4.729428245612982,-0.0021647274735448405,2022-08-11 07:30:00+00:00,2022-08-11 08:45:00+00:00,0 days 01:15:00,A_short,0.0009226993956500216,0.0010555445816745376,80.02423151267881,78.20994491704451,1.0263993463666188,1.0262355659072262,1.02923,1.0303095,1.0320606536333814,1.0343834340927738,1.0,1.0
4617,48753,48753,1.0218635121629784,1.020731030899479,1.020731030899479,1.024846907301563,-9.943995496236447,4.715329502659683,-0.0021076968786875585,2022-08-15 08:45:00+00:00,2022-08-15 08:45:00+00:00,0 days 00:00:00,A_long,0.00100847768370954,0.00100847768370954,13.068944357889222,13.068944357889222,1.0216529025891696,1.0216529025891696,1.0239255,1.0239255,1.0261980974108305,1.0261980974108305,1.0,1.0
4612,48754,48755,1.0207934142368165,1.0194798267795486,1.0194798267795486,1.0243205196613545,-10.763135446703014,4.704870093783738,-0.002286186455778467,2022-08-15 09:00:00+00:00,2022-08-15 09:15:00+00:00,0 days 00:15:00,A_long,0.0009953473258815968,0.0010733010157640392,11.598206015615247,9.306018625865946,1.0209671390889645,1.020159609679584,1.023674,1.0233735000000002,1.0263808609110354,1.0265873903204163,1.0,1.0
4608,48756,48782,1.0193732842787324,1.017982038781083,1.017982038781083,1.0231338836567507,-11.104925917498537,4.694066664329815,-0.00236412234492152,2022-08-15 09:30:00+00:00,2022-08-15 16:00:00+00:00,0 days 06:30:00,A_long,0.0010848608803288406,0.0010371397899828522,15.648767775981199,32.36060673117221,1.0196038007887025,1.0176647123669968,1.0230895,1.0195770000000002,1.0265751992112975,1.0214892876330035,1.0,1.0
4620,48843,48850,1.014302820273461,1.0132270430258068,1.0132270430258068,1.0171988709225792,-9.653684868383596,4.683593984221308,-0.002060077264441012,2022-08-16 07:15:00+00:00,2022-08-16 09:00:00+00:00,0 days 01:45:00,A_long,0.000830468925806154,0.0011475161235309406,22.601937608200032,29.906136021390253,1.0145441175130214,1.0132904323799488,1.015995,1.015285,1.0174458824869785,1.0172795676200512,1.0,1.0
-4600,48869,48869,1.0164169692310507,1.0177691073918371,1.0177691073918371,1.0127326778244887,-10.898463515850022,4.678627976232642,-0.002330963837499007,2022-08-16 13:45:00+00:00,2022-08-16 13:45:00+00:00,0 days 00:00:00,A_short,0.0011026886718824179,0.0011026886718824179,79.53719322087736,79.53719322087736,1.0112522754727806,1.0112522754727806,1.0139330000000002,1.0139330000000002,1.0166137245272198,1.0166137245272198,1.0,1.0
-4585,48870,48872,1.0175268676440978,1.0189232264062589,1.0189232264062589,1.0136303207812236,-11.070866765118824,4.668561840610442,-0.002372992680553791,2022-08-16 14:00:00+00:00,2022-08-16 14:30:00+00:00,0 days 00:30:00,A_short,0.0011063301822981056,0.0011885768924816862,72.04786553443324,80.06124056277271,1.011146418261409,1.0106714931227039,1.0141300000000002,1.0146695,1.0171135817385915,1.018667506877296,1.0,1.0
4593,49061,49062,1.0134027379056614,1.0116929496651075,1.0116929496651075,1.0181611510046773,-12.503689635370332,4.65063224650627,-0.0026863318821946157,2022-08-18 13:45:00+00:00,2022-08-18 14:00:00+00:00,0 days 00:15:00,A_long,0.0013318696863112514,0.001375620394803084,19.78341640976093,22.413740156709807,1.0137066993332144,1.0130226836416671,1.016632,1.016443,1.0195573006667855,1.0198633163583328,1.0,1.0
4613,49143,49147,1.0063420917760328,1.0051965777810703,1.0051965777810703,1.0095302666567894,-9.923870000095672,4.639613941333458,-0.0021377256773036993,2022-08-19 10:15:00+00:00,2022-08-19 11:15:00+00:00,0 days 01:00:00,A_long,0.0008598049358937012,0.0008429757782530263,27.468602795112133,19.583319904059877,1.0065821862778714,1.0050905012091913,1.0080725,1.0075755,1.0095628137221284,1.0100604987908086,1.0,1.0
4628,49229,49229,1.0009315966540369,0.9999521722095104,0.9999521722095104,1.003423483371469,-9.162821370418786,4.6300450411502485,-0.0019780236087827228,2022-08-22 07:45:00+00:00,2022-08-22 07:45:00+00:00,0 days 00:00:00,A_long,0.0007560978486869503,0.0007560978486869503,16.12725600583221,16.12725600583221,1.0008315031347714,1.0008315031347714,1.003106,1.003106,1.0053804968652287,1.0053804968652287,1.0,1.0
4621,49230,49230,1.0004615536397414,0.9994626825815757,0.9994626825815757,1.0030919522552728,-9.23660810757334,4.6208249477893535,-0.0019979110331671416,2022-08-22 08:00:00+00:00,2022-08-22 08:00:00+00:00,0 days 00:00:00,A_long,0.0007966181355286836,0.0007966181355286836,15.8265707612737,15.8265707612737,1.0004052684459424,1.0004052684459424,1.002901,1.002901,1.0053967315540577,1.0053967315540577,1.0,1.0
4628,49254,49259,0.9970212388117071,0.9955068505900799,0.9955068505900799,1.0012394482297604,-11.61929868856639,4.610709998875736,-0.0025181532434759343,2022-08-22 14:00:00+00:00,2022-08-22 15:15:00+00:00,0 days 01:15:00,A_long,0.001148385684942303,0.0013258139471529714,28.928157971794192,15.158783968803675,0.9979539772545072,0.994707251513804,1.000152,0.99886,1.0023500227454927,1.003012748486196,1.0,1.0
4633,49260,49315,0.9935309194076839,0.9918490232634164,0.9918490232634164,0.9982129302097508,-12.391357473588945,4.599132637197604,-0.002692000886291038,2022-08-22 15:30:00+00:00,2022-08-23 05:15:00+00:00,0 days 13:45:00,A_long,0.0013077054208659117,0.0006415485824635101,20.768826227151237,24.716139292054223,0.9939276335535568,0.9929392512038749,0.9985324999999999,0.994008,1.003137366446443,0.9950767487961251,1.0,0.0
-4607,49349,49349,0.9962288170153569,0.9980441755885983,0.9980441755885983,0.9911074732342053,-12.95716478538603,4.593807838463212,-0.002823141653309446,2022-08-23 13:45:00+00:00,2022-08-23 13:45:00+00:00,0 days 00:00:00,A_short,0.0017204601473209302,0.0017204601473209302,84.40207273639832,84.40207273639832,0.9895954462088601,0.9895954462088601,0.9931809999999999,0.9931809999999999,0.9967665537911397,0.9967665537911397,1.0,1.0
-4579,49350,49414,0.9996785012721249,0.9935563434696446,1.0018145521767852,0.9935563434696446,23.469849400520857,4.563511177036281,0.005127188764774861,2022-08-23 14:00:00+00:00,2022-08-24 06:00:00+00:00,0 days 16:00:00,A_short,0.001789732127678157,0.0006289087426470846,85.08027533335665,28.985755115131752,0.9888087219685133,0.9940402747726419,0.9935075000000001,0.99495,0.9982062780314869,0.9958597252273581,1.0,0.0
4635,49433,49446,0.9925808324638954,0.991318577181792,0.991318577181792,0.9959642684546243,-10.448240114403333,4.59768688185388,-0.0022710543194055604,2022-08-24 10:45:00+00:00,2022-08-24 14:00:00+00:00,0 days 03:15:00,A_long,0.0009628053687058377,0.0011969783526888465,21.281082595089373,34.64942298303359,0.9927301759943452,0.9909141959634908,0.9945235,0.993088,0.9963168240056548,0.9952618040365091,1.0,1.0
-4595,49450,49511,0.9988785744879468,1.0012486725123049,1.0012486725123049,0.9921739824630853,-15.485892771908356,4.595292349983078,-0.0033739452761672,2022-08-24 15:00:00+00:00,2022-08-25 06:15:00+00:00,0 days 15:15:00,A_short,0.0019678190366646166,0.0008651448324920197,75.11835959786693,79.10969510063856,0.9895668122905376,0.9976084833034929,0.993336,0.9991055000000001,0.9971051877094624,1.0006025166965071,1.0,0.0
-4580,49618,49619,0.9987785836399246,0.999934831878086,0.999934831878086,0.9957155043657421,-9.872670652315485,4.577053721536244,-0.002158241056856299,2022-08-26 09:00:00+00:00,2022-08-26 09:15:00+00:00,0 days 00:15:00,A_short,0.0008791563563954478,0.0009259355088760634,77.20535513503438,82.84571256067991,0.9948154185573804,0.9944479901068384,0.9968475,0.997025,0.9988795814426196,0.9996020098931617,1.0,1.0
-4563,49620,49623,1.0004084344626873,1.0015911226106513,1.0015911226106513,0.9971466321680462,-9.96416800862238,4.567561989462822,-0.0021827963972268646,2022-08-26 09:30:00+00:00,2022-08-26 10:15:00+00:00,0 days 00:45:00,A_short,0.0009078107743592641,0.0009501571174125693,80.78065774710764,81.74772689078797,0.9942500949534002,0.9941942404634263,0.9972055,0.9978605,1.0001609050465996,1.0015267595365738,1.0,1.0
-4524,49636,49638,1.0067078578880895,1.0088422762770006,1.0088422762770006,1.0007531711689983,-14.215283194915488,4.559174403481434,-0.00312125651088636,2022-08-26 13:30:00+00:00,2022-08-26 14:00:00+00:00,0 days 00:30:00,A_short,0.0016885328667226316,0.0023856091310049963,79.31739612019678,80.01335139778382,0.9970802592337012,0.9970577394155151,1.0013619999999999,1.0021324999999999,1.0056437407662986,1.0072072605844846,1.0,1.0
-4549,49720,49725,0.998178638551791,0.9997259512032038,0.9997259512032038,0.9939021463903884,-11.582959240674725,4.544233989397736,-0.002550911077384389,2022-08-29 10:30:00+00:00,2022-08-29 11:45:00+00:00,0 days 01:15:00,A_short,0.0012488536467583319,0.0013994386660949264,83.3593852286464,71.27338640254032,0.9909127070603232,0.9915226911246449,0.9946555,0.9958914999999999,0.9983982929396769,1.000260308875355,1.0,1.0
-4519,49805,49811,1.0022682642359013,1.004001038954991,1.004001038954991,0.9973968831350275,-12.363574446125785,4.533165490559821,-0.0027297176497658804,2022-08-30 07:45:00+00:00,2022-08-30 09:15:00+00:00,0 days 01:30:00,A_short,0.0013950836897157017,0.0013960175134615914,75.20038981702496,76.76284646686857,0.9980718507962845,0.9977514438718709,1.000039,1.001063,1.0020061492037153,1.0043745561281292,1.0,1.0
4523,49833,49891,0.9989614163600754,1.004509472490817,0.9969901758363944,1.004509472490817,20.563008464207996,4.530849415136293,0.004551047329617246,2022-08-30 14:45:00+00:00,2022-08-31 05:15:00+00:00,0 days 14:30:00,A_long,0.0015096507848263198,0.0005683364434391066,30.149451323617242,69.26369985422282,0.9992236732913373,1.00155067283732,1.0022769999999999,1.002992,1.0053303267086624,1.0044333271626802,1.0,0.0
4534,49899,49904,1.000841588417257,0.9997807723369502,0.9997807723369502,1.00369768298915,-9.345150999940985,4.5354108918297875,-0.00205939409846413,2022-08-31 07:15:00+00:00,2022-08-31 08:30:00+00:00,0 days 01:15:00,A_long,0.0008898866455360479,0.0013864449873659283,35.26121150842715,29.58879688575759,1.0010997346285944,0.9994104735571095,1.002984,1.0024735,1.0048682653714058,1.0055365264428904,1.0,1.0
-4503,49929,50016,1.0055879603902402,0.9986585316104752,1.0080338227965082,0.9986585316104752,26.69065681854214,4.512560976739611,0.005894368038639253,2022-08-31 14:45:00+00:00,2022-09-01 12:30:00+00:00,0 days 21:45:00,A_short,0.001967427575255995,0.0011260765219179402,74.60328223147692,22.911321918797356,0.9962789040907393,0.9994490140566776,1.000486,1.002046,1.0046930959092606,1.0046429859433224,1.0,1.0
4584,50023,50025,0.9938509486940127,0.9917782258314343,0.9917782258314343,0.9997053225056971,-14.052423670071821,4.551062068012325,-0.0030845042245715845,2022-09-01 14:15:00+00:00,2022-09-01 14:45:00+00:00,0 days 00:30:00,A_long,0.001745948010630783,0.0019886453946515717,22.422621953563905,18.248287249669815,0.995202646805239,0.9931900260335872,0.999924,0.9989520000000001,1.004645353194761,1.0047139739664128,1.0,1.0
-4546,50092,50101,0.9988985726575513,0.9999404943981928,0.9999404943981928,0.9961785168054217,-9.279937432373686,4.543361199417706,-0.0020435921424318357,2022-09-02 07:30:00+00:00,2022-09-02 09:45:00+00:00,0 days 02:15:00,A_short,0.0008179126209170078,0.00110062082992153,84.6197985779819,74.46002745820876,0.9949872651888241,0.9958647711852175,0.9968824999999999,0.997908,0.9987777348111757,0.9999512288147825,1.0,1.0
4582,50307,50310,0.9891305167206633,0.9874312548621924,0.9874312548621924,0.9938262354134226,-12.314320854210045,4.528303018696322,-0.002717075955934083,2022-09-06 13:15:00+00:00,2022-09-06 14:00:00+00:00,0 days 00:45:00,A_long,0.001281315932861024,0.0014925306976283435,25.432814827876214,19.58835962967906,0.9892887495527921,0.9876840454686735,0.99312,0.9921624999999998,0.9969512504472079,0.9966409545313262,1.0,1.0
-4555,50382,50396,0.9922691794336755,0.9878959825907387,0.9938613391364204,0.9878959825907387,15.410085463066517,4.509826156510604,0.003409472280349821,2022-09-07 08:00:00+00:00,2022-09-07 11:30:00+00:00,0 days 03:30:00,A_short,0.001219744931859183,0.0012991120857359022,69.57008559212167,41.97932731271322,0.9872894562230073,0.9887701997402111,0.9895965,0.9905005000000001,0.9919035437769926,0.9922308002597892,1.0,1.0
-4561,50409,50416,0.9941290092068895,0.996134423726208,0.996134423726208,0.9884367288213762,-13.685491381415426,4.5387957588039285,-0.0030182664503259713,2022-09-07 14:45:00+00:00,2022-09-07 16:30:00+00:00,0 days 01:45:00,A_short,0.0015791949133723854,0.0013014359534445435,73.59121421809243,76.82620435458566,0.9866311004884117,0.9865146347241879,0.990338,0.992127,0.9940448995115884,0.9977393652758121,1.0,1.0
4550,50499,50543,0.9937709413724305,1.0032386398164461,0.9905337867278513,1.0032386398164461,38.534831123066404,4.543196797204695,0.008522279431641456,2022-09-08 13:15:00+00:00,2022-09-09 00:15:00+00:00,0 days 11:00:00,A_long,0.002767265140996292,0.0006356649210081086,33.86155397865828,90.76978685054267,0.9961785446675674,0.9985200681733222,1.0000404999999999,1.0003170000000001,1.0039024553324323,1.002113931826678,1.0,0.0
-4514,50571,50586,1.0099775586184174,1.0058097001305495,1.0114767666231501,1.0058097001305495,14.264081371239449,4.549631842996418,0.003128747595952587,2022-09-09 07:15:00+00:00,2022-09-09 11:00:00+00:00,0 days 03:45:00,A_short,0.001336553672275156,0.001376346825384083,82.87360860497358,35.59012155154004,1.0051146760315004,1.006082913070281,1.0074125,1.0088380000000001,1.0097103239684997,1.0115930869297192,1.0,1.0
4557,50590,50626,1.0037918584006003,1.01039,1.0019405016976468,1.00901849490706,25.478417904098404,4.5893133643657675,0.00556993028326401,2022-09-09 12:00:00+00:00,2022-09-11 21:00:00+00:00,2 days 09:00:00,A_long,0.001473970996144078,0.0013561445342295721,33.35562099484777,82.51235643943066,1.0043294065888368,1.0025569693442067,1.0083224999999998,1.004775,1.0123155934111627,1.0069930306557933,1.0,0.0
-4525,50667,50667,1.0161569930261931,1.018148055809433,1.018148055809433,1.010595832571701,-13.612174267150674,4.602615172990604,-0.0029603843975909826,2022-09-12 07:15:00+00:00,2022-09-12 07:15:00+00:00,0 days 00:00:00,A_short,0.0018515958623682705,0.0018515958623682705,91.89654011591988,91.89654011591988,1.0034559799584375,1.0034559799584375,1.0097115,1.0097115,1.0159670200415627,1.0159670200415627,1.0,1.0
-4498,50668,50691,1.0193966965021142,1.0128342548954743,1.021721915034842,1.0128342548954743,24.947374936973,4.570487409693177,0.005440792725709596,2022-09-12 07:30:00+00:00,2022-09-12 13:15:00+00:00,0 days 05:45:00,A_short,0.0018087164140525053,0.00150254558119036,83.46128271438432,34.68452410354439,1.002927944923678,1.0109707581355882,1.0102155,1.0149085000000002,1.0175030550763218,1.0188462418644122,1.0,1.0
4587,50785,50786,1.005171984697893,1.0021395226520646,1.0021395226520646,1.0138614320438057,-18.513672346322046,4.603768942107127,-0.004015350468324591,2022-09-13 12:45:00+00:00,2022-09-13 13:00:00+00:00,0 days 00:15:00,A_long,0.002567122529064325,0.002674172858522428,11.757960169226266,9.81831040152818,1.007585126943307,1.0047066037430306,1.0152459999999999,1.0145675,1.0229068730566928,1.0244283962569696,1.0,1.0
4587,50787,50809,1.0011116131275968,0.9978109925697731,0.9978109925697731,1.0106470222906807,-19.724475494904013,4.5845289961669184,-0.004295307140867484,2022-09-13 13:15:00+00:00,2022-09-13 18:45:00+00:00,0 days 05:30:00,A_long,0.002617616477386086,0.0010912009056118558,16.619070096824217,22.353625857482243,1.002752117671642,0.9971572338218189,1.013991,1.0001065,1.025229882328358,1.0030557661781812,1.0,0.0
4586,51053,51053,0.9971412497940805,0.9958404814716001,0.9958404814716001,1.0006785555851998,-10.535230636687245,4.569907109792206,-0.002303845306357164,2022-09-16 07:45:00+00:00,2022-09-16 07:45:00+00:00,0 days 00:00:00,A_long,0.0012188744927332446,0.0012188744927332446,20.229632388013798,20.229632388013798,0.9968031060513849,0.9968031060513849,0.99892,0.99892,1.0010368939486152,1.0010368939486152,1.0,1.0
4582,51054,51078,0.9956811161752054,0.9999779481738398,0.99412735060872,0.9999779481738398,15.11602930131915,4.572054916423662,0.003313312277260598,2022-09-16 08:00:00+00:00,2022-09-16 14:00:00+00:00,0 days 06:00:00,A_long,0.0012163578937021426,0.0014487749493332937,27.128426937939437,64.50483912574381,0.9963122107291761,0.9952384453219262,0.9987495,0.997193,1.001186789270824,0.9991475546780738,1.0,1.0
-4569,51081,51081,1.001538331045339,1.003451615820999,1.003451615820999,0.9962451525370029,-13.32219767360667,4.5803995336161485,-0.002911301204068527,2022-09-16 14:45:00+00:00,2022-09-16 14:45:00+00:00,0 days 00:00:00,A_short,0.0016465003151660282,0.0016465003151660282,77.49940629449478,77.49940629449478,0.9940223269794717,0.9940223269794717,0.9977899999999998,0.9977899999999998,1.001557673020528,1.001557673020528,1.0,1.0
-4550,51082,51145,1.0029382029176506,0.997092598865402,1.0049958003781994,0.997092598865402,22.047428363674424,4.550070074056445,0.004831393038235719,2022-09-16 15:00:00+00:00,2022-09-19 06:45:00+00:00,2 days 15:45:00,A_short,0.0016349669398105587,0.0007851051331743863,66.72000217237658,19.18987310640945,0.9939241175998292,0.9972355271535056,0.9980269999999999,0.9990954999999999,1.0021298824001705,1.0009554728464942,1.0,0.0
-4588,51162,51177,0.9992985360496403,1.0006644234183493,1.0006644234183493,0.9955267297449524,-10.854606276656542,4.587915029019568,-0.0023675295850983298,2022-09-19 11:00:00+00:00,2022-09-19 14:45:00+00:00,0 days 03:45:00,A_short,0.0010809724688078052,0.001133214232785854,73.96862325136814,71.17808302633057,0.9964045277011059,0.9970376787811195,0.9977810000000001,0.9988414999999999,0.9991574722988944,1.0006453212188804,1.0,1.0
4591,51264,51333,0.9966212022037962,0.9950658093828908,0.9950658093828908,1.0009225718513277,-11.712725975874132,4.57191753509724,-0.0025598856627345916,2022-09-20 12:30:00+00:00,2022-09-21 05:45:00+00:00,0 days 17:15:00,A_long,0.0011988043345789005,0.0006788743038684253,20.47989608185958,28.775064754229447,0.997078200372531,0.9955613001588478,1.0001655,0.9963495,1.003252799627469,0.9971376998411522,1.0,0.0
4619,51370,51382,0.9879504087273259,0.9864144075914618,0.9864144075914618,0.9921167772256148,-11.654584789844293,4.55979554328824,-0.0025539576903194977,2022-09-21 15:00:00+00:00,2022-09-21 18:00:00+00:00,0 days 03:00:00,A_long,0.001156261183944276,0.0016197363538394574,24.380628611041402,18.258263740863214,0.9879578614605464,0.9846401716304688,0.9907035000000001,0.9881359999999999,0.9934491385394537,0.991631828369531,1.0,0.0
-4621,51437,51438,0.9849598484432486,0.9865426099530235,0.9865426099530235,0.9805721701409296,-11.869097366794293,4.555156430124587,-0.002607733445208495,2022-09-22 07:45:00+00:00,2022-09-22 08:00:00+00:00,0 days 00:15:00,A_short,0.0012993294105169244,0.001576752155781341,65.94820997354186,75.31368557214718,0.9809905058238153,0.9806879641941236,0.9827299999999999,0.9829604999999999,0.9844694941761845,0.9852330358058762,1.0,1.0
-4603,51439,51439,0.986219733128329,0.9882021025869376,0.9882021025869376,0.9806336922391872,-13.668978472874233,4.544131854898686,-0.0030110737766792894,2022-09-22 08:15:00+00:00,2022-09-22 08:15:00+00:00,0 days 00:00:00,A_short,0.0016425185350104976,0.0016425185350104976,77.70120866168898,77.70120866168898,0.9804286660162354,0.9804286660162354,0.9832175,0.9832175,0.9860063339837646,0.9860063339837646,1.0,1.0
-4586,51440,51440,0.9868196782164624,0.9889010222420126,0.9889010222420126,0.9810169332739621,-14.075371267324309,4.530327566151284,-0.003110197783374689,2022-09-22 08:30:00+00:00,2022-09-22 08:30:00+00:00,0 days 00:00:00,A_short,0.0019568493970090984,0.0019568493970090984,85.37565708408545,85.37565708408545,0.9795584694773214,0.9795584694773214,0.9835839999999999,0.9835839999999999,0.9876095305226784,0.9876095305226784,1.0,1.0
-4558,51441,51464,0.989849400911537,0.9828953421707672,0.992288219276411,0.9828953421707672,27.200714470943762,4.495885269484571,0.006028883144984476,2022-09-22 08:45:00+00:00,2022-09-22 14:30:00+00:00,0 days 05:45:00,A_short,0.002049269477407876,0.0018304704717721535,67.85862719670511,31.176453791633037,0.9795178235359192,0.9831970014903871,0.9838834999999999,0.98622,0.9882491764640806,0.9892429985096128,1.0,1.0
4636,51531,51532,0.9793396207420423,0.9776835431332276,0.9776835431332276,0.9839893706003173,-12.21395548832782,4.536379693862876,-0.0026901691047240134,2022-09-23 07:15:00+00:00,2022-09-23 07:30:00+00:00,0 days 00:15:00,A_long,0.001379885514891204,0.0014759007795723904,17.754640454180063,14.545088889183944,0.9797534105726639,0.9786904093480214,0.9821449999999998,0.9818659999999999,0.9845365894273358,0.9850415906519784,1.0,1.0
4633,51533,51535,0.9773494386176852,0.9754889190645132,0.9754889190645132,0.9825732428064605,-13.143537145416751,4.523750055570813,-0.0029026862040516166,2022-09-23 07:45:00+00:00,2022-09-23 08:15:00+00:00,0 days 00:30:00,A_long,0.0014244473422960764,0.0015053848926579537,18.110797235937383,20.13318623371059,0.9779371876000915,0.9760182251832817,0.9816024999999999,0.9808924999999998,0.9852678123999083,0.9857667748167179,1.0,1.0
4649,51561,51572,0.9711788739406585,0.9688030810721517,0.9688030810721517,0.9779907567835446,-15.554549100115178,4.509488054427278,-0.003445074780547142,2022-09-23 14:45:00+00:00,2022-09-23 17:30:00+00:00,0 days 02:45:00,A_long,0.0019335525590014574,0.001610697058514589,27.300121163899675,27.983067531828695,0.9715146368509585,0.9680917704842629,0.9749964999999999,0.9725360000000001,0.9784783631490414,0.9769802295157373,1.0,1.0
-4643,51628,51660,0.9689613127596873,0.961584887000774,0.9715383709997419,0.961584887000774,29.766981795890473,4.481763002743911,0.00661652077808296,2022-09-26 07:30:00+00:00,2022-09-26 15:30:00+00:00,0 days 08:00:00,A_short,0.001965156833146977,0.0021411476826447237,69.04229367265869,31.6131965736094,0.9606173298448162,0.9620722811121831,0.9644815000000001,0.9650305000000001,0.968345670155184,0.9679887188878171,1.0,1.0
-4667,51855,51859,0.9702611937839767,0.9732757673169994,0.9732757673169994,0.961572698049002,-18.60425817734608,4.535243498729128,-0.004108524631420717,2022-09-28 16:15:00+00:00,2022-09-28 17:15:00+00:00,0 days 01:00:00,A_short,0.0024210541733884184,0.002283524113504135,73.58473731913732,83.14209711317213,0.9536433028549284,0.9549023281788331,0.9615335000000002,0.9644290000000002,0.9694236971450719,0.9739556718211673,1.0,1.0
4619,52024,52029,0.9764793589954789,0.9742921289914842,0.9742921289914842,0.9827636130255474,-14.60812213995731,4.505306751505891,-0.0032387942651871515,2022-09-30 10:30:00+00:00,2022-09-30 11:45:00+00:00,0 days 01:15:00,A_long,0.0017349068394836022,0.0016936802043159087,28.40081501535586,23.061925047791178,0.977119556555519,0.9737151027964727,0.9812239999999999,0.979941,0.9853284434444808,0.9861668972035272,1.0,1.0
4603,52117,52135,0.9767493837058188,0.9821587417259222,0.9748004194246925,0.9821587417259222,20.390847915855026,4.508427050681152,0.0045353537266442055,2022-10-03 09:45:00+00:00,2022-10-03 14:15:00+00:00,0 days 04:30:00,A_long,0.0015299193043886747,0.002118532335813878,25.854249798694198,73.18124690276551,0.9769096070383207,0.9746414231977699,0.980218,0.9772585000000001,0.9835263929616793,0.9798755768022304,1.0,1.0
-4599,52136,52139,0.9816901477129207,0.9843422388029767,0.9843422388029767,0.97417328359107,-16.717858395960526,4.520891472793306,-0.0037029069628362523,2022-10-03 14:30:00+00:00,2022-10-03 15:15:00+00:00,0 days 00:45:00,A_short,0.0020893946910386955,0.0020372918922109684,68.8870147620458,76.11316339986686,0.974359394024022,0.9735106240699191,0.977491,0.9783345000000001,0.980622605975978,0.9831583759300812,1.0,1.0
-4553,52203,52215,0.9881095601559496,0.9898298378407442,0.9898298378407442,0.9833504864777676,-12.335203338409045,4.502779039539474,-0.0027418491764874178,2022-10-04 07:15:00+00:00,2022-10-04 10:15:00+00:00,0 days 03:00:00,A_short,0.0013765495516485106,0.0014341326273808208,83.38530889808892,72.30652357350792,0.9806934729193885,0.9839557691406348,0.9843675,0.987014,0.9880415270806114,0.9900722308593651,1.0,1.0
4554,52327,52366,0.9853101671151135,0.9916285334830168,0.9830971555056611,0.9916285334830168,24.27235101816961,4.501489421261943,0.005409359606234123,2022-10-05 14:15:00+00:00,2022-10-06 00:00:00+00:00,0 days 09:45:00,A_long,0.0017977210236892027,0.0007742603557412335,15.8396017974882,86.94988432620285,0.9854550452129781,0.987195779062454,0.990321,0.9890895000000001,0.9951869547870219,0.9909832209375461,1.0,0.0
4565,52400,52412,0.9882804389288524,0.9866605079613191,0.9866605079613191,0.9927384761160425,-11.902787578066436,4.507802711276817,-0.0026383214098667116,2022-10-06 08:30:00+00:00,2022-10-06 11:30:00+00:00,0 days 03:00:00,A_long,0.0013200775834917178,0.00118034167355141,25.942676732622402,27.53030751792815,0.9885400260331756,0.9865224590462504,0.990941,0.9891319999999999,0.9933419739668243,0.9917415409537494,1.0,1.0
4576,52420,52429,0.9833699895667454,0.9814003598228639,0.9814003598228639,0.9889189205314085,-13.5084202674051,4.495394559403426,-0.003001937164949349,2022-10-06 13:30:00+00:00,2022-10-06 15:45:00+00:00,0 days 02:15:00,A_long,0.0016588512390427843,0.001736223261631891,33.888108913062695,24.443590448615808,0.9839023740484908,0.9803937996624766,0.9874354999999999,0.9846884999999999,0.990968625951509,0.9889832003375231,1.0,1.0
4599,52513,52513,0.975409261069317,0.9733723713801455,0.9733723713801455,0.9811228858595634,-13.848879044317194,4.481223363817539,-0.0030871969598638607,2022-10-07 12:45:00+00:00,2022-10-07 12:45:00+00:00,0 days 00:00:00,A_long,0.001796731781006015,0.001796731781006015,25.248117626214565,25.248117626214565,0.9764169587863158,0.9764169587863158,0.9796045,0.9796045,0.9827920412136841,0.9827920412136841,1.0,1.0
4587,52514,52554,0.9750792308677905,0.9728439218627928,0.9728439218627928,0.9814682344116216,-14.720924156711988,4.467561750787593,-0.003291292112238765,2022-10-07 13:00:00+00:00,2022-10-09 23:00:00+00:00,2 days 10:00:00,A_long,0.0018985008768718807,0.0006463629321003207,36.10132145804308,40.413635518856985,0.9759389129248667,0.9727938993639049,0.9793885,0.9736025000000001,0.9828380870751333,0.9744111006360954,1.0,0.0
4600,52591,52616,0.9691286863251148,0.9734184553452786,0.9675671815515737,0.9734184553452786,15.265079066911383,4.4678584258419045,0.003424205160939079,2022-10-10 08:15:00+00:00,2022-10-10 14:30:00+00:00,0 days 06:15:00,A_long,0.001195146657196743,0.0015725454749398004,27.772914855491635,56.96210809663631,0.9694515124830241,0.9690098421189337,0.9724260000000001,0.97034,0.9754004875169762,0.9716701578810663,1.0,1.0
-4606,52684,52699,0.9710211242289458,0.9724973305528778,0.9724973305528778,0.9670280083413668,-11.275329329393205,4.47592300136254,-0.002521021932727541,2022-10-11 07:30:00+00:00,2022-10-11 11:15:00+00:00,0 days 03:45:00,A_short,0.001186183177078364,0.001348635074137114,72.4980685478721,73.3939565596825,0.9668929319359671,0.9686910003084903,0.968891,0.9707355,0.9708890680640327,0.9727799996915096,1.0,1.0
-4582,52700,52717,0.9736508835319313,0.9753583620889645,0.9753583620889645,0.9688849137331066,-12.288846930043766,4.465180181717472,-0.002754563494170166,2022-10-11 11:30:00+00:00,2022-10-11 15:45:00+00:00,0 days 04:15:00,A_short,0.001267483730918842,0.001592049342651372,65.81089921914386,76.85014986591257,0.9687112992834994,0.9693409429025642,0.9709085,0.9719395000000001,0.9731057007165005,0.9745380570974359,1.0,1.0
-4561,52718,52730,0.9755007142203429,0.9698486223664552,0.9774904592111816,0.9698486223664552,21.342821783495644,4.436369162086193,0.004796938759121502,2022-10-11 16:00:00+00:00,2022-10-11 19:00:00+00:00,0 days 03:00:00,A_short,0.0015637760969645289,0.001454043460715719,73.4469275954293,27.571687561761493,0.9691585024045463,0.9691865015402623,0.972124,0.973816,0.9750894975954537,0.9784454984597377,1.0,0.0
4621,52809,52882,0.9674285307414932,0.9722913964277239,0.965689534524092,0.9722913964277239,17.98957944434774,4.481722891724476,0.004024075783316209,2022-10-12 14:45:00+00:00,2022-10-13 09:00:00+00:00,0 days 18:15:00,A_long,0.0016986695103779806,0.0010475801408348275,51.26326674574815,74.28073072195448,0.9683187148444866,0.9686386555956927,0.9702875000000001,0.9702589999999999,0.9722562851555135,0.971879344404307,1.0,1.0
-4613,52883,52884,0.9728209594933466,0.9741670961690019,0.9741670961690019,0.9691387114929946,-10.700456435183138,4.490727950385207,-0.002384437424841807,2022-10-13 09:15:00+00:00,2022-10-13 09:30:00+00:00,0 days 00:15:00,A_short,0.0011759027887235114,0.0011871157502270483,79.06409164039982,72.09676748698695,0.9681382920567798,0.9679342036027077,0.9704515,0.9706059999999999,0.9727647079432202,0.9732777963972921,1.0,1.0
4641,52897,52906,0.964958304687643,0.9735954736483863,0.9619748421172045,0.9735954736483863,35.586687104180854,4.498414042628756,0.007946345489049307,2022-10-13 12:45:00+00:00,2022-10-13 15:00:00+00:00,0 days 02:15:00,A_long,0.0025808362486855665,0.0027921338095739786,31.606561892492536,66.2705345478451,0.9671363938330412,0.964210739453847,0.9720519999999999,0.9707025,0.9769676061669587,0.977194260546153,1.0,1.0
4639,52980,52989,0.9729090322698735,0.9712808016213266,0.9712808016213266,0.9774375951360204,-12.062910298319668,4.509548319710639,-0.0026727324747162465,2022-10-14 09:30:00+00:00,2022-10-14 11:45:00+00:00,0 days 02:15:00,A_long,0.0012836432734863938,0.0014156643830516306,19.6381968471635,31.224949992119008,0.9726242397918108,0.9711028820967488,0.9766860000000002,0.9743545000000001,0.9807477602081895,0.9776061179032515,1.0,1.0
-4597,52995,52998,0.9789503984771109,0.9717554824733565,0.9814681725088812,0.9717554824733565,28.59133140189399,4.4836974673646495,0.006353297442806605,2022-10-14 13:15:00+00:00,2022-10-14 14:00:00+00:00,0 days 00:45:00,A_short,0.002333680145303107,0.0023811363790314025,51.4300161597877,41.10415502616793,0.9702103535110655,0.9700409840308333,0.9739034999999999,0.9736335,0.9775966464889343,0.9772260159691668,1.0,1.0
4626,53272,53274,0.9792196097596689,0.9775046852245238,0.9775046852245238,0.9838059443264283,-12.459144193879677,4.525903294298438,-0.002750441939472826,2022-10-19 10:30:00+00:00,2022-10-19 11:00:00+00:00,0 days 00:30:00,A_long,0.001269727337843854,0.0014220618670915913,28.784836727863578,18.257333965455885,0.9795462960424908,0.9776725457533498,0.9821424999999999,0.9814975,0.9847387039575091,0.9853224542466502,1.0,1.0
4627,53275,53370,0.9762693397763257,0.9813094227215299,0.97448352575949,0.9813094227215299,18.791605320421017,4.528858467038789,0.004160013429168867,2022-10-19 11:15:00+00:00,2022-10-20 11:00:00+00:00,0 days 23:45:00,A_long,0.0014377869514793772,0.00139963534506292,29.081593752660254,78.90708400729567,0.9770670606225408,0.9764879602541,0.9811909999999999,0.9787364999999999,0.9853149393774591,0.9809850397458998,1.0,1.0
-4616,53371,53385,0.9824900744970988,0.9842595624140755,0.9842595624140755,0.9775413127577735,-12.707214386755581,4.5392581619909915,-0.0028019242197855256,2022-10-20 11:15:00+00:00,2022-10-20 14:45:00+00:00,0 days 03:30:00,A_short,0.0014223506323878588,0.0019686385313146732,66.79455000678512,66.77166794826711,0.9763181000829632,0.9774211070076829,0.9788559999999998,0.9807725000000002,0.9813938999170365,0.9841238929923174,1.0,1.0
-4617,53452,53457,0.9795103472260356,0.9754820945239986,0.9809593018253338,0.9754820945239986,14.085342673524845,4.513100051779954,0.00311457300048105,2022-10-21 07:30:00+00:00,2022-10-21 08:45:00+00:00,0 days 01:15:00,A_short,0.0011462735405188475,0.001240366593158653,66.84621038257092,34.275593672038084,0.9756023010926226,0.9752974807128402,0.9772959999999999,0.9772415000000001,0.9789896989073773,0.97918551928716,1.0,1.0
-4594,53574,53666,0.987459619643805,0.9899306622278476,0.9899306622278476,0.9802480133164571,-15.894035108551012,4.542065477459186,-0.0035036751439279645,2022-10-24 14:00:00+00:00,2022-10-25 13:00:00+00:00,0 days 23:00:00,A_short,0.0019949227201121636,0.0011638589592655882,71.76230469007005,78.93346373882895,0.9800342248333606,0.9847795779732066,0.98345,0.986628,0.9868657751666395,0.9884764220267933,1.0,1.0
-4566,53667,53667,0.9900093862683725,0.9914966307511187,0.9914966307511187,0.9859101077466438,-11.314536545074535,4.523778236855499,-0.0025030040377658864,2022-10-25 13:15:00+00:00,2022-10-25 13:15:00+00:00,0 days 00:00:00,A_short,0.0013940110980301844,0.0013940110980301844,85.75814859492583,85.75814859492583,0.9836807043224349,0.9836807043224349,0.9869255000000001,0.9869255000000001,0.9901702956775653,0.9901702956775653,1.0,1.0
-4543,53668,53668,0.9926691428257646,0.9944128133176362,0.9944128133176362,0.9877215600470912,-12.435151707952548,4.513656663379734,-0.0027574257643906775,2022-10-25 13:30:00+00:00,2022-10-25 13:30:00+00:00,0 days 00:00:00,A_short,0.0015014762849594903,0.0015014762849594903,88.3732690121326,88.3732690121326,0.9827078794811461,0.9827078794811461,0.9872995,0.9872995,0.9918911205188539,0.9918911205188539,1.0,1.0
-4523,53669,53669,0.9942989936485274,0.9961817715419514,0.9961817715419514,0.9889746853741459,-13.017276662435286,4.501472250478268,-0.0028945199526537856,2022-10-25 13:45:00+00:00,2022-10-25 13:45:00+00:00,0 days 00:00:00,A_short,0.0016452794469648951,0.0016452794469648951,91.05001082856846,91.05001082856846,0.9817457402217559,0.9817457402217559,0.9878525,0.9878525,0.9939592597782442,0.9939592597782442,1.0,1.0
-4499,53670,53739,0.9966787758314571,0.9987443353363579,0.9987443353363579,0.9908469939909266,-13.78165650112037,4.488704288572,-0.003073478772465141,2022-10-25 14:00:00+00:00,2022-10-26 07:15:00+00:00,0 days 17:15:00,A_short,0.0018899088540362478,0.0012110057282608646,75.72347446126852,77.89487851392548,0.9815190591503692,0.9938109314322751,0.9882899999999999,0.9964414999999999,0.9950609408496306,0.9990720685677247,1.0,1.0
-4470,53740,53740,1.0000584664946095,1.0016032068739131,1.0016032068739131,0.995790379378261,-11.378703335465888,4.4737138399786485,-0.0025454223940631114,2022-10-26 07:30:00+00:00,2022-10-26 07:30:00+00:00,0 days 00:00:00,A_short,0.0014122049644927567,0.0014122049644927567,83.86976300860387,83.86976300860387,0.9932200062916584,0.9932200062916584,0.9967969999999999,0.9967969999999999,1.0003739937083413,1.0003739937083413,1.0,1.0
-4450,53741,53742,1.0021282770486704,1.0039346459573912,1.0039346459573912,0.9971560621278264,-12.501831647496399,4.463490003688487,-0.002803433886226433,2022-10-26 07:45:00+00:00,2022-10-26 08:00:00+00:00,0 days 00:15:00,A_short,0.0014452443025603887,0.0014898783955523225,85.9952551406094,79.31999688180322,0.9927210316977092,0.9925684933944446,0.9972009999999999,0.9975635,1.0016809683022905,1.0025585066055556,1.0,1.0
-4421,53771,53772,1.0058479365950983,1.0079766101783145,1.0079766101783145,0.9998301694650567,-13.862425072041551,4.4515591606426295,-0.003117355757787067,2022-10-26 15:15:00+00:00,2022-10-26 15:30:00+00:00,0 days 00:15:00,A_short,0.001646885128782664,0.001637967111611631,76.77553428529073,77.03042920801215,0.9991703424159392,0.9989333202389863,1.0025305,1.0027885,1.0058906575840607,1.0066436797610139,1.0,1.0
4419,53845,53855,1.003361819047096,1.001866751041899,1.001866751041899,1.0074797468743033,-11.037258040577413,4.430552525611635,-0.002489313668137786,2022-10-27 09:45:00+00:00,2022-10-27 12:15:00+00:00,0 days 02:30:00,A_long,0.00119212424751738,0.0017770689060229872,29.722323624151215,22.316234336202484,1.0036980587349487,1.0013606660045866,1.0061944999999999,1.0046045,1.008690941265051,1.0078483339954132,1.0,1.0
4423,53856,53858,0.9999215042190617,0.9976975173127725,0.9976975173127725,1.0062274480616826,-14.254428552634877,4.417734466117651,-0.00322304941283583,2022-10-27 12:30:00+00:00,2022-10-27 13:00:00+00:00,0 days 00:30:00,A_long,0.0019601263852199353,0.002316006040454087,39.79508164260043,25.678184098304257,1.0011147829176639,0.9992834619898191,1.0043739999999999,1.003621,1.0076332170823359,1.0079585380101812,1.0,1.0
4420,53859,53931,0.9975812900627825,0.9946907927514551,0.9946907927514551,1.0058076217456344,-17.178919419086576,4.402921303019465,-0.003896056783993887,2022-10-27 13:15:00+00:00,2022-10-28 07:15:00+00:00,0 days 18:00:00,A_long,0.0024045385683935548,0.0012051405108430002,35.95095649946305,17.97325025836085,0.9987638632748987,0.9954073315760147,1.0032510000000001,0.9977674999999999,1.0077381367251015,1.0001276684239853,1.0,1.0
4415,53932,53934,0.9948110365529991,0.9932738313869884,0.9932738313869884,0.9990585058390349,-11.17545815391448,4.388697345977523,-0.002544450661455599,2022-10-28 07:30:00+00:00,2022-10-28 08:00:00+00:00,0 days 00:30:00,A_long,0.0011564551093972606,0.0013259596155028234,19.4539090462916,16.083669215972222,0.9949227462398235,0.9939611172562677,0.9975725000000001,0.9971475,1.0002222537601766,1.0003338827437323,1.0,1.0
-4386,53955,54030,0.9987885827247268,0.9924308882257558,1.0010030372580814,0.9924308882257558,23.518103772692644,4.366744299794409,0.005368588364184028,2022-10-28 13:15:00+00:00,2022-10-31 08:00:00+00:00,2 days 18:45:00,A_short,0.0018024157975032298,0.000927843781318811,56.70031354528125,23.29893341107531,0.9933110335418416,0.9929037218736046,0.9955769999999999,0.9950089999999999,0.9978429664581583,0.9971142781263952,1.0,1.0
4438,54031,54049,0.9924808233119177,0.9912665874624175,0.9912665874624175,0.9957202376127477,-9.79071420459014,4.40193550450825,-0.0022228233564509283,2022-10-31 08:15:00+00:00,2022-10-31 12:45:00+00:00,0 days 04:30:00,A_long,0.0009214646104763018,0.0010805449978012688,20.8130038099482,27.601207757577,0.9923417279596016,0.991252186460138,0.9948355,0.992853,0.9973292720403983,0.994453813539862,1.0,1.0
4443,54054,54060,0.9890705112294766,0.9875762149764219,0.9875762149764219,0.9931513550707344,-11.030278954588658,4.391120702266404,-0.002510053214579859,2022-10-31 14:00:00+00:00,2022-10-31 15:30:00+00:00,0 days 01:30:00,A_long,0.0011492891836952888,0.0013233661976812632,35.63723584005942,28.85318362538412,0.9894109916954645,0.987079035576222,0.9923455000000001,0.990916,0.9952800083045357,0.994752964423778,1.0,1.0
4426,54151,54152,0.9904906411875605,0.9886545717202685,0.9886545717202685,0.9954362848391943,-12.506291818399323,4.379848356165025,-0.0028527700881232467,2022-11-01 14:15:00+00:00,2022-11-01 14:30:00+00:00,0 days 00:15:00,A_long,0.0014444759798060592,0.001622545849165252,27.86945696666598,22.385316256843296,0.9909351173966005,0.9898791275715432,0.993235,0.9930194999999999,0.9955348826033995,0.9961598724284567,1.0,1.0
4423,54153,54153,0.9884204517416213,0.9863729449810017,0.9863729449810017,0.9941611650569948,-13.423377999072569,4.367255596852081,-0.0030704579752810325,2022-11-01 14:45:00+00:00,2022-11-01 14:45:00+00:00,0 days 00:00:00,A_long,0.0017542064026098852,0.0017542064026098852,18.724750030536825,18.724750030536825,0.9885773720433484,0.9885773720433484,0.9926950000000001,0.9926950000000001,0.9968126279566518,0.9968126279566518,1.0,1.0
4415,54154,54262,0.9869603181227463,0.9931951430493957,0.9847749523168681,0.9931951430493957,23.15555887061958,4.371193180537503,0.005314040594903771,2022-11-01 15:00:00+00:00,2022-11-02 18:00:00+00:00,1 days 03:00:00,A_long,0.0016896455489285665,0.0021035299162815513,22.18157737938182,79.50659919541548,0.9876612493768713,0.9844044081799559,0.992417,0.9880365,0.9971727506231287,0.9916685918200441,1.0,0.0
4470,54315,54315,0.9799796793146999,0.978874217908245,0.978874217908245,0.9828973462752648,-9.319450947146436,4.378038460293282,-0.002127481211165846,2022-11-03 07:15:00+00:00,2022-11-03 07:15:00+00:00,0 days 00:00:00,A_long,0.0010183981773785845,0.0010183981773785845,11.601243889559768,11.601243889559768,0.9796822846296894,0.9796822846296894,0.9822245000000001,0.9822245000000001,0.9847667153703107,0.9847667153703107,1.0,1.0
4469,54316,54319,0.978109508172716,0.9768079221871456,0.9768079221871456,0.9816962334385629,-10.185050767653216,4.368262998139111,-0.002330050655583565,2022-11-03 07:30:00+00:00,2022-11-03 08:15:00+00:00,0 days 00:45:00,A_long,0.001087945087061438,0.0013760223277848836,10.557832695305663,21.832042323352894,0.9787267175887201,0.9770256458790055,0.9819575,0.9812559999999999,0.98518828241128,0.9854863541209943,1.0,1.0
-4448,54427,54432,0.9804402621126426,0.9760250758889356,0.9820316413703548,0.9760250758889356,15.287569411333036,4.351178911715509,0.003505520619176015,2022-11-04 11:15:00+00:00,2022-11-04 12:30:00+00:00,0 days 01:15:00,A_short,0.0012405187674784533,0.0018703456852455992,64.87983844597221,62.47494075110623,0.9760644393438458,0.976357894487859,0.9780345,0.9785329999999999,0.9800045606561543,0.9807081055121407,1.0,1.0
-4444,54434,54434,0.9845998813903684,0.9875103595126554,0.9875103595126554,0.9763889214620337,-17.31619373073023,4.382028955286519,-0.003957478886993401,2022-11-04 13:00:00+00:00,2022-11-04 13:00:00+00:00,0 days 00:00:00,A_short,0.002501370759140033,0.002501370759140033,85.33362609700285,85.33362609700285,0.974583332413665,0.974583332413665,0.97941,0.97941,0.984236667586335,0.984236667586335,1.0,1.0
-4416,54435,54439,0.9871096516757271,0.9901816449109679,0.9901816449109679,0.978175065267096,-17.93178130968714,4.365859182863423,-0.004113665464257975,2022-11-04 13:15:00+00:00,2022-11-04 14:15:00+00:00,0 days 01:00:00,A_short,0.002461187991254693,0.0028448160043106183,84.03712312048218,83.61854650459325,0.9741729784590502,0.9732960614664252,0.979906,0.982057,0.98563902154095,0.9908179385335747,1.0,1.0
-4353,54509,54510,0.9973487145132063,0.9990067926878563,0.9990067926878563,0.9926996219364312,-11.562682055674667,4.345067761423112,-0.002663317142336694,2022-11-07 08:45:00+00:00,2022-11-07 09:00:00+00:00,0 days 00:15:00,A_short,0.001425461385673931,0.001512733200917403,81.10033925736559,84.18728231364055,0.9917256304769394,0.9912069445081411,0.994501,0.994802,0.9972763695230605,0.9983970554918589,1.0,1.0
-4331,54511,54542,0.9997284966961361,1.0016452798411009,1.0016452798411009,0.9943841604766974,-12.635562713933917,4.333974913091387,-0.0029182623511033188,2022-11-07 09:15:00+00:00,2022-11-07 17:00:00+00:00,0 days 07:45:00,A_short,0.0015337021074617425,0.001493088492254986,75.5007783840487,67.46075731476398,0.9910551570332882,0.9970854381529235,0.9950669999999999,0.9991064999999999,0.9990788429667117,1.0011275618470763,1.0,1.0
-4307,54544,54606,1.0022882624055058,0.9972895639041646,1.0040768120319452,0.9972895639041646,17.223303596318974,4.306090848957876,0.003989779924778289,2022-11-07 17:30:00+00:00,2022-11-08 09:00:00+00:00,0 days 15:30:00,A_short,0.0013468086897381736,0.0012253909598272266,66.57302897950944,35.12507045778101,0.9973137209848029,0.998330606504226,0.9996130000000001,0.9998235000000001,1.0019122790151973,1.001316393495774,1.0,1.0
-4316,54631,54631,1.004168090348324,1.0057093741110894,1.0057093741110894,0.9998318776667319,-10.989496288398449,4.337315568303415,-0.0025356536614420315,2022-11-08 15:15:00+00:00,2022-11-08 15:15:00+00:00,0 days 00:00:00,A_short,0.0014105479691201108,0.0014105479691201108,83.68494034399946,83.68494034399946,0.9974112587256287,0.9974112587256287,1.0003665,1.0003665,1.0033217412743711,1.0033217412743711,1.0,1.0
-4303,54632,54632,1.0047180400124467,1.006502657562944,1.006502657562944,0.9997320273111676,-12.006350650623824,4.327141330833453,-0.00277712531094838,2022-11-08 15:30:00+00:00,2022-11-08 15:30:00+00:00,0 days 00:00:00,A_short,0.0015971415732374265,0.0015971415732374265,88.09129444002869,88.09129444002869,0.996640352266919,0.996640352266919,1.000728,1.000728,1.0048156477330812,1.0048156477330812,1.0,1.0
-4282,54633,54636,1.0068278469057164,1.008836569887885,1.008836569887885,1.0011702903363453,-12.916889326000991,4.315537516355101,-0.0029960982901259398,2022-11-08 15:45:00+00:00,2022-11-08 16:30:00+00:00,0 days 00:45:00,A_short,0.0015135226968057882,0.0014444709229281245,84.12005179311922,88.61164493791239,0.9963158260684079,0.995648681643579,1.001085,1.0022935,1.005854173931592,1.008938318356421,1.0,1.0
4300,54794,54798,0.9998314959822817,0.9985326552405407,0.9985326552405407,1.0034420342783779,-9.881498114615479,4.296482925129069,-0.0022984101086901488,2022-11-10 08:00:00+00:00,2022-11-10 09:00:00+00:00,0 days 01:00:00,A_long,0.0011544156596095148,0.0012274422845255733,32.04559057931206,24.298047323393376,1.0000536212314979,0.9984083787474434,1.002455,1.0018475,1.0048563787685023,1.0052866212525566,1.0,1.0
-4239,54817,54817,1.011867385646038,1.0158760175993675,1.0158760175993675,1.0001319472018977,-21.2903929933422,4.297802143178637,-0.0049635987148112905,2022-11-10 13:45:00+00:00,2022-11-10 13:45:00+00:00,0 days 00:00:00,A_short,0.003565346043987649,0.003565346043987649,87.99435834860085,87.99435834860085,0.9870254175331842,0.9870254175331842,0.9972295000000001,0.9972295000000001,1.0074335824668161,1.0074335824668161,1.0,1.0
-4217,54818,54821,1.012177357274907,1.0165084152527852,1.0165084152527852,0.9993947542416441,-22.541555444086754,4.27748395137464,-0.005281091130642807,2022-11-10 14:00:00+00:00,2022-11-10 14:45:00+00:00,0 days 00:45:00,A_short,0.00355796657145595,0.0031833992762929702,88.92219117473914,90.7037627466909,0.9855116801456805,0.9832510643931571,0.9979799999999999,1.0006695,1.0104483198543193,1.018087935606843,1.0,1.0
-4104,54987,54994,1.0344353200446617,1.0303484338225808,1.035923855392473,1.0303484338225808,12.53564479248429,4.236936262935581,0.0029528132749907926,2022-11-14 08:15:00+00:00,2022-11-14 10:00:00+00:00,0 days 01:45:00,A_short,0.0012626733390083368,0.0015980458022757497,59.541516360050636,32.89651767740004,1.0294710557507956,1.0291391983694065,1.0317064999999999,1.031884,1.0339419442492042,1.0346288016305936,1.0,1.0
-4103,55080,55080,1.037725018944594,1.0392092428209097,1.0392092428209097,1.0337322715372714,-10.350601202535447,4.260830638011931,-0.0024309821591891176,2022-11-15 07:30:00+00:00,2022-11-15 07:30:00+00:00,0 days 00:00:00,A_short,0.0012382309262124734,0.0012382309262124734,94.73716685641031,94.73716685641031,1.0295541785958793,1.0295541785958793,1.0333035000000002,1.0333035000000002,1.037052821404121,1.037052821404121,1.0,1.0
-4089,55081,55081,1.0387649237640253,1.040365877111455,1.040365877111455,1.034422368665635,-10.797081160030013,4.25078292238992,-0.002541979121030916,2022-11-15 07:45:00+00:00,2022-11-15 07:45:00+00:00,0 days 00:00:00,A_short,0.0014798001360508098,0.0014798001360508098,96.08672025235624,96.08672025235624,1.0288411500644568,1.0288411500644568,1.0337365000000003,1.0337365000000003,1.0386318499355438,1.0386318499355438,1.0,1.0
-4071,55082,55092,1.0405947562828326,1.0424857601632609,1.0424857601632609,1.0353827195102174,-11.938387188449585,4.240110391226024,-0.002818142337298291,2022-11-15 08:00:00+00:00,2022-11-15 10:30:00+00:00,0 days 02:30:00,A_short,0.001565160117910718,0.001496577187612213,96.32283393832164,79.4159824559165,1.0284141785502101,1.031928344933815,1.034194,1.03837,1.03997382144979,1.044811655066185,1.0,1.0
4067,55202,55219,1.0391750963703255,1.0371061858836135,1.0371061858836135,1.0449614423491593,-12.636376936921021,4.222117987463385,-0.002989920696417179,2022-11-16 14:00:00+00:00,2022-11-16 18:15:00+00:00,0 days 04:15:00,A_long,0.0016529768618347579,0.0014742679480474468,43.53196572966189,29.26443425758285,1.0398221638303138,1.0369229874505674,1.0416815,1.039114,1.043540836169686,1.0413050125494328,1.0,0.0
4075,55286,55294,1.033884612230703,1.032074052149413,1.032074052149413,1.0389778435517614,-11.587423109931652,4.209390778674486,-0.002750345038354824,2022-11-17 11:00:00+00:00,2022-11-17 13:00:00+00:00,0 days 02:00:00,A_long,0.0014358512254240442,0.0015269573384013835,26.205110227774185,24.311238221644246,1.034322443131192,1.0313801013692456,1.0375755,1.0356775,1.040828556868808,1.0399748986307544,1.0,1.0
4104,55471,55568,1.0237236823897644,1.0284452425498478,1.0220115858167174,1.0284452425498478,15.16623226300621,4.211050633976084,0.0036098370694980803,2022-11-21 09:15:00+00:00,2022-11-22 09:30:00+00:00,1 days 00:15:00,A_long,0.0013242991323708497,0.0012222710350003813,23.748134528658284,64.45859857618183,1.023914099858667,1.0242087548875647,1.026678,1.0259040000000001,1.0294419001413329,1.0275992451124356,1.0,1.0
-4076,55655,55661,1.034325330111837,1.0314888928509056,1.0353970357163647,1.0314888928509056,7.351188889157916,4.210129386398069,0.0017436778322493,2022-11-23 07:15:00+00:00,2022-11-23 08:45:00+00:00,0 days 01:30:00,A_short,0.0008696369062634763,0.0011319953616140016,62.60694411812954,36.47306201911463,1.0306726333001432,1.0307050000022147,1.0322855,1.032619,1.0338983666998567,1.0345329999977853,1.0,1.0
-4074,55686,55702,1.0367051122947668,1.0387155372767145,1.0387155372767145,1.0309333881698564,-12.418103239632039,4.227631863177107,-0.002940214406762427,2022-11-23 15:00:00+00:00,2022-11-23 19:00:00+00:00,0 days 04:00:00,A_short,0.001701110255404949,0.001409338367924378,63.229232937087886,69.63432284512785,1.0293770698265152,1.0335631754933274,1.0323935,1.0363645,1.0354099301734847,1.0391658245066724,1.0,0.0
4052,55858,55869,1.03942511925027,1.0379645585915804,1.0379645585915804,1.043426324225259,-10.126983276317407,4.208791487307589,-0.0024044593990696587,2022-11-25 10:00:00+00:00,2022-11-25 12:45:00+00:00,0 days 02:45:00,A_long,0.001195485461636358,0.0010519227477085735,43.37482804911721,25.62788704607584,1.039904847444997,1.0379778899654641,1.041347,1.0405805,1.042789152555003,1.0431831100345357,1.0,1.0
-4047,55943,55946,1.0379649969798472,1.0390510886514144,1.0390510886514144,1.0350867340457568,-8.5982550441071,4.202842049274858,-0.0020468895584771873,2022-11-28 07:15:00+00:00,2022-11-28 08:00:00+00:00,0 days 00:45:00,A_short,0.0008224529149103536,0.0011283226826838578,63.506669847481156,71.82555809629027,1.0343663927982607,1.0341057530499738,1.0360175,1.0363305,1.0376686072017394,1.0385552469500263,1.0,1.0
-4029,55948,55948,1.040514763604415,1.0421034555899913,1.0421034555899913,1.0361296332300263,-10.596274412454118,4.195434402567131,-0.0025275961352658654,2022-11-28 08:30:00+00:00,2022-11-28 08:30:00+00:00,0 days 00:00:00,A_short,0.0014772734816603263,0.0014772734816603263,85.26974209476447,85.26974209476447,1.033022620970645,1.033022620970645,1.036975,1.036975,1.040927379029355,1.040927379029355,1.0,1.0
-4010,55949,55951,1.042954540296158,1.0448227281779925,1.0448227281779925,1.0377318154660227,-11.677426829447079,4.185993423290672,-0.0027921413672015926,2022-11-28 08:45:00+00:00,2022-11-28 09:15:00+00:00,0 days 00:30:00,A_short,0.0015189703507723067,0.0014836710634689608,86.80418332873425,88.31854536287858,1.0324925453721812,1.031913484660958,1.0373965,1.038294,1.042300454627819,1.0446745153390422,1.0,1.0
4038,56066,56159,1.033084539014881,1.0388698024434013,1.0310433991855328,1.0388698024434013,19.177617908960535,4.183275815404272,0.004597190334800516,2022-11-29 14:00:00+00:00,2022-11-30 13:15:00+00:00,0 days 23:15:00,A_long,0.0016917672548929412,0.001104812520572159,34.283597307923756,73.36453319366589,1.0342084845098651,1.0348197044920577,1.0368469999999999,1.036478,1.0394855154901346,1.0381362955079423,1.0,1.0
4069,56170,56180,1.0299142488971866,1.037166308227557,1.0273578972574808,1.037166308227557,25.303154021806993,4.205475393470291,0.006037899813956968,2022-11-30 16:00:00+00:00,2022-11-30 18:30:00+00:00,0 days 02:30:00,A_long,0.0020029630918193993,0.0021361732052441167,29.294982826006787,64.70958767591455,1.0309908979341968,1.0280105678369598,1.035924,1.0337910000000001,1.0408571020658033,1.0395714321630405,1.0,0.0
4052,56234,56255,1.0404652144308384,1.0458687988703033,1.0384704003765655,1.0458687988703033,17.66841143776354,4.226912710948113,0.004190834419389593,2022-12-01 08:00:00+00:00,2022-12-01 13:15:00+00:00,0 days 05:15:00,A_long,0.0017491552835915865,0.0014802353670204187,42.61369921277151,70.5945576241501,1.0414413966309013,1.0419581785466698,1.0437910000000001,1.0440394999999998,1.046140603369099,1.0461208214533297,1.0,1.0
-4043,56256,56256,1.0468541833690261,1.0487062824404245,1.0487062824404245,1.041601152678726,-11.724212027297467,4.236175481633804,-0.002770089044274222,2022-12-01 13:30:00+00:00,2022-12-01 13:30:00+00:00,0 days 00:00:00,A_short,0.0020082039847510147,0.0020082039847510147,79.71992974909176,79.71992974909176,1.0411831870860688,1.0411831870860688,1.0443775,1.0443775,1.047571812913931,1.047571812913931,1.0,1.0
-4021,56257,56261,1.0496639261984515,1.0521698447817012,1.0521698447817012,1.0425304656548966,-14.302035419802507,4.225736796555597,-0.003388546924367956,2022-12-01 13:45:00+00:00,2022-12-01 14:45:00+00:00,0 days 01:00:00,A_short,0.002087110120117567,0.001950878264507224,72.35932173671873,81.01238012285953,1.040843843276485,1.0398130874451843,1.0446045,1.046057,1.0483651567235148,1.0523009125548157,1.0,1.0
4026,56353,56366,1.0448856189482547,1.0526974283095811,1.0421808572301396,1.0526974283095811,27.227909814570125,4.222434674130024,0.0064724958551012545,2022-12-02 13:45:00+00:00,2022-12-02 17:00:00+00:00,0 days 03:15:00,A_long,0.0023894920004547994,0.00206038335088558,24.749966267080183,68.01324363470758,1.0476615737488555,1.043309472448674,1.0523820000000002,1.0495839999999999,1.0571024262511448,1.0558585275513257,1.0,1.0
4012,56425,56425,1.0553065725843354,1.0541494634038442,1.0541494634038442,1.058351609788467,-8.87389084032285,4.2315688081922875,-0.0020959190968258233,2022-12-05 07:45:00+00:00,2022-12-05 07:45:00+00:00,0 days 00:00:00,A_long,0.0010613875416680075,0.0010613875416680075,18.95066207898563,18.95066207898563,1.0549478139178776,1.0549478139178776,1.057299,1.057299,1.0596501860821224,1.0596501860821224,1.0,1.0
4009,56426,56435,1.0539964526934271,1.0526163349499984,1.0526163349499984,1.0577109951500048,-9.75559736623699,4.2227053328312465,-0.002308759323650424,2022-12-05 08:00:00+00:00,2022-12-05 10:15:00+00:00,0 days 02:15:00,A_long,0.0010958692027789384,0.0012408233706709064,18.214408585660408,27.751819686208634,1.054289772414481,1.0528455986308434,1.057102,1.055706,1.059914227585519,1.0585664013691567,1.0,1.0
-3980,56446,56454,1.058863084216499,1.0538796342077001,1.0606667885974332,1.0538796342077001,15.629773025355268,4.204358009664157,0.0037087690638422047,2022-12-05 13:00:00+00:00,2022-12-05 15:00:00+00:00,0 days 02:00:00,A_short,0.001344125098146281,0.00175964878354689,72.0529781804344,27.637977471536317,1.0523855690600674,1.052097422040539,1.0555495000000001,1.0559135,1.0587134309399329,1.0597295779594609,1.0,1.0
-4015,56638,56748,1.0535335720169128,1.05530617918389,1.05530617918389,1.0486014624483302,-11.350513575949257,4.233495800535612,-0.0026833763229447533,2022-12-07 13:00:00+00:00,2022-12-08 16:30:00+00:00,1 days 03:30:00,A_short,0.0014159071883649752,0.0012801613255221003,71.21971726717885,77.11385368775042,1.0451566993651162,1.0502485711405898,1.0491750000000002,1.052893,1.0531933006348841,1.0555374288594104,1.0,1.0
4000,56816,56832,1.055056549704391,1.053819757851867,1.053819757851867,1.0583807264443983,-9.164920025207671,4.217752615112516,-0.002171665591710621,2022-12-09 09:30:00+00:00,2022-12-09 13:30:00+00:00,0 days 04:00:00,A_long,0.0009128415514293318,0.0016434508804555631,28.96252972735786,32.258033712976,1.0553648875284831,1.054760173419199,1.057032,1.0556575000000001,1.0586991124715168,1.0565548265808014,1.0,1.0
-3995,56909,56911,1.0539135372393973,1.055162142685774,1.055162142685774,1.0505535719426775,-9.201057428925555,4.21287867065053,-0.002185324701656292,2022-12-12 08:45:00+00:00,2022-12-12 09:15:00+00:00,0 days 00:30:00,A_short,0.0009921030508369562,0.0009218018470731059,74.6972994157624,76.10099968142225,1.0503163893835494,1.050097088172678,1.0521335,1.0524405,1.0539506106164507,1.0547839118273217,1.0,1.0
-3978,56913,56920,1.0559033551150403,1.057205473920956,1.057205473920956,1.0524235782371316,-9.382802070885198,4.202973460952597,-0.002233796501363293,2022-12-12 09:45:00+00:00,2022-12-12 11:30:00+00:00,0 days 01:45:00,A_short,0.0009713978318015915,0.0008510901239253763,80.9290437230024,83.40934642701792,1.0497953940791105,1.0511301982350802,1.052872,1.054573,1.0559486059208896,1.0580158017649197,1.0,1.0
-3939,57025,57027,1.064222593670492,1.067064720689106,1.067064720689106,1.056125837932682,-15.392708691951224,4.197570365631229,-0.003671948612099769,2022-12-13 13:45:00+00:00,2022-12-13 14:15:00+00:00,0 days 00:30:00,A_short,0.0023470760532432263,0.0022036260133248956,88.75173351142368,90.00503812305347,1.0487658095010015,1.0473377086375264,1.055115,1.0563245,1.0614641904989985,1.0653112913624738,1.0,1.0
-3921,57104,57105,1.0652025039811102,1.0664596085936966,1.0664596085936966,1.0618611742189101,-9.108230757654319,4.179123571702909,-0.002180745595501292,2022-12-14 09:30:00+00:00,2022-12-14 09:45:00+00:00,0 days 00:15:00,A_short,0.0010302728732254195,0.0009702364901287003,81.9926595584748,80.35360945801179,1.0614258368933576,1.0613290265738955,1.063397,1.0635869999999998,1.0653681631066423,1.0658449734261042,1.0,1.0
3922,57197,57198,1.0627872571522705,1.0616465571859341,1.0616465571859341,1.065940328442198,-8.639839977888451,4.16601470991722,-0.0020727731337390866,2022-12-15 08:45:00+00:00,2022-12-15 09:00:00+00:00,0 days 00:15:00,A_long,0.0009032642546032488,0.0009668290206561702,18.47981914708282,13.599324213094349,1.062785178310258,1.0619533674879023,1.064762,1.064556,1.066738821689742,1.0671586325120979,1.0,1.0
3920,57199,57215,1.06094708875588,1.0643405844743623,1.0596998051752125,1.0643405844743623,9.136939376919115,4.165563839531275,0.0021969539353751573,2022-12-15 09:15:00+00:00,2022-12-15 13:15:00+00:00,0 days 04:00:00,A_long,0.0009432518179019937,0.0012145680844737215,13.045084800697552,64.48159098542874,1.061246065629358,1.0606344866581656,1.0643335,1.061974,1.067420934370642,1.0633135133418343,1.0,1.0
-3909,57217,57218,1.0661724152069263,1.0680131508078528,1.0680131508078528,1.061040547576442,-11.366701152797408,4.171265688775886,-0.0027273528581862015,2022-12-15 13:45:00+00:00,2022-12-15 14:00:00+00:00,0 days 00:15:00,A_short,0.0015829422501157959,0.002390549950100339,66.17259211848616,81.84959247030167,1.0596453346088346,1.0582816522456868,1.0623049999999998,1.062808,1.064964665391165,1.0673343477543131,1.0,1.0
-3882,57219,57224,1.0707919923855544,1.0623140201796388,1.0737886599401205,1.0623140201796388,28.771129332975384,4.1403587703890405,0.006921436891885592,2022-12-15 14:15:00+00:00,2022-12-15 15:30:00+00:00,0 days 01:15:00,A_short,0.0024904766234202834,0.0027748741753936845,79.59552851957204,44.466516133799075,1.0577588463785257,1.057904315756822,1.063305,1.0645315,1.0688511536214742,1.071158684243178,1.0,1.0
3937,57290,57296,1.0632072955905771,1.0620153380419441,1.0620153380419441,1.0663539858741673,-8.876237623273713,4.1835007543056175,-0.002120535548241264,2022-12-16 08:00:00+00:00,2022-12-16 09:30:00+00:00,0 days 01:30:00,A_long,0.000915366969706944,0.0013183924312919245,41.537789293889254,35.34329136806561,1.0634390133803262,1.0621627080590479,1.0647565,1.0643495,1.066073986619674,1.0665362919409522,1.0,1.0
-3927,57383,57387,1.063462663225523,1.0645047863241397,1.0645047863241397,1.0608056410275808,-8.270681495458234,4.1782640871907635,-0.001980423851462261,2022-12-19 07:15:00+00:00,2022-12-19 08:15:00+00:00,0 days 01:00:00,A_short,0.000757234567434248,0.0009475673378861945,77.50442449299095,71.91263885785435,1.0591895249896244,1.0592088761623757,1.0612305,1.061692,1.0632714750103756,1.0641751238376245,1.0,1.0
3940,57418,57421,1.0580568242637234,1.0619847769955495,1.0566050743348168,1.0619847769955495,11.299651808914113,4.176481954480767,0.0027105651279100075,2022-12-19 16:00:00+00:00,2022-12-19 16:45:00+00:00,0 days 00:45:00,A_long,0.001188668535965573,0.00126853474770857,41.31332095483742,61.57775766056047,1.0589004202799854,1.0587525084431937,1.0604244999999999,1.0605295,1.0619485797200143,1.0623064915568061,1.0,1.0
3943,57503,57510,1.0599870008968937,1.0643910903752762,1.058402969874908,1.0643910903752762,13.177113406319336,4.188211406943084,0.0031527749207477954,2022-12-20 13:15:00+00:00,2022-12-20 15:00:00+00:00,0 days 01:45:00,A_long,0.0011718550903442719,0.001660631966012949,29.610483199444232,70.19859691639425,1.0604661055764364,1.059531028625334,1.062763,1.0624525,1.0650598944235634,1.065373971374666,1.0,1.0
-3945,57576,57577,1.0625227492541136,1.0634069614639365,1.0634069614639365,1.0602991156081902,-7.681613522142821,4.1933963543913535,-0.0018325979999476425,2022-12-21 07:30:00+00:00,2022-12-21 07:45:00+00:00,0 days 00:15:00,A_short,0.000641138835065386,0.0006623203237233228,72.39653557230956,76.58350789376757,1.0604224537081681,1.0602722771082236,1.0614485,1.061537,1.062474546291832,1.0628017228917763,1.0,1.0
-3936,57578,57593,1.0630826980030383,1.0607656468345963,1.063944784388468,1.0607656468345963,4.940179856347454,4.179733542640465,0.0011806485030570882,2022-12-21 08:00:00+00:00,2022-12-21 11:45:00+00:00,0 days 03:45:00,A_short,0.000727344280560211,0.0009378286600416183,75.33747820434839,36.467689342220275,1.0601774535137911,1.0606749545485101,1.0616160000000001,1.06216,1.0630545464862091,1.0636450454514899,1.0,1.0
-3945,57769,57769,1.0620627913532115,1.0629575100339514,1.0629575100339514,1.0598474698981453,-7.721267740005404,4.191602544486178,-0.0018428560414396962,2022-12-23 07:45:00+00:00,2022-12-23 07:45:00+00:00,0 days 00:00:00,A_short,0.0006962016911871479,0.0006962016911871479,78.46283581668077,78.46283581668077,1.0597415449750909,1.0597415449750909,1.0609645,1.0609645,1.0621874550249093,1.0621874550249093,1.0,1.0
-3935,57770,57771,1.0627227309501583,1.0603136739117265,1.0636554420294246,1.0603136739117265,5.302565319663616,4.177074126565758,0.0012680060346466318,2022-12-23 08:00:00+00:00,2022-12-23 08:15:00+00:00,0 days 00:15:00,A_short,0.0008033747990288691,0.0008909248258250223,55.10937026670531,41.19119270252248,1.0597557480218864,1.0596779057343437,1.061002,1.0609655,1.0622482519781136,1.0622530942656563,1.0,1.0
3937,57982,57982,1.0636173331136858,1.062559529565703,1.062559529565703,1.0663214113028903,-8.3499517225922,4.185379154184377,-0.0019940366833940074,2022-12-27 13:00:00+00:00,2022-12-27 13:00:00+00:00,0 days 00:00:00,A_long,0.0008925619803254167,0.0008925619803254167,19.781057459989242,19.781057459989242,1.0633074602665646,1.0633074602665646,1.065368,1.065368,1.0674285397334355,1.0674285397334355,1.0,1.0
3934,57983,57987,1.0624872296963372,1.0613089256236097,1.0613089256236097,1.0655932231291714,-8.812955259624577,4.177507037514336,-0.0021084508950077884,2022-12-27 13:15:00+00:00,2022-12-27 14:15:00+00:00,0 days 01:00:00,A_long,0.0008948870496153863,0.0010086982523272296,28.15117004375186,31.697698694523822,1.062908787446669,1.061411008097464,1.065233,1.0646995000000001,1.0675572125533312,1.0679879919025363,1.0,1.0
3923,58063,58076,1.0631772928449839,1.0653943235733272,1.0622952254755575,1.0653943235733272,4.522218321686402,4.175193225604517,0.0010842452410261608,2022-12-28 09:15:00+00:00,2022-12-28 12:30:00+00:00,0 days 03:15:00,A_long,0.00061822604543069,0.0008902489983387473,28.354984450151775,64.14594004793354,1.0632150883127531,1.062966671081852,1.0643545,1.064037,1.065493911687247,1.0651073289181479,1.0,1.0
-3915,58085,58089,1.066202412461333,1.062383299869885,1.0676055667100384,1.062383299869885,10.785119263630403,4.166706531888359,0.002583768056688962,2022-12-28 14:45:00+00:00,2022-12-28 15:45:00+00:00,0 days 01:00:00,A_short,0.001144242623916579,0.0013530049102554384,62.3717402440594,29.43196254161998,1.063049936187445,1.0626223489246418,1.0644505,1.064422,1.065851063812555,1.0662216510753582,1.0,1.0
3942,58090,58181,1.0619871839364485,1.0667608176769194,1.0602663941076935,1.0667608176769194,14.621901893756366,4.195762311179949,0.003492753769320634,2022-12-28 16:00:00+00:00,2022-12-29 14:45:00+00:00,0 days 22:45:00,A_long,0.0013206042555547058,0.0013092368375878403,35.092677811612305,47.330242069952085,1.0623192051580006,1.062727203696762,1.0643255,1.0645729999999998,1.0663317948419995,1.0664187963032374,1.0,1.0
3936,58374,58375,1.06732767265206,1.0664926215020651,1.0664926215020651,1.0694021354938048,-7.48611966527495,4.199358338895317,-0.001781984432527614,2023-01-02 15:00:00+00:00,2023-01-02 15:15:00+00:00,0 days 00:15:00,A_long,0.00057866224850856,0.000608173948707407,30.25408391908705,22.79327798652288,1.067408880731087,1.0670760330419806,1.0681415,1.0680634999999998,1.068874119268913,1.069050966958019,1.0,1.0
3931,58376,58377,1.0667176168249957,1.065890191261551,1.065890191261551,1.0688094262153465,-7.444250536694897,4.191640646794108,-0.001775286577833485,2023-01-02 15:30:00+00:00,2023-01-02 15:45:00+00:00,0 days 00:15:00,A_long,0.0005710840888797744,0.0006242728770291266,22.598635050829714,17.568384465578305,1.0668391783740976,1.066443214464212,1.068008,1.0678915,1.0691768216259026,1.069339785535788,1.0,1.0
3926,58378,58380,1.066077558252338,1.0652508725475651,1.0652508725475651,1.0682473823573049,-7.429365786598835,4.18379770966021,-0.0017750583956340547,2023-01-02 16:00:00+00:00,2023-01-02 16:30:00+00:00,0 days 00:30:00,A_long,0.0006943698267585743,0.0007456377809875727,39.23579868526894,25.994511488798594,1.0663215030224293,1.0654833126025478,1.0678115,1.0675165,1.0693014969775705,1.0695496873974522,1.0,1.0
3933,58442,58442,1.0624672278659417,1.0611235776582617,1.0611235776582617,1.0660692670252148,-9.46061758586884,4.176041319063346,-0.002264018642037281,2023-01-03 08:00:00+00:00,2023-01-03 08:00:00+00:00,0 days 00:00:00,A_long,0.0014556383579221609,0.0014556383579221609,10.65058322539572,10.65058322539572,1.0618593937308691,1.0618593937308691,1.0659575000000001,1.0659575000000001,1.070055606269131,1.070055606269131,1.0,1.0
3937,58443,58443,1.0588869002251384,1.0570332339704935,1.0570332339704935,1.0640202980885196,-11.463072828701042,4.165188784164101,-0.002749704733455108,2023-01-03 08:15:00+00:00,2023-01-03 08:15:00+00:00,0 days 00:00:00,A_long,0.0015282199101992063,0.0015282199101992063,9.289276887947608,9.289276887947608,1.0600460242254086,1.0600460242254086,1.0654795,1.0654795,1.0709129757745912,1.0709129757745912,1.0,1.0
3931,58444,58444,1.0576967913166035,1.0557761361077609,1.0557761361077609,1.063111591676717,-11.70412666481308,4.1540310388525885,-0.0028149765575526215,2023-01-03 08:30:00+00:00,2023-01-03 08:30:00+00:00,0 days 00:00:00,A_long,0.0016284572555059868,0.0016284572555059868,8.453267901901185,8.453267901901185,1.058416349711142,1.058416349711142,1.064943,1.064943,1.0714696502888579,1.0714696502888579,1.0,1.0
3923,58445,58446,1.0568967181007816,1.0548458512933927,1.0548458512933927,1.0626624461198217,-12.18773353525318,4.142183049866673,-0.0029394907173793464,2023-01-03 08:45:00+00:00,2023-01-03 09:00:00+00:00,0 days 00:15:00,A_long,0.0016846629547718401,0.0017293745608022494,7.030258971045541,6.470146258785903,1.0566456641347577,1.055026210771982,1.0643405000000001,1.0636735,1.0720353358652426,1.0723207892280178,1.0,1.0
-3905,58536,58536,1.0583531308915854,1.0594262606500993,1.0594262606500993,1.0555212180497018,-8.32553596898158,4.1349642619851394,-0.0020144688876089197,2023-01-04 07:30:00+00:00,2023-01-04 07:30:00+00:00,0 days 00:00:00,A_short,0.0009890771361828164,0.0009890771361828164,83.91580876330138,83.91580876330138,1.0554332349230737,1.0554332349230737,1.057172,1.057172,1.0589107650769263,1.0589107650769263,1.0,1.0
-3890,58537,58538,1.0603729460216353,1.0616368925634192,1.0616368925634192,1.056889322309742,-9.04406118358713,4.1273091360479315,-0.0021925790070364613,2023-01-04 07:45:00+00:00,2023-01-04 08:00:00+00:00,0 days 00:15:00,A_short,0.0010905335180251264,0.0014451290489551284,67.69290686967065,80.44605973819483,1.0553658762231102,1.0545976272668065,1.0573169999999998,1.057608,1.0592681237768895,1.0606183727331937,1.0,1.0
-3874,58539,58656,1.0625227492541136,1.0574275354237614,1.0643641548587461,1.0574275354237614,15.632514677363236,4.106343701421044,0.003797790391637258,2023-01-04 08:15:00+00:00,2023-01-05 13:30:00+00:00,1 days 05:15:00,A_short,0.0014591118424277703,0.0012458178053654815,75.44315013746903,19.038943723535496,1.0543069998959567,1.0582911126902625,1.0578765,1.0609709999999999,1.0614460001040436,1.0636508873097372,1.0,1.0
3909,58657,58657,1.0571267391503303,1.0555250186335614,1.0555250186335614,1.061504944099316,-10.390303360638162,4.129177860588616,-0.002514406548638831,2023-01-05 13:45:00+00:00,2023-01-05 13:45:00+00:00,0 days 00:00:00,A_long,0.001397042097983424,0.001397042097983424,14.221613168291455,14.221613168291455,1.0570053949769964,1.0570053949769964,1.060632,1.060632,1.0642586050230036,1.0642586050230036,1.0,1.0
3906,58658,58662,1.0553065725843354,1.0535335494824198,1.0535335494824198,1.0602393515527404,-11.04399299447838,4.1185647583963725,-0.002679262345561595,2023-01-05 14:00:00+00:00,2023-01-05 15:00:00+00:00,0 days 01:00:00,A_long,0.0013881031515856413,0.0017511019083938512,23.111253732513063,21.88027284543911,1.0562220820480053,1.0531306248160306,1.060366,1.058844,1.0645099179519946,1.0645573751839692,1.0,1.0
-3899,58754,58758,1.0541435161898487,1.0561020687046478,1.0561020687046478,1.0486537938860567,-11.750320022953707,4.113923767751821,-0.0028588852096146193,2023-01-06 14:00:00+00:00,2023-01-06 15:00:00+00:00,0 days 01:00:00,A_short,0.0015621607311345404,0.002431076200334544,64.19558748423395,70.9212761654787,1.0479408942700594,1.047139446816148,1.050627,1.050954,1.0533131057299405,1.054768553183852,1.0,1.0
-3879,58759,58759,1.056683283729614,1.0596372914404015,1.0596372914404015,1.0479681256787958,-15.563199665686824,4.104603755542246,-0.0037969447043878935,2023-01-06 15:15:00+00:00,2023-01-06 15:15:00+00:00,0 days 00:00:00,A_short,0.002540266040289935,0.002540266040289935,73.96701241594135,73.96701241594135,1.0464163182113349,1.0464163182113349,1.051339,1.051339,1.0562616817886652,1.0562616817886652,1.0,1.0
-3859,58760,58761,1.0580431592627166,1.061188319248348,1.061188319248348,1.0489950422549563,-16.226229522338528,4.0890571377870994,-0.0039741060542528685,2023-01-06 15:30:00+00:00,2023-01-06 15:45:00+00:00,0 days 00:15:00,A_short,0.002541563901584617,0.0023680220480399895,77.4764109034974,77.70743376915799,1.0455593400702754,1.045062601404344,1.0517715,1.052243,1.0579836599297248,1.059423398595656,1.0,1.0
-3795,58848,58853,1.0717319063569637,1.0732372397688592,1.0732372397688592,1.0675682806934224,-9.782819252917228,4.070078954773749,-0.002405282486849646,2023-01-09 13:30:00+00:00,2023-01-09 14:45:00+00:00,0 days 01:15:00,A_short,0.0012142287219538814,0.001303510656606307,81.50522337786332,75.69839598900393,1.0654222512097564,1.0652730109328838,1.068344,1.0694465000000002,1.0712657487902435,1.0736199890671165,1.0,1.0
-3769,59044,59135,1.076651456079659,1.0778900384643315,1.0778900384643315,1.0732898846070056,-8.728450454299027,4.06023344646815,-0.0021509775692657674,2023-01-11 14:30:00+00:00,2023-01-12 13:15:00+00:00,0 days 22:45:00,A_short,0.0010132500020171313,0.0013127702483324332,63.35043747262237,68.83281986419765,1.0730559935599122,1.0749199862122003,1.0746665,1.076189,1.0762770064400877,1.0774580137877998,1.0,1.0
-3739,59138,59154,1.0828208914026323,1.086350630250497,1.086350630250497,1.0724281092485088,-17.25295971189695,4.055266159730525,-0.004261392299805233,2023-01-12 14:00:00+00:00,2023-01-12 18:00:00+00:00,0 days 04:00:00,A_short,0.0030204551809144852,0.0017592874082206053,60.92392083531082,79.39128789174727,1.0736833060460067,1.0760911179770016,1.0769,1.0810465,1.0801166939539932,1.0860018820229984,1.0,0.0
3728,59224,59233,1.081548974063295,1.0799798147944801,1.0799798147944801,1.08590055561656,-9.878915416573053,4.029089662430893,-0.0024501189745373387,2023-01-13 11:30:00+00:00,2023-01-13 13:45:00+00:00,0 days 02:15:00,A_long,0.0011570226484311514,0.0010913281234541958,28.785409198088914,26.365473360378274,1.08182004657086,1.078943026197503,1.0841955,1.082474,1.0865709534291401,1.0860049738024968,1.0,1.0
3720,59307,59310,1.0814689667417128,1.0801699800182418,1.0801699800182418,1.0849700599452743,-8.852879052285456,4.020648440973516,-0.0022005311941782867,2023-01-16 08:15:00+00:00,2023-01-16 09:00:00+00:00,0 days 00:45:00,A_long,0.0010866810979364074,0.001000206925086308,19.283040934921843,25.14575965396662,1.0816177007911005,1.0799777494331317,1.0846805,1.0838865,1.0877432992088993,1.0877952505668682,1.0,1.0
-3714,59495,59495,1.0806210927461424,1.081737666027938,1.081737666027938,1.0774670019161858,-8.162453383632725,4.015500215043467,-0.002033786565832931,2023-01-18 07:15:00+00:00,2023-01-18 07:15:00+00:00,0 days 00:00:00,A_short,0.0009550921312886705,0.0009550921312886705,80.78479603763729,80.78479603763729,1.0759385761473361,1.0759385761473361,1.0781990000000001,1.0781990000000001,1.0804594238526641,1.0804594238526641,1.0,1.0
-3705,59496,59496,1.081051053392638,1.0822761105575462,1.0822761105575462,1.077691668327361,-8.546400367202494,4.007563571217716,-0.0021337759577996717,2023-01-18 07:30:00+00:00,2023-01-18 07:30:00+00:00,0 days 00:00:00,A_short,0.0010690798471168599,0.0010690798471168599,85.78438387390432,85.78438387390432,1.0754463603663014,1.0754463603663014,1.0783755,1.0783755,1.0813046396336985,1.0813046396336985,1.0,1.0
-3692,59497,59498,1.082420928010543,1.0837928958165404,1.0837928958165404,1.0786613125503792,-9.064135858527028,3.998830718784796,-0.002268133084255101,2023-01-18 07:45:00+00:00,2023-01-18 08:00:00+00:00,0 days 00:15:00,A_short,0.001175869200834617,0.0012017533073899842,85.81427665233912,88.60054377195124,1.0751239517734763,1.0747289204728274,1.078566,1.0788030000000002,1.0820080482265235,1.082877079527173,1.0,1.0
-3681,59499,59499,1.0834708319147766,1.085002103968868,1.085002103968868,1.0792336880933964,-9.627686869604386,3.9910744384938477,-0.002414009168489545,2023-01-18 08:15:00+00:00,2023-01-18 08:15:00+00:00,0 days 00:00:00,A_short,0.0012495195330713203,0.0012495195330713203,90.12253140003747,90.12253140003747,1.074456169234497,1.074456169234497,1.0791359999999999,1.0791359999999999,1.0838158307655028,1.0838158307655028,1.0,1.0
-3676,59595,59604,1.082110956381674,1.0835867171949747,1.0835867171949747,1.078159848415076,-9.405449073727244,3.98055232403388,-0.002364461458411302,2023-01-19 08:15:00+00:00,2023-01-19 10:30:00+00:00,0 days 02:15:00,A_short,0.0011211846408149685,0.0011108834875786352,71.7188818867992,64.43024337541078,1.078238666578565,1.0785049514461262,1.0799375000000002,1.0810665,1.0816363334214354,1.0836280485538736,1.0,1.0
3679,59625,59643,1.079058746179049,1.083920168907877,1.077266610364041,1.083920168907877,13.906374505055613,3.9787997143024008,0.003502991180664834,2023-01-19 15:45:00+00:00,2023-01-19 20:15:00+00:00,0 days 04:30:00,A_long,0.0013746702926370612,0.0008030424143345217,28.467432338492387,66.84952942498282,1.0792523807078584,1.078657602968541,1.08128,1.08165,1.0833076192921416,1.084642397031459,1.0,0.0
-3670,59691,59706,1.0852406699247708,1.0821173077673214,1.0864275640775596,1.0821173077673214,7.485637228774125,3.977101889064989,0.001879475424326558,2023-01-20 08:15:00+00:00,2023-01-20 12:00:00+00:00,0 days 03:45:00,A_short,0.0009222407226819214,0.0009057718517247152,59.43633038686869,31.45943477457702,1.082066921573218,1.0822967226286389,1.0833929999999998,1.083766,1.0847190784267817,1.0852352773713612,1.0,1.0
3667,59978,59981,1.0881795808394192,1.0870597379887939,1.0870597379887939,1.0911807860336185,-8.094765024314817,3.9883012910715285,-0.0020285829185810638,2023-01-25 08:00:00+00:00,2023-01-25 08:45:00+00:00,0 days 00:45:00,A_long,0.0009174114525378238,0.0009990853218446304,36.53175134326645,28.276460033591576,1.088542358905321,1.0879125167478478,1.089796,1.0895920000000001,1.091049641094679,1.0912714832521524,1.0,1.0
-3650,60007,60069,1.0909801446012484,1.0927490741981145,1.0927490741981145,1.086112777405656,-10.441898852870256,3.9853058243088375,-0.0026222238969449826,2023-01-25 15:15:00+00:00,2023-01-26 06:45:00+00:00,0 days 15:30:00,A_short,0.001386220254193945,0.0005061506068103602,78.9646239887602,58.10574621249472,1.0847445667616704,1.0909055477718965,1.0876055,1.0915545000000002,1.0904664332383296,1.0922034522281039,1.0,0.0
3645,60080,60091,1.0898497336774475,1.088692478871539,1.088692478871539,1.092842563385383,-8.18858694990682,3.970393182370528,-0.002061317118097115,2023-01-26 09:30:00+00:00,2023-01-26 12:15:00+00:00,0 days 02:45:00,A_long,0.0008613208149996681,0.0007290502165202137,25.950634082393563,31.684102644572974,1.089935541018845,1.0888114002926879,1.091377,1.0905464999999999,1.0928184589811551,1.0922815997073119,1.0,1.0
3652,60106,60274,1.0856093456335913,1.0911851664842342,1.0836182778385886,1.0911851664842342,16.388070967420717,3.9748267791271497,0.004133552840745819,2023-01-26 16:00:00+00:00,2023-01-30 10:00:00+00:00,3 days 18:00:00,A_long,0.0015595771165748974,0.0009542514736251984,31.831475013402326,75.92696679529968,1.0866895995388357,1.0845482209778767,1.089112,1.087562,1.0915344004611645,1.090575779022123,1.0,1.0
3680,60363,60365,1.0815289722328993,1.0802851875630481,1.0802851875630481,1.0848644373108551,-8.55486563907696,3.9777380540245435,-0.0021494493531224387,2023-01-31 08:15:00+00:00,2023-01-31 08:45:00+00:00,0 days 00:30:00,A_long,0.0010241423155761932,0.0010934224503661384,33.16080694391863,23.525567172455226,1.082402267978317,1.0810039788065513,1.0839755,1.0835695,1.085548732021683,1.0861350211934488,1.0,1.0
3676,60366,60384,1.080438872476342,1.084256320821318,1.0790078930595606,1.084256320821318,10.054230350850652,3.978709765281099,0.0025314719953183095,2023-01-31 09:00:00+00:00,2023-01-31 13:30:00+00:00,0 days 04:30:00,A_long,0.0011769661236506457,0.0011310416209607387,39.90408761116668,65.72952607954673,1.0807906800204448,1.0810578534963533,1.083441,1.0827779999999998,1.0860913199795554,1.0844981465036463,1.0,1.0
-3668,60387,60404,1.0855506415536398,1.086989552181026,1.086989552181026,1.081631343456922,-9.26236289656201,3.984438715309377,-0.0023261749637396995,2023-01-31 14:15:00+00:00,2023-01-31 18:30:00+00:00,0 days 04:15:00,A_short,0.0011447876862965137,0.0007894940320425441,73.84446285799015,70.69878266342279,1.081275037969723,1.0840413633484536,1.0833985,1.0857355,1.085521962030277,1.0874296366515463,1.0,0.0
-3638,60490,60504,1.091850064979042,1.0932073006340286,1.0932073006340286,1.0882180980979144,-8.912242660891746,3.974619348050175,-0.0022436820002756557,2023-02-01 16:00:00+00:00,2023-02-01 19:30:00+00:00,0 days 03:30:00,A_short,0.0010021615690205866,0.0020689373662792724,74.9308677772836,86.41315992896733,1.0885107150599072,1.0886772777151565,1.0901125,1.091565,1.091714284940093,1.0944527222848432,1.0,0.0
3621,60578,60580,1.0946401720571814,1.092276942722878,1.092276942722878,1.1013291718313662,-12.516666855822056,3.9594134363092977,-0.0031578302897446574,2023-02-02 14:00:00+00:00,2023-02-02 14:30:00+00:00,0 days 00:30:00,A_long,0.0020104302556992536,0.002372989836503025,25.64165397985019,19.83365982490028,1.095533429658828,1.0934060923180953,1.0986255,1.0979515000000002,1.1017175703411721,1.1024969076819051,1.0,1.0
3621,60581,60648,1.091339870041916,1.0884024121961964,1.0884024121961964,1.099792763411411,-14.582958261342508,3.946423401992102,-0.0036902610244450313,2023-02-02 14:45:00+00:00,2023-02-03 07:30:00+00:00,0 days 16:45:00,A_long,0.0023365911916359543,0.0007219820593244459,18.453293761814848,47.055736733501035,1.0919973028514056,1.0888079623411195,1.0974850000000003,1.0893755,1.102972697148595,1.0899430376588806,1.0,1.0
-3606,60657,60657,1.091770072300624,1.0930299707299722,1.0930299707299722,1.0883500878100836,-8.482388213813593,3.939194477584165,-0.0021545731198754563,2023-02-03 09:45:00+00:00,2023-02-03 09:45:00+00:00,0 days 00:00:00,A_short,0.0010103121938688363,0.0010103121938688363,79.59520812645684,79.59520812645684,1.087987301821472,1.087987301821472,1.08999,1.08999,1.091992698178528,1.091992698178528,1.0,1.0
-3594,60658,60672,1.0928599725440666,1.089332876102072,1.0941823746326427,1.089332876102072,8.754984063511735,3.921400549017111,0.0022290138525257134,2023-02-03 10:00:00+00:00,2023-02-03 13:30:00+00:00,0 days 03:30:00,A_short,0.0009862705680196726,0.0018593382785045708,73.8339717638889,14.688111970721408,1.0878789752592328,1.0882081107054733,1.0901575,1.0922605,1.092436024740767,1.0963128892945269,1.0,1.0
3631,60673,60678,1.084429237640254,1.0820987940657945,1.0820987940657945,1.0910236178026167,-12.39517226042496,3.933331641562331,-0.0031479302400042614,2023-02-03 13:45:00+00:00,2023-02-03 15:00:00+00:00,0 days 01:15:00,A_long,0.0018500931747039559,0.0022066571392465547,14.184138482503784,25.507212936828523,1.0865521591865455,1.082023415320407,1.091942,1.0901895,1.0973318408134545,1.098355584679593,1.0,1.0
3641,60746,60751,1.0780786564896674,1.0772219637805462,1.0772219637805462,1.0802941086583613,-7.0429429331120055,3.923724779201924,-0.0017942503616152764,2023-02-06 08:00:00+00:00,2023-02-06 09:15:00+00:00,0 days 01:15:00,A_long,0.0007360261584944027,0.001001407105140228,45.53663355641293,35.524902538767336,1.0783451203053351,1.0773548561736506,1.0791815,1.078815,1.080017879694665,1.0802751438263496,1.0,1.0
3651,60776,60781,1.0731882089579559,1.0717579156424344,1.0717579156424344,1.0771262530726966,-9.137600045426897,3.9155991504580125,-0.0023320852362436846,2023-02-06 15:30:00+00:00,2023-02-06 16:45:00+00:00,0 days 01:15:00,A_long,0.0010559498137972993,0.0010767619347677284,17.61814134806751,21.337941871353493,1.0731344269759164,1.0712209372070292,1.07594,1.0750430000000002,1.0787455730240834,1.0788650627929712,1.0,1.0
3652,60843,60863,1.0705279655153477,1.069256437469173,1.069256437469173,1.073990687592481,-8.550866744479322,3.907246319849735,-0.0021871640191479485,2023-02-07 08:15:00+00:00,2023-02-07 13:15:00+00:00,0 days 05:00:00,A_long,0.001040128494486083,0.0009130495918611158,29.08884403575928,25.396713232195694,1.07137211779263,1.0693533160839368,1.073261,1.0711205,1.07514988220737,1.072887683916063,1.0,1.0
3649,60864,60870,1.0689578218292972,1.0677543404897667,1.0677543404897667,1.0721369785307002,-8.289934748098002,3.8984313401511317,-0.0021252825642851395,2023-02-07 13:30:00+00:00,2023-02-07 15:00:00+00:00,0 days 01:30:00,A_long,0.0009259763129462943,0.000957041939412107,34.403614661989636,20.316974705314706,1.0691143366032558,1.067661345155648,1.0710055,1.0700735,1.0728966633967443,1.0724856548443518,1.0,1.0
3647,60871,60877,1.0672776680760712,1.0706053509818836,1.0660115496727056,1.0706053509818836,8.237629872245728,3.8984296852521805,0.002116357780028476,2023-02-07 15:15:00+00:00,2023-02-07 16:45:00+00:00,0 days 01:30:00,A_long,0.0009654363474904955,0.001205638601129821,19.76088087628544,60.46596519673572,1.0672189035847524,1.0671730556605106,1.0698364999999999,1.069338,1.0724540964152474,1.0715029443394892,1.0,1.0
-3625,60882,60884,1.0759215228890964,1.0694133835316002,1.0782222054894666,1.0694133835316002,19.703585653036093,3.8884195178875123,0.00505192227188684,2023-02-07 18:00:00+00:00,2023-02-07 18:30:00+00:00,0 days 00:30:00,A_short,0.002094481742392517,0.0021605662865081744,58.71528774740368,46.80460702980373,1.0658735992885624,1.065985968368639,1.069692,1.0698269999999999,1.0735104007114378,1.0736680316313607,0.0,0.0
-3643,60938,60959,1.0757615375322607,1.0729335405221843,1.0768354864926053,1.0729335405221843,6.388545023032192,3.9138480846761716,0.0016301470259589019,2023-02-08 08:00:00+00:00,2023-02-08 13:15:00+00:00,0 days 05:15:00,A_short,0.0009445180224372076,0.0008528222519651016,64.47102285808944,36.14051243772344,1.0720389516605746,1.07301969850592,1.0734869999999999,1.0745435,1.074935048339425,1.0760673014940803,1.0,1.0
-3651,61036,61038,1.0752515842073471,1.0765321022530823,1.0765321022530823,1.0718036932407533,-8.603252504612533,3.928081119633514,-0.002191496319163781,2023-02-09 08:30:00+00:00,2023-02-09 09:00:00+00:00,0 days 00:30:00,A_short,0.0009670738494482593,0.0010310910246966835,75.43070004324781,78.00688624624385,1.072258712066467,1.0720585643796974,1.073655,1.07394,1.075051287933533,1.0758214356203024,1.0,1.0
-3639,61039,61045,1.0763514835355918,1.077687309229636,1.077687309229636,1.0727380723110918,-8.780343284062859,3.9192735834363317,-0.0022416888231538883,2023-02-09 09:15:00+00:00,2023-02-09 10:45:00+00:00,0 days 01:30:00,A_short,0.00106294555473711,0.0009545522348523578,62.07658295832539,77.51491983408717,1.072113104208668,1.072343126567811,1.0740574999999999,1.075061,1.0760018957913318,1.0777788734321891,1.0,1.0
-3623,61058,61066,1.078871252905753,1.0755999241641925,1.0800666919452693,1.0755999241641925,7.9491994934112755,3.902824537262206,0.002033693220684178,2023-02-09 14:00:00+00:00,2023-02-09 16:00:00+00:00,0 days 02:00:00,A_short,0.00095583307158336,0.001022598986376314,61.864810135388666,35.82690342404587,1.0751710986486573,1.0752879462703495,1.076793,1.077177,1.0784149013513424,1.0790660537296506,1.0,1.0
-3648,61129,61130,1.0736917269782,1.0747251832707982,1.0747251832707982,1.071064450187605,-7.688760999692449,3.918712444294173,-0.0019630073463027145,2023-02-10 07:45:00+00:00,2023-02-10 08:00:00+00:00,0 days 00:15:00,A_short,0.000764965695576599,0.0008709702694997198,73.67060653414661,74.4857192108984,1.0712823977993364,1.0711741506095915,1.0725055,1.0725925,1.0737286022006634,1.0740108493904086,1.0,1.0
-3657,61224,61232,1.0688021745099114,1.0667351794538438,1.0695816068487187,1.0667351794538438,3.6541708683167298,3.9048300517227266,0.0009349030184598987,2023-02-13 07:30:00+00:00,2023-02-13 09:30:00+00:00,0 days 02:00:00,A_short,0.0006179382796302095,0.0008383424965925886,64.2173785665797,39.4034775015283,1.0656301253202578,1.0661407755631487,1.0670315000000001,1.0675015,1.0684328746797425,1.0688622244368515,1.0,1.0
-3655,61254,61255,1.070422026247872,1.0715745552229894,1.0715745552229894,1.0672363343310316,-8.126992156691754,3.9144987526379995,-0.002077243564995423,2023-02-13 15:00:00+00:00,2023-02-13 15:15:00+00:00,0 days 00:15:00,A_short,0.0008646232166035229,0.0009506734543897362,73.44423547841919,78.50820032082524,1.0668471585893664,1.0666676922242533,1.0685369999999998,1.0687095,1.0702268414106333,1.0707513077757467,1.0,1.0
-3645,61256,61257,1.071211953947248,1.0724408081452677,1.0724408081452677,1.0678775755641967,-8.385980710695263,3.90680715891361,-0.0021477360951661826,2023-02-13 15:30:00+00:00,2023-02-13 15:45:00+00:00,0 days 00:15:00,A_short,0.0009332503271377772,0.0010581502835193823,80.16864212232151,81.70086568640967,1.0665131449364533,1.0664001770497356,1.0688900000000001,1.0690865,1.071266855063547,1.0717728229502645,1.0,1.0
-3622,61328,61344,1.0757215411930519,1.0769816735587916,1.0769816735587916,1.0723349793236252,-8.46274495062493,3.8985455219155885,-0.0021720156040793345,2023-02-14 09:30:00+00:00,2023-02-14 13:30:00+00:00,0 days 04:00:00,A_short,0.0009109864591272082,0.001932042762138689,77.11467408485328,61.04305418854221,1.0725136057784779,1.0748618524908007,1.073999,1.0756305,1.075484394221522,1.0763991475091992,1.0,1.0
3625,61348,61437,1.0726381586220781,1.0697041642850065,1.0697041642850065,1.0809675071449802,-14.5187249321538,3.882995460269091,-0.0037339390420999133,2023-02-14 14:30:00+00:00,2023-02-15 12:45:00+00:00,0 days 22:15:00,A_long,0.002438992460828511,0.0008215894677121986,34.24443189282702,27.934776858464815,1.0734440733784063,1.0704412099207816,1.075352,1.0718874999999999,1.0772599266215939,1.0733337900792181,1.0,1.0
3621,61438,61440,1.0698279014515037,1.0687540926387453,1.0687540926387453,1.0726977220837637,-7.760164411298655,3.871902700300396,-0.002003219215815759,2023-02-15 13:00:00+00:00,2023-02-15 13:30:00+00:00,0 days 00:30:00,A_long,0.0007867108720172543,0.0010144628327596185,31.455853479819226,25.398978954068966,1.070128476406008,1.0693327733850968,1.0718025,1.0715365,1.073476523593992,1.073740226614903,1.0,1.0
-3607,61516,61520,1.071791900865777,1.0693808888616831,1.072726370379439,1.0693808888616831,4.834915172493158,3.8616051262734743,0.0012506398006435467,2023-02-16 08:30:00+00:00,2023-02-16 09:30:00+00:00,0 days 01:00:00,A_short,0.0007640452740392114,0.0008817291273449095,53.68397685689852,35.40332945346502,1.0696748621761116,1.0694571062772336,1.0706,1.070478,1.0715251378238884,1.0714988937227665,1.0,1.0
3630,61540,61595,1.0665676030970292,1.0647924088619571,1.0647924088619571,1.0715027734141287,-10.312373495017315,3.8684184217055604,-0.002663566972034835,2023-02-16 14:30:00+00:00,2023-02-17 04:15:00+00:00,0 days 13:45:00,A_long,0.0013595935996977117,0.00040391869842090094,29.40561664711882,29.520708227227814,1.067051770399674,1.0645826324948764,1.0695535,1.0656015,1.072055229600326,1.0666203675051238,1.0,0.0
3636,61627,61634,1.0618071674628886,1.0646021630265048,1.0607459456578316,1.0646021630265048,6.2967917064786985,3.8658121628297173,0.001630984374036154,2023-02-17 12:15:00+00:00,2023-02-17 14:00:00+00:00,0 days 01:45:00,A_long,0.0008375948026770543,0.0009864913177570465,26.032422287612633,73.09132946651101,1.0619916762895818,1.0613292976191566,1.0636735,1.0632935,1.065355323710418,1.0652577023808432,1.0,1.0
3632,61901,61902,1.0646474273790567,1.063757733096183,1.063757733096183,1.066966800711451,-7.096553406820591,3.865183771423035,-0.0018352525097642325,2023-02-22 08:45:00+00:00,2023-02-22 09:00:00+00:00,0 days 00:15:00,A_long,0.000648748319423338,0.0007022485435002257,27.964999599487243,26.835280054011648,1.0647246712121163,1.0645489748902262,1.0654985,1.065425,1.0662723287878835,1.066301025109774,1.0,1.0
3643,62000,62028,1.0595069569674005,1.05845188960524,1.05845188960524,1.0622443311842797,-7.701472439382928,3.8578620390320646,-0.0019953118491056214,2023-02-23 09:30:00+00:00,2023-02-23 16:30:00+00:00,0 days 07:00:00,A_long,0.0007994130628821696,0.0011024617505811956,18.922248627999323,34.8275896146049,1.0594948723629478,1.0586308438410386,1.061434,1.0603495,1.0633731276370522,1.0620681561589616,1.0,1.0
3640,62091,62104,1.0583168480588654,1.0575700715380696,1.0575700715380696,1.0602497853857915,-6.569180729363134,3.850914193666422,-0.0017052737881896828,2023-02-24 08:15:00+00:00,2023-02-24 11:30:00+00:00,0 days 03:15:00,A_long,0.0006131705558386877,0.0007061439539874832,42.65705377045188,29.38590648735685,1.0586705858207595,1.0578972309254047,1.0596785,1.0588915,1.0606864141792405,1.0598857690745955,1.0,1.0
3637,62105,62109,1.0575767803342302,1.056642627255215,1.056642627255215,1.0600321182343553,-7.242222741079805,3.844707992701406,-0.0018828541055720851,2023-02-24 11:45:00+00:00,2023-02-24 12:45:00+00:00,0 days 01:00:00,A_long,0.0006973247601224819,0.0008137333821996654,37.87796408101144,30.752384682599526,1.0578199699222783,1.0568750395624398,1.0587965,1.0584075,1.0597730300777215,1.0599399604375601,1.0,1.0
3638,62113,62115,1.0553065725843354,1.0538075547588648,1.0538075547588648,1.0593773357234053,-9.289905446699223,3.836478597637281,-0.0024197469773060438,2023-02-24 13:45:00+00:00,2023-02-24 14:15:00+00:00,0 days 00:30:00,A_long,0.0011763215630420723,0.0011851481962404803,27.107842352322393,20.224620630716686,1.0555009794907237,1.0542507390317373,1.0578595,1.057393,1.0602180205092762,1.0605352609682628,1.0,1.0
-3619,62210,62213,1.0581731473651457,1.0593489571283563,1.0593489571283563,1.054993128614931,-8.086911781140273,3.831656248080992,-0.0021117251189198766,2023-02-27 14:00:00+00:00,2023-02-27 14:45:00+00:00,0 days 00:45:00,A_short,0.0009304690371463015,0.000978702362847532,68.45533384419537,75.48253468113055,1.0544415468315247,1.054296585383464,1.0561285,1.056617,1.0578154531684754,1.0589374146165358,1.0,1.0
-3605,62215,62215,1.0599729826295463,1.0612982504573614,1.0612982504573614,1.0563052486279156,-8.601181916912433,3.823591397639151,-0.0022509096773765573,2023-02-27 15:15:00+00:00,2023-02-27 15:15:00+00:00,0 days 00:00:00,A_short,0.0011935142192054551,0.0011935142192054551,85.97058905858638,85.97058905858638,1.0539010269747162,1.0539010269747162,1.0571819999999998,1.0571819999999998,1.0604629730252835,1.0604629730252835,1.0,1.0
-3591,62216,62305,1.0615828352827046,1.0631022170630464,1.0631022170630464,1.0573733488108603,-9.270971984694318,3.8148720114867958,-0.002431957470212089,2023-02-27 15:30:00+00:00,2023-02-28 13:45:00+00:00,0 days 22:15:00,A_short,0.0012730456566447223,0.0008723409601383124,70.02852306992921,73.37397858306922,1.0538696119325432,1.0603444813698548,1.0573985000000001,1.0614715000000001,1.060927388067457,1.0625985186301454,1.0,1.0
-3578,62306,62310,1.0630027053246205,1.0641368091521661,1.0641368091521661,1.059949572543502,-7.863276086357273,3.8054525913989714,-0.002067420500226234,2023-02-28 14:00:00+00:00,2023-02-28 15:00:00+00:00,0 days 01:00:00,A_short,0.0008906954987865316,0.00107582921759692,74.37907554142463,72.81002320400914,1.0602064544446324,1.0600917297540757,1.0615124999999999,1.0618805,1.0628185455553674,1.0636692702459243,1.0,1.0
-3576,62376,62377,1.0614928435194846,1.0623540658304027,1.0623540658304027,1.0592578025087918,-6.8771692577607935,3.7974382739175985,-0.001811736911213425,2023-03-01 07:30:00+00:00,2023-03-01 07:45:00+00:00,0 days 00:15:00,A_short,0.0006617142108464112,0.0009174856494002265,86.6289137099705,92.63336798157096,1.057732365892016,1.0572911871546133,1.0596524999999999,1.0599440000000002,1.0615726341079839,1.062596812845387,1.0,1.0
-3561,62378,62382,1.0640526092288543,1.0652509827792802,1.0652509827792802,1.060847051662159,-8.058633258637318,3.7912250455704832,-0.002126798362037893,2023-03-01 08:00:00+00:00,2023-03-01 09:00:00+00:00,0 days 01:00:00,A_short,0.0010324875628135153,0.001174740489511421,87.28150197718142,76.71730406004019,1.0571342849566951,1.0569679207420037,1.0602105,1.061182,1.0632867150433047,1.0653960792579964,1.0,1.0
3572,62498,62572,1.058686881921183,1.0624221301222225,1.0572992899592593,1.0624221301222225,9.554005878603725,3.7883006955095224,0.002526425651146307,2023-03-02 14:00:00+00:00,2023-03-03 08:30:00+00:00,0 days 18:30:00,A_long,0.001112957251646192,0.000740715275355281,35.16066056814752,68.58576944027564,1.059140955299884,1.0602623306469463,1.0616325,1.0613105,1.064124044700116,1.0623586693530538,1.0,1.0
3566,62674,62688,1.0629972763714237,1.0655554056640257,1.062014864778658,1.0655554056640257,5.327079625349591,3.795209432069206,0.001405321523196764,2023-03-06 10:00:00+00:00,2023-03-06 13:30:00+00:00,0 days 03:30:00,A_long,0.0007352643265248,0.0009071208862056757,29.513153453257388,68.38656478464327,1.0631146061745653,1.0622208632572552,1.064359,1.0637155,1.0656033938254348,1.065210136742745,1.0,1.0
3560,62767,62778,1.0663675847930738,1.065322311856428,1.065322311856428,1.0690730644307163,-7.5155796704955655,3.794408016036113,-0.0019797281116532804,2023-03-07 09:15:00+00:00,2023-03-07 12:00:00+00:00,0 days 02:45:00,A_long,0.0007678858814687745,0.0007926253254935061,28.390183628379617,38.358357261457535,1.066366775786751,1.0646800000017294,1.0681035,1.066744,1.0698402242132492,1.0688079999982705,1.0,1.0
3575,62791,62793,1.059716976186554,1.0577629180335193,1.0577629180335193,1.0652312458994424,-10.770753208017151,3.784995310918381,-0.0028430214555836743,2023-03-07 15:15:00+00:00,2023-03-07 15:45:00+00:00,0 days 00:30:00,A_long,0.0017044480869028268,0.002021118785273697,20.48058380389851,16.636762470685568,1.061438213519476,1.059238396116552,1.0652955,1.0645665000000002,1.069152786480524,1.0698946038834485,1.0,1.0
-3572,62967,62981,1.0575632031922098,1.0585128485460462,1.0585128485460462,1.0550614543618613,-7.171445032308357,3.7793118284045253,-0.001898405101128179,2023-03-09 11:15:00+00:00,2023-03-09 14:45:00+00:00,0 days 03:30:00,A_short,0.0007125017276999942,0.0010692907558504416,76.21787241262832,60.99526961895427,1.0543621034022241,1.055087315223638,1.0559445,1.056667,1.057526896597776,1.058246684776362,1.0,1.0
-3545,63073,63076,1.0634026687167095,1.0654067552915616,1.0654067552915616,1.0578597341253153,-10.877801611905252,3.773314704054661,-0.0028855403292895464,2023-03-10 13:45:00+00:00,2023-03-10 14:30:00+00:00,0 days 00:45:00,A_short,0.0016746565994610837,0.0020697542367454904,64.20101795223331,79.10194594082544,1.0570450350580343,1.0555550209796407,1.0594875,1.0603515000000001,1.0619299649419656,1.0651479790203595,1.0,1.0
-3523,63077,63080,1.067142326432742,1.0697237050840946,1.0697237050840946,1.059788884747716,-12.858286503232334,3.7640895145169075,-0.003420173276522341,2023-03-10 14:45:00+00:00,2023-03-10 15:30:00+00:00,0 days 00:45:00,A_short,0.0020764536718460786,0.001952861842087664,74.55039198111288,81.20430493436993,1.0553792260150356,1.0545037686879297,1.0607769999999999,1.0621709999999998,1.066174773984964,1.0698382313120698,1.0,1.0
3508,63155,63156,1.0681777504438708,1.066569482067637,1.066569482067637,1.0726115537970886,-9.386152109653125,3.7443466458251846,-0.0025048658721619228,2023-03-13 09:15:00+00:00,2023-03-13 09:30:00+00:00,0 days 00:15:00,A_long,0.0012909296178177233,0.0013521390021086826,21.38531166887296,23.43533234326874,1.068615144679651,1.0678214119759362,1.0715914999999998,1.0713374999999998,1.0745678553203486,1.0748535880240635,1.0,1.0
3499,63244,63256,1.0684177724086175,1.07166517010315,1.0672182766322833,1.07166517010315,7.618569425245366,3.7440751079243375,0.002037925874602513,2023-03-14 07:30:00+00:00,2023-03-14 10:30:00+00:00,0 days 03:00:00,A_long,0.0009362446544620542,0.0011546570995060455,28.450297490494435,59.50323709452921,1.0687149330818175,1.06830876413503,1.0700505,1.0700445,1.0713860669181825,1.0717802358649702,1.0,1.0
3494,63347,63348,1.0718780890670472,1.0706391747264183,1.0706391747264183,1.075242475820745,-8.071744366004346,3.7429776598471842,-0.002155257203304047,2023-03-15 09:15:00+00:00,2023-03-15 09:30:00+00:00,0 days 00:15:00,A_long,0.0010564849198090613,0.0015089535971678618,19.430033570513444,9.735469377791844,1.0718635413584268,1.0700134936986163,1.0734715,1.0731075,1.075079458641573,1.076201506301384,1.0,1.0
3502,63349,63352,1.0673476744824557,1.0654392556833987,1.0654392556833987,1.072682232949804,-10.41779254901806,3.7345099147204115,-0.002787107083530585,2023-03-15 09:45:00+00:00,2023-03-15 10:30:00+00:00,0 days 00:45:00,A_long,0.001487759784212142,0.001807664665456003,16.27915541891292,9.286413204258807,1.068971121961315,1.0653766289791935,1.0727725,1.0715365000000001,1.0765738780386849,1.0776963710208067,1.0,1.0
3504,63353,63354,1.0638073505024435,1.0615408024014528,1.0615408024014528,1.0702175927956414,-11.665594509759021,3.7236099638876263,-0.0031295348503375692,2023-03-15 10:45:00+00:00,2023-03-15 11:00:00+00:00,0 days 00:15:00,A_long,0.001858642710061858,0.0018414903487202782,8.243072552159262,7.083306691948906,1.0638160076069152,1.0621810835273964,1.070981,1.070376,1.0781459923930847,1.0785709164726036,1.0,1.0
-3497,63438,63456,1.0624027602364872,1.0589932015401782,1.0636289328199406,1.0589932015401782,8.213965921826038,3.7092608391664994,0.00221089477864097,2023-03-16 08:00:00+00:00,2023-03-16 12:30:00+00:00,0 days 04:30:00,A_short,0.0010010070366238241,0.0015179891210296028,79.56323347248463,35.18285112240925,1.0587681220257992,1.0594631362783138,1.0605925,1.0613095000000001,1.062416877974201,1.0631558637216865,1.0,1.0
-3489,63568,63586,1.0670223374151155,1.06885,,1.0628921958298982,-10.10274405128282,3.7260292926206695,-0.0027137189654404406,2023-03-17 16:30:00+00:00,2023-03-19 21:00:00+00:00,2 days 04:30:00,A_short,0.001159138040950432,0.0009187198010280925,75.40393583188644,70.90298570133265,1.0607073687455564,1.0657581303077572,1.0635834999999998,1.067032,1.0664596312544432,1.0683058696922427,1.0,0.0
3488,63627,63631,1.0647974411070231,1.0636192452620816,1.0636192452620816,1.067942264213755,-7.821505808183666,3.7119587010277186,-0.002105944381116015,2023-03-20 07:15:00+00:00,2023-03-20 08:15:00+00:00,0 days 01:00:00,A_long,0.0011312117551633234,0.0013229416086759668,49.2449811738379,27.314216361664037,1.0655012031942095,1.0642172677625525,1.06698,1.066443,1.0684587968057906,1.0686687322374475,1.0,1.0
3486,63632,63638,1.0632372983361704,1.0679225897912334,1.061572470069589,1.0679225897912334,12.618314327343633,3.714611685006065,0.003404424879247248,2023-03-20 08:30:00+00:00,2023-03-20 10:00:00+00:00,0 days 01:30:00,A_long,0.0013878827275191834,0.0014126305167744893,43.03671785311283,62.07020860207018,1.0640386125799184,1.0637974728163797,1.0663525,1.0661885,1.0686663874200817,1.0685795271836203,1.0,1.0
-3465,63727,63732,1.0730217882964508,1.0739943310745583,1.0739943310745583,1.070457006776325,-7.089566152952912,3.7197054268102736,-0.0019068120145456936,2023-03-21 08:15:00+00:00,2023-03-21 09:30:00+00:00,0 days 01:15:00,A_short,0.0007760168871809415,0.0007666227332899658,78.89185451741741,78.27285107081616,1.0701868614001437,1.0698837968306962,1.071482,1.0719825,1.0727771385998564,1.0740812031693039,1.0,1.0
-3440,63827,63838,1.078871252905753,1.079936384846237,1.079936384846237,1.0760708454612886,-7.377203012199027,3.713149136933423,-0.0019877587372768286,2023-03-22 09:15:00+00:00,2023-03-22 12:00:00+00:00,0 days 02:45:00,A_short,0.0007832779445046463,0.0006686243888373689,78.39833645606005,75.33042022687066,1.0756288830400897,1.0762279306292082,1.077185,1.078383,1.0787411169599104,1.080538069370792,1.0,1.0
3432,64015,64015,1.0793187699741915,1.0778110322989776,1.0778110322989776,1.0834469031030676,-8.876190442035032,3.7016347407007584,-0.0023962360780701714,2023-03-24 08:15:00+00:00,2023-03-24 08:15:00+00:00,0 days 00:00:00,A_long,0.001386921117405163,0.001386921117405163,17.778733035742547,17.778733035742547,1.0800662341546525,1.0800662341546525,1.08262,1.08262,1.0851737658453473,1.0851737658453473,1.0,1.0
3426,64016,64016,1.0787487178079183,1.0769756946591138,1.0769756946591138,1.0836329160226588,-9.767133226360084,3.692755918556026,-0.002642770561833141,2023-03-24 08:30:00+00:00,2023-03-24 08:30:00+00:00,0 days 00:00:00,A_long,0.0015499983017511416,0.0015499983017511416,14.080160614239858,14.080160614239858,1.0788714546284235,1.0788714546284235,1.0823509999999998,1.0823509999999998,1.0858305453715762,1.0858305453715762,1.0,1.0
3421,64017,64021,1.0773085860194387,1.0753400020378985,1.0753400020378985,1.0827799938863043,-10.416631210721121,3.6821054098720754,-0.0028264030520906694,2023-03-24 08:45:00+00:00,2023-03-24 09:45:00+00:00,0 days 01:00:00,A_long,0.0015019985281843262,0.001895918616562399,23.581109060392933,14.108489748506798,1.078149868731755,1.0745523798074985,1.0821064999999999,1.0808079999999998,1.0860631312682447,1.087063620192501,1.0,1.0
3427,64022,64131,1.0726681613676714,1.0793853070196244,1.0702848976601251,1.0793853070196244,19.332114531161395,3.687543618081632,0.005258959966301954,2023-03-24 10:00:00+00:00,2023-03-27 13:15:00+00:00,3 days 03:15:00,A_long,0.0018191294676874108,0.0009888139063501315,16.469657184333954,77.0186216324382,1.0732549117647245,1.075459715383296,1.0802745,1.076997,1.0872940882352755,1.0785342846167039,1.0,1.0
-3423,64132,64171,1.0793212117218531,1.0806065766876203,1.0806065766876203,1.0758602699371393,-8.096520687683748,3.696716409862814,-0.0021914966872543283,2023-03-27 13:30:00+00:00,2023-03-27 23:15:00+00:00,0 days 09:45:00,A_short,0.001030305385503458,0.0003130943980620968,73.30066007083337,77.63904428539765,1.0753080754244912,1.07922361454729,1.0771194999999998,1.0798085,1.0789309245755083,1.08039338545271,1.0,0.0
-3405,64205,64222,1.082690903300203,1.0837275315612895,1.0837275315612895,1.0798974053161314,-7.21804661435131,3.688327385351691,-0.001957934136193261,2023-03-28 07:45:00+00:00,2023-03-28 12:00:00+00:00,0 days 04:15:00,A_short,0.0008835505720423725,0.000858181389561019,57.527970055362,74.19434830441242,1.080444181461636,1.0807949791693108,1.0814394999999999,1.082235,1.0824348185383639,1.0836750208306893,1.0,1.0
-3390,64309,64316,1.085210672670364,1.0862834778523156,1.0862834778523156,1.0823895664430532,-7.317492151951593,3.6806825851359424,-0.0019890628719134527,2023-03-29 09:45:00+00:00,2023-03-29 11:30:00+00:00,0 days 01:45:00,A_short,0.0008617340044501296,0.00080256346312702,77.17517464828236,76.28965147414057,1.0818743643099593,1.081872649570151,1.0835804999999998,1.0845135000000001,1.0852866356900404,1.0871543504298493,1.0,1.0
-3379,64399,64408,1.0865705482034667,1.0879723209975851,1.0879723209975851,1.0827230370072445,-8.410480448841458,3.6738901775151773,-0.0022907341201493727,2023-03-30 08:15:00+00:00,2023-03-30 10:30:00+00:00,0 days 02:15:00,A_short,0.0011104540538114452,0.0010407385349966746,69.2814890044443,72.33980526443013,1.0824550597855258,1.0828643002910974,1.084295,1.0856935,1.0861349402144742,1.0885226997089028,1.0,1.0
-3360,64417,64418,1.090300206834697,1.0916448443409819,1.0916448443409819,1.0866654669770546,-8.183649707092354,3.6656676859751407,-0.002233889360567584,2023-03-30 12:45:00+00:00,2023-03-30 13:00:00+00:00,0 days 00:15:00,A_short,0.0010030542462645938,0.001039980346762641,81.98637376913888,79.05634954146431,1.08500461680372,1.0849126683368244,1.087634,1.087842,1.09026338319628,1.0907713316631755,1.0,1.0
-3377,64587,64588,1.0822709417385097,1.08328695628684,1.08328695628684,1.0795791311394802,-7.087625640526969,3.656544510815803,-0.0019392496059919473,2023-04-03 07:15:00+00:00,2023-04-03 07:30:00+00:00,0 days 00:15:00,A_short,0.0008081350960509765,0.000920383749910837,83.19818390810116,85.41214030162186,1.077801633641292,1.0775082138071,1.07998,1.080139,1.082158366358708,1.0827697861929,1.0,1.0
-3368,64589,64593,1.0832908483883368,1.0844644604998932,1.0844644604998932,1.0800466185003208,-7.603225531889806,3.650499940167779,-0.0020839184318405457,2023-04-03 07:45:00+00:00,2023-04-03 08:45:00+00:00,0 days 01:00:00,A_short,0.0008776659165893833,0.0009370488146905553,87.41398155527993,80.58132202944489,1.077295226560588,1.0775238154586106,1.0803654999999999,1.0812595,1.0834357734394118,1.0849951845413894,1.0,1.0
-3338,64616,64685,1.0908101601596105,1.092510853548766,1.092510853548766,1.0859874393537023,-9.32087730488021,3.6439627718792806,-0.002559889885515008,2023-04-03 14:30:00+00:00,2023-04-04 07:45:00+00:00,0 days 17:15:00,A_short,0.0014885053407754307,0.0011360409073534166,59.70418096968357,73.2664478902937,1.0845886039806667,1.0875165641697317,1.0872285000000002,1.089747,1.0898683960193336,1.0919774358302683,1.0,1.0
-3315,64712,64713,1.0954597345926456,1.0971989229625656,1.0971989229625656,1.090563231112303,-9.3997411711827,3.6343317248977622,-0.002588427131693715,2023-04-04 14:30:00+00:00,2023-04-04 14:45:00+00:00,0 days 00:15:00,A_short,0.0013421110285196608,0.0013964962247170285,79.33969814182208,82.68310617790112,1.087665156886724,1.0872202711760068,1.0914935,1.0916845,1.0953218431132759,1.096148728823993,1.0,1.0
-3302,64714,64808,1.0968296092105503,1.0919226135910187,1.0986257954696605,1.0919226135910187,12.58926961584783,3.6136299198453905,0.0034760362741072613,2023-04-04 15:00:00+00:00,2023-04-05 14:30:00+00:00,0 days 23:30:00,A_short,0.0013476300614214361,0.001377505188757051,79.48827469168023,21.38936725616044,1.0869297366837958,1.0924355684499538,1.0918835000000002,1.094322,1.0968372633162047,1.0962084315500462,1.0,1.0
3331,64809,64817,1.091519886515476,1.0897569937734914,1.0897569937734914,1.0963690186795256,-9.50511236767198,3.6329166441212752,-0.002614273195918213,2023-04-05 14:45:00+00:00,2023-04-05 16:45:00+00:00,0 days 02:00:00,A_long,0.001395171163589431,0.0009742147291335026,19.725813458636722,19.47359545846288,1.091783819044393,1.0892118551337882,1.0941125,1.092867,1.0964411809556072,1.096522144866212,1.0,1.0
-3321,64875,64880,1.091490097926162,1.0893904938871026,1.0923365020376323,1.0893904938871026,3.3514327910099713,3.6213522227059256,0.0009245743457224501,2023-04-06 07:15:00+00:00,2023-04-06 08:30:00+00:00,0 days 01:15:00,A_short,0.0006265848049567841,0.0007722327861554857,78.45293693309998,51.68947158563863,1.0879533066088949,1.088387940760589,1.0895305,1.0899135000000002,1.091107693391105,1.0914390592394114,1.0,1.0
3331,64993,65086,1.0895997107975033,1.0884739234876017,1.0884739234876017,1.0924582295371945,-7.377579167183866,3.6275816379018426,-0.0020326952229301047,2023-04-07 12:45:00+00:00,2023-04-10 12:00:00+00:00,2 days 23:15:00,A_long,0.0009607219256209596,0.0009778048174765878,37.054953551152884,17.577192508788272,1.0902902101208976,1.0883559882793457,1.0914115,1.090574,1.0925327898791024,1.0927920117206542,1.0,1.0
3332,65087,65087,1.0870094737612799,1.0857466342190283,1.0857466342190283,1.0904400973429156,-7.8275930306775,3.6198116758951935,-0.0021611749050475084,2023-04-10 12:15:00+00:00,2023-04-10 12:15:00+00:00,0 days 00:00:00,A_long,0.0010327641751463764,0.0010327641751463764,15.168807974342528,15.168807974342528,1.0874163338653209,1.0874163338653209,1.090347,1.090347,1.093277666134679,1.093277666134679,1.0,1.0
3327,65088,65089,1.0862794069518422,1.0849306829898244,1.0849306829898244,1.089887951030527,-8.099012606251167,3.611807984617963,-0.002240978694256485,2023-04-10 12:30:00+00:00,2023-04-10 12:45:00+00:00,0 days 00:15:00,A_long,0.0010323956184602045,0.0011720762026655215,24.28950133583058,17.590112593230913,1.08683410478047,1.0858616428606274,1.090141,1.0898025,1.0934478952195301,1.0937433571393727,1.0,1.0
3324,65090,65094,1.0849792879761315,1.0834835085568013,1.0834835085568013,1.0891094743295957,-8.57595595769136,3.6039851678377346,-0.002377935547884324,2023-04-10 13:00:00+00:00,2023-04-10 14:00:00+00:00,0 days 01:00:00,A_long,0.0011397993756434356,0.0011086228141778175,22.687959405493487,21.3898395388306,1.0851719941021392,1.082653496365533,1.0894949999999999,1.0881210000000001,1.0938180058978606,1.0935885036344672,1.0,1.0
-3279,65281,65286,1.0971095835850126,1.0988861959654486,1.0988861959654486,1.0922214121036546,-9.425847076022349,3.600335080572981,-0.002620166948882103,2023-04-12 12:45:00+00:00,2023-04-12 14:00:00+00:00,0 days 01:15:00,A_short,0.001430030419490631,0.0015728051154488055,73.86481012956817,79.85372735617821,1.0903021389886907,1.0894095778131982,1.092939,1.0942995,1.0955758610113095,1.0991894221868017,1.0,1.0
-3257,65359,65364,1.1016191708308165,1.1027748395903978,1.1027748395903978,1.0985554812288068,-7.353868795927195,3.589855645970948,-0.0020495883010905967,2023-04-13 08:15:00+00:00,2023-04-13 09:30:00+00:00,0 days 01:15:00,A_short,0.0008538285930650339,0.0008327951799899604,78.81070981317697,72.89875932500215,1.0973073732599665,1.0970251051590938,1.0992405,1.0999729999999999,1.1011736267400336,1.102920894840906,1.0,1.0
-3241,65378,65380,1.104788880713122,1.106259842996657,1.106259842996657,1.1007404710100293,-8.350393217708431,3.583004456771697,-0.002332107690771411,2023-04-13 13:00:00+00:00,2023-04-13 13:30:00+00:00,0 days 00:30:00,A_short,0.0011658866086966901,0.0011774881638655153,79.59094555058657,85.63557637410011,1.1000776176848992,1.099437411515828,1.102101,1.10251,1.1041243823151008,1.1055825884841721,1.0,1.0
-3229,65381,65472,1.1064087324510827,1.1022610426100845,1.1079129857966385,1.1022610426100845,9.826993144747014,3.565897351836255,0.0027506606412312034,2023-04-13 13:45:00+00:00,2023-04-14 12:30:00+00:00,0 days 22:45:00,A_short,0.001149823075350102,0.0011942206005243518,84.79203623900308,20.126399819774775,1.099284443310812,1.1039257421450919,1.1027595,1.10564,1.1062345566891878,1.107354257854908,1.0,1.0
3250,65473,65478,1.1024508868266432,1.1009069352793708,1.1009069352793708,1.106639194161888,-8.598298989557513,3.5804564609222727,-0.0023997717176687428,2023-04-14 12:45:00+00:00,2023-04-14 14:00:00+00:00,0 days 01:15:00,A_long,0.0012496578537877865,0.0013906259930948856,34.18053382904888,26.621163842404073,1.103576912261547,1.1014477040413588,1.1054860000000002,1.1046455,1.1073950877384533,1.107843295958641,1.0,1.0
3259,65554,65569,1.0965403459447587,1.0955099592879758,1.0955099592879758,1.0993101221360726,-6.9299760868322124,3.5719459723767413,-0.001939200702703961,2023-04-17 09:00:00+00:00,2023-04-17 12:45:00+00:00,0 days 03:45:00,A_long,0.0008314738475730212,0.0008653489328093504,36.56849260402171,25.905551136983348,1.0968815558655962,1.0961081298705238,1.0985105000000002,1.0975605,1.1001394441344041,1.0990128701294761,1.0,1.0
3256,65570,65571,1.095460247103399,1.0943115812806288,1.0943115812806288,1.0984652561581139,-7.305004455548898,3.5649485366091973,-0.002048044867802863,2023-04-17 13:00:00+00:00,2023-04-17 13:15:00+00:00,0 days 00:15:00,A_long,0.0008339690751014545,0.0009361065317545704,27.33966550759621,22.34483847012541,1.0957518405894984,1.0951739564374323,1.097408,1.0972484999999998,1.0990641594105015,1.0993230435625674,1.0,1.0
3252,65572,65573,1.0945901674811926,1.0933866721618946,1.0933866721618946,1.0978799835143167,-7.471417119617039,3.55765034125966,-0.00209894425089394,2023-04-17 13:30:00+00:00,2023-04-17 13:45:00+00:00,0 days 00:15:00,A_long,0.000927292327520618,0.001056986683851204,27.442612753388644,19.97678237303053,1.0948017105910548,1.0940836578979958,1.097129,1.096966,1.0994562894089452,1.0998483421020044,1.0,1.0
3249,65574,65574,1.0933000494206797,1.0919316159793786,1.0919316159793786,1.097005152061864,-7.995949091229697,3.5499088404423946,-0.002251028228989118,2023-04-17 14:00:00+00:00,2023-04-17 14:00:00+00:00,0 days 00:00:00,A_long,0.0011360551260043673,0.0011360551260043673,16.83617791306567,16.83617791306567,1.093168985808877,1.093168985808877,1.0967185,1.0967185,1.100268014191123,1.100268014191123,1.0,1.0
3245,65575,65644,1.0923099588161,1.096289798453616,1.0908367338487948,1.096289798453616,9.363576517569026,3.551003106170114,0.002641685847127556,2023-04-17 14:15:00+00:00,2023-04-18 07:30:00+00:00,0 days 17:15:00,A_long,0.0010819144425371046,0.0006249445567579597,19.385803557401204,81.93523021656759,1.0924652534507204,1.0926143112658728,1.09646,1.0941165,1.1004547465492795,1.095618688734127,1.0,1.0
-3239,65646,65649,1.0969196009737705,1.0978763423390283,1.0978763423390283,1.0944509729829155,-6.653357312265115,3.5544720301950776,-0.0018726434782372352,2023-04-18 08:00:00+00:00,2023-04-18 08:45:00+00:00,0 days 00:45:00,A_short,0.0007358028004093125,0.0007753359266664207,88.11555345099065,87.24440565758235,1.0921882275904284,1.092029774101049,1.0944625000000001,1.095029,1.0967367724095718,1.098028225898951,1.0,1.0
3239,65668,65713,1.0950902132410811,1.0980565146427346,1.0939678284524217,1.0980565146427346,6.056049114147644,3.55180112580784,0.0017073735251253047,2023-04-18 13:30:00+00:00,2023-04-19 00:45:00+00:00,0 days 11:15:00,A_long,0.0009102350065842637,0.0003030925321585115,36.12333422183447,74.14631583514488,1.0951996030393105,1.0968333413834488,1.096938,1.0973945,1.0986763969606894,1.0979556586165513,1.0,0.0
3251,65749,65766,1.0931200329471198,1.0972222399123819,1.0916192533625395,1.0972222399123819,9.775873479533935,3.56040136453312,0.0027508743213910457,2023-04-19 09:45:00+00:00,2023-04-19 14:00:00+00:00,0 days 04:15:00,A_long,0.0010863170159437004,0.0010240173092147837,27.434553103937304,76.80806168304358,1.0934508137226464,1.0913873043986098,1.0955895,1.0940809999999999,1.0977281862773536,1.09677469560139,1.0,1.0
-3246,65767,65855,1.0973195643658595,1.0937135376868266,1.0986288207710577,1.0937135376868266,8.149115875509548,3.5560467246315097,0.0022878568919505295,2023-04-19 14:15:00+00:00,2023-04-20 12:15:00+00:00,0 days 22:00:00,A_short,0.0010154816679861555,0.0009163441524890855,66.31961848061133,26.57123964565271,1.0912744356501447,1.0944443084763318,1.094194,1.0962875,1.0971135643498555,1.0981306915236684,1.0,1.0
-3244,66034,66035,1.100749250453023,1.1019583429313415,1.1019583429313415,1.0975649712059752,-7.495087716134893,3.5727917164694394,-0.002098976014800743,2023-04-24 09:00:00+00:00,2023-04-24 09:15:00+00:00,0 days 00:15:00,A_short,0.0010159143393022717,0.0009617924273953021,78.38491527894551,78.84197534025292,1.0961884846840013,1.0959056936033167,1.0984000000000003,1.0985870000000002,1.1006115153159992,1.1012683063966837,1.0,1.0
-3234,66036,66050,1.1018091534420587,1.1030541509128744,1.1030541509128744,1.0984375472613772,-7.591585783760047,3.565263963141927,-0.0021305224372658808,2023-04-24 09:30:00+00:00,2023-04-24 13:00:00+00:00,0 days 03:30:00,A_short,0.0008935534370759071,0.0009259515455570286,78.93250091799287,71.67164721481751,1.095737267126619,1.0987921595096661,1.0987755000000001,1.1008390000000001,1.1018137328733812,1.1028858404903341,1.0,1.0
-3219,66069,66090,1.1044289136602419,1.105256767380131,1.105256767380131,1.1022696978596074,-6.221350227957615,3.55648910363448,-0.0017499510710962778,2023-04-24 17:45:00+00:00,2023-04-24 23:00:00+00:00,0 days 05:15:00,A_short,0.0006326653300944571,0.0002803969349751349,72.76248192792134,69.60638492146651,1.1013771005278241,1.1041355960921462,1.102909,1.104626,1.1044408994721757,1.105116403907854,1.0,0.0
3216,66123,66124,1.103660997565574,1.1025850081678614,1.1025850081678614,1.1064449754964159,-7.0080254802630355,3.5476435772193637,-0.001974439982373126,2023-04-25 07:15:00+00:00,2023-04-25 07:30:00+00:00,0 days 00:15:00,A_long,0.0009036052121000651,0.0008777911838200548,20.95394351610939,23.035936761451453,1.1036416723810287,1.1032067158387877,1.1050520000000001,1.1049255,1.1064623276189716,1.1066442841612123,1.0,1.0
3225,66151,66156,1.0984105170867422,1.097031927512862,1.097031927512862,1.1022242174614143,-7.986102317680707,3.5401509419168615,-0.0022544492770771255,2023-04-25 14:15:00+00:00,2023-04-25 15:30:00+00:00,0 days 01:15:00,A_long,0.0010321634629329951,0.0010594120805172537,20.206104050278753,25.334553318437685,1.0987378562888892,1.0968542077919747,1.1015865,1.1003479999999999,1.1044351437111108,1.103841792208025,1.0,1.0
-3211,66219,66219,1.1008692394706496,1.1017082530924946,1.1017082530924946,1.098755240722516,-6.230310904054486,3.536238164310128,-0.0017625184704585576,2023-04-26 07:15:00+00:00,2023-04-26 07:15:00+00:00,0 days 00:00:00,A_short,0.0007531827890239496,0.0007531827890239496,94.88436394768533,94.88436394768533,1.0958856344735801,1.0958856344735801,1.0986445,1.0986445,1.10140336552642,1.10140336552642,1.0,1.0
-3201,66220,66223,1.102299108597368,1.1032938193468287,1.1032938193468287,1.0996785419595139,-6.714120590198647,3.530051481174687,-0.0019028476001417564,2023-04-26 07:30:00+00:00,2023-04-26 08:15:00+00:00,0 days 00:45:00,A_short,0.0007714250838207641,0.0009073661953049321,79.77477686766255,86.00686598245275,1.0958366985493126,1.095837559303124,1.0988535000000001,1.0995895,1.1018703014506877,1.103341440696876,1.0,1.0
-3176,66244,66336,1.1086585265315834,1.1029268825108283,1.1106910391630571,1.1029268825108283,14.691703780358846,3.5119976295593496,0.0041724762003191515,2023-04-26 13:30:00+00:00,2023-04-27 12:30:00+00:00,0 days 23:00:00,A_short,0.0015751949510968736,0.0013693601023297463,68.62777049502857,24.620399946302825,1.1024931330757477,1.1022788693200334,1.105033,1.1042025,1.1075728669242522,1.1061261306799666,1.0,1.0
3212,66337,66341,1.1010707605293504,1.0993267678772043,1.0993267678772043,1.1058996963683871,-9.135542829314158,3.5338384306209267,-0.0025831141088352694,2023-04-27 12:45:00+00:00,2023-04-27 13:45:00+00:00,0 days 01:00:00,A_long,0.0014601120886857943,0.0016154568170855166,28.657232356988985,37.93157629013366,1.1017527814413015,1.099618949986818,1.10402,1.1030479999999998,1.1062872185586985,1.1064770500131815,1.0,1.0
-3198,66529,66534,1.1028590573462924,1.100391909624325,1.1038293634585583,1.100391909624325,4.366940118665479,3.5229982961860173,0.0012381656834444348,2023-05-01 12:45:00+00:00,2023-05-01 14:00:00+00:00,0 days 01:15:00,A_short,0.000732651386736498,0.0009661911589604188,83.39049679027134,31.42311899272336,1.0985616418790978,1.0991655254133008,1.1006655,1.1012315,1.1027693581209024,1.103297474586699,1.0,1.0
-3211,66603,66606,1.0997993373968116,1.0975013158813403,1.1006995613728867,1.0975013158813403,3.8511808873403215,3.527766198838073,0.0010905363806374942,2023-05-02 07:15:00+00:00,2023-05-02 08:00:00+00:00,0 days 00:45:00,A_short,0.0007107943248625505,0.0011597437427327208,65.53696671560428,29.22749193338086,1.0979164296761574,1.0972452736258496,1.0987625,1.0987069999999999,1.0996085703238427,1.1001687263741502,1.0,1.0
3224,66607,66613,1.0965903505207475,1.0950883075087205,1.0950883075087205,1.100655077473838,-8.375572667518368,3.5329859967435024,-0.0023690545332703174,2023-05-02 08:15:00+00:00,2023-05-02 09:45:00+00:00,0 days 01:30:00,A_long,0.0011771112437016932,0.0011844764922996555,36.06648645274782,28.59638605039565,1.0969971646334207,1.0951676727600224,1.098628,1.0980219999999998,1.1002588353665792,1.1008763272399773,1.0,1.0
3189,66797,66797,1.1062612355169952,1.1052381040265384,1.1052381040265384,1.1089256879203848,-6.789002019968712,3.526235696902164,-0.0019243928033269627,2023-05-04 07:45:00+00:00,2023-05-04 07:45:00+00:00,0 days 00:00:00,A_long,0.0008124804252778537,0.0008124804252778537,22.84865124492366,22.84865124492366,1.1061984901125987,1.1061984901125987,1.1079174999999999,1.1079174999999999,1.109636509887401,1.109636509887401,1.0,1.0
3184,66798,66799,1.1058812007394798,1.1048050234896665,1.1048050234896665,1.1087049295310005,-6.945960832378502,3.519412468972801,-0.0019726534463820663,2023-05-04 08:00:00+00:00,2023-05-04 08:15:00+00:00,0 days 00:15:00,A_long,0.0007961497019074839,0.0008793297416531496,21.1847921085907,14.885136257081072,1.1057827728790455,1.105072097432003,1.1077730000000001,1.107561,1.1097632271209548,1.110049902567997,1.0,1.0
3182,66800,66813,1.1043410597990226,1.1073955870699514,1.1031748043100162,1.1073955870699514,6.200632770926931,3.5188730051685377,0.0017645445038952335,2023-05-04 08:30:00+00:00,2023-05-04 11:45:00+00:00,0 days 03:15:00,A_long,0.0008474191094327262,0.0008508253585346802,22.960317632123918,68.4804215619764,1.104608935456883,1.1037692278502407,1.10739,1.105709,1.110171064543117,1.1076487721497594,1.0,1.0
3197,66818,66825,1.1010207559533614,1.0988337500903085,1.0988337500903085,1.1072187497290744,-10.508325172090835,3.516467427910806,-0.002985350728677815,2023-05-04 13:00:00+00:00,2023-05-04 14:45:00+00:00,0 days 01:45:00,A_long,0.0022152916014438473,0.002484998482718073,45.47278141432651,36.258866099165616,1.1019398993737646,1.0994280831933296,1.1051199999999999,1.1041400000000001,1.1083001006262352,1.1088519168066706,1.0,1.0
3188,66910,66912,1.1010207559533614,1.1001468129581526,1.1001468129581526,1.103279561125542,-6.29479137357032,3.508661104844953,-0.001793360178714095,2023-05-05 12:00:00+00:00,2023-05-05 12:30:00+00:00,0 days 00:30:00,A_long,0.0006669684191119318,0.0011555451681329674,28.6206326912869,10.450267756025156,1.1012476361389134,1.0995430653375857,1.102556,1.102122,1.1038643638610868,1.1047009346624144,1.0,1.0
3193,66913,66922,1.0973204173301851,1.1014099626052787,1.0958633457982405,1.1014099626052787,9.547645011806676,3.5102730515669682,0.0027249835489263387,2023-05-05 12:45:00+00:00,2023-05-05 15:00:00+00:00,0 days 02:15:00,A_long,0.0012734724790485774,0.0012531536472167172,15.54402678402191,62.464953727411014,1.0986368107463342,1.097051400024344,1.101868,1.100481,1.105099189253666,1.103910599975656,1.0,1.0
3189,67018,67030,1.1016808163564145,1.1006058135786754,1.1006058135786754,1.1044625592639736,-6.939729889641449,3.511546031431501,-0.0019752963475426605,2023-05-08 15:00:00+00:00,2023-05-08 18:00:00+00:00,0 days 03:00:00,A_long,0.0007790235265121552,0.0006032962025807552,24.52981733955633,24.016199519280917,1.1016615573086355,1.1006643425327376,1.103653,1.1024100000000001,1.1056444426913645,1.1041556574672626,1.0,0.0
3194,67085,67100,1.0978304640052716,1.0968250953904801,1.0968250953904801,1.10044471382856,-6.716012283999072,3.5048649283550155,-0.001915319772433751,2023-05-09 07:45:00+00:00,2023-05-09 11:30:00+00:00,0 days 03:45:00,A_long,0.000701542217986605,0.0005936415405126392,25.974575852781683,23.333504886636675,1.0979699284450908,1.096791472428855,1.099053,1.09802,1.1001360715549093,1.099248527571145,1.0,1.0
3192,67103,67105,1.0962503194040232,1.0954299710914845,1.0954299710914845,1.0983100867255462,-6.116473557254145,3.4979217436308305,-0.0017479479128710048,2023-05-09 12:15:00+00:00,2023-05-09 12:45:00+00:00,0 days 00:30:00,A_long,0.0006000208783722096,0.0007262379041995503,22.932801687509482,14.371947253170163,1.0962339137983725,1.0955372006635566,1.097597,1.097381,1.0989600862016273,1.0992247993364432,1.0,1.0
3190,67106,67107,1.0951002141562791,1.0941285145149604,1.0941285145149604,1.0976144564551187,-6.591541678037322,3.491819822230627,-0.0018868720679104988,2023-05-09 13:00:00+00:00,2023-05-09 13:15:00+00:00,0 days 00:15:00,A_long,0.0007520728503062516,0.0007464631369320832,13.08179398345817,12.729477518421035,1.095059587981269,1.0946424517670887,1.0972304999999998,1.0970785,1.0994014120187305,1.0995145482329114,1.0,1.0
-3171,67201,67272,1.0993093822415023,1.095072856825435,1.1008557143915216,1.095072856825435,9.954829054308549,3.479193040040629,0.002855733196902746,2023-05-10 12:45:00+00:00,2023-05-11 06:30:00+00:00,0 days 17:45:00,A_short,0.0013001270605434124,0.0007460444023731138,78.65809147128142,18.670191512017695,1.0929313971989767,1.0963388365563747,1.0957219999999999,1.0975465,1.098512602801023,1.0987541634436253,1.0,0.0
3198,67275,67278,1.0933500539966687,1.0920611386453276,1.0920611386453276,1.096896584064017,-7.616423790623468,3.494472497034552,-0.0021782785293294697,2023-05-11 07:15:00+00:00,2023-05-11 08:00:00+00:00,0 days 00:45:00,A_long,0.0009943998672633212,0.001074096743222957,14.169580951223168,16.153873773971327,1.093504377421698,1.0919720905568553,1.0968125,1.09608,1.100120622578302,1.1001879094431446,1.0,1.0
3198,67301,67387,1.0909798370947963,1.0896098048354554,1.0896098048354554,1.0947305854936333,-7.868126002818504,3.4867628374464728,-0.0022551535753929748,2023-05-11 13:45:00+00:00,2023-05-12 11:15:00+00:00,0 days 21:30:00,A_long,0.0010405853966154554,0.0007152012115959009,22.22265206931573,22.513152610652554,1.090901286912333,1.0891399441364102,1.092548,1.091288,1.0941947130876672,1.0934360558635898,1.0,1.0
3205,67402,67408,1.0863494133582265,1.0850242360198448,1.0850242360198448,1.0898072919404656,-7.726819642641957,3.4796262731283596,-0.0022192345606540237,2023-05-12 15:00:00+00:00,2023-05-12 16:30:00+00:00,0 days 01:30:00,A_long,0.0009409406523342499,0.0006861549045072142,19.15611675436955,15.780522122202953,1.086278631086269,1.0843899691446492,1.0888579999999999,1.0874485,1.0914373689137307,1.0905070308553508,1.0,1.0
3198,67591,67659,1.0861593959694689,1.0847589383448915,1.0847589383448915,1.0899631849653257,-7.9499618999672235,3.4712984165686622,-0.002288721895662258,2023-05-16 14:15:00+00:00,2023-05-17 07:15:00+00:00,0 days 17:00:00,A_long,0.0010969889731340249,0.0008211506011463464,41.35145777389508,29.452727394453206,1.0866879779157446,1.08486185445166,1.0885669999999998,1.0861905,1.0904460220842551,1.0875191455483402,1.0,1.0
3196,67660,67661,1.0845092449618363,1.0834246192786245,1.0834246192786245,1.0873661421641267,-6.9308219986010755,3.4643583150562565,-0.001999607311239049,2023-05-17 07:30:00+00:00,2023-05-17 07:45:00+00:00,0 days 00:15:00,A_long,0.000810330520993525,0.0008516197848610563,27.59432570500519,21.570480981307824,1.0845144444113688,1.0839355995353785,1.0860435,1.0858545000000002,1.087572555588631,1.0877734004646218,1.0,1.0
3193,67662,67666,1.0832691314773122,1.0821480562581667,1.0821480562581667,1.0862358312254998,-7.036681714951294,3.457088540219692,-0.0020343825453678632,2023-05-17 08:00:00+00:00,2023-05-17 09:00:00+00:00,0 days 01:00:00,A_long,0.0008580704802129023,0.0009278358713157702,32.39944875856584,24.77432270225846,1.0836576741140733,1.0824352997037376,1.0856965,1.0850565,1.0877353258859268,1.0876777002962625,1.0,1.0
3197,67777,67777,1.0797388084124977,1.0786005563286138,1.0786005563286138,1.0827583310141582,-7.089097386715337,3.450105474538667,-0.002053664968766443,2023-05-18 12:45:00+00:00,2023-05-18 12:45:00+00:00,0 days 00:00:00,A_long,0.0009333759848899009,0.0009333759848899009,24.510276598135462,24.510276598135462,1.0797773100490335,1.0797773100490335,1.081235,1.081235,1.0826926899509663,1.0826926899509663,1.0,1.0
3192,67778,67781,1.0790887489246423,1.077879948818132,1.077879948818132,1.0823601535456036,-7.301011981578202,3.442522041597468,-0.002119644429303018,2023-05-18 13:00:00+00:00,2023-05-18 13:45:00+00:00,0 days 00:45:00,A_long,0.0009089258535712513,0.0008526844741617854,23.086928112273185,17.944891198067694,1.0792866470952809,1.077990373594482,1.081089,1.0805615,1.082891352904719,1.0831326264055179,1.0,1.0
3186,68044,68052,1.079068747094247,1.0781382516467115,1.0781382516467115,1.0814652450598654,-6.400989244842577,3.436430748994347,-0.0018618822501496283,2023-05-23 07:30:00+00:00,2023-05-23 09:30:00+00:00,0 days 02:00:00,A_long,0.0008300404773750907,0.0008984800654723282,38.26156399504834,28.822156442127692,1.0794673547176687,1.0786045896895025,1.0805514999999999,1.0801265,1.081635645282331,1.0816484103104975,1.0,1.0
3183,68053,68055,1.0781986674720407,1.0770218239214333,1.0770218239214333,1.0813345282357003,-7.175926433636169,3.430033412052714,-0.002090944706498324,2023-05-23 09:45:00+00:00,2023-05-23 10:15:00+00:00,0 days 00:30:00,A_long,0.0008453493900760105,0.0007895290974348564,29.15326214418144,23.15240366698221,1.0782851359490966,1.0773610653265817,1.0799815000000001,1.0796515,1.0816778640509037,1.0819419346734183,1.0,1.0
3183,68151,68158,1.0757584441637837,1.0787747330285455,1.0746217556571516,1.0787747330285455,6.171907905035203,3.428939551501592,0.0018024699566015529,2023-05-24 10:15:00+00:00,2023-05-24 12:00:00+00:00,0 days 01:45:00,A_long,0.0008685098031683706,0.0009663884321757562,21.092533095473314,65.61807176522278,1.0760509680888297,1.075033274253718,1.0778175,1.077323,1.0795840319111705,1.079612725746282,1.0,1.0
3200,68235,68260,1.0720081009646183,1.071054527401645,1.071054527401645,1.0744764177950648,-6.4803356069006455,3.428900205386021,-0.001889076094979352,2023-05-25 07:15:00+00:00,2023-05-25 13:30:00+00:00,0 days 06:15:00,A_long,0.0007471746543675077,0.0008864322972926837,35.99518298724465,31.28220695670275,1.072439821928991,1.0712839486893766,1.0735489999999999,1.0725775,1.0746581780710087,1.0738710513106233,1.0,1.0
3195,68435,68451,1.071708073508685,1.0708713093052111,1.0708713093052111,1.0738260720843664,-6.096232194144291,3.4227705640451993,-0.0017803858551088592,2023-05-29 09:15:00+00:00,2023-05-29 13:15:00+00:00,0 days 04:00:00,A_long,0.000606832168458542,0.00044667075047262494,24.39078200499017,39.131380896686665,1.0716652473489188,1.0707822875887183,1.073161,1.0715679999999999,1.0746567526510813,1.0723537124112814,1.0,1.0
-3185,68535,68540,1.072891800194022,1.0741128856328404,1.0741128856328404,1.0696213431014794,-7.308262084815823,3.4191049621792784,-0.002138694490270869,2023-05-30 10:15:00+00:00,2023-05-30 11:30:00+00:00,0 days 01:15:00,A_short,0.0009029729570512989,0.0008666245506402709,70.3860436932528,70.04985278344881,1.0668526489514347,1.0671204439750144,1.0698905,1.071045,1.0729283510485654,1.0749695560249857,1.0,1.0
3198,68717,68723,1.0663775857082713,1.069144453953215,1.0653385153489283,1.069144453953215,5.433744905910735,3.4146997414187163,0.0015933448413437857,2023-06-01 07:45:00+00:00,2023-06-01 09:15:00+00:00,0 days 01:30:00,A_long,0.0007871833591072959,0.0007665823852852471,37.90526651727325,63.60668757736935,1.0667157106723804,1.0665510605771895,1.0681515,1.067946,1.0695872893276195,1.0693409394228106,1.0,1.0
-3190,68726,68740,1.0707819933007523,1.071888519589937,1.071888519589937,1.0678144412301889,-6.947378330559933,3.4175594680606496,-0.00203389817839269,2023-06-01 10:00:00+00:00,2023-06-01 13:30:00+00:00,0 days 03:30:00,A_short,0.0008275974816212243,0.0011321251534333594,68.43506648317765,67.72037077592984,1.0660427480745,1.0685544722545692,1.068232,1.070388,1.0704212519255,1.0722215277454306,1.0,1.0
3172,68833,68839,1.0748783636263797,1.0735654790516642,1.0735654790516642,1.0784235628450076,-7.571901805484805,3.407431934487378,-0.002220815467901806,2023-06-02 12:45:00+00:00,2023-06-02 14:15:00+00:00,0 days 01:30:00,A_long,0.0010678206849092332,0.0013304368436592657,27.7670433845214,27.192017789755994,1.0750568896892463,1.0735218349870543,1.0764745000000002,1.0758755,1.0778921103107542,1.0782291650129456,1.0,1.0
3171,68840,68847,1.072908183332418,1.0712134757876088,1.0712134757876088,1.0775995726371737,-8.773422515125,3.3995048905348026,-0.0025787559619275093,2023-06-02 14:30:00+00:00,2023-06-02 16:15:00+00:00,0 days 01:45:00,A_long,0.0012957119311713804,0.0009646426840798875,31.617898439715432,25.38419261437913,1.073100301775764,1.0706894139015897,1.075718,1.0740925,1.0783356982242358,1.0774955860984101,1.0,1.0
-3166,68935,68994,1.0715119264913147,1.0729983277967767,1.0729983277967767,1.0674450166096696,-8.100706265630965,3.3947597325380485,-0.0023878935636157173,2023-06-05 14:15:00+00:00,2023-06-06 05:00:00+00:00,0 days 14:45:00,A_short,0.0011293478532276855,0.0004225636552929739,75.02802732150927,78.1396073723524,1.0669018166843605,1.0710238354016326,1.068983,1.071838,1.0710641833156396,1.0726521645983675,1.0,0.0
3172,69099,69105,1.0670776497721157,1.0690842183446614,1.066251927218446,1.0690842183446614,2.976882789281637,3.3879527228332087,0.0008794932952515028,2023-06-07 07:15:00+00:00,2023-06-07 08:45:00+00:00,0 days 01:30:00,A_long,0.0006033858977888356,0.0006067811206075074,37.30360501875287,62.802434016137155,1.0671369990778832,1.0671227068796942,1.0686245,1.068467,1.070112000922117,1.0698112931203059,1.0,1.0
-3158,69202,69211,1.0725518313107463,1.0734902662831904,1.0734902662831904,1.070129201150429,-6.352178115079511,3.3886004721008263,-0.0018753928365241646,2023-06-08 09:00:00+00:00,2023-06-08 11:15:00+00:00,0 days 02:15:00,A_short,0.0007775256489708363,0.0006713863995181375,63.284157704416124,71.6075723795914,1.070146823397061,1.0702336829701482,1.0712815,1.0721055,1.072416176602939,1.0739773170298517,1.0,1.0
-3145,69217,69220,1.0750616015961048,1.0761402698594549,1.0761402698594549,1.0719791904216351,-6.775176631100008,3.3827649428638673,-0.0020038565193655536,2023-06-08 12:45:00+00:00,2023-06-08 13:30:00+00:00,0 days 00:45:00,A_short,0.0008939726762729878,0.0009666482873397769,72.96925124198563,82.24338924811182,1.0713162952845479,1.071533486665122,1.073045,1.0735955000000001,1.0747737047154522,1.0756575133348782,1.0,1.0
-3134,69390,69390,1.076841438690901,1.0777310560024609,1.0777310560024609,1.0745668319926174,-6.164275753612872,3.376215099184498,-0.001826548912621388,2023-06-12 08:00:00+00:00,2023-06-12 08:00:00+00:00,0 days 00:00:00,A_short,0.0007126515573328506,0.0007126515573328506,88.94327516598185,88.94327516598185,1.072906463869006,1.072906463869006,1.074868,1.074868,1.0768295361309939,1.0768295361309939,1.0,1.0
-3125,69391,69396,1.0777013599838925,1.0786351818687994,1.0786351818687994,1.0752144543936017,-6.287469236978804,3.369275846644831,-0.0018669273609001297,2023-06-12 08:15:00+00:00,2023-06-12 09:30:00+00:00,0 days 01:15:00,A_short,0.0007029646830218004,0.0007207663750495024,86.24839320415101,85.08152450266138,1.0728212570380917,1.07303692524778,1.075064,1.0760385,1.0773067429619083,1.0790400747522197,1.0,1.0
-3105,69601,69603,1.082680904215401,1.0835846555676236,1.0835846555676236,1.0803260332971292,-6.169275230214123,3.3631272815631457,-0.001835152097333629,2023-06-14 12:45:00+00:00,2023-06-14 13:15:00+00:00,0 days 00:30:00,A_short,0.0007216956877281335,0.0007268736498935747,86.52257514928787,88.71016968509213,1.078771319999843,1.0787747357713884,1.0806575,1.081074,1.082543680000157,1.0833732642286118,1.0,1.0
-3099,69679,69681,1.0828208914026323,1.083691829717317,1.083691829717317,1.0806045108480493,-6.056049298583451,3.3570114613753614,-0.0018047256852546578,2023-06-15 08:15:00+00:00,2023-06-15 08:45:00+00:00,0 days 00:30:00,A_short,0.0006334325736177934,0.0006724893552951583,62.98282042481846,67.93905752452648,1.0803480896330364,1.0801268267063646,1.0815265,1.0817275,1.0827049103669637,1.0833281732936353,1.0,1.0
-3090,69683,69694,1.084100774257317,1.0815642332114794,1.085078588929507,1.0815642332114794,4.4919593950987675,3.3459524365392905,0.0013409348804302808,2023-06-15 09:15:00+00:00,2023-06-15 12:00:00+00:00,0 days 02:45:00,A_short,0.000702536449088366,0.0008420727217107426,76.16081901233969,47.89081625227639,1.0798734884987724,1.081397602907048,1.082036,1.0832925,1.0841985115012276,1.085187397092952,1.0,1.0
-3084,69697,69701,1.0876404502773047,1.0894246415465019,1.0894246415465019,1.082686075360494,-8.859480245796336,3.35703437159231,-0.0026412440015234013,2023-06-15 12:45:00+00:00,2023-06-15 13:45:00+00:00,0 days 01:00:00,A_short,0.001603352228029187,0.0016291283552541786,64.97504096608225,76.81558925657421,1.0813239948819082,1.0806217758905996,1.083961,1.0851035,1.0865980051180917,1.0895852241094004,1.0,1.0
3067,69878,69964,1.0911698544835537,1.0936327313101382,1.0902024228966205,1.0936327313101382,4.203248461819774,3.3503947653146264,0.00125596902082332,2023-06-19 10:00:00+00:00,2023-06-20 07:30:00+00:00,0 days 21:30:00,A_long,0.0007433612413296208,0.0008279405803747826,33.47611538175212,68.57838711699264,1.0914858132191796,1.0909879631214336,1.0929495,1.0922725,1.0944131867808204,1.0935570368785663,1.0,1.0
3071,69987,69992,1.0908798279428185,1.0897684080230656,1.0897684080230656,1.0937747759308032,-6.761555939886561,3.348385366325615,-0.0020183195081054893,2023-06-20 13:15:00+00:00,2023-06-20 14:30:00+00:00,0 days 01:15:00,A_long,0.000826038650008126,0.0009811703420279433,36.341283480001714,27.158108818237366,1.0912528557919834,1.0901491418513711,1.0927229999999999,1.0921414999999999,1.0941931442080164,1.0941338581486286,1.0,1.0
-3055,70088,70088,1.0943498361795982,1.095721568910227,1.095721568910227,1.0906352932693184,-7.535977563345844,3.345334071274708,-0.0022540949444331765,2023-06-21 14:30:00+00:00,2023-06-21 14:30:00+00:00,0 days 00:00:00,A_short,0.0011796886573862946,0.0011796886573862946,77.74575250362668,77.74575250362668,1.090198545090088,1.090198545090088,1.0923055000000002,1.0923055000000002,1.0944124549099123,1.0944124549099123,1.0,1.0
-3044,70089,70097,1.0957997034759213,1.0973156263888637,1.0973156263888637,1.0916531208334093,-7.952390879051011,3.3379215320542026,-0.0023840858594758327,2023-06-21 14:45:00+00:00,2023-06-21 16:45:00+00:00,0 days 02:00:00,A_short,0.0011237301697348012,0.0008503886611732435,72.25727299526613,76.93151703724027,1.0900063542435943,1.0901734162730379,1.0924960000000001,1.0939655,1.094985645756406,1.097757583726962,1.0,1.0
3034,70179,70186,1.0970303907894494,1.0957602508983932,1.0957602508983932,1.1005192473048206,-7.180067832904898,3.3264634034404574,-0.002157219373108814,2023-06-22 13:15:00+00:00,2023-06-22 15:00:00+00:00,0 days 01:45:00,A_long,0.0009925965733828105,0.0010676304891028081,35.24882685709703,35.980444021937004,1.0974170139154558,1.0958440546273842,1.0994024999999998,1.0985464999999999,1.101387986084544,1.1012489453726155,1.0,1.0
3053,70252,70252,1.088009565281057,1.0866537298954886,1.0866537298954886,1.0917588103135345,-7.4589889522276085,3.319623520086997,-0.0022455381929713,2023-06-23 07:30:00+00:00,2023-06-23 07:30:00+00:00,0 days 00:00:00,A_long,0.0012697506310360954,0.0012697506310360954,6.654437636039063,6.654437636039063,1.0888812930446667,1.0888812930446667,1.0925585,1.0925585,1.0962357069553332,1.0962357069553332,1.0,1.0
3049,70253,70257,1.0867994545421265,1.0851662992427566,1.0851662992427566,1.0912611022717298,-8.290652299423588,3.3111617916450546,-0.0025019686611895105,2023-06-23 07:45:00+00:00,2023-06-23 08:45:00+00:00,0 days 01:00:00,A_long,0.0012231172135646203,0.0012444968046739279,9.046764951619721,9.634246386943133,1.0878249339867667,1.0845094173847067,1.0922085,1.0906705,1.0965920660132331,1.0968315826152935,1.0,1.0
-3022,70443,70456,1.0937898874306737,1.0946211001245505,1.0946211001245505,1.091616699626348,-5.818613763091511,3.306689002195944,-0.001760318146821877,2023-06-27 07:15:00+00:00,2023-06-27 10:30:00+00:00,0 days 03:15:00,A_short,0.0006117945343976824,0.0006577412457932701,68.42047933046794,67.22099117914264,1.0917231393412787,1.0921195702694941,1.092674,1.093516,1.093624860658721,1.0949124297305057,1.0,1.0
-3008,70465,70537,1.0969795954825838,1.0938413352554017,1.0981595549148662,1.0938413352554017,6.144892083533858,3.29499467982993,0.0018622495534335345,2023-06-27 12:45:00+00:00,2023-06-28 06:45:00+00:00,0 days 18:00:00,A_short,0.000942345216292135,0.0005124304139718705,70.7069746914018,23.550567707096903,1.0924904006350993,1.094084580836081,1.0945120000000002,1.0948825,1.096533599364901,1.095680419163919,1.0,0.0
3024,70559,70566,1.093370055827064,1.0922179289990033,1.0922179289990033,1.0963062130029901,-6.788640561112759,3.304609033057014,-0.002053212275669695,2023-06-28 12:15:00+00:00,2023-06-28 14:00:00+00:00,0 days 01:45:00,A_long,0.0008661623896087593,0.0012569385881759266,27.998841305969123,31.06136139795227,1.0935018059054662,1.0916915780822292,1.094996,1.0940865,1.096490194094534,1.0964814219177708,1.0,1.0
-3024,70635,70635,1.0908501564988193,1.0917755359439492,1.0917755359439492,1.0884733921681529,-6.09847748904606,3.3001300469734662,-0.0018487344749750453,2023-06-29 07:15:00+00:00,2023-06-29 07:15:00+00:00,0 days 00:00:00,A_short,0.0007588870706299537,0.0007588870706299537,76.89837567400329,76.89837567400329,1.0879748957306266,1.0879748957306266,1.0894075,1.0894075,1.0908401042693736,1.0908401042693736,1.0,1.0
-3017,70636,70647,1.0915200951805686,1.0925206644847558,1.0925206644847558,1.0888780065457324,-6.313343076688038,3.294625485955142,-0.0019171334483528034,2023-06-29 07:30:00+00:00,2023-06-29 10:15:00+00:00,0 days 02:45:00,A_short,0.0007470354612126197,0.0006029454452237028,77.63441511815485,73.78385039321296,1.0877568241961943,1.0887631550517107,1.0895059999999999,1.0909535,1.0912551758038054,1.093143844948289,1.0,1.0
3021,70658,70660,1.0882095835850125,1.0865180893495976,1.0865180893495976,1.0928457319512075,-8.394930235156217,3.2849261499677285,-0.0025536055864602146,2023-06-29 13:00:00+00:00,2023-06-29 13:30:00+00:00,0 days 00:30:00,A_long,0.0013864910252907496,0.00132949770344061,17.89303925334704,15.108739749134529,1.0885049837139202,1.0867544056832368,1.0918435,1.0913439999999999,1.0951820162860797,1.095933594316763,1.0,1.0
3023,70736,70750,1.084469241301045,1.0872356586442067,1.0834014471185978,1.0872356586442067,5.080347672110363,3.282531956267248,0.0015496657988869507,2023-06-30 08:30:00+00:00,2023-06-30 12:00:00+00:00,0 days 03:30:00,A_long,0.0008096215254571052,0.0007857012863070625,21.394657121795163,74.11397595496842,1.084501216143496,1.0833260204769684,1.086361,1.0850110000000002,1.088220783856504,1.086695979523032,1.0,1.0
-3015,70753,70754,1.0888803367927808,1.0901546587593913,1.0901546587593913,1.085416023721826,-7.1269759851255,3.2848952557948996,-0.0021708900275939254,2023-06-30 12:45:00+00:00,2023-06-30 13:00:00+00:00,0 days 00:15:00,A_short,0.0009875868817826828,0.0009705752975449732,86.09118199935868,88.04690237579497,1.0822454815725742,1.081814984524601,1.085386,1.0856515,1.0885265184274258,1.089488015475399,1.0,1.0
-3005,70755,70757,1.0903702004283125,1.091624690357054,1.091624690357054,1.0869659289288383,-7.048189559273047,3.278447323405013,-0.0021510926960520756,2023-06-30 13:15:00+00:00,2023-06-30 13:45:00+00:00,0 days 00:30:00,A_short,0.0009291652578722945,0.0009985285714685546,88.5156788570666,90.28212889318729,1.081606985004849,1.0815575783696711,1.0859665,1.0866935,1.090326014995151,1.0918294216303288,1.0,1.0
3004,70827,70829,1.0883395954825839,1.0875249072573188,1.0875249072573188,1.090385278228044,-5.715471911811671,3.2681484831153336,-0.0017481863974557102,2023-07-03 07:15:00+00:00,2023-07-03 07:45:00+00:00,0 days 00:30:00,A_long,0.0005924558697143595,0.0006455335199187749,14.509068785993364,11.842270714663613,1.0881397446906627,1.0873362410515741,1.0904874999999998,1.090182,1.092835255309337,1.0930277589484259,1.0,1.0
-2994,71019,71022,1.0900702278842458,1.0873110641131742,1.0911096452956086,1.0873110641131742,5.0013965364680795,3.259539794120138,0.0015324454171316752,2023-07-05 07:15:00+00:00,2023-07-05 08:00:00+00:00,0 days 00:45:00,A_short,0.000815188269050668,0.0009931936672901527,72.16293345626374,42.648397352550006,1.0864380387632264,1.0863897232284665,1.0879505,1.088088,1.0894629612367737,1.0897862767715334,1.0,1.0
-3002,71128,71134,1.0885803642487142,1.0898632473573888,1.0898632473573888,1.0851702579278333,-7.121058953262022,3.2698438610207607,-0.0021790811155359734,2023-07-06 10:30:00+00:00,2023-07-06 12:00:00+00:00,0 days 01:30:00,A_short,0.0009326786470030891,0.0008438536715467671,71.58899833840138,76.85484716389826,1.084565005854348,1.0841880799765824,1.0863805000000002,1.0873140000000001,1.0881959941456525,1.0904399200234178,1.0,1.0
-2989,71233,71239,1.090920150092435,1.0925935034293062,1.0925935034293062,1.086299489712082,-8.264914279096052,3.2632611551882427,-0.00253465862134608,2023-07-07 12:45:00+00:00,2023-07-07 14:15:00+00:00,0 days 01:30:00,A_short,0.0014164191433876782,0.001342973360028569,73.58763678661603,80.45063263445476,1.0865790787258907,1.0869946555962822,1.0886574999999998,1.0898385,1.090735921274109,1.0926823444037177,1.0,1.0
-2972,71241,71246,1.0947098032324785,1.0965378922944298,1.0965378922944298,1.089626323116711,-8.68927476767228,3.256194075552986,-0.0026707652576798612,2023-07-07 14:45:00+00:00,2023-07-07 16:00:00+00:00,0 days 01:15:00,A_short,0.001395922212643705,0.0010401339602951706,86.74869721881484,90.75459282325934,1.086575638835643,1.0869008667240163,1.0904975000000001,1.0922085,1.0944193611643573,1.0975161332759835,1.0,1.0
-2955,71335,71341,1.0978695140299817,1.0990197373859791,1.0990197373859791,1.0947807878420628,-6.644813885939575,3.2459038689670825,-0.0020482106051485805,2023-07-10 14:15:00+00:00,2023-07-10 15:45:00+00:00,0 days 01:30:00,A_short,0.0008666992232071775,0.0007510659749460495,66.1878598972734,75.2870985566256,1.0943862070867791,1.0939204802660223,1.0959699999999999,1.096549,1.0975537929132206,1.0991775197339777,1.0,1.0
2947,71421,71424,1.0989905701682132,1.0981313836178146,1.0981313836178146,1.101165849146556,-5.769481962928467,3.237459198903712,-0.001781405209866325,2023-07-11 11:45:00+00:00,2023-07-11 12:30:00+00:00,0 days 00:45:00,A_long,0.0006358896093561092,0.000642106510149766,20.432641986707637,25.515343938905474,1.0990078203889884,1.0981964321121005,1.1005,1.1000745,1.1019921796110117,1.1019525678878996,1.0,1.0
-2922,71521,71522,1.1060987608222137,1.107722179505787,1.107722179505787,1.1016334614826393,-7.978021787220382,3.234392393819209,-0.0024684316179034035,2023-07-12 12:45:00+00:00,2023-07-12 13:00:00+00:00,0 days 00:15:00,A_short,0.001418018531957189,0.0015129493943628926,73.12094906451432,79.48769545002222,1.1003637373242936,1.099729713309843,1.1026685,1.102904,1.1049732626757065,1.1060782866901573,1.0,1.0
-2911,71523,71525,1.1075686262881408,1.1094855392732355,1.1094855392732355,1.1022233821802934,-8.807056037585154,3.2269223379745835,-0.002731605063620018,2023-07-12 13:15:00+00:00,2023-07-12 13:45:00+00:00,0 days 00:30:00,A_short,0.0014525561417811817,0.0014476532798267596,80.94443615873311,84.82230492621339,1.0992797164140442,1.0986444185682513,1.103194,1.1038634999999999,1.1071082835859558,1.1090825814317484,1.0,1.0
-2861,71787,71812,1.123957126278989,1.1215725038640816,1.1249024987119727,1.1215725038640816,3.610174593130219,3.2122301359196626,0.0011226919340005456,2023-07-17 07:15:00+00:00,2023-07-17 13:30:00+00:00,0 days 06:15:00,A_short,0.0006985824030913924,0.0009521285751312,74.14139796914668,26.015110668097137,1.1217627966659616,1.1217950130073762,1.122835,1.1233330000000001,1.1239072033340385,1.1248709869926241,1.0,1.0
2872,71813,71829,1.1210225863489098,1.1243376628704727,1.1197674457098425,1.1243376628704727,6.296562452049388,3.2243373178790335,0.0019557111726835304,2023-07-17 13:45:00+00:00,2023-07-17 17:45:00+00:00,0 days 04:00:00,A_long,0.0010811780984470297,0.0005812051063333885,42.26598880257182,62.98436920603883,1.1216420447800117,1.1215451358885737,1.12325,1.1230215000000001,1.1248579552199884,1.1244978641114265,1.0,1.0
-2862,71883,71885,1.1270768407372833,1.1244460281725859,1.1280913239424715,1.1244460281725859,4.307456334754045,3.221929225410023,0.0013353580482213803,2023-07-18 07:15:00+00:00,2023-07-18 07:45:00+00:00,0 days 00:30:00,A_short,0.0007621784028960787,0.0010602140003975048,67.48087521710184,47.655853783542995,1.1241032889847404,1.1242534550877659,1.1254060000000001,1.1255225,1.1267087110152598,1.126791544912234,1.0,1.0
2886,72007,72009,1.1193924371716726,1.1180463637009115,1.1180463637009115,1.1231009088972657,-7.113392226275673,3.228624189659139,-0.002201902379674026,2023-07-19 14:15:00+00:00,2023-07-19 14:45:00+00:00,0 days 00:30:00,A_long,0.0010446262160084664,0.0011193859133574646,26.071272822271112,30.002498133656218,1.119565533453587,1.1189178427434805,1.1215534999999999,1.1211205,1.1235414665464127,1.1233231572565194,1.0,1.0
2883,72097,72102,1.118042313619973,1.1168100683300268,1.1168100683300268,1.1212897950099199,-6.774102879495976,3.221539708580925,-0.0021015944140016594,2023-07-20 12:45:00+00:00,2023-07-20 14:00:00+00:00,0 days 01:15:00,A_long,0.0009168395394251933,0.0011206471678838405,27.84828800474854,27.96961510080085,1.1185798136512883,1.1168279433427621,1.1203910000000001,1.1196585,1.122202186348712,1.1224890566572376,1.0,1.0
2885,72104,72109,1.1149620317390587,1.1133921269454008,1.1133921269454008,1.1192636191637975,-7.743576203605455,3.214400873902333,-0.002407330291609746,2023-07-20 14:30:00+00:00,2023-07-20 15:45:00+00:00,0 days 01:15:00,A_long,0.0011894638727660673,0.0009171825642283758,19.612591834223323,20.63971921942297,1.1150266059444505,1.11238350732637,1.119011,1.117315,1.1229953940555495,1.1222464926736302,1.0,1.0
-2879,72267,72268,1.1143680039536543,1.1120062615902289,1.1152912461365905,1.1120062615902289,3.594590509051469,3.20486575525042,0.0011204155415659152,2023-07-24 07:15:00+00:00,2023-07-24 07:30:00+00:00,0 days 00:15:00,A_short,0.0009211222097596812,0.0014649725817917096,46.15206399164098,23.775906730205506,1.1114937835126486,1.1100249801524946,1.1126735,1.1124180000000001,1.1138532164873516,1.1148110198475056,1.0,1.0
2899,72269,72316,1.1079613911006168,1.10611203290185,1.10611203290185,1.11314390129445,-8.570588846316701,3.2092994280915756,-0.0026683194328922517,2023-07-24 07:45:00+00:00,2023-07-24 19:30:00+00:00,0 days 11:45:00,A_long,0.0014256429042194675,0.0005661330401086191,25.790889936978715,28.287047319174164,1.1091515376662568,1.1062557637263546,1.1121915000000002,1.107424,1.1152314623337436,1.1085922362736453,1.0,0.0
2897,72367,72372,1.1061812281954129,1.1049288994097857,1.1049288994097857,1.109013301770643,-6.830789511798126,3.20279301983613,-0.00213155294026851,2023-07-25 08:15:00+00:00,2023-07-25 09:30:00+00:00,0 days 01:15:00,A_long,0.0008961282040436433,0.0008582317422406131,33.55616443457336,19.10681641875516,1.1063690226347065,1.1050685867665921,1.1075455,1.1070855,1.1087219773652937,1.1091024132334077,1.0,1.0
2894,72373,72386,1.104581081763769,1.1034401219093113,1.1034401219093113,1.1075596342720664,-6.496944500515278,3.195006681714947,-0.002032417984843166,2023-07-25 09:45:00+00:00,2023-07-25 13:00:00+00:00,0 days 03:15:00,A_long,0.0008144675099418541,0.0007729496995055536,17.894181431077158,20.209136295390792,1.104575342709055,1.1032205122667134,1.106946,1.104943,1.109316657290945,1.1066654877332867,1.0,1.0
-2867,72557,72562,1.1128181458093092,1.1139527352707501,1.1139527352707501,1.1098217941877493,-6.444944043979498,3.192076058028265,-0.00202007390915269,2023-07-27 07:45:00+00:00,2023-07-27 09:00:00+00:00,0 days 01:15:00,A_short,0.0008418643622085598,0.0007468328357366548,76.69282538553072,81.73500783501956,1.1081658414528164,1.1075516058453896,1.1102874999999999,1.1110944999999999,1.1124091585471834,1.1146373941546102,1.0,1.0
2870,72576,72576,1.109401522889096,1.1078852954587912,1.1078852954587912,1.1135841136236264,-7.533379309304236,3.1818065843292187,-0.002366024189910225,2023-07-27 12:30:00+00:00,2023-07-27 12:30:00+00:00,0 days 00:00:00,A_long,0.0013489532797618857,0.0013489532797618857,19.03462047709779,19.03462047709779,1.109970952272059,1.109970952272059,1.1131425,1.1131425,1.1163140477279407,1.1163140477279407,1.0,1.0
2867,72577,72577,1.1082014130653635,1.1064812560642858,1.1064812560642858,1.1129562318071429,-8.10643772828694,3.1747476061973523,-0.002551430003884712,2023-07-27 12:45:00+00:00,2023-07-27 12:45:00+00:00,0 days 00:00:00,A_long,0.0016410928424603142,0.0016410928424603142,14.3815183087804,14.3815183087804,1.1083178288429552,1.1083178288429552,1.1127955,1.1127955,1.117273171157045,1.117273171157045,1.0,1.0
2865,72578,72578,1.1060112126370507,1.1039306885890476,1.1039306885890476,1.1118079342328575,-9.126443171035191,3.1657417735063857,-0.00288016519382385,2023-07-27 13:00:00+00:00,2023-07-27 13:00:00+00:00,0 days 00:00:00,A_long,0.0018422804634656037,0.0018422804634656037,11.273452089644024,11.273452089644024,1.1063531606351906,1.1063531606351906,1.1123395,1.1123395,1.1183258393648094,1.1183258393648094,1.0,1.0
2863,72579,72580,1.1037810085479471,1.1014692634438412,1.1014692634438412,1.1103122096684763,-9.7753419974115,3.156815764356245,-0.0030933402673720247,2023-07-27 13:15:00+00:00,2023-07-27 13:30:00+00:00,0 days 00:15:00,A_long,0.0018193097350035314,0.002000735103669722,9.952386732500571,7.5463358462373265,1.1044494805605598,1.1020570838049653,1.111799,1.1110855,1.1191485194394402,1.1201139161950346,1.0,1.0
2865,72581,72602,1.0996006259952775,1.0970891178755964,1.0970891178755964,1.1066926463732112,-10.342228820981521,3.1467580580950267,-0.003282876442844123,2023-07-27 13:45:00+00:00,2023-07-27 19:00:00+00:00,0 days 05:15:00,A_long,0.002057970423180417,0.000981173354208171,17.391477010377685,24.968607880164996,1.1004618437673586,1.0974232583256815,1.110431,1.099049,1.1204001562326413,1.1006747416743183,1.0,0.0
-2852,72667,72672,1.1006992550290118,1.102142483023637,1.102142483023637,1.0968125509290891,-7.257338559134325,3.1412523184630774,-0.0023118475387580092,2023-07-28 11:15:00+00:00,2023-07-28 12:30:00+00:00,0 days 01:15:00,A_short,0.0011063488504044912,0.0012784850485112159,82.13238411836802,62.94762550190648,1.0937338111481796,1.09378277034157,1.097324,1.098381,1.1009141888518204,1.1029792296584302,1.0,1.0
-2841,72748,72753,1.1024490948694012,1.1033688967131985,1.1033688967131985,1.1000533098604048,-5.746521495271076,3.1333644570430828,-0.0018347430724936827,2023-07-31 07:30:00+00:00,2023-07-31 08:45:00+00:00,0 days 01:15:00,A_short,0.0007266476261987833,0.0008992277558179172,58.29688991411359,69.31885912824185,1.1003590063214808,1.1000654552921516,1.1012495000000002,1.101427,1.1021399936785197,1.1027885447078483,1.0,1.0
2854,72864,72870,1.0958302809657168,1.0985723179802545,1.0947825606732486,1.0985723179802545,4.694361130794636,3.1314125086959006,0.0015009949475159972,2023-08-01 12:30:00+00:00,2023-08-01 14:00:00+00:00,0 days 01:30:00,A_long,0.0007762617359871545,0.0010375904126084861,32.44303303901394,45.38445587119946,1.0959416180290502,1.0957085861370015,1.0973565,1.097138,1.09877138197095,1.0985674138629984,1.0,1.0
2864,72967,72967,1.093640080537404,1.0923174883178606,1.0923174883178606,1.0972475350464184,-6.9181953553731805,3.130291238600739,-0.0022087440346773715,2023-08-02 14:15:00+00:00,2023-08-02 14:15:00+00:00,0 days 00:00:00,A_long,0.00114081399265635,0.00114081399265635,15.132800140388213,15.132800140388213,1.0934895580050095,1.0934895580050095,1.0966445,1.0966445,1.0997994419949906,1.0997994419949906,1.0,1.0
2861,72968,73073,1.0920599359361558,1.0960769303735627,1.0906010232088126,1.0960769303735627,8.362491298165043,3.130129787256052,0.0026765252602608,2023-08-02 14:30:00+00:00,2023-08-03 16:45:00+00:00,1 days 02:15:00,A_long,0.0011700387936355071,0.000982838537865844,15.989706735618412,63.19900766913942,1.0926670764661168,1.0915190218494755,1.0963550000000002,1.0939219999999998,1.1000429235338836,1.0963249781505242,1.0,1.0
2864,73137,73152,1.094040117145315,1.096151927898879,1.093216024033707,1.096151927898879,2.9118709897041137,3.136355008503286,0.0009293212516692647,2023-08-04 08:45:00+00:00,2023-08-04 12:30:00+00:00,0 days 03:45:00,A_long,0.0005967604201004933,0.001274712872121973,27.360920030688533,81.51519163765792,1.0941881445022732,1.0928547639118769,1.0949675,1.0945465,1.095746855497727,1.0962382360881233,1.0,1.0
-2856,73153,73153,1.0978495158603774,1.0994996554465462,1.0994996554465462,1.093381033660361,-7.850613274724308,3.1378146166262866,-0.0025038169003227086,2023-08-04 12:45:00+00:00,2023-08-04 12:45:00+00:00,0 days 00:00:00,A_short,0.0013567511558390363,0.0013567511558390363,84.39173260794213,84.39173260794213,1.0922137562128684,1.0922137562128684,1.0947545,1.0947545,1.0972952437871317,1.0972952437871317,1.0,1.0
-2846,73154,73154,1.09875943257738,1.1005181013870067,1.1005181013870067,1.0940056958389797,-8.13474336302896,3.129571930831322,-0.002601395257107424,2023-08-04 13:00:00+00:00,2023-08-04 13:00:00+00:00,0 days 00:00:00,A_short,0.0016491843350604906,0.0016491843350604906,90.28638654192028,90.28638654192028,1.0910208904670131,1.0910208904670131,1.095111,1.095111,1.0992011095329868,1.0992011095329868,1.0,1.0
-2831,73155,73163,1.1019791378836965,1.1040790212020726,1.1040790212020726,1.0961629363937826,-9.067444998508567,3.1226753241859058,-0.002906509105126913,2023-08-04 13:15:00+00:00,2023-08-04 15:15:00+00:00,0 days 02:00:00,A_short,0.0016012930903857602,0.001349265370820363,90.29914250897019,80.00438743678511,1.0903824937452877,1.0911277142164493,1.095478,1.098728,1.1005735062547122,1.1063282857835506,1.0,1.0
-2829,73250,73251,1.0994593685135359,1.1003513318096205,1.1003513318096205,1.0971460045711385,-5.634996400230587,3.1116322356071047,-0.0018116800886778524,2023-08-07 13:00:00+00:00,2023-08-07 13:15:00+00:00,0 days 00:15:00,A_short,0.0006507396402814371,0.0006866410215772497,75.32377386845724,77.8507406789447,1.0961818141038928,1.0959888616550062,1.0978515,1.097955,1.0995211858961071,1.0999211383449938,1.0,1.0
-2820,73515,73519,1.1010792202514963,1.1019625623505491,1.1019625623505491,1.0987923129483526,-5.597313632797867,3.1062889134688842,-0.001802652301348929,2023-08-10 07:15:00+00:00,2023-08-10 08:15:00+00:00,0 days 01:00:00,A_short,0.0006804061420632523,0.0007713769841672792,84.15018634828775,85.82366366398105,1.0967199397157616,1.0966684616400881,1.098669,1.0993665,1.1006180602842381,1.1020645383599117,1.0,1.0
2822,73557,73633,1.0983605125107536,1.0969041135569517,1.0969041135569517,1.102327659329145,-7.207476235010484,3.097518387381532,-0.0023253123521323757,2023-08-10 17:45:00+00:00,2023-08-11 12:45:00+00:00,0 days 19:00:00,A_long,0.001184584653312689,0.001103393440036442,24.046836400529003,28.81432322637741,1.0985905649106849,1.0974167723818375,1.101458,1.0991719999999998,1.1043254350893152,1.100927227618162,1.0,1.0
2820,73634,73637,1.0969103798070763,1.0954959278719563,1.0954959278719563,1.1007922163841308,-7.080047350865893,3.091292893827436,-0.002288842493587408,2023-08-11 13:00:00+00:00,2023-08-11 13:45:00+00:00,0 days 00:45:00,A_long,0.0011642743146982506,0.0011300298279680264,32.77862818169385,27.7113016450122,1.0970946074584453,1.0959660386556724,1.0990499999999999,1.0985175,1.1010053925415544,1.1010689613443276,1.0,1.0
-2817,73710,73727,1.0950797693701608,1.0925287556857377,1.0960770814380876,1.0925287556857377,4.104958941478696,3.0812466075412335,0.0013306879212400039,2023-08-14 08:00:00+00:00,2023-08-14 12:15:00+00:00,0 days 04:15:00,A_short,0.0007260032608408766,0.0007538851219439241,71.78962838587458,20.974586896315714,1.0924308374460217,1.0928909322892244,1.093732,1.0945449999999999,1.0950331625539782,1.0961990677107754,1.0,1.0
2829,73728,73728,1.092269955155309,1.0912653378536674,1.0912653378536674,1.094883986438998,-5.930673018305244,3.088610671961197,-0.0019192919646388669,2023-08-14 12:30:00+00:00,2023-08-14 12:30:00+00:00,0 days 00:00:00,A_long,0.0009320337723514205,0.0009320337723514205,13.455464452079397,13.455464452079397,1.0918747947711651,1.0918747947711651,1.0943325,1.0943325,1.0967902052288347,1.0967902052288347,1.0,1.0
2828,73729,73731,1.0904597895045118,1.0892515594731784,1.0892515594731784,1.093725321580465,-6.498986376065345,3.082111847454454,-0.0021074465358015965,2023-08-14 12:45:00+00:00,2023-08-14 13:15:00+00:00,0 days 00:30:00,A_long,0.0009237626027045547,0.0010361594660314316,16.96710222015436,11.385157813112443,1.091181199323266,1.0895701426614839,1.094101,1.093513,1.097020800676734,1.097455857338516,1.0,1.0
2827,73732,73741,1.0887896366664835,1.0924101740777135,1.0874366086407623,1.0924101740777135,7.152133329060057,3.0831259324869227,0.002323623793484694,2023-08-14 13:30:00+00:00,2023-08-14 15:45:00+00:00,0 days 02:15:00,A_long,0.000991338203893897,0.0010035292196376405,10.331068757642441,58.396842240328034,1.0887092754226788,1.0873989264840056,1.093126,1.0911855000000001,1.0975427245773213,1.0949720735159947,1.0,1.0
2842,74112,74119,1.0853393209232514,1.0878665568708201,1.0843778143763934,1.0878665568708201,4.094279010645047,3.0881255523453754,0.001327357242936941,2023-08-18 12:30:00+00:00,2023-08-18 14:15:00+00:00,0 days 01:45:00,A_long,0.0007472451726047837,0.0009595906057619877,27.97729678455387,63.7016044375509,1.085385091099586,1.0851567775237139,1.08662,1.0865205,1.087854908900414,1.0878842224762861,1.0,1.0
-2833,74198,74203,1.0900402306298391,1.0908607168092863,1.0908607168092863,1.0880178495721409,-5.413683538421406,3.089246192047521,-0.001753088188371294,2023-08-21 10:00:00+00:00,2023-08-21 11:15:00+00:00,0 days 01:15:00,A_short,0.0006132954733734086,0.0006295454764711013,79.80165939792448,77.03600415459792,1.0871615866946502,1.0873874620386066,1.0886265,1.0891655,1.0900914133053496,1.0909435379613934,1.0,1.0
-2821,74285,74289,1.0928199762048578,1.0909754549217308,1.0935815150260897,1.0909754549217308,2.1231510840973975,3.0802434556040534,0.0006886985816067033,2023-08-22 07:45:00+00:00,2023-08-22 08:45:00+00:00,0 days 01:00:00,A_short,0.0005558719632870903,0.0005979547485124343,65.90566854516481,39.06107023727499,1.0904724145413776,1.090453555118624,1.091606,1.0916169999999998,1.0927395854586226,1.0927804448813756,1.0,1.0
2833,74296,74304,1.088989654970439,1.087974949576511,1.087974949576511,1.091555151270467,-5.958330743338795,3.0836703623407544,-0.0019313201797665743,2023-08-22 10:30:00+00:00,2023-08-22 12:30:00+00:00,0 days 02:00:00,A_long,0.0007170919725198325,0.0007468784956466386,29.511514660129734,25.10467979063911,1.0890072661434702,1.0870138615847467,1.0911775000000001,1.089799,1.09334773385653,1.0925841384152533,1.0,1.0
2845,74381,74390,1.0822890417879303,1.0807478021530665,1.0807478021530665,1.0866365935408002,-7.4617466716934215,3.076919910506068,-0.002423343446683605,2023-08-23 07:45:00+00:00,2023-08-23 10:00:00+00:00,0 days 02:15:00,A_long,0.0012392540005630908,0.0008916010768759394,20.570866824193118,25.027440013057813,1.0830657579863652,1.079461729410192,1.0854804999999998,1.0837340000000002,1.0878952420136345,1.0880062705898084,1.0,1.0
-2833,74407,74412,1.0842007651053394,1.08554940515454,1.08554940515454,1.0805917845363804,-6.894148375558576,3.073451116173119,-0.0022445244576951282,2023-08-23 14:15:00+00:00,2023-08-23 15:30:00+00:00,0 days 01:15:00,A_short,0.0010604592782788073,0.000988087686334097,75.38374437309001,74.81677536038032,1.0790702088663198,1.0789370262042877,1.0816585,1.082677,1.0842467911336804,1.0864169737957121,1.0,1.0
2828,74495,74496,1.083899189134772,1.0830620207051078,1.0830620207051078,1.0859739378846767,-5.431595469803926,3.06408315071359,-0.001771981244969243,2023-08-24 12:15:00+00:00,2023-08-24 12:30:00+00:00,0 days 00:15:00,A_long,0.0006337628240888861,0.0008879277808770329,34.95114152544876,18.464563713664575,1.0840221424256482,1.083115566119183,1.085314,1.085129,1.0866058575743516,1.087142433880817,1.0,1.0
2829,74497,74524,1.0818790042648214,1.0806944866629475,1.0806944866629475,1.0849565400111576,-6.409960498618536,3.058960202917329,-0.0020943232453960693,2023-08-24 12:45:00+00:00,2023-08-24 19:30:00+00:00,0 days 06:45:00,A_long,0.0009042040767600892,0.0005489617544722127,23.411952091932903,26.418476331003077,1.0825533400819725,1.0802454983736567,1.0849514999999998,1.082011,1.0873496599180272,1.0837765016263434,1.0,0.0
-2819,74599,74600,1.0830308721834787,1.078731613179589,1.0846094622734703,1.078731613179589,9.072606908845883,3.047004223119244,0.0029716399078445984,2023-08-25 14:15:00+00:00,2023-08-25 14:30:00+00:00,0 days 00:15:00,A_short,0.001751944975284218,0.0017063523119129772,41.60704427448249,35.84060793757392,1.0784707123666357,1.078179520092635,1.080383,1.080326,1.0822952876333645,1.0824724799073648,1.0,1.0
2839,74784,74790,1.0789687379422692,1.081786714539726,1.0779110951534248,1.081786714539726,4.933043195381522,3.0671923647981925,0.00161042559447045,2023-08-29 12:30:00+00:00,2023-08-29 14:00:00+00:00,0 days 01:30:00,A_long,0.0008397646114155534,0.0014419141183440302,35.8649788691733,72.46806947540931,1.0794768051144281,1.0780733087760752,1.080811,1.0804005,1.0821451948855718,1.082727691223925,1.0,1.0
-2831,74791,74796,1.0834508337451723,1.0853402969420127,1.0853402969420127,1.0784191091739617,-8.418994155743077,3.0699238454877107,-0.002744802689296384,2023-08-29 14:15:00+00:00,2023-08-29 15:30:00+00:00,0 days 01:15:00,A_short,0.0014376589025648142,0.0014122698889349756,75.73920314800127,71.72726748742174,1.077639174764928,1.0769426822457544,1.0805894999999999,1.081322,1.0835398252350716,1.0857013177542454,1.0,1.0
-2810,74868,74879,1.0886603569271318,1.0896890843665537,1.0896890843665537,1.0859727469003388,-5.951305069792997,3.0605809650176283,-0.0019454204854549007,2023-08-30 09:30:00+00:00,2023-08-30 12:15:00+00:00,0 days 02:45:00,A_short,0.0007363387091776381,0.000910338378743811,69.4748275698923,65.85877041767299,1.0851393995806484,1.0857693032023716,1.0867875,1.0879079999999999,1.0884356004193516,1.0900466967976281,1.0,1.0
-2797,74881,74884,1.0914800988413595,1.0929607519138935,1.0929607519138935,1.0874777442583197,-7.196327173658756,3.0549405297812218,-0.002357233540623217,2023-08-30 12:45:00+00:00,2023-08-30 13:30:00+00:00,0 days 00:45:00,A_short,0.0011446541600342516,0.0010603511672874857,80.77811057192096,83.00068574710728,1.0854599471671662,1.0858873243798015,1.088441,1.0894035,1.0914220528328338,1.0929196756201984,1.0,1.0
-2783,74886,74954,1.0943698343492028,1.0903029043580632,1.0958723652139788,1.0903029043580632,8.278294049430224,3.039972115911161,0.0027180880982112417,2023-08-30 14:00:00+00:00,2023-08-31 07:00:00+00:00,0 days 17:00:00,A_short,0.001149597098984829,0.0007079241564755731,81.85306738473619,13.689476658986763,1.085833206887337,1.0904107528222178,1.0900945,1.091752,1.0943557931126628,1.0930932471777823,1.0,1.0
2804,74955,74958,1.08947969981513,1.0885304910122293,1.0885304910122293,1.091928526963312,-5.7151517708732795,3.0535702875399577,-0.0018708140212802488,2023-08-31 07:15:00+00:00,2023-08-31 08:00:00+00:00,0 days 00:45:00,A_long,0.0007215342689455233,0.0007597069004068744,22.247827276898022,20.708246211700995,1.0900527973825092,1.0890462158767014,1.0916099999999997,1.0911845,1.0931672026174903,1.0933227841232986,1.0,1.0
-2821,75148,75174,1.080381114710889,1.0785344476680938,1.0811285174439689,1.0785344476680938,2.1642973269898045,3.0451504007355554,0.0007101283530035602,2023-09-04 07:30:00+00:00,2023-09-04 14:00:00+00:00,0 days 06:30:00,A_short,0.0005443737095330437,0.0005666512317046825,76.23830995707829,31.857403803386347,1.0776788927740686,1.0791404519730285,1.0788575,1.0800045,1.0800361072259315,1.0808685480269715,1.0,1.0
2849,75368,75456,1.07069798107371,1.0691735816341208,1.0691735816341208,1.0748792550976376,-7.391261044467116,3.048247041077305,-0.002423031766942806,2023-09-06 14:30:00+00:00,2023-09-07 12:30:00+00:00,0 days 22:00:00,A_long,0.0011115243753571826,0.0006915988388841972,27.73863708239371,21.53245377964805,1.0712649406724029,1.069987401058706,1.073414,1.070916,1.0755630593275973,1.071844598941294,1.0,1.0
2846,75457,75457,1.0695778785715593,1.068640081393339,1.068640081393339,1.0719597558199827,-5.711654926244996,3.0426841570300507,-0.0018763534646798771,2023-09-07 12:45:00+00:00,2023-09-07 12:45:00+00:00,0 days 00:00:00,A_long,0.0007220523270329753,0.0007220523270329753,20.41067402467162,20.41067402467162,1.0696965279562665,1.0696965279562665,1.0708055,1.0708055,1.0719144720437337,1.0719144720437337,1.0,1.0
-2832,75558,75558,1.0725418322259441,1.073574638436922,1.073574638436922,1.0697560846892336,-5.963808111948029,3.0389009224586188,-0.0019634333906947553,2023-09-08 14:00:00+00:00,2023-09-08 14:00:00+00:00,0 days 00:00:00,A_short,0.0009241277599992317,0.0009241277599992317,84.11094129592499,84.11094129592499,1.0686026484843252,1.0686026484843252,1.0705725,1.0705725,1.0725423515156747,1.0725423515156747,1.0,1.0
-2823,75559,75568,1.0737717196566179,1.070533140064003,1.074968953311999,1.070533140064003,6.115823880456108,3.0266863094956564,0.002017586348285764,2023-09-08 14:15:00+00:00,2023-09-08 16:30:00+00:00,0 days 02:15:00,A_short,0.00097957739199935,0.0007209007759401107,68.16033766710305,38.17780070600487,1.0685027008376484,1.0691506272726579,1.070709,1.0711629999999999,1.0729152991623514,1.0731753727273419,1.0,1.0
-2826,75655,75698,1.0748316226456536,1.0760193173633383,1.0760193173633383,1.071702047909985,-6.395577650409843,3.0391523782327052,-0.0021055578753056818,2023-09-11 14:15:00+00:00,2023-09-12 01:00:00+00:00,0 days 10:45:00,A_short,0.0009288403179665305,0.0005884194753175444,76.88430840645778,68.45896144920164,1.0713771745566334,1.0743224289882864,1.0730270000000002,1.0748505,1.074676825443367,1.0753785710117134,1.0,0.0
2830,75726,75743,1.071448049713543,1.0706602546476227,1.0706602546476227,1.073419236057132,-5.260543287225513,3.03108325067105,-0.001734894396977905,2023-09-12 08:00:00+00:00,2023-09-12 12:15:00+00:00,0 days 04:15:00,A_long,0.0006074827544946784,0.0006384445837579678,30.528277205704043,34.94366737972787,1.0716630775143217,1.0709834758521404,1.0734949999999999,1.071765,1.075326922485678,1.0725465241478598,1.0,1.0
2828,75936,75936,1.0700879252466458,1.0686840684852725,1.0686840684852725,1.0742277945441827,-6.994330520300409,3.0242235991369326,-0.0023112519073319312,2023-09-14 12:30:00+00:00,2023-09-14 12:30:00+00:00,0 days 00:00:00,A_long,0.001606283871747636,0.001606283871747636,9.354654599594411,9.354654599594411,1.0701871735701187,1.0701871735701187,1.0728754999999999,1.0728754999999999,1.075563826429881,1.075563826429881,1.0,1.0
2827,75937,75941,1.0681477476982775,1.0661224593539027,1.0661224593539027,1.0738326219382917,-8.742281087215718,3.0167909376682567,-0.0028951270594958474,2023-09-14 12:45:00+00:00,2023-09-14 13:45:00+00:00,0 days 01:00:00,A_long,0.0016414460221812895,0.0019068080955954303,8.748200685372339,26.648912708074008,1.0690873110877785,1.0662387178474417,1.072591,1.0713849999999998,1.0760946889122216,1.076531282152558,1.0,1.0
-2818,76140,76140,1.0683922120330203,1.0693519232182063,1.0693519232182063,1.065904230345381,-5.716547606423147,3.0120814865689782,-0.0018987252340143604,2023-09-18 15:30:00+00:00,2023-09-18 15:30:00+00:00,0 days 00:00:00,A_short,0.000774500102037931,0.000774500102037931,79.6047767850319,79.6047767850319,1.065182673793662,1.065182673793662,1.0668980000000001,1.0668980000000001,1.0686133262063382,1.0686133262063382,1.0,1.0
-2810,76141,76216,1.069442115937254,1.0704294001224455,1.0704294001224455,1.0667117996326632,-5.780788040451854,3.006519480063878,-0.0019236384209708837,2023-09-18 15:45:00+00:00,2023-09-19 10:30:00+00:00,0 days 18:45:00,A_short,0.0007352334217662116,0.0006832776910888907,77.5506246599241,76.68118484728501,1.0649985035104346,1.0672804726962242,1.067029,1.0686354999999998,1.0690594964895654,1.0699905273037755,1.0,1.0
-2802,76217,76222,1.0704820207566856,1.0714099332293066,1.0714099332293066,1.06813020031208,-5.600801375818186,3.000790627534375,-0.0018672508373386901,2023-09-19 10:45:00+00:00,2023-09-19 12:00:00+00:00,0 days 01:15:00,A_short,0.0006948406656103637,0.0006433832760579075,65.48159334651652,78.53796226278978,1.0672932933974135,1.0675547777924541,1.06874,1.069445,1.0701867066025865,1.0713352222075458,1.0,1.0
-2794,76326,76326,1.0716019182545349,1.0725410343564752,1.0725410343564752,1.0691368969305746,-5.619258093618799,2.995367704797581,-0.001876804757424879,2023-09-20 14:00:00+00:00,2023-09-20 14:00:00+00:00,0 days 00:00:00,A_short,0.0007626359241209141,0.0007626359241209141,76.0004431838117,76.0004431838117,1.0689274120962458,1.0689274120962458,1.070257,1.070257,1.0715865879037543,1.0715865879037543,1.0,1.0
-2787,76327,76335,1.0719418871378106,1.072965163108945,1.072965163108945,1.069304510673165,-5.840798106070386,2.9889279745188535,-0.0019550775292992914,2023-09-20 14:15:00+00:00,2023-09-20 16:15:00+00:00,0 days 02:00:00,A_short,0.000764951134238126,0.000811568847758312,69.59942502850497,76.05824499301758,1.0689510678182716,1.069132979961384,1.070374,1.0712475000000001,1.0717969321817282,1.0733620200386162,1.0,1.0
-2797,76491,76491,1.0663723969029708,1.0643429502903607,1.0671656832365464,1.0643429502903607,2.6965567624204754,2.979805413049874,0.0009040827967916132,2023-09-22 07:15:00+00:00,2023-09-22 07:15:00+00:00,0 days 00:00:00,A_short,0.0011723267819501353,0.0011723267819501353,24.44528572082166,24.44528572082166,1.0636402989871871,1.0636402989871871,1.0651975,1.0651975,1.066754701012813,1.066754701012813,1.0,1.0
2810,76492,76518,1.0623772196291617,1.06650037641502,1.0608732078616598,1.06650037641502,8.594997545820016,2.991073022442075,0.002879126106359736,2023-09-22 07:30:00+00:00,2023-09-22 14:00:00+00:00,0 days 06:30:00,A_long,0.001406683211023464,0.0009061484862597793,45.053535757213595,62.784229919667034,1.0635842110343374,1.0627550876020053,1.0651745,1.0644745,1.0667647889656624,1.0661939123979947,1.0,1.0
2816,76592,76608,1.0630672827778083,1.0621471024224358,1.0621471024224358,1.0653586927326928,-5.583529735090753,2.9923018543619437,-0.0018651571542974692,2023-09-25 08:30:00+00:00,2023-09-25 12:30:00+00:00,0 days 04:00:00,A_long,0.0006545371393520086,0.0006282171177518886,24.52913015782032,29.92081358958677,1.063043866239478,1.06223789569212,1.0643625,1.0632865,1.065681133760522,1.0643351043078801,1.0,1.0
2816,76611,76612,1.0610070942470666,1.0600316069711995,1.0600316069711995,1.0636251790864013,-5.73339466015724,2.986422491315319,-0.001918937806840093,2023-09-25 13:15:00+00:00,2023-09-25 13:30:00+00:00,0 days 00:15:00,A_long,0.0007541727430224849,0.0008522830439528192,21.984027411776836,15.4992664283658,1.0612544585768187,1.0605993973590273,1.0629805,1.0628305,1.0647065414231816,1.0650616026409727,1.0,1.0
2814,76613,76615,1.059836987168927,1.0587172603472566,1.0587172603472566,1.06280821895823,-6.131717102436049,2.9808058262552706,-0.002055980279806205,2023-09-25 13:45:00+00:00,2023-09-25 14:15:00+00:00,0 days 00:30:00,A_long,0.0008453119714257945,0.0010159009918709095,24.095356528292797,16.39037253574095,1.0602017283026397,1.058926868070148,1.0627119999999999,1.0623255,1.06522227169736,1.065724131929852,1.0,1.0
2824,76796,76803,1.053946448117438,1.0530433880939623,1.0530433880939623,1.0561498357181132,-5.525311155026279,2.9750696487304973,-0.0018564083071548592,2023-09-27 11:30:00+00:00,2023-09-27 13:15:00+00:00,0 days 01:45:00,A_long,0.0006488863765828658,0.0008774879622033046,22.026338989375134,26.311105042148455,1.054078739378823,1.0530864108126983,1.055888,1.0549645,1.057697260621177,1.056842589187302,1.0,1.0
2827,76807,76819,1.0511461918620613,1.0498132831811695,1.0498132831811695,1.0547201504564914,-6.737839058854593,2.9697062179736067,-0.0022674185920716202,2023-09-27 14:15:00+00:00,2023-09-27 17:15:00+00:00,0 days 03:00:00,A_long,0.0010952954802664443,0.0009257886085325742,28.863313865441043,26.666820401636187,1.0513376506824428,1.048714857619933,1.0541415,1.051735,1.0569453493175573,1.0547551423800672,1.0,1.0
-2814,76885,76892,1.0534335811688906,1.0545805208806858,1.0545805208806858,1.050378437357943,-6.193464190575268,2.965975841583754,-0.002089307576826829,2023-09-28 09:45:00+00:00,2023-09-28 11:30:00+00:00,0 days 01:45:00,A_short,0.0008467095249396907,0.0006673630297415037,81.15246173006005,78.25108468394272,1.049025632325002,1.0496985947217532,1.051271,1.052487,1.0535163676749981,1.0552754052782467,1.0,1.0
-2789,76973,76981,1.0604929350392618,1.061666564203925,1.061666564203925,1.0574003073882252,-6.232603161940082,2.959351421694624,-0.0021072360224653557,2023-09-29 07:45:00+00:00,2023-09-29 09:45:00+00:00,0 days 02:00:00,A_short,0.0008516297028346948,0.0007719543575365701,84.78152591601473,77.5658353369917,1.056631721813158,1.0571845777224596,1.0584665,1.0596935,1.060301278186842,1.0622024222775406,1.0,1.0
2812,77095,77117,1.0499460820383284,1.0485745328917204,1.0485745328917204,1.0537164013248388,-6.807316184853276,2.950519984591649,-0.0023056512096062427,2023-10-02 14:15:00+00:00,2023-10-02 19:45:00+00:00,0 days 05:30:00,A_long,0.0011643929115351885,0.0006322888707887594,32.82759459922103,29.281744123786623,1.050902703308071,1.048153957388387,1.053033,1.049562,1.0551632966919293,1.0509700426116133,1.0,0.0
-2811,77163,77165,1.0476141138139952,1.0483841464127395,1.0483841464127395,1.0457675607617818,-5.110487189818925,2.9459255547486753,-0.0017354020959480848,2023-10-03 07:15:00+00:00,2023-10-03 07:45:00+00:00,0 days 00:30:00,A_short,0.0006004390758674238,0.0006580186836515163,53.81947994995041,69.4914288115892,1.0459862141511402,1.0457615240018165,1.0467315,1.0468864999999998,1.0474767858488596,1.0480114759981831,1.0,1.0
-2803,77167,77184,1.0486940149726354,1.0462193817070076,1.0496735394309975,1.0462193817070076,4.000375918108208,2.9360211254465196,0.001360908469879327,2023-10-03 08:15:00+00:00,2023-10-03 12:30:00+00:00,0 days 04:15:00,A_short,0.0007250007001649047,0.0008461392017628923,70.46355741439103,33.44088918948118,1.0455069414034943,1.0468456381899525,1.047077,1.0480215000000002,1.0486470585965058,1.0491973618100479,1.0,1.0
-2809,77261,77266,1.0481440653085132,1.0491714584268452,1.0491714584268452,1.0454456247194646,-5.831626922480895,2.945679653086311,-0.0019806923007179497,2023-10-04 07:45:00+00:00,2023-10-04 09:00:00+00:00,0 days 01:15:00,A_short,0.0007833866416103577,0.0008138498058580418,74.84217056425837,80.32465307568765,1.0452311377920687,1.045085818252537,1.046639,1.0472730000000001,1.0480468622079315,1.0494601817474631,1.0,1.0
2796,77473,77473,1.0508561653213258,1.049066198175142,1.049066198175142,1.055841405474574,-7.940439604898096,2.935691464168062,-0.002702490047307024,2023-10-06 12:45:00+00:00,2023-10-06 12:45:00+00:00,0 days 00:00:00,A_long,0.0015646346512863834,0.0015646346512863834,19.34893818894291,19.34893818894291,1.0515790032005146,1.0515790032005146,1.0548994999999999,1.0548994999999999,1.0582199967994852,1.0582199967994852,1.0,1.0
2792,77474,77480,1.049746063734373,1.0552526847446309,1.0477424384184564,1.0552526847446309,12.435907607763353,2.9385782528766895,0.004243046761397891,2023-10-06 13:00:00+00:00,2023-10-06 14:30:00+00:00,0 days 01:30:00,A_long,0.0016426833644482119,0.0017489575003714858,27.34013715535447,62.70467581745253,1.0508438162465312,1.0492029611830904,1.054686,1.0538755,1.0585281837534688,1.0585480388169095,1.0,1.0
2794,77547,77549,1.0531763776472094,1.0522876922346143,1.0522876922346143,1.0554969232961575,-5.424320348415687,2.941333305624908,-0.0018433925112079795,2023-10-09 07:15:00+00:00,2023-10-09 07:45:00+00:00,0 days 00:30:00,A_long,0.0007074444972230729,0.0008124360890253143,29.71822827321286,20.384204129700933,1.0534449189482502,1.0525718713090502,1.055018,1.054635,1.0565910810517498,1.0566981286909498,1.0,1.0
-2776,77647,77648,1.0581131528563323,1.059174645014514,1.059174645014514,1.0552760649564579,-5.885497694557253,2.938795463444735,-0.0020036950220247325,2023-10-10 08:15:00+00:00,2023-10-10 08:30:00+00:00,0 days 00:15:00,A_short,0.0008799102882601606,0.0009065889164921352,79.66888796844933,84.2976159967343,1.0550154679001096,1.054593507710944,1.0565380000000002,1.056685,1.0580605320998908,1.0587764922890561,1.0,1.0
-2766,77649,77649,1.0597330045942928,1.0609179066997907,1.0609179066997907,1.0565662799006281,-6.210299434126996,2.9328602103197174,-0.0021186728651566783,2023-10-10 08:45:00+00:00,2023-10-10 08:45:00+00:00,0 days 00:00:00,A_short,0.0009403770609598571,0.0009403770609598571,86.39559366194388,86.39559366194388,1.054205344956458,1.054205344956458,1.0568595,1.0568595,1.0595136550435422,1.0595136550435422,1.0,1.0
-2759,77650,77677,1.0603329496824263,1.0615584524731518,1.0615584524731518,1.0570446425805444,-6.3083113888853575,2.92714918927362,-0.0021563495621710173,2023-10-10 09:00:00+00:00,2023-10-10 15:45:00+00:00,0 days 06:45:00,A_short,0.0009189934528318766,0.0009942109339971807,78.2193778965133,72.59157580701012,1.0540499362858684,1.0571076071466818,1.057032,1.0592775,1.0600140637141315,1.0614473928533183,1.0,1.0
-2748,77741,77760,1.0620827895228158,1.0592308949719094,1.0631497016760303,1.0592308949719094,4.922321223395028,2.9146850024957525,0.0016865330333277187,2023-10-11 07:45:00+00:00,2023-10-11 12:30:00+00:00,0 days 04:45:00,A_short,0.0010622289882440974,0.000880462809447112,41.63991933874892,48.18292525607704,1.059727931873581,1.0595441810258424,1.060638,1.0603375,1.0615480681264189,1.0611308189741575,1.0,1.0
-2751,77766,77780,1.062802723628576,1.0587349225580658,1.0643016924806448,1.0587349225580658,8.272345712643808,2.9181750323297257,0.002829341871791943,2023-10-11 14:00:00+00:00,2023-10-11 17:30:00+00:00,0 days 03:30:00,A_short,0.0011504445693546034,0.0008919074544694056,64.16905971722767,25.4111911072106,1.059102556424863,1.0594262088866095,1.0607529999999998,1.061353,1.0624034435751366,1.0632797911133904,1.0,1.0
2769,77781,77802,1.0590769176138963,1.06219086683609,1.0579097110546367,1.06219086683609,5.68563014868323,2.936895247571006,0.001938778284956603,2023-10-11 17:45:00+00:00,2023-10-11 23:00:00+00:00,0 days 05:15:00,A_long,0.0008996531272068191,0.0003568562940492317,30.593279657123134,67.6130093805825,1.059113683491088,1.060264313672878,1.0612445000000001,1.0615605000000001,1.0633753165089124,1.0628566863271223,1.0,0.0
2776,77857,77859,1.058426858126041,1.0568602544028816,1.0568602544028816,1.0625792367913551,-7.284910447680697,2.9360185121901443,-0.0024793846256605115,2023-10-12 12:45:00+00:00,2023-10-12 13:15:00+00:00,0 days 00:30:00,A_long,0.0012085940423633163,0.001225921747375125,18.178827075836452,15.334003037035174,1.0593179431335074,1.057695434429948,1.0616984999999999,1.0611955,1.0640790568664924,1.0646955655700518,1.0,1.0
2777,77861,77874,1.0554765881426975,1.0537998413827299,1.0537998413827299,1.0601604758518106,-7.585056074826223,2.9287303223960564,-0.002587821468912627,2023-10-12 13:45:00+00:00,2023-10-12 17:00:00+00:00,0 days 03:15:00,A_long,0.0012764478902506622,0.0010090996694916423,10.282390726386339,26.951445336309817,1.055564118543698,1.0524697885844918,1.0604705,1.056112,1.0653768814563023,1.059754211415508,1.0,1.0
-2770,78057,78077,1.05509342924606,1.0562576096160323,1.0562576096160323,1.051947171151903,-6.149000813647087,2.9242211888239984,-0.002103942483074354,2023-10-16 14:45:00+00:00,2023-10-16 19:45:00+00:00,0 days 05:00:00,A_short,0.0008889402782454722,0.0005094083877605007,66.90435287126729,70.48750683009528,1.05231394028823,1.0539595787950582,1.0535595,1.0551335000000002,1.05480505971177,1.0563074212049421,1.0,0.0
-2762,78135,78139,1.056063340471876,1.0569605437331449,1.0569605437331449,1.0537983688005657,-5.396161391711706,2.918085984087134,-0.00184999812842505,2023-10-17 10:15:00+00:00,2023-10-17 11:15:00+00:00,0 days 01:00:00,A_short,0.0007162815850489488,0.0008323274735917527,57.84631487485499,69.18373146310726,1.0532119494854393,1.0530106370515933,1.0545655,1.054894,1.0559190505145608,1.0567773629484067,1.0,1.0
2758,78231,78246,1.055766614683433,1.0546699594416682,1.0546699594416682,1.0586701216749959,-5.934867192505922,2.9102920357185145,-0.0020382094857892804,2023-10-18 10:15:00+00:00,2023-10-18 14:00:00+00:00,0 days 03:45:00,A_long,0.0008195848476841213,0.0009126254930714596,28.166946083653897,38.16339910914989,1.0560795562981122,1.0545756632085705,1.0577869999999998,1.056053,1.0594944437018874,1.0575303367914293,1.0,1.0
-2752,78331,78335,1.0557933651822158,1.0566269440947544,1.0566269440947544,1.0536391677157364,-5.200699512871496,2.906690345565111,-0.0017899232269288797,2023-10-19 11:15:00+00:00,2023-10-19 12:15:00+00:00,0 days 01:00:00,A_short,0.0006207929573226236,0.0006649178795870116,65.88199690221902,75.10601868514959,1.0530318567027661,1.052794984633736,1.054302,1.0547065,1.055572143297234,1.0566180153662639,1.0,1.0
-2737,78351,78527,1.059523023813446,1.0615077858617945,1.0615077858617945,1.0539966424146168,-8.334924389370164,2.9026306630405667,-0.0028741965816140476,2023-10-19 16:15:00+00:00,2023-10-23 12:15:00+00:00,3 days 20:00:00,A_short,0.0016935120112959816,0.0008591823675560481,64.41791765281596,66.58372673130783,1.0555013400116775,1.058974872763021,1.057232,1.0602274999999999,1.0589626599883224,1.0614801272369787,1.0,1.0
2714,78605,78607,1.0660275536763495,1.0649008181424977,1.0649008181424977,1.069017545572507,-5.949630039431923,2.8916698005581756,-0.0020564193788435003,2023-10-24 07:45:00+00:00,2023-10-24 08:15:00+00:00,0 days 00:30:00,A_long,0.0008766313415294024,0.000886091985415423,30.637637868350097,24.1810176792235,1.066646789060998,1.065508369839995,1.0680045,1.0676865,1.069362210939002,1.069864630160005,1.0,1.0
2725,78633,78707,1.0593269404938406,1.0578002275339782,1.0578002275339782,1.063519317398065,-7.044878582062935,2.884585766437903,-0.0024404897534948348,2023-10-24 14:45:00+00:00,2023-10-25 09:15:00+00:00,0 days 18:30:00,A_long,0.001147280114348947,0.0007581710933452447,30.067245873657896,21.78781832502733,1.05963878722708,1.057357157583939,1.062111,1.0592774999999999,1.06458321277292,1.0611978424160609,1.0,1.0
2725,78708,78732,1.056826711694397,1.0594594159360426,1.0558201946879857,1.0594594159360426,4.290679209587878,2.883439848896474,0.0014898953257020263,2023-10-25 09:30:00+00:00,2023-10-25 15:30:00+00:00,0 days 06:00:00,A_long,0.0007570816142325196,0.0008736313329067505,29.318333186304656,66.07528278288886,1.057047021467805,1.0565053603272647,1.05912,1.0578720000000001,1.0611929785321952,1.0592386396727356,1.0,1.0
2736,78909,78913,1.0540264554390204,1.0563594911364227,1.053106836287859,1.0563594911364227,3.496177693177448,2.887007974915206,0.001212344071176469,2023-10-27 11:45:00+00:00,2023-10-27 12:45:00+00:00,0 days 01:00:00,A_long,0.0006832849032129583,0.00106141511349463,24.83510620919877,56.23834478519789,1.0540506955440296,1.0534900208781393,1.0556615,1.055406,1.0572723044559704,1.0573219791218609,1.0,1.0
2737,78991,78994,1.0550865524499844,1.0570553177931052,1.0543148940689648,1.0570553177931052,2.498044594694094,2.8904661494276684,0.0008650422146693625,2023-10-30 08:15:00+00:00,2023-10-30 09:00:00+00:00,0 days 00:45:00,A_long,0.0005827987279697876,0.0007430544608443243,22.00634187918648,70.71207082682722,1.0551352805386367,1.0549463772947618,1.055955,1.056013,1.0567747194613633,1.0570796227052384,1.0,1.0
-2733,78995,78995,1.057393218750572,1.058361665353013,1.058361665353013,1.0547950039409606,-5.537943613599099,2.891179049127549,-0.0019163391712377841,2023-10-30 09:15:00+00:00,2023-10-30 09:15:00+00:00,0 days 00:00:00,A_short,0.0007946471993984245,0.0007946471993984245,75.67917560739306,75.67917560739306,1.0546993657162402,1.0546993657162402,1.0561255,1.0561255,1.0575516342837599,1.0575516342837599,1.0,1.0
-2726,78996,79005,1.0580931546867278,1.059143576639278,1.059143576639278,1.0553292700821657,-5.749243907449271,2.8857936647973466,-0.0019932463496917957,2023-10-30 09:30:00+00:00,2023-10-30 11:45:00+00:00,0 days 02:15:00,A_short,0.0007486942394786428,0.0007472709630137326,76.89567027207704,66.36833985735537,1.0545010602329474,1.0545637038830624,1.056236,1.0570675,1.0579709397670525,1.0595712961169377,1.0,1.0
-2711,79085,79085,1.0617228224699358,1.0624729161715807,1.0624729161715807,1.0597012514852577,-4.912851348887943,2.8793473237285756,-0.001706840554439435,2023-10-31 07:45:00+00:00,2023-10-31 07:45:00+00:00,0 days 00:00:00,A_short,0.0006337727905861055,0.0006337727905861055,75.85860914906814,75.85860914906814,1.0584398993772,1.0584398993772,1.0600735000000001,1.0600735000000001,1.0617071006228003,1.0617071006228003,1.0,1.0
-2706,79086,79087,1.0620227950140024,1.0628805273487032,1.0628805273487032,1.0598384179538902,-5.196017892857016,2.8749941951567406,-0.0018080440503697188,2023-10-31 08:00:00+00:00,2023-10-31 08:15:00+00:00,0 days 00:15:00,A_short,0.0007052697518413068,0.0007259004515958103,79.71030060438773,82.5020496850396,1.058249321979989,1.0580486800846443,1.060226,1.0603975,1.0622026780200107,1.062746319915356,1.0,1.0
-2698,79088,79089,1.0630826980030383,1.064071080541915,1.064071080541915,1.060586758374255,-5.536186537146112,2.8695304472571417,-0.0019301973703491624,2023-10-31 08:30:00+00:00,2023-10-31 08:45:00+00:00,0 days 00:15:00,A_short,0.0006971137247163703,0.0007401652280875237,84.30089479149086,87.8040972121843,1.0579449296981998,1.0577615396485038,1.060612,1.0608669999999998,1.0632790703018005,1.0639724603514957,1.0,1.0
-2690,79090,79093,1.0644225753665366,1.065418198273705,1.065418198273705,1.061865405178885,-5.542861460829039,2.864635840546125,-0.0019358320104013835,2023-10-31 09:00:00+00:00,2023-10-31 09:45:00+00:00,0 days 00:45:00,A_short,0.0007001431976758534,0.0010991687719388975,85.99796487842369,84.71698489014197,1.0577068108456034,1.0578595007350575,1.0611134999999998,1.0619445,1.0645201891543963,1.0660294992649426,1.0,1.0
-2679,79094,79104,1.0667123657862465,1.0628829924210197,1.0681590025263268,1.0628829924210197,7.406298263124013,2.852592982318633,0.0025916786706466086,2023-10-31 10:00:00+00:00,2023-10-31 12:30:00+00:00,0 days 02:30:00,A_short,0.001191279602347039,0.0010531065790190292,72.04428057479305,33.693717745415725,1.05800112306489,1.0620928800323588,1.062259,1.0648769999999999,1.06651687693511,1.067661119967641,1.0,1.0
2701,79108,79114,1.060777073197518,1.0593505635007627,1.0593505635007627,1.0646283094977118,-6.716235064296752,2.863232373361028,-0.0023441056353235784,2023-10-31 13:30:00+00:00,2023-10-31 15:00:00+00:00,0 days 01:30:00,A_long,0.0010769263605602164,0.0013055893534805302,25.261246276100593,24.38999328226248,1.060807137468416,1.0580872058412398,1.0645725,1.063227,1.0683378625315838,1.06836679415876,1.0,1.0
2714,79203,79206,1.0531463749016161,1.0558486600639936,1.0521171133120022,1.0558486600639936,4.472095668244124,2.8619062624483322,0.0015646330692146069,2023-11-01 13:15:00+00:00,2023-11-01 14:00:00+00:00,0 days 00:45:00,A_long,0.000777751496887373,0.0011048829744182381,19.040131617402793,54.689322730714004,1.0529835993276442,1.0526592403742474,1.054646,1.054292,1.0563084006723558,1.0559247596257526,1.0,1.0
-2696,79284,79286,1.06165282887632,1.0627316385210734,1.0627316385210734,1.0588050844367796,-5.772141064306787,2.8636702620516865,-0.0020166685570066085,2023-11-02 09:30:00+00:00,2023-11-02 10:00:00+00:00,0 days 00:30:00,A_short,0.0007889611541086334,0.0007433530446415966,73.89367005360202,75.66101589179338,1.058929505544421,1.0586912319872304,1.0601925,1.060452,1.0614554944555792,1.0622127680127695,1.0,1.0
-2685,79381,79387,1.06403261105925,1.0648874565074478,1.0648874565074478,1.0619376304776564,-5.153335219119398,2.8580751907082913,-0.0018038032500436905,2023-11-03 09:45:00+00:00,2023-11-03 11:15:00+00:00,0 days 01:30:00,A_short,0.0006299408109345581,0.0005746731294978157,79.47821594940247,76.06905581993736,1.0620107481664764,1.061930162693727,1.063083,1.0635935,1.0641552518335236,1.0652568373062732,1.0,1.0
-2663,79393,79397,1.0707319978767411,1.0723923995895634,1.0723923995895634,1.0661428012313094,-7.275219896472262,2.8535701352263843,-0.0025514917990430196,2023-11-03 12:45:00+00:00,2023-11-03 13:45:00+00:00,0 days 01:00:00,A_short,0.0013363997035735714,0.0012962692727656994,90.93247647368368,85.41278369343954,1.0602986756040051,1.0603483575986343,1.0647575,1.0664500000000001,1.069216324395995,1.072551642401366,1.0,1.0
-2646,79469,79510,1.0749916080024895,1.072489071012512,1.075970309662496,1.072489071012512,3.7805959371438815,2.841116938336847,0.0013291235390433132,2023-11-06 08:45:00+00:00,2023-11-06 19:00:00+00:00,0 days 10:15:00,A_short,0.0007392236451359227,0.0006526278834270669,68.73414297683377,31.166882752649926,1.0728371134466999,1.0725533554079025,1.073864,1.0737394999999998,1.0748908865533,1.0749256445920972,1.0,0.0
2666,79570,79575,1.0684477751542107,1.0676442953016316,1.0676442953016316,1.070507114095105,-4.9894880168935565,2.847410729917638,-0.001751630665838491,2023-11-07 10:00:00+00:00,2023-11-07 11:15:00+00:00,0 days 01:15:00,A_long,0.0006355645043771896,0.0006822404629118799,35.18915928109132,29.353349630128392,1.0685455660537104,1.0677495997986997,1.06991,1.069324,1.0712744339462894,1.0708984002013002,1.0,1.0
2666,79577,79605,1.0666676122490069,1.069307790244285,1.0656440699185716,1.069307790244285,4.1914593238877185,2.847255211523558,0.0014739270940425685,2023-11-07 11:45:00+00:00,2023-11-07 18:45:00+00:00,0 days 07:00:00,A_long,0.0007708383921426826,0.0007271466190933564,34.8527187587038,69.04844879307336,1.0670013832129694,1.0666517668589286,1.0689965000000001,1.068196,1.0709916167870308,1.0697402331410713,1.0,0.0
2671,79663,79685,1.0663575838778758,1.0684457363959219,1.0655447545346928,1.0684457363959219,2.72642554147537,2.851029834225657,0.000957231301527466,2023-11-08 09:15:00+00:00,2023-11-08 14:45:00+00:00,0 days 05:30:00,A_long,0.0006064550582775547,0.0008193641804423867,27.007741697633875,72.74113466840964,1.066570542381011,1.065881341169116,1.0680925000000001,1.067165,1.0696144576189892,1.068448658830884,1.0,1.0
-2666,79686,79689,1.0689421616971426,1.0700232370165308,1.0700232370165308,1.0660902889504076,-5.733387677974187,2.8512408764853268,-0.0020118562966311773,2023-11-08 15:00:00+00:00,2023-11-08 15:45:00+00:00,0 days 00:45:00,A_short,0.0008167822897167233,0.0009761157601504232,69.44595619117702,78.39255804543387,1.065852872872802,1.0656629452996529,1.0672875,1.067747,1.0687221271271978,1.0698310547003471,1.0,1.0
-2657,79690,79781,1.070422026247872,1.0716813389121806,1.0716813389121806,1.0669959832634583,-6.191778069682988,2.84578432061513,-0.002177051938156795,2023-11-08 16:00:00+00:00,2023-11-09 14:45:00+00:00,0 days 22:45:00,A_short,0.0009953003254637015,0.000952745930948842,80.71998289488675,80.35084804607428,1.0654255185419312,1.067455422562889,1.0679335,1.0695200000000002,1.070441481458069,1.0715845774371116,1.0,1.0
-2647,79782,79794,1.072311853275493,1.0689801146485842,1.0735532951171387,1.0689801146485842,5.985112225879867,2.833999919547516,0.0021086147989877605,2023-11-09 15:00:00+00:00,2023-11-09 18:00:00+00:00,0 days 03:00:00,A_short,0.0010030464734890035,0.0010528439758301332,65.8984856552703,34.15106801223962,1.067387684699666,1.0694355692832902,1.0696344999999998,1.070823,1.0718813153003337,1.07221043071671,1.0,0.0
-2651,80051,80064,1.0726518221587686,1.0736947474055116,1.0736947474055116,1.070115757783465,-5.609777207073113,2.8449823779574537,-0.001972772979834578,2023-11-14 10:15:00+00:00,2023-11-14 13:30:00+00:00,0 days 03:15:00,A_short,0.0007248731262028727,0.001815945827698593,83.88187062187002,92.04336959040309,1.0686089075218386,1.068598805788902,1.0704945,1.072265,1.0723800924781612,1.075931194211098,1.0,1.0
-2630,80065,80066,1.079491196163491,1.0817591349932383,1.0817591349932383,1.073042595020285,-8.806723307706488,2.8420441854710994,-0.0031019836078575416,2023-11-14 13:45:00+00:00,2023-11-14 14:00:00+00:00,0 days 00:15:00,A_short,0.0017618197173387689,0.001981577088360255,85.29725174838896,89.50370374331456,1.0682167491196166,1.0673290790630559,1.072721,1.073299,1.0772252508803835,1.0792689209369442,1.0,1.0
-2615,80067,80074,1.082020964618454,1.0844878925060322,1.0844878925060322,1.0749763224819031,-9.283726756707221,2.832710330690266,-0.0032810661089106375,2023-11-14 14:15:00+00:00,2023-11-14 16:00:00+00:00,0 days 01:45:00,A_short,0.0019000334765788705,0.0017357984723148808,83.22714986380173,86.82966190744855,1.0670122845119772,1.0671586232103425,1.0738225,1.0779085,1.0806327154880226,1.0886583767896574,1.0,1.0
2599,80144,80160,1.0853693236688446,1.0842942206654993,1.0842942206654993,1.088077338003502,-5.613670481557033,2.81947777586248,-0.0019900459027267737,2023-11-15 09:30:00+00:00,2023-11-15 13:30:00+00:00,0 days 04:00:00,A_long,0.0007963961860283373,0.0012028916068403885,15.780022572098446,32.65411094668295,1.0854385043723775,1.0842791864039065,1.087069,1.0858275,1.0886994956276226,1.0873758135960934,1.0,1.0
-2595,80236,80238,1.0848507056174839,1.0855586785563778,1.0855586785563778,1.083123964330867,-4.653295952395277,2.8161061759655857,-0.0016529257175163905,2023-11-16 08:30:00+00:00,2023-11-16 09:00:00+00:00,0 days 00:30:00,A_short,0.0005289345129395492,0.0005317774786079328,78.326574520219,85.62020870165118,1.0829875615967015,1.0828403858885247,1.0838804999999998,1.08411,1.084773438403298,1.085379614111475,1.0,1.0
-2589,80239,80256,1.085560640638442,1.0863181329743294,1.0863181329743294,1.0837656010770116,-4.772644730054498,2.8114970724417327,-0.0016981379516577035,2023-11-16 09:15:00+00:00,2023-11-16 13:30:00+00:00,0 days 04:15:00,A_short,0.0005595404814602331,0.0009717924027680287,80.59976820786272,76.31905820403166,1.0828632002380798,1.0836568760422236,1.084224,1.0850475,1.0855847997619203,1.0864381239577763,1.0,1.0
-2581,80257,80262,1.0873104804788314,1.0885661508833215,1.0885661508833215,1.083901547350035,-6.048854106761937,2.8079687927728587,-0.002155418127800148,2023-11-16 13:45:00+00:00,2023-11-16 15:00:00+00:00,0 days 01:15:00,A_short,0.0009528867490656394,0.0011278892506611609,79.43459803010063,71.93424774986838,1.083257035660944,1.0828445950697383,1.085178,1.085728,1.087098964339056,1.0886114049302618,1.0,1.0
2585,80331,80334,1.0831091168341478,1.0851276478559604,1.0823041173813466,1.0851276478559604,2.4154566730235993,2.802446018361965,0.0008627132990983225,2023-11-17 08:15:00+00:00,2023-11-17 09:00:00+00:00,0 days 00:45:00,A_long,0.0006204707801385602,0.0007784634974709595,35.83028408541219,64.04395528079912,1.0833530269664098,1.0832944186036724,1.0847855,1.084718,1.0862179730335901,1.0861415813963278,1.0,1.0
2574,80621,80639,1.0888696439880658,1.091609268098663,1.087836910633779,1.091609268098663,4.245516100821701,2.8062763598556204,0.0015147677811209862,2023-11-22 08:45:00+00:00,2023-11-22 13:15:00+00:00,0 days 04:30:00,A_long,0.0007824534311596423,0.0008300571335404804,25.159392646736976,65.29290789587661,1.0888869059451214,1.0888309826692404,1.0905494999999998,1.0901795,1.0922120940548783,1.0915280173307598,1.0,1.0
2581,80643,80646,1.0873595057932017,1.085841078925373,1.085841078925373,1.0915167632238807,-6.723575100445378,2.804515354579321,-0.002395736779150885,2023-11-22 14:15:00+00:00,2023-11-22 15:00:00+00:00,0 days 00:45:00,A_long,0.0011714429983417309,0.0013322785977353544,31.056858244773807,25.24779730905756,1.0880894526263043,1.0865590223851955,1.0900525,1.0895355,1.0920155473736959,1.0925119776148045,1.0,1.0
2580,80647,80693,1.0854793337360202,1.0901762029518476,1.0837812656827175,1.0901762029518476,9.311326934507209,2.8065956423273497,0.003324836627761363,2023-11-22 15:15:00+00:00,2023-11-23 02:45:00+00:00,0 days 11:30:00,A_long,0.001293308118037298,0.00034249922751064744,32.17259595740731,79.96287895063264,1.0860279318680492,1.0880090329111551,1.0893504999999999,1.0891030000000002,1.0926730681319505,1.0901969670888452,1.0,0.0
-2571,80828,80837,1.0924200128127688,1.0932325726286445,1.0932325726286445,1.0904622821140668,-4.898747685201338,2.809656398584937,-0.0017441882117211294,2023-11-24 12:30:00+00:00,2023-11-24 14:45:00+00:00,0 days 02:15:00,A_short,0.0006015246762431323,0.0008334074333732196,59.2651935737893,74.36153202664994,1.0901750304637836,1.090191958743041,1.0912419999999998,1.0916795000000001,1.092308969536216,1.0931670412569592,1.0,1.0
-2564,80838,80852,1.0935599084802226,1.0946700889200478,1.0946700889200478,1.0906697332398563,-5.651813504379082,2.8053108566671465,-0.0020157061551285636,2023-11-24 15:00:00+00:00,2023-11-24 18:30:00+00:00,0 days 03:30:00,A_short,0.0008476197755901158,0.0005133984388738151,77.88520997241672,73.53268410009136,1.0900418885950975,1.0920014547562307,1.0918495,1.0935375,1.0936571114049023,1.0950735452437694,1.0,0.0
2560,80931,80970,1.093520069555031,1.0960782706012353,1.0925072431329215,1.0960782706012353,3.7463088028832723,2.802685875400021,0.0013382487590939164,2023-11-27 14:15:00+00:00,2023-11-28 00:00:00+00:00,0 days 09:45:00,A_long,0.0007381021817789851,0.00029993256406113286,24.473317096596872,60.28365449256227,1.0936496154489115,1.0950032770322093,1.094872,1.0954855000000001,1.0960943845510887,1.0959677229677909,1.0,0.0
-2554,81026,81029,1.0971095835850126,1.0983727915991146,1.0983727915991146,1.093801625202656,-6.02986426112653,2.80363099311013,-0.0021519720883114686,2023-11-28 14:00:00+00:00,2023-11-28 14:45:00+00:00,0 days 00:45:00,A_short,0.0009613494882494399,0.0009787392076100868,67.10445953791154,72.16255876097784,1.0942999105168913,1.0940404883936903,1.095613,1.096011,1.0969260894831085,1.0979815116063099,1.0,1.0
2545,81096,81098,1.0989705683378177,1.0981783699508405,1.0981783699508405,1.1009448901474785,-4.812016918829277,2.7958720239723176,-0.0017204945342451621,2023-11-29 07:30:00+00:00,2023-11-29 08:00:00+00:00,0 days 00:30:00,A_long,0.000603510591059645,0.0007499257328403449,24.348758009756693,47.648808300410316,1.0988282131815361,1.098576440471696,1.0998865,1.0997355,1.1009447868184639,1.100894559528304,1.0,1.0
2549,81193,81193,1.095280230629839,1.094403383755807,1.094403383755807,1.0975098487325794,-5.025834448442357,2.7907517665345054,-0.0018001682364805814,2023-11-30 07:45:00+00:00,2023-11-30 07:45:00+00:00,0 days 00:00:00,A_long,0.0007142228430283193,0.0007142228430283193,25.155206860148496,25.155206860148496,1.0956195377008118,1.0956195377008118,1.0970784999999998,1.0970784999999998,1.098537462299188,1.098537462299188,1.0,1.0
2545,81194,81196,1.0952502278842458,1.094282932588366,1.094282932588366,1.0977112022349018,-5.247947474715207,2.786180946701399,-0.0018827312915510068,2023-11-30 08:00:00+00:00,2023-11-30 08:30:00+00:00,0 days 00:30:00,A_long,0.0006923264639578834,0.0010183252107061514,32.94564055372676,16.902182947707942,1.0953919947472752,1.093942331892285,1.0969855000000002,1.0965894999999999,1.0985790052527251,1.0992366681077148,1.0,1.0
2546,81197,81203,1.0925599816960445,1.0912380097471526,1.0912380097471526,1.0961259707585422,-6.145715424986076,2.77997484310719,-0.002209371554014242,2023-11-30 08:45:00+00:00,2023-11-30 10:15:00+00:00,0 days 01:30:00,A_long,0.000947881849278678,0.0010527050887053611,16.48258964316838,23.39664112442405,1.0931321291609917,1.0905323477771847,1.0963344999999998,1.094979,1.0995368708390079,1.0994256522228152,1.0,1.0
2548,81290,81292,1.0895897098823055,1.0887406968224742,1.0887406968224742,1.0916179095325778,-4.938478214592083,2.775192938141889,-0.001778814764497989,2023-12-01 08:00:00+00:00,2023-12-01 08:30:00+00:00,0 days 00:30:00,A_long,0.0006168300726575636,0.0006860634767961244,37.09174316501328,32.25747302146131,1.0897157131877688,1.089416639420448,1.0905365,1.090436,1.0913572868122312,1.0914553605795518,1.0,1.0
2555,81318,81322,1.0844992440466383,1.083160323531387,1.083160323531387,1.0880790294058391,-6.190127014048302,2.7691850975809276,-0.002233980625012081,2023-12-01 15:00:00+00:00,2023-12-01 16:00:00+00:00,0 days 01:00:00,A_long,0.0011867663384428333,0.001457163721328703,23.880825858962467,44.69784658449294,1.0845979931577614,1.0830409334461246,1.0878675,1.08694,1.0911370068422386,1.0908390665538754,1.0,1.0
2547,81385,81391,1.0855693419728,1.087526752327091,1.0847444158909696,1.087526752327091,2.2180862962882104,2.767437876090911,0.0008022171163736237,2023-12-04 07:45:00+00:00,2023-12-04 09:15:00+00:00,0 days 01:30:00,A_long,0.0005903663009663321,0.0007604913351814519,21.872019976151847,59.787102098327644,1.0855349185898544,1.0856783684822688,1.0871855,1.086856,1.0888360814101454,1.0880336315177312,1.0,1.0
2554,81411,81415,1.0831991250709276,1.0818003076697496,1.0818003076697496,1.0869590769907518,-6.337283918218679,2.7647042756098443,-0.002290730356143876,2023-12-04 14:15:00+00:00,2023-12-04 15:15:00+00:00,0 days 01:00:00,A_long,0.0010834444607364345,0.0012647157973944604,21.48124817095689,28.509551816021045,1.0836128518823922,1.0817778829816136,1.0863835,1.085585,1.0891541481176077,1.0893921170183865,1.0,1.0
2550,81479,81479,1.082479059176688,1.0817600393903093,1.0817600393903093,1.084279881829072,-4.592905305938535,2.7594048506729214,-0.0016639022440139628,2023-12-05 07:15:00+00:00,2023-12-05 07:15:00+00:00,0 days 00:00:00,A_long,0.0006616382181099942,0.0006616382181099942,13.574773747882006,13.574773747882006,1.0821458397112111,1.0821458397112111,1.0838014999999999,1.0838014999999999,1.0854571602887886,1.0854571602887886,1.0,1.0
2550,81480,81485,1.0810089246426153,1.083301897585196,1.0801260341382681,1.083301897585196,3.0875847052402863,2.7594962983404594,0.0011200809760817376,2023-12-05 07:30:00+00:00,2023-12-05 08:45:00+00:00,0 days 01:15:00,A_long,0.0006720864556953234,0.0007913538586264909,13.02626244119429,58.20315706083507,1.0815443202243173,1.0804478515148364,1.083663,1.0831645,1.0857816797756827,1.0858811484851638,1.0,1.0
-2561,81672,81673,1.0772414020829901,1.0780041182011222,1.0780041182011222,1.0754276453966338,-4.7131078672600015,2.7597918887238055,-0.0017083811248949962,2023-12-07 07:30:00+00:00,2023-12-07 07:45:00+00:00,0 days 00:15:00,A_short,0.0005798631452547695,0.0005572147258874402,82.69842512081942,85.26596137070736,1.0753929878055797,1.075201229875409,1.0763255,1.0764045000000002,1.0772580121944204,1.0776077701245914,1.0,1.0
-2555,81674,81691,1.0779813343583546,1.0760640269868056,1.078738657671065,1.0760640269868056,2.146927385189376,2.7517929491184425,0.0007794983680090041,2023-12-07 08:00:00+00:00,2023-12-07 12:15:00+00:00,0 days 04:15:00,A_short,0.000582919429102452,0.0007960647875406792,69.72603157920602,33.63575906654968,1.0751465236093405,1.076386525726909,1.076465,1.0774409999999999,1.0777834763906595,1.0784954742730908,1.0,1.0
-2550,81713,81767,1.0810010579686269,1.0776854997407523,1.082251500086416,1.0776854997407523,5.702348120000641,2.7523253610794587,0.0020686519523135773,2023-12-07 17:45:00+00:00,2023-12-08 07:15:00+00:00,0 days 13:30:00,A_short,0.0009310833957447307,0.0004526873345375259,78.19497735044888,32.66088166720267,1.0763791803504423,1.0777645497167658,1.078719,1.0786295000000001,1.0810588196495576,1.0794944502832344,1.0,1.0
2570,81794,81795,1.0747883553895996,1.0730875343270458,1.0730875343270458,1.0794973970188622,-7.13113064904905,2.7600205182858892,-0.0025816794473980534,2023-12-08 14:00:00+00:00,2023-12-08 14:15:00+00:00,0 days 00:15:00,A_long,0.001405336319355782,0.0014152914767750012,13.69887136812919,19.035504274881077,1.0750546706859787,1.074396456528748,1.0775885,1.077384,1.0801223293140214,1.0803715434712517,1.0,1.0
-2554,81964,81969,1.0786912693793127,1.0794067209876248,1.0794067209876248,1.0769398370371253,-4.583154541327685,2.7558911336985794,-0.0016635905512874171,2023-12-12 08:30:00+00:00,2023-12-12 09:45:00+00:00,0 days 01:15:00,A_short,0.0005400762688401147,0.0006316390427476073,76.64696908888368,76.00867752290739,1.0759728138990965,1.0762932836911046,1.0773505,1.0778599999999998,1.0787281861009037,1.079426716308895,1.0,1.0
2528,82154,82156,1.0882095835850125,1.090378641877424,1.087327119374192,1.090378641877424,2.729643846231575,2.75373551698452,0.0009922391752174994,2023-12-14 08:00:00+00:00,2023-12-14 08:30:00+00:00,0 days 00:30:00,A_long,0.0006936360075279201,0.0008390421567654345,44.092415157032875,50.51905025325685,1.0883947835668493,1.0884998963004677,1.0898705000000002,1.0897475,1.091346216433151,1.0909951036995325,1.0,1.0
-2510,82179,82181,1.0965696330056924,1.0989105852176062,1.0989105852176062,1.0899482443471815,-8.631117725773805,2.75532767387024,-0.0031358631659351155,2023-12-14 14:15:00+00:00,2023-12-14 14:45:00+00:00,0 days 00:30:00,A_short,0.0019502004349378549,0.00200401721557554,64.33289930122547,76.49885850409056,1.0891391130587706,1.0885734820637147,1.0923465,1.0931380000000002,1.0955538869412296,1.0977025179362856,1.0,1.0
-2497,82182,82272,1.0989994106126333,1.0918655380239282,1.1014848206586907,1.0918655380239282,15.077984965623953,2.735294888372747,0.00549448894701479,2023-12-14 15:00:00+00:00,2023-12-15 13:30:00+00:00,0 days 22:30:00,A_short,0.0018981482534987926,0.0012900098860917472,75.26732550407174,17.771359286001143,1.0885018987896709,1.0931652339238251,1.0935545,1.0956044999999999,1.0986071012103291,1.0980437660761746,1.0,1.0
2528,82273,82291,1.091509885600278,1.08988198813669,1.08988198813669,1.0960740355899299,-6.872604116354388,2.7572793284035275,-0.0024906722662997576,2023-12-15 13:45:00+00:00,2023-12-15 18:15:00+00:00,0 days 04:30:00,A_long,0.0013246752346128396,0.0008639657927411534,20.460336398014903,30.865845807004177,1.0924170768130954,1.0899984055762602,1.0954065,1.0912375,1.0983959231869045,1.09247659442374,1.0,0.0
-2516,82440,82447,1.0938598810242894,1.0946321749803924,1.0946321749803924,1.091983475058823,-4.696214600009062,2.75312300645389,-0.0017063794152112344,2023-12-19 07:30:00+00:00,2023-12-19 09:15:00+00:00,0 days 01:45:00,A_short,0.000578237485838918,0.0006465212154159106,57.68554030958375,71.13127224262773,1.091836762582048,1.0917430496779514,1.0926939999999998,1.093122,1.0935512374179517,1.0945009503220484,1.0,1.0
-2505,82462,82469,1.0967496165321327,1.0979614646780085,1.0979614646780085,1.0935556059659743,-5.784555234634648,2.7488756292157017,-0.0021054976009770663,2023-12-19 13:00:00+00:00,2023-12-19 14:45:00+00:00,0 days 01:45:00,A_short,0.0010181689341173033,0.0009613092702190641,63.626395083535385,75.8520082822806,1.0925891415184121,1.0923695469086208,1.094232,1.095101,1.095874858481588,1.0978324530913794,1.0,1.0
2507,82552,82565,1.0941901308732815,1.096894852989735,1.0931417156700882,1.096894852989735,4.034213318676788,2.746525027272291,0.001470658141686798,2023-12-20 11:30:00+00:00,2023-12-20 14:45:00+00:00,0 days 03:15:00,A_long,0.0007376497938251401,0.0007503775232274595,24.871395643227117,70.558283374348,1.0942387803473435,1.09291030614641,1.0957475,1.0950659999999999,1.0972562196526567,1.0972216938535897,1.0,1.0
-2505,82648,82648,1.0963996485640546,1.097293285262571,1.097293285262571,1.0941601442122875,-4.986160329401398,2.7476003996178484,-0.0018154722760416037,2023-12-21 11:30:00+00:00,2023-12-21 11:30:00+00:00,0 days 00:00:00,A_short,0.0008337060229678505,0.0008337060229678505,81.81299764798553,81.81299764798553,1.0931329846349658,1.0931329846349658,1.0949550000000001,1.0949550000000001,1.0967770153650345,1.0967770153650345,1.0,1.0
-2497,82649,82656,1.0977395259275529,1.0988304472275614,1.0988304472275614,1.0948286583173161,-5.466448097605485,2.74241761148416,-0.001994285743456634,2023-12-21 11:45:00+00:00,2023-12-21 13:30:00+00:00,0 days 01:45:00,A_short,0.0007825452199054786,0.0009812770481836613,82.46747170223236,81.28352471842557,1.092897906814132,1.0925882219210368,1.09513,1.0963175,1.0973620931858679,1.1000467780789633,1.0,1.0
-2464,82985,82989,1.1103483718631595,1.1116345450455625,1.1116345450455625,1.1068963648633123,-5.906613675072496,2.7374829536315453,-0.0021589302074941333,2023-12-27 15:00:00+00:00,2023-12-27 16:00:00+00:00,0 days 01:00:00,A_short,0.0009781714217951224,0.0010505263007978723,80.50818284234943,84.45237403865437,1.1038845943464661,1.103718077000154,1.1067304999999998,1.107822,1.1095764056535335,1.1119259229998462,1.0,1.0
-2452,83060,83076,1.113558078084674,1.1105866518299807,1.1146844493900065,1.1105866518299807,4.559135737632793,2.726801438875367,0.0016697412791743544,2023-12-28 09:45:00+00:00,2023-12-28 13:45:00+00:00,0 days 04:00:00,A_short,0.000865213448337974,0.0011247631823654756,61.56256769116724,13.84311632069901,1.1102390605790395,1.1092866662314447,1.111634,1.111826,1.1130289394209605,1.1143653337685553,1.0,1.0
2470,83077,83093,1.107421341679937,1.1059702841811616,1.1059702841811616,1.1113691474565155,-6.3176506799136645,2.733538657938457,-0.002309647841738251,2023-12-28 14:00:00+00:00,2023-12-28 18:00:00+00:00,0 days 04:00:00,A_long,0.00121346142471674,0.0009918074738157114,32.96122345994286,25.186426023934587,1.108843760805383,1.1053808562928666,1.111693,1.1087445,1.1145422391946171,1.1121081437071334,1.0,0.0
2480,83254,83258,1.1000906708399685,1.0987554951294558,1.0987554951294558,1.103733514611633,-6.037805007873509,2.726569245802086,-0.0022130892098544096,2024-01-02 10:15:00+00:00,2024-01-02 11:15:00+00:00,0 days 01:00:00,A_long,0.0009801424065042459,0.0010914008350058025,32.24347462743843,23.614826964620335,1.10063535811581,1.0987753740536146,1.1026335,1.1019314999999998,1.1046316418841902,1.105087625946385,1.0,1.0
2479,83259,83260,1.0981304914612047,1.096730318997993,1.096730318997993,1.101969043006021,-6.1915575108661765,2.720529974564175,-0.0022744135490838035,2024-01-02 11:30:00+00:00,2024-01-02 11:45:00+00:00,0 days 00:15:00,A_long,0.001077880723671672,0.0010181632938488,20.460460897160686,19.830564360863292,1.0978992209757181,1.0971225102727855,1.101619,1.101321,1.1053387790242817,1.1055194897272145,1.0,1.0
2483,83347,83350,1.0939701107389306,1.0929732071074199,1.0929732071074199,1.0966003786777403,-5.190401846147377,2.715090129106244,-0.0019108157251407313,2024-01-03 09:30:00+00:00,2024-01-03 10:15:00+00:00,0 days 00:45:00,A_long,0.000729572644641236,0.0006834462519338688,29.210950355370386,21.264818689444496,1.0941279574197977,1.093144011140815,1.09549,1.0950855000000002,1.0968520425802024,1.0970269888591853,1.0,1.0
-2472,83444,83459,1.096499639412077,1.0933664166044825,1.0976911944651726,1.0933664166044825,5.038652335136955,2.7066744452364677,0.001858906019047176,2024-01-04 09:45:00+00:00,2024-01-04 13:30:00+00:00,0 days 03:45:00,A_short,0.0008555293359579473,0.0008007742151309199,77.73094905268047,35.4026545606268,1.0912336478833333,1.0942669735580317,1.093919,1.095477,1.0966043521166668,1.0966870264419684,1.0,1.0
2489,83536,83536,1.0912398608899383,1.090508733539918,1.090508733539918,1.0930737993802464,-4.534962099968593,2.715186125767956,-0.0016696619254261947,2024-01-05 08:45:00+00:00,2024-01-05 08:45:00+00:00,0 days 00:00:00,A_long,0.0006124702211704366,0.0006124702211704366,12.148085813326006,12.148085813326006,1.091111814378538,1.091111814378538,1.092887,1.092887,1.0946621856214618,1.0946621856214618,1.0,1.0
2486,83537,83539,1.0908498251972252,1.0929648927962132,1.0900250357345955,1.0929648927962132,2.543576356618453,2.714481694465844,0.0009379478424598436,2024-01-05 09:00:00+00:00,2024-01-05 09:30:00+00:00,0 days 00:30:00,A_long,0.0006961408583477291,0.0008174569113811848,31.958435998749835,40.107755912470665,1.0909457960665918,1.0908659523704203,1.09277,1.092577,1.0945942039334082,1.0942880476295795,1.0,1.0
-2480,83559,83561,1.0944498270276206,1.096306677341175,1.096306677341175,1.0893199679764751,-7.321526843032007,2.7165380654173066,-0.002697454458699649,2024-01-05 14:30:00+00:00,2024-01-05 15:00:00+00:00,0 days 00:30:00,A_short,0.0014441558575152575,0.001912099288533677,70.39712618027917,86.40959568053427,1.089918106398141,1.08876160848826,1.0918225,1.0923795,1.093726893601859,1.09599739151174,1.0,1.0
-2464,83562,83757,1.0984194636941043,1.0916464425612786,1.1008245191462405,1.0916464425612786,13.99056287477572,2.6981611965066317,0.005169234857330586,2024-01-05 15:15:00+00:00,2024-01-09 16:00:00+00:00,4 days 00:45:00,A_short,0.0019224860500625116,0.000922689329589554,81.68562222623075,27.165599708179585,1.0884769509817622,1.0919531143185317,1.0927609999999999,1.093602,1.0970450490182375,1.0952508856814682,1.0,1.0
-2482,83852,83883,1.0962696604616258,1.097342112424252,1.097342112424252,1.0934136627272442,-5.384097981389541,2.722272210151374,-0.001978763006316898,2024-01-10 15:45:00+00:00,2024-01-10 23:30:00+00:00,0 days 07:45:00,A_short,0.0007826367508485631,0.0002739564455610733,77.04057124170384,66.36738897455135,1.0931562488609814,1.0963706029848237,1.0946609999999999,1.0969434999999998,1.0961657511390184,1.097516397015176,1.0,0.0
2476,83922,83923,1.0969103798070763,1.0961722033900927,1.0961722033900927,1.098683389829722,-4.542761046449473,2.7150362379980955,-0.0016726231626187432,2024-01-11 09:15:00+00:00,2024-01-11 09:30:00+00:00,0 days 00:15:00,A_long,0.0004974086627108441,0.0005484208410160638,27.515722358968873,19.68824322314113,1.0969137791390704,1.0964991152146684,1.0978845,1.097788,1.0988552208609295,1.0990768847853316,1.0,1.0
2474,83924,83930,1.0960403001848698,1.097914315027658,1.0952818949907805,1.097914315027658,1.9223908620402659,2.713921859017897,0.000708949785013252,2024-01-11 09:45:00+00:00,2024-01-11 11:15:00+00:00,0 days 01:30:00,A_long,0.000561964728880594,0.000624039122615637,31.164783054067968,64.53558714508921,1.0962884182465245,1.0958017426047404,1.097718,1.0974195,1.0991475817534755,1.0990372573952596,1.0,1.0
2480,83941,84176,1.0940701198909084,1.0921157852737973,1.0921157852737973,1.0994126441786078,-7.557620372839867,2.710870522404235,-0.0027854042572677084,2024-01-11 14:00:00+00:00,2024-01-16 00:45:00+00:00,4 days 10:45:00,A_long,0.0015454884133686607,0.0004901147403631955,31.515854458417735,5.609723960272646,1.0944418445674,1.0930872673764396,1.0970435,1.0946,1.0996451554326,1.0961127326235605,1.0,0.0
2482,84208,84210,1.0902197675397653,1.0890881624743805,1.0890881624743805,1.0932155125768586,-5.513164913432876,2.7045211411475547,-0.0020374415292473604,2024-01-16 08:45:00+00:00,2024-01-16 09:15:00+00:00,0 days 00:30:00,A_long,0.0008318826573919501,0.0008671474182188709,34.17357174287787,29.551748737460514,1.0905186075553224,1.0897231230910913,1.091496,1.0912555,1.0924733924446777,1.0927878769089086,1.0,1.0
2480,84212,84217,1.0887796357512858,1.0875869666850524,1.0875869666850524,1.0920390999448428,-5.656513871279859,2.698694587021059,-0.0020948705252717727,2024-01-16 09:45:00+00:00,2024-01-16 11:00:00+00:00,0 days 01:15:00,A_long,0.0008785240607955215,0.0007644004794797601,23.26120345039,18.12154672834187,1.088803512589545,1.0871325395414901,1.0909485,1.09012,1.0930934874104552,1.0931074604585098,1.0,1.0
2484,84329,84353,1.0849792879761315,1.0882124019780264,1.083769199340658,1.0882124019780264,5.331951101783755,2.6991040789230643,0.0019783955147400106,2024-01-17 15:00:00+00:00,2024-01-17 21:00:00+00:00,0 days 06:00:00,A_long,0.0011262449206360095,0.0005459513549133887,48.39687587979997,68.68905415323324,1.085370524332149,1.0850767301339397,1.0869734999999998,1.0867235,1.0885764756678507,1.0883702698660602,1.0,0.0
2481,84398,84417,1.0881395771786282,1.087291224418386,1.087291224418386,1.0903263267448415,-4.803385107541716,2.698621909381096,-0.0017792461570606299,2024-01-18 08:15:00+00:00,2024-01-18 13:00:00+00:00,0 days 04:45:00,A_long,0.0006493379200544914,0.0006074092135771836,36.48636425385235,27.798482336022516,1.0882935160280638,1.0874322096454099,1.0894869999999999,1.088627,1.090680483971936,1.0898217903545901,1.0,1.0
2480,84419,84419,1.0867894536269287,1.0858966944178796,1.0858966944178796,1.0889099167463607,-4.908173662017273,2.6941308235755623,-0.0018210540012755974,2024-01-18 13:30:00+00:00,2024-01-18 13:30:00+00:00,0 days 00:00:00,A_long,0.0008360540315313061,0.0008360540315313061,17.90138528815696,17.90138528815696,1.0864861966995942,1.0864861966995942,1.088418,1.088418,1.090349803300406,1.090349803300406,1.0,1.0
2478,84420,84467,1.085719355700767,1.0886397945135127,1.0846267351621626,1.0886397945135127,4.542816390868424,2.6940309871154926,0.0016885203602688035,2024-01-18 13:45:00+00:00,2024-01-19 01:30:00+00:00,0 days 11:45:00,A_long,0.0009259134939937853,0.0004292817176222464,16.235170940182414,74.7443546128157,1.0859072356946868,1.0869087861137685,1.0882815,1.087692,1.090655764305313,1.0884752138862317,1.0,0.0
2486,84715,84715,1.083939192795563,1.0826864876473368,1.0826864876473368,1.08726053705799,-5.80734071928107,2.6931157207905247,-0.002155119036173057,2024-01-23 15:30:00+00:00,2024-01-23 15:30:00+00:00,0 days 00:00:00,A_long,0.0010538700324790524,0.0010538700324790524,12.968807589405344,12.968807589405344,1.0837098706248451,1.0837098706248451,1.0861785,1.0861785,1.0886471293751547,1.0886471293751547,1.0,1.0
2484,84716,84764,1.082439055515897,1.086123932116925,1.081065355961025,1.086123932116925,6.459878246313609,2.693355230639965,0.002402532589672708,2024-01-23 15:45:00+00:00,2024-01-24 03:45:00+00:00,0 days 12:00:00,A_long,0.0010666873614818433,0.000292598698384213,24.48214149462588,57.832074745839655,1.0832017437262016,1.0854305344972335,1.0859855,1.0857495,1.0887692562737985,1.0860684655027664,1.0,0.0
-2472,84788,84803,1.0901602196474658,1.0914397193629781,1.0914397193629781,1.0867208419110657,-5.859380821363397,2.6964575246169087,-0.0021742672703505056,2024-01-24 09:45:00+00:00,2024-01-24 13:30:00+00:00,0 days 03:45:00,A_short,0.0009200195399286624,0.0008468469805575822,80.4917541522841,67.2457669929675,1.0848657499125316,1.0877843873066144,1.087319,1.0896035,1.0897722500874683,1.0914226126933855,1.0,1.0
-2462,84805,84825,1.0923900155583621,1.08895503742066,1.09366832085978,1.08895503742066,5.771680414805406,2.6852357602171764,0.0021460335391424662,2024-01-24 14:00:00+00:00,2024-01-24 19:00:00+00:00,0 days 05:00:00,A_short,0.0009310095098410166,0.0007715979125606124,75.19865543392697,36.26012001403372,1.0880929627041946,1.088099893621902,1.090077,1.090168,1.0920610372958053,1.092236106378098,1.0,0.0
2481,84902,84905,1.0865194289165887,1.0846996091989916,1.0846996091989916,1.0915411724030257,-7.208369936140903,2.693397216782377,-0.002674070209266309,2024-01-25 14:15:00+00:00,2024-01-25 15:00:00+00:00,0 days 00:45:00,A_long,0.0014539489118395536,0.001399237262018251,28.393609562553195,19.32326132900876,1.0871568691850888,1.085408248013905,1.0888959999999999,1.0882855,1.090635130814911,1.0911627519860951,1.0,1.0
2478,84906,84908,1.0847892705873738,1.083010915285578,1.083010915285578,1.0897272541432657,-7.092668868146629,2.6859044302965875,-0.002638535863451576,2024-01-25 15:15:00+00:00,2024-01-25 15:45:00+00:00,0 days 00:30:00,A_long,0.00139533896041583,0.0013076990413790088,18.221956770384736,14.167361742104674,1.0847536704880234,1.0833364987794225,1.0880295,1.0874295,1.0913053295119766,1.0915225012205776,1.0,1.0
2479,84971,84975,1.0817389914520525,1.0835288580466425,1.081010380651119,1.0835288580466425,1.7532297885347443,2.6838494994536326,0.0006537923430967776,2024-01-26 07:30:00+00:00,2024-01-26 08:30:00+00:00,0 days 01:00:00,A_long,0.0005427250853028013,0.0006628292575077972,15.86416866374843,55.038872466784284,1.0819571707899114,1.0815444492375406,1.08374,1.083374,1.0855228292100885,1.0852035507624596,1.0,1.0
2478,85075,85078,1.0828190902934123,1.0820540436151733,1.0820540436151733,1.0846778691544803,-4.578063481588872,2.6822778129127376,-0.0017061790485173199,2024-01-29 09:30:00+00:00,2024-01-29 10:15:00+00:00,0 days 00:45:00,A_long,0.0005990796112637201,0.0006008290091692973,24.429137065282518,14.288570607722349,1.0828135642292385,1.0819244832489683,1.0839735000000001,1.0836554999999999,1.0851334357707618,1.0853865167510315,1.0,1.0
-2467,85284,85285,1.0853306616879905,1.0863822727696282,1.0863822727696282,1.082573181691115,-5.273132443053553,2.678807904653473,-0.0019694159801420114,2024-01-31 13:45:00+00:00,2024-01-31 14:00:00+00:00,0 days 00:15:00,A_short,0.0008197525558425835,0.0009451188817302369,77.63112161780003,83.16453603868734,1.0819001639445356,1.0815734982534844,1.083608,1.08379,1.0853158360554642,1.0860065017465157,1.0,1.0
-2459,85286,85287,1.0867905280691157,1.0880241426580761,1.0880241426580761,1.0834875720257713,-5.7073929119127795,2.673934637659082,-0.0021356663169006984,2024-01-31 14:15:00+00:00,2024-01-31 14:30:00+00:00,0 days 00:15:00,A_short,0.0009404363641662009,0.0010257115156106962,76.31645732726382,80.99608935180564,1.0814319292572194,1.0812364004394455,1.0839409999999998,1.084158,1.0864500707427802,1.0870795995605544,1.0,1.0
2473,85355,85365,1.0784986949279738,1.080216236292433,1.0778079212358558,1.080216236292433,1.5782287818536416,2.6692510124540334,0.0005917335847047277,2024-02-01 07:30:00+00:00,2024-02-01 10:00:00+00:00,0 days 02:30:00,A_long,0.0005095013296598048,0.0007010777557702617,16.481089231192882,58.37532755300156,1.0785565053098454,1.0780624110013177,1.0804639999999999,1.079488,1.0823714946901544,1.0809135889986823,1.0,1.0
-2461,85390,85391,1.084150769681328,1.085560589334619,1.085560589334619,1.0802382319961432,-6.139395994018301,2.6698298272691225,-0.002301040964562795,2024-02-01 16:15:00+00:00,2024-02-01 16:30:00+00:00,0 days 00:15:00,A_short,0.0010863145194469422,0.0011108059168540008,76.3030099297064,80.57136954984014,1.0800343184307006,1.0798006727942155,1.0821245,1.0823874999999998,1.0842146815692992,1.0849743272057841,1.0,1.0
-2452,85392,85393,1.0859006095217176,1.087322967100225,1.087322967100225,1.0819910986993253,-6.151992887438359,2.6643721049385016,-0.0023104963242661647,2024-02-01 16:45:00+00:00,2024-02-01 17:00:00+00:00,0 days 00:15:00,A_short,0.0010600317946068167,0.001084027555325925,82.13233160458239,83.69220165189176,1.0796367594120655,1.0794783895828735,1.0826685,1.082955,1.0857002405879346,1.0864316104171263,1.0,1.0
-2438,85460,85475,1.089600270898541,1.0871481487364556,1.0905372837545149,1.0871481487364556,3.3248175076292834,2.653456323535061,0.0012516039034602613,2024-02-02 09:45:00+00:00,2024-02-02 13:30:00+00:00,0 days 03:45:00,A_short,0.0007345938227050703,0.0014530110922058048,60.20151264751682,15.571944410202448,1.0869799589533067,1.0855231585793272,1.0881979999999998,1.0882,1.0894160410466929,1.0908768414206729,1.0,1.0
2457,85476,85476,1.0828590939542033,1.081036386689353,1.081036386689353,1.088010839931941,-7.136737347707628,2.658345597970609,-0.002682394248142956,2024-02-02 13:45:00+00:00,2024-02-02 13:45:00+00:00,0 days 00:00:00,A_long,0.001581942946578376,0.001581942946578376,12.094316823705782,12.094316823705782,1.0836184505224384,1.0836184505224384,1.08784,1.08784,1.0920615494775614,1.0920615494775614,1.0,1.0
2455,85477,85482,1.0808089063386597,1.0788216684641059,1.0788216684641059,1.086414994607682,-7.529615512599957,2.6509465305703945,-0.002837738608525301,2024-02-02 14:00:00+00:00,2024-02-02 15:15:00+00:00,0 days 01:15:00,A_long,0.0015963505537012848,0.0014733423224828474,11.561971811129226,15.712857969579233,1.0821098938864042,1.0771931990279853,1.0874285000000001,1.0850645,1.092747106113596,1.092935800972015,1.0,1.0
2460,85557,85569,1.0754584167078507,1.0745632732531092,1.0745632732531092,1.0777901802406722,-4.846579577316094,2.6445266786519808,-0.0018319204807127388,2024-02-05 10:00:00+00:00,2024-02-05 13:00:00+00:00,0 days 03:00:00,A_long,0.0006586359838655539,0.0006415341343010699,20.236445039837605,29.63037374734246,1.075399549766607,1.0741754428481674,1.0773085,1.075643,1.079217450233393,1.0771105571518325,1.0,1.0
2461,85653,85679,1.073008192484396,1.0753026072669754,1.0721124642443416,1.0753026072669754,3.0030583408338716,2.6434964390940623,0.0011372321211065442,2024-02-06 10:00:00+00:00,2024-02-06 16:30:00+00:00,0 days 06:30:00,A_long,0.0006533313790866128,0.0007496537353241419,31.125854993538184,66.9408892935709,1.0732919876866138,1.0725624087787542,1.0749160000000002,1.0738505,1.0765400123133866,1.0751385912212459,1.0,1.0
-2452,85763,85772,1.0781013233759815,1.0761212399159643,1.0788795866946785,1.0761212399159643,2.214087781366279,2.641076862595926,0.0008375578053681036,2024-02-07 13:30:00+00:00,2024-02-07 15:45:00+00:00,0 days 02:15:00,A_short,0.0006380348350455448,0.0009658949216867309,55.197140102681814,32.27424705153277,1.0759455589821703,1.0761442129993621,1.0769035,1.0771095,1.0778614410178298,1.0780747870006377,1.0,1.0
2456,85840,85850,1.0772785832738454,1.0765333744497216,1.0765333744497216,1.0790398766508347,-4.47511395613251,2.64488108408454,-0.0016914053906540334,2024-02-08 08:45:00+00:00,2024-02-08 11:15:00+00:00,0 days 02:30:00,A_long,0.0005458962307565438,0.0005844235707823831,43.45647737636601,24.002891185346243,1.0774281076942398,1.0766006336449003,1.0781569999999998,1.0778165000000002,1.0788858923057598,1.0790323663551,1.0,1.0
-2447,85958,86058,1.079331210806655,1.0760187662212986,1.0805537445929005,1.0760187662212986,5.468481203473681,2.6370706968937014,0.0020705132719847866,2024-02-09 14:15:00+00:00,2024-02-12 15:15:00+00:00,3 days 01:00:00,A_short,0.0010801488726503196,0.0005967109791188623,52.108409433442496,32.177713277231646,1.0757419214479458,1.0760962463034338,1.0771725,1.0768985,1.0786030785520544,1.0777007536965661,1.0,1.0
2470,86148,86223,1.0718380854062561,1.0697392681684437,1.0697392681684437,1.0777021954946693,-7.828926609061547,2.644848031664754,-0.002957168585214485,2024-02-13 13:45:00+00:00,2024-02-14 08:30:00+00:00,0 days 18:45:00,A_long,0.0016617507672352372,0.000624864464400317,18.352773563098808,42.063348997076574,1.0727809742251817,1.0701493442861831,1.076971,1.0711095,1.081161025774818,1.0720696557138167,1.0,1.0
-2450,86340,86343,1.07697142679333,1.0779924576715834,1.0779924576715834,1.0743026269852498,-5.141356410190467,2.639830758469519,-0.0019485315657205167,2024-02-15 13:45:00+00:00,2024-02-15 14:30:00+00:00,0 days 00:45:00,A_short,0.0007995527628101705,0.0008676910873760233,80.38199866021722,81.87237058933512,1.0719433501485582,1.0717988266983465,1.074058,1.0746285,1.0761726498514417,1.0774581733016535,1.0,1.0
2452,86436,86443,1.0742183032233263,1.0772894457341045,1.0730235180886318,1.0772894457341045,4.892692936206123,2.6377485002218104,0.00185752619398868,2024-02-16 13:45:00+00:00,2024-02-16 15:30:00+00:00,0 days 01:45:00,A_long,0.000907570269321491,0.0010084241913749896,28.022305968152963,63.20612249992587,1.0749489109658403,1.0740693799789727,1.0767165,1.0764315,1.0784840890341598,1.0787936200210273,1.0,1.0
-2446,86611,86611,1.0788512547361484,1.0796287504085091,1.0796287504085091,1.0768737487744726,-4.5415754608862855,2.6398210462919165,-0.0017210302780683786,2024-02-20 09:30:00+00:00,2024-02-20 09:30:00+00:00,0 days 00:00:00,A_short,0.0006120975172565566,0.0006120975172565566,84.80389988640682,84.80389988640682,1.0759225235037209,1.0759225235037209,1.077332,1.077332,1.078741476496279,1.078741476496279,1.0,1.0
-2440,86612,86614,1.079451199824282,1.0802745170207078,1.0802745170207078,1.0773364489378765,-4.643759333829864,2.6348653745508877,-0.001763099670608641,2024-02-20 09:45:00+00:00,2024-02-20 10:15:00+00:00,0 days 00:30:00,A_short,0.0006198178482890089,0.0005812854060481912,85.9722891742845,88.01160844216258,1.0757286088035198,1.0755428434037326,1.077476,1.0777995,1.0792233911964804,1.0800561565962674,1.0,1.0
-2430,86629,86630,1.0822209463144985,1.0831384338864691,1.0831384338864691,1.0797846983405928,-4.860406446832812,2.630911646944176,-0.0018482060145690881,2024-02-20 14:00:00+00:00,2024-02-20 14:15:00+00:00,0 days 00:15:00,A_short,0.0006802022513388373,0.0007121752844936632,79.49999370911169,83.22265187267396,1.0786138022171254,1.0785647197774892,1.0803045,1.0805075,1.0819951977828746,1.0824502802225107,1.0,1.0
-2424,86631,86631,1.082910883165852,1.0838546103413924,1.0838546103413924,1.0804361689758226,-4.913714451640626,2.6261197781307803,-0.001871908347959261,2024-02-20 14:30:00+00:00,2024-02-20 14:30:00+00:00,0 days 00:00:00,A_short,0.0007905519132278224,0.0007905519132278224,75.55540597812788,75.55540597812788,1.0785647404825742,1.0785647404825742,1.0806625,1.0806625,1.082760259517426,1.082760259517426,1.0,1.0
2428,86706,86725,1.0793587736349826,1.0812491574148593,1.0786102808617135,1.0812491574148593,1.9668737892461543,2.622978028294508,0.0007505195067100665,2024-02-21 09:15:00+00:00,2024-02-21 14:00:00+00:00,0 days 04:45:00,A_long,0.0005217971554290957,0.0005296097567225131,22.76175406807097,66.0130038020958,1.0796483761224436,1.0791212543930604,1.0808835,1.0801535,1.0821186238775566,1.0811857456069396,1.0,1.0
-2409,86799,86799,1.0884503761462851,1.085766623870966,1.089504458709678,1.085766623870966,3.846314854723029,2.618844376520779,0.0014668962502117685,2024-02-22 08:30:00+00:00,2024-02-22 08:30:00+00:00,0 days 00:00:00,A_short,0.0010535535125451786,0.0010535535125451786,67.27011301711647,67.27011301711647,1.08118106876042,1.08118106876042,1.084177,1.084177,1.08717293123958,1.08717293123958,1.0,1.0
2425,86820,86821,1.0830791140885545,1.0820385442341296,1.0820385442341296,1.0857643672976112,-5.1485870576966635,2.6252051607162548,-0.0019602710974377276,2024-02-22 13:45:00+00:00,2024-02-22 14:00:00+00:00,0 days 00:15:00,A_long,0.0008500513864619951,0.0008993778682670623,23.117195766261872,19.596830636640647,1.0829639657619348,1.0823763182455284,1.0849024999999999,1.084659,1.086841034238065,1.0869416817544717,1.0,1.0
2423,86822,86823,1.081678985960866,1.0805207465580795,1.0805207465580795,1.084837760325761,-5.425919048898335,2.6195049759467026,-0.002070243850634433,2024-02-22 14:15:00+00:00,2024-02-22 14:30:00+00:00,0 days 00:15:00,A_long,0.000871460819164798,0.0009165993766094827,18.200667447215295,16.11545222767522,1.0817738472879252,1.0811392710229915,1.0844415,1.084209,1.0871091527120749,1.0872787289770085,1.0,1.0
2421,87383,87402,1.0801588468508043,1.0824763751498492,1.079254541616717,1.0824763751498492,2.992866075755809,2.6178699362317914,0.0011444711966658624,2024-03-01 10:30:00+00:00,2024-03-01 15:15:00+00:00,0 days 04:45:00,A_long,0.0007203866101489537,0.0010494082627998972,45.27085700656503,71.44375483350674,1.0803962154131301,1.0800203977443616,1.0811325,1.0815350000000001,1.08186878458687,1.0830496022556386,1.0,1.0
-2415,87403,87465,1.0838507971372613,1.0851992899153597,1.0851992899153597,1.0801621302539204,-5.875738039223805,2.61912798011604,-0.002244790360491496,2024-03-01 15:30:00+00:00,2024-03-04 07:00:00+00:00,2 days 15:30:00,A_short,0.0010254871610932345,0.000280063910279424,67.3003635794669,76.46550043811321,1.079954412893005,1.0841161577259666,1.0816750000000002,1.084487,1.0833955871069954,1.0848578422740334,1.0,1.0
-2403,87594,87683,1.0868305244083245,1.087992405096223,1.087992405096223,1.0837827847113308,-5.405049042819991,2.613049749799714,-0.002069588682076638,2024-03-05 15:15:00+00:00,2024-03-06 13:30:00+00:00,0 days 22:15:00,A_short,0.0008654036806056043,0.0005849170783477735,70.60657275927781,67.19952492495011,1.083748510181466,1.086833759312642,1.085038,1.0874549999999998,1.086327489818534,1.0880762406873576,1.0,1.0
-2391,87693,87696,1.0904301949371258,1.0914254620707071,1.0914254620707071,1.0878036137878784,-4.988092154345836,2.6084084379528645,-0.0019131852472275446,2024-03-06 16:00:00+00:00,2024-03-06 16:45:00+00:00,0 days 00:45:00,A_short,0.0007192781621774174,0.0007134915917937051,76.98821811078136,83.68684046119823,1.086257865525147,1.0862248644219699,1.0882685,1.088788,1.0902791344748533,1.0913511355780303,1.0,1.0
2391,87779,87779,1.0881795808394192,1.0872386537106309,1.0872386537106309,1.0905640388681077,-4.850469264337528,2.600712499404585,-0.0018642476681087383,2024-03-07 13:30:00+00:00,2024-03-07 13:30:00+00:00,0 days 00:00:00,A_long,0.0007884167645444512,0.0007884167645444512,28.328182972674497,28.328182972674497,1.0884320186150411,1.0884320186150411,1.0894865,1.0894865,1.090540981384959,1.090540981384959,1.0,1.0
2389,87781,87783,1.0873295030476084,1.0904146603053784,1.0861684465648738,1.0904146603053784,4.7691252856872,2.6013154031251426,0.0018359523681626855,2024-03-07 14:00:00+00:00,2024-03-07 14:30:00+00:00,0 days 00:30:00,A_long,0.0010453441475911443,0.0011589473819684608,45.5034595120455,58.58813585539323,1.0878627484846006,1.0878506148495422,1.089324,1.0893395,1.0907852515153993,1.0908283851504577,1.0,1.0
-2371,87876,87974,1.0970995845002105,1.0925050217639531,1.0987783260786823,1.0925050217639531,8.297931986940029,2.595776260726166,0.003190011629363216,2024-03-08 13:45:00+00:00,2024-03-11 13:15:00+00:00,2 days 23:30:00,A_short,0.001400679945714956,0.0004394503910002878,65.73626092043287,25.760806632267943,1.0915817942129327,1.0927948166069161,1.0936295,1.0938275,1.0956772057870674,1.0948601833930838,1.0,1.0
2393,88072,88160,1.0907098123844563,1.0944998238755832,1.0893133920414724,1.0944998238755832,6.454894168481531,2.6146033297851377,0.002473074545006491,2024-03-12 13:45:00+00:00,2024-03-13 11:45:00+00:00,0 days 22:00:00,A_long,0.0010844390811588546,0.0004577841635786127,28.729528648432236,75.57381843229919,1.0909575082217795,1.0917879071016237,1.0927825,1.0929544999999998,1.0946074917782205,1.094121092898376,1.0,1.0
-2387,88182,88239,1.0958896952391413,1.0935943077919228,1.0968018974026925,1.0935943077919228,2.8659406788929047,2.613149157617575,0.001095589684727233,2024-03-13 17:15:00+00:00,2024-03-14 07:30:00+00:00,0 days 14:15:00,A_short,0.0006351481241667195,0.00035144227828384913,70.67310251520323,28.692397929535517,1.0929901416228056,1.093609579090457,1.0942655000000001,1.094079,1.0955408583771946,1.094548420909543,1.0,1.0
2399,88263,88264,1.0920299331905625,1.090938195746709,1.090938195746709,1.094865412759873,-5.237548398464782,2.618470270660257,-0.001999232293883647,2024-03-14 13:30:00+00:00,2024-03-14 13:45:00+00:00,0 days 00:15:00,A_long,0.0007730808495991034,0.0007980034029858696,24.54974616200967,21.028056372681988,1.0922093111482027,1.0917181815804746,1.0937185,1.0935884999999999,1.0952276888517973,1.095458818419525,1.0,1.0
2396,88265,88266,1.0912898654659273,1.090222395916417,1.090222395916417,1.0940528122507491,-5.171108729762761,2.6134516891360486,-0.001977683243012596,2024-03-14 14:00:00+00:00,2024-03-14 14:15:00+00:00,0 days 00:15:00,A_long,0.0007809362825877468,0.0007888114449093741,19.441235262732647,17.120599565845424,1.0912406612615637,1.090727818474393,1.0934265,1.0932475,1.0956123387384364,1.095767181525607,1.0,1.0
2406,88532,88536,1.084429237640254,1.083676178254961,1.083676178254961,1.0862914652351168,-4.420091696336684,2.608230815321944,-0.001694082038250888,2024-03-19 08:45:00+00:00,2024-03-19 09:45:00+00:00,0 days 01:00:00,A_long,0.0005548712603058866,0.0005767399124068486,27.408711762416743,17.73412830975205,1.084552737903287,1.083661521017326,1.0862445,1.085666,1.087936262096713,1.087670478982674,1.0,1.0
2403,88630,88660,1.084079205608332,1.0858837925369225,1.0833320691543593,1.0858837925369225,1.7292118471315314,2.607210542271523,0.0006637941451096997,2024-03-20 09:15:00+00:00,2024-03-20 16:45:00+00:00,0 days 07:30:00,A_long,0.0005207278329627264,0.0003759649841618292,23.892555722792764,73.85206340209925,1.0844983912638033,1.0836129866838098,1.086263,1.0849175,1.0880276087361966,1.0862220133161902,1.0,1.0
2388,88723,88723,1.091469881939487,1.0906463475800277,1.0906463475800277,1.093580957259917,-4.5720468284352656,2.6054467780463,-0.0017541413701832975,2024-03-21 08:30:00+00:00,2024-03-21 08:30:00+00:00,0 days 00:00:00,A_long,0.0008045267477578173,0.0008045267477578173,11.705472982545388,11.705472982545388,1.091145675621686,1.091145675621686,1.093088,1.093088,1.0950303243783142,1.0950303243783142,1.0,1.0
2388,88724,88724,1.089789728186261,1.0887245679026907,1.0887245679026907,1.0925862962919282,-5.1447488266960555,2.601146069530208,-0.001976911119542603,2024-03-21 08:45:00+00:00,2024-03-21 08:45:00+00:00,0 days 00:00:00,A_long,0.0008265898480567933,0.0008265898480567933,10.29680676423284,10.29680676423284,1.0902915430421132,1.0902915430421132,1.0928705,1.0928705,1.095449456957887,1.095449456957887,1.0,1.0
2384,88725,88729,1.08929968334157,1.0921257234530044,1.088158092182332,1.0921257234530044,4.1370205407604566,2.6002590848991325,0.0015930670269854383,2024-03-21 09:00:00+00:00,2024-03-21 10:00:00+00:00,0 days 01:00:00,A_long,0.0007950445349825662,0.0008541864091582486,15.555085018194447,54.89469380647704,1.0896966637005598,1.0890781281479895,1.0926684999999998,1.092219,1.0956403362994398,1.0953598718520106,1.0,1.0
2391,88746,88750,1.087889554298684,1.0866524554112895,1.0866524554112895,1.0911626337661313,-5.557568412368351,2.5996649726082737,-0.0021365862766719937,2024-03-21 14:15:00+00:00,2024-03-21 15:15:00+00:00,0 days 01:00:00,A_long,0.0009343377585131363,0.0008871154710300152,21.33666659306114,21.913377056171853,1.088013056478988,1.0861394277094254,1.0905915,1.0896944999999998,1.0931699435210118,1.0932495722905742,1.0,1.0
2398,88815,88818,1.0824290546006992,1.0817313220199642,1.0817313220199642,1.0841660339401076,-4.267991020170492,2.5948282915681755,-0.0016442766031458615,2024-03-22 07:30:00+00:00,2024-03-22 08:15:00+00:00,0 days 00:45:00,A_long,0.0005102674300258422,0.0005801177907457004,27.203235840349876,22.686652465120858,1.0824317164017045,1.081712553460611,1.083398,1.0831155000000001,1.0843642835982956,1.0845184465393893,1.0,1.0
2396,88819,88852,1.0814689667417128,1.0806838586511052,1.0806838586511052,1.0834684240466845,-4.471378069916433,2.590259084820596,-0.0017256015296735574,2024-03-22 08:30:00+00:00,2024-03-22 16:45:00+00:00,0 days 08:15:00,A_long,0.0005974354186462721,0.0004921357430282952,24.727112361648253,29.490770733266203,1.08146652563323,1.08060680800786,1.082993,1.081896,1.08451947436677,1.08318519199214,1.0,1.0
2397,89202,89205,1.079248763567807,1.0785187733542716,1.0785187733542716,1.0810836799371848,-4.335870934845392,2.5860843930011113,-0.0016760491585059154,2024-03-28 08:15:00+00:00,2024-03-28 09:00:00+00:00,0 days 00:45:00,A_long,0.0005217747996925895,0.0005490901436813987,13.73646915842815,10.356602008264517,1.0794597011417384,1.0782563395581055,1.0815825000000001,1.0810704999999998,1.0837052988582618,1.0838846604418941,1.0,1.0
2402,89418,89419,1.0751083846759284,1.0741065371542882,1.0741065371542882,1.0777203885371356,-4.9876448680979255,2.58120712111809,-0.001931391301707025,2024-04-01 14:15:00+00:00,2024-04-01 14:30:00+00:00,0 days 00:15:00,A_long,0.0007565009441252105,0.0007716341515751728,8.642540400910036,7.847043330965477,1.0756195766603631,1.0748814051301836,1.0777915,1.0775535,1.079963423339637,1.0802255948698165,1.0,1.0
2400,89420,89424,1.0741182940713487,1.0730940390181098,1.0730940390181098,1.0767978829456704,-5.03486692748068,2.5766547997073506,-0.0019531007258351669,2024-04-01 14:45:00+00:00,2024-04-01 15:45:00+00:00,0 days 01:00:00,A_long,0.0007634162646985111,0.000641290507378842,17.482960339966567,12.666460103545248,1.0743981657818744,1.0724412220764596,1.0773455,1.076442,1.0802928342181257,1.0804427779235402,1.0,1.0
-2390,89512,89513,1.076481471638021,1.0774175750426593,1.0774175750426593,1.074147274872022,-4.8111964978687904,2.5739093607834134,-0.001870030261566389,2024-04-02 13:45:00+00:00,2024-04-02 14:00:00+00:00,0 days 00:15:00,A_short,0.00066513753080951,0.0008057858600349012,77.97118191023617,82.38178021056315,1.073171114664181,1.0731051267090757,1.0747725,1.07494,1.076373885335819,1.0767748732909244,1.0,1.0
-2383,89515,89606,1.0775813709662658,1.0786780172944364,1.0786780172944364,1.0746859481166908,-5.182491261142989,2.5691830611126267,-0.002018201205864139,2024-04-02 14:30:00+00:00,2024-04-03 13:15:00+00:00,0 days 22:45:00,A_short,0.0008047902682039932,0.0005845834698433368,74.5716572913849,66.37237918216034,1.0730311572336584,1.0763136363822323,1.0752865,1.077605,1.0775418427663417,1.0788963636177675,1.0,1.0
-2372,89610,89611,1.080511102813318,1.081651258625154,1.081651258625154,1.0774062241245375,-5.268774146341065,2.5643245606660283,-0.002055728059407985,2024-04-03 14:15:00+00:00,2024-04-03 14:30:00+00:00,0 days 00:15:00,A_short,0.0008851312292779629,0.0009324470653742222,82.79443359776201,86.37885528006397,1.07602908415645,1.0758141028877928,1.0781635,1.0784055000000001,1.0802979158435502,1.0809968971122075,1.0,1.0
-2364,89612,89614,1.081710992989585,1.082938936478449,1.082938936478449,1.0784631905646531,-5.461474624305746,2.5586162166312163,-0.002135753883033901,2024-04-03 14:45:00+00:00,2024-04-03 15:15:00+00:00,0 days 00:30:00,A_short,0.0009001207899910032,0.0008439129489265758,87.78556087204507,88.31589612095976,1.0757012154451857,1.075717557660921,1.078681,1.0792295,1.0816607845548143,1.082741442339079,1.0,1.0
-2348,89701,89703,1.0868605216627312,1.087621816830589,1.087621816830589,1.084974549508233,-4.340363319521091,2.552842265391158,-0.0017008036452334674,2024-04-04 13:00:00+00:00,2024-04-04 13:30:00+00:00,0 days 00:30:00,A_short,0.000563312155425364,0.0006124433522972526,65.7815596276736,72.96833459789028,1.0851061042706556,1.0849758320784044,1.0858985,1.086024,1.0866908957293446,1.0870721679215958,1.0,1.0
2356,89796,89796,1.0816989877912615,1.0803791494913146,1.0803791494913146,1.0852225515260563,-5.656467080393684,2.5469280457188748,-0.002219542955744621,2024-04-05 12:45:00+00:00,2024-04-05 12:45:00+00:00,0 days 00:00:00,A_long,0.0010931698118284172,0.0010931698118284172,25.653970712994976,25.653970712994976,1.0818748908758895,1.0818748908758895,1.0835645,1.0835645,1.0852541091241106,1.0852541091241106,1.0,1.0
2352,89797,89797,1.0810289264730106,1.0796181962258058,1.0796181962258058,1.0848654113225824,-5.858958557719589,2.540921016293808,-0.0023043359410202338,2024-04-05 13:00:00+00:00,2024-04-05 13:00:00+00:00,0 days 00:00:00,A_long,0.001246080503584631,0.001246080503584631,18.610505532665485,18.610505532665485,1.080773246492262,1.080773246492262,1.083329,1.083329,1.085884753507738,1.085884753507738,1.0,1.0
2350,89798,89807,1.0792587644830045,1.0836258898129048,1.0776447033956984,1.0836258898129048,7.721355056467883,2.5413894687976937,0.0030443885293127983,2024-04-05 13:15:00+00:00,2024-04-05 15:30:00+00:00,0 days 02:15:00,A_long,0.0012292697697733482,0.0011007146668297427,29.489304120699614,62.77088714097998,1.080226665349498,1.0790881468224753,1.0831235,1.082262,1.0860203346505017,1.0854358531775248,1.0,1.0
-2345,89896,89900,1.0847207175150548,1.0855207272719634,1.0855207272719634,1.0827578181841098,-4.420630973963273,2.5446080940127787,-0.0017378947860612975,2024-04-08 13:45:00+00:00,2024-04-08 14:45:00+00:00,0 days 01:00:00,A_short,0.0005935252519735733,0.0006809136735134378,82.13389471543321,70.81924531526967,1.0816663118632122,1.081653257876867,1.083154,1.0836255,1.0846416881367877,1.0855977421231329,1.0,1.0
2356,90084,90087,1.0781686647264475,1.0762300497288617,1.0762300497288617,1.0835898508134152,-7.105258619940361,2.537881685628354,-0.002797163795869146,2024-04-10 12:45:00+00:00,2024-04-10 13:30:00+00:00,0 days 00:45:00,A_long,0.001590186306933298,0.0015212442418763008,11.102666905402756,14.993687763153432,1.0804300725252043,1.0761117138584682,1.085256,1.0839065,1.0900819274747957,1.091701286141532,1.0,1.0
2366,90188,90251,1.0704479581937656,1.0688601868334981,1.0688601868334981,1.0747794394995058,-6.287468573960022,2.530801535567253,-0.0024825358509395117,2024-04-11 14:45:00+00:00,2024-04-12 06:30:00+00:00,0 days 15:45:00,A_long,0.0011580872869180528,0.000601913788626034,29.85529867829669,8.022619900802567,1.0705865230945846,1.06963227903644,1.0729465,1.0715189999999999,1.0753064769054155,1.0734057209635597,1.0,0.0
2366,90254,90261,1.0679277275639265,1.067057181705185,1.067057181705185,1.070148454884445,-4.58539864944767,2.5256871476653586,-0.0018147654221853731,2024-04-12 07:15:00+00:00,2024-04-12 09:00:00+00:00,0 days 01:45:00,A_long,0.0006341465462552131,0.0006693550658147341,6.161133060500234,23.043034543585406,1.0678348640347068,1.0659235309582642,1.0708319999999998,1.069287,1.0738291359652927,1.072650469041736,1.0,1.0
2370,90372,90377,1.0642473907711456,1.063262813909934,1.063262813909934,1.066891558270198,-4.85454675361848,2.5210995925470794,-0.0019246765191200962,2024-04-15 12:45:00+00:00,2024-04-15 14:00:00+00:00,0 days 01:15:00,A_long,0.0008218566206031528,0.0009190630850812942,39.341567119973604,26.768590193636427,1.064667978635203,1.0633806337787706,1.065604,1.065183,1.066540021364797,1.0669853662212294,1.0,1.0
2368,90378,90421,1.0629172690498416,1.0617071242979024,1.0617071242979024,1.066118627106293,-5.38117805431589,2.5155552817237288,-0.002137943389182599,2024-04-15 14:15:00+00:00,2024-04-16 01:00:00+00:00,0 days 10:45:00,A_long,0.0009538546737371163,0.0003453552833696859,25.172319101419134,16.513198998624063,1.0629049366922387,1.0617026442137312,1.0650275,1.062383,1.0671500633077613,1.063063355786269,1.0,0.0
-2362,90454,90464,1.063202687020665,1.0642510268274528,1.0642510268274528,1.0603669195176417,-4.988701459687309,2.5125228360546275,-0.001986513662442229,2024-04-16 09:15:00+00:00,2024-04-16 11:45:00+00:00,0 days 02:30:00,A_short,0.0008719638198270394,0.0007016475458933467,56.0155601983288,74.17758727175118,1.0604650720761892,1.0608989219497666,1.061575,1.06243,1.0626849279238106,1.0639610780502333,1.0,1.0
-2350,90585,90588,1.0667223648710487,1.0677733439928119,1.0677733439928119,1.0639599680215648,-4.977833394058599,2.508032457915036,-0.0019857341009730514,2024-04-17 18:00:00+00:00,2024-04-17 18:45:00+00:00,0 days 00:45:00,A_short,0.0008311928836974775,0.0008218283749580407,83.25011054305068,66.94735926723673,1.062788156772222,1.06255820567889,1.0648205000000002,1.0652255,1.0668528432277784,1.0678927943211098,0.0,0.0
2346,90660,90663,1.0663775857082713,1.065482466894012,1.065482466894012,1.068712599317964,-4.600620579955055,2.5006718417024785,-0.001838981676699444,2024-04-18 12:45:00+00:00,2024-04-18 13:30:00+00:00,0 days 00:45:00,A_long,0.0006752183543246605,0.0008721584368744399,29.54130988029729,17.740482174031996,1.0664602228023052,1.0655752745618536,1.067369,1.0670525000000002,1.0682777771976948,1.0685297254381467,1.0,1.0
2345,90664,90705,1.0650274621565718,1.0638834098757506,1.0638834098757506,1.068069770372748,-5.178950595983757,2.496147997457898,-0.0020736626944486917,2024-04-18 13:45:00+00:00,2024-04-19 00:00:00+00:00,0 days 10:15:00,A_long,0.000855870645291185,0.0002583312725491281,21.24276168492713,35.682434570658046,1.0652476995932487,1.0640116160557938,1.0669135,1.064297,1.0685793004067514,1.0645823839442063,1.0,0.0
-2335,90756,90770,1.0672123200263577,1.0646518033466967,1.0681693988844345,1.0646518033466967,3.4898550829702804,2.488951364038041,0.0014004566757039487,2024-04-19 12:45:00+00:00,2024-04-19 16:15:00+00:00,0 days 03:30:00,A_short,0.0007671214165359437,0.0008396452186721612,63.94242636295616,27.277572174230983,1.0638931565070784,1.0644359476126104,1.0653475000000001,1.0662565000000002,1.0668018434929218,1.06807705238739,1.0,1.0
2346,90847,90854,1.0637673468416522,1.0629440632142608,1.0629440632142608,1.065847810357217,-4.426055873855738,2.494632483995586,-0.0017735450688731778,2024-04-22 11:30:00+00:00,2024-04-22 13:15:00+00:00,0 days 01:45:00,A_long,0.0005949543452559799,0.0006073339329932278,24.689353257006474,24.271894838633784,1.0639295450433894,1.0627585081225,1.065331,1.0646054999999999,1.0667324549566106,1.0664524918774998,1.0,1.0
-2332,90928,90952,1.0680422440649424,1.069339033633523,1.069339033633523,1.064582899099431,-5.516299843726092,2.4921865697964107,-0.002214781503797737,2024-04-23 07:45:00+00:00,2024-04-23 13:45:00+00:00,0 days 06:00:00,A_short,0.0009560798464331961,0.0012285845051133266,77.2954921867634,74.51283927473794,1.0634328410487708,1.0647296299900966,1.0654925,1.0666605,1.0675521589512291,1.0685913700099035,1.0,1.0
-2323,90953,91113,1.0700420610253876,1.071594301406136,1.071594301406136,1.0656970957815919,-6.093365039442784,2.487510634964215,-0.002451360238541092,2024-04-23 14:00:00+00:00,2024-04-25 06:00:00+00:00,1 days 16:00:00,A_short,0.0012607732377648941,0.00027754605049099066,70.6552432746434,78.81249897741894,1.0645018923112157,1.0702793156753458,1.066842,1.0707974999999998,1.0691821076887844,1.0713156843246538,1.0,0.0
2319,91140,91156,1.0692178456244394,1.0730771582764356,1.0677742805745214,1.0730771582764356,6.4657549829559535,2.4839910570230646,0.0026076679896952426,2024-04-25 12:45:00+00:00,2024-04-25 16:45:00+00:00,0 days 04:00:00,A_long,0.0010881306961789533,0.0008215146361371481,19.79682902694705,70.37601403841192,1.0700162624757674,1.0682828066653998,1.072083,1.0710054999999998,1.0741497375242324,1.0737281933346,1.0,1.0
-2313,91219,91231,1.0745616473559936,1.0722897951080137,1.0754500682973287,1.0722897951080137,2.7719605563678327,2.482833693209624,0.0011152701473169072,2024-04-26 08:30:00+00:00,2024-04-26 11:30:00+00:00,0 days 03:00:00,A_short,0.0006772715480706805,0.0006014379954437048,78.15553958797905,35.769494890610986,1.0714871211120902,1.0721169662085344,1.0730115,1.0734005,1.0745358788879098,1.0746840337914656,1.0,1.0
2329,91244,91244,1.0688478117621218,1.0676282944849753,1.0676282944849753,1.0720751165450741,-5.328182164199015,2.4879264257247447,-0.0021403938943360718,2024-04-26 14:45:00+00:00,2024-04-26 14:45:00+00:00,0 days 00:00:00,A_long,0.0009962317608511822,0.0009962317608511822,12.867360789826137,12.867360789826137,1.0685949451694363,1.0685949451694363,1.071513,1.071513,1.0744310548305636,1.0744310548305636,1.0,1.0
2326,91245,91290,1.068077741291893,1.0715664343390643,1.0667845218869785,1.0715664343390643,5.626293851461791,2.4884061762588034,0.0022646955983092725,2024-04-26 15:00:00+00:00,2024-04-29 02:15:00+00:00,2 days 11:15:00,A_long,0.001008734192737696,0.00034131828835877486,11.669366194858924,76.6145936438302,1.0679545607277177,1.0693923494878457,1.0712315000000001,1.0706339999999999,1.0745084392722826,1.071875650512154,1.0,0.0
2327,91318,91347,1.0698779060274923,1.0727192563022592,1.0688002478992469,1.0727192563022592,4.1189102910117725,2.492911798370666,0.0016544427019473593,2024-04-29 09:15:00+00:00,2024-04-29 16:30:00+00:00,0 days 07:15:00,A_long,0.0008715987394328475,0.0006195083834995389,42.637221013344444,68.05625524491694,1.0701632678994528,1.06940330680175,1.071925,1.071204,1.0736867321005472,1.07300469319825,1.0,1.0
-2326,91414,91415,1.0720218798162282,1.073032211420944,1.073032211420944,1.0693833657371676,-4.84472922067793,2.494697908108831,-0.0019429255032476715,2024-04-30 09:15:00+00:00,2024-04-30 09:30:00+00:00,0 days 00:15:00,A_short,0.0007654860262373765,0.0007700878894057146,77.89360612351996,79.97898560506061,1.0687873350902724,1.0685229821620388,1.0704094999999998,1.070541,1.0720316649097272,1.0725590178379611,1.0,1.0
-2319,91416,91427,1.0730617846356596,1.0703876835981394,1.0740841054672867,1.0703876835981394,3.7159106475922385,2.48532965841709,0.001493274969201697,2024-04-30 09:45:00+00:00,2024-04-30 12:30:00+00:00,0 days 02:45:00,A_short,0.0007527428374849492,0.000897376833740841,70.4070357344861,31.867921658855295,1.0684251645921174,1.0697174702260137,1.0706465,1.0719005,1.0728678354078827,1.0740835297739861,1.0,1.0
2334,91626,91635,1.0677377101751686,1.0711023823822736,1.066472539205909,1.0711023823822736,5.357118543368565,2.496026388014535,0.00214964043973837,2024-05-02 14:15:00+00:00,2024-05-02 16:30:00+00:00,0 days 02:15:00,A_long,0.0010079439068436218,0.0008138728383542607,40.848624243270116,69.1609472351222,1.068243906889459,1.0677638440443051,1.0697945,1.069726,1.071345093110541,1.0716881559556948,1.0,1.0
-2313,91716,91722,1.079451199824282,1.075171053114379,1.081022982295207,1.075171053114379,7.408158704481972,2.4918206355235615,0.002967096228115692,2024-05-03 12:45:00+00:00,2024-05-03 14:15:00+00:00,0 days 01:30:00,A_short,0.0013165983243162349,0.0016262879360170704,87.42957247593712,43.648791933412554,1.0718561160210651,1.0721151489336753,1.0749385,1.0759465,1.078020883978935,1.0797778510663245,1.0,1.0
-2324,91908,91911,1.0777413563231013,1.0784677402359104,1.0784677402359104,1.0759567792922684,-4.193631183569927,2.5055149702015718,-0.0016743242249187263,2024-05-07 12:45:00+00:00,2024-05-07 13:30:00+00:00,0 days 00:45:00,A_short,0.0005187012814908844,0.0005391427304994079,67.55600112107953,78.67324068265927,1.0753371586551368,1.0753106530915053,1.0764999999999998,1.0768195,1.0776628413448628,1.0783283469084948,1.0,1.0
-2324,92100,92106,1.0760515109915252,1.0771474704051347,1.0771474704051347,1.0731575887845957,-5.049026893611432,2.502017216382919,-0.0020190101329868983,2024-05-09 12:45:00+00:00,2024-05-09 14:15:00+00:00,0 days 01:30:00,A_short,0.0008043952925972687,0.0008017287021446302,75.66832327391958,79.12870655169013,1.0715237217932425,1.0712996812185367,1.0734015,1.0744505,1.0752792782067573,1.0776013187814633,1.0,1.0
-2307,92390,92466,1.0818809774312228,1.0832726078772468,1.0832726078772468,1.0781021763682594,-5.707996099630624,2.4975046606533198,-0.0022869495723577497,2024-05-14 13:15:00+00:00,2024-05-15 08:15:00+00:00,0 days 19:00:00,A_short,0.001074883466900548,0.00043276064425649984,71.74077830162913,68.40276327724871,1.0778202340891687,1.081931649518956,1.079625,1.0826280000000001,1.0814297659108314,1.0833243504810444,1.0,1.0
-2292,92484,92501,1.0862605765745976,1.0875595245445493,1.0875595245445493,1.0828014263663523,-5.468386583011768,2.4911978358825424,-0.0021963956641367632,2024-05-15 12:45:00+00:00,2024-05-15 17:00:00+00:00,0 days 04:15:00,A_short,0.000995101059952216,0.0008313395717094064,82.52771878660798,71.00999920229918,1.0810038453851551,1.0833573051650676,1.083135,1.0858595,1.0852661546148448,1.0883616948349324,1.0,1.0
2291,92660,92668,1.0843992348946607,1.0836729785618007,1.0836729785618007,1.0861810643145982,-4.147379979096759,2.4835267205143765,-0.0016693966404026017,2024-05-17 08:45:00+00:00,2024-05-17 10:45:00+00:00,0 days 02:00:00,A_long,0.0005021821498106747,0.0004193601301181166,28.84627471780145,26.303464583440302,1.0844481277914002,1.0831816561134329,1.085751,1.0851225,1.0870538722085996,1.0870633438865671,1.0,1.0
-2283,92683,92683,1.0861705848113778,1.0869544633428554,1.0869544633428554,1.084216609971434,-4.270216929831291,2.4806222424680575,-0.0017220509206475427,2024-05-17 14:30:00+00:00,2024-05-17 14:30:00+00:00,0 days 00:00:00,A_short,0.0006010013031732692,0.0006010013031732692,77.6133963821695,77.6133963821695,1.0829991123819471,1.0829991123819471,1.084712,1.084712,1.0864248876180527,1.0864248876180527,1.0,1.0
-2278,92684,92684,1.0868805198323357,1.0876912015638078,1.0876912015638078,1.0848063953085765,-4.323570174963743,2.4768371906702074,-0.001746252285819856,2024-05-17 14:45:00+00:00,2024-05-17 14:45:00+00:00,0 days 00:00:00,A_short,0.0006208677960835038,0.0006208677960835038,81.47251488810541,81.47251488810541,1.0827414939558533,1.0827414939558533,1.084871,1.084871,1.0870005060441466,1.0870005060441466,1.0,1.0
-2273,92685,92745,1.0875404594292826,1.0883850413553002,1.0883850413553002,1.085404875934099,-4.392674049479825,2.4729393316416783,-0.0017769864648752376,2024-05-17 15:00:00+00:00,2024-05-20 06:00:00+00:00,2 days 15:00:00,A_short,0.0006500854232723636,0.0002595126560790145,68.8089818414656,66.16963750740913,1.0827135239461327,1.087095880086224,1.0850104999999999,1.0877495,1.087307476053867,1.0884031199137758,1.0,0.0
2280,93451,93453,1.0821690308055572,1.0810451588034857,1.0810451588034857,1.0851445235895432,-5.028492340877157,2.466064176154309,-0.002038017198879049,2024-05-29 14:30:00+00:00,2024-05-29 15:00:00+00:00,0 days 00:30:00,A_long,0.0008294964197047598,0.0008282884219115835,22.310240801612508,20.2649669710149,1.0822239594118064,1.0813398592171568,1.0841795,1.083826,1.0861350405881938,1.086312140782843,1.0,1.0
-2278,93521,93524,1.080731082678967,1.0815312703127171,1.0815312703127171,1.0787661890618487,-4.285644249740544,2.462816820057528,-0.0017407834755548415,2024-05-30 08:00:00+00:00,2024-05-30 08:45:00+00:00,0 days 00:45:00,A_short,0.0006032507814067592,0.000634252434592816,60.763218875703764,73.55834958362261,1.0787327697338491,1.0784197140548957,1.079634,1.0798515,1.0805352302661508,1.0812832859451043,1.0,1.0
-2268,93622,93624,1.0840007834092948,1.084785789843388,1.084785789843388,1.0820826304698359,-4.239798566591629,2.4594039740685423,-0.0017245372414214084,2024-05-31 09:15:00+00:00,2024-05-31 09:45:00+00:00,0 days 00:30:00,A_short,0.0005454037757802487,0.0005299255026971531,78.72211515693382,82.26450686174262,1.0808067188923425,1.0807250769071335,1.0824289999999999,1.082708,1.0840512811076572,1.0846909230928665,1.0,1.0
-2256,93636,93645,1.0875704566836892,1.084933650572455,1.0885954498091817,1.084933650572455,3.4980499539596304,2.4505846329849303,0.0014257044663885461,2024-05-31 12:45:00+00:00,2024-05-31 15:00:00+00:00,0 days 02:15:00,A_short,0.0007758248621868042,0.0009188522969272437,89.61587443322676,38.69415608908958,1.0823525590515355,1.0839066750496338,1.084861,1.0860610000000002,1.0873694409484647,1.0882153249503665,1.0,1.0
2268,93714,93723,1.0836291644244322,1.0828160951730872,1.0828160951730872,1.0856317144807386,-4.300789986434173,2.456748924383587,-0.0017499454088161872,2024-06-03 08:15:00+00:00,2024-06-03 10:30:00+00:00,0 days 02:15:00,A_long,0.0005710423749926787,0.0005577669387761715,32.6542164475629,36.196930932917844,1.083823790981097,1.082538040477667,1.084941,1.0841809999999998,1.0860582090189028,1.0858239595223327,1.0,1.0
-2255,93738,93743,1.0878504310581516,1.08892123385292,1.08892123385292,1.08503629844124,-4.868970354389849,2.454310052187233,-0.0019848212268699763,2024-06-03 14:15:00+00:00,2024-06-03 15:30:00+00:00,0 days 01:15:00,A_short,0.0008267800048867187,0.0008116010513308713,82.92735581681853,78.05080127943182,1.081964961510683,1.0822853207361023,1.084563,1.0857635,1.0871610384893169,1.089241679263898,1.0,1.0
2260,94116,94121,1.083359139714092,1.081617356516856,1.081617356516856,1.0881879304494313,-6.38285346649421,2.446423440740971,-0.002606957694654014,2024-06-07 12:45:00+00:00,2024-06-07 14:00:00+00:00,0 days 01:15:00,A_long,0.0013970202933815859,0.0011394503845801177,13.538188534764132,13.444066817291414,1.0850111122875479,1.0804750093397835,1.088609,1.0869665,1.092206887712452,1.0934579906602164,1.0,1.0
2274,94202,94233,1.0738982739369978,1.0760982454905121,1.0730339181698294,1.0760982454905121,2.558189270102594,2.444546042589079,0.0010475603891944695,2024-06-10 10:15:00+00:00,2024-06-10 18:00:00+00:00,0 days 07:45:00,A_long,0.0006279479884565642,0.0004545697572889692,19.919920454330807,63.515764345924,1.073825378436766,1.0730984081377386,1.075338,1.0748075,1.0768506215632339,1.0765165918622612,1.0,0.0
2275,94293,94300,1.0746083389160397,1.0738230329469314,1.0738230329469314,1.0766109011592055,-4.230411765215529,2.4438406854941297,-0.001730418039483545,2024-06-11 09:00:00+00:00,2024-06-11 10:45:00+00:00,0 days 01:45:00,A_long,0.0006286984272160833,0.0006746311683982276,34.09089650456211,33.13228143105043,1.075169759733727,1.0735038695476744,1.0764575,1.0756225,1.077745240266273,1.0777411304523254,1.0,1.0
-2257,94404,94404,1.0813910222759138,1.0829445225435337,1.0829445225435337,1.0771664323693986,-5.948702766346887,2.442452662328747,-0.002437294175498747,2024-06-12 12:45:00+00:00,2024-06-12 12:45:00+00:00,0 days 00:00:00,A_short,0.0012445996147744524,0.0012445996147744524,95.40844959033467,95.40844959033467,1.0721417552803405,1.0721417552803405,1.07622,1.07622,1.0802982447196594,1.0802982447196594,1.0,1.0
-2249,94405,94410,1.0825409170281697,1.0841435195377291,1.0841435195377291,1.0781694413868121,-6.040689692917576,2.4364366489183533,-0.0024811484587722275,2024-06-12 13:00:00+00:00,2024-06-12 14:15:00+00:00,0 days 01:15:00,A_short,0.0012066529994712017,0.0013584657542487532,95.53624417040645,80.93779146526238,1.071642589368218,1.0715580333618748,1.076601,1.078707,1.0815594106317818,1.0858559666381253,1.0,1.0
2252,94496,94499,1.0786487086559404,1.0806553657211833,1.077834878092939,1.0806553657211833,2.0876153231782206,2.4313763877486414,0.000859413283133982,2024-06-13 11:45:00+00:00,2024-06-13 12:30:00+00:00,0 days 00:45:00,A_long,0.0005839213773218611,0.0009660311899188387,21.95490259038752,53.22214274257882,1.078551611593826,1.0782039118765108,1.080327,1.0800465,1.082102388406174,1.081889088123489,1.0,1.0
-2262,94793,94794,1.0747416308824336,1.0757595436119565,1.0757595436119565,1.0720813691641307,-4.734735422533946,2.4322168283531553,-0.0019475967587219846,2024-06-18 14:00:00+00:00,2024-06-18 14:15:00+00:00,0 days 00:15:00,A_short,0.0007654481641907756,0.0008753884089653363,76.41104821485227,81.94253376759785,1.0702449088603923,1.0700176813198035,1.0724325000000001,1.0726235000000002,1.074620091139608,1.0752293186801969,1.0,1.0
-2255,94795,94862,1.0756515475994362,1.0725986017277247,1.0768004660907584,1.0725986017277247,4.462240897342955,2.422152043366374,0.0018396485381014323,2024-06-18 14:30:00+00:00,2024-06-19 07:15:00+00:00,0 days 16:45:00,A_short,0.0009493366211032971,0.0005324235010674186,62.53113822317873,34.887746453683846,1.069998355807568,1.073060133394449,1.07273,1.0736645,1.0754616441924318,1.074268866605551,1.0,1.0
2272,95055,95055,1.0699179096882836,1.0691527569945871,1.0691527569945871,1.0718617290162389,-4.168411197430144,2.4299842773517413,-0.0017147932663099286,2024-06-21 07:30:00+00:00,2024-06-21 07:30:00+00:00,0 days 00:00:00,A_long,0.0008531199483538408,0.0008531199483538408,9.095750158033567,9.095750158033567,1.0695015288797,1.0695015288797,1.0713195,1.0713195,1.0731374711203,1.0731374711203,1.0,1.0
2272,95056,95151,1.0680977431222887,1.0710612318140735,1.0669662560619755,1.0710612318140735,4.302961712207507,2.430084595527708,0.0017731609457205596,2024-06-21 07:45:00+00:00,2024-06-24 07:30:00+00:00,2 days 23:45:00,A_long,0.0008127039552399725,0.0004989775068954732,8.565782808932525,76.61014656915465,1.068747882159009,1.0684964731237903,1.071124,1.069794,1.0735001178409909,1.0710915268762096,1.0,1.0
2269,95264,95268,1.0712280295791918,1.0705364491929121,1.0705364491929121,1.0729506524212635,-3.999027697635591,2.429831801166952,-0.0016452730669847338,2024-06-25 11:45:00+00:00,2024-06-25 12:45:00+00:00,0 days 01:00:00,A_long,0.0004985644717857404,0.0005612329852577402,16.935586137464824,23.17175370410432,1.0712121934530392,1.0703564117968754,1.072507,1.072169,1.073801806546961,1.0739815882031245,1.0,1.0
-2264,95460,95511,1.071611917339337,1.0687720167195203,1.0726759944268267,1.0687720167195203,4.006620389910518,2.422914613354626,0.0016514454758783114,2024-06-27 12:45:00+00:00,2024-06-28 01:30:00+00:00,0 days 12:45:00,A_short,0.0008462181971526281,0.00042357439169686604,75.18244107918743,23.570118217796832,1.0679471920979495,1.0691437366644847,1.0697255,1.0703035,1.0715038079020507,1.0714632633355154,1.0,0.0
-2270,95545,95555,1.0708019914703566,1.0715750943356543,1.0715750943356543,1.068914716993037,-4.18654149661571,2.4315979923898223,-0.0017223458892416008,2024-06-28 10:00:00+00:00,2024-06-28 12:30:00+00:00,0 days 02:30:00,A_short,0.00052967924241699,0.000826729022384881,67.37063669864165,51.63608406067289,1.068692292108575,1.069102183595754,1.0696904999999999,1.0701295000000002,1.0706887078914247,1.0711568164042464,1.0,1.0
2261,95661,95661,1.0731182025515713,1.0719990990821688,1.0719990990821688,1.0760427027534936,-4.955348053815932,2.4250551094969435,-0.0020423305792486015,2024-07-01 15:00:00+00:00,2024-07-01 15:00:00+00:00,0 days 00:00:00,A_long,0.000874095107322518,0.000874095107322518,21.384148949432557,21.384148949432557,1.0729873653444313,1.0729873653444313,1.074598,1.074598,1.0762086346555686,1.0762086346555686,1.0,1.0
2258,95662,95727,1.0724081375725294,1.071261085871213,1.071261085871213,1.0754567423863612,-5.010245294840299,2.420202553267985,-0.0020690688883253103,2024-07-01 15:15:00+00:00,2024-07-02 07:30:00+00:00,0 days 16:15:00,A_long,0.0008042157596795253,0.0005277929894503472,21.10420921188772,17.226282452482323,1.0725745689247417,1.0717968683899206,1.0744479999999998,1.0729015,1.076321431075258,1.0740061316100793,1.0,1.0
2256,95728,95746,1.0714580506287408,1.0732600547620215,1.0707266484126596,1.0732600547620215,1.6460793018004525,2.4192420228807796,0.0006809833386917903,2024-07-02 07:45:00+00:00,2024-07-02 12:15:00+00:00,0 days 04:30:00,A_long,0.0005587539241903134,0.0004957485425166811,32.01169177744171,65.1255486537487,1.0716522272682059,1.070871231280907,1.0728165,1.071831,1.0739807727317943,1.072790768719093,1.0,1.0
-2251,95752,95793,1.0742116793879157,1.0750776717488935,1.0750776717488935,1.0719669847533198,-4.368373969265349,2.419025164704479,-0.0018065685504852387,2024-07-02 13:45:00+00:00,2024-07-03 00:00:00+00:00,0 days 10:15:00,A_short,0.000646985151978613,0.00023880312956989683,78.29786869455219,69.96715117534838,1.070462998162358,1.0743020882343788,1.0723660000000002,1.0746605,1.0742690018376424,1.0750189117656213,1.0,0.0
-2240,95844,95846,1.0775213764574525,1.0783906869867619,1.0783906869867619,1.0753479390397147,-4.361877096710545,2.41462151105752,-0.0018071720928947322,2024-07-03 12:45:00+00:00,2024-07-03 13:15:00+00:00,0 days 00:30:00,A_short,0.0006093850459946493,0.0006317603234359764,71.92785018947129,78.31887351111835,1.0749715208932353,1.0746170831365691,1.0760725,1.076277,1.0771734791067646,1.0779369168634307,1.0,1.0
-2235,95847,95848,1.0782213123936082,1.0790681123881232,1.0790681123881232,1.076035662835631,-4.303368919934564,2.410770932193585,-0.0017857602004094733,2024-07-03 13:30:00+00:00,2024-07-03 13:45:00+00:00,0 days 00:15:00,A_short,0.0006021922803111825,0.0005938999762696894,80.64040275785759,81.78753161665468,1.074432990078019,1.0743295545015767,1.076398,1.076552,1.078363009921981,1.0787744454984232,1.0,1.0
-2224,95850,95863,1.0812910314278916,1.078255032074039,1.0824216559753204,1.078255032074039,4.350647340354215,2.4014152226141467,0.001809158002095385,2024-07-03 14:15:00+00:00,2024-07-03 17:30:00+00:00,0 days 03:15:00,A_short,0.000938973759953666,0.0006202689284813405,74.3363665919004,40.5002663577476,1.0737037864039733,1.077435367941324,1.077056,1.0794260000000002,1.0804082135960267,1.0814166320586764,1.0,1.0
-2211,96420,96525,1.0896202690681456,1.0910498489703757,1.0910498489703757,1.085730453088873,-5.571531979322421,2.4107308154915854,-0.00231265426386064,2024-07-11 12:45:00+00:00,2024-07-12 15:00:00+00:00,1 days 02:15:00,A_short,0.0011591131452713906,0.0006563513208624103,73.18439103698019,73.83909929675727,1.082523465274393,1.0880662778869918,1.0852735,1.0893495,1.088023534725607,1.090632722113008,1.0,1.0
2209,96708,96709,1.0884496055497592,1.0875113199346171,1.0875113199346171,1.090826040196149,-4.4760217660463635,2.403348842197494,-0.0018616076183525893,2024-07-16 12:45:00+00:00,2024-07-16 13:00:00+00:00,0 days 00:15:00,A_long,0.0007144911583321324,0.0007472256705545244,27.052107848185287,21.300904826629136,1.088632037897225,1.088050241814361,1.0897305,1.0896035,1.090828962102775,1.091156758185639,1.0,1.0
2207,96710,96735,1.087319502132411,1.0899000124139961,1.0863133291953346,1.0899000124139961,3.2926244571566547,2.40256173430196,0.0013720902838458904,2024-07-16 13:15:00+00:00,2024-07-16 19:30:00+00:00,0 days 06:15:00,A_long,0.0007595955811472481,0.00030713108717727396,32.604698312462006,74.401750246127,1.0877694637532551,1.0876842780267448,1.089504,1.0889165,1.091238536246745,1.0901487219732553,1.0,0.0
-2198,96788,96788,1.0931299478337269,1.0941166937733717,1.0941166937733717,1.0906099186798848,-4.5726516344656325,2.4037840591262016,-0.0019031307893184544,2024-07-17 08:45:00+00:00,2024-07-17 08:45:00+00:00,0 days 00:00:00,A_short,0.000817167725212927,0.000817167725212927,85.25435939669411,85.25435939669411,1.0887445898111017,1.0887445898111017,1.090817,1.090817,1.0928894101888982,1.0928894101888982,1.0,1.0
-2192,96789,96904,1.0940598627203337,1.0912181961892333,1.0951406012702556,1.0912181961892333,3.833868283607205,2.3950647525648856,0.001598657953959414,2024-07-17 09:00:00+00:00,2024-07-18 13:45:00+00:00,1 days 04:45:00,A_short,0.000780212028517868,0.0006136488414140252,81.55760747471459,19.816947555382114,1.0885076887310214,1.091405349936088,1.0909879999999998,1.0927215000000001,1.0934683112689783,1.0940376500639122,1.0,1.0
2203,96906,96922,1.0907998206212361,1.0899638052049294,1.0899638052049294,1.0928685843852115,-4.243853095971257,2.402111133847521,-0.001766041021277983,2024-07-18 14:15:00+00:00,2024-07-18 18:15:00+00:00,0 days 04:00:00,A_long,0.0006004740186620906,0.0004844458345791814,26.17413590404628,25.316759204394856,1.0907928789642396,1.0901561146191594,1.0925145,1.091046,1.0942361210357605,1.0919358853808405,1.0,0.0
2208,97178,97189,1.0860593868174913,1.0852414286777141,1.0852414286777141,1.088155713966858,-4.203167672934636,2.3971161003067065,-0.0017527665343448533,2024-07-23 10:15:00+00:00,2024-07-23 13:00:00+00:00,0 days 02:45:00,A_long,0.0005915237327621832,0.0005438935890257838,19.30159040938173,28.512210536864274,1.0859828175560378,1.0848719061473266,1.087693,1.0864635,1.0894031824439623,1.0880550938526734,1.0,1.0
2210,97264,97284,1.0833191360533012,1.085278457530598,1.0825338474898007,1.085278457530598,1.9338001239157787,2.3963003409102086,0.0008077238289103919,2024-07-24 07:45:00+00:00,2024-07-24 12:45:00+00:00,0 days 05:00:00,A_long,0.0005982212573662219,0.0005270453202761375,21.336662406150168,76.6322250233217,1.083408597236471,1.0828605287712232,1.0845,1.0841509999999999,1.085591402763529,1.0854414712287765,1.0,1.0
-2206,97285,97290,1.0857306250800798,1.0864524543843315,1.0864524543843315,1.0839226368470056,-3.9882733818284666,2.395917936649246,-0.001665165191274269,2024-07-24 13:00:00+00:00,2024-07-24 14:15:00+00:00,0 days 01:15:00,A_short,0.0005327726109060101,0.0006829658087521163,71.19882849376837,69.42480768823867,1.0828877627089624,1.0832377378279325,1.0842675,1.0848985,1.0856472372910375,1.0865592621720674,1.0,1.0
-2203,97362,97389,1.0854306525360131,1.086357436102735,1.086357436102735,1.083007691691795,-4.433928777124001,2.392224579635581,-0.001854266420741656,2024-07-25 08:15:00+00:00,2024-07-25 15:00:00+00:00,0 days 06:45:00,A_short,0.0007688149630864294,0.0007815314137175511,53.436460102422785,68.77130568129337,1.0830309250888606,1.0837760665780183,1.0840905,1.084835,1.0851500749111396,1.0858939334219817,1.0,1.0
2208,97668,97668,1.0813189530137464,1.0805818095733977,1.0805818095733977,1.0831345712798073,-4.014351158186131,2.386738441896207,-0.0016813668312897494,2024-07-30 12:45:00+00:00,2024-07-30 12:45:00+00:00,0 days 00:00:00,A_long,0.0006035819747684163,0.0006035819747684163,14.506676393699124,14.506676393699124,1.0810187644006284,1.0810187644006284,1.0827225,1.0827225,1.0844262355993717,1.0844262355993717,1.0,1.0
2207,97669,97719,1.0802888587483754,1.0823628951091666,1.0794657016302778,1.0823628951091666,2.1909120378843276,2.386486210381798,0.0009189305951119164,2024-07-30 13:00:00+00:00,2024-07-31 01:30:00+00:00,0 days 12:30:00,A_long,0.0006164377114659802,0.0003377880478338019,30.548156916227157,69.30558396262832,1.080763988116218,1.0810730540850058,1.0826464999999998,1.081674,1.0845290118837816,1.0822749459149943,1.0,0.0
2207,97746,97755,1.0808989145754397,1.0833937426915061,1.0799620857694978,1.0833937426915061,3.1177887048644326,2.3882969472940747,0.0013069508798497663,2024-07-31 08:15:00+00:00,2024-07-31 10:30:00+00:00,0 days 02:15:00,A_long,0.0007596047220292723,0.0005926527822270671,44.413849194610044,70.03498077796579,1.081280232593856,1.08108614486402,1.08214,1.0822319999999999,1.0829997674061442,1.0833778551359796,1.0,1.0
2210,97838,97839,1.081108933794593,1.080374558874848,1.080374558874848,1.0828763233754561,-4.011407832036271,2.3884392593997323,-0.0016789396603253673,2024-08-01 07:15:00+00:00,2024-08-01 07:30:00+00:00,0 days 00:15:00,A_long,0.0005130408126097443,0.0005273020375950908,21.28211935694256,18.84676465512868,1.0810008925357,1.0806777126198652,1.082527,1.082409,1.0840531074643,1.0841402873801347,1.0,1.0
2211,97842,97865,1.0784986949279738,1.0811188647096572,1.0775337117634476,1.0811188647096572,3.405738175122697,2.3874572121794015,0.0014282455872304148,2024-08-01 08:15:00+00:00,2024-08-01 14:00:00+00:00,0 days 05:45:00,A_long,0.0007206526152878359,0.000887807240544095,9.214538306966858,69.71038276932481,1.07884428829554,1.0776296236152831,1.0818154999999998,1.079111,1.0847867117044596,1.0805923763847167,1.0,1.0
-2207,97942,97949,1.082020964618454,1.0829297711844483,1.0829297711844483,1.0797306864466552,-4.394759228108025,2.3890231369585027,-0.0018403358151178276,2024-08-02 09:15:00+00:00,2024-08-02 11:00:00+00:00,0 days 01:45:00,A_short,0.0006322791887681655,0.0005855477288569322,81.04169508774599,79.65918660881944,1.078779241086251,1.0790588009870115,1.0803740000000002,1.081109,1.0819687589137494,1.0831591990129887,1.0,1.0
-2194,97956,97956,1.0863505683378176,1.087724218614263,1.087724218614263,1.0826673441572108,-5.398748747807698,2.3849600412864325,-0.0022650953952060866,2024-08-02 12:45:00+00:00,2024-08-02 12:45:00+00:00,0 days 00:00:00,A_short,0.0013597134436344855,0.0013597134436344855,90.80911615222035,90.80911615222035,1.0789066648038785,1.0789066648038785,1.0827445,1.0827445,1.0865823351961215,1.0865823351961215,1.0,1.0
-2184,97957,97961,1.0890003258104075,1.0907316561323614,1.0907316561323614,1.0842050316029155,-6.161492747428906,2.380267324281504,-0.0025906294479992806,2024-08-02 13:00:00+00:00,2024-08-02 14:00:00+00:00,0 days 01:00:00,A_short,0.0013050849844832217,0.0012353124393447332,90.89956293153733,90.34797824197665,1.0785591886353663,1.0782450955193403,1.0831745,1.0848995000000001,1.0877898113646336,1.09155390448066,1.0,1.0
-2159,98052,98052,1.098499456372522,1.1002001704028215,1.1002001704028215,1.093839488791536,-6.045337838520315,2.3734962471039838,-0.0025489897399980843,2024-08-05 12:45:00+00:00,2024-08-05 12:45:00+00:00,0 days 00:00:00,A_short,0.001487123068704411,0.001487123068704411,74.11961602762865,74.11961602762865,1.093257147912748,1.093257147912748,1.0958845,1.0958845,1.0985118520872519,1.0985118520872519,1.0,1.0
2166,98128,98133,1.0928400073215823,1.091805392578257,1.091805392578257,1.0955438222652294,-4.6069465021342015,2.365970968091526,-0.0019462477846946484,2024-08-06 07:45:00+00:00,2024-08-06 09:00:00+00:00,0 days 01:15:00,A_long,0.0007869942490367357,0.0008722525178042617,11.953533671488415,15.100294082180866,1.092855650150058,1.091670733468742,1.094628,1.093937,1.096400349849942,1.0962032665312578,1.0,1.0
-2162,98224,98251,1.0923300210495488,1.0930510294212268,1.0930510294212268,1.0906469117363193,-3.921217015126721,2.3623969155589086,-0.0016603946261319702,2024-08-07 07:45:00+00:00,2024-08-07 14:30:00+00:00,0 days 06:45:00,A_short,0.000538076804219331,0.000630197073934911,65.6008187643999,69.91755595518276,1.090615737048403,1.0910874526632204,1.091443,1.091972,1.0922702629515968,1.0928565473367795,1.0,1.0
2159,98330,98339,1.0923399615616936,1.0915544332379896,1.0915544332379896,1.0942967002860315,-4.0534696500630485,2.357513999186258,-0.0017187648416886023,2024-08-08 10:15:00+00:00,2024-08-08 12:30:00+00:00,0 days 02:15:00,A_long,0.0005711315503408749,0.0008729016706426113,39.23446485724943,24.92956101796119,1.0924684728026242,1.0913269755998019,1.09353,1.0929815,1.0945915271973756,1.0946360244001982,1.0,1.0
2158,98340,98340,1.0906598078084673,1.0895025179952287,1.0895025179952287,1.0936924460143136,-4.849826566511073,2.352395149542188,-0.0020605609192257735,2024-08-08 12:45:00+00:00,2024-08-08 12:45:00+00:00,0 days 00:00:00,A_long,0.0009498481145569233,0.0009498481145569233,21.014289096421138,21.014289096421138,1.0906583422847647,1.0906583422847647,1.092769,1.092769,1.0948796577152355,1.0948796577152355,1.0,1.0
2156,98341,98343,1.0898497336774475,1.0886001822625315,1.0886001822625315,1.0931594532124052,-5.042401859942206,2.3483690093832976,-0.002145962237375879,2024-08-08 13:00:00+00:00,2024-08-08 13:30:00+00:00,0 days 00:30:00,A_long,0.000973868365949314,0.001048994461535284,25.532747822298916,18.96357069324563,1.0902614923533966,1.0891970668658362,1.0925495,1.092076,1.0948375076466035,1.094954933134164,1.0,1.0
2153,98344,98396,1.0887396320904947,1.0924063800615271,1.0873712066461576,1.0924063800615271,5.546504699551088,2.3480036820816514,0.002366199308837435,2024-08-08 13:45:00+00:00,2024-08-09 02:45:00+00:00,0 days 13:00:00,A_long,0.0010597951999972268,0.00032638402675871155,28.505448491284668,65.11840830278817,1.088828449935804,1.0911109230389304,1.0918545,1.0916744999999999,1.0948805500641958,1.0922380769610693,1.0,0.0
-2148,98628,98630,1.0938598810242894,1.0947230084694846,1.0947230084694846,1.0917109745915468,-4.204535775595436,2.3505380233163136,-0.0017894603540163805,2024-08-13 12:45:00+00:00,2024-08-13 13:15:00+00:00,0 days 00:30:00,A_short,0.0006558394501831994,0.00075856385369317,73.63333749964792,82.77050479991736,1.091392896894992,1.091024641695828,1.0925895,1.092811,1.0937861031050082,1.094597358304172,1.0,1.0
-2141,98631,98643,1.0952997492358096,1.0963102766244317,1.0963102766244317,1.0926691701267046,-4.5096576717232235,2.3461185326833887,-0.0019230648076216366,2024-08-13 13:30:00+00:00,2024-08-13 16:30:00+00:00,0 days 03:00:00,A_short,0.0007480886732007493,0.0006203033281890408,84.77570531408081,75.17454976420215,1.090769665863341,1.0928098154059565,1.092977,1.0950004999999998,1.0951843341366592,1.0971911845940432,1.0,1.0
-2124,98709,98710,1.101819152526861,1.1025297112304846,1.1025297112304846,1.1000908663085462,-3.8502451798067767,2.341018493310301,-0.0016452183930049918,2024-08-14 09:00:00+00:00,2024-08-14 09:15:00+00:00,0 days 00:15:00,A_short,0.0005403469997944928,0.000553634066488557,90.80053394419599,92.11362113431946,1.0981381737692095,1.0980450026525654,1.1000005,1.1001675,1.1018628262307903,1.1022899973474345,1.0,1.0
-2117,98728,98819,1.1040189511833507,1.0997162260989088,1.105587924633697,1.0997162260989088,6.776215318610124,2.3326536851532715,0.002899277673059717,2024-08-14 13:45:00+00:00,2024-08-15 12:30:00+00:00,0 days 22:45:00,A_short,0.001165501124336786,0.0010325065982644687,65.48072209881943,10.250045451938817,1.1012384107979596,1.0986315278055492,1.1024154999999998,1.10083,1.10359258920204,1.1030284721944508,1.0,1.0
2138,98820,98918,1.09622031665843,1.0998270237537522,1.0948709920820825,1.0998270237537522,5.363565162898438,2.347574606900623,0.002288484702384867,2024-08-15 12:45:00+00:00,2024-08-16 13:15:00+00:00,1 days 00:30:00,A_long,0.001065505718495866,0.000482738516397172,9.460951765681784,67.7989924265417,1.0974075519940862,1.098083579270662,1.1005449999999999,1.0989429999999998,1.1036824480059135,1.0998024207293375,1.0,1.0
-2125,99018,99019,1.1052388395292223,1.1061006252582921,1.1061006252582921,1.1030181242251234,-4.180842855610077,2.349548181336734,-0.0017801179175911924,2024-08-19 14:15:00+00:00,2024-08-19 14:30:00+00:00,0 days 00:15:00,A_short,0.0007098960198777166,0.0008019098838940301,76.65231981665127,81.92966276764986,1.1025396997375454,1.1021406171254062,1.1038720000000002,1.10402,1.105204300262455,1.1058993828745938,1.0,1.0
-2119,99020,99033,1.1067986967583694,1.107872291860673,1.107872291860673,1.1040231244179814,-4.621391934223071,2.3464439124418752,-0.0019704853312537277,2024-08-19 14:45:00+00:00,2024-08-19 18:00:00+00:00,0 days 03:15:00,A_short,0.0008176552327081638,0.0004607383088892236,74.97216993226587,76.8301445845996,1.1020126030141937,1.1038567304354179,1.1041725,1.1064105,1.1063323969858063,1.108964269564582,1.0,0.0
-2109,99109,99115,1.1097184295206195,1.110601424197685,1.110601424197685,1.1075157274069456,-4.203563059676943,2.341327285745952,-0.0017960903873477916,2024-08-20 13:00:00+00:00,2024-08-20 14:30:00+00:00,0 days 01:30:00,A_short,0.0007184730316612805,0.0008789241095620087,74.52856724305605,73.98592226964874,1.1069478500903158,1.1067021466171647,1.1082420000000002,1.108929,1.1095361499096845,1.1111558533828354,1.0,1.0
2104,99306,99401,1.110571629967236,1.1141867654230528,1.1092177448589824,1.1141867654230528,5.26579916708824,2.340445831950584,0.0022535748173177954,2024-08-22 14:15:00+00:00,2024-08-23 14:00:00+00:00,0 days 23:45:00,A_long,0.0010545176018460273,0.001266041715684329,23.759079041762647,83.98120469654121,1.1110149775611369,1.1095829256204472,1.113243,1.1118735,1.115471022438863,1.1141640743795527,1.0,1.0
-2097,99402,99403,1.1164178163381107,1.1180492500588213,1.1180492500588213,1.1119722498235363,-5.763955231447349,2.342838719117183,-0.002462041731763937,2024-08-23 14:15:00+00:00,2024-08-23 14:30:00+00:00,0 days 00:15:00,A_short,0.0014172361535930795,0.0014469379997806805,85.01148882335623,86.48008440083636,1.1089064508013458,1.1083640345843833,1.1120975000000002,1.1123725,1.1152885491986546,1.1163809654156167,1.0,1.0
-2090,99404,99406,1.1175477129207623,1.119396325599737,1.119396325599737,1.1124510232007894,-6.201207019311122,2.337606520253922,-0.0026549959916076626,2024-08-23 14:45:00+00:00,2024-08-23 15:15:00+00:00,0 days 00:30:00,A_short,0.0014246795998099162,0.001359337121634998,84.17559557792146,87.88204821523169,1.1080907181719113,1.1074953826837404,1.112661,1.1134025,1.1172312818280885,1.1193096173162598,1.0,1.0
2095,99758,99761,1.1119517562645287,1.1112333241891406,1.1112333241891406,1.1137000274325783,-3.833901569713354,2.3287863717752186,-0.0016457769910474865,2024-08-29 07:15:00+00:00,2024-08-29 08:00:00+00:00,0 days 00:45:00,A_long,0.0006160436411762959,0.0011166067791597836,49.226703652118445,20.99098320490674,1.1124740008350371,1.110873533796487,1.1132294999999999,1.1129745,1.1139849991649626,1.115075466203513,1.0,1.0
2098,99762,99762,1.108841471638021,1.1074100718650082,1.1074100718650082,1.112769784404975,-5.327924592915691,2.324847869134678,-0.002290251230424205,2024-08-29 08:15:00+00:00,2024-08-29 08:15:00+00:00,0 days 00:00:00,A_long,0.001218392541938493,0.001218392541938493,18.760560001541606,18.760560001541606,1.109687704991489,1.109687704991489,1.112703,1.112703,1.115718295008511,1.115718295008511,1.0,1.0
2094,99763,99786,1.1080714011677921,1.1065079289496738,1.1065079289496738,1.1123562131509783,-5.592575383372847,2.318664558632987,-0.0024102795906133815,2024-08-29 08:30:00+00:00,2024-08-29 14:15:00+00:00,0 days 05:45:00,A_long,0.0011612735363467032,0.001067655080542716,19.37433316312074,24.045600336059962,1.108815736831474,1.106940546108399,1.112439,1.1088274999999999,1.116062263168526,1.1107144538916007,1.0,1.0
2093,99787,99890,1.1061912291106109,1.1047988139033487,1.1047988139033487,1.1099235582899538,-5.228126108813868,2.313801080014109,-0.0022581179121963814,2024-08-29 14:30:00+00:00,2024-08-30 16:15:00+00:00,1 days 01:45:00,A_long,0.0010999677364703436,0.0009275885631032775,34.65323825145087,27.28361793186484,1.106651212222866,1.1046942514685283,1.108715,1.1067620000000002,1.1107787877771338,1.1088297485314722,1.0,1.0
-2085,99954,100042,1.1075186308641298,1.105379439521198,1.108366853492934,1.105379439521198,2.153267711636171,2.306946238376704,0.0009324830110834441,2024-09-02 08:15:00+00:00,2024-09-03 06:15:00+00:00,0 days 22:00:00,A_short,0.0006247275226746072,0.0003589990087096974,67.39767063806578,42.04002387610021,1.1039773385204052,1.104977868490469,1.105692,1.105936,1.1074066614795945,1.106894131509531,1.0,0.0
2095,100054,100070,1.1037310039719583,1.106135164093366,1.102781611968878,1.106135164093366,2.7218806433008322,2.3148348110484274,0.0011771228974266671,2024-09-03 09:15:00+00:00,2024-09-03 13:15:00+00:00,0 days 04:00:00,A_long,0.0006588358002547079,0.000697884290183698,25.58119110077989,71.31555321679939,1.1040714708388188,1.102865906311528,1.105473,1.1042895,1.106874529161181,1.1057130936884718,1.0,1.0
-2093,100071,100077,1.106118758991818,1.1036976165553385,1.1070474611482204,1.1036976165553385,2.7548782825415072,2.3125728370100997,0.0011899574417358057,2024-09-03 13:30:00+00:00,2024-09-03 15:00:00+00:00,0 days 01:30:00,A_short,0.0007021663848258875,0.0010593807175440734,62.01389834472539,42.0745435388369,1.1028185395216707,1.1028102161543005,1.1043115000000001,1.1044785000000001,1.1058044604783295,1.1061467838456998,1.0,1.0
-2092,100171,100171,1.1077386107297786,1.1091157710496546,1.1091157710496546,1.1040126868510358,-5.199849072521886,2.3188296833412876,-0.002243839373918849,2024-09-04 14:30:00+00:00,2024-09-04 14:30:00+00:00,0 days 00:00:00,A_short,0.0011080568691950437,0.0011080568691950437,80.89361789826478,80.89361789826478,1.1034539430474115,1.1034539430474115,1.1055169999999999,1.1055169999999999,1.1075800569525882,1.1075800569525882,1.0,1.0
-2086,100172,100242,1.1085685347683634,1.1099996682430342,1.1099996682430342,1.1046809952708976,-5.299311063904243,2.313966635740888,-0.0022916197749625676,2024-09-04 14:45:00+00:00,2024-09-05 08:15:00+00:00,0 days 17:30:00,A_short,0.001116315953302357,0.0005878640682256608,82.15347393385657,81.5761103216403,1.1031487517777827,1.1070706370599799,1.1057005,1.1082015,1.1082522482222172,1.1093323629400202,1.0,1.0
-2079,100243,100254,1.1096984313510148,1.1104854368818708,1.1104854368818708,1.1076636893543874,-3.9440656296778926,2.3078811310280845,-0.0017095612748257375,2024-09-05 08:30:00+00:00,2024-09-05 11:15:00+00:00,0 days 02:45:00,A_short,0.0005948155257955693,0.00047221376672786043,75.40832003266033,81.92673655822155,1.107035067881694,1.108015608335609,1.1082965,1.1093725,1.109557932118306,1.1107293916643912,1.0,1.0
-2072,100259,100260,1.1113682785129866,1.108783108096603,1.1123656306344656,1.108783108096603,3.056396266219095,2.300076836527535,0.0013272780513876273,2024-09-05 12:30:00+00:00,2024-09-05 12:45:00+00:00,0 days 00:15:00,A_short,0.0008495110137806506,0.0009162428786098921,52.24382467797528,44.49630274685491,1.108712718889486,1.1088212776040278,1.1098205,1.1098459999999999,1.1109282811105141,1.110870722395972,1.0,1.0
-2071,100356,100359,1.1133181000494208,1.1080821002763859,1.1151726332412046,1.1080821002763859,8.543495622517916,2.300259907437373,0.0037054096872123883,2024-09-06 12:45:00+00:00,2024-09-06 13:30:00+00:00,0 days 00:45:00,A_short,0.0015229017853145366,0.0018109082140254677,58.272168990249725,27.61286052220973,1.1098015581214908,1.108645351602726,1.111163,1.1108084999999999,1.112524441878509,1.1129716483972738,1.0,1.0
2090,100360,100434,1.107461345340728,1.1052169101431695,1.1052169101431695,1.113909269570492,-7.003118339878084,2.312248776980673,-0.0030256354674569547,2024-09-06 13:45:00+00:00,2024-09-09 08:15:00+00:00,2 days 18:30:00,A_long,0.001810787118822084,0.0006191475023203513,35.797887031663294,18.613617138070623,1.1082648957063244,1.10500285815715,1.110638,1.1068315,1.1130111042936757,1.1086601418428499,1.0,1.0
2094,100553,100611,1.10206085113393,1.104499087223182,1.1011136375922728,1.104499087223182,2.7953981154335112,2.3102682554598966,0.0012113270503165006,2024-09-10 14:00:00+00:00,2024-09-11 04:30:00+00:00,0 days 14:30:00,A_long,0.0006845950722474503,0.0004190010592176335,31.71907564709673,75.27885061500788,1.1021854211762947,1.10144292611089,1.1033145,1.1032615,1.1044435788237053,1.1050800738891098,1.0,0.0
2099,100644,100748,1.1009807522925705,1.1043250351412646,1.0997183216195785,1.1043250351412646,4.705181275496971,2.3144684239118103,0.0020360301034412736,2024-09-11 12:45:00+00:00,2024-09-12 14:45:00+00:00,1 days 02:00:00,A_long,0.0010757677191933438,0.0009119626897108855,27.53566669345149,72.10449497150901,1.1021382950577117,1.100764073174725,1.1041919999999998,1.1026500000000001,1.106245704942288,1.1045359268252752,1.0,1.0
-2094,100761,100767,1.1055288129884866,1.1065946316498447,1.1065946316498447,1.1027761050504656,-4.54791752342026,2.316093246536333,-0.0019645624412140965,2024-09-12 18:00:00+00:00,2024-09-12 19:30:00+00:00,0 days 01:30:00,A_short,0.0007601228582211764,0.0005981219110599491,72.04195021811519,81.44403353550531,1.1029785828479788,1.102788214365614,1.1041630000000002,1.104927,1.1053474171520217,1.107065785634386,0.0,0.0
-2069,101204,101208,1.1167677843061885,1.1178537881061497,1.1178537881061497,1.1139186356815511,-4.558657878780194,2.311716016660564,-0.001972938884099458,2024-09-19 08:45:00+00:00,2024-09-19 09:45:00+00:00,0 days 01:00:00,A_short,0.0008118469655524585,0.0007640067394201482,75.4664251333185,79.33559694690462,1.1107412982942582,1.111530740465289,1.11376,1.114883,1.116778701705742,1.1182352595347111,1.0,1.0
2072,101220,101223,1.1133418834770192,1.1120530078055795,1.1120530078055795,1.1167609765832613,-4.976059498591955,2.3055091073687723,-0.002157085036252183,2024-09-19 12:45:00+00:00,2024-09-19 13:30:00+00:00,0 days 00:45:00,A_long,0.0009500499181925469,0.0010827317541537847,21.63130687140371,26.351869330173386,1.1134177799574563,1.1121128024055582,1.1161145,1.1156675,1.1188112200425435,1.1192221975944419,1.0,1.0
2065,101322,101330,1.1143219731664011,1.1169366376891035,1.1133277874369656,1.1169366376891035,3.095507723671971,2.3037745157083087,0.0013452442412267007,2024-09-20 14:15:00+00:00,2024-09-20 16:15:00+00:00,0 days 02:00:00,A_long,0.000763597962191551,0.0009144771648117502,29.165580219820242,65.42758837889534,1.1144582835017645,1.113508561063381,1.116019,1.115787,1.1175797164982357,1.1180654389366191,1.0,1.0
2069,101390,101390,1.1139019347280945,1.1130478698061659,1.1130478698061659,1.116056390581502,-4.070839896261033,2.3037795727906927,-0.0017663492295451125,2024-09-23 07:15:00+00:00,2024-09-23 07:15:00+00:00,0 days 00:00:00,A_long,0.0008485384733245008,0.0008485384733245008,9.06093259461258,9.06093259461258,1.1140326962455875,1.1140326962455875,1.1159435,1.1159435,1.1178543037544124,1.1178543037544124,1.0,1.0
2067,101391,101391,1.1126818230739661,1.1115717538320105,1.1115717538320105,1.1156447385039685,-4.593279194854694,2.2987660717323264,-0.0019971531702292528,2024-09-23 07:30:00+00:00,2024-09-23 07:30:00+00:00,0 days 00:00:00,A_long,0.0010007333435478921,0.0010007333435478921,6.446662215443325,6.446662215443325,1.1128552136722067,1.1128552136722067,1.1156895,1.1156895,1.1185237863277933,1.1185237863277933,1.0,1.0
2066,101392,101392,1.1112216894550913,1.1099191199877427,1.1099191199877427,1.1147226400367722,-4.985546975696499,2.2944384561544475,-0.0021716097651524936,2024-09-23 07:45:00+00:00,2024-09-23 07:45:00+00:00,0 days 00:00:00,A_long,0.0010593022310748542,0.0010593022310748542,5.296434674519972,5.296434674519972,1.111671831543282,1.111671831543282,1.1153849999999998,1.1153849999999998,1.1190981684567176,1.1190981684567176,1.0,1.0
2064,101393,101393,1.1102215979353138,1.1088588373227102,1.1088588373227102,1.1139434880318697,-5.10282891360022,2.2900910091862805,-0.002226853481170233,2024-09-23 08:00:00+00:00,2024-09-23 08:00:00+00:00,0 days 00:00:00,A_long,0.001166061933598233,0.001166061933598233,4.0991868661404425,4.0991868661404425,1.1103119646608182,1.1103119646608182,1.114995,1.114995,1.1196780353391818,1.1196780353391818,1.0,1.0
2062,101394,101413,1.1088114688924278,1.112877822960954,1.1072807256796822,1.112877822960954,6.094260429400144,2.2905616599008365,0.0026654751556201813,2024-09-23 08:15:00+00:00,2024-09-23 13:00:00+00:00,0 days 04:45:00,A_long,0.0011399203424517907,0.0007477227930397768,12.901112765277517,61.5268569962025,1.109384373610461,1.1091364752373891,1.1146369999999999,1.1111099999999998,1.1198896263895388,1.1130835247626105,1.0,1.0
-2058,101490,101492,1.1135680771694763,1.1144746890685615,1.1144746890685615,1.1112959327943155,-4.15846329477639,2.292656006458941,-0.001814557478461791,2024-09-24 08:15:00+00:00,2024-09-24 08:45:00+00:00,0 days 00:30:00,A_short,0.0006512754384055977,0.0006415357737357497,79.81942222145763,75.0543570916167,1.1101657371339324,1.1099854995902723,1.1118145,1.112107,1.1134632628660674,1.1142285004097277,1.0,1.0
-2051,101514,101530,1.1154079087730857,1.1165938544241238,1.1165938544241238,1.1122984367276287,-4.7212923384379515,2.2889178081587387,-0.0020637710334766193,2024-09-24 14:15:00+00:00,2024-09-24 18:15:00+00:00,0 days 04:00:00,A_short,0.0008995615285337663,0.0005871376181378702,73.22196785809935,68.4840097203097,1.1118870850094704,1.1139863650425157,1.1136825,1.1154600000000001,1.1154779149905294,1.1169336349574845,1.0,0.0
2046,101615,101616,1.1158221104460673,1.1145143667653767,1.1145143667653767,1.11933689970387,-4.957277786880136,2.2816342161873076,-0.002171414149812554,2024-09-25 15:30:00+00:00,2024-09-25 15:45:00+00:00,0 days 00:15:00,A_long,0.000944068447227887,0.0010355259875975049,18.365008196553603,13.119278268962631,1.1158117376730303,1.1150230321925727,1.1186479999999999,1.1184285,1.1214842623269694,1.1218339678074274,1.0,1.0
2044,101617,101621,1.1144019804879834,1.113077368814883,1.113077368814883,1.118047893555351,-4.983990154804943,2.2764838949875297,-0.0021880357271836055,2024-09-25 16:00:00+00:00,2024-09-25 17:00:00+00:00,0 days 01:00:00,A_long,0.0009787891892511708,0.0008685791216632814,12.890654208320797,8.986270340734379,1.1143448787953367,1.1118560528588686,1.118202,1.1170705,1.1220591212046631,1.1222849471411316,1.0,1.0
2041,101774,101774,1.1138219274065124,1.1125402377854368,1.1125402377854368,1.1172192866436896,-4.887931106193817,2.272002589578384,-0.0021501378674129226,2024-09-27 07:15:00+00:00,2024-09-27 07:15:00+00:00,0 days 00:00:00,A_long,0.001019494932740059,0.001019494932740059,18.543414144083485,18.543414144083485,1.1141105077932554,1.1141105077932554,1.1162285,1.1162285,1.1183464922067448,1.1183464922067448,1.0,1.0
2038,101775,101787,1.113171867918657,1.1167401817578642,1.111846606080712,1.1167401817578642,4.9999432256836585,2.2722803786203754,0.0022039344373262337,2024-09-27 07:30:00+00:00,2024-09-27 10:30:00+00:00,0 days 03:00:00,A_long,0.0010022289417080587,0.0008250550898387574,23.90227654374192,68.28810265705879,1.1136224406499518,1.1123959395160274,1.1160655,1.1149419999999999,1.1185085593500481,1.1174880604839723,1.0,1.0
-2030,101797,101807,1.1198675005948784,1.1159619221466082,1.1213060259511305,1.1159619221466082,5.6589573859059366,2.269366864082609,0.0024892799687629974,2024-09-27 13:00:00+00:00,2024-09-27 15:30:00+00:00,0 days 02:30:00,A_short,0.0011209076313720978,0.001091809616028313,76.38270823139166,35.80888073279655,1.1128228341240407,1.1147521546207686,1.1160625,1.117407,1.1193021658759592,1.1200618453792315,1.0,1.0
-2038,101874,101875,1.1182876451961268,1.119235748396413,1.119235748396413,1.1158127548107606,-4.212270660254207,2.280036338070798,-0.001848240840325243,2024-09-30 08:15:00+00:00,2024-09-30 08:30:00+00:00,0 days 00:15:00,A_short,0.0007540405085205837,0.0007908351073845174,79.96029393855781,84.21141643390746,1.1150448880496864,1.1147355464968407,1.1166025,1.116803,1.1181601119503135,1.1188704535031593,1.0,1.0
-2031,101876,101876,1.119757510662054,1.1208090021288615,1.1208090021288615,1.1170129936134159,-4.410874462824976,2.275295293739175,-0.0019395044931815447,2024-09-30 08:45:00+00:00,2024-09-30 08:45:00+00:00,0 days 00:00:00,A_short,0.0008827237597332386,0.0008827237597332386,86.64676007679763,86.64676007679763,1.1144569870838943,1.1144569870838943,1.1170405,1.1170405,1.119624012916106,1.119624012916106,1.0,1.0
-2026,101877,101893,1.1204574465982098,1.1173821944649602,1.12161926851168,1.1173821944649602,3.9635292655665983,2.266931556396991,0.0017460121476790655,2024-09-30 09:00:00+00:00,2024-09-30 13:00:00+00:00,0 days 04:00:00,A_short,0.000965027258435481,0.0008852590389290716,69.25079086280029,35.568160436272635,1.1144557577163394,1.118127387702288,1.1172145,1.1192405,1.1199732422836606,1.1203536122977122,1.0,1.0
2041,101899,101913,1.1146320015375322,1.1132066582607942,1.1132066582607942,1.1184200252176169,-5.1826349801463145,2.273509352324192,-0.002278117444263638,2024-09-30 14:30:00+00:00,2024-09-30 18:00:00+00:00,0 days 03:30:00,A_long,0.0010666357005374317,0.001169870834612649,17.74337180441367,24.25383421944008,1.1151740498545126,1.1129262643898714,1.1182155,1.1152395,1.1212569501454874,1.1175527356101285,1.0,0.0
2042,101966,101969,1.1114617114198377,1.110407493829377,1.110407493829377,1.1140975185118684,-4.421240778280093,2.268528458559448,-0.001948022294280748,2024-10-01 07:15:00+00:00,2024-10-01 08:00:00+00:00,0 days 00:45:00,A_long,0.0008475877898942624,0.0009552801109326617,33.92638743759758,24.984289234059162,1.112187704367929,1.111074958632012,1.1135730000000001,1.11319,1.1149582956320714,1.1153050413679877,1.0,1.0
2040,101970,101976,1.1105016235608516,1.1092536638668808,1.1092536638668808,1.1138390083993577,-4.809988168876586,2.264150393176287,-0.0021232182715088545,2024-10-01 08:15:00+00:00,2024-10-01 09:45:00+00:00,0 days 01:30:00,A_long,0.0009759094294749661,0.0009660450517311312,35.209465545872675,30.28324059829481,1.1107824509243445,1.1089090865739277,1.113062,1.1120235,1.1153415490756555,1.1151379134260724,1.0,1.0
2045,102084,102090,1.1054611623011732,1.104432342045392,1.104432342045392,1.1081429738638233,-4.363553531266722,2.259616108194363,-0.0019302053122451253,2024-10-02 12:45:00+00:00,2024-10-02 14:15:00+00:00,0 days 01:30:00,A_long,0.0007486418561056869,0.0008357629654937704,29.719206558761655,24.622494082944343,1.1056079518659085,1.1043006004420965,1.1069245,1.106303,1.1082410481340916,1.1083053995579035,1.0,1.0
2048,102188,102275,1.101440794391668,1.1000020479433434,1.1000020479433434,1.1053138561699694,-5.200830196719699,2.2542774705510515,-0.0023055872657182504,2024-10-03 14:45:00+00:00,2024-10-04 12:30:00+00:00,0 days 21:45:00,A_long,0.001080409818696372,0.001316499885176869,30.452131580942037,11.649143817525228,1.1018907190806229,1.099838976705949,1.1034905,1.1025165,1.105090280919377,1.1051940232940507,1.0,1.0
2052,102276,102290,1.0969003788918785,1.0952302001377878,1.0952302001377878,1.1015493995866368,-5.676332777478556,2.2491259740844374,-0.002521873541879936,2024-10-04 12:45:00+00:00,2024-10-04 16:15:00+00:00,0 days 03:30:00,A_long,0.0012662999004866117,0.0009205704422424655,10.572432893008937,25.900637219617437,1.0983095430025314,1.0925410146246788,1.1021815,1.0979175,1.1060534569974685,1.1032939853753214,1.0,1.0
-2042,102449,102467,1.0994193721743268,1.0976076922157885,1.1001441025947372,1.0976076922157885,1.4562858425930445,2.2431646327423076,0.0006486755139968993,2024-10-08 08:00:00+00:00,2024-10-08 12:30:00+00:00,0 days 04:30:00,A_short,0.0005432963184212794,0.0006321520692920309,61.24134272598097,34.23831147073567,1.0978165724560836,1.0976595797106097,1.098536,1.0986695,1.0992554275439164,1.0996794202893903,1.0,1.0
2051,102542,102554,1.095240226969048,1.0970153901729935,1.0945148699423355,1.0970153901729935,1.3927015959131612,2.248158135379164,0.0006199876325339111,2024-10-09 07:15:00+00:00,2024-10-09 10:15:00+00:00,0 days 03:00:00,A_long,0.000571482819424311,0.0005154194124712677,37.117437545126414,56.46249361090103,1.0956669742302612,1.0952339494847183,1.0966515000000001,1.0962904999999998,1.097636025769739,1.0973470505152814,1.0,1.0
2061,102677,102709,1.0906898105540606,1.0937850864486138,1.0895249711837953,1.0937850864486138,4.128262237313041,2.2511013813612557,0.0018364877224207933,2024-10-10 17:00:00+00:00,2024-10-11 01:00:00+00:00,0 days 08:00:00,A_long,0.0008905208117032865,0.0003035634363490686,21.924302618795394,64.1116135958631,1.0905483672128038,1.0930662955266608,1.0927539999999998,1.093413,1.0949596327871958,1.0937597044733391,1.0,0.0
-2056,102740,102748,1.095039773030952,1.0932265732845141,1.0957644755718285,1.0932265732845141,1.478400874664021,2.2495378040122995,0.0006566579506877711,2024-10-11 08:45:00+00:00,2024-10-11 10:45:00+00:00,0 days 02:00:00,A_short,0.0005142323574318504,0.00046703545490142537,70.06722295535741,38.28164765433151,1.0928981083349119,1.0929521217483917,1.093955,1.0940825,1.0950118916650882,1.0952128782516084,1.0,1.0
-2065,102932,102952,1.0908101601596105,1.0916591892790217,1.0916591892790217,1.0887424321629346,-4.006644734879525,2.253399603295388,-0.001778736452039182,2024-10-15 08:45:00+00:00,2024-10-15 13:45:00+00:00,0 days 05:00:00,A_short,0.0006213033681823662,0.0006308818295573265,71.88722618348044,54.01322837036584,1.088144174417563,1.0899319466650101,1.0895065000000002,1.090785,1.0908688255824373,1.0916380533349896,1.0,1.0
2068,103051,103056,1.0876395314187395,1.0866927118435987,1.0866927118435987,1.090121864469204,-4.206282420924341,2.2482595395332576,-0.001870091733534866,2024-10-16 14:30:00+00:00,2024-10-16 15:45:00+00:00,0 days 01:15:00,A_long,0.0007084858907341969,0.0006716557324488522,30.451809321464864,30.071254466378406,1.0879190574747244,1.0869208335422822,1.0890435,1.0886,1.0901679425252757,1.0902791664577178,1.0,1.0
2075,103142,103237,1.082079022568777,1.086194950465473,1.080575016511509,1.086194950465473,6.290966138621196,2.2495842470230345,0.002801820243203375,2024-10-17 13:15:00+00:00,2024-10-18 13:00:00+00:00,0 days 23:45:00,A_long,0.0012453769639102848,0.0005601067166094663,14.492139829009403,74.73186523375047,1.0825444159424125,1.0832430287351673,1.0854115,1.0845525,1.0882785840575875,1.0858619712648327,1.0,1.0
2079,103342,103343,1.083149120494939,1.0824065228821131,1.0824065228821131,1.0849804313536608,-3.7949555283555183,2.2510950912904457,-0.001685248503622845,2024-10-21 15:15:00+00:00,2024-10-21 15:30:00+00:00,0 days 00:15:00,A_long,0.0005500668073627202,0.000526057899714355,12.632700081889311,11.50662601437348,1.0829746360344703,1.0825594780397967,1.0847315,1.0846085,1.0864883639655296,1.0866575219602035,1.0,1.0
2081,103432,103457,1.0803188614939687,1.079374844562582,1.079374844562582,1.0827954663122543,-4.211660535367757,2.247161301151841,-0.0018733948434597465,2024-10-22 13:45:00+00:00,2024-10-22 20:00:00+00:00,0 days 06:15:00,A_long,0.0007002789270241441,0.0004148465565312063,36.01502289926409,31.15779354171221,1.0805301553257045,1.079406023659417,1.0819505,1.080336,1.0833708446742956,1.081265976340583,1.0,0.0
2084,103521,103527,1.0764185045668369,1.078123680953867,1.0757054396820445,1.078123680953867,1.3085546332582814,2.2450329573125734,0.0005833282237400546,2024-10-23 12:00:00+00:00,2024-10-23 13:30:00+00:00,0 days 01:30:00,A_long,0.0005219602296347007,0.0005752163567883802,20.069509501597437,58.1975063660414,1.0766678501636313,1.0762401425566335,1.077976,1.0776824999999999,1.0792841498363688,1.0791248574433663,1.0,1.0
2084,103599,103599,1.0774485988322076,1.0793562044683314,1.0765879318438896,1.0793562044683314,1.7280595406428358,2.2473906050391617,0.0007695988795866626,2024-10-24 07:30:00+00:00,2024-10-24 07:30:00+00:00,0 days 00:00:00,A_long,0.0008358270016353772,0.0008358270016353772,60.085630158591925,60.085630158591925,1.077930796814522,1.077930796814522,1.078834,1.078834,1.0797372031854782,1.0797372031854782,1.0,1.0
-2077,103638,103640,1.081660997565574,1.082424221569829,1.082424221569829,1.0798073352905126,-3.832618756909735,2.2474025000721163,-0.0017059565039099951,2024-10-24 17:15:00+00:00,2024-10-24 17:45:00+00:00,0 days 00:30:00,A_short,0.0005511600226543431,0.0005184268614603608,75.13119242627506,69.98509117748263,1.0791035492398553,1.079111339860097,1.0804135000000001,1.080678,1.081723450760145,1.082244660139903,1.0,1.0
-2070,103699,103727,1.083220854794721,1.081332656239857,1.0839824479200477,1.081332656239857,1.6682581246476826,2.2403128839207884,0.0007440050621066077,2024-10-25 08:30:00+00:00,2024-10-25 15:30:00+00:00,0 days 07:00:00,A_short,0.0005917679422566374,0.0007696633501588653,53.364815543702136,30.379007364272027,1.0814808891225656,1.0815205522666367,1.0822340000000001,1.082824,1.0829871108774347,1.0841274477333633,1.0,1.0
-2075,103795,103796,1.0813210286822983,1.082053002753458,1.082053002753458,1.0794809917396258,-3.7633467552711175,2.244500557614597,-0.0016772642339970031,2024-10-28 08:30:00+00:00,2024-10-28 08:45:00+00:00,0 days 00:15:00,A_short,0.0005297242108309027,0.0005790943160534655,81.37921091409603,85.53476613129928,1.077455860423254,1.0774129359430984,1.0793760000000001,1.0795575000000002,1.0812961395767462,1.081702064056902,1.0,1.0
2079,103908,103913,1.0777886299489319,1.08023602290334,1.07685465903222,1.08023602290334,2.8448633255747353,2.2432666266399366,0.001269618726676481,2024-10-29 12:45:00+00:00,2024-10-29 14:00:00+00:00,0 days 01:15:00,A_long,0.0007451906989522389,0.0009988804348129354,13.59325803911085,47.820180320852934,1.0778836596377208,1.0767556973846046,1.0806555,1.0797675,1.0834273403622792,1.0827793026153953,1.0,1.0
-2070,103986,103987,1.083700810865228,1.084463083610767,1.084463083610767,1.0817707491676993,-3.8219542140483274,2.244049630782655,-0.0017037494798058958,2024-10-30 08:15:00+00:00,2024-10-30 08:30:00+00:00,0 days 00:15:00,A_short,0.0005727826077760954,0.0005844115934059633,83.28753539830024,75.60093863264103,1.0804812456085637,1.0803803308108264,1.0820105,1.082141,1.0835397543914362,1.0839016691891736,1.0,1.0
-2060,104091,104099,1.0872804832244247,1.088093185368482,1.088093185368482,1.0852004438945535,-3.9148012954088878,2.240634878650694,-0.0017478369267865186,2024-10-31 10:30:00+00:00,2024-10-31 12:30:00+00:00,0 days 02:00:00,A_short,0.0006249672105704574,0.0008005700267603116,67.45664395704472,77.05618689711736,1.0844140305125087,1.0851287440099913,1.085807,1.0864585000000002,1.0871999694874912,1.0877882559900092,1.0,1.0
-2051,104196,104201,1.0898402489337944,1.0858833840784887,1.0913055386405037,1.0858833840784887,5.884325232577821,2.2312045856540963,0.0026324987002510373,2024-11-01 12:45:00+00:00,2024-11-01 14:00:00+00:00,0 days 01:15:00,A_short,0.00122300012925278,0.0012860135861605202,62.65689428447421,45.85672388706232,1.084350890471599,1.0844675797297105,1.0864280000000002,1.0866625,1.0885051095284013,1.0888574202702896,1.0,1.0
-2054,104285,104301,1.0912301217213038,1.0893044523785738,1.0920185158738087,1.0893044523785738,1.7159158223670206,2.2394090076005746,0.0007655599300744908,2024-11-04 12:00:00+00:00,2024-11-04 16:00:00+00:00,0 days 04:00:00,A_short,0.0006473725755285955,0.0007973361911876753,53.60542643215323,35.62726868903289,1.0886792687359834,1.0893373691229824,1.089842,1.0902924999999999,1.0910047312640165,1.0912476308770174,1.0,1.0
-2085,104554,104554,1.0759515201435028,1.0768707553381598,1.0768707553381598,1.0735877339855204,-4.1609226030494275,2.2443172221896335,-0.0018547734679825799,2024-11-07 07:15:00+00:00,2024-11-07 07:15:00+00:00,0 days 00:00:00,A_short,0.0007274344108931946,0.0007274344108931946,81.62074896850966,81.62074896850966,1.0727188230576497,1.0727188230576497,1.0742865,1.0742865,1.0758541769423502,1.0758541769423502,1.0,1.0
-2080,104555,104576,1.0763514835355918,1.0773229212930717,1.0773229212930717,1.0738312361207845,-4.260411916579953,2.23982138102181,-0.0019029796411541772,2024-11-07 07:30:00+00:00,2024-11-07 12:45:00+00:00,0 days 05:15:00,A_short,0.0007517764894407642,0.0007994536727685884,73.03073352081152,68.45988196278108,1.0727295277629132,1.0747776792876023,1.0744225,1.07605,1.076115472237087,1.0773223207123976,1.0,1.0
-2071,104578,104583,1.0791112309410062,1.0803206318196794,1.0803206318196794,1.0757981045409621,-4.740760913620807,2.2360916938886897,-0.002121298291055153,2024-11-07 13:15:00+00:00,2024-11-07 14:30:00+00:00,0 days 01:15:00,A_short,0.0009379007586572697,0.001317461921164297,68.68090518494716,75.02508806034126,1.0741875817562896,1.0736112748686553,1.0762975000000001,1.077111,1.0784074182437107,1.0806107251313446,1.0,1.0
-2062,104584,104653,1.0813410268519026,1.0766771370838089,1.0830009543053971,1.0766771370838089,7.392023974791557,2.2249167270177184,0.0033152174911577448,2024-11-07 14:45:00+00:00,2024-11-08 08:00:00+00:00,0 days 17:15:00,A_short,0.0012511336650090632,0.0007621114003977766,70.11310821225592,27.842040559674103,1.0737501523433504,1.0772250209628935,1.077426,1.0779705,1.0811018476566496,1.0787159790371064,1.0,1.0
2078,104654,104666,1.0768385430051435,1.0794736010414316,1.0758154663195227,1.0794736010414316,3.23524228174241,2.2404083176643916,0.0014458081709445541,2024-11-08 08:15:00+00:00,2024-11-08 11:15:00+00:00,0 days 03:00:00,A_long,0.0008498298803447366,0.0008824705406381575,47.15041260482609,66.38062890610036,1.077220071059843,1.0767963939604988,1.0779325,1.0779045,1.078644928940157,1.0790126060395013,1.0,1.0
2084,104676,104685,1.0750983837607306,1.073829642917763,1.073829642917763,1.0784310712467113,-4.883238920543648,2.23918300379899,-0.0021795259779949726,2024-11-08 13:45:00+00:00,2024-11-08 16:00:00+00:00,0 days 02:15:00,A_long,0.0009601467816157291,0.0009944239112124492,29.496171051814912,26.956548431477245,1.0752973259359815,1.072969263602725,1.07752,1.076188,1.0797426740640186,1.0794067363972748,1.0,1.0
2088,104689,104689,1.0710680149360277,1.0697212197927346,1.0697212197927346,1.0746763406217958,-5.047092220252728,2.2349839610568276,-0.0022568032346683285,2024-11-08 17:00:00+00:00,2024-11-08 17:00:00+00:00,0 days 00:00:00,A_long,0.0012213412608027122,0.0012213412608027122,14.03417962061664,14.03417962061664,1.0707217177423787,1.0707217177423787,1.0747585,1.0747585,1.0787952822576212,1.0787952822576212,1.0,1.0
2086,104690,104750,1.0695678776563613,1.0680143904870367,1.0680143904870367,1.0738768285388898,-5.470072540884626,2.229498305673564,-0.0024517175189874164,2024-11-08 17:15:00+00:00,2024-11-11 08:15:00+00:00,2 days 15:00:00,A_long,0.0011784957593623374,0.0008084349269331796,17.777652444128805,19.57870459993339,1.0699648530770864,1.0688755600112299,1.074389,1.0709835,1.0788131469229136,1.0730914399887703,1.0,1.0
2083,104751,104754,1.0683277641718374,1.0672698780876804,1.0672698780876804,1.0711503657369592,-4.427801657712365,2.2242249444132876,-0.0019897310325305995,2024-11-11 08:30:00+00:00,2024-11-11 09:15:00+00:00,0 days 00:45:00,A_long,0.0008526436033421078,0.0009711460730496648,32.3275893867889,20.83240449795649,1.0685970385268393,1.06740005540516,1.0708455,1.070333,1.0730939614731605,1.07326594459484,1.0,1.0
2092,104847,104862,1.0620371885124376,1.0609636509651281,1.0609636509651281,1.0649090471046154,-4.466499427064868,2.2206588780935337,-0.002010323169604502,2024-11-12 08:30:00+00:00,2024-11-12 12:15:00+00:00,0 days 03:45:00,A_long,0.0008243631918518892,0.0008096043016553266,36.676215481435264,34.52158447321477,1.062214858712147,1.0608962677897154,1.063542,1.062205,1.064869141287853,1.0635137322102848,1.0,1.0
2092,104942,104946,1.059706975271356,1.0617789563619688,1.0589003478793437,1.0617789563619688,2.115510157073743,2.2190742844884577,0.0009542620256295742,2024-11-13 08:15:00+00:00,2024-11-13 09:15:00+00:00,0 days 01:00:00,A_long,0.0006530820871405871,0.0008010662220409152,34.73017356675739,64.62588843233794,1.059857570685587,1.059795612439615,1.061175,1.061024,1.062492429314413,1.0622523875603849,1.0,1.0
2096,104969,104969,1.0586368773451942,1.0566040812294633,1.0566040812294633,1.0643477563116104,-6.477513183158267,2.2167725245862413,-0.002919241395376534,2024-11-13 15:00:00+00:00,2024-11-13 15:00:00+00:00,0 days 00:00:00,A_long,0.0018314968898321003,0.0018314968898321003,19.50033278632327,19.50033278632327,1.058592291146455,1.058592291146455,1.061953,1.061953,1.065313708853545,1.065313708853545,1.0,1.0
2094,104970,105025,1.0567967089488037,1.0544922037322013,1.0544922037322013,1.0632833888033957,-7.036153415142469,2.2105194915770126,-0.0031795610683584053,2024-11-13 15:15:00+00:00,2024-11-14 05:00:00+00:00,0 days 13:45:00,A_long,0.0016886306378544995,0.0005088712564233922,24.436998993273363,29.668341383534056,1.0577575900798986,1.0540156716975837,1.0616985,1.0553849999999998,1.0656394099201016,1.056754328302416,1.0,0.0
2096,105043,105045,1.0524363099225742,1.0513044768507442,1.0513044768507442,1.0554465694477675,-4.5770424630940285,2.204720344538438,-0.0020749031980635906,2024-11-14 09:30:00+00:00,2024-11-14 10:00:00+00:00,0 days 00:30:00,A_long,0.0008492111633514509,0.0008395408293617435,21.967927279863403,16.50055525489688,1.0526805285628906,1.0517924723835428,1.0543085,1.054033,1.0559364714371096,1.0562735276164572,1.0,1.0
-2085,105130,105135,1.055533388977358,1.056404326090754,1.056404326090754,1.0533470217277374,-4.017598949389463,2.201695067958507,-0.00182552820313628,2024-11-15 07:15:00+00:00,2024-11-15 08:30:00+00:00,0 days 01:15:00,A_short,0.0006266799544336085,0.0007026027724398655,74.47567251042966,84.78722328164655,1.053295775045347,1.0530544682454266,1.054405,1.0548495,1.055514224954653,1.0566445317545734,1.0,1.0
-2078,105136,105137,1.0569432599344717,1.0578731233269278,1.0578731233269278,1.0545006300192161,-4.129550351732481,2.197294222208594,-0.0018802064968086154,2024-11-15 08:45:00+00:00,2024-11-15 09:00:00+00:00,0 days 00:15:00,A_short,0.000668922402781225,0.00075573274907706,83.22604609248404,87.34184366036438,1.0530214648282752,1.0528697017518185,1.0549975,1.0551645,1.0569735351717249,1.0574592982481816,1.0,1.0
-2075,105235,105241,1.0566532864752074,1.0537477010604062,1.0577640996465312,1.0537477010604062,3.839548711144368,2.189541024568199,0.0017511750966165297,2024-11-18 09:30:00+00:00,2024-11-18 11:00:00+00:00,0 days 01:30:00,A_short,0.0008465164113837448,0.0008292625657604269,68.51689686073104,37.70147557898796,1.0530268365408606,1.053359074914967,1.05459,1.0549425,1.0561531634591392,1.0565259250850327,1.0,1.0
2077,105322,105327,1.0576167839950212,1.0567374500642752,1.0567374500642752,1.0598276498071741,-4.022133446230059,2.1957568720705796,-0.0018310139145680715,2024-11-19 07:15:00+00:00,2024-11-19 08:30:00+00:00,0 days 01:15:00,A_long,0.000664619398023372,0.0009836941302390774,36.213107446086994,37.616357872372376,1.0577430338921023,1.0573127754370706,1.058938,1.0586015,1.0601329661078975,1.0598902245629294,1.0,1.0
2081,105331,105347,1.0535364105943292,1.0588722464044107,1.051642584531863,1.0588722464044107,8.905913113172325,2.1979612076071886,0.0040621581167450075,2024-11-19 09:30:00+00:00,2024-11-19 13:30:00+00:00,0 days 04:00:00,A_long,0.0015080222825433625,0.0010267433737269258,29.713479307469214,73.11750828529091,1.0549595014306814,1.0537610169979919,1.057843,1.0563274999999999,1.0607264985693188,1.0588939830020079,1.0,1.0
2083,105422,105425,1.0569367217615726,1.0559490160321652,1.0559490160321652,1.0595129519035045,-4.257961530267852,2.200570495912178,-0.001934031201884378,2024-11-20 08:15:00+00:00,2024-11-20 09:00:00+00:00,0 days 00:45:00,A_long,0.0007421550878806323,0.0008044784379477911,30.408437386762998,32.85168617180264,1.0573318282674817,1.0563338412438248,1.0586449999999998,1.0582740000000002,1.059958171732518,1.0602141587561755,1.0,1.0
2088,105449,105453,1.0526063254809364,1.051094977794349,1.051094977794349,1.0566750666169527,-5.351958130213761,2.196264160619398,-0.0024350968412182603,2024-11-20 15:00:00+00:00,2024-11-20 16:00:00+00:00,0 days 01:00:00,A_long,0.0011195160374146281,0.0012376904206340541,30.387075526429356,27.225343069122147,1.053031172105333,1.0516490211939298,1.0549950000000001,1.0545095,1.0569588278946673,1.0573699788060702,1.0,1.0
2080,105514,105515,1.0537064261526914,1.0529804315740836,1.0529804315740836,1.0554587052777495,-3.701023055540029,2.190954332035846,-0.0016886468216463907,2024-11-21 07:15:00+00:00,2024-11-21 07:30:00+00:00,0 days 00:15:00,A_long,0.0005367994187175013,0.000565226162888505,23.484055211991418,27.684138098964468,1.053795350417071,1.053557061334709,1.0547815,1.0547085,1.0557676495829291,1.0558599386652912,1.0,1.0
2086,105551,105552,1.0489759932641443,1.0471557752148892,1.0471557752148892,1.0540126743553322,-5.9832402852696225,2.186265434523632,-0.002734365659379092,2024-11-21 16:30:00+00:00,2024-11-21 16:45:00+00:00,0 days 00:15:00,A_long,0.001415384567024506,0.00135999995808792,18.7231257629456,17.184347923788124,1.0491679155718496,1.0482955141312917,1.0521335,1.0519045,1.0550990844281505,1.0555134858687083,1.0,1.0
2084,105553,105616,1.0475058587300714,1.0457880000502946,1.0457880000502946,1.0523159998491163,-5.761229689504007,2.1812122008491412,-0.002639131405449578,2024-11-21 17:00:00+00:00,2024-11-22 08:45:00+00:00,0 days 15:45:00,A_long,0.0012853332970095188,0.001465810289280257,15.713731330509432,29.834402026777212,1.0474231248980201,1.0450479244140767,1.0516394999999998,1.0471565,1.0558558751019795,1.0492650755859234,1.0,1.0
2105,105618,105669,1.0340546277890652,1.04806,1.0306699572991485,1.0439101281025542,27.28988285826973,2.191425645747991,0.01253735977639746,2024-11-22 09:15:00+00:00,2024-11-24 22:00:00+00:00,2 days 12:45:00,A_long,0.003338586395059393,0.0012527964930105235,38.87471433454636,87.41279113127804,1.039588450820968,1.0392470394633482,1.0461665,1.0418475,1.052744549179032,1.044447960536652,1.0,0.0
2109,105709,105713,1.0451456427433967,1.0478571935023862,1.0441009354992046,1.0478571935023862,3.5115890598875374,2.2070714908211784,0.0015931266158234667,2024-11-25 08:00:00+00:00,2024-11-25 09:00:00+00:00,0 days 01:00:00,A_long,0.0008155465839077391,0.0011012749823800434,25.324784645546615,62.17538428607331,1.0457122035231141,1.04496552596549,1.0476265,1.0472955000000002,1.049540796476886,1.0496254740345103,1.0,1.0
-2098,105731,105743,1.05199371295737,1.0477523557655655,1.0535225480781447,1.0477523557655655,6.695733762315519,2.2026336260903596,0.0030337483182016215,2024-11-25 13:30:00+00:00,2024-11-25 16:30:00+00:00,0 days 03:00:00,A_short,0.0011965069453268333,0.0014323723247390767,78.00617391720778,34.40630830083224,1.0460289174253101,1.0464349530945565,1.048669,1.050006,1.05130908257469,1.0535770469054435,1.0,1.0
-2105,105810,105822,1.0514437632932476,1.053079748241104,1.053079748241104,1.047000755276688,-5.65875931112771,2.215010995889905,-0.002556719434241324,2024-11-26 09:15:00+00:00,2024-11-26 12:15:00+00:00,0 days 03:00:00,A_short,0.0013322626185751224,0.0012317149164203219,60.04358481161029,70.25780243385098,1.0461973136889737,1.0469262060066695,1.0481565,1.0503464999999998,1.0501156863110261,1.0537667939933302,1.0,1.0
-2103,105900,105901,1.0496839243680558,1.0506002399293297,1.0506002399293297,1.0473192802120106,-4.135460424117748,2.2084487987587007,-0.0018733807365930591,2024-11-27 07:45:00+00:00,2024-11-27 08:00:00+00:00,0 days 00:15:00,A_short,0.0007203955045158917,0.0008683427705804392,75.15996739227543,83.21110247138776,1.047071441104685,1.0467504330181472,1.0482855,1.0484375,1.0494995588953149,1.0501245669818526,1.0,1.0
-2097,105902,105902,1.0509138117987296,1.0520520113246965,1.0520520113246965,1.0478839660259105,-4.591764071497591,2.204959665544912,-0.002083598495846898,2024-11-27 08:15:00+00:00,2024-11-27 08:15:00+00:00,0 days 00:00:00,A_short,0.0012098970678363866,0.0012098970678363866,89.38371131386101,89.38371131386101,1.0461094924122287,1.0461094924122287,1.0486795,1.0486795,1.0512495075877712,1.0512495075877712,1.0,1.0
-2089,105903,105923,1.0528436351655592,1.0543718764814038,1.0543718764814038,1.0485643705557888,-5.393482710714652,2.200986601915253,-0.0024522626014279745,2024-11-27 08:30:00+00:00,2024-11-27 13:30:00+00:00,0 days 05:00:00,A_short,0.0012099107921248597,0.001187086096348529,74.74954922750506,73.5821966633874,1.0459245146607266,1.0505396701017338,1.0488659999999999,1.052351,1.0518074853392732,1.0541623298982663,1.0,1.0
-2080,105924,105924,1.0547934567019934,1.0563145033156183,1.0563145033156183,1.0506164900531456,-5.359329234757991,2.195552278418316,-0.002442753675861677,2024-11-27 13:45:00+00:00,2024-11-27 13:45:00+00:00,0 days 00:00:00,A_short,0.0014154746168353787,0.0014154746168353787,81.97018056552312,81.97018056552312,1.049890092837903,1.049890092837903,1.0526434999999998,1.0526434999999998,1.0553969071620968,1.0553969071620968,1.0,1.0
-2070,105925,106090,1.0571732388849229,1.0589585695402026,1.0589585695402026,1.0521642913793925,-5.8858308781490845,2.190196421720005,-0.002689622149810925,2024-11-27 14:00:00+00:00,2024-11-29 07:15:00+00:00,1 days 17:15:00,A_short,0.0014254113345906604,0.0006523293287220028,73.59526071432174,81.26763417853641,1.049716080525477,1.056031391492549,1.0528905,1.0573355,1.0560649194745229,1.058639608507451,1.0,1.0
-2060,106091,106093,1.0594130338806216,1.057171614416601,1.0603027951944664,1.057171614416601,2.4372419081362273,2.1800821877461396,0.0011167760845250503,2024-11-29 07:30:00+00:00,2024-11-29 08:00:00+00:00,0 days 00:30:00,A_short,0.000785352084892393,0.000939308899319157,54.815135352961995,41.57590841389315,1.0560367052961095,1.056061843144866,1.057367,1.0574095,1.0586972947038904,1.0587571568551337,1.0,1.0
2080,106188,106214,1.0506961506781614,1.0494225881650323,1.0494225881650323,1.0541722355049032,-4.8331335157053354,2.1841234883969216,-0.0022115069909134613,2024-12-02 07:45:00+00:00,2024-12-02 14:15:00+00:00,0 days 06:30:00,A_long,0.000981575214143399,0.001264354450888592,26.16451276114242,34.293727512964225,1.050856035454188,1.0494694932042399,1.0522275,1.0513824999999999,1.0535989645458121,1.05329550679576,1.0,1.0
2082,106217,106287,1.0474458532388848,1.0519737744352025,1.045835408521599,1.0519737744352025,7.241636098324559,2.1854958324087246,0.003320659842917224,2024-12-02 15:00:00+00:00,2024-12-03 08:30:00+00:00,0 days 17:30:00,A_long,0.001358982734400643,0.0008904468795107141,22.46417706035743,82.72752238850676,1.0474225667916415,1.0472078969873733,1.050838,1.0494055,1.0542534332083584,1.0516031030126267,1.0,1.0
-2078,106288,106314,1.0525436626214926,1.0494343912337616,1.0537085362554128,1.0494343912337616,4.277110745749373,2.1839551979556093,0.0019555315697564494,2024-12-03 08:45:00+00:00,2024-12-03 15:15:00+00:00,0 days 06:30:00,A_short,0.0008423872955759415,0.0009558101567946206,80.40315438064263,28.035826073233906,1.047007164987594,1.0500598529477014,1.0495800000000002,1.051675,1.0521528350124063,1.0532901470522984,1.0,1.0
2089,106315,106324,1.0494960408544287,1.052840916564461,1.0482530278118465,1.052840916564461,4.791554406233404,2.19589095202403,0.002185532047796448,2024-12-03 15:30:00+00:00,2024-12-03 17:45:00+00:00,0 days 02:15:00,A_long,0.001048368802555358,0.001147885486841408,45.15013347407292,60.74338741261981,1.0499877545413852,1.0498230050027781,1.051591,1.051522,1.0531942454586147,1.053220994997222,1.0,1.0
2094,106385,106403,1.0492060143136932,1.0482370981411309,1.0482370981411309,1.051688705576607,-4.22493340408574,2.196022938740201,-0.0019230138802716645,2024-12-04 09:00:00+00:00,2024-12-04 13:30:00+00:00,0 days 04:30:00,A_long,0.0007685402314055026,0.0009784072290878593,24.42723865048164,30.26013351715227,1.0493112239622648,1.0484531732474507,1.0509615,1.0497785,1.0526117760377354,1.0511038267525492,1.0,1.0
-2081,106411,106499,1.0534235820840883,1.055187313759393,1.055187313759393,1.0484780587218208,-5.864335253434321,2.1940096371251423,-0.002675122496926863,2024-12-04 15:30:00+00:00,2024-12-05 13:30:00+00:00,0 days 22:00:00,A_short,0.0014380599373394816,0.0010258507841177057,67.86514761154635,72.0386530143112,1.0471334895536708,1.05184785470833,1.0499575,1.053252,1.0527815104463294,1.05465614529167,1.0,1.0
-2069,106501,106503,1.0566132901359984,1.0580644848154823,1.0580644848154823,1.052606545553553,-5.190155950039616,2.187634158187307,-0.002374126457028445,2024-12-05 14:00:00+00:00,2024-12-05 14:30:00+00:00,0 days 00:30:00,A_short,0.001152127922292848,0.0011963094171888156,84.70868428114392,86.83541060681407,1.0509408569317165,1.050454569740303,1.0536835,1.0542184999999997,1.0564261430682835,1.0579824302596965,1.0,1.0
-2060,106574,106595,1.0587330961140702,1.059602947624579,1.059602947624579,1.0565111571262629,-3.973780236698893,2.1818861250508084,-0.0018220073968200287,2024-12-06 08:15:00+00:00,2024-12-06 13:30:00+00:00,0 days 05:15:00,A_short,0.0006635732844182483,0.0012197091437448938,60.79722494349295,83.52136032725247,1.0566584448697485,1.0564990162229022,1.057545,1.058225,1.0584315551302514,1.0599509837770977,1.0,1.0
-2051,106596,106597,1.0616128325371113,1.0572990470825183,1.063153650972494,1.0572990470825183,6.674629834820176,2.1729441325499304,0.003065457966446895,2024-12-06 13:45:00+00:00,2024-12-06 14:00:00+00:00,0 days 00:15:00,A_short,0.0013570812579122528,0.0016988037568573052,65.98014466199291,46.968680597126784,1.056362876588052,1.056384070194851,1.058336,1.0583500000000001,1.060309123411948,1.0603159298051492,1.0,1.0
-2068,106669,106673,1.0563133175919317,1.0573618639350015,1.0573618639350015,1.053594408194995,-4.353933975167266,2.1855401376988493,-0.001993143415660942,2024-12-09 08:00:00+00:00,2024-12-09 09:00:00+00:00,0 days 01:00:00,A_short,0.0008055683975012387,0.0008438384000203919,67.17835172651235,73.84792258317023,1.052525278122122,1.0522013533981502,1.054251,1.0547355,1.0559767218778782,1.0572696466018499,1.0,1.0
2068,106766,106769,1.0543164819797557,1.053478238758564,1.053478238758564,1.056445283724308,-3.9129467226679573,2.1794597412434227,-0.0017946609143469682,2024-12-10 08:15:00+00:00,2024-12-10 09:00:00+00:00,0 days 00:45:00,A_long,0.0006570497854815872,0.0007226069270231093,36.270312276270154,22.84618905394545,1.0545420830612813,1.0536143149201318,1.0557535,1.055494,1.0569649169387187,1.057373685079868,1.0,1.0
2066,106770,106782,1.0532763867991872,1.0522928716875724,1.0522928716875724,1.0557613849372833,-4.206995264613154,2.1750530440168228,-0.0019333004768543646,2024-12-10 09:15:00+00:00,2024-12-10 12:15:00+00:00,0 days 03:00:00,A_long,0.0007795926700866927,0.000667983378560338,19.69932801503414,28.16042033998339,1.0530787243077322,1.0517127480136073,1.055335,1.053459,1.0575912756922676,1.0552052519863926,1.0,1.0
2067,106794,106859,1.0508561653213258,1.049661359116001,1.049661359116001,1.054055922651997,-4.640549287912465,2.170884861505977,-0.0021364150886026287,2024-12-10 15:15:00+00:00,2024-12-11 07:30:00+00:00,0 days 16:15:00,A_long,0.0009147961939992925,0.0008900446621544204,22.520919625191013,12.527777037315175,1.0509757734519922,1.0504016715160962,1.0524695000000002,1.0523635,1.0539632265480081,1.0543253284839038,1.0,1.0
2066,106860,106883,1.0491160060769131,1.0522341607837558,1.0479619464054146,1.0522341607837558,4.27141290196979,2.170694722367071,0.0019706873324174695,2024-12-11 07:45:00+00:00,2024-12-11 13:30:00+00:00,0 days 05:45:00,A_long,0.0008713720405338348,0.0011668551266097815,12.40294248303573,77.1796614038779,1.0497714003731946,1.0486191846923247,1.052129,1.0503605,1.0544865996268056,1.0521018153076753,1.0,1.0
-2062,106884,106889,1.0532236003880437,1.049119321544205,1.0547202261519317,1.049119321544205,6.2955074234834445,2.1675155525121483,0.0028988216573838646,2024-12-11 13:45:00+00:00,2024-12-11 15:00:00+00:00,0 days 01:15:00,A_short,0.0012366077763951398,0.001387935619583288,64.5054478311991,48.676288779228194,1.0484963359801178,1.048656405758584,1.0504535,1.0506195,1.052410664019882,1.052582594241416,1.0,1.0
-2069,106954,106959,1.0523736781798547,1.0506706075444894,1.0530964641518368,1.0506706075444894,1.348053830989064,2.175599313581834,0.0006191227565003996,2024-12-12 07:15:00+00:00,2024-12-12 08:30:00+00:00,0 days 01:15:00,A_short,0.0005660018874376845,0.0006953842025249929,72.75348937566119,43.510978501528115,1.0496565514394114,1.0498162536532714,1.0508035,1.0510565,1.0519504485605886,1.0522967463467288,1.0,1.0
-2078,107061,107071,1.048634020463822,1.0497594233353384,1.0497594233353384,1.0455617299939848,-4.518817955118433,2.1802307881073277,-0.002073745034949474,2024-12-13 10:00:00+00:00,2024-12-13 12:30:00+00:00,0 days 02:30:00,A_short,0.0009192501866332848,0.0009584569057470497,80.88473919796405,83.84571701189769,1.0449317436435956,1.0455160839934907,1.0466574999999998,1.0482974999999999,1.048383256356404,1.051078916006509,1.0,1.0
-2068,107072,107084,1.0516137477348855,1.0482595551393104,1.0528601482868964,1.0482595551393104,4.765201292477435,2.1712689951719186,0.0021911618682251065,2024-12-13 12:45:00+00:00,2024-12-13 15:45:00+00:00,0 days 03:00:00,A_short,0.0009826626516474322,0.0009635392924964031,81.62130742704639,42.30523182746803,1.0456736995337264,1.04759500530768,1.048581,1.04995,1.0514883004662736,1.05230499469232,1.0,1.0
2079,107250,107267,1.0483459356066844,1.0502361269366918,1.0475746243544362,1.0502361269366918,1.7482317210714209,2.1814760540138396,0.0008021210081279931,2024-12-17 09:15:00+00:00,2024-12-17 13:30:00+00:00,0 days 04:15:00,A_long,0.0005445490773517076,0.000682054109724871,20.128191143846934,51.95151066406774,1.048339379870315,1.0479055597811597,1.0499835000000002,1.048928,1.0516276201296855,1.0499504402188404,1.0,1.0
2083,107373,107385,1.0474758559844781,1.0463406962603672,1.0463406962603672,1.0504979112188984,-4.545247644486084,2.1807099391630067,-0.0020831678246011048,2024-12-18 16:00:00+00:00,2024-12-18 19:00:00+00:00,0 days 03:00:00,A_long,0.0008319415897347281,0.001600054481708579,27.90558952378855,17.49138215066101,1.0477103431082695,1.0444891114192263,1.04908,1.0477975,1.0504496568917305,1.0511058885807736,1.0,0.0
-2091,107434,107441,1.040694747130855,1.0417871464671913,1.0417871464671913,1.0377985605984266,-4.461441832035989,2.177234819756757,-0.00205020760315897,2024-12-19 07:15:00+00:00,2024-12-19 09:00:00+00:00,0 days 01:45:00,A_short,0.0008681613374158911,0.0010219552349386046,64.0108969232399,76.62116608725455,1.0368230485168122,1.0367551738534022,1.0383404999999999,1.0391745000000001,1.0398579514831876,1.041593826146598,1.0,1.0
2093,107469,107472,1.0380749956985702,1.0366815925963138,1.0366815925963138,1.0419152222110586,-5.087625462673327,2.1712327696505964,-0.0023416240700106063,2024-12-19 16:00:00+00:00,2024-12-19 16:45:00+00:00,0 days 00:45:00,A_long,0.001102294235995605,0.0012465660552540485,20.679344768114333,25.864101488760554,1.0378987741869325,1.0365917621044445,1.0397915000000002,1.0392585,1.0416842258130679,1.0419252378955557,1.0,1.0
2093,107473,107555,1.0357647842878845,1.0401476377989147,1.0341641207336951,1.0401476377989147,7.000870048872336,2.1724423497138354,0.0032293985572086755,2024-12-19 17:00:00+00:00,2024-12-20 13:30:00+00:00,0 days 20:30:00,A_long,0.0012790239145535076,0.0009533184197957955,34.40076969102503,75.74477761776353,1.036192779434965,1.0375612337582965,1.0390644999999998,1.0390525,1.0419362205650347,1.0405437662417034,1.0,1.0
-2088,107556,107567,1.041274694049384,1.0425139821037548,1.0425139821037548,1.0379380536887353,-4.763108835430088,2.1754753779038767,-0.0021907594657623428,2024-12-20 13:45:00+00:00,2024-12-20 16:30:00+00:00,0 days 02:45:00,A_short,0.0009662092971563556,0.0013750807853880062,65.62991907479562,70.44830113169422,1.037467593318809,1.0381202485160497,1.0391285,1.0399535,1.040789406681191,1.0417867514839503,1.0,1.0
-2081,107568,107570,1.0425445778192668,1.0443000969424656,1.0443000969424656,1.0376997091726035,-5.824597179466334,2.1713618840895825,-0.0026847211333967643,2024-12-20 16:45:00+00:00,2024-12-20 17:15:00+00:00,0 days 00:30:00,A_short,0.0013384033473362558,0.0012796007364436976,71.18414790475695,75.17636747835218,1.0379617239188004,1.0374935949381654,1.0401365,1.04056,1.0423112760811997,1.0436264050618345,1.0,1.0
2076,107628,107628,1.0423753892336134,1.0416669911883385,1.0416669911883385,1.0440790264349846,-3.633870332868666,2.163235990877986,-0.0016792599418265523,2024-12-23 07:45:00+00:00,2024-12-23 07:45:00+00:00,0 days 00:00:00,A_long,0.0005968396973111095,0.0005968396973111095,14.235823126664968,14.235823126664968,1.0422752510653102,1.0422752510653102,1.0437115000000001,1.0437115000000001,1.04514774893469,1.04514774893469,1.0,1.0
2074,107629,107637,1.0413552958834404,1.0405537923632266,1.0405537923632266,1.0434186229103197,-3.82125802543521,2.158939724511794,-0.0017692886103528086,2024-12-23 08:00:00+00:00,2024-12-23 10:00:00+00:00,0 days 02:00:00,A_long,0.0005892610710029596,0.0006241406447715674,21.99818586987587,28.184451451628917,1.0418830918984185,1.0400117947962906,1.043586,1.042468,1.0452889081015813,1.0449242052037093,1.0,1.0
-2071,107890,107894,1.0413546867278018,1.0421457999159462,1.0421457999159462,1.039322600252161,-3.7958601665666514,2.1574647539196015,-0.0017600760382858794,2024-12-26 15:45:00+00:00,2024-12-26 16:45:00+00:00,0 days 01:00:00,A_short,0.0005910777170722668,0.0005998753714035003,59.37362021200503,72.80957922631896,1.0390901713737168,1.038807703103874,1.040155,1.040497,1.041219828626283,1.042186296896126,1.0,1.0
-2065,107955,107968,1.042074620833562,1.042843179850608,1.042843179850608,1.0401904604481766,-3.7397519994061206,2.152677629206406,-0.0017378965778279624,2024-12-27 08:00:00+00:00,2024-12-27 11:15:00+00:00,0 days 03:15:00,A_short,0.0005882965587722859,0.0006414489262994761,74.68817415998939,70.74815255455493,1.0402709693383505,1.0404705186416707,1.041119,1.0415500000000002,1.0419670306616493,1.0426294813583297,1.0,1.0
-2059,107971,107992,1.0437744652499406,1.0415133621032864,1.0446422126322379,1.0415133621032864,2.5088075607007996,2.146803818260147,0.0011673587288666119,2024-12-27 12:00:00+00:00,2024-12-27 17:15:00+00:00,0 days 05:15:00,A_short,0.0006435980121718409,0.0007539986850371625,78.46785210532134,41.36945239533996,1.040186956668295,1.0416249261615216,1.0419265000000002,1.04281,1.0436660433317053,1.0439950738384784,1.0,1.0
2066,108055,108058,1.041365296798638,1.0433222094230525,1.0405992635256491,1.0433222094230525,1.88949928811346,2.1534821939270063,0.0008782402045806974,2024-12-30 09:00:00+00:00,2024-12-30 09:45:00+00:00,0 days 00:45:00,A_long,0.0005943096759199936,0.0007581743282951987,29.72332064382509,66.99848222934163,1.0415901193014154,1.041432791518581,1.0424335,1.042421,1.0432768806985846,1.043409208481419,1.0,1.0
-2062,108060,108066,1.044064438709205,1.045127701301427,1.045127701301427,1.0412568960957187,-4.346404561512731,2.1539570963509616,-0.002018897094927791,2024-12-30 10:15:00+00:00,2024-12-30 11:45:00+00:00,0 days 01:30:00,A_short,0.0007962287176972701,0.0007063709832111849,63.213664361172384,73.63182641223145,1.0412218008390668,1.040834762362086,1.0425550000000001,1.0430414999999997,1.0438881991609334,1.0452482376379135,1.0,1.0
2069,108075,108175,1.038895070744788,1.0371504889325232,1.0371504889325232,1.0436685332024307,-5.757208901062004,2.1476691314861784,-0.002678426985035771,2024-12-30 14:00:00+00:00,2024-12-31 15:00:00+00:00,1 days 01:00:00,A_long,0.0014995357709554772,0.001016753732784129,32.1070055065031,38.38967665764093,1.0402735958851743,1.0372928146748652,1.0435535,1.039829,1.0468334041148257,1.0423651853251346,1.0,1.0
2071,108245,108253,1.0349647110720626,1.0340920105351898,1.0340920105351898,1.0372039683944303,-3.9498710470877065,2.1425082352243097,-0.0018427960656753077,2025-01-02 08:30:00+00:00,2025-01-02 10:30:00+00:00,0 days 02:00:00,A_long,0.000752547946807308,0.0007905849518943869,43.83986016018742,26.69093889502335,1.0353465989912216,1.0345179501056416,1.036459,1.0359285,1.0375714010087784,1.0373390498943584,1.0,1.0
2069,108254,108254,1.0341546369410428,1.0331012980577265,1.0331012980577265,1.03689610582682,-4.317934414337586,2.138576264756227,-0.00201804138014478,2025-01-02 10:45:00+00:00,2025-01-02 10:45:00+00:00,0 days 00:00:00,A_long,0.0010638402916417957,0.0010638402916417957,15.937315392921505,15.937315392921505,1.0333831037126635,1.0333831037126635,1.0356935,1.0356935,1.0380038962873366,1.0380038962873366,1.0,1.0
2069,108255,108270,1.031754417293577,1.0304033916500297,1.0304033916500297,1.0355098250499106,-4.928574309851706,2.133302253352161,-0.0023087902587010803,2025-01-02 11:00:00+00:00,2025-01-02 14:45:00+00:00,0 days 03:45:00,A_long,0.0011446615860895347,0.0011917561882827386,33.69907571041405,29.176135803838363,1.0329796638682582,1.0299371616157564,1.0355365,1.0324345000000001,1.038093336131742,1.0349318383842439,1.0,1.0
2071,108273,108275,1.0286441326670694,1.0269308704222946,1.0269308704222946,1.0334073887331165,-5.676714024627772,2.1285479156990363,-0.0026647211210086602,2025-01-02 15:30:00+00:00,2025-01-02 16:00:00+00:00,0 days 00:30:00,A_long,0.0013747046950095315,0.001961355970918278,28.646017958448198,17.017534061605033,1.0291816917928431,1.0272160001628754,1.0316165,1.0310355,1.0340513082071567,1.0348549998371246,1.0,1.0
2071,108276,108434,1.0258338754964949,1.0328008814953058,1.0233863728348982,1.0328008814953058,12.296953132672465,2.1317162908650094,0.005788158065496932,2025-01-02 16:15:00+00:00,2025-01-06 07:45:00+00:00,3 days 15:30:00,A_long,0.001866508508129171,0.0005871800280689829,16.054893827708597,71.97581026003559,1.0261741571512626,1.030717662789206,1.030692,1.0315314999999998,1.0352098428487373,1.0323453372107936,1.0,1.0
-2069,108435,108435,1.0326454838650632,1.0334246160336829,1.0334246160336829,1.0306061518989518,-3.74937397521939,2.1373495183452524,-0.0017548783652123537,2025-01-06 08:00:00+00:00,2025-01-06 08:00:00+00:00,0 days 00:00:00,A_short,0.0006488893576597845,0.0006488893576597845,79.57907403170064,79.57907403170064,1.0303873097077585,1.0303873097077585,1.0316355000000001,1.0316355000000001,1.0328836902922418,1.0328836902922418,1.0,1.0
-2063,108436,108438,1.033615395090879,1.034478667229192,1.034478667229192,1.0313639983124245,-3.914169446622525,2.133239025283153,-0.0018356142705343232,2025-01-06 08:15:00+00:00,2025-01-06 08:45:00+00:00,0 days 00:30:00,A_short,0.0006823707766384963,0.000876091827786242,81.41886242067562,79.33733765997968,1.0301372117994592,1.029787594782212,1.0317595000000002,1.0320295,1.0333817882005412,1.034271405217788,1.0,1.0
-2057,108439,108439,1.034895277945564,1.0360513101933435,1.0360513101933435,1.0318460694199691,-4.507926899583283,2.1299685659008665,-0.002117610920207726,2025-01-06 09:00:00+00:00,2025-01-06 09:00:00+00:00,0 days 00:00:00,A_short,0.0011419462507480669,0.0011419462507480669,82.19304123649412,82.19304123649412,1.0295169921621579,1.0295169921621579,1.0322445,1.0322445,1.0349720078378422,1.0349720078378422,1.0,1.0
-2051,108440,108447,1.035605212966522,1.0370603355008976,1.0370603355008976,1.0315789934973072,-5.1099748379575285,2.1255185199533386,-0.002405796414902594,2025-01-06 09:15:00+00:00,2025-01-06 11:00:00+00:00,0 days 01:45:00,A_short,0.0011536867506483036,0.001636380271119047,82.69660797353198,73.87725609544107,1.0293418205160882,1.0301551111738816,1.0324585,1.033753,1.0355751794839116,1.0373508888261183,1.0,1.0
-2035,108449,108456,1.0412646949645818,1.0436626354819638,1.0436626354819638,1.0343720935541083,-7.001222511601645,2.12141355872936,-0.00330406302954716,2025-01-06 11:30:00+00:00,2025-01-06 13:15:00+00:00,0 days 01:45:00,A_short,0.0019387922925294247,0.0017655373934690915,82.77247214855315,77.09513938344253,1.029276310500233,1.0311269130397538,1.034785,1.0379505,1.0402936894997672,1.0447740869602462,1.0,1.0
-2027,108530,108535,1.0422146080207932,1.043137233500157,1.043137233500157,1.0397482994995288,-3.9836659380517556,2.1135040913814835,-0.001885697422583901,2025-01-07 07:45:00+00:00,2025-01-07 09:00:00+00:00,0 days 01:15:00,A_short,0.0007958908612245161,0.0009315073916531592,66.15786440527245,70.63800597253835,1.037884889868627,1.0383406856642479,1.0398315,1.040528,1.041778110131373,1.042715314335752,1.0,1.0
2040,108626,108626,1.033654591181154,1.0328706236902907,1.0328706236902907,1.035628128929128,-3.7071494005302137,2.1078557191688736,-0.0017580632000313906,2025-01-08 07:45:00+00:00,2025-01-08 07:45:00+00:00,0 days 00:00:00,A_long,0.0006165495570123594,0.0006165495570123594,21.891573868647512,21.891573868647512,1.0337135287576176,1.0337135287576176,1.0349305000000002,1.0349305000000002,1.0361474712423828,1.0361474712423828,1.0,1.0
2037,108627,108627,1.0333345618948253,1.032500140531585,1.032500140531585,1.0354595784052447,-3.8037689613417918,2.104052644421299,-0.0018070998332130838,2025-01-08 08:00:00+00:00,2025-01-08 08:00:00+00:00,0 days 00:00:00,A_long,0.000747676282744051,0.000747676282744051,20.43431005506571,20.43431005506571,1.0333645130389004,1.0333645130389004,1.0348215,1.0348215,1.0362784869610997,1.0362784869610997,1.0,1.0
2043,108642,108672,1.028574126260685,1.0324161920804253,1.0271946026398582,1.0324161920804253,5.744038859544291,2.1053016101854443,0.00273346430635105,2025-01-08 11:45:00+00:00,2025-01-08 19:15:00+00:00,0 days 07:30:00,A_long,0.0011187869823246301,0.0007931179403803605,32.93592355301344,70.73178620104645,1.0291342722783923,1.029076131019808,1.0320195,1.030572,1.034904727721608,1.032067868980192,1.0,0.0
2055,108842,108852,1.0251438123478482,1.022980325612077,1.022980325612077,1.0312190231637686,-6.550412793763554,2.1044475517538235,-0.0031093674529925446,2025-01-10 13:45:00+00:00,2025-01-10 16:15:00+00:00,0 days 02:30:00,A_long,0.0017888759468332426,0.0017761461804981504,19.65359419276116,27.38352148606195,1.0268087527237677,1.0221497255523495,1.029848,1.0273945000000002,1.0328872472762325,1.032639274447651,1.0,1.0
2062,108921,108970,1.018773229366866,1.023467922729388,1.0170706924235373,1.023467922729388,7.57490708570875,2.105550627811238,0.0036058787967531,2025-01-13 09:30:00+00:00,2025-01-13 21:45:00+00:00,0 days 12:15:00,A_long,0.0013457221385563681,0.0007455976800368232,34.95193635271394,81.55448667180198,1.0196488596194586,1.0201908004920566,1.0215260000000002,1.0216965,1.0234031403805417,1.0232021995079434,1.0,0.0
2058,109028,109033,1.0243837427928173,1.027125929505458,1.023331356831514,1.027125929505458,3.532416801819643,2.1110034527949253,0.0016755750845986565,2025-01-14 12:15:00+00:00,2025-01-14 13:30:00+00:00,0 days 01:15:00,A_long,0.0008811311772398904,0.001181165719428375,46.2199703287517,50.13605935273728,1.0247868352367333,1.0244209243313571,1.025843,1.0255625,1.0268991647632668,1.0267040756686427,1.0,1.0
-2052,109042,109060,1.0288458316402174,1.0305950351845146,1.0305950351845146,1.0238548944464563,-5.70235200226002,2.112986329362175,-0.002701011067206463,2025-01-14 15:45:00+00:00,2025-01-14 20:15:00+00:00,0 days 04:30:00,A_short,0.0013783031888161164,0.0006922946352041291,76.29098206813995,70.7255808005097,1.023337431557079,1.028033997021477,1.0260405000000001,1.029378,1.0287435684429214,1.030722002978523,1.0,0.0
-2042,109108,109129,1.031165619314334,1.0321366374439087,1.0321366374439087,1.0286700876682735,-4.089450624741878,2.106631604150166,-0.001942141223914755,2025-01-15 08:15:00+00:00,2025-01-15 13:30:00+00:00,0 days 05:15:00,A_short,0.000799238153934104,0.001256370477257371,51.74338347582295,74.13317790984709,1.029073619937081,1.0291756090601125,1.0299615,1.0305555,1.030849380062919,1.0319353909398874,1.0,1.0
-2035,109130,109130,1.0327954701370967,1.0344076445727088,1.0344076445727088,1.0283770662818732,-5.384154145687899,2.1033791692172272,-0.0025617618100278994,2025-01-15 13:45:00+00:00,2025-01-15 13:45:00+00:00,0 days 00:00:00,A_short,0.001400854413623056,0.001400854413623056,80.36198138297398,80.36198138297398,1.0286685446629222,1.0286685446629222,1.0307955,1.0307955,1.0329224553370777,1.0329224553370777,1.0,1.0
-2027,109131,109139,1.0343453282814417,1.0293969241109568,1.0361210252963478,1.0293969241109568,7.938812480773015,2.0916027727996958,0.003786484974796428,2025-01-15 14:00:00+00:00,2025-01-15 16:00:00+00:00,0 days 02:00:00,A_short,0.0014447404918066498,0.0015477433745809512,67.80188079047025,33.780747941596644,1.028580143971174,1.02835968585248,1.030959,1.0314615,1.033337856028826,1.0345633141475201,1.0,1.0
2048,109221,109221,1.0275240301649187,1.0266047582860287,1.0266047582860287,1.0299457251419135,-3.9860966873404085,2.10342787937377,-0.0018942002483416963,2025-01-16 12:30:00+00:00,2025-01-16 12:30:00+00:00,0 days 00:00:00,A_long,0.0007538967934236935,0.0007538967934236935,22.22584762114802,22.22584762114802,1.0273042830119417,1.0273042830119417,1.028797,1.028797,1.0302897169880583,1.0302897169880583,1.0,1.0
2046,109222,109231,1.0265539413907343,1.0291640284563257,1.0255453238478915,1.0291640284563257,3.2372386530464707,2.1029994831535426,0.0015413004781066491,2025-01-16 12:45:00+00:00,2025-01-16 15:00:00+00:00,0 days 02:15:00,A_long,0.0007813772209672107,0.0012034987890884423,35.010865195658596,62.27249703224519,1.0270838838406005,1.0264015842458833,1.0286680000000001,1.0280455,1.0302521161593998,1.0296894157541165,1.0,1.0
2047,109324,109327,1.027504028334523,1.0308835905451281,1.026238803151624,1.0308835905451281,4.811204117185527,2.106759727923323,0.0022874541961408843,2025-01-17 14:15:00+00:00,2025-01-17 15:00:00+00:00,0 days 00:45:00,A_long,0.0010293088349382128,0.0015673160030694236,36.27059345091765,69.35842784815367,1.0279072586746227,1.0275799007310964,1.0296685,1.029771,1.0314297413253775,1.0319620992689036,1.0,1.0
-2031,109418,109419,1.037944998810243,1.040168573143695,1.040168573143695,1.0316142805689152,-6.626403803560224,2.110324332319224,-0.003143356462210294,2025-01-20 13:45:00+00:00,2025-01-20 14:00:00+00:00,0 days 00:15:00,A_short,0.001811191714890816,0.0019056994862387175,85.38154345668292,78.64436382902439,1.0279157910673258,1.027492807637154,1.032403,1.032785,1.0368902089326741,1.0380771923628462,1.0,1.0
-2016,109422,109497,1.042384592462431,1.0346953885892103,1.0450882038035965,1.0346953885892103,13.407738387513092,2.0936966209000545,0.006380240010056258,2025-01-20 14:45:00+00:00,2025-01-21 09:30:00+00:00,0 days 18:45:00,A_short,0.002147147191486352,0.0010504365705026261,77.36860704842397,26.812037109817524,1.0266102258094223,1.034812817493448,1.03436,1.037169,1.0421097741905776,1.0395251825065521,1.0,1.0
-2038,109515,109516,1.0377050207749894,1.0388498554195724,1.0388498554195724,1.034530433741283,-4.449182424502489,2.1160094188422587,-0.0021037886865477476,2025-01-21 14:00:00+00:00,2025-01-21 14:15:00+00:00,0 days 00:15:00,A_short,0.0009225622474689809,0.0009688872811397678,73.84853229134885,78.98874970893615,1.0336862157104554,1.0332938578653774,1.0356685,1.0358505,1.0376507842895448,1.0384071421346226,1.0,1.0
-2031,109517,109521,1.0392748770889388,1.0405326647373676,1.0405326647373676,1.0358820057878968,-4.666611272683436,2.112044558724614,-0.0022108601583613534,2025-01-21 14:30:00+00:00,2025-01-21 15:30:00+00:00,0 days 01:00:00,A_short,0.0009957023103211475,0.0012088630851374083,79.675649554219,76.03155292707198,1.0331493969052021,1.033254321819817,1.036097,1.0369410000000001,1.039044603094798,1.0406276781801833,1.0,1.0
-2016,109595,109620,1.044544394779712,1.0413170975363795,1.0457343008212068,1.0413170975363795,4.403682858303666,2.10254838425462,0.002091214608102061,2025-01-22 10:00:00+00:00,2025-01-22 16:15:00+00:00,0 days 06:15:00,A_short,0.0009308839264271139,0.0008436220189506757,80.82493380070248,34.725455444877056,1.0394862114274606,1.0407472150702677,1.0418965,1.0428004999999998,1.0443067885725394,1.044853784929732,1.0,1.0
2030,109680,109692,1.0397051448758075,1.0415934493508892,1.0389488502163702,1.0415934493508892,1.720740011275761,2.112518073140097,0.0008152842006658825,2025-01-23 07:15:00+00:00,2025-01-23 10:15:00+00:00,0 days 03:00:00,A_long,0.0005561637326215435,0.000666186043687641,27.84971270587309,72.84624440464653,1.039757746640802,1.0389356563904693,1.040642,1.0403455,1.0415262533591982,1.0417553436095306,1.0,1.0
-2016,109780,109781,1.0477441019164242,1.0490005444451522,1.0490005444451522,1.0434783666645433,-4.646506741448178,2.1135186035324693,-0.002199787951746055,2025-01-24 08:15:00+00:00,2025-01-24 08:30:00+00:00,0 days 00:15:00,A_short,0.0012290598770544495,0.0012731852267805236,74.16123630368048,79.18270834940765,1.0434650946390749,1.043202772116805,1.0453670000000002,1.0456005,1.0472689053609254,1.047998227883195,1.0,1.0
-2009,109782,109784,1.0488739984990756,1.0504878222721366,1.0504878222721366,1.04437653318359,-5.350980909044157,2.1088089489646826,-0.0025393943288306757,2025-01-24 08:45:00+00:00,2025-01-24 09:15:00+00:00,0 days 00:30:00,A_short,0.0012460938632097743,0.001322266057255344,80.48412179917162,84.88440439817649,1.0429936179001082,1.0426033407606983,1.045836,1.0463524999999998,1.0486783820998917,1.0501016592393013,1.0,1.0
-2004,109879,109883,1.0486440195486244,1.049815281441318,1.049815281441318,1.0454741556760458,-4.449865052549826,2.102656219591922,-0.0021174883962475147,2025-01-27 09:00:00+00:00,2025-01-27 10:00:00+00:00,0 days 01:00:00,A_short,0.0009571477076186572,0.0010630245072059004,72.65260709524861,68.99868081889655,1.0446636403464904,1.0446020806994394,1.0465944999999999,1.0471005,1.0485253596535093,1.0495989193005606,1.0,1.0
2013,110065,110066,1.042245377336042,1.0414446827619184,1.0414446827619184,1.0442659517142445,-3.7090322231995723,2.097234045488597,-0.0017678558660362475,2025-01-29 07:30:00+00:00,2025-01-29 07:45:00+00:00,0 days 00:15:00,A_long,0.0005747291163921956,0.0006047652342065874,21.308866369559738,19.42859475143193,1.0424347479248548,1.0420495460968078,1.043625,1.0435355000000002,1.0448152520751453,1.0450214539031926,1.0,1.0
2011,110067,110074,1.0417753343217468,1.0408542817189521,1.0408542817189521,1.0437571548431435,-3.946320863149138,2.094084078928923,-0.0018836762074931747,2025-01-29 08:00:00+00:00,2025-01-29 09:45:00+00:00,0 days 01:45:00,A_long,0.0006667965363123926,0.0008088286617830218,38.36521535287962,22.26937004570655,1.0419122245050938,1.040439309747525,1.04348,1.0427495,1.0450477754949061,1.045059690252475,1.0,1.0
-2005,110098,110113,1.04242458880164,1.0389599475187778,1.0437066841604072,1.0389599475187778,4.860017774477207,2.0865879976612187,0.0023252991542422902,2025-01-29 15:45:00+00:00,2025-01-29 19:30:00+00:00,0 days 03:45:00,A_short,0.0009903830047386447,0.001339546565146327,66.19732670238567,57.315520899457574,1.0382265752953639,1.0399558394945845,1.0400925,1.041635,1.0419584247046363,1.0433141605054157,1.0,0.0
-2004,110187,110213,1.0455043069207257,1.04056758918385,1.0473308036053832,1.04056758918385,7.802938304802243,2.0902440398967848,0.0037242140114098227,2025-01-30 14:00:00+00:00,2025-01-30 20:30:00+00:00,0 days 06:30:00,A_short,0.0017104692705546157,0.0010455115238213952,66.11270337114516,21.105716169182074,1.0377478008055465,1.0403191395901534,1.04075,1.042153,1.0437521991944536,1.0439868604098468,1.0,0.0
-2020,110258,110260,1.0410147178445261,1.0391889152117202,1.0417503615960932,1.0391889152117202,1.587115648881234,2.101005669386809,0.00075474515663392,2025-01-31 07:45:00+00:00,2025-01-31 08:15:00+00:00,0 days 00:30:00,A_short,0.0006571500416229776,0.0007634593645968118,65.84144837785448,44.081082425199966,1.037750903041518,1.0377936041399898,1.0391575,1.0392195,1.040564096958482,1.0406453958600101,1.0,1.0
-2018,110296,110301,1.0424145897168378,1.0368564406081782,1.0444211864639406,1.0368564406081782,9.118360431677118,2.0979844695979413,0.004334660736784632,2025-01-31 17:15:00+00:00,2025-01-31 18:30:00+00:00,0 days 01:15:00,A_short,0.0016165235572903405,0.001909182763663563,76.92169623961499,38.101021746802175,1.0353958231443061,1.0351417992144176,1.038797,1.0392875,1.0421981768556938,1.0434332007855822,1.0,0.0
-2058,110373,110375,1.0270359972910146,1.0284135018358567,1.0284135018358567,1.0231994944924299,-4.949961887886571,2.1150575346015508,-0.002341913331908302,2025-02-03 12:30:00+00:00,2025-02-03 13:00:00+00:00,0 days 00:30:00,A_short,0.0011027513258964295,0.0014062443292288704,69.17588617645367,68.4863228363586,1.0221232291225115,1.022534535027466,1.0244449999999998,1.0248789999999999,1.0267667708774881,1.0272234649725338,1.0,1.0
-2047,110385,110385,1.0300957172404956,1.0325287966866348,1.0325287966866348,1.0230136099400953,-7.091609816251218,2.1110961900044183,-0.0033631745527330998,2025-02-03 15:30:00+00:00,2025-02-03 15:30:00+00:00,0 days 00:00:00,A_short,0.002220686495903023,0.002220686495903023,79.63517165251793,79.63517165251793,1.0223653048888492,1.0223653048888492,1.026342,1.026342,1.030318695111151,1.030318695111151,1.0,1.0
-2035,110386,110475,1.0326454838650632,1.0354248237950836,1.0354248237950836,1.0247655286147488,-7.760218295635798,2.1042615380441996,-0.0036928211505632873,2025-02-03 15:45:00+00:00,2025-02-04 14:00:00+00:00,0 days 22:15:00,A_short,0.00219126162978262,0.0008707758643578095,71.45867028789499,75.4402469420156,1.0222279719671465,1.0315792002388107,1.026705,1.033327,1.0311820280328534,1.0350747997611895,1.0,1.0
-2012,110545,110552,1.040604755367635,1.0416321660355452,1.0416321660355452,1.0379035018933642,-4.161880606766989,2.0947303429315993,-0.0019878144107470753,2025-02-05 07:30:00+00:00,2025-02-05 09:15:00+00:00,0 days 01:45:00,A_short,0.0007825643590049483,0.000840571809680462,72.04876395726505,72.74150895825335,1.0366240777831481,1.0366115051453433,1.0383805,1.0391620000000001,1.0401369222168517,1.041712494854657,1.0,1.0
2015,110644,110644,1.0372649215675507,1.0364513371596635,1.0364513371596635,1.0392459885210095,-3.728641712560269,2.0892691306676685,-0.0017839632853430003,2025-02-06 08:15:00+00:00,2025-02-06 08:15:00+00:00,0 days 00:00:00,A_long,0.0006392564957986387,0.0006392564957986387,16.6541662884693,16.6541662884693,1.0371862355050225,1.0371862355050225,1.0385985,1.0385985,1.0400107644949774,1.0400107644949774,1.0,1.0
2013,110645,110659,1.0363748401149488,1.0355028922050415,1.0355028922050415,1.0385713233848755,-3.8405760802234656,2.0853449375800706,-0.0018409234788599295,2025-02-06 08:30:00+00:00,2025-02-06 12:00:00+00:00,0 days 03:30:00,A_long,0.0006553556296921661,0.0007044391189078968,16.151532107881536,39.773793055084255,1.0367095649584852,1.0348806595118036,1.0384509999999998,1.0365794999999998,1.0401924350415144,1.038278340488196,1.0,1.0
-2004,110740,110741,1.0390948935624988,1.039844333828726,1.039844333828726,1.0372669985138216,-3.5849753993651987,2.083097105846007,-0.0017216039564870089,2025-02-07 08:15:00+00:00,2025-02-07 08:30:00+00:00,0 days 00:15:00,A_short,0.0005266855429688631,0.0005111274705730175,81.57552054843275,83.6902827450954,1.0369009792570612,1.0367666018135615,1.0380340000000001,1.038133,1.039167020742939,1.0394993981864384,1.0,1.0
-1999,110742,110750,1.039724835905039,1.0379699411059369,1.0404233529646876,1.0379699411059369,1.4313787737827877,2.0766559296224703,0.0006886893395918242,2025-02-07 08:45:00+00:00,2025-02-07 10:45:00+00:00,0 days 02:00:00,A_short,0.0004856438078299616,0.0005373222174435665,82.07054408774877,38.268449064084415,1.0366858878890053,1.0370653205437752,1.0382235,1.038664,1.0397611121109946,1.0402626794562249,1.0,1.0
2013,110772,110776,1.0334545728771987,1.031024719854557,1.031024719854557,1.0403658404363292,-6.96919254271215,2.077898408134512,-0.003350019207297014,2025-02-07 16:15:00+00:00,2025-02-07 17:15:00+00:00,0 days 01:00:00,A_long,0.0020199245494866205,0.0023572018776866583,25.101819430596578,29.572629960388966,1.0342956843212836,1.0318746017618967,1.0370435,1.036062,1.0397913156787164,1.0402493982381034,1.0,1.0
-2006,110840,110860,1.0331154408507677,1.0306795620661469,1.0340534793112843,1.0306795620661469,2.8163864540236903,2.069986387925665,0.0013589781234961806,2025-02-10 09:15:00+00:00,2025-02-10 14:15:00+00:00,0 days 05:00:00,A_short,0.0006918461692610146,0.0007500984956598187,70.3295955710636,32.95311302558838,1.0306712691199518,1.030688331926477,1.031758,1.0322205,1.0328447308800481,1.033752668073523,1.0,1.0
-2013,110934,110935,1.0312856083319604,1.0320068027698805,1.0320068027698805,1.0294995916903582,-3.528468215307327,2.076703811774003,-0.0016996655720874815,2025-02-11 08:45:00+00:00,2025-02-11 09:00:00+00:00,0 days 00:15:00,A_short,0.0005473575560248171,0.0005423765485548428,77.39254870225702,77.392548702257,1.029758569121502,1.0297142147876146,1.030556,1.0306435,1.031353430878498,1.0315727852123855,1.0,1.0
-2004,110961,110965,1.034015358482968,1.0349682916246308,1.0349682916246308,1.0314951251261077,-3.9827996332998064,2.073121617407814,-0.0019220458868543294,2025-02-11 15:30:00+00:00,2025-02-11 16:30:00+00:00,0 days 01:00:00,A_short,0.0007444328400111218,0.0007212066438233743,67.38282779138872,77.17859944475457,1.0311622259318864,1.0311351245819877,1.032501,1.0330664999999999,1.0338397740681133,1.034997875418012,1.0,1.0
-1994,111027,111040,1.0374850409093404,1.0381967373905232,1.0381967373905232,1.0356897878284308,-3.488577516443577,2.0694547329649637,-0.0016863253939539036,2025-02-12 08:00:00+00:00,2025-02-12 11:15:00+00:00,0 days 03:15:00,A_short,0.0005513103376000862,0.0006025368552234566,77.98756215746715,74.65477178082934,1.0350262818535645,1.0357906599182676,1.0361495,1.037067,1.0372727181464356,1.0383433400817323,1.0,1.0
1999,111050,111056,1.0328845207109256,1.037097087067732,1.0313809709774227,1.037097087067732,6.3519735302813185,2.0689466169747686,0.0030764093073347536,2025-02-12 13:45:00+00:00,2025-02-12 15:15:00+00:00,0 days 01:30:00,A_long,0.0011814098496392637,0.0014719457883063682,21.567407388377532,52.40922223532779,1.0342202744938929,1.0328102593598585,1.0369160000000002,1.0362055,1.0396117255061075,1.0396007406401413,1.0,1.0
-1990,111064,111109,1.0409647224205152,1.0432227328398969,1.0432227328398969,1.0346518014803094,-6.567207252553639,2.07376651798411,-0.003170236297094059,2025-02-12 17:15:00+00:00,2025-02-13 04:30:00+00:00,0 days 11:15:00,A_short,0.001714195939925449,0.0006547896206393762,74.37763977974245,82.54252826577027,1.0318114117061787,1.0379209756979084,1.0364309999999999,1.040534,1.041050588293821,1.0431470243020917,1.0,0.0
1988,111140,111151,1.0388850698295902,1.0424926534899788,1.037515782170007,1.0424926534899788,5.102986859872891,2.0688894569796514,0.002470816910623012,2025-02-13 12:15:00+00:00,2025-02-13 15:00:00+00:00,0 days 02:45:00,A_long,0.0010399350994394134,0.0014156208336006924,32.5348028389657,65.06998922919371,1.0395765127652836,1.0373773623183984,1.0416915,1.04026,1.0438064872347164,1.0431426376816015,1.0,1.0
-1977,111216,111220,1.0469241769626416,1.0476247097163174,1.0476247097163174,1.0451258708510476,-3.455414828499137,2.0704615744821506,-0.001669468749958504,2025-02-14 07:15:00+00:00,2025-02-14 08:15:00+00:00,0 days 01:00:00,A_short,0.0005125125728959824,0.0006057586487798903,68.54729512472659,76.28523241017147,1.044760438660719,1.0445391354689801,1.0457305,1.0459904999999998,1.0467005613392808,1.0474418645310195,1.0,1.0
-1972,111221,111221,1.0477241037468197,1.0485469103785359,1.0485469103785359,1.0456392688643923,-3.6894978976719246,2.0669232199276006,-0.0017857202407467404,2025-02-14 08:30:00+00:00,2025-02-14 08:30:00+00:00,0 days 00:00:00,A_short,0.0006263241622759175,0.0006263241622759175,81.07775922219069,81.07775922219069,1.044308181104365,1.044308181104365,1.046133,1.046133,1.0479578188956349,1.0479578188956349,1.0,1.0
-1967,111222,111231,1.04844403785258,1.0463052330158065,1.049311588994731,1.0463052330158065,2.146843206034264,2.060185907899058,0.0010409999598783041,2025-02-14 08:45:00+00:00,2025-02-14 11:00:00+00:00,0 days 02:15:00,A_short,0.0007094809406391546,0.0007245033286871277,63.60528682393235,46.06408367592515,1.0442867655095924,1.0454476234069754,1.0462230000000001,1.0471695,1.0481592344904078,1.0488913765930248,1.0,1.0
-1967,111244,111246,1.049773916131276,1.0510048507568297,1.0510048507568297,1.0465054477295106,-4.487364325698543,2.066115917234452,-0.002173157452230364,2025-02-14 14:15:00+00:00,2025-02-14 14:45:00+00:00,0 days 00:30:00,A_short,0.0009417255465992801,0.000990362743890121,77.96982406707112,81.87165419190467,1.0454865206782362,1.044978247063548,1.0475720000000002,1.0478625,1.0496574793217641,1.0507467529364518,1.0,1.0
1967,111317,111384,1.0475258605604671,1.0466231778879855,1.0466231778879855,1.049890466336043,-3.835172396085388,2.0595955793140535,-0.0018612974296048756,2025-02-17 08:30:00+00:00,2025-02-18 01:15:00+00:00,0 days 16:45:00,A_long,0.0006672604142326867,0.0004852225715757957,24.60847855941995,22.62499603527803,1.0477108690544095,1.0469776860025655,1.0488870000000001,1.0479889999999998,1.0500631309455908,1.0490003139974342,1.0,0.0
1970,111511,111514,1.0441255493932238,1.04332118531393,1.04332118531393,1.0461964440582106,-3.640732269895433,2.0561350336865463,-0.0017699858486572347,2025-02-19 09:00:00+00:00,2025-02-19 09:45:00+00:00,0 days 00:45:00,A_long,0.0006058106066063087,0.0006572580452485922,27.811434355914585,17.104622459904064,1.044193529752491,1.0433162124864779,1.0452059999999999,1.0449614999999999,1.0462184702475088,1.0466067875135219,1.0,1.0
1969,111515,111517,1.0429754441454797,1.0420812903457017,1.0420812903457017,1.0452361289628946,-3.8133271868694005,2.0527383551065683,-0.001856881845008594,2025-02-19 10:00:00+00:00,2025-02-19 10:30:00+00:00,0 days 00:30:00,A_long,0.0006456236392154707,0.0006333795334551812,16.711857389722155,12.571408284428372,1.0429544867649538,1.0421758936233878,1.0448435,1.044559,1.0467325132350462,1.0469421063766122,1.0,1.0
1969,111541,111603,1.040755240971574,1.043837781589542,1.0396007394701525,1.043837781589542,4.0172406460679655,2.0522818307114186,0.0019603495868855403,2025-02-19 16:30:00+00:00,2025-02-20 08:00:00+00:00,0 days 15:30:00,A_long,0.0008823548271120102,0.0005578838914727143,30.50848916145675,69.60246693601259,1.0412541878801078,1.0423270381017204,1.0426945,1.04297,1.0441348121198923,1.0436129618982795,1.0,1.0
-1962,111633,111638,1.0465142144857504,1.0478086617557203,1.0478086617557203,1.0430540147328395,-4.594236285273741,2.054530741592883,-0.0022375316796258427,2025-02-20 15:30:00+00:00,2025-02-20 16:45:00+00:00,0 days 01:15:00,A_short,0.0009558112680201598,0.0008371675563943965,71.61265714774217,68.2961986152483,1.0428077689123059,1.0428311336776352,1.04466,1.045468,1.046512231087694,1.0481048663223649,1.0,1.0
1957,111701,111715,1.0472758376805227,1.0461691527896833,1.0461691527896833,1.0498525416309505,-4.214218254547854,2.0484359231750964,-0.002056198862416105,2025-02-21 08:30:00+00:00,2025-02-21 12:00:00+00:00,0 days 03:30:00,A_long,0.0008783896518954276,0.0006430611218598032,39.921709771355765,28.458183724862366,1.047917350041042,1.0453744626839279,1.0493970000000001,1.0475150000000002,1.0508766499589584,1.0496555373160725,1.0,1.0
1949,111794,111796,1.049025997840133,1.047957769694407,1.047957769694407,1.051846690916779,-4.12548733748269,2.043510681462409,-0.002017795587384517,2025-02-24 07:45:00+00:00,2025-02-24 08:15:00+00:00,0 days 00:30:00,A_long,0.0007754996651505657,0.0009023975262686529,29.077522555651313,21.31994636356457,1.049454434643512,1.0483346519007353,1.0511605,1.0507605000000002,1.052866565356488,1.0531863480992651,1.0,1.0
1947,111797,111803,1.0478958944227847,1.0467171229684777,1.0467171229684777,1.051048631094567,-4.334173793966131,2.0391057724303945,-0.0021243312192083842,2025-02-24 08:30:00+00:00,2025-02-24 10:00:00+00:00,0 days 01:30:00,A_long,0.000903411189432828,0.0007979939292053801,21.31994636356457,27.76468968796175,1.0478800984268706,1.0460521380489571,1.0505470000000001,1.0493815,1.0532139015731297,1.0527108619510428,1.0,1.0
1946,111891,111891,1.0465157681254917,1.0457171210741374,1.0457171210741374,1.0484486367775878,-3.5899097631268058,2.035742601191239,-0.0017627670333706202,2025-02-25 08:00:00+00:00,2025-02-25 08:00:00+00:00,0 days 00:00:00,A_long,0.0007878570020117882,0.0007878570020117882,57.28408668964114,57.28408668964114,1.0467520750031802,1.0467520750031802,1.0473919999999999,1.0473919999999999,1.0480319249968195,1.0480319249968195,1.0,1.0
-1938,111907,111907,1.0488340021598666,1.0497047272221878,1.0497047272221878,1.0465258183334367,-3.720949199549736,2.033484028771211,-0.0018305989537510097,2025-02-25 12:00:00+00:00,2025-02-25 12:00:00+00:00,0 days 00:00:00,A_short,0.0006846363271355388,0.0006846363271355388,75.99362433222993,75.99362433222993,1.0458296397069387,1.0458296397069387,1.0473685,1.0473685,1.0489073602930612,1.0489073602930612,1.0,1.0
-1933,111908,111913,1.0492839609759668,1.0502015635925626,1.0502015635925626,1.0469153092223122,-3.802878617375149,2.0291527594954837,-0.001874940866388703,2025-02-25 12:15:00+00:00,2025-02-25 13:30:00+00:00,0 days 01:15:00,A_short,0.0006840181501841355,0.0007276072441630572,77.73406460360977,79.68041537619622,1.0456593075124645,1.0457443234403692,1.0474855,1.0482195,1.0493116924875356,1.050694676559631,1.0,1.0
1933,112007,112018,1.047745880694818,1.050231825713514,1.0467893914288287,1.050231825713514,2.7776362678953523,2.027695453243653,0.0013714739346325207,2025-02-26 13:00:00+00:00,2025-02-26 15:45:00+00:00,0 days 02:45:00,A_long,0.000793550634734794,0.0008847308059537619,44.39674792997058,67.0901966795229,1.048109080169607,1.047780773336085,1.0494515,1.0490355,1.050793919830393,1.050290226663915,1.0,1.0
-1929,112020,112024,1.0509038127139274,1.052109320038192,1.052109320038192,1.0477120398854243,-4.353779795045638,2.028356166539419,-0.0021476883643727586,2025-02-26 16:15:00+00:00,2025-02-26 17:15:00+00:00,0 days 01:00:00,A_short,0.0009166200275830532,0.0009393699675614836,68.06817449338791,78.90270425170645,1.047501456771693,1.047130229431206,1.0491555,1.0496690000000002,1.0508095432283069,1.0522077705687944,1.0,1.0
1941,112107,112115,1.0424053919792067,1.040626587035813,1.040626587035813,1.047400238892561,-5.474242930761394,2.0215825356340766,-0.0027055893557365015,2025-02-27 14:00:00+00:00,2025-02-27 16:00:00+00:00,0 days 02:00:00,A_long,0.001449687140801739,0.0012565813961220697,27.27085726263951,23.239492927212723,1.0441341317359263,1.0390886091391212,1.0472435,1.044798,1.0503528682640737,1.0505073908608786,1.0,1.0
-1934,112284,112287,1.0435944817235003,1.0448481655313488,1.0448481655313488,1.0402555034059537,-4.444148524274469,2.0195240398954395,-0.002201913838870591,2025-03-03 10:15:00+00:00,2025-03-03 11:00:00+00:00,0 days 00:45:00,A_short,0.0009292306615296009,0.0009429095595201584,75.73710326992344,76.51125988154706,1.0389087339175516,1.0384358934898488,1.0411920000000001,1.0416035,1.0434752660824487,1.044771106510151,1.0,1.0
-1915,112373,112386,1.0515837504804788,1.053033466119689,1.053033466119689,1.0476596016409332,-4.791376433982093,2.0151709848946604,-0.00237929147000129,2025-03-04 08:30:00+00:00,2025-03-04 11:45:00+00:00,0 days 03:15:00,A_short,0.0011022810864419943,0.0011489195207687588,77.20671507842523,77.2127678336071,1.0462942959363337,1.0483898058675873,1.048695,1.05112,1.0510957040636661,1.0538501941324128,1.0,1.0
-1886,112465,112465,1.0651325103874947,1.0665417534760409,1.0665417534760409,1.0611747395718771,-4.6680012958214,2.0101688308233143,-0.0023237298611584116,2025-03-05 07:30:00+00:00,2025-03-05 07:30:00+00:00,0 days 00:00:00,A_short,0.0012410441771406992,0.0012410441771406992,79.33721370436916,79.33721370436916,1.059534891839676,1.059534891839676,1.0624415,1.0624415,1.065348108160324,1.065348108160324,1.0,1.0
-1880,112466,112467,1.0662224106309373,1.0678192530125687,1.0678192530125687,1.0618622409622938,-5.0080628412921,2.0059991638248955,-0.002498412326445947,2025-03-05 07:45:00+00:00,2025-03-05 08:00:00+00:00,0 days 00:15:00,A_short,0.001400904953521939,0.0015261176263856816,82.78308585063476,84.67084609889051,1.0593104937207507,1.0591214176961137,1.0627939999999998,1.0631735,1.0662775062792489,1.0672255823038863,1.0,1.0
-1872,112468,112471,1.0681022385737557,1.0700213411516628,1.0700213411516628,1.0626959765450115,-5.593843696465011,2.0012836706229917,-0.002797638896216332,2025-03-05 08:15:00+00:00,2025-03-05 09:00:00+00:00,0 days 00:45:00,A_short,0.0014279686095342665,0.0014789709733768527,85.99300683251354,88.36654597959007,1.059010118443057,1.058982395268265,1.0635745,1.0647769999999999,1.0681388815569433,1.0705716047317346,1.0,1.0
-1855,112493,112493,1.075021605256896,1.0772566096263765,1.0772566096263765,1.0684301711208708,-6.1421711496906415,1.9962380443042353,-0.0030800715638929018,2025-03-05 14:30:00+00:00,2025-03-05 14:30:00+00:00,0 days 00:00:00,A_short,0.001974995841271851,0.001974995841271851,79.76005965204453,79.76005965204453,1.0660738412238453,1.0660738412238453,1.0704535,1.0704535,1.0748331587761546,1.0748331587761546,1.0,1.0
-1847,112494,112499,1.0761215045851407,1.078549995009526,1.078549995009526,1.0690700149714214,-6.475260943715547,1.9898391298756748,-0.0032578348813263446,2025-03-05 14:45:00+00:00,2025-03-05 16:00:00+00:00,0 days 01:15:00,A_short,0.001919663062435605,0.0019391601744077544,81.34315907889011,73.36711369076782,1.0655363639901072,1.0659617724440367,1.070741,1.0724015,1.0759456360098927,1.0788412275559633,1.0,1.0
-1828,112658,112660,1.0836608145260191,1.0846027201315642,1.0846027201315642,1.081271839605307,-3.703596317613436,1.9817928706770311,-0.0018696231751813572,2025-03-07 07:45:00+00:00,2025-03-07 08:15:00+00:00,0 days 00:30:00,A_short,0.000761408983907584,0.0008703027479128104,67.47389207404082,79.35433493194469,1.0795876255235852,1.0795133081656851,1.0815195,1.0819165000000002,1.0834513744764147,1.0843196918343152,1.0,1.0
-1823,112661,112663,1.0846807211758462,1.0858243632974955,1.0858243632974955,1.0816469101075137,-4.063274972264129,1.9784153844974512,-0.002054885479544329,2025-03-07 08:30:00+00:00,2025-03-07 09:00:00+00:00,0 days 00:30:00,A_short,0.0008689290481911135,0.0011407511517524485,81.05137546835435,85.6851064716683,1.0793924835600675,1.0792443657893813,1.0821295000000002,1.0826495,1.084866516439933,1.0860546342106188,1.0,1.0
-1816,112664,112681,1.0866505408818847,1.088118901382103,1.088118901382103,1.0826432958536911,-4.641233321972258,1.974690653575701,-0.0023519476825328988,2025-03-07 09:15:00+00:00,2025-03-07 13:30:00+00:00,0 days 04:15:00,A_short,0.0011233176648521455,0.001435900231382744,79.20187329949223,71.12776800368141,1.079301816823741,1.084095164079073,1.082935,1.085634,1.086568183176259,1.087172835920927,1.0,1.0
1821,112760,112766,1.0812189438617685,1.0848404199449995,1.0798131933516668,1.0848404199449995,4.622510896817469,1.9721970507460622,0.002347763527210325,2025-03-10 08:15:00+00:00,2025-03-10 09:45:00+00:00,0 days 01:30:00,A_long,0.0010356936904628597,0.0012683488786936052,34.88134050073401,66.21832089990465,1.0817687286756679,1.0808807474569564,1.083256,1.0831279999999999,1.0847432713243321,1.0853752525430433,1.0,1.0
-1811,112854,112858,1.0895002800505187,1.0912537258675648,1.0912537258675648,1.0846788223973056,-5.150163127029243,1.9746727523588246,-0.002610208434157716,2025-03-11 07:45:00+00:00,2025-03-11 08:45:00+00:00,0 days 01:00:00,A_short,0.001341802015463437,0.0013424597997758077,71.88250756237129,79.1169713433781,1.0827551408958658,1.082078137702052,1.085807,1.0868175,1.0888588591041342,1.091556862297948,1.0,1.0
-1803,112954,112957,1.0914401025021507,1.092549425784436,1.092549425784436,1.0885917226466926,-3.9689764377105567,1.9688665597503578,-0.002016893131727337,2025-03-12 08:45:00+00:00,2025-03-12 09:30:00+00:00,0 days 00:45:00,A_short,0.0009239186220925871,0.0009082338408111239,76.10171060685047,68.08144182583654,1.0888312038311063,1.088657235363688,1.090195,1.0904995,1.0915587961688937,1.0923417646363118,1.0,1.0
1809,113046,113062,1.0862694060366445,1.0851217120191416,1.0851217120191416,1.0892748639425751,-4.04020174394404,1.9640232662814587,-0.0020560181149531544,2025-03-13 07:45:00+00:00,2025-03-13 11:45:00+00:00,0 days 04:00:00,A_long,0.000852541319508833,0.0011008223158901179,34.723333495804695,30.655558483608473,1.086491793171386,1.0858027681626248,1.088143,1.0872499999999998,1.0897942068286142,1.0886972318373749,1.0,1.0
1809,113066,113154,1.083979196456354,1.089305804403211,1.0820580651989296,1.089305804403211,7.670097492586472,1.9657362832774767,0.003911482305461206,2025-03-13 12:45:00+00:00,2025-03-14 10:45:00+00:00,0 days 22:00:00,A_long,0.0015059529118842305,0.0014125988096512772,22.910276586745724,79.45568467072837,1.08421324322102,1.082091785683593,1.0867895,1.0852805,1.08936575677898,1.0884692143164072,1.0,1.0
-1807,113155,113251,1.0893702919480899,1.0911751185715814,1.0911751185715814,1.0843946442852557,-5.231444487053796,1.970122778404523,-0.0026575897563482285,2025-03-14 11:00:00+00:00,2025-03-17 11:00:00+00:00,3 days 00:00:00,A_short,0.0014255856350311232,0.0007631094333993909,78.26960018136177,74.59876210694836,1.0818806034935562,1.086451209853715,1.0855184999999998,1.088798,1.0891563965064435,1.091144790146285,1.0,1.0
-1796,113269,113335,1.0926399926784178,1.0937351880120854,1.0937351880120854,1.0897144359637438,-3.930335731526958,1.9633649122600718,-0.0020028398545510967,2025-03-17 15:30:00+00:00,2025-03-18 08:00:00+00:00,0 days 16:30:00,A_short,0.0007806357865061608,0.0007797430245851573,75.40732895768588,85.04837538488383,1.0889392890844316,1.0893371077422471,1.090712,1.0914404999999998,1.0924847109155682,1.0935438922577525,1.0,1.0
-1790,113336,113350,1.094599813299654,1.0919029251114933,1.0956456916295023,1.0919029251114933,2.870509905929509,1.9569199508779769,0.0014650439361220912,2025-03-18 08:15:00+00:00,2025-03-18 11:45:00+00:00,0 days 03:30:00,A_short,0.0007837772879738,0.0008346158068089663,86.71794063144861,28.11549756316826,1.0890195420552236,1.0914637458882457,1.091662,1.0937044999999999,1.0943044579447763,1.095945254111754,1.0,1.0
1799,113428,113429,1.0907898197060384,1.0898817455674739,1.0898817455674739,1.0931147632975782,-3.595139448241113,1.9615140729635243,-0.001832076065524526,2025-03-19 07:15:00+00:00,2025-03-19 07:30:00+00:00,0 days 00:15:00,A_long,0.0006837393123800099,0.0010819074040626835,21.281197388073878,10.871883517787793,1.0911614626857384,1.0899970698591381,1.0930104999999999,1.0927114999999998,1.0948595373142613,1.0954259301408615,1.0,1.0
1800,113430,113468,1.088319593652188,1.0869217111151248,1.0869217111151248,1.0921148666546254,-4.473905741004521,1.9577171742905817,-0.002283798990612792,2025-03-19 07:45:00+00:00,2025-03-19 17:15:00+00:00,0 days 09:30:00,A_long,0.0011696530835210023,0.0007937907967206265,25.897464388015393,26.20305883440888,1.0894413687297793,1.086742815483445,1.0924695,1.088908,1.0954976312702207,1.0910731845165549,1.0,1.0
1798,113526,113531,1.0868494591181155,1.085802861747981,1.085802861747981,1.0895914147560577,-3.8349965079605814,1.9532144364586208,-0.001962482948004927,2025-03-20 07:45:00+00:00,2025-03-20 09:00:00+00:00,0 days 01:15:00,A_long,0.0008680442931250335,0.0009524648687766601,34.59820890018075,22.738021150316555,1.0874344315935056,1.085701935512235,1.0897295,1.0886384999999998,1.0920245684064944,1.0915750644877646,1.0,1.0
1799,113533,113548,1.0841392110995185,1.0826742365364723,1.0826742365364723,1.0882172903905831,-4.584537935068639,1.9490486961485738,-0.002350603373416961,2025-03-20 09:30:00+00:00,2025-03-20 13:15:00+00:00,0 days 03:45:00,A_long,0.001184829168103376,0.0010717770428636927,27.80779185334488,24.07426879946344,1.0845020211480938,1.0825435344937617,1.0880249999999998,1.0845295,1.0915479788519058,1.0865154655062381,1.0,1.0
1801,113655,113713,1.0806988962714843,1.0843185840357397,1.0793871386547533,1.0843185840357397,4.569459422407254,1.9495982410166552,0.0023477205656962283,2025-03-21 16:00:00+00:00,2025-03-24 06:30:00+00:00,2 days 14:30:00,A_long,0.0010170665271224556,0.0005263053991527742,31.74793727564169,77.07635725184797,1.0808787667129582,1.0815122917759874,1.0831695,1.082698,1.0854602332870416,1.0838837082240125,1.0,0.0
1807,113743,113815,1.0794087782109714,1.0780736036114942,1.0780736036114942,1.083099189165517,-4.361945833231871,1.9492853319765977,-0.0022363314428378717,2025-03-24 14:00:00+00:00,2025-03-25 08:00:00+00:00,0 days 18:00:00,A_long,0.0011060640583652641,0.0006610650178502178,30.61582855388039,23.173429490934723,1.0802112251520515,1.078459098485274,1.0831979999999999,1.0798565,1.0861847748479483,1.081253901514726,1.0,1.0
1805,113816,113823,1.0781386619808542,1.0804298340642604,1.0772567219785798,1.0804298340642604,2.1874575428675374,1.948108067680716,0.0011240556322849246,2025-03-25 08:15:00+00:00,2025-03-25 10:00:00+00:00,0 days 01:45:00,A_long,0.0006755896821368767,0.000781919229978424,21.46374932051262,71.77387057937531,1.0780980906588389,1.0779078332670788,1.0797485,1.0795355,1.0813989093411611,1.0811631667329211,1.0,1.0
-1804,113915,113932,1.07980116779236,1.0775298373237208,1.0806900542254265,1.0775298373237208,2.15156759881051,1.9459125666147048,0.001104522759981407,2025-03-26 09:00:00+00:00,2025-03-26 13:15:00+00:00,0 days 04:15:00,A_short,0.0006625947183635379,0.0008145665296788266,70.44577381829812,22.84984609562916,1.0778214400214041,1.0778462776430986,1.078753,1.079186,1.079684559978596,1.0805257223569014,1.0,1.0
1811,113933,113948,1.0771485713762745,1.0760725201643855,1.0760725201643855,1.0799824395068438,-3.8984704431210986,1.9497416983900677,-0.0019984817460314405,2025-03-26 13:30:00+00:00,2025-03-26 17:15:00+00:00,0 days 03:45:00,A_long,0.0008579576590549723,0.0010720397717560602,28.72952874339495,22.043693447286913,1.0775296750755874,1.0765900033233358,1.0790975,1.0782835,1.0806653249244127,1.0799769966766641,1.0,1.0
1809,113949,113957,1.0757684450789815,1.0743935522738928,1.0743935522738928,1.0795393431783216,-4.432002611011195,1.9448215266056748,-0.0022774174265590094,2025-03-26 17:30:00+00:00,2025-03-26 19:30:00+00:00,0 days 02:00:00,A_long,0.0011851011355219381,0.0007947007315918232,27.565604897349814,30.355545487861363,1.0762133600769341,1.0738013927696148,1.078135,1.0769674999999999,1.080056639923066,1.0801336072303849,1.0,0.0
-1799,114020,114037,1.079491196163491,1.0807607203541483,1.0807607203541483,1.0761178389375547,-4.227020617900081,1.9431465989076164,-0.0021766274308366567,2025-03-27 11:15:00+00:00,2025-03-27 15:30:00+00:00,0 days 04:15:00,A_short,0.0010196313668849916,0.001219960737698689,59.27723688705743,72.13781191160831,1.0754438276259255,1.077124976933923,1.0771929999999998,1.078859,1.0789421723740742,1.080593023066077,1.0,1.0
-1792,114038,114108,1.081451016784727,1.0771681413442846,1.0830239528852386,1.0771681413442846,5.740790023589328,1.9341227656835946,0.002962284755996189,2025-03-27 15:45:00+00:00,2025-03-28 09:15:00+00:00,0 days 17:30:00,A_short,0.0013706326393388736,0.0007635410185366986,56.9966645179712,27.8300942190111,1.0771835266308927,1.0773201774377545,1.0789485,1.0785635,1.0807134733691075,1.0798068225622455,1.0,1.0
-1801,114124,114124,1.0792012227042262,1.080470137226699,1.080470137226699,1.0758295883199032,-4.2300991145911055,1.944784059617798,-0.0021763783741392687,2025-03-28 13:15:00+00:00,2025-03-28 13:15:00+00:00,0 days 00:00:00,A_short,0.0011018768859492947,0.0011018768859492947,79.42252490383565,79.42252490383565,1.075943018562612,1.075943018562612,1.077694,1.077694,1.0794449814373879,1.0794449814373879,1.0,1.0
-1795,114125,114127,1.0802811238628667,1.0817222522631391,1.0817222522631391,1.0764332432105828,-4.52722350856212,1.9403980300730903,-0.002334697915776629,2025-03-28 13:30:00+00:00,2025-03-28 14:00:00+00:00,0 days 00:30:00,A_short,0.0010642933011560315,0.0011467803017571755,77.22478946705637,83.58147098429308,1.0757386280629173,1.0752300914039337,1.0778234999999998,1.0781839999999998,1.0799083719370823,1.081137908596066,1.0,1.0
-1787,114129,114132,1.082640907876192,1.0842078515138276,1.0842078515138276,1.0783364454585174,-4.736207646969698,1.9360793665149827,-0.0024480582601758187,2025-03-28 14:30:00+00:00,2025-03-28 15:15:00+00:00,0 days 00:45:00,A_short,0.001198781648875374,0.001190738750393824,80.86630110883378,85.83301260342394,1.0748005361192237,1.0746806889450105,1.0786905,1.079561,1.0825804638807763,1.0844413110549895,1.0,1.0
1789,114226,114279,1.078848726959896,1.0828284293947277,1.077390523535091,1.0828284293947277,5.186067439554502,1.9336202163592109,0.002686997522648925,2025-03-31 14:45:00+00:00,2025-04-01 04:00:00+00:00,0 days 13:15:00,A_long,0.0012791774468788586,0.00039509730141022297,44.08228755760492,66.61601675791385,1.079235411371876,1.0816537836744367,1.081107,1.082271,1.082978588628124,1.0828882163255633,1.0,0.0
-1789,114411,114417,1.0817909856680028,1.0829816260243164,1.0829816260243164,1.0786551219270513,-4.066444698603729,1.9363891011587795,-0.0021011699046060758,2025-04-02 13:00:00+00:00,2025-04-02 14:30:00+00:00,0 days 01:30:00,A_short,0.0008731743508950466,0.0009878992711523258,79.14756478814014,77.46608403660494,1.0787057907220168,1.078602791816553,1.080223,1.0809950000000002,1.081740209277983,1.0833872081834472,1.0,1.0
-1779,114419,114422,1.0857306250800798,1.0872810152419985,1.0872810152419985,1.0814369542740045,-4.6910379521198795,1.9328938540664886,-0.0024286834332275706,2025-04-02 15:00:00+00:00,2025-04-02 15:45:00+00:00,0 days 00:45:00,A_short,0.001204511008109995,0.0011706283510570742,81.00018239892684,85.31096849207297,1.0779219987879136,1.0782033375024753,1.0815285000000001,1.082535,1.0851350012120866,1.0868666624975247,1.0,1.0
-1735,114496,114583,1.110498358135193,1.098815811650131,1.1144480627832898,1.098815811650131,18.35263810929391,1.9165800422887687,0.009525353479974845,2025-04-03 10:15:00+00:00,2025-04-04 08:00:00+00:00,0 days 21:45:00,A_short,0.0033011564545981716,0.001957065426163905,76.84264070614574,21.956258621878618,1.0906878603348222,1.1010854281671378,1.099577,1.1068905,1.1084661396651778,1.1126955718328622,1.0,1.0
1780,114775,114800,1.0924299697984734,1.0902861403090753,1.0902861403090753,1.098461579072774,-5.758633829124272,1.9426173379957186,-0.0029614598957301494,2025-04-08 08:00:00+00:00,2025-04-08 14:15:00+00:00,0 days 06:15:00,A_long,0.001729454221223385,0.0017703052209280974,39.537573596862686,32.88966994214725,1.0935794914957566,1.0907800190663477,1.0965185000000002,1.0934355,1.0994575085042437,1.0960909809336523,1.0,1.0
1766,114909,114911,1.0979304731572492,1.0937405820963817,1.0937405820963817,1.1100982537108552,-9.334593155281022,1.935245541788956,-0.0048142634872812605,2025-04-09 17:30:00+00:00,2025-04-09 18:00:00+00:00,0 days 00:30:00,A_long,0.003546801819280028,0.004091775588703654,38.55516168120302,23.305603572124326,1.0993801818403923,1.0961787482390357,1.1040305,1.1028295,1.1086808181596075,1.109480251760964,1.0,0.0
-1753,114966,114968,1.1010492229970896,1.1033091241389064,1.1033091241389064,1.094632627583281,-5.893726792869435,1.9321200912647005,-0.003053524079725479,2025-04-10 07:45:00+00:00,2025-04-10 08:15:00+00:00,0 days 00:30:00,A_short,0.0018679229892102091,0.001769951045228966,77.28584045049769,78.66032371892516,1.0961598427816217,1.0954648914995835,1.098561,1.0990075,1.100962157218378,1.1025501085004163,1.0,1.0
-1720,114995,114997,1.1184376314681603,1.1211292857749722,1.1211292857749722,1.1106921426750833,-6.555672956545461,1.9260275488290939,-0.0034078232511097904,2025-04-10 15:00:00+00:00,2025-04-10 15:30:00+00:00,0 days 00:30:00,A_short,0.0022738175041466277,0.0027186451475590383,68.77809668279927,79.39084193934124,1.1041263171685824,1.1041006701431073,1.1106515,1.1120174999999999,1.1171766828314174,1.1199343298568925,1.0,1.0
1691,115179,115179,1.1339637706148298,1.1315108666920624,1.1315108666920624,1.1409473999238127,-6.063319339242692,1.9154588058429773,-0.0031620421519082645,2025-04-14 13:00:00+00:00,2025-04-14 13:00:00+00:00,0 days 00:00:00,A_long,0.0023118185001772093,0.0023118185001772093,23.80115060268109,23.80115060268109,1.1337125611986067,1.1337125611986067,1.1378795,1.1378795,1.1420464388013931,1.1420464388013931,1.0,1.0
1689,115180,115279,1.1316735610345394,1.1287858177997872,1.1287858177997872,1.1398825466006381,-6.786356268922175,1.908957945425589,-0.0035504699080327476,2025-04-14 13:15:00+00:00,2025-04-15 14:00:00+00:00,1 days 00:45:00,A_long,0.00234890936682026,0.0018369006426344973,21.7827855474831,25.562595205471567,1.1322924398737688,1.1298164177971943,1.1374065,1.1327785000000001,1.1425205601262312,1.135740582202806,1.0,1.0
1679,115465,115570,1.1343738081379384,1.1391089118746485,1.132657029375117,1.1391089118746485,6.041650430485598,1.9085887434505668,0.0031721134170140494,2025-04-17 12:30:00+00:00,2025-04-18 14:45:00+00:00,1 days 02:15:00,A_long,0.0014129232290820753,0.0004982971033277426,43.09009630673824,79.95288965831668,1.1349294887746217,1.1368723112244705,1.136788,1.1380245,1.138646511225378,1.1391766887755295,1.0,1.0
-1654,115639,115661,1.1554142470667912,1.1501558434411312,1.1573080521862897,1.1501558434411312,6.790693131991572,1.9067064648500518,0.0035533736846579764,2025-04-21 08:00:00+00:00,2025-04-21 13:30:00+00:00,0 days 05:30:00,A_short,0.0015367043567647055,0.0015282494338455994,65.35772003280113,39.95512849055461,1.1495506824394566,1.1505640289079133,1.152144,1.1536995,1.1547373175605435,1.1568349710920869,1.0,1.0
1670,115734,115752,1.1484750985668002,1.1464991876411723,1.1464991876411723,1.1539824370764826,-5.2160747747822125,1.916303528983657,-0.002719604519618724,2025-04-22 07:45:00+00:00,2025-04-22 12:15:00+00:00,0 days 04:30:00,A_long,0.0016538089258199674,0.0013164908949903676,44.63872156537014,29.665406773935942,1.1489809657540069,1.1474739020934583,1.15247,1.1493939999999998,1.1559590342459933,1.1513140979065413,1.0,1.0
1672,115771,115788,1.1434846418831108,1.1417143646063062,1.1417143646063062,1.1483769061810818,-4.870329976242573,1.9104263694251526,-0.002547368520186208,2025-04-22 17:00:00+00:00,2025-04-22 21:15:00+00:00,0 days 04:15:00,A_long,0.0012882922287789514,0.0009663025830062333,24.226179250180607,30.196524299359126,1.1436968817842779,1.1409278216894094,1.1464915,1.142958,1.1492861182157221,1.1449881783105904,1.0,0.0
-1669,115836,115854,1.1425154276719198,1.1373940666218751,1.1443086444593749,1.1373940666218751,6.6449671195364015,1.902584472988172,0.003484772464745229,2025-04-23 09:15:00+00:00,2025-04-23 13:45:00+00:00,0 days 04:30:00,A_short,0.0014351321095485052,0.0021209076938684553,74.49081190645502,16.386852638848723,1.1366363417745005,1.1366099507043073,1.1394235,1.1404640000000001,1.1422106582254994,1.144318049295693,1.0,1.0
1689,115855,116145,1.133463724854941,1.1409952676979265,1.1308149107673577,1.1409952676979265,10.799995242591454,1.920780619210897,0.005641392138532967,2025-04-23 14:00:00+00:00,2025-04-28 14:30:00+00:00,5 days 00:30:00,A_long,0.0023927866680193205,0.0017672374391308975,39.01457463799562,70.98151742242571,1.136138716754181,1.133234023739203,1.1401755,1.135762,1.144212283245819,1.138289976260797,1.0,1.0
-1688,116146,116154,1.1397956766057145,1.1420106849269571,1.1420106849269571,1.133527945219129,-5.664778615391188,1.9258445691335748,-0.002944309731023646,2025-04-28 14:45:00+00:00,2025-04-28 16:45:00+00:00,0 days 02:00:00,A_short,0.0018356057805801193,0.0016754983636121249,57.64961568716899,68.30776657321346,1.1332509832878457,1.1338984126100011,1.1359055,1.1375715,1.1385600167121543,1.1412445873899988,1.0,1.0
1694,116341,116380,1.1332637065509856,1.1310684548775072,1.1310684548775072,1.1393946353674789,-5.636645675602425,1.9178893407299333,-0.0029361372246884307,2025-04-30 15:30:00+00:00,2025-05-01 01:15:00+00:00,0 days 09:45:00,A_long,0.0017500048106893528,0.0006050120197187026,30.94753653161925,26.975555727318252,1.1340447254423003,1.1314810689862973,1.136476,1.1323744999999998,1.1389072745576998,1.1332679310137024,1.0,0.0
1695,116433,116434,1.1291733322350959,1.127492984568694,1.127492984568694,1.1338410462939181,-4.760713998042252,1.9125247034912118,-0.0024873779291653825,2025-05-01 14:30:00+00:00,2025-05-01 14:45:00+00:00,0 days 00:15:00,A_long,0.0012701778114988073,0.0013808207699656319,28.680863655019266,25.311923265151265,1.129220080753992,1.128608776143533,1.1317665,1.1316035000000002,1.1343129192460077,1.1345982238564674,1.0,1.0
1689,116632,116664,1.1301634228396757,1.128721964352002,1.128721964352002,1.1340741069439946,-4.3422520951645085,1.907628709483372,-0.002274804801955044,2025-05-05 16:15:00+00:00,2025-05-06 00:15:00+00:00,0 days 08:00:00,A_long,0.0010330257457764696,0.0007146066740543471,17.71213860371782,21.858359777074355,1.1303636343420798,1.1298150367476294,1.1339450000000002,1.131244,1.1375263656579206,1.1326729632523704,1.0,0.0
-1679,116694,116702,1.134496161660535,1.1309645707456941,1.135798476418102,1.1309645707456941,4.027686861162652,1.9018542848550293,0.002114472159276846,2025-05-06 07:45:00+00:00,2025-05-06 09:45:00+00:00,0 days 02:00:00,A_short,0.0010194551908514586,0.0011394192544523763,65.2468000889391,34.28919915678894,1.1304258753441685,1.1307563953473319,1.132299,1.132714,1.1341721246558314,1.1346716046526681,1.0,1.0
1697,116919,116919,1.1248729387000531,1.1225925963995922,1.1225925963995922,1.1313022108012236,-5.776715390414238,1.9069745065320491,-0.0030261862926000208,2025-05-08 16:00:00+00:00,2025-05-08 16:00:00+00:00,0 days 00:00:00,A_long,0.0019032359336278706,0.0019032359336278706,20.571029477040597,20.571029477040597,1.1245800572112115,1.1245800572112115,1.1289500000000001,1.1289500000000001,1.1333199427887888,1.1333199427887888,1.0,1.0
1695,116920,116959,1.1225927300349605,1.1202061168796464,1.1202061168796464,1.1293416493610606,-5.946081321017489,1.9007720227601292,-0.0031249200933824916,2025-05-08 16:15:00+00:00,2025-05-09 02:00:00+00:00,0 days 09:45:00,A_long,0.0018148044758108089,0.0008958262101865325,23.37086695067252,23.686097515342922,1.1235230395814226,1.1207281423783735,1.1286425,1.1222145,1.1337619604185774,1.1237008576216263,1.0,0.0
-1681,117009,117035,1.1285567052880128,1.119,1.1301008238529233,1.1243775284412303,14.175750178354907,1.8890714107945747,0.007472311223578816,2025-05-09 14:30:00+00:00,2025-05-11 21:00:00+00:00,2 days 06:30:00,A_short,0.0012213727826667397,0.0012055119797077629,64.68081432774788,14.836065602661918,1.1234304424078285,1.1230147594488098,1.125668,1.125374,1.1279055575921713,1.1277332405511904,1.0,0.0
1712,117076,117076,1.116012127834825,1.1140035552305756,1.1140035552305756,1.1215893343082728,-5.347569723178886,1.908893424703983,-0.0027988767934288977,2025-05-12 07:15:00+00:00,2025-05-12 07:15:00+00:00,0 days 00:00:00,A_long,0.0020776545556953603,0.0020776545556953603,9.241201570999834,9.241201570999834,1.1161481307912853,1.1161481307912853,1.1217955,1.1217955,1.1274428692087146,1.1274428692087146,1.0,1.0
1714,117077,117079,1.1116517288085954,1.1090168145331656,1.1090168145331656,1.1189895564005032,-6.419356009730625,1.9031129416438892,-0.0033690844443831592,2025-05-12 07:30:00+00:00,2025-05-12 08:00:00+00:00,0 days 00:30:00,A_long,0.002224633948269307,0.002329613943366758,8.44170625449945,7.940123564208818,1.113694135904587,1.109935141776687,1.1211525000000002,1.1198495000000002,1.1286108640954133,1.1297638582233134,1.0,1.0
-1706,117194,117195,1.112938134826936,1.1141793038153742,1.1141793038153742,1.1095820885538772,-4.017165469437424,1.8997311751618906,-0.0021157759214761366,2025-05-13 12:45:00+00:00,2025-05-13 13:00:00+00:00,0 days 00:15:00,A_short,0.0010033860888813866,0.0011069346103638837,73.89207677347967,78.00907907570678,1.1095582978502805,1.109268723134612,1.1110219999999997,1.1111469999999999,1.112485702149719,1.1130252768653879,1.0,1.0
-1702,117196,117201,1.113608073508685,1.1150483215324367,1.1150483215324367,1.10973503540269,-4.347888728605294,1.8965865921799947,-0.002293963452710372,2025-05-13 13:15:00+00:00,2025-05-13 14:30:00+00:00,0 days 01:15:00,A_short,0.0012046766623153744,0.0013854473902631136,80.3060234600898,73.64533746739812,1.1090401491314132,1.1088890038810546,1.11132,1.112112,1.113599850868587,1.1153349961189454,1.0,1.0
-1686,117271,117271,1.1213673633152124,1.122870475326254,1.122870475326254,1.1173085740212383,-4.426139348590869,1.8918924979747562,-0.0023410980346362164,2025-05-14 08:00:00+00:00,2025-05-14 08:00:00+00:00,0 days 00:00:00,A_short,0.00151356551340554,0.00151356551340554,77.32465687243874,77.32465687243874,1.1173052772608223,1.1173052772608223,1.119361,1.119361,1.1214167227391778,1.1214167227391778,1.0,1.0
-1681,117272,117272,1.1225372562370728,1.1244562786160868,1.1244562786160868,1.11719116415174,-5.11447468516658,1.8885980660440806,-0.002710394803856749,2025-05-14 08:15:00+00:00,2025-05-14 08:15:00+00:00,0 days 00:00:00,A_short,0.001667756778284795,0.001667756778284795,82.0132228317301,82.0132228317301,1.1167668869561225,1.1167668869561225,1.119633,1.119633,1.1224991130438777,1.1224991130438777,1.0,1.0
-1674,117273,117276,1.1239371281093844,1.1260513081339418,1.1260513081339418,1.1180460755981745,-5.422377682244806,1.883240321135664,-0.0028819888245241315,2025-05-14 08:30:00+00:00,2025-05-14 09:15:00+00:00,0 days 00:45:00,A_short,0.0015867225411801342,0.0016343790882881895,73.24930858936733,80.72368247355422,1.1165861074102192,1.1159334488672452,1.1198505,1.1206465,1.123114892589781,1.125359551132755,1.0,1.0
1681,117490,117492,1.1159121186828473,1.1143242951267218,1.1143242951267218,1.1201871146198348,-4.5436451036539465,1.874513705806943,-0.002422181565893085,2025-05-16 14:45:00+00:00,2025-05-16 15:15:00+00:00,0 days 00:30:00,A_long,0.0012172312973675464,0.0012198759522449678,19.920900283118428,17.714562121088846,1.1165564748255734,1.1151138157673195,1.1190785,1.118661,1.1216005251744268,1.1222081842326803,1.0,1.0
1680,117493,117520,1.114421982318379,1.1187215534280817,1.1128661488573062,1.1187215534280817,5.347438894273498,1.8758405700270269,0.0028561885823605673,2025-05-16 15:30:00+00:00,2025-05-18 22:15:00+00:00,2 days 06:45:00,A_long,0.001193225825278975,0.0008608601769443098,22.675875357445932,73.7047991143442,1.114500708261769,1.1129513502805517,1.118429,1.1158759999999999,1.1223572917382307,1.118800649719448,1.0,0.0
-1673,117556,117556,1.1214873523328392,1.1226976388931864,1.1226976388931864,1.1182670833204411,-3.9020701606213732,1.8772607451605705,-0.0020797194467761133,2025-05-19 07:15:00+00:00,2025-05-19 07:15:00+00:00,0 days 00:00:00,A_short,0.0009852947561901394,0.0009852947561901394,84.70458469666356,84.70458469666356,1.1162881525339232,1.1162881525339232,1.1190194999999998,1.1190194999999998,1.1217508474660765,1.1217508474660765,1.0,1.0
-1668,117557,117557,1.1226972415939085,1.1239623537074281,1.1239623537074281,1.1192329388777151,-3.983921107832092,1.8737141024813149,-0.0021274140727195142,2025-05-19 07:30:00+00:00,2025-05-19 07:30:00+00:00,0 days 00:00:00,A_short,0.0010579221220314583,0.0010579221220314583,86.79716580381917,86.79716580381917,1.1160031420187662,1.1160031420187662,1.119302,1.119302,1.1226008579812339,1.1226008579812339,1.0,1.0
-1664,117558,117559,1.1233971775300642,1.1247695065464376,1.1247695065464376,1.119691480360687,-4.154030164397001,1.8704746811516495,-0.0022221992438153223,2025-05-19 07:45:00+00:00,2025-05-19 08:00:00+00:00,0 days 00:15:00,A_short,0.0010701991724272617,0.001100839282770304,87.66184939320797,89.80923966101524,1.1157857149902533,1.1155578523231562,1.1195835,1.1199145,1.1233812850097469,1.1242711476768437,1.0,1.0
-1642,117761,117799,1.1358460381088353,1.1315985848580932,1.1374138050473024,1.1315985848580932,5.11274620226278,1.8615720354558483,0.002741331866106582,2025-05-21 10:30:00+00:00,2025-05-21 20:00:00+00:00,0 days 09:30:00,A_short,0.0011939703119405887,0.0009764653855351541,66.67937868921229,36.94280835563682,1.1309542487966446,1.1321617923579057,1.1332035,1.1338685,1.1354527512033554,1.1355752076420942,1.0,0.0
1653,117844,117845,1.1315035454761773,1.130294083729553,1.130294083729553,1.134717748811341,-3.8686160077084795,1.869375740538536,-0.0020683634360529257,2025-05-22 07:15:00+00:00,2025-05-22 07:30:00+00:00,0 days 00:15:00,A_long,0.0009400506397673409,0.0011520438877983812,39.03250700416864,31.808084717270376,1.13179984068648,1.1315407185001316,1.133118,1.1329600000000002,1.1344361593135202,1.1343792814998688,1.0,1.0
1645,118133,118163,1.1348038474914428,1.1334094671624961,1.1334094671624961,1.138611598512512,-4.159361092420147,1.8656054513028648,-0.002228126906568909,2025-05-27 07:30:00+00:00,2025-05-27 15:00:00+00:00,0 days 07:30:00,A_long,0.001085940382641845,0.0009933515159457763,25.99467275048258,25.22494821273844,1.135144922272958,1.133333022092395,1.1380314999999999,1.1353535,1.1409180777270418,1.1373739779076049,1.0,1.0
-1651,118324,118344,1.1278567693518569,1.1291469191778325,1.1291469191778325,1.1244392424665022,-3.993193907567039,1.8631565448812586,-0.0021444670422382734,2025-05-29 07:15:00+00:00,2025-05-29 12:15:00+00:00,0 days 05:00:00,A_short,0.0009553305173235059,0.0010716923187301676,69.93321702346606,66.14527546002745,1.1231640041632567,1.1263791294997645,1.1254785,1.127939,1.1277929958367434,1.1294988705002356,1.0,1.0
-1641,118346,118346,1.1325463401241007,1.1343337600114796,1.1343337600114796,1.1275587199655617,-4.793131157349936,1.8599751221612437,-0.0025790202431156192,2025-05-29 12:45:00+00:00,2025-05-29 12:45:00+00:00,0 days 00:00:00,A_short,0.001569937786068453,0.001569937786068453,84.93311250196363,84.93311250196363,1.1246621703589248,1.1246621703589248,1.128551,1.128551,1.1324398296410754,1.1324398296410754,1.0,1.0
-1633,118347,118352,1.134856128713415,1.1368239253432821,1.1368239253432821,1.1292882239701538,-5.068238660710489,1.854826764137293,-0.002734828299701875,2025-05-29 13:00:00+00:00,2025-05-29 14:15:00+00:00,0 days 01:15:00,A_short,0.0015686127479259933,0.0015359239545885313,80.47088997926296,69.55832667578774,1.1242668734929633,1.1245255700650463,1.128899,1.130893,1.133531126507037,1.1372604299349536,1.0,1.0
-1620,118516,118518,1.1411655512236194,1.1422189595162147,1.1422189595162147,1.1382231214513556,-3.5560628877035856,1.8495414536992656,-0.0019235601229036403,2025-06-02 07:15:00+00:00,2025-06-02 07:45:00+00:00,0 days 00:30:00,A_short,0.0008241374283773513,0.0009404410017589822,85.78048027292387,87.80185501432273,1.1339663725420575,1.1337136070911378,1.137645,1.1381865000000002,1.1413236274579426,1.1426593929088626,1.0,1.0
-1612,118544,118625,1.1440152903922538,1.1397834630953598,1.1455921789682133,1.1397834630953598,4.980963807282071,1.8407417953110166,0.002700949844027593,2025-06-02 14:15:00+00:00,2025-06-03 10:30:00+00:00,0 days 20:15:00,A_short,0.0011647959214873766,0.000906419954283855,71.62919515629719,41.07031620208948,1.1404227163108371,1.1400675572524406,1.1420985,1.141607,1.1437742836891627,1.1431464427475595,1.0,1.0
-1624,118709,118714,1.139295722365603,1.1403894374014607,1.1403894374014607,1.1364316877956178,-3.627297567963672,1.851104349730856,-0.0019604722214733757,2025-06-04 07:30:00+00:00,2025-06-04 08:45:00+00:00,0 days 01:15:00,A_short,0.0008159270121661656,0.0007787433193457789,69.74896751646985,71.7535042293525,1.1357810687209655,1.1355976143377298,1.1374110000000002,1.1378935000000001,1.1390409312790348,1.1401893856622705,1.0,1.0
-1611,118828,118828,1.145925115589479,1.1480127405917218,1.1480127405917218,1.1401217782248345,-5.210930821767106,1.8477669431539572,-0.0028226922390731423,2025-06-05 13:15:00+00:00,2025-06-05 13:15:00+00:00,0 days 00:00:00,A_short,0.0019260904273545897,0.0019260904273545897,80.8482996902508,80.8482996902508,1.1392736983263263,1.1392736983263263,1.1428384999999999,1.1428384999999999,1.1464033016736734,1.1464033016736734,1.0,1.0
-1602,118829,118900,1.1489748364541579,1.1421460744615237,1.1513913085128256,1.1421460744615237,9.10448886255646,1.835187849643461,0.004946323763464849,2025-06-05 13:30:00+00:00,2025-06-06 07:15:00+00:00,0 days 17:45:00,A_short,0.0018492783703739728,0.0006719882241769915,75.35519867792416,27.349216693589767,1.138987216225017,1.1426185762800292,1.143205,1.1435495,1.147422783774983,1.1444804237199708,1.0,1.0
1620,118901,118906,1.1423545384657623,1.1414536141309877,1.1414536141309877,1.1446791576070372,-3.3093820259382554,1.8498846036033676,-0.0017882612991729965,2025-06-06 07:30:00+00:00,2025-06-06 08:45:00+00:00,0 days 01:15:00,A_long,0.0006783897942867332,0.0007355452074272547,40.710384167352615,27.089547934693186,1.1425330495556894,1.1417556286847286,1.143512,1.1430845,1.1444909504443108,1.1444133713152715,1.0,1.0
1623,118925,119001,1.1377641183899838,1.1431935295133666,1.1358021568288779,1.1431935295133666,6.960937121976713,1.850997131273569,0.003769614659231956,2025-06-06 13:30:00+00:00,2025-06-09 08:30:00+00:00,2 days 19:00:00,A_long,0.001582553401366087,0.000701121914704471,31.909505920160782,70.44674112624838,1.1384633836473954,1.1410585629011425,1.141075,1.1421100000000002,1.1436866163526047,1.1431614370988579,1.0,1.0
1629,119092,119102,1.1379041312027527,1.141708823803918,1.1364837253986941,1.141708823803918,4.3410994954452224,1.8567447518529332,0.0023419249922618816,2025-06-10 07:15:00+00:00,2025-06-10 09:45:00+00:00,0 days 02:30:00,A_long,0.0011887538787209338,0.0009359874497326532,41.222720158676836,64.0390656834527,1.1385576942835762,1.1385575435741617,1.139912,1.140236,1.1412663057164238,1.1419144564258383,1.0,1.0
-1624,119194,119209,1.143715317848187,1.1447706955967305,1.1447706955967305,1.1408879132098082,-3.5721841065520543,1.8582506429172732,-0.0019232240059567354,2025-06-11 08:45:00+00:00,2025-06-11 12:30:00+00:00,0 days 03:45:00,A_short,0.0008103912643053969,0.001412130933463364,61.84532853367861,79.48159358354333,1.1403669414777926,1.1415670398033575,1.1418085,1.143527,1.1432500585222074,1.1454869601966424,1.0,1.0
-1617,119210,119220,1.1469850185785146,1.1487645571201561,1.1487645571201561,1.1419863286395318,-4.7336273537866465,1.8561135319523754,-0.002552268148296226,2025-06-11 12:45:00+00:00,2025-06-11 15:15:00+00:00,0 days 02:30:00,A_short,0.00142384680900159,0.001172641108672469,67.92150599149409,73.85513322327277,1.1416210182993072,1.1416863543736,1.1437325,1.145682,1.145843981700693,1.1496776456264002,1.0,1.0
-1600,119292,119294,1.1557442168652645,1.157202418728662,1.157202418728662,1.1518727438140137,-4.183480289911161,1.8503573084751412,-0.0022623303175908533,2025-06-12 09:15:00+00:00,2025-06-12 09:45:00+00:00,0 days 00:30:00,A_short,0.001151635748478234,0.0013757619621902932,77.21929143327368,81.30328884698207,1.1498551156526007,1.1496002599326385,1.1526275,1.1531034999999998,1.1553998843473992,1.1566067400673612,1.0,1.0
-1592,119500,119503,1.159353886478868,1.160564612173216,1.160564612173216,1.1561061634803522,-3.7741304303292385,1.846655124927059,-0.0020448328774522588,2025-06-16 13:15:00+00:00,2025-06-16 14:00:00+00:00,0 days 00:45:00,A_short,0.0009396643473225715,0.0011215829840200465,73.28506011728618,81.77596143129858,1.156638664738093,1.1561163953493558,1.1579194999999998,1.1582459999999999,1.1592003352619065,1.160375604650644,1.0,1.0
-1587,119504,119524,1.1608237519447953,1.1569023012575281,1.162285899580824,1.1569023012575281,4.384226617476884,1.8391156232160437,0.00237985108078436,2025-06-16 14:15:00+00:00,2025-06-16 19:15:00+00:00,0 days 05:00:00,A_short,0.0010973719194840325,0.0006871233528890219,77.06123845872565,31.824490232878432,1.1560130170594294,1.1567664303792815,1.158388,1.1580805,1.1607629829405706,1.1593945696207186,1.0,0.0
1600,119601,119601,1.1538155872824116,1.1524588689917683,1.1524588689917683,1.1575033930246954,-4.015768830048659,1.845019565019344,-0.0021752657412887223,2025-06-17 14:30:00+00:00,2025-06-17 14:30:00+00:00,0 days 00:00:00,A_long,0.0012734835059451184,0.0012734835059451184,18.213620004203435,18.213620004203435,1.1531925219938923,1.1531925219938923,1.1558359999999999,1.1558359999999999,1.1584794780061074,1.1584794780061074,1.0,1.0
1600,119602,119612,1.1512553529917813,1.149601819792866,1.149601819792866,1.1557145406214022,-4.486338856492308,1.8406857382277177,-0.0024355689448226662,2025-06-17 14:45:00+00:00,2025-06-17 17:15:00+00:00,0 days 02:30:00,A_long,0.0013183523718191177,0.0012722380508810285,33.61215432571133,31.181153099684323,1.152698132080453,1.149262166201726,1.155685,1.1534115,1.1586718679195471,1.1575608337982741,1.0,1.0
1603,119964,119983,1.1466549320008053,1.1508023564197385,1.1451192145267537,1.1508023564197385,4.806909326880905,1.841412016669066,0.002615168426904543,2025-06-23 09:15:00+00:00,2025-06-23 14:00:00+00:00,0 days 04:45:00,A_long,0.0012194561751222505,0.0014079262152402855,15.171897096518208,80.87724461306448,1.1466826979456937,1.1445625872161003,1.1494769999999999,1.1472285,1.152271302054306,1.1498944127838997,1.0,1.0
-1599,119984,119984,1.1519445646404187,1.1537195114582885,1.1537195114582885,1.1469614656251348,-4.6815183906147695,1.8433784288409165,-0.00254159700543668,2025-06-23 14:15:00+00:00,2025-06-23 14:15:00+00:00,0 days 00:00:00,A_short,0.0015042027198749095,0.0015042027198749095,83.24229894748035,83.24229894748035,1.144044524817593,1.144044524817593,1.147596,1.147596,1.1511474751824071,1.1511474751824071,1.0,1.0
-1594,119985,119988,1.152844482272619,1.1547650432638499,1.1547650432638499,1.1475448702084503,-4.900539011874694,1.8391647918525658,-0.002666765380130616,2025-06-23 14:30:00+00:00,2025-06-23 15:15:00+00:00,0 days 00:45:00,A_short,0.0014409756905582663,0.0014018973606389547,84.29286162397196,84.72743553659285,1.1435737824060523,1.142946706238203,1.1479185,1.1489155,1.1522632175939478,1.154884293761797,1.0,1.0
-1576,120081,120192,1.1631935350429228,1.1649415454661722,1.1649415454661722,1.1584153636014836,-4.589434870482313,1.8345704434411672,-0.002503519728895877,2025-06-24 14:30:00+00:00,2025-06-25 18:15:00+00:00,1 days 03:45:00,A_short,0.0013650050589021124,0.0006451419707757425,67.97278391946247,79.99322667504879,1.1578917087380307,1.1600769782674576,1.1603020000000002,1.16263,1.1627122912619696,1.1651830217325425,1.0,0.0
-1559,120248,120305,1.173082629912324,1.1687501973514314,1.174683267549523,1.1687501973514314,4.928803673579564,1.8254586888520974,0.002695049834210775,2025-06-26 08:15:00+00:00,2025-06-26 22:30:00+00:00,0 days 14:15:00,A_short,0.0012192487857664693,0.000798676128678484,79.71799408570911,21.21033252698328,1.1661522964039024,1.168010717719316,1.169305,1.1704565,1.1724577035960977,1.172902282280684,1.0,0.0
-1564,120340,120361,1.1724826848241905,1.1736795826428061,1.1736795826428061,1.169361252071582,-3.7066470814740677,1.8346988931591914,-0.0020213338610662944,2025-06-27 07:15:00+00:00,2025-06-27 12:30:00+00:00,0 days 05:15:00,A_short,0.001035698575359909,0.0010573626453027672,60.461313636235055,69.52357518123337,1.1677166380808648,1.1701212402917844,1.169883,1.1713265,1.1720493619191352,1.1725317597082154,1.0,1.0
-1558,120363,120381,1.1745824926326578,1.1703634285466555,1.1761188571511147,1.1703634285466555,4.746588973392829,1.826712872598685,0.002593765141675246,2025-06-27 13:00:00+00:00,2025-06-27 17:30:00+00:00,0 days 04:30:00,A_short,0.0013351746091385223,0.000999368279220854,66.24700816612582,33.98578421376246,1.1694577824194554,1.170541468184552,1.1715645000000001,1.1723325,1.1736712175805448,1.174123531815448,1.0,1.0
-1562,120466,120470,1.1746024908022623,1.1758559332090213,1.1758559332090213,1.1712322003729365,-3.7935850685102976,1.8357080291528125,-0.002067654068318822,2025-06-30 14:45:00+00:00,2025-06-30 15:45:00+00:00,0 days 01:00:00,A_short,0.0011321739842931045,0.0013031237761065887,64.66185748801675,78.21893308672705,1.170575370032619,1.1698534567422783,1.1723065,1.172971,1.174037629967381,1.1760885432577217,1.0,1.0
-1555,120471,120489,1.1768322867131589,1.178533748531328,1.178533748531328,1.172278754406016,-4.477070219655717,1.8312970924025889,-0.0024465209429568218,2025-06-30 16:00:00+00:00,2025-06-30 20:30:00+00:00,0 days 04:30:00,A_short,0.0012893739392923593,0.0005914484675078602,68.31709240831115,77.24701372366755,1.1697427396491793,1.175385785542438,1.1731435000000001,1.1771175,1.176544260350821,1.178849214457562,1.0,0.0
-1546,120541,120541,1.1813318748741604,1.1828663132324662,1.1828663132324662,1.1772410603026013,-4.19976690134719,1.827525199406422,-0.0022995548584925913,2025-07-01 09:30:00+00:00,2025-07-01 09:30:00+00:00,0 days 00:00:00,A_short,0.0012290040012256339,0.0012290040012256339,77.40618227014983,77.40618227014983,1.1766463441158532,1.1766463441158532,1.1789524999999998,1.1789524999999998,1.1812586558841465,1.1812586558841465,1.0,1.0
-1541,120542,120561,1.1820018135559094,1.1776655855955878,1.1835648048014709,1.1776655855955878,4.864003555809396,1.8181237310462288,0.002670380218157435,2025-07-01 09:45:00+00:00,2025-07-01 14:30:00+00:00,0 days 04:45:00,A_short,0.0012158034677288928,0.0012606871431859298,67.17609423801926,27.606283413379018,1.176563558796816,1.178752858577163,1.1790895000000001,1.180616,1.1816154412031843,1.1824791414228373,1.0,1.0
1554,120646,120646,1.1757875979719217,1.1747283579248486,1.1747283579248486,1.1785749262254537,-3.4724099308832774,1.8263508977317904,-0.001900426598201567,2025-07-02 11:45:00+00:00,2025-07-02 11:45:00+00:00,0 days 00:00:00,A_long,0.0008465192764981543,0.0008465192764981543,24.04504266761876,24.04504266761876,1.175616184166054,1.175616184166054,1.1771800000000001,1.1771800000000001,1.1787438158339463,1.1787438158339463,1.0,1.0
1552,120647,120648,1.1750475302472865,1.1779874693953936,1.1739241768682023,1.1779874693953936,2.7368303981394755,1.82595515972272,0.0015007236753346624,2025-07-02 12:00:00+00:00,2025-07-02 12:15:00+00:00,0 days 00:15:00,A_long,0.000870983372965049,0.0012495189232363895,30.589279125597727,57.24331867695507,1.175357340221919,1.1753558674530626,1.1770315,1.1770335,1.178705659778081,1.1787111325469375,1.0,1.0
1556,120746,120751,1.1735873966284114,1.1788913774234946,1.1717028741921685,1.1788913774234946,6.4227656309370875,1.8302284862123828,0.003517199843757499,2025-07-03 12:45:00+00:00,2025-07-03 14:00:00+00:00,0 days 01:15:00,A_long,0.0015885908612117176,0.0017299743165523145,17.306360382918015,40.840964198682144,1.1751927935140905,1.1741184911143536,1.1787445,1.1778865,1.1822962064859097,1.1816545088856465,1.0,1.0
1560,120917,120919,1.1748775146889243,1.1738604207629317,1.1738604207629317,1.177458737711205,-3.4186821142008803,1.8320155896524477,-0.0018652692440869123,2025-07-07 07:30:00+00:00,2025-07-07 08:00:00+00:00,0 days 00:30:00,A_long,0.0007443627823271564,0.0008062991565035236,24.515256763486278,18.581220478988413,1.174851791194979,1.1741550409051085,1.1764005,1.1761265,1.177949208805021,1.1780979590948917,1.0,1.0
1562,120954,120954,1.1710471641681768,1.1696244463238334,1.1696244463238334,1.1748466610284998,-4.05034980065855,1.8280645277942602,-0.0022143033422835925,2025-07-07 16:45:00+00:00,2025-07-07 16:45:00+00:00,0 days 00:00:00,A_long,0.0012602332105647715,0.0012602332105647715,20.493620269694247,20.493620269694247,1.1706573939016196,1.1706573939016196,1.172937,1.172937,1.1752166060983802,1.1752166060983802,1.0,1.0
1561,120955,120983,1.169527025058115,1.173926839558033,1.1678777201473223,1.173926839558033,5.039044693039091,1.8290657413329034,0.0027601650055496104,2025-07-07 17:00:00+00:00,2025-07-08 00:00:00+00:00,0 days 07:00:00,A_long,0.0012708687824894845,0.0006429452906387661,26.375271098760507,79.11116100911883,1.1701435545356904,1.1696275938213154,1.1727935,1.1721325,1.1754434454643097,1.1746374061786846,1.0,0.0
1565,121127,121131,1.169216996686984,1.1718219435787844,1.1681793521404051,1.1718219435787844,2.244878914909588,1.831862970757964,0.0012268273774089765,2025-07-09 12:00:00+00:00,2025-07-09 13:00:00+00:00,0 days 01:00:00,A_long,0.0008056901208185225,0.0009243570477174749,43.609901470127554,61.0119054991429,1.1695042452627589,1.1694860441642145,1.170866,1.1708365,1.172227754737241,1.1721869558357856,1.0,1.0
1564,121221,121222,1.1718872410447898,1.1711546882378063,1.1711546882378063,1.1736559352865812,-2.977971378821149,1.83225878869899,-0.0016247926463703703,2025-07-10 11:30:00+00:00,2025-07-10 11:45:00+00:00,0 days 00:15:00,A_long,0.000532947383806554,0.0005752210659656825,24.415201269423562,20.988951726607908,1.1718809311982534,1.1715382748421554,1.1728745,1.172768,1.1738680688017467,1.1739977251578446,1.0,1.0
1562,121223,121225,1.1712771852177255,1.1704497347208414,1.1704497347208414,1.1732107958374762,-3.1213664006050665,1.8288887244720207,-0.0017060982507585904,2025-07-10 12:00:00+00:00,2025-07-10 12:30:00+00:00,0 days 00:30:00,A_long,0.0005811915905036001,0.0006072061279782507,25.200350376620534,18.146449267009388,1.171306391402035,1.1706174018306128,1.1726645,1.172419,1.174022608597965,1.1742205981693874,1.0,1.0
1565,121233,121325,1.1668867834459025,1.1709054144097755,1.165404861863408,1.1709054144097755,4.459835063639185,1.8293223948220678,0.002442169116467051,2025-07-10 14:30:00+00:00,2025-07-11 13:30:00+00:00,0 days 23:00:00,A_long,0.001133155320871819,0.0010044904583227765,19.3164755048777,68.47679667061074,1.1672830903212732,1.168114819950998,1.1708995,1.169059,1.1745159096787268,1.170003180049002,1.0,1.0
1572,121518,121519,1.1648966013215456,1.1632828989778015,1.1632828989778015,1.1693113030665956,-4.366689171601073,1.8299490872352868,-0.002384582537834263,2025-07-15 13:45:00+00:00,2025-07-15 14:00:00+00:00,0 days 00:15:00,A_long,0.0012097951826988628,0.0012644891583390085,22.260167241322804,19.308867229340265,1.1650038069120359,1.164337272993754,1.167324,1.1670575,1.1696441930879642,1.1697777270062462,1.0,1.0
1570,121520,121521,1.163676489667417,1.1620626130099931,1.1620626130099931,1.1681321609700208,-4.359491547757214,1.825705195601767,-0.0023861839896380196,2025-07-15 14:15:00+00:00,2025-07-15 14:30:00+00:00,0 days 00:15:00,A_long,0.0012998906038938114,0.0012465718567079864,14.91869767697304,14.15346401866178,1.1633683705439566,1.162515103759443,1.166743,1.1664245000000002,1.1701176294560436,1.1703338962405574,1.0,1.0
1568,121522,121525,1.1619663331685977,1.1603741137719503,1.1603741137719503,1.1663576586841489,-4.317314924344406,1.8207149104013896,-0.002369595005914951,2025-07-15 14:45:00+00:00,2025-07-15 15:30:00+00:00,0 days 00:45:00,A_long,0.0011470289424802475,0.0010255000256678855,14.046099125590288,11.40404753865809,1.1618243638449453,1.1599250636334135,1.1660914999999998,1.1650425,1.1703586361550544,1.1701599363665864,1.0,1.0
1567,121607,121608,1.1604661958889315,1.1596290819671922,1.1596290819671922,1.1624727540984232,-3.1295521655658374,1.8177946502002729,-0.0017209993429731262,2025-07-16 12:00:00+00:00,2025-07-16 12:15:00+00:00,0 days 00:15:00,A_long,0.0005987741348055959,0.0006442709168315085,22.25690049481736,18.11148987400955,1.1603382422626103,1.1599274601303753,1.1616245,1.161479,1.1629107577373898,1.1630305398696246,1.0,1.0
1565,121609,121612,1.1595561126059342,1.1586768748998022,1.1586768748998022,1.1617693753005938,-3.1900243228197613,1.8140173127232389,-0.0017578745674531203,2025-07-16 12:30:00+00:00,2025-07-16 13:15:00+00:00,0 days 00:45:00,A_long,0.0008023681279206405,0.0010588452672715947,48.388941810940814,26.060000871013457,1.1598851410363848,1.1587693019919263,1.1614495,1.1609965,1.1630138589636152,1.1632236980080737,1.0,1.0
1564,121613,121614,1.1582259908846302,1.156869385679274,1.156869385679274,1.1619518429621778,-3.93213512565005,1.8104045844729733,-0.0021706928642810583,2025-07-16 13:30:00+00:00,2025-07-16 13:45:00+00:00,0 days 00:15:00,A_long,0.0010523325649687094,0.0011133548896395645,24.443105223100503,21.787662497775017,1.1582390548320696,1.1576751982885969,1.1607675,1.1605025000000002,1.1632959451679303,1.1633298017114035,1.0,1.0
-1547,121621,121621,1.1683930591400802,1.1714619131950887,1.1714619131950887,1.159734260414734,-6.557395044199501,1.8098778211012534,-0.0036278729217169015,2025-07-16 15:30:00+00:00,2025-07-16 15:30:00+00:00,0 days 00:00:00,A_short,0.0026614928631196392,0.0026614928631196392,83.46012407706924,83.46012407706924,1.1539669151293104,1.1539669151293104,1.1604044999999998,1.1604044999999998,1.1668420848706893,1.1668420848706893,1.0,1.0
-1541,121622,121680,1.1688030216169714,1.1593486256927692,1.1721237914357436,1.1593486256927692,12.775383274943378,1.7938408442521552,0.007093000229480978,2025-07-16 15:45:00+00:00,2025-07-17 06:15:00+00:00,0 days 14:30:00,A_short,0.003423960481370332,0.0008162700506537659,54.55043593272271,14.738972359623176,1.1539588318005056,1.1599911495274695,1.160463,1.161837,1.1669671681994944,1.1636828504725305,1.0,0.0
-1559,121784,121786,1.163653492943825,1.164549539552843,1.164549539552843,1.1613113813414713,-3.2117709272901935,1.8148342638311525,-0.0017704137337778234,2025-07-18 08:15:00+00:00,2025-07-18 08:45:00+00:00,0 days 00:30:00,A_short,0.0006606674548309513,0.00070014577718417,81.54503887072428,66.15273054030487,1.1609298382354831,1.1607351789212665,1.162228,1.1623595,1.163526161764517,1.1639838210787334,1.0,1.0
-1553,121800,121804,1.165693306243479,1.1666523824127988,1.1666523824127988,1.1632428527616034,-3.300511718195051,1.8110664272415997,-0.0018231630929549964,2025-07-18 12:15:00+00:00,2025-07-18 13:15:00+00:00,0 days 01:00:00,A_short,0.0007636095203546935,0.0009104089187328769,59.581615154127824,70.09984381383411,1.1626049931567344,1.1628464893922121,1.1639725,1.1644475,1.1653400068432658,1.166048510607788,1.0,1.0
-1550,121892,121894,1.1658332934307103,1.1668103074332068,1.1668103074332068,1.1632090777003796,-3.3221704945391126,1.8077987906695356,-0.0018384582212617533,2025-07-21 11:15:00+00:00,2025-07-21 11:45:00+00:00,0 days 00:30:00,A_short,0.0007515553684271822,0.0007221015878408576,75.07440352232987,79.15992755785,1.1631542412655835,1.1628720929223655,1.1643795000000001,1.164621,1.1656047587344167,1.1663699070776343,1.0,1.0
-1546,121895,121903,1.1666332202148886,1.167626521905409,1.167626521905409,1.1641604342837732,-3.3400271942034743,1.8043827806589898,-0.0018518515709526806,2025-07-21 12:00:00+00:00,2025-07-21 14:00:00+00:00,0 days 02:00:00,A_short,0.0007378213761287369,0.0007862522317894939,79.53451070042661,79.56866287928463,1.1627695772873603,1.163403711830975,1.164751,1.165708,1.1667324227126399,1.168012288169025,1.0,1.0
-1538,121908,122002,1.1704128742701296,1.171662383407221,1.171662383407221,1.1671728497783365,-3.722800926000504,1.8010558731538828,-0.002068113585506813,2025-07-21 15:15:00+00:00,2025-07-22 14:45:00+00:00,0 days 23:30:00,A_short,0.0009679435718819213,0.001123574424922676,91.9795596102759,71.88798516969368,1.1635214232124271,1.1681954894987743,1.1670765,1.169896,1.170631576787573,1.1715965105012258,1.0,1.0
-1533,122003,122004,1.1721127186865081,1.1735882893099072,1.1735882893099072,1.1681951320702781,-4.06002958830006,1.7979798226292525,-0.002259527676113816,2025-07-22 15:00:00+00:00,2025-07-22 15:15:00+00:00,0 days 00:15:00,A_short,0.0012177645015996525,0.0011807292347196909,76.17000174379022,76.75926728896272,1.1678180455458398,1.167533616961709,1.170014,1.1701584999999999,1.1722099544541604,1.1727833830382908,1.0,1.0
-1527,122006,122007,1.1740725393077445,1.1756343584041087,1.1756343584041087,1.1697369247876743,-4.178898976551155,1.794001216403,-0.0023309228804836925,2025-07-22 15:45:00+00:00,2025-07-22 16:00:00+00:00,0 days 00:15:00,A_short,0.0012021477363005609,0.0012391947047938096,82.12811941997148,84.30123061220705,1.1668833456749117,1.1665777059725464,1.170576,1.170841,1.1742686543250884,1.1751042940274536,1.0,1.0
-1518,122192,122219,1.1786221228927571,1.1736046013629378,1.1804384662123542,1.1736046013629378,5.831257598555746,1.7853400837100724,0.003259236436410481,2025-07-24 14:15:00+00:00,2025-07-24 21:00:00+00:00,0 days 06:45:00,A_short,0.00154855893114466,0.0007097818487350911,57.71187017334735,25.03550053793488,1.173067822711125,1.1746785319427828,1.1754615000000002,1.1762169999999998,1.1778551772888752,1.1777554680572169,1.0,0.0
1532,122277,122283,1.1713771943697033,1.1703403364182199,1.1703403364182199,1.1741389907453401,-3.382222010256194,1.7937556285835492,-0.001884718882601506,2025-07-25 11:30:00+00:00,2025-07-25 13:00:00+00:00,0 days 01:30:00,A_long,0.0007925348090633734,0.000973885439051881,31.015028573747955,25.7116658817242,1.1715543173123373,1.1707705817474854,1.17388,1.1729115,1.1762056826876628,1.1750524182525148,1.0,1.0
1532,122358,122358,1.1692269976021816,1.1678204300340098,1.1678204300340098,1.172978709897971,-3.9450398440085395,1.7901783295693225,-0.0022023878060213062,2025-07-28 07:45:00+00:00,2025-07-28 07:45:00+00:00,0 days 00:00:00,A_long,0.0012153560865485473,0.0012153560865485473,7.53024980668404,7.53024980668404,1.168886115287027,1.168886115287027,1.173362,1.173362,1.1778378847129731,1.1778378847129731,1.0,1.0
1531,122359,122365,1.1675568447641536,1.1659915726961418,1.1659915726961418,1.1718252819115749,-4.182762849691789,1.786331313565856,-0.0023399685325759733,2025-07-28 08:00:00+00:00,2025-07-28 09:30:00+00:00,0 days 01:30:00,A_long,0.0011679752750087225,0.001164075661273203,12.779287756262136,17.813702831283777,1.1680007929209952,1.1651363955262057,1.172982,1.170725,1.1779632070790047,1.1763136044737943,1.0,1.0
1547,122452,122460,1.1531655277945563,1.1579143016586266,1.1515218994471244,1.1579143016586266,5.558732919634801,1.787620248082037,0.0031159741275095043,2025-07-29 07:15:00+00:00,2025-07-29 09:15:00+00:00,0 days 02:00:00,A_long,0.001355517065965695,0.001157540563514317,22.86406051199492,63.3952571427751,1.1537450756449283,1.1530788407404662,1.1576119999999999,1.156683,1.1614789243550714,1.1602871592595336,1.0,1.0
1551,122564,122565,1.1533255424377207,1.1523092130710653,1.1523092130710653,1.1559923607868041,-3.364346600579606,1.7880197528970636,-0.0018807757780383936,2025-07-30 11:15:00+00:00,2025-07-30 11:30:00+00:00,0 days 00:15:00,A_long,0.000738346115341673,0.0007612332999627788,17.87722831693172,14.579699282711118,1.153291051801265,1.152832947338126,1.1550215,1.154874,1.156751948198735,1.1569150526618739,1.0,1.0
1551,122569,122569,1.1511853465853972,1.1500450774897713,1.1500450774897713,1.1544247675306865,-3.5531615611860996,1.784604193870293,-0.001990022123247702,2025-07-30 12:30:00+00:00,2025-07-30 12:30:00+00:00,0 days 00:00:00,A_long,0.0012147773684985078,0.0012147773684985078,11.393696988011044,11.393696988011044,1.150490511233999,1.150490511233999,1.1539635000000001,1.1539635000000001,1.1574364887660014,1.1574364887660014,1.0,1.0
1551,122570,122570,1.1490451507330735,1.1474422671578017,1.1474422671578017,1.153273198526595,-4.266998417820809,1.7809259925743737,-0.002394272568368586,2025-07-30 12:45:00+00:00,2025-07-30 12:45:00+00:00,0 days 00:00:00,A_long,0.0013688070526987044,0.0013688070526987044,8.838162057895374,8.838162057895374,1.149090919186812,1.149090919186812,1.1535625,1.1535625,1.1580340808131881,1.1580340808131881,1.0,1.0
1550,122571,122594,1.147384998810243,1.1456374315367617,1.1456374315367617,1.1522077053897153,-4.4858216574148555,1.7770923835189287,-0.0025223255416932347,2025-07-30 13:00:00+00:00,2025-07-30 18:45:00+00:00,0 days 05:45:00,A_long,0.0014809661123388832,0.0017217238971609446,7.592753151664169,17.539209393317506,1.1476906980548345,1.1447245423831747,1.1531090000000002,1.1472760000000002,1.1585273019451658,1.1498274576168257,1.0,0.0
1554,122669,122750,1.1410044149140628,1.1394974939038716,1.1394974939038716,1.1451475182883857,-4.113705232988709,1.771949983151535,-0.0023200365660281993,2025-07-31 13:30:00+00:00,2025-08-01 09:45:00+00:00,0 days 20:15:00,A_long,0.0011361432916483407,0.0007926659926087214,30.647828362303002,29.164727988738846,1.141265398626652,1.1397867116634708,1.143454,1.1419245,1.1456426013733478,1.1440622883365292,1.0,1.0
-1535,122762,122763,1.1528244841030146,1.1560748636488993,1.1560748636488993,1.1434154090533024,-6.761412852332603,1.7720802493995942,-0.0038209018636413804,2025-08-01 12:45:00+00:00,2025-08-01 13:00:00+00:00,0 days 00:15:00,A_short,0.0027257348575383334,0.002766303543199901,85.00155554988541,86.66641454956591,1.1343333259454211,1.1329109531546862,1.142152,1.142901,1.149970674054579,1.1528910468453137,1.0,1.0
-1524,122764,123039,1.1563541610382004,1.15978956425184,1.15978956425184,1.1465113072444801,-7.000456016257861,1.7649015186710109,-0.003972377348614751,2025-08-01 13:15:00+00:00,2025-08-06 10:00:00+00:00,4 days 20:45:00,A_short,0.0027507964041065865,0.0008122662158567666,87.09129416487309,76.61096911960296,1.1319434527259504,1.1567803941911732,1.1436515,1.1580549999999998,1.1553595472740497,1.1593296058088265,1.0,1.0
-1513,123040,123045,1.160323797704684,1.1614247194590281,1.1614247194590281,1.1575258416229155,-3.4220973675569173,1.7564027532343482,-0.0019492800349352468,2025-08-06 10:15:00+00:00,2025-08-06 11:30:00+00:00,0 days 01:15:00,A_short,0.0008946307204092033,0.0008738409666804017,64.22543648841811,71.11551250814891,1.1567087514214993,1.1561639653677491,1.1581489999999999,1.15882,1.1595892485785004,1.1614760346322508,1.0,1.0
1505,123142,123151,1.1641365317665147,1.162769111143189,1.162769111143189,1.1678126665704325,-3.8089645343946126,1.7509964962895521,-0.0021740348968690556,2025-08-07 11:45:00+00:00,2025-08-07 14:00:00+00:00,0 days 02:15:00,A_long,0.0010173086188078728,0.0014087322138583136,28.73276164723275,31.083554806704086,1.164452169642949,1.1630601819052022,1.1671084999999999,1.165534,1.1697648303570507,1.168007818094798,1.0,1.0
1501,123319,123325,1.1647965921695678,1.164096343369927,1.164096343369927,1.1665109698902194,-2.79890759638325,1.747834148122391,-0.0016008763074567124,2025-08-11 08:00:00+00:00,2025-08-11 09:30:00+00:00,0 days 01:30:00,A_long,0.0005453075661638885,0.0006061658221676361,30.101227739511685,26.64881918438344,1.164921048732176,1.1639974595168738,1.166563,1.165896,1.168204951267824,1.1677945404831263,1.0,1.0
1501,123334,123335,1.162926421027584,1.1620099296977962,1.1620099296977962,1.1652102109066111,-3.12051821723101,1.744864731219398,-0.0017876965107676503,2025-08-11 11:45:00+00:00,2025-08-11 12:00:00+00:00,0 days 00:15:00,A_long,0.0006644952182582107,0.000767895855823797,21.2270717377845,15.491342902412669,1.162948934190085,1.1624584372514222,1.1645955000000001,1.1643944999999998,1.1662420658099153,1.1663305627485774,1.0,1.0
1500,123336,123343,1.1619263295078066,1.1609185249730114,1.1609185249730114,1.1646044250809657,-3.253840443053427,1.7421336408606134,-0.0018669229769106748,2025-08-11 12:15:00+00:00,2025-08-11 14:00:00+00:00,0 days 01:45:00,A_long,0.0007895097417139704,0.0009034064195166635,25.316893178963994,21.89845791374468,1.162157718025275,1.1607216587754008,1.164236,1.163078,1.1663142819747252,1.1654343412245993,1.0,1.0
-1493,123434,123438,1.16466340050885,1.1662585356312725,1.1662585356312725,1.1603443931061823,-4.121569963105208,1.7400332253286015,-0.0023702952194482275,2025-08-12 12:45:00+00:00,2025-08-12 13:45:00+00:00,0 days 01:00:00,A_short,0.0013318312892523381,0.002000536759552339,71.9534943824143,65.46277428863739,1.158912621710165,1.15820355585687,1.16128,1.1617665,1.163647378289835,1.1653294441431299,1.0,1.0
-1482,123508,123512,1.1708628330862298,1.1719208774946834,1.1719208774946834,1.1681973675159496,-3.304024542868669,1.7360027295404568,-0.0019040968768883157,2025-08-13 07:15:00+00:00,2025-08-13 08:15:00+00:00,0 days 01:00:00,A_short,0.0007389670794935533,0.0007242923211341309,77.37731409218121,82.1254110129947,1.1670008978969522,1.16667424610894,1.168607,1.1691675,1.1702131021030477,1.1716607538910597,1.0,1.0
1483,123605,123607,1.1682769106583932,1.1672817043784782,1.1672817043784782,1.170834886864565,-3.2077076261637947,1.7318167130498403,-0.001851432282620756,2025-08-14 07:30:00+00:00,2025-08-14 08:00:00+00:00,0 days 00:30:00,A_long,0.0007308801710990863,0.0007458611062921938,23.25194854121729,23.639364985785676,1.1683139731914396,1.1677577500257479,1.16988,1.1696475,1.1714460268085605,1.171537249974252,1.0,1.0
-1476,123728,123799,1.1710728138670767,1.1673092035576804,1.1724969321474399,1.1673092035576804,3.8293628878094896,1.7257259288594708,0.002215420996852269,2025-08-15 14:15:00+00:00,2025-08-18 08:00:00+00:00,2 days 17:45:00,A_short,0.001034006550928713,0.0008209459975664943,74.59225059581175,16.98264287454049,1.1675405131934011,1.168303501505644,1.169143,1.1699755,1.170745486806599,1.1716474984943561,1.0,1.0
1484,123800,123826,1.167356826460198,1.1662748648029202,1.1662748648029202,1.1702154055912393,-3.3371858143173356,1.7315547149172335,-0.0019263839915412192,2025-08-18 08:15:00+00:00,2025-08-18 14:45:00+00:00,0 days 06:30:00,A_long,0.0008861531978909513,0.0007796769066808515,38.149303423574516,28.591719290816997,1.1681009239793956,1.1666355829563102,1.1698815,1.1676860000000002,1.1716620760206045,1.1687364170436902,1.0,1.0
-1483,124010,124080,1.1663632449252281,1.1637007827341572,1.1674064057552809,1.1637007827341572,2.22068895284873,1.7277424765094342,0.0012838454776044276,2025-08-20 12:45:00+00:00,2025-08-21 06:15:00+00:00,0 days 17:30:00,A_short,0.000818404156591732,0.0005251144726986289,79.67408333618607,28.75159587755016,1.1629175811617927,1.1639196464703885,1.1646735000000001,1.164535,1.1664294188382076,1.1651503535296117,1.0,0.0
1490,124111,124113,1.1621663514725533,1.1609175144520318,1.1609175144520318,1.1654474566439046,-3.5914646406908153,1.730697480113816,-0.002074039530080747,2025-08-21 14:00:00+00:00,2025-08-21 14:30:00+00:00,0 days 00:30:00,A_long,0.0009885728957547896,0.00103577253058913,34.07841370573328,23.95156986603223,1.162675595214634,1.1617212737330351,1.1645569999999998,1.1641249999999999,1.1664384047853658,1.1665287262669646,1.0,1.0
1488,124114,124165,1.161156259037578,1.1598270729632931,1.1598270729632931,1.1647987811101208,-3.704640477544405,1.7268115990086481,-0.0021441366921182248,2025-08-21 14:45:00+00:00,2025-08-22 03:30:00+00:00,0 days 12:45:00,A_long,0.001047002859843914,0.0005727016308999591,30.842915079674285,17.73504440280047,1.1613652379270805,1.160048966939319,1.163929,1.1609975000000001,1.1664927620729195,1.1619460330606812,1.0,0.0
-1485,124200,124203,1.160953740047224,1.1617357697731707,1.1617357697731707,1.1589926906804875,-2.8859111040724237,1.7245969610416432,-0.0016739465267391824,2025-08-22 12:15:00+00:00,2025-08-22 13:00:00+00:00,0 days 00:45:00,A_short,0.0005459448361789597,0.0006021928311363647,72.44212552860742,74.24681348873817,1.158919416860729,1.1588771311164008,1.15988,1.1601175,1.160840583139271,1.161357868883599,1.0,1.0
-1474,124208,124208,1.1681230838504202,1.1703178068017799,1.1703178068017799,1.1619665795946608,-4.958452566714863,1.7234309364106717,-0.0028797850527853015,2025-08-22 14:15:00+00:00,2025-08-22 14:15:00+00:00,0 days 00:00:00,A_short,0.0018425271346187546,0.0018425271346187546,85.43248129375897,85.43248129375897,1.1560214828396533,1.1560214828396533,1.1611194999999999,1.1611194999999999,1.1662175171603464,1.1662175171603464,1.0,1.0
-1469,124209,124210,1.1687730243625647,1.1710910325615425,1.1710910325615425,1.1622469023153723,-5.1237841941090885,1.7186301498107568,-0.002984275094252893,2025-08-22 14:30:00+00:00,2025-08-22 14:45:00+00:00,0 days 00:15:00,A_short,0.0018448568500029172,0.0018788759366691937,87.37338780757622,88.9522598434047,1.155199514749488,1.154516773742685,1.16165,1.162258,1.1681004852505121,1.1699992262573151,1.0,1.0
-1461,124211,124221,1.1716927571248146,1.174054651124003,1.174054651124003,1.1650360466279905,-5.16429561454018,1.7135684817257615,-0.003016804261884045,2025-08-22 15:00:00+00:00,2025-08-22 17:30:00+00:00,0 days 02:30:00,A_short,0.001813692478446635,0.0011041790329706699,89.43743225575983,84.22308250475245,1.1540945067163555,1.1591243602357664,1.1628815,1.1689945,1.1716684932836443,1.1788646397642335,1.0,1.0
1461,124310,124310,1.1676868566617247,1.1666124766346648,1.1666124766346648,1.1705225700960051,-3.274874882507439,1.7052056629730126,-0.0019196325461060208,2025-08-25 15:45:00+00:00,2025-08-25 15:45:00+00:00,0 days 00:00:00,A_long,0.0008873224305197072,0.0008873224305197072,19.27374979242289,19.27374979242289,1.167585679949508,1.167585679949508,1.169398,1.169398,1.171210320050492,1.171210320050492,1.0,1.0
1460,124311,124313,1.1670267962586713,1.1658552130833764,1.1658552130833764,1.1701143607498707,-3.413515302750361,1.703003866819695,-0.002003402310436517,2025-08-25 16:00:00+00:00,2025-08-25 16:30:00+00:00,0 days 00:30:00,A_long,0.0008263461064504037,0.0008408555199560964,18.691186379968613,13.502807973123396,1.1671385337826505,1.166074092561423,1.1692740000000001,1.1689479999999999,1.1714094662173498,1.1718219074385767,1.0,1.0
1466,124472,124473,1.1591760778284186,1.1580979033884806,1.1580979033884806,1.1619862898345583,-3.27916555718104,1.6985618282319872,-0.0019296563078983237,2025-08-27 08:15:00+00:00,2025-08-27 08:30:00+00:00,0 days 00:15:00,A_long,0.0008047364416528697,0.0008587715827658114,18.133836602188296,16.10564196387078,1.1592910864650325,1.1588259291988627,1.1613729999999998,1.1611615,1.163454913534967,1.1634970708011372,1.0,1.0
-1458,124507,124539,1.1637034883678363,1.1649533952993252,1.1649533952993252,1.1603798141020245,-3.519955174304109,1.6975908681933607,-0.0020746138491933657,2025-08-27 17:00:00+00:00,2025-08-28 01:00:00+00:00,0 days 08:00:00,A_short,0.0009284521606237518,0.00034120685497420183,81.20097424693648,72.70909163786538,1.1570784457835146,1.163269748610803,1.160359,1.1641350000000001,1.1636395542164852,1.1650002513891973,1.0,0.0
-1451,124577,124578,1.1663232485860195,1.1673566538363194,1.1673566538363194,1.163610038491042,-3.1925557873924513,1.693084769207407,-0.0018864797595164189,2025-08-28 10:30:00+00:00,2025-08-28 10:45:00+00:00,0 days 00:15:00,A_short,0.0008031388817862471,0.0007600536975480857,81.74337416400058,80.41843934111992,1.1626145403537362,1.1624873971236223,1.1644735,1.164644,1.1663324596462636,1.1668006028763778,1.0,1.0
-1446,124666,124679,1.1685230472425092,1.1658551194071247,1.1695282935309583,1.1658551194071247,2.1700682354782987,1.6877554144876854,0.0012843039387208832,2025-08-29 08:45:00+00:00,2025-08-29 12:00:00+00:00,0 days 03:15:00,A_short,0.0008565453279144313,0.0006345833153083996,55.60797244516043,32.26875844325079,1.1654710239987183,1.1656675096811002,1.1667895,1.167025,1.1681079760012816,1.1683824903188997,1.0,1.0
-1448,124689,124689,1.168433055479289,1.1696409261426293,1.1696409261426293,1.1652372215721118,-3.441762283210982,1.692765562694269,-0.002034269437178998,2025-08-29 14:30:00+00:00,2025-08-29 14:30:00+00:00,0 days 00:00:00,A_short,0.0010111133252322687,0.0010111133252322687,82.89803343341669,82.89803343341669,1.1648207063484863,1.1648207063484863,1.1667325,1.1667325,1.1686442936515136,1.1686442936515136,1.0,1.0
-1444,124690,124691,1.169452962129116,1.1707433359902786,1.1707433359902786,1.165889992029164,-3.552921582760833,1.6896217272422032,-0.0021039512403667597,2025-08-29 14:45:00+00:00,2025-08-29 15:00:00+00:00,0 days 00:15:00,A_short,0.0011456315485346507,0.0011462140087300286,86.25334003872051,75.67687304664705,1.1643914644357274,1.164230242640059,1.16689,1.167043,1.1693885355642726,1.169855757359941,1.0,1.0
1444,124853,124853,1.167406831036187,1.1663155971395331,1.1663155971395331,1.1702532085814006,-3.2606893399109227,1.68494759314287,-0.0019342829343711816,2025-09-02 07:30:00+00:00,2025-09-02 07:30:00+00:00,0 days 00:00:00,A_long,0.0008536242881149431,0.0008536242881149431,24.03672793086163,24.03672793086163,1.1676642562559072,1.1676642562559072,1.1692705,1.1692705,1.170876743744093,1.170876743744093,1.0,1.0
1441,124854,124854,1.16725681730822,1.166135650854262,1.166135650854262,1.170233047437214,-3.2968101334646907,1.6812092733110684,-0.001960033691056413,2025-09-02 07:45:00+00:00,2025-09-02 07:45:00+00:00,0 days 00:00:00,A_long,0.0011678077163662754,0.0011678077163662754,14.405696692186794,14.405696692186794,1.1664306693295543,1.1664306693295543,1.1690085,1.1690085,1.1715863306704455,1.1715863306704455,1.0,1.0
1441,124855,124860,1.16469658301759,1.1631786307403604,1.1631786307403604,1.1687841077789185,-3.8646033230003214,1.6772340915126032,-0.0023026511137862944,2025-09-02 08:00:00+00:00,2025-09-02 09:15:00+00:00,0 days 01:15:00,A_long,0.0012054333541840988,0.001312138095637994,19.701975907084076,21.45992149623683,1.1656719181218682,1.1624357584415272,1.1687785,1.1674465,1.1718850818781317,1.1724572415584729,1.0,1.0
-1434,124880,124929,1.16767312503432,1.1625071400411529,1.169564286652949,1.1625071400411529,5.7372832301425305,1.670739250059114,0.0034263825850336114,2025-09-02 14:15:00+00:00,2025-09-03 02:30:00+00:00,0 days 12:15:00,A_short,0.001414207027129878,0.00047616749494714305,67.33595269736838,35.89279954561049,1.1609296133344098,1.16249626397278,1.1638635000000002,1.1633584999999997,1.1667973866655905,1.1642207360272194,1.0,0.0
-1439,124977,125049,1.1675131396774843,1.16521,1.1690063959602264,1.1634608121193213,1.6358236969017987,1.67839429899795,0.0009736747870430237,2025-09-03 14:30:00+00:00,2025-09-04 08:30:00+00:00,0 days 18:00:00,A_short,0.001149285971274563,0.0005949822886836685,67.87461908048424,43.595580452498965,1.16321863658629,1.164895271604336,1.1651734999999999,1.1653025,1.1671283634137097,1.165709728395664,1.0,1.0
