Size,EntryBar,ExitBar,EntryPrice,ExitPrice,SL,TP,PnL,Commission,ReturnPct,EntryTime,ExitTime,Duration,Tag,"Entry__atr(H,L,C,14)","Exit__atr(H,L,C,14)","Entry__rsi(C,20)","Exit__rsi(C,20)","Entry__bbands(C,20,2.0)_0","Exit__bbands(C,20,2.0)_0","Entry__bbands(C,20,2.0)_1","Exit__bbands(C,20,2.0)_1","Entry__bbands(C,20,2.0)_2","Exit__bbands(C,20,2.0)_2","Entry__session_…(timestamp,7,18)","Exit__session_…(timestamp,7,18)"
8287,58,68,1.1945893185437373,1.1928134242149744,1.1928134242149744,1.1975358364130457,-14.716836302458201,0.0,-0.00148661494054525,2020-09-01 14:30:00+00:00,2020-09-01 17:00:00+00:00,0 days 02:30:00,A_long,0.0015936990136887223,0.001380251310718693,27.824251248996916,22.421294244088458,1.194864744145954,1.1914872127052627,1.1978915,1.1958905,1.2009182558540463,1.2002937872947372,1.0,1.0
8325,126,130,1.1874186623469332,1.1862410585291476,1.1862410585291476,1.1892340946475346,-9.803551783064563,0.0,-0.0009917343015798386,2020-09-02 07:30:00+00:00,2020-09-02 08:30:00+00:00,0 days 01:00:00,A_long,0.0010957492747387463,0.0010092028649049522,28.431660715506737,22.5676427286555,1.187987848950803,1.186058282263022,1.189931,1.189213,1.1918741510491973,1.1923677177369782,1.0,1.0
8344,150,152,1.1836283154869767,1.1823158175087976,1.1823158175087976,1.1857155284841643,-10.951483129926551,0.0,-0.0011088767994191784,2020-09-02 13:30:00+00:00,2020-09-02 14:00:00+00:00,0 days 00:30:00,A_long,0.001225624825708698,0.001322980424643447,31.046498187035525,25.251540818956514,1.1840151191804358,1.1830873526487031,1.185861,1.1855645000000001,1.1877068808195643,1.1880416473512971,1.0,1.0
8352,340,343,1.1812280958395107,1.1794416717951224,1.1794416717951224,1.18419699076878,-14.920213618731374,0.0,-0.0015123446950512376,2020-09-04 13:00:00+00:00,2020-09-04 13:45:00+00:00,0 days 00:45:00,A_long,0.0016385511108939063,0.0015702212712989205,22.510778681780906,19.048156620622606,1.1818788192145928,1.1798309724533147,1.1844365,1.183679,1.186994180785407,1.1875270275466852,1.0,1.0
-8348,628,628,1.1797320213058042,1.1812560663328235,1.1812560663328235,1.1772910806009176,-12.722727885557159,0.0,-0.0012918569636961585,2020-09-09 13:00:00+00:00,2020-09-09 13:00:00+00:00,0 days 00:00:00,A_short,0.0015592574884470353,0.0015592574884470353,84.51442202777399,84.51442202777399,1.1742746034754346,1.1742746034754346,1.1770095,1.1770095,1.1797443965245655,1.1797443965245655,1.0,1.0
-8328,629,633,1.1810419014148956,1.1826992574884472,1.1826992574884472,1.1783333365207953,-13.802461380537329,0.0,-0.0014032999773894161,2020-09-09 13:15:00+00:00,2020-09-09 14:15:00+00:00,0 days 01:00:00,A_short,0.0015446898233207574,0.001471421353952883,86.65186652491995,82.54999200006962,1.1737417781831263,1.1733001440924877,1.177229,1.1782664999999999,1.1807162218168739,1.183232855907512,1.0,1.0
-8272,723,723,1.1874213175187158,1.1891129220308765,1.1891129220308765,1.1846807403444222,-13.992952524592983,0.0,-0.0014246034555751574,2020-09-10 12:45:00+00:00,2020-09-10 12:45:00+00:00,0 days 00:00:00,A_short,0.0017891990934262832,0.0017891990934262832,80.27312047680624,80.27312047680624,1.1810918547462792,1.1810918547462792,1.1840755,1.1840755,1.187059145253721,1.187059145253721,1.0,1.0
-8252,724,724,1.1886512049493896,1.1905591990934263,1.1905591990934263,1.1855494416318328,-15.74476767659127,0.0,-0.001605175795971192,2020-09-10 13:00:00+00:00,2020-09-10 13:00:00+00:00,0 days 00:00:00,A_short,0.0018479725476361357,0.0018479725476361357,83.06696033384858,83.06696033384858,1.1806619196695247,1.1806619196695247,1.1844649999999999,1.1844649999999999,1.188268080330475,1.188268080330475,1.0,1.0
-8230,725,732,1.1898610942104588,1.186623649414255,1.1917979725476362,1.186623649414255,26.6441706727573,0.0,0.0027208594448178136,2020-09-10 13:15:00+00:00,2020-09-10 15:00:00+00:00,0 days 01:45:00,A_short,0.0018095762079513183,0.0019238455484659788,83.69424644932765,54.796460976759285,1.180313137528451,1.1813748988555526,1.1848185,1.186788,1.189323862471549,1.1922011011444473,1.0,1.0
8291,1017,1056,1.1844883941939852,1.183189642171747,1.183189642171747,1.1865506440908558,-10.767953016377588,0.0,-0.0010964666505846044,2020-09-15 14:15:00+00:00,2020-09-16 00:00:00+00:00,0 days 09:45:00,A_long,0.0011416434511527791,0.00046516155895693744,22.845905590247042,21.055828667774463,1.1851683451772135,1.183865102834544,1.1881,1.184643,1.1910316548227864,1.1854208971654558,1.0,0.0
8305,1114,1116,1.1812981022458953,1.1836921491216268,1.1797376949324294,1.1836921491216268,19.882559302950323,0.0,0.00202662382270824,2020-09-16 14:30:00+00:00,2020-09-16 15:00:00+00:00,0 days 00:30:00,A_long,0.0014679977252278573,0.0014107182913933537,31.862497377460954,45.78929743378701,1.1826050694765495,1.1821454761184926,1.1859245,1.1855319999999998,1.1892439305234506,1.188918523881507,1.0,1.0
-8325,1186,1189,1.1806619361924113,1.1788139077342419,1.18182560681431,1.1788139077342419,15.384836914260658,0.0,0.0015652477661211028,2020-09-17 08:30:00+00:00,2020-09-17 09:15:00+00:00,0 days 00:45:00,A_short,0.0010535259057353735,0.001077409308118703,73.73503431876198,49.37481341357491,1.1739610342549676,1.1747040045925454,1.177289,1.1778885000000001,1.1806169657450325,1.1810729954074548,1.0,1.0
8344,1379,1382,1.1798979741182067,1.178669368072942,1.178669368072942,1.181807137468704,-10.251488841688209,0.0,-0.0010412815957098198,2020-09-21 08:45:00+00:00,2020-09-21 09:30:00+00:00,0 days 00:45:00,A_long,0.001125881003450173,0.0010891557228385163,16.07662122665552,11.74698661892198,1.1805106887715278,1.1780111760399483,1.1849975000000001,1.1838315000000001,1.1894843112284725,1.189651823960052,1.0,1.0
8397,1499,1500,1.1712671843025277,1.1698102608876468,1.1698102608876468,1.1735615304022355,-12.23378591475497,0.0,-0.001243886479879941,2020-09-22 14:45:00+00:00,2020-09-22 15:00:00+00:00,0 days 00:15:00,A_long,0.0013504405640394118,0.0014090484888341513,24.764472342919163,28.96071974897994,1.171260592953642,1.1707295756843328,1.174414,1.174259,1.1775674070463582,1.177788424315667,1.0,1.0
-8382,1574,1583,1.1717427525488258,1.1698393729118033,1.1729981261601092,1.1698393729118033,15.95412811752237,0.0,0.0016244006057490878,2020-09-23 09:30:00+00:00,2020-09-23 11:45:00+00:00,0 days 02:15:00,A_short,0.0011350426720947043,0.0009265590631035984,63.24309620300339,37.94112880433586,1.1670279184249641,1.1681666343326798,1.16921,1.1702435000000002,1.171392081575036,1.1723203656673207,1.0,1.0
8469,1785,1817,1.1618063185254333,1.163754439651222,1.16055864463821,1.163754439651222,16.49863781430529,0.0,0.0016768036932879316,2020-09-25 14:15:00+00:00,2020-09-27 22:15:00+00:00,2 days 08:00:00,A_long,0.001182507980218135,0.0005787409179417463,38.66992093750958,62.211802189915254,1.1622722482080623,1.1620076701461692,1.16365,1.16279,1.1650277517919378,1.1635723298538307,1.0,0.0
-8395,1978,1983,1.173702573170062,1.1716979560995517,1.1749833577224713,1.1716979560995517,16.828760306934488,0.0,0.0017079429800482826,2020-09-29 14:30:00+00:00,2020-09-29 15:45:00+00:00,0 days 01:15:00,A_short,0.0011755766928085438,0.0011591315450244736,68.41087256418658,49.81957752761968,1.1678573304838435,1.1690114569526981,1.1707185,1.1716365,1.1735796695161564,1.1742615430473018,1.0,1.0
8445,2071,2072,1.1689769747222374,1.1708220451954496,1.167738863780306,1.1708220451954496,15.581620146277462,0.0,0.0015783634007424663,2020-09-30 13:45:00+00:00,2020-09-30 14:00:00+00:00,0 days 00:15:00,A_long,0.0011383180570682778,0.0012932089827925033,37.06363197399239,53.89723138851429,1.1693402741638173,1.1693993808093783,1.1706555,1.170724,1.171970725836183,1.1720486191906219,1.0,1.0
-8416,2077,2080,1.1746024908022623,1.171739427848621,1.1763914289729884,1.171739427848621,24.09553781784475,0.0,0.0024374739335737416,2020-09-30 15:15:00+00:00,2020-09-30 16:00:00+00:00,0 days 00:45:00,A_short,0.0016025717765899498,0.0017027348720498052,67.90453378911312,46.89314388159688,1.1687573746591275,1.1688744989618758,1.171485,1.1716440000000001,1.1742126253408727,1.1744135010381245,1.0,1.0
8431,2935,2936,1.1755675778375705,1.1744291167065537,1.1744291167065537,1.1773435899282034,-9.59836579560254,0.0,-0.0009684352924320683,2020-10-13 13:45:00+00:00,2020-10-13 14:00:00+00:00,0 days 00:15:00,A_long,0.0010114321876534406,0.0010752412292996474,20.704516172794385,16.82792090847957,1.1761628623659013,1.175330206669926,1.1785169999999998,1.1782605,1.1808711376340983,1.1811907933300738,1.0,1.0
8431,2937,2944,1.17444747533542,1.1732647587707004,1.1732647587707004,1.1762754342127393,-9.971483357150753,0.0,-0.0010070408337178316,2020-10-13 14:15:00+00:00,2020-10-13 16:00:00+00:00,0 days 01:45:00,A_long,0.0011025423987263837,0.0008986304843366642,30.202165504846775,23.47586497991358,1.1749109000569982,1.1720234022551947,1.1780665,1.17636,1.1812220999430016,1.1806965977448054,1.0,1.0
-8454,4180,4182,1.1698129291819963,1.1680983669514848,1.1709320183602863,1.1680983669514848,14.494909096744,0.0,0.0014656721495721614,2020-10-30 13:00:00+00:00,2020-10-30 13:30:00+00:00,0 days 00:30:00,A_short,0.0009797492455813613,0.0010593672111255828,72.1386860572826,52.29761674988727,1.1657401839798955,1.1658512014254374,1.167493,1.1676365,1.1692458160201042,1.1694217985745625,1.0,1.0
8505,4192,4237,1.1647765903391722,1.163466254703999,1.163466254703999,1.1668367415328023,-11.144404577149377,0.0,-0.0011249673508563207,2020-10-30 16:00:00+00:00,2020-11-02 04:15:00+00:00,2 days 12:15:00,A_long,0.0012072459232009638,0.000344291032120214,28.81845176062413,31.298758246418316,1.1650281651607068,1.163619926040588,1.1676475,1.1641270000000001,1.170266834839293,1.1646340739594123,1.0,0.0
-8429,4462,4466,1.1736925740852597,1.170809551933409,1.175461360036995,1.170809551933409,24.300993717950114,0.0,0.0024563690829327856,2020-11-04 12:30:00+00:00,2020-11-04 13:30:00+00:00,0 days 01:00:00,A_short,0.0018665120320622791,0.0018472756572391492,69.51544272465964,56.09442397303386,1.1645436478165079,1.1655820891825173,1.1688665,1.169871,1.1731893521834922,1.174159910817483,1.0,1.0
-8422,4546,4546,1.1775222235645122,1.1787575426041712,1.1787575426041712,1.1756004233124917,-10.403856952008189,0.0,-0.0010490834185019615,2020-11-05 09:30:00+00:00,2020-11-05 09:30:00+00:00,0 days 00:00:00,A_short,0.0012278702569484708,0.0012278702569484708,79.30056946071669,79.30056946071669,1.1718028854732951,1.1718028854732951,1.174859,1.174859,1.177915114526705,1.177915114526705,1.0,1.0
-8403,4547,4549,1.1790020881152417,1.1803278702569484,1.1803278702569484,1.1768898335374929,-11.140547336761863,0.0,-0.001124495159992689,2020-11-05 09:45:00+00:00,2020-11-05 10:15:00+00:00,0 days 00:30:00,A_short,0.0012574875560220015,0.001274646208745418,80.30290350904764,82.71910118888559,1.1715393342742089,1.1713355781805157,1.175141,1.17575,1.1787426657257911,1.1801644218194844,1.0,1.0
8339,4735,4747,1.1869486193326375,1.1887372453877554,1.1857704192290248,1.1887372453877554,14.915352673627918,0.0,0.0015069111046470685,2020-11-09 08:45:00+00:00,2020-11-09 11:45:00+00:00,0 days 03:00:00,A_long,0.001011636668178628,0.0013388695301362191,34.23178867484043,55.946954826923594,1.1873556405648702,1.1862183108545572,1.1887535000000002,1.187936,1.1901513594351303,1.189653689145443,1.0,1.0
8381,4763,4764,1.1826982303735836,1.180359191642131,1.180359191642131,1.1866334550441644,-19.603483608304078,0.0,-0.001977713901468947,2020-11-09 15:45:00+00:00,2020-11-09 16:00:00+00:00,0 days 00:15:00,A_long,0.002152700576819917,0.0023043404999105966,28.024881943780358,23.305511311071584,1.1832065237926734,1.1819143514736277,1.1877929999999999,1.1874185000000002,1.1923794762073263,1.1929226485263726,1.0,1.0
8387,4837,4839,1.179587945747076,1.1781640082347584,1.1781640082347584,1.181764785177435,-11.94256391580694,0.0,-0.0012071482397318922,2020-11-10 10:15:00+00:00,2020-11-10 10:45:00+00:00,0 days 00:30:00,A_long,0.0012278595298761852,0.001231236713551445,30.285563654423754,23.071170216298867,1.180027833287684,1.178709796728107,1.1824655,1.1820274999999998,1.184903166712316,1.1853452032718925,1.0,1.0
8387,4840,4842,1.1781278121282008,1.1802362260843926,1.1767887632864487,1.1802362260843926,17.683267850580357,0.0,0.0017896309165157387,2020-11-10 11:00:00+00:00,2020-11-10 11:30:00+00:00,0 days 00:30:00,A_long,0.0011977384850779165,0.001237768017680743,32.92603539290708,42.31524811472997,1.1782872351688776,1.17774595300528,1.181825,1.1815229999999999,1.1853627648311222,1.1853000469947197,1.0,1.0
8362,5721,5721,1.1837683282997453,1.182308875694337,1.182308875694337,1.1860360237501935,-12.203942686424725,0.0,-0.0012328870189529662,2020-11-23 15:15:00+00:00,2020-11-23 15:15:00+00:00,0 days 00:00:00,A_long,0.001396307731574676,0.001396307731574676,14.468239568766208,14.468239568766208,1.1845322363370314,1.1845322363370314,1.188958,1.188958,1.1933837636629685,1.1933837636629685,1.0,1.0
8363,5722,5724,1.1822481891896839,1.1807336922684253,1.1807336922684253,1.1846433539168342,-12.665737752485683,0.0,-0.0012810312886134545,2020-11-23 15:30:00+00:00,2020-11-23 16:00:00+00:00,0 days 00:30:00,A_long,0.0013968000340313948,0.0015826631366724834,20.632041253299164,17.089219466552308,1.1835474332046474,1.181198288000337,1.1887124999999998,1.1878635,1.1938775667953523,1.1945287119996628,1.0,1.0
8258,6205,6206,1.1957694265370746,1.1942779847964382,1.1942779847964382,1.1981476273664111,-12.316325894175584,0.0,-0.001247265323512714,2020-11-30 16:15:00+00:00,2020-11-30 16:30:00+00:00,0 days 00:15:00,A_long,0.001353746509753469,0.0013145803084530145,25.376613054375355,28.304145787190535,1.1956084119745265,1.195043037128031,1.198254,1.1980495000000002,1.2008995880254734,1.2010559628719695,1.0,1.0
-8207,6298,6298,1.2014000380722274,1.2027681135722812,1.2027681135722812,1.199245395569894,-11.22779562894154,0.0,-0.0011387343571662711,2020-12-01 15:30:00+00:00,2020-12-01 15:30:00+00:00,0 days 00:00:00,A_short,0.0013756984293103306,0.0013756984293103306,80.84858815265223,80.84858815265223,1.1945764159648926,1.1945764159648926,1.1980155,1.1980155,1.2014545840351072,1.2014545840351072,1.0,1.0
-8191,6299,6299,1.2024199447220545,1.2038856984293103,1.2038856984293103,1.2000337428272414,-12.005988616131996,0.0,-0.001219003155835452,2020-12-01 15:45:00+00:00,2020-12-01 15:45:00+00:00,0 days 00:00:00,A_short,0.0014429386387356338,0.0014429386387356338,82.60489528572701,82.60489528572701,1.1942775894629163,1.1942775894629163,1.1983294999999998,1.1983294999999998,1.2023814105370834,1.2023814105370834,1.0,1.0
-8177,6300,6300,1.2030298888949902,1.2045829386387357,1.2045829386387357,1.2005427104502762,-12.69928775460681,0.0,-0.0012909485941134946,2020-12-01 16:00:00+00:00,2020-12-01 16:00:00+00:00,0 days 00:00:00,A_short,0.0014772134869042205,0.0014772134869042205,86.28885591056178,86.28885591056178,1.1939296498468321,1.1939296498468321,1.1987545000000002,1.1987545000000002,1.2035793501531682,1.2035793501531682,1.0,1.0
-8155,6301,6319,1.2047097351417642,1.2062872134869043,1.2062872134869043,1.2021510157235722,-12.86433590461755,0.0,-0.001309426079265874,2020-12-01 16:15:00+00:00,2020-12-01 20:45:00+00:00,0 days 04:30:00,A_short,0.0015055850219836539,0.0007639745361310009,79.80138287535476,85.02175832487978,1.1939384831672981,1.2032469735799902,1.199159,1.204761,1.204379516832702,1.2062750264200097,1.0,0.0
-8073,6480,6485,1.2154287540497501,1.2166254017073181,1.2166254017073181,1.2135862769268275,-9.660536539546426,0.0,-0.000984547760270349,2020-12-03 13:00:00+00:00,2020-12-03 14:15:00+00:00,0 days 01:15:00,A_short,0.0010753481463423103,0.0010985948171850473,73.58170439310759,69.15499054285003,1.2094025460722688,1.209341739121046,1.2122920000000001,1.2132684999999999,1.2151814539277315,1.2171952608789538,1.0,1.0
-8061,6679,6683,1.2160087009682792,1.2140128616494965,1.2172906324169466,1.2140128616494965,16.08846074870707,0.0,0.0016413034850765174,2020-12-07 14:45:00+00:00,2020-12-07 15:45:00+00:00,0 days 01:00:00,A_short,0.0012025480946869231,0.0011051049112563844,68.90505212732413,50.4351897196433,1.2087478939487601,1.2097564823809288,1.2121555000000002,1.2129065,1.2155631060512402,1.2160565176190714,1.0,1.0
-8094,6963,6964,1.2130189746124138,1.2107595931843125,1.2144313371198263,1.2107595931843125,18.28743327905222,0.0,0.001862610128438691,2020-12-10 13:45:00+00:00,2020-12-10 14:00:00+00:00,0 days 00:15:00,A_short,0.0013564921705160658,0.0016236265477805943,68.64196901468918,52.88252843462509,1.207525139753754,1.2077007212190731,1.2101055,1.21021,1.212685860246246,1.212719278780927,1.0,1.0
-8095,6968,6972,1.2151087833360787,1.2120039053197473,1.2170222748223627,1.2120039053197473,25.133987542202796,0.0,0.0025552263788325424,2020-12-10 15:00:00+00:00,2020-12-10 16:00:00+00:00,0 days 01:00:00,A_short,0.0017799715127142924,0.0017223381012273066,65.44706740961507,47.75538353984796,1.2069287947039655,1.2072997982133082,1.2107769999999998,1.2113605,1.214625205296034,1.2154212017866919,1.0,1.0
8134,7164,7167,1.212590965899731,1.2146260473444956,1.2112721959197246,1.2146260473444956,16.553352471716227,0.0,0.0016782917752109494,2020-12-14 16:00:00+00:00,2020-12-14 16:45:00+00:00,0 days 00:45:00,A_long,0.0012007635362386066,0.0010173918486270266,38.89964133576773,47.752240103581244,1.2129091510176804,1.2125116588973646,1.2153765,1.2151485000000002,1.2178438489823198,1.2177853411026358,1.0,1.0
8147,7248,7250,1.2126109677301262,1.2144666484364512,1.2113918619797495,1.2144666484364512,15.118230714429977,0.0,0.0015303182601082987,2020-12-15 13:00:00+00:00,2020-12-15 13:30:00+00:00,0 days 00:30:00,A_long,0.001161052950883746,0.0011775019942193504,40.5722243622566,43.27626318098434,1.2132422527486537,1.2132438336923919,1.2152545,1.2152545,1.217266747251346,1.217265166307608,1.0,1.0
-8111,7327,7327,1.2197083623451026,1.221005277384064,1.221005277384064,1.2177145007086847,-10.51927788101636,0.0,-0.0010632992926833396,2020-12-16 08:45:00+00:00,2020-12-16 08:45:00+00:00,0 days 00:00:00,A_short,0.0012172403995222773,0.0012172403995222773,81.2737549943879,81.2737549943879,1.2141248474222832,1.2141248474222832,1.216681,1.216681,1.2192371525777166,1.2192371525777166,1.0,1.0
-8095,7328,7336,1.2207582662493364,1.2186789672808598,1.2220872403995222,1.2186789672808598,16.83192514981795,0.0,0.001703284774687619,2020-12-16 09:00:00+00:00,2020-12-16 11:00:00+00:00,0 days 02:00:00,A_short,0.0011882750129193218,0.000984775325913487,75.25609847420839,54.25947834759971,1.2139052846545006,1.2145898687086436,1.2169,1.2183935,1.2198947153454995,1.2221971312913562,1.0,1.0
8151,7621,7626,1.214611150769681,1.2174621379864914,1.2128388122297271,1.2174621379864914,23.23839680422091,0.0,0.002347242749256573,2020-12-21 10:15:00+00:00,2020-12-21 11:30:00+00:00,0 days 01:15:00,A_long,0.001715029400903226,0.0015895005910775914,25.314703003838517,51.82993735836757,1.2146209201555058,1.213182667932831,1.2186585,1.217965,1.2226960798444944,1.222747332067169,1.0,1.0
8151,7740,7751,1.217461411601047,1.2158921678547754,1.2158921678547754,1.2199460978614045,-12.790905775859343,0.0,-0.0012889474206889684,2020-12-22 16:00:00+00:00,2020-12-22 18:45:00+00:00,0 days 02:45:00,A_long,0.0015121211925280492,0.0009136183392722608,27.702536740051812,27.95113682495385,1.2179898958344881,1.2144335733740617,1.2224059999999999,1.2185835,1.2268221041655116,1.2227334266259384,1.0,0.0
-8111,7831,7835,1.2217481756447568,1.2195288446522603,1.2231395307487445,1.2195288446522603,18.000993680139057,0.0,0.0018165208156134538,2020-12-23 14:45:00+00:00,2020-12-23 15:45:00+00:00,0 days 01:00:00,A_short,0.0013415933155785118,0.0014893974654071778,62.754436716651234,44.796818925007926,1.2162357672240804,1.2161681280842682,1.218676,1.218967,1.2211162327759197,1.2217658719157316,1.0,1.0
8114,8354,8358,1.2237419863452492,1.2224250716121714,1.2224250716121714,1.2257428710980918,-10.685446144193456,0.0,-0.00107613757456404,2020-12-31 15:45:00+00:00,2020-12-31 16:45:00+00:00,0 days 01:00:00,A_long,0.0012309379361182264,0.0011672580423401915,22.0477667686433,24.89541797345052,1.2244259698341353,1.2220353384360008,1.2270780000000001,1.2260555,1.229730030165865,1.2300756615639992,1.0,1.0
-8043,8608,8609,1.232967148792854,1.2340812132203862,1.2340812132203862,1.2312778162033047,-8.960420190641948,0.0,-0.0009035637556304987,2021-01-06 07:15:00+00:00,2021-01-06 07:30:00+00:00,0 days 00:15:00,A_short,0.0010597181243347355,0.0011624223744234373,76.36897118429795,79.67779999880335,1.2271556805968613,1.2269818465101074,1.2298965000000002,1.230145,1.232637319403139,1.2333081534898926,1.0,1.0
8053,8636,8642,1.2304526004429557,1.2290527008171974,1.2290527008171974,1.2326851385290447,-11.273391686231275,0.0,-0.0011377111359301972,2021-01-06 14:15:00+00:00,2021-01-06 15:45:00+00:00,0 days 01:30:00,A_long,0.0012509926250955422,0.001550153708136715,25.637176581433323,25.3600430266074,1.2309494260376566,1.2285591774731097,1.2334575,1.232447,1.2359655739623436,1.2363348225268904,1.0,1.0
8056,8712,8714,1.228662436622554,1.227515323070511,1.227515323070511,1.2304404184730806,-9.2411467752593,0.0,-0.000933627917523383,2021-01-07 09:15:00+00:00,2021-01-07 09:45:00+00:00,0 days 00:30:00,A_long,0.0010253866722239873,0.0010846682115815548,25.20626094393235,18.429952934397136,1.228772317838101,1.227528345765962,1.2311055,1.2305724999999998,1.233438682161899,1.2336166542340377,1.0,1.0
8060,8715,8716,1.2269722819541302,1.2258053317884186,1.2258053317884186,1.2288424027808467,-9.405618335636031,0.0,-0.0009510811147690479,2021-01-07 10:00:00+00:00,2021-01-07 10:15:00+00:00,0 days 00:15:00,A_long,0.001090712450037328,0.0011772841233656647,17.81559048037903,14.07128862888895,1.2269004215715908,1.2260360307305196,1.230316,1.230006,1.233731578428409,1.2339759692694803,1.0,1.0
8062,8717,8727,1.225522149250453,1.2275291114220583,1.2242327158766344,1.2275291114220583,16.18012902748137,0.0,0.0016376384325920146,2021-01-07 10:30:00+00:00,2021-01-07 13:00:00+00:00,0 days 02:30:00,A_long,0.0011256462402502222,0.001006896572981084,15.282324455246837,51.59287983677732,1.225339167508282,1.2238231080617938,1.229712,1.2271325000000002,1.2340848324917177,1.2304418919382065,1.0,1.0
8098,8804,8810,1.2219818252704409,1.223854199392974,1.2207521114483477,1.223854199392974,15.162485644272632,0.0,0.0015322438385028114,2021-01-08 08:15:00+00:00,2021-01-08 09:45:00+00:00,0 days 01:30:00,A_long,0.0011535034114319846,0.0011553060106737555,30.06263837531918,47.8016873718496,1.2231133965140961,1.2213843772377042,1.225615,1.2246834999999998,1.2281166034859037,1.2279826227622954,1.0,1.0
-8076,8826,8826,1.2270576896747387,1.2283143779106072,1.2283143779106072,1.225054119760907,-10.149014192873535,0.0,-0.001024147639058004,2021-01-08 13:45:00+00:00,2021-01-08 13:45:00+00:00,0 days 00:00:00,A_short,0.0013771275225261744,0.0013771275225261744,77.7391980792656,77.7391980792656,1.2223887618193563,1.2223887618193563,1.22457,1.22457,1.2267512381806436,1.2267512381806436,1.0,1.0
8162,9207,9207,1.2130910116596194,1.211910258763262,1.211910258763262,1.2147935342261282,-9.637305140069424,0.0,-0.0009733423832248844,2021-01-14 13:00:00+00:00,2021-01-14 13:00:00+00:00,0 days 00:00:00,A_long,0.001105775738506127,0.001105775738506127,22.862357322731768,22.862357322731768,1.213121090763107,1.213121090763107,1.2153535,1.2153535,1.217585909236893,1.217585909236893,1.0,1.0
8158,9208,9208,1.2124809558325553,1.2112542242614939,1.2112542242614939,1.2143503963293114,-10.007676156719365,0.0,-0.0010117532693278974,2021-01-14 13:15:00+00:00,2021-01-14 13:15:00+00:00,0 days 00:00:00,A_long,0.0011276723067052943,0.0011276723067052943,18.45962208023073,18.45962208023073,1.212322619925317,1.212322619925317,1.2151785,1.2151785,1.218034380074683,1.218034380074683,1.0,1.0
8157,9209,9218,1.2114008569911956,1.2132798101520694,1.2101223276932946,1.2132798101520694,15.326620933247838,0.0,0.00155105814068901,2021-01-14 13:30:00+00:00,2021-01-14 15:45:00+00:00,0 days 02:15:00,A_long,0.001147982665811278,0.0010590187564489275,33.08681060946873,53.9649882812541,1.2119231919983593,1.2102568105967033,1.2150045,1.2132524999999998,1.2180858080016408,1.2162481894032964,1.0,1.0
8188,9313,9345,1.2086906089725988,1.207299362551502,1.207299362551502,1.2108011474072964,-11.391525695940445,0.0,-0.0011510360143190956,2021-01-15 15:30:00+00:00,2021-01-17 23:30:00+00:00,2 days 08:00:00,A_long,0.0012465524553648033,0.0005568128240296876,32.962386746867935,36.18864932872972,1.2089799184944365,1.2073174215522462,1.2116715,1.207915,1.2143630815055635,1.208512578447754,1.0,0.0
8182,9599,9600,1.2081605604671168,1.2099145738191828,1.206998570100454,1.2099145738191828,14.351337246603444,0.0,0.0014518048423859398,2021-01-20 15:00:00+00:00,2021-01-20 15:15:00+00:00,0 days 00:15:00,A_long,0.0011519059129398328,0.0011849851245478347,38.971591483183815,46.15850507090269,1.2087193625164265,1.2087027829675328,1.2107815,1.2106905000000001,1.2128436374835734,1.2126782170324675,1.0,1.0
8207,10078,10081,1.2063003902403309,1.2087335402634207,1.2047458109647662,1.2087335402634207,19.968862239498467,0.0,0.002017034929919115,2021-01-27 14:45:00+00:00,2021-01-27 15:30:00+00:00,0 days 00:45:00,A_long,0.0014716304972025034,0.0014054613932900349,24.06882542846833,41.15878621993648,1.2076315334011078,1.2065247740556728,1.2110745,1.2103505,1.2145174665988923,1.2141762259443274,1.0,1.0
-8174,10255,10260,1.213308948071678,1.2144424027269938,1.2144424027269938,1.2116076750914113,-9.264858352550277,0.0,-0.0009341846997148462,2021-01-29 11:00:00+00:00,2021-01-29 12:15:00+00:00,0 days 01:15:00,A_short,0.0009774156967279866,0.000978000232145165,72.8311889014169,71.76590912450388,1.209301412885352,1.209538934525638,1.21124,1.2120495,1.213178587114648,1.214560065474362,1.0,1.0
8232,10445,10449,1.203860166932074,1.2026897662982932,1.2026897662982932,1.2056864206630722,-9.634738017284636,0.0,-0.000972206462120595,2021-02-02 10:30:00+00:00,2021-02-02 11:30:00+00:00,0 days 01:00:00,A_long,0.0010608692081459288,0.000922002675631686,24.79401544655053,23.477925863082348,1.2045682775118043,1.2025539168068717,1.206932,1.2061405,1.2092957224881955,1.2097270831931284,1.0,1.0
-8247,10747,10747,1.2002701414895758,1.2014151104049617,1.2014151104049617,1.198544801271069,-9.442558645187994,0.0,-0.0009539260169924013,2021-02-05 14:00:00+00:00,2021-02-05 14:00:00+00:00,0 days 00:00:00,A_short,0.0010710956843001296,0.0010710956843001296,74.05942614862461,74.05942614862461,1.1964166760980697,1.1964166760980697,1.198331,1.198331,1.2002453239019304,1.2002453239019304,1.0,1.0
-8231,10749,10751,1.201480030750645,1.2027442829263935,1.2027442829263935,1.1995402907324917,-10.406059658585386,0.0,-0.0010522456831500993,2021-02-05 14:30:00+00:00,2021-02-05 15:00:00+00:00,0 days 00:30:00,A_short,0.0010970452028743194,0.0011112917301589068,80.22125901977826,83.14208075246381,1.1959679848482554,1.1957563090753252,1.198707,1.199155,1.2014460151517445,1.2025536909246748,1.0,1.0
-8191,12387,12387,1.206119606098878,1.2072582353679482,1.2072582353679482,1.204379176337693,-9.326512342954567,0.0,-0.000944043412703488,2021-03-02 16:00:00+00:00,2021-03-02 16:00:00+00:00,0 days 00:00:00,A_short,0.0010911373188885127,0.0010911373188885127,77.8823203343199,77.8823203343199,1.2012470732868101,1.2012470732868101,1.2036025000000001,1.2036025000000001,1.2059579267131901,1.2059579267131901,1.0,1.0
-8178,12388,12390,1.2068295411198358,1.2080411373188884,1.2080411373188884,1.2049859528260007,-9.908433715852528,0.0,-0.0010039497358744764,2021-03-02 16:15:00+00:00,2021-03-02 16:45:00+00:00,0 days 00:30:00,A_short,0.0010256523430367318,0.000993845537658716,79.49954005216873,78.96510164802814,1.2010315747521996,1.2008265261965656,1.2038475,1.204305,1.2066634252478003,1.2077834738034343,1.0,1.0
-8143,12458,12461,1.2108491732103308,1.2090164421739418,1.2120708654589212,1.2090164421739418,14.92392882931591,0.0,0.0015135915165469527,2021-03-03 09:45:00+00:00,2021-03-03 10:30:00+00:00,0 days 00:45:00,A_short,0.001070750064398343,0.0010021267826616923,61.5421717158029,47.73120675601077,1.2069445499426972,1.2069537282207379,1.2086765,1.2087545,1.2104084500573027,1.210555271779262,1.0,1.0
8225,12586,12586,1.2007698841359618,1.1992797439429868,1.1992797439429868,1.2031724609026235,-12.256403087219358,0.0,-0.001240987313774311,2021-03-04 17:45:00+00:00,2021-03-04 17:45:00+00:00,0 days 00:00:00,A_long,0.001427555249411498,0.001427555249411498,20.94769664280406,20.94769664280406,1.2007155907723037,1.2007155907723037,1.2033485000000002,1.2033485000000002,1.2059814092276966,1.2059814092276966,1.0,1.0
8224,12587,12587,1.1994797660754488,1.1979524447505885,1.1979524447505885,1.2019495994489404,-12.560690575651364,0.0,-0.0012733197908436633,2021-03-04 18:00:00+00:00,2021-03-04 18:00:00+00:00,0 days 00:00:00,A_long,0.0015598812161566435,0.0015598812161566435,17.695321228163706,17.695321228163706,1.199632795874745,1.199632795874745,1.2030885,1.2030885,1.206544204125255,1.206544204125255,0.0,0.0
-8263,12956,12960,1.1921608837149706,1.190162162663816,1.193425465186769,1.190162162663816,16.51543204569152,0.0,0.0016765531216947904,2021-03-10 14:15:00+00:00,2021-03-10 15:15:00+00:00,0 days 01:00:00,A_short,0.0011380698285330525,0.0011897780221774082,74.60236557742871,43.732329739008115,1.1876551863451745,1.1874960841306699,1.1897245,1.189903,1.1917938136548256,1.19230991586933,1.0,1.0
8290,13343,13348,1.1903489304998809,1.1892148797979978,1.1892148797979978,1.1921132163636041,-9.401280318610938,0.0,-0.0009527044321423483,2021-03-16 14:00:00+00:00,2021-03-16 15:15:00+00:00,0 days 01:15:00,A_long,0.001043770841735362,0.001046204111460685,25.63605815849445,26.411609110422006,1.190522013804518,1.1885943234118808,1.1932475,1.1924735,1.195972986195482,1.1963526765881192,1.0,1.0
8276,13532,13543,1.191239011952483,1.192974888202636,1.1901361732207576,1.192974888202636,14.366111846267433,0.0,0.001457202318540629,2021-03-18 13:15:00+00:00,2021-03-18 16:00:00+00:00,0 days 02:45:00,A_long,0.0009933165420100002,0.000994482695990907,24.767520740857464,58.9203462605219,1.1917752230414844,1.1905104347084978,1.193703,1.1925474999999999,1.1956307769585155,1.194584565291502,1.0,1.0
-8287,14882,14883,1.1912609660827704,1.189398133120398,1.1924188149331123,1.189398133120398,15.437296759180414,0.0,0.0015637488471548222,2021-04-07 14:45:00+00:00,2021-04-07 15:00:00+00:00,0 days 00:15:00,A_short,0.0011803062753640032,0.0011895987719821326,57.60097680015064,58.5128171980765,1.1875472751228189,1.1875571196726595,1.1891705,1.1892334999999998,1.190793724877181,1.1909098803273401,1.0,1.0
-8291,15258,15261,1.192530849852653,1.1939663583421516,1.1939663583421516,1.190252554984127,-11.901800886432747,0.0,-0.0012037495631043171,2021-04-13 12:45:00+00:00,2021-04-13 13:30:00+00:00,0 days 00:45:00,A_short,0.0013401772298647528,0.0012360087034112425,72.3427874724608,77.73534918461964,1.187906710066529,1.1871235786510719,1.1898779999999998,1.19038,1.1918492899334705,1.1936364213489281,1.0,1.0
8226,15936,15996,1.2006598740687862,1.2029536960125273,1.199199057770818,1.2029536960125273,18.868979309214865,0.0,0.0019104677296892802,2021-04-22 14:30:00+00:00,2021-04-23 05:30:00+00:00,0 days 15:00:00,A_long,0.001300816598624363,0.0002977599462694489,33.725605440821255,66.6674402961483,1.2010766023436108,1.2018553955334073,1.2041935000000001,1.2023245,1.2073103976563895,1.2027936044665928,1.0,0.0
8218,16514,16516,1.2040601852360295,1.2024743688285755,1.2024743688285755,1.2065781361085641,-13.03223923645724,0.0,-0.001317057425284096,2021-04-30 15:00:00+00:00,2021-04-30 15:30:00+00:00,0 days 00:30:00,A_long,0.0014342136819011824,0.0013278316099613124,23.125260267363146,25.178027909487895,1.2047494769308902,1.2032770324389728,1.2077405,1.2071805,1.21073152306911,1.2110839675610272,1.0,1.0
-8150,16985,16985,1.2124390276938846,1.2141396030032252,1.2141396030032252,1.2096607145941944,-13.859688771126265,0.0,-0.0014026068697039484,2021-05-07 12:45:00+00:00,2021-05-07 12:45:00+00:00,0 days 00:00:00,A_short,0.001663655936128615,0.001663655936128615,76.89601279515355,76.89601279515355,1.2047861076643196,1.2047861076643196,1.2081529999999998,1.2081529999999998,1.21151989233568,1.21151989233568,1.0,1.0
-8136,16986,16992,1.2127689974923581,1.2145536559361287,1.2145536559361287,1.2098954193149682,-14.519981098517812,0.0,-0.0014715567824217235,2021-05-07 13:00:00+00:00,2021-05-07 14:30:00+00:00,0 days 01:30:00,A_short,0.0017845018113114611,0.0015507188502259304,68.69618952600308,73.6754277684846,1.2046251477225716,1.204014745063544,1.2083525,1.2096805,1.2120798522774283,1.215346254936456,1.0,1.0
8086,17942,17945,1.2187515296615596,1.2205037919463149,1.217573448918714,1.2205037919463149,14.16879283453074,0.0,0.0014377518650103838,2021-05-21 12:00:00+00:00,2021-05-21 12:45:00+00:00,0 days 00:45:00,A_long,0.0011256776037812488,0.001042937391261467,19.922165007085596,43.131478251214794,1.2194979411561893,1.2188265367425755,1.2219345,1.221606,1.2243710588438106,1.2243854632574245,1.0,1.0
8111,18808,18810,1.2166913411308182,1.2155319404088303,1.2155319404088303,1.2184945072641056,-9.403899256044234,0.0,-0.0009529127748294508,2021-06-03 12:30:00+00:00,2021-06-03 13:00:00+00:00,0 days 00:30:00,A_long,0.0010609849790138746,0.0010668731620148719,33.81775432809606,27.56556240448576,1.217179958905896,1.216146423997504,1.2187465,1.2185000000000001,1.2203130410941039,1.2208535760024963,1.0,1.0
-8114,18905,18905,1.2148188098768145,1.216016844114754,1.216016844114754,1.2130016805934425,-9.720849806642132,0.0,-0.0009861834770743538,2021-06-04 12:45:00+00:00,2021-06-04 12:45:00+00:00,0 days 00:00:00,A_short,0.0012879315661201939,0.0012879315661201939,84.93479767655619,84.93479767655619,1.2088377563770414,1.2088377563770414,1.2117045,1.2117045,1.2145712436229585,1.2145712436229585,1.0,1.0
-8094,18906,18909,1.216628644226017,1.2180379315661203,1.2180379315661203,1.2144317231809836,-11.406771730795787,0.0,-0.0011583545618389923,2021-06-04 13:00:00+00:00,2021-06-04 13:45:00+00:00,0 days 00:45:00,A_short,0.001253540690637513,0.001077703376986879,82.31904529116446,85.90425865941026,1.2084373460050795,1.2076295293883423,1.2119765,1.212942,1.2155156539949206,1.2182544706116576,1.0,1.0
8225,19747,19748,1.1961394603993922,1.1948638263834046,1.1948638263834046,1.198101112509872,-10.49208978149822,0.0,-0.0010664592701938869,2021-06-17 07:15:00+00:00,2021-06-17 07:30:00+00:00,0 days 00:15:00,A_long,0.001159350467716143,0.0011207704053539807,23.586887491793675,21.953208699150537,1.1964570222717599,1.1955757182599447,1.199151,1.1988750000000001,1.2018449777282403,1.2021742817400556,1.0,1.0
8226,19749,19759,1.1947493331869015,1.193489229594646,1.193489229594646,1.196627386729637,-10.365612149893572,0.0,-0.0010547012308382842,2021-06-17 07:45:00+00:00,2021-06-17 10:15:00+00:00,0 days 02:30:00,A_long,0.0010980010179734508,0.0011058456736790108,30.5995421710158,26.240538415587224,1.1950782516949667,1.1922538441995383,1.1986364999999999,1.196243,1.202194748305033,1.2002321558004616,1.0,1.0
8253,19784,19788,1.18949885270807,1.1914878461884046,1.188255641006442,1.1914878461884046,16.415163193200996,0.0,0.0016721272793212005,2021-06-17 16:30:00+00:00,2021-06-17 17:30:00+00:00,0 days 01:00:00,A_long,0.0011324444610836138,0.0010517875803063286,30.392423332582112,47.19163944365911,1.189836366071355,1.1890725044664812,1.1926215,1.1920110000000002,1.195406633928645,1.1949494955335191,1.0,1.0
8282,19864,19864,1.1873986605165374,1.189385600667992,1.1861413329622268,1.189385600667992,16.455838334346236,0.0,0.0016733555607937323,2021-06-18 12:30:00+00:00,2021-06-18 12:30:00+00:00,0 days 00:00:00,A_long,0.0012975114327367701,0.0012975114327367701,38.40408581566939,38.40408581566939,1.1888325036198422,1.1888325036198422,1.1910770000000002,1.1910770000000002,1.1933214963801582,1.1933214963801582,1.0,1.0
-8253,20073,20080,1.1932807812128199,1.1944690029324914,1.1944690029324914,1.1914757947215155,-9.80639385244871,0.0,-0.0009957603762491551,2021-06-22 16:45:00+00:00,2021-06-22 18:30:00+00:00,0 days 01:45:00,A_short,0.000997135874825892,0.000721785011637916,75.85109911571936,78.7004439837013,1.1880924172213907,1.188967157044801,1.190652,1.192049,1.1932115827786094,1.1951308429551988,1.0,0.0
8328,21497,21497,1.1816381333626196,1.1803749297708375,1.1803749297708375,1.1835251264124926,-10.519959512361444,0.0,-0.001069027442595627,2021-07-13 12:45:00+00:00,2021-07-13 12:45:00+00:00,0 days 00:00:00,A_long,0.0012870608652742475,0.0012870608652742475,20.55218235071156,20.55218235071156,1.1816280504473913,1.1816280504473913,1.183977,1.183977,1.1863259495526088,1.1863259495526088,1.0,1.0
8330,21498,21501,1.180067989676569,1.1822467095574936,1.1786429391347257,1.1822467095574936,18.148736608102435,0.0,0.0018462664015841401,2021-07-13 13:00:00+00:00,2021-07-13 13:45:00+00:00,0 days 00:45:00,A_long,0.001274119416571018,0.0013802015876167397,19.149344076815026,44.800475794170445,1.1806706556905173,1.1797081115390526,1.1837214999999999,1.1831295,1.1867723443094824,1.1865508884609473,1.0,1.0
-8335,21884,21891,1.1813318748741604,1.1796010593299446,1.1824460781500308,1.1796010593299446,14.426347561038066,0.0,0.001465139120537251,2021-07-19 13:30:00+00:00,2021-07-19 15:15:00+00:00,0 days 01:45:00,A_short,0.0010259343966934227,0.000985528516136744,79.44440077150026,50.929423959157965,1.17522210620457,1.1754470096673308,1.1779950000000001,1.1792355,1.1807678937954302,1.1830239903326694,1.0,1.0
-8342,22171,22174,1.1819718163015027,1.1795009472311115,1.1834972515382713,1.1795009472311115,20.61198978520322,0.0,0.0020904636103107332,2021-07-22 13:15:00+00:00,2021-07-22 14:00:00+00:00,0 days 00:45:00,A_short,0.0013716179998351902,0.001585785109818659,73.512366183652,45.11563346572852,1.1772686356675535,1.1771059496940062,1.179525,1.1797175000000002,1.1817813643324464,1.1823290503059942,1.0,1.0
-8377,24671,24819,1.179512041440155,1.1813152795592177,1.1813152795592177,1.1765684967934078,-15.105725723388145,0.0,-0.0015288000933513235,2021-08-27 14:15:00+00:00,2021-08-31 03:15:00+00:00,3 days 13:00:00,A_short,0.0017252422846554879,0.0003424644649612813,67.95149079532332,83.68445729201952,1.1733704973743166,1.1791856072189855,1.175989,1.180194,1.1786075026256833,1.1812023927810145,1.0,0.0
8359,24866,24951,1.1804780271996778,1.1823666792804488,1.1792451781775286,1.1823666792804488,15.787242743165184,0.0,0.0015999044770458326,2021-08-31 15:00:00+00:00,2021-09-01 12:15:00+00:00,0 days 21:15:00,A_long,0.0010821789128085658,0.0005538221998920703,30.330208448193147,70.33712185994047,1.1807480657966458,1.1802793647168741,1.1828245000000002,1.181476,1.1849009342033545,1.1826726352831258,1.0,1.0
-8311,25146,25147,1.189021171087072,1.1903607430471523,1.1903607430471523,1.1868586625151254,-11.133182560228104,0.0,-0.0011266174166231213,2021-09-03 13:00:00+00:00,2021-09-03 13:15:00+00:00,0 days 00:15:00,A_short,0.0012506439741988614,0.0012278914443056759,84.50569084434196,73.10919927843457,1.1859713948886654,1.1858096693625153,1.187521,1.1876075,1.1890706051113347,1.1894053306374845,1.0,1.0
-8488,28890,28891,1.1629135606684604,1.1644047625212304,1.1644047625212304,1.160415427461785,-12.657321326311449,0.0,-0.001282298102975865,2021-10-28 13:00:00+00:00,2021-10-28 13:15:00+00:00,0 days 00:15:00,A_short,0.0014921275183996674,0.0014651771826130469,75.71991293981819,73.39536974862737,1.1572512679900449,1.1570179090189183,1.160074,1.1602755,1.1628967320099552,1.1635330909810817,1.0,1.0
-8444,28895,28901,1.167413148829462,1.1691349908948743,1.1691349908948743,1.1646690163892264,-14.539234400342062,0.0,-0.001474920911366251,2021-10-28 14:15:00+00:00,2021-10-28 15:45:00+00:00,0 days 01:30:00,A_short,0.0015236587755577482,0.001176102350028295,84.29753999931842,81.01214924059418,1.1561919355743486,1.1573368083991822,1.161741,1.1642595,1.1672900644256512,1.1711821916008178,1.0,1.0
8508,28994,28995,1.1572359002800505,1.1558551893266331,1.1558551893266331,1.1593686592120607,-11.747088791675306,0.0,-0.0011931110615245322,2021-10-29 15:00:00+00:00,2021-10-29 15:15:00+00:00,0 days 00:15:00,A_long,0.0012461692502513254,0.0014213466835511644,12.41929148017897,10.121980990707229,1.1575786484599544,1.1563652687154486,1.162766,1.1622845,1.1679533515400455,1.1682037312845512,1.0,1.0
8509,28996,28998,1.1556957593395931,1.1541786533164489,1.1541786533164489,1.158158424030392,-12.909055150934462,0.0,-0.0013127209396451844,2021-10-29 15:30:00+00:00,2021-10-29 16:00:00+00:00,0 days 00:30:00,A_long,0.0013891671257443372,0.0013201299744479917,11.587600632663182,9.342502043419202,1.1554199012984971,1.153488584264729,1.1617965,1.1607395,1.1681730987015027,1.167990415735271,1.0,1.0
8528,29761,29770,1.1516453886844946,1.1501756262063851,1.1501756262063851,1.1539958728285067,-12.534134413317663,0.0,-0.0012762283360404636,2021-11-10 15:45:00+00:00,2021-11-10 18:00:00+00:00,0 days 02:15:00,A_long,0.001291790621132842,0.0013373349656092496,24.170499087241012,22.747132493488678,1.1523247236886331,1.1488605134668635,1.155003,1.1532045,1.1576812763113669,1.1575484865331365,1.0,0.0
8612,30056,30067,1.1389942309593102,1.137710582602279,1.137710582602279,1.1410409513158977,-11.054779650751811,0.0,-0.0011270016319133713,2021-11-15 17:30:00+00:00,2021-11-15 20:15:00+00:00,0 days 02:45:00,A_long,0.001154828411358178,0.0007748815103098719,17.000325717331947,19.88865478804236,1.1392086236091037,1.1362840961091918,1.1427530000000001,1.1396305000000002,1.1462973763908966,1.1429769038908086,1.0,0.0
8643,30139,30152,1.1335637340069187,1.1323185451468762,1.1323185451468762,1.135570618735623,-10.76216731734676,0.0,-0.0010984727392794325,2021-11-16 14:15:00+00:00,2021-11-16 17:30:00+00:00,0 days 03:15:00,A_long,0.0011399275393738845,0.0008961501371697033,30.7524821601001,30.482002003837522,1.1342755877085258,1.1318561937330796,1.136181,1.1346415,1.1380864122914744,1.1374268062669206,1.0,1.0
8660,30409,30410,1.130183424670071,1.128829938095301,1.128829938095301,1.1322741114284582,-11.721193737507928,0.0,-0.0011975813352289588,2021-11-19 09:45:00+00:00,2021-11-19 10:00:00+00:00,0 days 00:15:00,A_long,0.001235386984072423,0.0013133353861961205,8.417476975526341,6.441868636765221,1.130157995410434,1.1292090997745905,1.1340800000000002,1.1337355,1.1380020045895665,1.1382619002254095,1.0,1.0
8683,30422,30423,1.1258230256438415,1.128086227977203,1.124405428901554,1.128086227977203,19.65138586057812,0.0,0.0020102647412698627,2021-11-19 13:00:00+00:00,2021-11-19 13:15:00+00:00,0 days 00:15:00,A_long,0.0014219616186534126,0.001476366736166291,30.22538713530345,41.50597537919933,1.1263106843912398,1.1264252005901543,1.129934,1.1296779999999997,1.1335573156087602,1.1329307994098452,1.0,1.0
8711,30524,30525,1.1244529002617465,1.126262383872599,1.1232564534041118,1.126262383872599,15.762411734135473,0.0,0.0016092124538353847,2021-11-22 14:30:00+00:00,2021-11-22 14:45:00+00:00,0 days 00:15:00,A_long,0.001059740383103172,0.00126510833202277,21.512143017458527,40.91128509046732,1.124900308553342,1.124689264465299,1.127501,1.1273875,1.1301016914466582,1.130085735534701,1.0,1.0
-8707,30597,30607,1.126486894733952,1.1247680323466576,1.1276333153629678,1.1247680323466576,14.966134806171913,0.0,0.0015258609712457405,2021-11-23 08:45:00+00:00,2021-11-23 11:15:00+00:00,0 days 02:30:00,A_short,0.0009975399812388486,0.0009312920055821454,72.2225420486087,41.62623929342907,1.122191149086543,1.123580841158714,1.124314,1.1255419999999998,1.126436850913457,1.1275031588412856,1.0,1.0
8766,30698,30712,1.1209125762817345,1.1196785361635135,1.1196785361635135,1.1227346349056757,-10.817595676324627,0.0,-0.0011009245005658697,2021-11-24 10:00:00+00:00,2021-11-24 13:30:00+00:00,0 days 03:30:00,A_long,0.0010486019916216857,0.0009182789669248531,29.447190617333035,44.052994254263574,1.1212518203510038,1.1200033522489865,1.12369,1.1214755,1.1261281796489964,1.1229476477510136,1.0,1.0
-8708,30884,30885,1.1268568608716343,1.1248173770098449,1.1281503461056417,1.1248173770098449,17.759825468462324,0.0,0.001809887247091746,2021-11-26 08:30:00+00:00,2021-11-26 08:45:00+00:00,0 days 00:15:00,A_short,0.0012476332915562062,0.0013706155193487128,75.10364401732292,59.6257993809686,1.1203674163891155,1.1204657336747283,1.1230585,1.123205,1.1257495836108844,1.1259442663252717,1.0,1.0
-8687,30914,30918,1.1315464316438781,1.1296449473764703,1.1327950292352942,1.1296449473764703,16.518193830972276,0.0,0.0016804297324728434,2021-11-26 16:00:00+00:00,2021-11-26 17:00:00+00:00,0 days 01:00:00,A_short,0.001097692003921685,0.001095937606400136,76.21221948447811,50.79434093252314,1.127060978477539,1.1276086505250627,1.129268,1.1297245,1.131475021522461,1.1318403494749374,1.0,1.0
8697,31105,31105,1.132363624183186,1.1306893874636144,1.1306893874636144,1.1350871025654943,-14.560836750114863,0.0,-0.0014785327644019075,2021-11-30 15:45:00+00:00,2021-11-30 15:45:00+00:00,0 days 00:00:00,A_long,0.002361197531534202,0.002361197531534202,15.491442255236919,15.491442255236919,1.130380544068208,1.130380544068208,1.135421,1.135421,1.140461455931792,1.140461455931792,1.0,1.0
8733,31106,31106,1.1260130430325992,1.1235688024684658,1.1235688024684658,1.1301801555567619,-21.345552846576922,0.0,-0.0021707035982021505,2021-11-30 16:00:00+00:00,2021-11-30 16:00:00+00:00,0 days 00:00:00,A_long,0.002645037860662959,0.002645037860662959,27.022949859404292,27.022949859404292,1.1290388899675379,1.1290388899675379,1.1350190000000002,1.1350190000000002,1.1409991100324626,1.1409991100324626,1.0,1.0
8679,31173,31175,1.130713473175553,1.1328483777440703,1.1293353456977386,1.1328483777440703,18.52883675016149,0.0,0.0018881039442482095,2021-12-01 08:45:00+00:00,2021-12-01 09:15:00+00:00,0 days 00:30:00,A_long,0.0011953670619598371,0.0012782090376498502,32.75820062667209,53.509848693745845,1.1312066874189288,1.1311153470594877,1.13292,1.1328799999999999,1.134633312581071,1.134644652940512,1.0,1.0
-8687,31674,31680,1.1315464316438781,1.1328340430163184,1.1328340430163184,1.1294347225706272,-11.1854799923886,0.0,-0.0011379218178166894,2021-12-08 14:00:00+00:00,2021-12-08 15:30:00+00:00,0 days 01:30:00,A_short,0.001162837280809267,0.0011053477691123973,67.3158466741153,68.36484729036883,1.12662959439877,1.1266999141171263,1.128972,1.1298365000000001,1.13131440560123,1.132973085882874,1.0,1.0
-8657,32248,32249,1.1342161872860725,1.135450481168129,1.135450481168129,1.1322571338973677,-10.685282136962474,0.0,-0.0010882351141627833,2021-12-16 13:30:00+00:00,2021-12-16 13:45:00+00:00,0 days 00:15:00,A_short,0.0011524170123785522,0.0013107614107280797,75.98918610462772,83.21451133175074,1.1284524975675625,1.1280117210183114,1.131279,1.131487,1.1341055024324374,1.1349622789816884,1.0,1.0
-8635,32250,32252,1.135826039939231,1.1335606294606893,1.1372307614107282,1.1335606294606893,19.561819482208314,0.0,0.001994504791123619,2021-12-16 14:00:00+00:00,2021-12-16 14:30:00+00:00,0 days 00:30:00,A_short,0.0013319932226310135,0.0013198526872206242,69.82882172139917,55.68448425384868,1.1278926113382821,1.1279467930835056,1.1316479999999998,1.1318584999999999,1.1354033886617174,1.135770206916494,1.0,1.0
8707,32352,32353,1.1288433020335695,1.1277280600333197,1.1277280600333197,1.1305614919400246,-9.710412096175151,0.0,-0.0009879511161918764,2021-12-17 15:30:00+00:00,2021-12-17 15:45:00+00:00,0 days 00:15:00,A_long,0.000971681304456238,0.0010181237971954046,24.15531192697732,20.554662590011176,1.1288957763756944,1.1281657298414969,1.1312855000000002,1.131029,1.133675223624306,1.1338922701585032,1.0,1.0
8709,32354,32364,1.127483177566672,1.1263618762028047,1.1263618762028047,1.1292126228349517,-9.7654135779207,0.0,-0.0009945171565994837,2021-12-17 16:00:00+00:00,2021-12-17 18:30:00+00:00,0 days 02:30:00,A_long,0.0010023739575693376,0.000667645111662546,19.749942943298322,17.063560796239244,1.1274983195877857,1.124923086777871,1.1308075,1.128311,1.1341166804122143,1.1316989132221291,1.0,0.0
-8654,32643,32709,1.1332962714842676,1.1316199018921975,1.1344200545043348,1.1316199018921975,14.50730244977439,0.0,0.0014791980122501602,2021-12-22 16:15:00+00:00,2021-12-23 08:45:00+00:00,0 days 16:30:00,A_short,0.000965380570423368,0.0005314411038954906,74.6317698753634,15.75436822695768,1.1292871932685522,1.1319095142977658,1.1311375,1.1333870000000001,1.1329878067314476,1.1348644857022345,1.0,1.0
-8639,33313,33319,1.136975934691487,1.1382369877659975,1.1382369877659975,1.1350254220212044,-10.894237510696389,0.0,-0.0011091290818330268,2021-12-31 15:45:00+00:00,2021-12-31 17:15:00+00:00,0 days 01:30:00,A_short,0.001311389397197786,0.0009568047956015532,75.03149483374703,80.3672849310226,1.1308531746381052,1.1316150309758208,1.1339545,1.1354890000000002,1.1370558253618948,1.1393629690241796,1.0,1.0
8663,33404,33405,1.132713656215108,1.1315593074983472,1.1315593074983472,1.1345292465029748,-10.000122933297755,0.0,-0.001019100202797829,2022-01-03 14:30:00+00:00,2022-01-03 14:45:00+00:00,0 days 00:15:00,A_long,0.0010019335014324299,0.00118834236790813,28.1122847707923,21.11946840665209,1.1331290300050976,1.132094162663747,1.1351495,1.134922,1.1371699699949025,1.137749837336253,1.0,1.0
8670,33406,33407,1.1307434759211465,1.1294216576320917,1.1294216576320917,1.1327490162622347,-11.460164566105686,0.0,-0.0011689815746919185,2022-01-03 15:00:00+00:00,2022-01-03 15:15:00+00:00,0 days 00:15:00,A_long,0.0011245633855203779,0.0012066216007843374,20.479643139868315,17.98099089962902,1.1312425183177055,1.130321690091179,1.1346545,1.1343565,1.1380664816822943,1.138391309908821,1.0,1.0
8668,33408,33413,1.1296633770797868,1.1283733783992156,1.1283733783992156,1.131751918881412,-11.181708563191378,0.0,-0.0011419319301170239,2022-01-03 15:30:00+00:00,2022-01-03 16:45:00+00:00,0 days 01:15:00,A_long,0.0011350720540130857,0.0010114542724617914,22.631868042970552,24.542323627594428,1.1296504691789229,1.1268766615266084,1.1340955,1.132443,1.138540530821077,1.1380093384733918,1.0,1.0
-8646,33504,33504,1.131056476488569,1.1321720617976994,1.1321720617976994,1.1293662887641411,-9.645350582740154,0.0,-0.0009863214899699102,2022-01-04 15:30:00+00:00,2022-01-04 15:30:00+00:00,0 days 00:00:00,A_short,0.001019120224672691,0.001019120224672691,75.46931923926067,75.46931923926067,1.1262421092421293,1.1262421092421293,1.1286095,1.1286095,1.1309768907578708,1.1309768907578708,1.0,1.0
-8630,33505,33506,1.1321263785624074,1.130385583595589,1.1332391202246728,1.130385583595589,15.023060563643211,0.0,0.0015376330768204216,2022-01-04 15:45:00+00:00,2022-01-04 16:00:00+00:00,0 days 00:15:00,A_short,0.0010645708613830026,0.0011386280798652629,61.95515563566318,57.28185250313057,1.1261329127784188,1.1261017770592372,1.1286825,1.1287544999999999,1.1312320872215813,1.1314072229407626,1.0,1.0
-8636,33789,33791,1.1329763007705966,1.1341821454114906,1.1341821454114906,1.1310681382593168,-10.413674318760723,0.0,-0.0010643158555689869,2022-01-07 14:45:00+00:00,2022-01-07 15:15:00+00:00,0 days 00:30:00,A_short,0.0011025260232918148,0.0011106973241614094,79.19465827763653,86.67482050345318,1.1287209298396166,1.1280720288011437,1.1307645000000002,1.131058,1.1328080701603838,1.1340439711988561,1.0,1.0
-8614,33792,33803,1.134686144271777,1.1358906973241614,1.1358906973241614,1.1327807448165093,-10.3760199932385,0.0,-0.0010615737739156916,2022-01-07 15:30:00+00:00,2022-01-07 18:15:00+00:00,0 days 02:45:00,A_short,0.0011386043476065532,0.0007039901535651684,69.96144184675055,73.07123672446856,1.1280151218772594,1.130475468559578,1.1312149999999999,1.1340020000000002,1.1344148781227403,1.1375285314404224,1.0,0.0
-8596,33987,33998,1.1358560371936375,1.13697451578083,1.13697451578083,1.1341618715945059,-9.614441935506688,0.0,-0.0009847010101349252,2022-01-11 16:15:00+00:00,2022-01-11 19:00:00+00:00,0 days 02:45:00,A_short,0.0009705803433859878,0.0006780883855772844,77.51991044815259,76.47564669299793,1.131365263932187,1.1319587026433602,1.133449,1.1350305,1.135532736067813,1.13810229735664,1.0,0.0
-8555,34073,34076,1.1402356363370123,1.1415362140292304,1.1415362140292304,1.1381588147473853,-11.126442156926197,0.0,-0.001140621859878177,2022-01-12 13:45:00+00:00,2022-01-12 14:30:00+00:00,0 days 00:45:00,A_short,0.0012507188253328893,0.0012962279286685267,83.85281757384159,76.32065865441089,1.1341718051215284,1.133524000416481,1.1368165000000001,1.1374255000000002,1.1394611948784719,1.1413269995835194,1.0,1.0
8732,35121,35128,1.1160021269196272,1.1148439735342617,1.1148439735342617,1.1178008476383288,-10.112995361011654,0.0,-0.0010377698728605278,2022-01-27 11:45:00+00:00,2022-01-27 13:30:00+00:00,0 days 01:45:00,A_long,0.0010885562703063425,0.0011063187778415787,14.747589228666882,19.163885569550317,1.1167105966540192,1.113974901526165,1.119526,1.1178275,1.1223414033459809,1.1216800984738349,1.0,1.0
-8716,35226,35227,1.1167577852213864,1.1146511936693917,1.1180871146281157,1.1146511936693917,18.361051967185485,0.0,0.0018863459739186794,2022-01-28 14:00:00+00:00,2022-01-28 14:15:00+00:00,0 days 00:15:00,A_short,0.0013688326777004265,0.0013036549873403688,56.37580037168551,57.00104913201439,1.111774104163952,1.111859887899547,1.1137385,1.1138615,1.115702895836048,1.1158631121004532,1.0,1.0
-8602,35609,35609,1.13357624585873,1.1353535548109763,1.1353535548109763,1.1306676013402426,-15.288411607223278,0.0,-0.0015678777309768854,2022-02-03 13:45:00+00:00,2022-02-03 13:45:00+00:00,0 days 00:00:00,A_short,0.001891747502846161,0.001891747502846161,86.44251517359253,86.44251517359253,1.1248824022716906,1.1248824022716906,1.1291544999999998,1.1291544999999998,1.1334265977283091,1.1334265977283091,1.0,1.0
-8566,35610,35610,1.1365759712993977,1.138571747502846,1.138571747502846,1.1332748544948767,-17.09581895873877,0.0,-0.0017559549505228311,2022-02-03 14:00:00+00:00,2022-02-03 14:00:00+00:00,0 days 00:00:00,A_short,0.002118181169133367,0.002118181169133367,87.74987211605799,87.74987211605799,1.1239335421677479,1.1239335421677479,1.1295895,1.1295895,1.1352454578322522,1.1352454578322522,1.0,1.0
-8544,35611,35612,1.1375958779492248,1.1397881811691333,1.1397881811691333,1.13385727389556,-18.731038710898112,0.0,-0.0019271370988620529,2022-02-03 14:15:00+00:00,2022-02-03 14:30:00+00:00,0 days 00:15:00,A_short,0.0021290903465822782,0.0023318783003712985,88.46983337326118,90.42213271312318,1.1232672808022286,1.1225884615241744,1.1300535,1.1306194999999999,1.1368397191977715,1.1386505384758254,1.0,1.0
-8510,35613,35619,1.1399456628777478,1.1424018783003713,1.1424018783003713,1.1358726190593313,-20.90239324652625,0.0,-0.0021546776329872674,2022-02-03 14:45:00+00:00,2022-02-03 16:15:00+00:00,0 days 01:30:00,A_short,0.002244961193655142,0.0019377679850039338,82.37528697789355,87.31628795767547,1.1223899637764483,1.1238174438301438,1.1311550000000001,1.1353005,1.139920036223552,1.1467835561698563,1.0,1.0
8474,35705,35706,1.1425745586001135,1.144879420565205,1.1411625441304416,1.144879420565205,19.531400292186294,0.0,0.0020172530079047846,2022-02-04 13:45:00+00:00,2022-02-04 14:00:00+00:00,0 days 00:15:00,A_long,0.0013491284202839656,0.001545244630912776,35.85588880402092,48.70072018162268,1.14355182035727,1.1435731676566314,1.1462705,1.146281,1.1489891796427298,1.1489888323433688,1.0,1.0
8510,36089,36089,1.1399843215638898,1.1386567492507742,1.1386567492507742,1.1421378513486062,-11.297640384614127,0.0,-0.0011645531328837722,2022-02-10 13:45:00+00:00,2022-02-10 13:45:00+00:00,0 days 00:00:00,A_long,0.0014681506493288764,0.0014681506493288764,32.3901906159432,32.3901906159432,1.1412243484622464,1.1412243484622464,1.1433955,1.1433955,1.1455666515377536,1.1455666515377536,1.0,1.0
8511,36091,36094,1.138554190690608,1.1413183150129529,1.136840936103915,1.1413183150129529,23.525462107477036,0.0,0.0024277494606279593,2022-02-10 14:15:00+00:00,2022-02-10 15:00:00+00:00,0 days 00:45:00,A_long,0.0015698553766069958,0.0019965251147868656,23.249277139626187,60.635266613069916,1.139210107537738,1.1386812977849579,1.1428425,1.1424645,1.1464748924622619,1.1462477022150421,1.0,1.0
8587,36261,36270,1.1312335207658375,1.1301010137921808,1.1301010137921808,1.132926175174075,-9.72483738279046,0.0,-0.0010011257206116175,2022-02-14 08:45:00+00:00,2022-02-14 11:00:00+00:00,0 days 02:15:00,A_long,0.0010264547134434157,0.0009737246197731337,18.265162441279102,29.307937083045346,1.1317147257677351,1.129306192576042,1.1340759999999999,1.1324925000000001,1.1364372742322646,1.1356788074239583,1.0,1.0
-8557,36356,36357,1.1337662284699723,1.1348707777106737,1.1348707777106737,1.1320686001207871,-9.45162785268152,0.0,-0.0009742301481250326,2022-02-15 08:30:00+00:00,2022-02-15 08:45:00+00:00,0 days 00:15:00,A_short,0.0010500073492506026,0.001039339702683874,76.24842904651275,76.0748072932046,1.1305280530687443,1.1303633813496747,1.1321415,1.132284,1.1337549469312556,1.1342046186503254,1.0,1.0
8562,36382,36383,1.1322836168616037,1.1343420429598423,1.1309788650223098,1.1343420429598423,17.624244253118775,0.0,0.001817942137098072,2022-02-15 15:00:00+00:00,2022-02-15 15:15:00+00:00,0 days 00:15:00,A_long,0.001235650313998134,0.001309563605465044,43.723354248109366,52.82589939202795,1.1330483978740964,1.1330453245838954,1.134516,1.1345105,1.1359836021259038,1.1359756754161046,1.0,1.0
8667,37035,37035,1.1205425424194169,1.118745117246855,1.118745117246855,1.1234067889556607,-15.578283970593752,0.0,-0.0016040668734280672,2022-02-24 10:15:00+00:00,2022-02-24 10:15:00+00:00,0 days 00:00:00,A_long,0.0017708983860588458,0.0017708983860588458,24.51113666304383,24.51113666304383,1.1201671217731841,1.1201671217731841,1.1236704999999998,1.1236704999999998,1.1271738782268155,1.1271738782268155,1.0,1.0
8668,37036,37036,1.1186123657862461,1.116739101613941,1.116739101613941,1.121697617094906,-16.23745384554109,0.0,-0.0016746320974098117,2022-02-24 10:30:00+00:00,2022-02-24 10:30:00+00:00,0 days 00:00:00,A_long,0.001832111934584327,0.001832111934584327,23.096910087423964,23.096910087423964,1.1191318804996686,1.1191318804996686,1.123429,1.123429,1.1277261195003314,1.1277261195003314,1.0,1.0
8659,37037,37039,1.1180623154503688,1.1160978880654158,1.1160978880654158,1.1212278014822519,-17.009976726308548,0.0,-0.0017569927523778395,2022-02-24 10:45:00+00:00,2022-02-24 11:15:00+00:00,0 days 00:30:00,A_long,0.0017824970099730858,0.0017838310874909035,22.796139205475342,18.36890954027558,1.1181912230819469,1.116281326196097,1.1231309999999999,1.122345,1.128070776918053,1.1284086738039028,1.0,1.0
8698,37058,37058,1.1110416729815313,1.1135150452630351,1.1095405304094248,1.1135150452630351,21.51339210452,0.0,0.0022261741765872145,2022-02-24 16:00:00+00:00,2022-02-24 16:00:00+00:00,0 days 00:00:00,A_long,0.0017848736451651082,0.0017848736451651082,44.35002821050153,44.35002821050153,1.1120713592649196,1.1120713592649196,1.115602,1.115602,1.1191326407350803,1.1191326407350803,1.0,1.0
8663,37124,37132,1.1179723072135888,1.1167224142734409,1.1167224142734409,1.1199636543078064,-10.827822540501073,0.0,-0.0011179999111633476,2022-02-25 08:30:00+00:00,2022-02-25 10:30:00+00:00,0 days 02:00:00,A_long,0.001153907629684576,0.0012017208529021485,27.53904005996769,38.186118544976,1.1182234937766478,1.115879486181269,1.1210355,1.1193440000000001,1.1238475062233524,1.1228085138187311,1.0,1.0
-8621,37142,37145,1.1220273029121592,1.1235636280893204,1.1235636280893204,1.1194934694392231,-13.24465935230653,0.0,-0.0013692404571383765,2022-02-25 13:00:00+00:00,2022-02-25 13:45:00+00:00,0 days 00:45:00,A_short,0.0014211443440777958,0.0015739952959819173,64.74140720764834,70.488785220733,1.1156074842402237,1.1152427596072474,1.1186215000000002,1.1193835,1.1216355157597766,1.1235242403927528,1.0,1.0
-8632,37217,37218,1.119047575641096,1.116930343699966,1.1203675868333522,1.116930343699966,18.2759461158342,0.0,0.0018919945739724886,2022-02-28 07:45:00+00:00,2022-02-28 08:00:00+00:00,0 days 00:15:00,A_short,0.0011772419222385478,0.0013829429992733861,70.77665795865119,53.80339512513163,1.113128434903276,1.1132143862088975,1.1158474999999999,1.115964,1.1185665650967238,1.1187136137911025,1.0,1.0
-8619,37230,37233,1.122767235187524,1.1197089101992883,1.1246728276670621,1.1197089101992883,26.359703073603164,0.0,0.0027239172041967352,2022-02-28 11:00:00+00:00,2022-02-28 11:45:00+00:00,0 days 00:45:00,A_short,0.0018377839781205116,0.001625324859238789,66.23084697345715,55.5852596286386,1.1145846297292064,1.1152417260009984,1.118062,1.1186885,1.1215393702707934,1.1221352739990016,1.0,1.0
8770,37415,37417,1.106661272124906,1.109240063950442,1.105055520027532,1.109240063950442,22.6160043099507,0.0,0.0023302449362707645,2022-03-02 09:15:00+00:00,2022-03-02 09:45:00+00:00,0 days 00:30:00,A_long,0.0014218826428055139,0.0017373251850405654,24.60030413114042,42.04356216513394,1.1067910454720915,1.106428549938364,1.1100815000000002,1.109655,1.1133719545279088,1.1128814500616362,1.0,1.0
8811,37539,37544,1.1040110295974959,1.1063839979152659,1.1025511122692968,1.1063839979152659,20.90822384787154,0.0,0.002149406350256511,2022-03-03 16:15:00+00:00,2022-03-03 17:30:00+00:00,0 days 01:15:00,A_long,0.0013890360332761587,0.0015522058481029725,29.588065069496068,38.201284469306,1.1048685201930226,1.1034118205401782,1.1076665,1.1066905,1.1104644798069776,1.1099691794598219,1.0,1.0
8874,37616,37617,1.0985105262387203,1.097298801254799,1.097298801254799,1.1003821577413617,-10.752847507316657,0.0,-0.0011030617868270642,2022-03-04 11:30:00+00:00,2022-03-04 11:45:00+00:00,0 days 00:15:00,A_long,0.0011037055791741157,0.001081878168617559,18.67407634271879,18.301322699755588,1.0985974374594696,1.0980053051244467,1.100866,1.1006680000000002,1.1031345625405302,1.1033306948755537,1.0,1.0
8903,37622,37622,1.093830097926162,1.0924175011876762,1.0924175011876762,1.096064497862183,-12.576348762738233,0.0,-0.001291422444092416,2022-03-04 13:00:00+00:00,2022-03-04 13:00:00+00:00,0 days 00:00:00,A_long,0.0014048323040138457,0.0014048323040138457,7.865628369358646,7.865628369358646,1.093685654419312,1.093685654419312,1.0991415,1.0991415,1.104597345580688,1.104597345580688,1.0,1.0
8898,37623,37624,1.0930000219647464,1.091495167695986,1.091495167695986,1.095428698147225,-13.39019328342957,0.0,-0.001376810831215991,2022-03-04 13:15:00+00:00,2022-03-04 13:30:00+00:00,0 days 00:15:00,A_long,0.0013948546634786735,0.0017902073750148692,13.92356412833982,9.839700919091626,1.0928417879237071,1.0914921180019015,1.098736,1.098225,1.1046302120762928,1.1049578819980985,1.0,1.0
8959,37707,37707,1.0840292010323431,1.082397615692155,1.082397615692155,1.0866602917541208,-14.617373062744608,0.0,-0.0015051119828084492,2022-03-07 10:15:00+00:00,2022-03-07 10:15:00+00:00,0 days 00:00:00,A_long,0.001619399733465678,0.001619399733465678,21.280322994147582,21.280322994147582,1.083522061106394,1.083522061106394,1.0867049999999998,1.0867049999999998,1.0898879388936056,1.0898879388936056,1.0,1.0
8964,37708,37713,1.081808997858437,1.0846349195202383,1.0801006002665343,1.0846349195202383,25.33156177638576,0.0,0.002612218670204669,2022-03-07 10:30:00+00:00,2022-03-07 11:45:00+00:00,0 days 01:15:00,A_long,0.0016408131023369363,0.0017124933783782535,26.526844217621687,55.76225539892409,1.0827498564499902,1.0814850627901176,1.0864725,1.0854765,1.0901951435500097,1.0894679372098823,1.0,1.0
-8912,37795,37799,1.090790161990006,1.087661291355751,1.0926837270245826,1.087661291355751,27.884495092479956,0.0,0.0028684441272799344,2022-03-08 08:15:00+00:00,2022-03-08 09:15:00+00:00,0 days 01:00:00,A_short,0.0018265634213049595,0.002065914822239845,74.27623610485395,49.71300888852227,1.0836874734292403,1.0835152395716678,1.0868864999999999,1.087324,1.0900855265707594,1.091132760428332,1.0,1.0
-8904,37892,37895,1.094909784928523,1.0961876093101481,1.0961876093101481,1.0928623032417333,-11.377748293990415,0.0,-0.0011670590574808237,2022-03-09 08:30:00+00:00,2022-03-09 09:15:00+00:00,0 days 00:45:00,A_short,0.0011639280687951441,0.0013671555458201602,75.35919183136284,77.70186577048567,1.0899194735096167,1.0897724318785593,1.092142,1.0928185,1.0943645264903832,1.0958645681214405,1.0,1.0
-8879,37896,37898,1.0966196284297036,1.09811715554582,1.09811715554582,1.0942891200175238,-13.296543263997451,0.0,-0.0013655848183757868,2022-03-09 09:30:00+00:00,2022-03-09 10:00:00+00:00,0 days 00:30:00,A_short,0.0012968681397107992,0.0013406698471605555,76.50498730700984,82.94489483222671,1.0896426425835946,1.0892804751084906,1.0930659999999999,1.0936595,1.0964893574164052,1.0980385248915094,1.0,1.0
-8802,37916,37920,1.1047088880347042,1.1013039610213502,1.10680446609925,1.1013039610213502,29.97016757154228,0.0,0.0030821939157306133,2022-03-09 14:30:00+00:00,2022-03-09 15:30:00+00:00,0 days 01:00:00,A_short,0.0019345372860167004,0.002114424087425651,79.8202628744641,68.51484646018658,1.093389492421438,1.093462761913921,1.0988655,1.0997815000000002,1.104341507578562,1.1061002380860794,1.0,1.0
-8789,38006,38008,1.1097284286054216,1.1058363691588473,1.1120331282450848,1.1058363691588473,34.20731047594184,0.0,0.0035072179339096232,2022-03-10 13:00:00+00:00,2022-03-10 13:30:00+00:00,0 days 00:30:00,A_short,0.002312711145740253,0.0026067919272448805,65.35819658237935,52.88598715057152,1.1014809337947633,1.1013920136726425,1.104736,1.1050214999999999,1.1079910662052366,1.1086509863273573,1.0,1.0
8920,38083,38088,1.0974904328885473,1.096316287694006,1.096316287694006,1.0992946821507892,-10.473375135308283,0.0,-0.0010698454941889812,2022-03-11 08:15:00+00:00,2022-03-11 09:30:00+00:00,0 days 01:15:00,A_long,0.001079217331861435,0.0012409031911754119,37.368217435956765,32.32014352873243,1.0980603649623244,1.096473535394939,1.0998155,1.0990445,1.1015706350376757,1.1016154646050609,1.0,1.0
-8889,38276,38277,1.0999093273296359,1.1012334244047575,1.1012334244047575,1.0977518360714367,-11.7698989007559,0.0,-0.0012038238445857274,2022-03-15 07:30:00+00:00,2022-03-15 07:45:00+00:00,0 days 00:15:00,A_short,0.0013416344841230964,0.0013387498862400154,78.5933544952299,71.08577667000219,1.0961965483985212,1.096131687011414,1.098038,1.098207,1.099879451601479,1.100282312988586,1.0,1.0
8924,38311,38319,1.094520161074808,1.0929616208861326,1.0929616208861326,1.0971010824049616,-13.908412643740313,0.0,-0.0014239483602979108,2022-03-15 16:15:00+00:00,2022-03-15 18:15:00+00:00,0 days 02:00:00,A_long,0.0014865952320184278,0.0011114402206101183,32.68254515309147,22.775575062012962,1.0955619789366364,1.0923188314348635,1.0981435,1.09635,1.1007250210633635,1.1003811685651363,1.0,0.0
-8857,38383,38392,1.1010892193362984,1.0987586925238468,1.1025251708200852,1.0987586925238468,20.641475977883868,0.0,0.0021165649172882883,2022-03-16 10:15:00+00:00,2022-03-16 12:30:00+00:00,0 days 02:15:00,A_short,0.0013364813774071884,0.0012441288716631546,61.295187882211685,45.22195962051235,1.0955269019274283,1.0965838338068168,1.0981105000000002,1.0995165,1.1006940980725721,1.1024491661931832,1.0,1.0
-8817,38496,38500,1.10832855673311,1.1095939904466283,1.1095939904466283,1.1063908171960688,-11.157329052090697,0.0,-0.0011417496245411662,2022-03-17 14:30:00+00:00,2022-03-17 15:30:00+00:00,0 days 01:00:00,A_short,0.0011247917204112242,0.0010982071373168434,78.40609083428032,74.60009160248495,1.102708222294312,1.1030900696606034,1.1055495,1.1064725000000002,1.1083907777056878,1.109854930339397,1.0,1.0
-8851,38776,38781,1.102789063752677,1.1040673857789545,1.1040673857789545,1.1007427055978822,-11.314428254582454,0.0,-0.001159171838291062,2022-03-22 12:30:00+00:00,2022-03-22 13:45:00+00:00,0 days 01:15:00,A_short,0.0011384010084270935,0.0012823458839465582,76.50464926961729,71.2490091305136,1.098029867059853,1.0982250037509929,1.1003195,1.1010575,1.1026091329401468,1.1038899962490072,1.0,1.0
-8859,38979,38985,1.1005592678417806,1.0986042682879555,1.101802073173358,1.0986042682879555,17.319341047336156,0.0,0.0017763691706116358,2022-03-24 15:15:00+00:00,2022-03-24 16:45:00+00:00,0 days 01:30:00,A_short,0.001119130083576935,0.0009533603713211505,67.61880367117526,42.532661840057344,1.0969356287528558,1.0967107587788834,1.098653,1.098964,1.1003703712471444,1.1012172412211167,1.0,1.0
8894,39078,39113,1.0983505115955556,1.0968515479896328,1.0968515479896328,1.1006832136186608,-13.331782311077665,0.0,-0.001364740663474806,2022-03-25 16:00:00+00:00,2022-03-28 00:45:00+00:00,2 days 08:45:00,A_long,0.0012926584089848969,0.0004682875031957675,36.79693696507942,24.653698707388344,1.0989105975699651,1.0974323547860367,1.1007605,1.0981555,1.102610402430035,1.0988786452139634,1.0,0.0
-8875,39146,39156,1.0989494151886223,1.096972412791534,1.1002508817824812,1.096972412791534,17.545896274159755,0.0,0.0017989930835434764,2022-03-28 09:00:00+00:00,2022-03-28 11:30:00+00:00,0 days 02:30:00,A_short,0.0012667642114836185,0.001157341200594496,57.680419602743285,41.93226936887998,1.093711793251099,1.0943550886586262,1.095724,1.0971255,1.097736206748901,1.0998959113413738,1.0,1.0
-8857,39245,39247,1.1031990262295681,1.1048064495358774,1.1048064495358774,1.1005603908354211,-14.236948223981049,0.0,-0.0014570564948765963,2022-03-29 09:45:00+00:00,2022-03-29 10:15:00+00:00,0 days 00:30:00,A_short,0.0014875895977602847,0.0015409895200954892,73.44829105604165,78.19096217251206,1.0969257512912447,1.096808675963473,1.1000475,1.1006645,1.1031692487087554,1.104520324036527,1.0,1.0
-8779,39256,39274,1.1114182739369978,1.107577964972183,1.1137100194598983,1.107577964972183,33.71407240210814,0.0,0.0034553228562735905,2022-03-29 12:30:00+00:00,2022-03-29 17:00:00+00:00,0 days 04:30:00,A_short,0.0021673501985785236,0.001314182925416836,86.38294803849011,42.64788591293066,1.0966511855339898,1.1075974663944896,1.1040655000000001,1.1106289999999999,1.1114798144660105,1.11366053360551,1.0,1.0
-8777,39338,39342,1.1154979005363057,1.1130724999245378,1.1170197222641456,1.1130724999245378,21.287741169486686,0.0,0.0021742762676665306,2022-03-30 09:00:00+00:00,2022-03-30 10:00:00+00:00,0 days 01:00:00,A_short,0.001335092628926148,0.0013821827274026512,70.72671331519135,49.27053270213435,1.1095200985653109,1.1096249986088866,1.1121135,1.1127705,1.114706901434689,1.1159160013911136,1.0,1.0
8810,39431,39432,1.1138819328976992,1.1126727584461877,1.1126727584461877,1.1157170347968624,-10.652826917816089,0.0,-0.0010855499275097547,2022-03-31 08:15:00+00:00,2022-03-31 08:30:00+00:00,0 days 00:15:00,A_long,0.0010356093466373552,0.001237528100419048,27.66369518025715,20.090145521386702,1.1141777249315308,1.113210780241189,1.1160115,1.1157745000000001,1.117845275068469,1.1183382197588112,1.0,1.0
8816,39433,39438,1.1119617571797265,1.110592471899581,1.110592471899581,1.1140575505807544,-12.071619029762378,0.0,-0.0012314140043974131,2022-03-31 08:45:00+00:00,2022-03-31 10:00:00+00:00,0 days 01:15:00,A_long,0.0012498576870298192,0.0012106914109502262,32.42529207290944,26.139778161710836,1.1127763325710314,1.1099925122629366,1.1156015,1.1144775,1.1184266674289685,1.1189624877370634,1.0,1.0
8949,39744,39746,1.094130125382095,1.0929178652906615,1.0929178652906615,1.096059842476809,-10.848515558238324,0.0,-0.0011079670171865175,2022-04-05 14:30:00+00:00,2022-04-05 15:00:00+00:00,0 days 00:30:00,A_long,0.0011618500814266459,0.0011761451722715366,27.622331982364088,23.527785499610715,1.0943309379424349,1.093316178335531,1.0963835,1.095974,1.098436062057565,1.098631821664469,1.0,1.0
-8960,40103,40109,1.0913901070781395,1.0925016046744462,1.0925016046744462,1.0896971115859966,-9.95901846290792,0.0,-0.0010184237415185038,2022-04-11 08:15:00+00:00,2022-04-11 09:45:00+00:00,0 days 01:30:00,A_short,0.0010173907178535175,0.000882252608039637,73.64664716656776,74.95986552807169,1.0866108897346962,1.0868607146903992,1.0889995,1.0899185,1.0913881102653036,1.0929762853096008,1.0,1.0
-8993,40324,40326,1.0862705756594,1.0875201062114448,1.0875201062114448,1.084243808819399,-11.237028254538863,0.0,-0.0011502940243837134,2022-04-13 15:30:00+00:00,2022-04-13 16:00:00+00:00,0 days 00:30:00,A_short,0.0011180920499187978,0.001151989139716818,74.72721543087194,81.34121735729579,1.0804641819149163,1.0798447656320507,1.0833425,1.083813,1.0862208180850839,1.0877812343679492,1.0,1.0
-8964,40327,40358,1.0885003715702963,1.089751989139717,1.089751989139717,1.0865264195485096,-11.219499892286297,0.0,-0.0011498549767281485,2022-04-13 16:15:00+00:00,2022-04-14 00:00:00+00:00,0 days 07:45:00,A_short,0.0011637239210879262,0.00043579778688065496,79.38934419378106,69.09868795049188,1.0795740008985855,1.0882943816084398,1.0840260000000002,1.0889859999999998,1.0884779991014149,1.0896776183915597,1.0,0.0
8971,40406,40408,1.086639439898962,1.08888507870304,1.0852060673872,1.08888507870304,20.145625711382927,0.0,0.002066590555821035,2022-04-14 12:00:00+00:00,2022-04-14 12:30:00+00:00,0 days 00:30:00,A_long,0.0013774082644266497,0.0015169866519471205,33.46942562968766,36.70146013915382,1.0881732820518804,1.0875320803695894,1.0906,1.0903145,1.0930267179481197,1.0930969196304108,1.0,1.0
9004,40410,40411,1.0848392751633629,1.082871944901646,1.082871944901646,1.0881024991770374,-17.713841676499104,0.0,-0.00181347625105166,2022-04-14 13:00:00+00:00,2022-04-14 13:15:00+00:00,0 days 00:15:00,A_long,0.0018363144185736292,0.001848805829430477,22.004099271867318,19.949505668771366,1.0849957365478398,1.0836485305849903,1.0896395,1.0892395000000001,1.0942832634521604,1.09483046941501,1.0,1.0
9007,40412,40412,1.0824990610070835,1.0805611941705697,1.0805611941705697,1.0857378504929747,-17.454366596479414,0.0,-0.0017901787690336457,2022-04-14 13:30:00+00:00,2022-04-14 13:30:00+00:00,0 days 00:00:00,A_long,0.0021782983855063976,0.0021782983855063976,14.224370989761056,14.224370989761056,1.0813984814359594,1.0813984814359594,1.08861,1.08861,1.0958215185640408,1.0958215185640408,1.0,1.0
9024,40413,40413,1.0786087049951494,1.0763317016144938,1.0763317016144938,1.0824309370939114,-20.547678507036295,0.0,-0.0021110560021539992,2022-04-14 13:45:00+00:00,2022-04-14 13:45:00+00:00,0 days 00:00:00,A_long,0.0023465252674388926,0.0023465252674388926,12.7331162047019,12.7331162047019,1.0792174118428868,1.0792174118428868,1.0879235,1.0879235,1.0966295881571133,1.0966295881571133,1.0,1.0
9017,40414,40418,1.0771685732066698,1.0812937454813898,1.0747234747325611,1.0812937454813898,37.19667840115005,0.0,0.0038296441033733863,2022-04-14 14:00:00+00:00,2022-04-14 15:00:00+00:00,0 days 01:00:00,A_long,0.0022723218984470345,0.0024937984344008883,19.651190257991004,39.231598719098656,1.0777282146775018,1.074459517812379,1.0872680000000001,1.0848175000000002,1.0968077853224985,1.0951754821876214,1.0,1.0
-8978,40781,40789,1.0857506232496843,1.083658536435522,1.0870519242024876,1.083658536435522,18.782755417549005,0.0,0.0019268575760984508,2022-04-20 09:45:00+00:00,2022-04-20 11:45:00+00:00,0 days 02:00:00,A_short,0.0012010009754893191,0.001150886047779607,74.1325704747335,40.54980760327645,1.0793628877504697,1.0801473977914708,1.0822850000000002,1.083688,1.0852071122495306,1.0872286022085291,1.0,1.0
-8961,40867,40867,1.0899302406970146,1.0912324884363904,1.0912324884363904,1.0878935208144969,-11.669441992546696,0.0,-0.001194799163057425,2022-04-21 07:15:00+00:00,2022-04-21 07:15:00+00:00,0 days 00:00:00,A_short,0.0012388233115384136,0.0012388233115384136,91.484240073725,91.484240073725,1.0795279659144077,1.0795279659144077,1.0850545,1.0850545,1.0905810340855924,1.0905810340855924,1.0,1.0
-8939,40868,40868,1.091280117145315,1.0926088233115383,1.0926088233115383,1.0891401180392308,-11.877304419869812,0.0,-0.0012175665489984056,2022-04-21 07:30:00+00:00,2022-04-21 07:30:00+00:00,0 days 00:00:00,A_short,0.001358980203333296,0.001358980203333296,92.5478438745652,92.5478438745652,1.0792230114613863,1.0792230114613863,1.085505,1.085505,1.0917869885386136,1.0917869885386136,1.0,1.0
8987,40898,40961,1.0843692321490674,1.0830082205840466,1.0830082205840466,1.0865412029487165,-12.231410934842707,0.0,-0.0012551182057457533,2022-04-21 15:00:00+00:00,2022-04-22 06:45:00+00:00,0 days 15:45:00,A_long,0.0012322088271596318,0.0008080813910306287,28.908723937671965,27.735979233396748,1.0849127951994417,1.0832088588111122,1.0882155,1.0841465,1.0915182048005583,1.0850841411888876,1.0,0.0
9007,40963,40967,1.08053888162832,1.0794156627944402,1.0794156627944402,1.0822838069700078,-10.116832036754179,0.0,-0.0010394987658259858,2022-04-22 07:15:00+00:00,2022-04-22 08:15:00+00:00,0 days 01:00:00,A_long,0.0010584255781518797,0.0011414378851870887,26.58604139736549,18.50723211483742,1.0815754248569567,1.0794590078105102,1.0838245,1.083108,1.0860735751430433,1.0867569921894897,1.0,1.0
9022,40994,41012,1.0777086226273496,1.0799004267910435,1.0763219851160868,1.0799004267910435,19.774457164846467,0.0,0.002033763224748464,2022-04-22 15:00:00+00:00,2022-04-22 19:30:00+00:00,0 days 04:30:00,A_long,0.001212946232724594,0.0007752066151238254,19.52573340531768,55.67435583962852,1.0779942559208964,1.0774179448044436,1.0809975,1.0786205,1.0840007440791037,1.0798230551955563,1.0,0.0
9112,41156,41157,1.0692178456244394,1.0680042590509902,1.0680042590509902,1.0711003337082177,-11.05820085726981,0.0,-0.0011350227443506222,2022-04-26 07:30:00+00:00,2022-04-26 07:45:00+00:00,0 days 00:15:00,A_long,0.0012023088224752782,0.0011900009794785968,17.54836863236146,15.994697129726774,1.0690980371852354,1.0682774180944608,1.07211,1.071841,1.0751219628147644,1.0754045819055393,1.0,1.0
9115,41158,41179,1.06768770559918,1.0664099990205216,1.0664099990205216,1.0697420017630614,-11.646295464471718,0.0,-0.0011967044033174279,2022-04-26 08:00:00+00:00,2022-04-26 13:15:00+00:00,0 days 05:15:00,A_long,0.0011940008488814503,0.001055588590475442,20.210936621062885,47.09355289210505,1.0676765356689533,1.0669439284701079,1.0715735,1.068314,1.0754704643310466,1.069684071529892,1.0,1.0
9131,41185,41246,1.0645474182270787,1.0630879769356072,1.0630879769356072,1.0668736415159072,-13.326158432425936,0.0,-0.001370950007940519,2022-04-26 14:45:00+00:00,2022-04-27 06:00:00+00:00,0 days 15:15:00,A_long,0.0013450866558072057,0.0008847175039721966,30.39993804351259,31.246450277525128,1.0653603704311523,1.0630633000923506,1.0676564999999998,1.0643815,1.0699526295688473,1.0656996999076496,1.0,0.0
9166,41252,41253,1.0589469057163252,1.0612405384206278,1.0575219230996513,1.0612405384206278,21.023437367637687,0.0,0.0021659562834748236,2022-04-27 07:30:00+00:00,2022-04-27 07:45:00+00:00,0 days 00:15:00,A_long,0.0014429999803022761,0.0014745999829286266,35.76062902015191,46.458077171986304,1.0602238170638212,1.060135571844811,1.06346,1.0634065000000001,1.066696182936179,1.0666774281551892,1.0,1.0
9215,41273,41275,1.055586598209873,1.054135953300907,1.054135953300907,1.057955284058368,-13.367692836123359,0.0,-0.0013742547616900636,2022-04-27 12:45:00+00:00,2022-04-27 13:15:00+00:00,0 days 00:30:00,A_long,0.0013621738058807562,0.0014188772141948505,23.110649508879632,18.757261078895027,1.0559177209168258,1.054054598743396,1.059802,1.0590625,1.063686279083174,1.064070401256604,1.0,1.0
-9187,41445,41448,1.0572332333937364,1.05847184764265,1.05847184764265,1.0552746742432302,-11.37914910476909,0.0,-0.0011715619692900248,2022-04-29 07:45:00+00:00,2022-04-29 08:30:00+00:00,0 days 00:45:00,A_short,0.0011496012902966419,0.0013078678621575698,70.93214175849249,80.2946377797516,1.0495897184368639,1.0498213759643993,1.053248,1.0541740000000002,1.056906281563136,1.058526624035601,1.0,1.0
-9176,41484,41493,1.0572332333937364,1.0549999712477962,1.0586089048623355,1.0549999712477962,20.492413451147442,0.0,0.002112364684915713,2022-04-29 17:30:00+00:00,2022-04-29 19:45:00+00:00,0 days 02:15:00,A_short,0.0012023842140240898,0.0009538153473972861,71.14726170713702,42.039302458400854,1.0512187317373598,1.0528053888364357,1.054119,1.0555569999999999,1.0570192682626403,1.058308611163564,1.0,0.0
-9211,41539,41541,1.0553934017901268,1.0533999852753864,1.0566666748470077,1.0533999852753864,18.361359517273705,0.0,0.0018887900107762423,2022-05-02 07:15:00+00:00,2022-05-02 07:45:00+00:00,0 days 00:30:00,A_short,0.0012244515340732627,0.0012470769300372579,66.51595969012865,50.840874938092924,1.0501535891313547,1.0500837767254312,1.0524255,1.0525920000000002,1.0546974108686453,1.0551002232745692,1.0,1.0
-9244,41654,41654,1.053673559204144,1.0550106593633957,1.0550106593633957,1.051536813145888,-12.36015387212274,0.0,-0.0012689890028763084,2022-05-03 12:00:00+00:00,2022-05-03 12:00:00+00:00,0 days 00:00:00,A_short,0.001397904781609477,0.001397904781609477,76.65185123084551,76.65185123084551,1.048686011852815,1.048686011852815,1.0513860000000002,1.0513860000000002,1.0540859881471853,1.0540859881471853,1.0,1.0
-9217,41655,41656,1.05545339629894,1.0569379047816094,1.0569379047816094,1.0530237713931028,-13.682714684763347,0.0,-0.0014065125830045044,2022-05-03 12:15:00+00:00,2022-05-03 12:30:00+00:00,0 days 00:15:00,A_short,0.0013328508107282087,0.001407137369297774,78.02729674267235,79.72085612368446,1.04823930834943,1.0478238269322377,1.0516075,1.051831,1.0549756916505701,1.0558381730677622,1.0,1.0
-9195,41657,41665,1.0564733029487672,1.0540571527352638,1.0579971373692978,1.0540571527352638,22.216501213163646,0.0,0.0022869959957905195,2022-05-03 12:45:00+00:00,2022-05-03 14:45:00+00:00,0 days 02:00:00,A_short,0.001326185720058059,0.0013780292644766702,80.23455627541135,47.64275781086188,1.047526738961652,1.0494148958350593,1.052076,1.053927,1.056625261038348,1.0584391041649408,1.0,1.0
-9228,41753,41757,1.05509342924606,1.0533609984850911,1.0562061119527273,1.0533609984850911,15.986871062221578,0.0,0.00164196905501246,2022-05-04 12:45:00+00:00,2022-05-04 13:45:00+00:00,0 days 01:00:00,A_short,0.0010059636923635056,0.0010750781040512246,74.88185501507756,45.68091148779253,1.0513428705078507,1.051381686515561,1.0530380000000001,1.0534564999999998,1.0547331294921496,1.0555313134844386,1.0,1.0
9237,41844,41853,1.0559666329873887,1.0543656884676291,1.0543656884676291,1.0586337607582677,-14.787924529019072,0.0,-0.0015160938515930145,2022-05-05 11:30:00+00:00,2022-05-05 13:45:00+00:00,0 days 02:15:00,A_long,0.0015010699947214383,0.0014242760363684878,25.286196398784426,38.63274936076233,1.0565202480747278,1.0533462565682803,1.0591000000000002,1.0574620000000001,1.0616797519252725,1.06157774343172,1.0,1.0
-9237,42031,42038,1.0541335171050463,1.0554462460243208,1.0554462460243208,1.0519567571562227,-12.125677027338327,0.0,-0.0012453156056355663,2022-05-09 10:15:00+00:00,2022-05-09 12:00:00+00:00,0 days 01:45:00,A_short,0.0012680798877446665,0.0013806807643625338,63.23404382602688,74.12358463703104,1.0495283362061998,1.0496128653327377,1.0514629999999998,1.0527279999999999,1.0533976637937998,1.055843134667262,1.0,1.0
-9184,42056,42058,1.0588930814709059,1.0565608226960201,1.060355098502211,1.0565608226960201,21.41946458855066,0.0,0.002202544162103748,2022-05-09 16:30:00+00:00,2022-05-09 17:00:00+00:00,0 days 00:30:00,A_short,0.0012784187019163173,0.0012548122694393587,73.67258930885053,56.67649869389033,1.0511110749169292,1.051108820043276,1.0549620000000002,1.0551175000000002,1.0588129250830711,1.0591261799567242,1.0,1.0
9265,42234,42234,1.0521662852122344,1.054994367612472,1.0504453513264045,1.054994367612472,26.202183438201132,0.0,0.0026878663952505377,2022-05-11 13:00:00+00:00,2022-05-11 13:00:00+00:00,0 days 00:00:00,A_long,0.0019520288504494428,0.0019520288504494428,49.68865915231646,49.68865915231646,1.052894485381414,1.052894485381414,1.05528,1.05528,1.057665514618586,1.057665514618586,1.0,1.0
9341,42307,42307,1.0463057489063388,1.044721751819709,1.044721751819709,1.049028846724524,-14.796116786209131,0.0,-0.0015138950429026687,2022-05-12 07:15:00+00:00,2022-05-12 07:15:00+00:00,0 days 00:00:00,A_long,0.0016704817562521609,0.0016704817562521609,24.347654317826397,24.347654317826397,1.047435740794645,1.047435740794645,1.050854,1.050854,1.0542722592053548,1.0542722592053548,1.0,1.0
9326,42308,42310,1.0464057580583164,1.044669518243748,1.044669518243748,1.0493468671612538,-16.19217251066476,0.0,-0.0016592414569565062,2022-05-12 07:30:00+00:00,2022-05-12 08:00:00+00:00,0 days 00:30:00,A_long,0.0017370841887518734,0.0018425210128847325,27.1569529071985,24.153389753834233,1.046749065575514,1.0453135964611409,1.0506015000000002,1.0500305,1.0544539344244863,1.0547474035388593,1.0,1.0
9391,42342,42345,1.037604952684275,1.0357878092198838,1.0357878092198838,1.0405259434042091,-17.064794274097885,0.0,-0.0017512864213786727,2022-05-12 16:00:00+00:00,2022-05-12 16:45:00+00:00,0 days 00:45:00,A_long,0.0016932320094339588,0.0017287439184374654,32.800878698740505,27.877873804296172,1.0380601947528982,1.036664175211363,1.040743,1.0402405,1.0434258052471017,1.0438168247886368,1.0,1.0
9390,42346,42379,1.03587479435506,1.0388817390531875,1.0340412560815626,1.0388817390531875,28.235210715417857,0.0,0.0029028070906964576,2022-05-12 17:00:00+00:00,2022-05-13 01:15:00+00:00,0 days 08:15:00,A_long,0.0017702447293124757,0.0005589904065080879,36.857594751568584,52.749244630950194,1.0362478484687958,1.0376476567393182,1.0400589999999998,1.0379985,1.0438701515312039,1.0383493432606818,1.0,0.0
-9369,42404,42411,1.0409547233357128,1.0390457928548988,1.0421945595250561,1.0390457928548988,17.88476967474613,0.0,0.0018338266189876773,2022-05-13 07:30:00+00:00,2022-05-13 09:15:00+00:00,0 days 01:45:00,A_short,0.0011666182550487136,0.0011339624852861035,63.47828386562867,39.77538630488878,1.038484298580209,1.0383351926546918,1.0395245,1.0399215,1.040564701419791,1.0415078073453081,1.0,1.0
-9321,42599,42607,1.048184061647722,1.0494797811934673,1.0494797811934673,1.0461203938517591,-12.077401885891524,0.0,-0.00123615650452491,2022-05-17 08:15:00+00:00,2022-05-17 10:15:00+00:00,0 days 02:00:00,A_short,0.0011678103676716516,0.0014835267277674212,70.27827913763376,77.45769784978968,1.0425484215491336,1.043598812820618,1.0452635000000001,1.0470735,1.0479785784508666,1.050548187179382,1.0,1.0
-9279,42608,42611,1.0517137385829076,1.0532735267277675,1.0532735267277675,1.0491196518900185,-14.473274196155089,0.0,-0.0014830919171613388,2022-05-17 10:30:00+00:00,2022-05-17 11:15:00+00:00,0 days 00:45:00,A_short,0.0014763898307317707,0.0013571995431459576,75.41018360964463,80.10589717608411,1.0437219714246089,1.043904972397276,1.0474445000000001,1.048524,1.0511670285753913,1.053143027602724,1.0,1.0
-9237,42613,42640,1.0548534512108068,1.0523555687126922,1.0564069062707264,1.0523555687126922,23.07294063508416,0.0,0.0023679900703243995,2022-05-17 11:45:00+00:00,2022-05-17 18:30:00+00:00,0 days 06:45:00,A_short,0.0014753187679629604,0.0012848540325775986,74.37591891704278,51.95322258079085,1.043957642369528,1.0528457502837996,1.049388,1.053845,1.054818357630472,1.0548442497162003,1.0,0.0
-9278,42802,42808,1.052703647978328,1.0540434676630825,1.0540434676630825,1.0505897582064514,-12.430847035152206,0.0,-0.0012727415615283455,2022-05-19 11:00:00+00:00,2022-05-19 12:30:00+00:00,0 days 01:30:00,A_short,0.0013236719746715538,0.0013523450539713884,68.97336080721777,70.98275882814787,1.0462941434201005,1.047754938232905,1.049362,1.050831,1.0524298565798993,1.0539070617670951,1.0,1.0
-9180,42984,42985,1.0626427382717405,1.0640788876731138,1.0640788876731138,1.0603300021883952,-13.18385150460658,0.0,-0.0013514884632901403,2022-05-23 08:30:00+00:00,2022-05-23 08:45:00+00:00,0 days 00:15:00,A_short,0.001328369316698536,0.0015299200744720584,67.93175825628342,77.26660499562801,1.0580033429097009,1.0574587897824128,1.059976,1.0602435,1.0619486570902992,1.063028210217587,1.0,1.0
-9151,42986,42986,1.0645025680449545,1.066119920074472,1.066119920074472,1.0618361438659503,-14.800388422114787,0.0,-0.0015193500495616075,2022-05-23 09:00:00+00:00,2022-05-23 09:00:00+00:00,0 days 00:00:00,A_short,0.0017912640645424498,0.0017912640645424498,84.34401124499092,84.34401124499092,1.0563561071363796,1.0563561071363796,1.060673,1.060673,1.0649898928636203,1.0649898928636203,1.0,1.0
-9109,42987,43004,1.0678222641992934,1.0646957246838233,1.0697112640645425,1.0646957246838233,28.479648446416586,0.0,0.002927958725242097,2022-05-23 09:15:00+00:00,2022-05-23 13:30:00+00:00,0 days 04:15:00,A_short,0.0017497621892701432,0.0010607093417338957,77.75565430557532,51.231575320618674,1.055991041466257,1.064170611096576,1.0610705,1.066494,1.066149958533743,1.068817388903424,1.0,1.0
-9098,43075,43077,1.072191864257866,1.0735311564604113,1.0735311564604113,1.0700839183712598,-12.184880458756687,0.0,-0.0012491161770493697,2022-05-24 07:15:00+00:00,2022-05-24 07:45:00+00:00,0 days 00:30:00,A_short,0.0012910022656897131,0.0012973305906736475,85.00611713735637,83.7775903430145,1.0640694036140996,1.0633480533844202,1.06744,1.068106,1.0708105963859003,1.0728639466155798,1.0,1.0
9134,43175,43185,1.0668676305529625,1.0657059379576341,1.0657059379576341,1.0687133116762588,-10.610900165729511,0.0,-0.0010888816588485728,2022-05-25 08:15:00+00:00,2022-05-25 10:45:00+00:00,0 days 02:30:00,A_long,0.0010481871033837162,0.0009726149521065824,27.49293578152046,32.76013843722116,1.0673413486603878,1.065518205901092,1.0698325,1.0679155000000002,1.0723236513396122,1.0703127940989086,1.0,1.0
-9086,43278,43287,1.0712319521168523,1.069408274668216,1.072382069628769,1.069408274668216,16.56993329830858,0.0,0.0017024113638810512,2022-05-26 10:00:00+00:00,2022-05-26 12:15:00+00:00,0 days 02:15:00,A_short,0.001027127011599672,0.0009425648344307883,75.68679795699731,47.98533045169723,1.065713622654838,1.0671470780842383,1.0683479999999999,1.0699085,1.0709823773451617,1.0726699219157616,1.0,1.0
9115,43570,43577,1.0696978895539326,1.0681579734091309,1.0681579734091309,1.0722236478635643,-14.036335659868008,0.0,-0.0014395804271838397,2022-05-31 11:00:00+00:00,2022-05-31 12:45:00+00:00,0 days 01:45:00,A_long,0.0014864230454198816,0.0014671212234898955,34.217806653560075,27.734627432816595,1.0708136011576184,1.0683943246707814,1.0731515,1.0718365,1.0754893988423817,1.0752786753292187,1.0,1.0
9128,43679,43679,1.0667476195705892,1.0651952075562932,1.0651952075562932,1.0692686263986726,-14.170416866493996,0.0,-0.0014552758176492597,2022-06-01 14:15:00+00:00,2022-06-01 14:15:00+00:00,0 days 00:00:00,A_long,0.0014848201178793564,0.0014848201178793564,17.675689401235275,17.675689401235275,1.0675242954544581,1.0675242954544581,1.0712540000000002,1.0712540000000002,1.0749837045455422,1.0749837045455422,1.0,1.0
9126,43680,43684,1.0654174978492852,1.0638451798821207,1.0638451798821207,1.068002676212183,-14.34897376834327,0.0,-0.001475776369675219,2022-06-01 14:30:00+00:00,2022-06-01 15:30:00+00:00,0 days 01:00:00,A_long,0.001562844102162111,0.001539471612876112,33.62023601457042,21.084883954059578,1.0669449507638367,1.0635193995245817,1.071007,1.0696055000000002,1.0750690492361634,1.0756916004754187,1.0,1.0
9066,43865,43866,1.0708479948016767,1.072779596152074,1.0696380021377365,1.072779596152074,17.511897842702673,0.0,0.0018038053577857927,2022-06-03 12:45:00+00:00,2022-06-03 13:00:00+00:00,0 days 00:15:00,A_long,0.0011163981472949924,0.001216878394322332,32.80203852720126,46.275211020949286,1.071402331364267,1.0713815121897066,1.074082,1.073935,1.0767616686357329,1.0764884878102936,1.0,1.0
9101,43972,44017,1.068617790712573,1.067211800375514,1.067211800375514,1.0709027593240747,-12.79591805757309,0.0,-0.001315709273491894,2022-06-06 15:30:00+00:00,2022-06-07 02:45:00+00:00,0 days 11:15:00,A_long,0.001274439674554532,0.0004895578896280995,37.780874619100786,35.60836648361881,1.0690429091120421,1.0670916683074534,1.0714580000000002,1.0684470000000001,1.0738730908879583,1.069802331692547,1.0,0.0
-9060,44143,44146,1.0718918917137994,1.073090031736719,1.073090031736719,1.069925942873906,-10.855148607650795,0.0,-0.0011177806569688808,2022-06-08 10:15:00+00:00,2022-06-08 11:00:00+00:00,0 days 00:45:00,A_short,0.0011633608384896332,0.0012899270406405122,62.19986207865918,72.94541144661943,1.0670773387070345,1.0666155917586748,1.0691970000000002,1.0697120000000002,1.0713166612929659,1.0728084082413256,1.0,1.0
-9029,44245,44245,1.0743716647447514,1.0726265341766705,1.0755408143462941,1.0726265341766705,15.75678389920244,0.0,0.0016243266881907914,2022-06-09 11:45:00+00:00,2022-06-09 11:45:00+00:00,0 days 00:00:00,A_short,0.0016660391001216222,0.0016660391001216222,57.03103941020815,57.03103941020815,1.0696147242983374,1.0696147242983374,1.0716075,1.0716075,1.0736002757016627,1.0736002757016627,1.0,1.0
-9030,44248,44249,1.0759615192283052,1.0724657551366357,1.078056802701869,1.0724657551366357,31.566749747775745,0.0,0.003248967578484363,2022-06-09 12:30:00+00:00,2022-06-09 12:45:00+00:00,0 days 00:15:00,A_short,0.001991895674953224,0.0022703095849594722,68.9467592722691,52.91556989186118,1.0688782246544195,1.0691354338610843,1.072201,1.0723635,1.0755237753455804,1.0755915661389157,1.0,1.0
9203,44332,44340,1.0593769450698296,1.058169365603336,1.058169365603336,1.0612791419139953,-11.113353830140928,0.0,-0.0011398959285583432,2022-06-10 09:30:00+00:00,2022-06-10 11:30:00+00:00,0 days 02:00:00,A_long,0.0011412164771087475,0.0010696651205117655,35.092929610803935,24.736676778835246,1.0599134674470894,1.0574861513082374,1.06249,1.060936,1.0650665325529105,1.0643858486917628,1.0,1.0
9254,44346,44382,1.0523363007705966,1.0503944339468771,1.0503944339468771,1.0555900188956209,-17.9700355866997,0.0,-0.0018452911130191207,2022-06-10 13:00:00+00:00,2022-06-12 22:00:00+00:00,2 days 09:00:00,A_long,0.0019001572460397853,0.0005570196406355054,26.30517253730109,25.67054229858985,1.0539350497313127,1.0507842038684616,1.058761,1.0518239999999999,1.0635869502686874,1.0528637961315381,1.0,0.0
-9292,44516,44517,1.0459542657368257,1.0472427713758152,1.0472427713758152,1.043875011523533,-11.97279439749065,0.0,-0.0012318948172000965,2022-06-14 07:30:00+00:00,2022-06-14 07:45:00+00:00,0 days 00:15:00,A_short,0.001181068525706371,0.001154259388945519,77.9467584330724,78.60922508974515,1.0407472995398268,1.0406695974872384,1.043251,1.0435020000000002,1.045754700460173,1.0463344025127619,1.0,1.0
9307,44631,44633,1.043135458788644,1.0413295246319076,1.0413295246319076,1.0461748556625665,-16.80782919674629,0.0,-0.001731255649993546,2022-06-15 12:15:00+00:00,2022-06-15 12:45:00+00:00,0 days 00:30:00,A_long,0.0017704119856800328,0.0019631983359107734,26.733664126110554,27.883906315787556,1.043874972372913,1.0422295787145053,1.047766,1.0472620000000001,1.051657027627087,1.052294421285495,1.0,1.0
9318,44707,44707,1.0401651869749053,1.0389878558716998,1.0389878558716998,1.0420178594309404,-10.97037121966888,0.0,-0.0011318693587789586,2022-06-16 07:15:00+00:00,2022-06-16 07:15:00+00:00,0 days 00:00:00,A_long,0.0011378582445268725,0.0011378582445268725,20.840938562184192,20.840938562184192,1.0400235827323945,1.0400235827323945,1.0432025,1.0432025,1.0463814172676056,1.0463814172676056,1.0,1.0
9314,44708,44708,1.03951512748705,1.038252141755473,1.038252141755473,1.0414381448401486,-11.763449103907288,0.0,-0.0012149758076441808,2022-06-16 07:30:00+00:00,2022-06-16 07:30:00+00:00,0 days 00:00:00,A_long,0.0013554771452566148,0.0013554771452566148,17.040213747705778,17.040213747705778,1.0390750052445963,1.0390750052445963,1.042889,1.042889,1.0467029947554036,1.0467029947554036,1.0,1.0
9314,44709,44713,1.038215008511339,1.040579858861462,1.0367845228547434,1.040579858861462,22.026216161045767,0.0,0.0022778040490032403,2022-06-16 07:45:00+00:00,2022-06-16 08:45:00+00:00,0 days 01:00:00,A_long,0.0014640801925557335,0.0015206438395967278,33.3711396012292,47.82556308677502,1.038663084485679,1.0375929011388614,1.042646,1.041639,1.046628915514321,1.0456850988611386,1.0,1.0
-9262,44732,44736,1.0462142419416836,1.0482453010592496,1.0482453010592496,1.0427144580933507,-18.811669546896937,0.0,-0.001941341492156079,2022-06-16 13:30:00+00:00,2022-06-16 14:30:00+00:00,0 days 01:00:00,A_short,0.0019545942513496356,0.002268997657536709,66.15136920564842,68.80308800691844,1.0374628675563844,1.0369228930630572,1.0415505,1.042515,1.0456381324436157,1.048107106936943,1.0,1.0
9224,44822,44830,1.048645963062618,1.0471899779874203,1.0471899779874203,1.0510540396226435,-13.430006333622837,0.0,-0.0013884429316309843,2022-06-17 12:00:00+00:00,2022-06-17 14:00:00+00:00,0 days 02:00:00,A_long,0.0013200190775689963,0.0013830740734084856,30.61993150306219,24.055890544348557,1.049170565436761,1.0469419507934419,1.0514705000000002,1.0501605,1.0537704345632395,1.0533790492065582,1.0,1.0
9222,45091,45092,1.0474258514084893,1.0494168281718907,1.046139539904505,1.0494168281718907,18.360787712087994,0.0,0.0019008283600447928,2022-06-22 07:15:00+00:00,2022-06-22 07:30:00+00:00,0 days 00:15:00,A_long,0.001291732082762223,0.0012568344717272713,44.3672471770813,50.5827967456457,1.0478632722587395,1.0478550856680693,1.0500099999999999,1.0499635,1.0521567277412602,1.0520719143319308,1.0,1.0
-9176,45115,45116,1.0544634869035197,1.0557588159453934,1.0557588159453934,1.0524021312982916,-11.885939288233933,0.0,-0.0012284247467664322,2022-06-22 13:15:00+00:00,2022-06-22 13:30:00+00:00,0 days 00:15:00,A_short,0.001177640486007701,0.0014592884212066763,67.06706780699331,75.3871093260745,1.050000240458836,1.0497362622910904,1.0520405,1.0523425,1.0540807595411639,1.0549487377089095,1.0,1.0
-9150,45117,45120,1.0562133267439093,1.0577592884212066,1.0577592884212066,1.053673280841828,-14.145549347269915,0.0,-0.0014636831766392522,2022-06-22 13:45:00+00:00,2022-06-22 14:30:00+00:00,0 days 00:45:00,A_short,0.0014500499650457865,0.0016357273402090625,72.05037162393074,80.3176264305132,1.0496633717286634,1.049207556554073,1.0526025,1.0534955,1.0555416282713368,1.0577834434459268,1.0,1.0
-9110,45121,45142,1.0592430494389837,1.0563956907876237,1.060975727340209,1.0563956907876237,25.939437313889492,0.0,0.0026881069957155335,2022-06-22 14:45:00+00:00,2022-06-22 20:00:00+00:00,0 days 05:15:00,A_short,0.0016189636948478704,0.000703020198832748,81.1170689397124,42.19713393776207,1.0488868624748353,1.0561050830755425,1.0538859999999999,1.0577,1.0588851375251644,1.0592949169244577,1.0,0.0
9190,45188,45188,1.0530763684952318,1.0516504431063542,1.0516504431063542,1.0553732024085625,-13.104254323784554,0.0,-0.0013540569625687393,2022-06-23 07:30:00+00:00,2022-06-23 07:30:00+00:00,0 days 00:00:00,A_long,0.0015736159744930746,0.0015736159744930746,22.424363418934163,22.424363418934163,1.0533176881322202,1.0533176881322202,1.0563639999999999,1.0563639999999999,1.0594103118677796,1.0594103118677796,1.0,1.0
9194,45189,45192,1.0511661936924568,1.049526384025507,1.049526384025507,1.0539325087540874,-15.076410077937162,0.0,-0.0015599908718426647,2022-06-23 07:45:00+00:00,2022-06-23 08:30:00+00:00,0 days 00:45:00,A_long,0.0015278005112273104,0.0015338837698270736,21.55529105158425,22.649929029014373,1.0521641247612081,1.0497001741210683,1.0560485,1.055113,1.0599328752387918,1.0605258258789316,1.0,1.0
9152,45497,45498,1.0543764874709425,1.0532310886898373,1.0532310886898373,1.0561960403582928,-10.482689644674792,0.0,-0.0010863280760865512,2022-06-28 12:45:00+00:00,2022-06-28 13:00:00+00:00,0 days 00:15:00,A_long,0.0010670564688075703,0.001178115606299896,17.93366400595663,15.20261868432793,1.0546209884933915,1.0537090951445387,1.057706,1.057456,1.0607910115066086,1.0612029048554612,1.0,1.0
9155,45499,45503,1.0529063529368696,1.0516418843937,1.0516418843937,1.0549406080913402,-11.576209512717028,0.0,-0.0012009316304746331,2022-06-28 13:15:00+00:00,2022-06-28 14:15:00+00:00,0 days 01:00:00,A_long,0.0011437001921265806,0.0012134005172805102,17.276363773089855,16.47229737578519,1.0529937346104958,1.050930169078154,1.0571665000000001,1.0559129999999999,1.0613392653895044,1.0608958309218457,1.0,1.0
9185,45597,45600,1.0482559273699046,1.0467625675064407,1.0467625675064407,1.0507033784884068,-13.716510345915768,0.0,-0.0014246138032443234,2022-06-29 13:45:00+00:00,2022-06-29 14:30:00+00:00,0 days 00:45:00,A_long,0.001374441494418138,0.0014282512483664161,28.650334370921527,31.52245807968383,1.0487639419476904,1.0473334045041922,1.0514769999999998,1.0509095,1.0541900580523091,1.0544855954958077,1.0,1.0
9222,45783,45785,1.0424753983855912,1.0411443944536645,1.0411443944536645,1.044660089983404,-12.274518260228536,0.0,-0.0012767725108794314,2022-07-01 12:15:00+00:00,2022-07-01 12:45:00+00:00,0 days 00:30:00,A_long,0.0012295248068240126,0.0012274208549033572,24.538125634905597,24.774641658244434,1.0425696253049856,1.0413467740138622,1.0450635,1.0446900000000001,1.0475573746950142,1.048033225986138,1.0,1.0
9226,45786,45787,1.0407652418867717,1.0394425791450965,1.0394425791450965,1.0428793575388262,-12.202886454694843,0.0,-0.001270855989845776,2022-07-01 13:00:00+00:00,2022-07-01 13:15:00+00:00,0 days 00:15:00,A_long,0.0012184314075828866,0.0012599738865718391,23.047435973899724,22.943441082937568,1.0405680047823294,1.0399061285204256,1.044437,1.0441699999999998,1.0483059952176708,1.048433871479574,1.0,1.0
9218,45955,45955,1.0403752061940585,1.0392583957200958,1.0392583957200958,1.0421468877038274,-10.29475894898841,0.0,-0.0010734689440056178,2022-07-05 07:15:00+00:00,2022-07-05 07:15:00+00:00,0 days 00:00:00,A_long,0.0011740570425836545,0.0011740570425836545,18.593220098389622,18.593220098389622,1.0404678900476776,1.0404678900476776,1.0431725,1.0431725,1.0458771099523225,1.0458771099523225,1.0,1.0
9223,45956,45956,1.0386450478648437,1.0373859429574164,1.0373859429574164,1.0406733026766504,-11.612724561202088,0.0,-0.0012122571710284635,2022-07-05 07:30:00+00:00,2022-07-05 07:30:00+00:00,0 days 00:00:00,A_long,0.0011975161035724957,0.0011975161035724957,16.687795913333574,16.687795913333574,1.0393220078220522,1.0393220078220522,1.0429020000000002,1.0429020000000002,1.0464819921779482,1.0464819921779482,1.0,1.0
9219,45957,45957,1.0378949792250105,1.0365924838964276,1.0365924838964276,1.0399455289864303,-12.007704434206246,0.0,-0.001254939425138657,2022-07-05 07:45:00+00:00,2022-07-05 07:45:00+00:00,0 days 00:00:00,A_long,0.001303180623096184,0.001303180623096184,15.937583108742004,15.937583108742004,1.0383368603373375,1.0383368603373375,1.0426285,1.0426285,1.0469201396626624,1.0469201396626624,1.0,1.0
9210,45958,45958,1.0375549481082862,1.0361668193769038,1.0361668193769038,1.039815725121573,-12.78466561603179,0.0,-0.0013378845466577305,2022-07-05 08:00:00+00:00,2022-07-05 08:00:00+00:00,0 days 00:00:00,A_long,0.0014427565400167027,0.0014427565400167027,12.218898563525286,12.218898563525286,1.0369648440632009,1.0369648440632009,1.0422514999999999,1.0422514999999999,1.0475381559367989,1.0475381559367989,1.0,1.0
9216,45959,45959,1.0356047696447201,1.0340672434599831,1.0340672434599831,1.0381069617720302,-14.169841318536328,0.0,-0.0014846650284011664,2022-07-05 08:15:00+00:00,2022-07-05 08:15:00+00:00,0 days 00:00:00,A_long,0.0016437223346811433,0.0016437223346811433,9.66327494681515,9.66327494681515,1.035275883301499,1.035275883301499,1.0417745,1.0417745,1.048273116698501,1.048273116698501,1.0,1.0
9220,45960,45961,1.0335845847747698,1.0318562776653188,1.0318562776653188,1.0364587002024264,-15.9349915491376,0.0,-0.001672148690015085,2022-07-05 08:30:00+00:00,2022-07-05 08:45:00+00:00,0 days 00:15:00,A_long,0.0016485593567236447,0.001775418109160513,8.94328016976246,7.17152576559748,1.033715823220203,1.0318714938734619,1.0412415,1.0406035,1.0487671767797968,1.0493355061265381,1.0,1.0
9230,45962,45965,1.0308143312649864,1.0289245818908395,1.0289245818908395,1.033895752596489,-17.442386723376693,0.0,-0.001833258732276244,2022-07-05 09:00:00+00:00,2022-07-05 09:45:00+00:00,0 days 00:45:00,A_long,0.0018093623612724418,0.0017734841800638515,15.697878974040293,12.579383438835109,1.030571266369743,1.0269321459061511,1.0400114999999999,1.0379939999999999,1.0494517336302567,1.0490558540938486,1.0,1.0
9253,45980,45984,1.026403927662768,1.0247645758966302,1.0247645758966302,1.0290357633860654,-15.168921892072323,0.0,-0.0015971799424722155,2022-07-05 13:30:00+00:00,2022-07-05 14:30:00+00:00,0 days 01:00:00,A_long,0.0015433675562537043,0.0015523950770204812,23.749440574060742,21.163760279119103,1.0270690235727844,1.025282404421282,1.029466,1.0284735,1.0318629764272156,1.031664595578718,1.0,1.0
9375,46244,46244,1.0114325576116998,1.0099517609834394,1.0099517609834394,1.0138108302298092,-13.882468389941199,0.0,-0.0014640586929067778,2022-07-08 07:30:00+00:00,2022-07-08 07:30:00+00:00,0 days 00:00:00,A_long,0.001819807147685922,0.001819807147685922,16.430958740300596,16.430958740300596,1.0108656014534252,1.0108656014534252,1.0149314999999999,1.0149314999999999,1.0189973985465746,1.0189973985465746,1.0,1.0
9395,46245,46245,1.00779222447971,1.0109756528658345,1.0058801928523142,1.0109756528658345,29.908309687639765,0.0,0.0031588141968132977,2022-07-08 07:45:00+00:00,2022-07-08 07:45:00+00:00,0 days 00:00:00,A_long,0.0020424995279944647,0.0020424995279944647,35.686623695479,35.686623695479,1.0102793065972067,1.0102793065972067,1.0146484999999998,1.0146484999999998,1.019017693402793,1.019017693402793,1.0,1.0
9386,46340,46341,1.0118425951348085,1.0107493943308605,1.0107493943308605,1.0136070902044512,-10.26078274585522,0.0,-0.0010804059931893706,2022-07-11 07:30:00+00:00,2022-07-11 07:45:00+00:00,0 days 00:15:00,A_long,0.000996524913254169,0.0010689882581536262,15.394931679306325,12.824570512436495,1.0118686854967416,1.0113409826301605,1.0141820000000001,1.013989,1.0164953145032587,1.0166370173698396,1.0,1.0
9433,46363,46368,1.0057320359489685,1.0082390895886737,1.0041805057840703,1.0082390895886737,23.649036983338764,0.0,0.0024927650209924934,2022-07-11 13:15:00+00:00,2022-07-11 14:30:00+00:00,0 days 01:15:00,A_long,0.0014082283204724924,0.0016428616135547856,27.591772517628172,50.274548882376244,1.0062208559848895,1.0050938138827186,1.0099245,1.008726,1.0136281440151103,1.0123581861172815,1.0,1.0
-9460,46452,46467,1.0051879969981512,1.0068181312767206,1.0068181312767206,1.0024553637019031,-15.421070275266477,0.0,-0.001621720795948134,2022-07-12 11:30:00+00:00,2022-07-12 15:15:00+00:00,0 days 03:45:00,A_short,0.0015797137731578435,0.0014350550270680713,66.57344202975807,68.28912413082043,0.9988924165758467,1.0020086519146931,1.001552,1.004524,1.0042115834241534,1.0070393480853068,1.0,1.0
9522,46652,46652,0.9972712616916515,0.9957989084957718,0.9957989084957718,0.9996379647076108,-14.019747131166342,0.0,-0.0014763818556068342,2022-07-14 13:30:00+00:00,2022-07-14 13:30:00+00:00,0 days 00:00:00,A_long,0.001533612636997781,0.001533612636997781,13.735508132957676,13.735508132957676,0.9970659168298968,0.9970659168298968,1.001202,1.001202,1.005338083170103,1.005338083170103,1.0,1.0
9525,46653,46653,0.9954110914648655,0.998090502746596,0.9937963873630022,0.998090502746596,25.521392458483472,0.0,0.0026917635384064997,2022-07-14 13:45:00+00:00,2022-07-14 13:45:00+00:00,0 days 00:00:00,A_long,0.0017451309520647453,0.0017451309520647453,37.577255111151985,37.577255111151985,0.99666549150168,0.99666549150168,1.001004,1.001004,1.00534250849832,1.00534250849832,1.0,1.0
-9378,46819,46829,1.0135872282320209,1.0150340668640527,1.0150340668640527,1.011242679644705,-13.568452691194944,0.0,-0.001427443629647529,2022-07-18 07:15:00+00:00,2022-07-18 09:45:00+00:00,0 days 02:30:00,A_short,0.0013735246155124655,0.0012032142809107482,77.2995312742353,70.26566504223663,1.0073284842030477,1.0075580730472535,1.0102085,1.0122399999999998,1.0130885157969525,1.016921926952746,1.0,1.0
-9313,46916,46916,1.019176716636465,1.020492059357154,1.020492059357154,1.0170982931571226,-12.249786757777743,0.0,-0.0012905933772016098,2022-07-19 07:30:00+00:00,2022-07-19 07:30:00+00:00,0 days 00:00:00,A_short,0.0015491181095335777,0.0015491181095335777,85.73461148384811,85.73461148384811,1.0106780060887859,1.0106780060887859,1.015031,1.015031,1.0193839939112141,1.0193839939112141,1.0,1.0
-9285,46917,46917,1.0209565537312613,1.0225891181095335,1.0225891181095335,1.0182515874028397,-15.158360252257324,0.0,-0.001599053723006838,2022-07-19 07:45:00+00:00,2022-07-19 07:45:00+00:00,0 days 00:00:00,A_short,0.0017919023615957802,0.0017919023615957802,89.98013260900395,89.98013260900395,1.0098182297818894,1.0098182297818894,1.0155910000000001,1.0155910000000001,1.0213637702181109,1.0213637702181109,1.0,1.0
-9243,46918,46926,1.024046270935149,1.0259119023615957,1.0259119023615957,1.0208945757491275,-17.244031274646755,0.0,-0.0018218233681404072,2022-07-19 08:00:00+00:00,2022-07-19 10:00:00+00:00,0 days 02:00:00,A_short,0.0018196487133830099,0.0020807533068074573,83.72125915441838,71.9222375890188,1.0094482988118088,1.0124026584661292,1.0160765,1.020342,1.0227047011881913,1.028281341533871,1.0,1.0
9274,47025,47034,1.018913242179635,1.022187541880598,1.0169646989552232,1.022187541880598,30.365855426730256,0.0,0.003213521588902646,2022-07-20 10:45:00+00:00,2022-07-20 13:00:00+00:00,0 days 02:15:00,A_long,0.0019605942388064355,0.0019293118872281462,31.832386864434497,56.28045903429827,1.020146517486121,1.0172852051877406,1.023528,1.0217474999999998,1.026909482513879,1.026209794812259,1.0,1.0
9322,47052,47081,1.016863054564091,1.0193084075515442,1.01534421802692,1.0193084075515442,22.79558054903757,0.0,0.0024048007019994433,2022-07-20 17:30:00+00:00,2022-07-21 00:45:00+00:00,0 days 07:15:00,A_long,0.0013883443766693365,0.0005511952355727402,25.40057177985858,56.89246377920467,1.016851359648194,1.017349559321798,1.0205065000000002,1.018144,1.0241616403518063,1.0189384406782018,1.0,0.0
-9277,47128,47128,1.0241162645287647,1.0262329479745036,1.0262329479745036,1.0205686936458938,-19.63647232611976,0.0,-0.0020668390094487066,2022-07-21 12:30:00+00:00,2022-07-21 12:30:00+00:00,0 days 00:00:00,A_short,0.002254554911236371,0.002254554911236371,82.49375156032798,82.49375156032798,1.0146654825937071,1.0146654825937071,1.019369,1.019369,1.0240725174062928,1.0240725174062928,1.0,1.0
-9227,47129,47130,1.0275459506159281,1.0235618011597747,1.0298745549112363,1.0235618011597747,36.7617470319278,0.0,0.003877344320967091,2022-07-21 12:45:00+00:00,2022-07-21 13:00:00+00:00,0 days 00:15:00,A_short,0.0022272809230715063,0.002978310133328636,74.7319230385444,47.417623840364264,1.0140805223931797,1.0142532284204662,1.0197129999999999,1.019824,1.02534547760682,1.025394771579534,1.0,1.0
9387,47205,47208,1.014002792817528,1.0169531049761082,1.0122193861243844,1.0169531049761082,27.69458023259352,0.0,0.002909570051954802,2022-07-22 07:45:00+00:00,2022-07-22 08:30:00+00:00,0 days 00:45:00,A_long,0.0016971986922002815,0.0016916816375596821,22.277794501365122,37.59286124022313,1.0150722079474075,1.0137131774164838,1.0185135,1.017932,1.0219547920525927,1.0221508225835163,1.0,1.0
-9328,47230,47231,1.0232663423205755,1.0253603903265949,1.0253603903265949,1.0197592974121295,-19.53327980014917,0.0,-0.0020464349499373924,2022-07-22 14:00:00+00:00,2022-07-22 14:15:00+00:00,0 days 00:15:00,A_short,0.002032338283048778,0.002030693178642292,77.70626688052823,72.23875433077896,1.0129026237199883,1.0128468181103207,1.0178735,1.018276,1.022844376280012,1.0237051818896792,1.0,1.0
-9298,47307,47328,1.0244362352424359,1.0214094378983392,1.0262636456120338,1.0214094378983392,28.143161705411313,0.0,0.0029545980901196645,2022-07-25 09:15:00+00:00,2022-07-25 14:30:00+00:00,0 days 05:15:00,A_short,0.00163715953042925,0.0016771917913768707,74.35947757815778,37.07102473258939,1.0177686379801265,1.0216944079530266,1.0205959999999998,1.0236445,1.0234233620198732,1.0255945920469736,1.0,1.0
9382,47404,47406,1.0184031955045485,1.0168719825448769,1.0168719825448769,1.0208704314192216,-14.365839987639177,0.0,-0.001503542964545579,2022-07-26 09:30:00+00:00,2022-07-26 10:00:00+00:00,0 days 00:30:00,A_long,0.001368281794440104,0.0014976872144905748,26.10711574313548,18.898344355859905,1.0187579633673018,1.0168408212502156,1.0215525,1.0209325,1.0243470366326983,1.0250241787497845,1.0,1.0
9396,47407,47407,1.0154429246060073,1.0138323127855096,1.0138323127855096,1.018025836986083,-15.133308665396477,0.0,-0.0015861175271102423,2022-07-26 10:15:00+00:00,2022-07-26 10:15:00+00:00,0 days 00:00:00,A_long,0.0015499955858918244,0.0015499955858918244,18.43992434332681,18.43992434332681,1.0158274447008395,1.0158274447008395,1.0205629999999999,1.0205629999999999,1.0252985552991603,1.0252985552991603,1.0,1.0
-9367,47507,47510,1.0167569381143264,1.0149184551167,1.0179386360462779,1.0149184551167,17.221070238765975,0.0,0.0018081833806179448,2022-07-27 11:15:00+00:00,2022-07-27 12:00:00+00:00,0 days 00:45:00,A_short,0.0010574845734408168,0.0010740247726961174,62.11761100642076,51.59149057686237,1.0127028177420518,1.0129860152063452,1.014412,1.014729,1.0161211822579483,1.0164719847936547,1.0,1.0
9438,47520,47523,1.011112528325371,1.0134726199809467,1.0096729888994742,1.0134726199809467,22.274545045323585,0.0,0.002334153310793674,2022-07-27 14:30:00+00:00,2022-07-27 15:15:00+00:00,0 days 00:45:00,A_long,0.0013587429537891649,0.0013472350428073304,34.03965847852888,45.92633233742919,1.0115858118055707,1.0110965168392265,1.014434,1.0142145,1.0172821881944294,1.0173324831607735,1.0,1.0
9420,47598,47601,1.0153929200300185,1.0136361419013717,1.0136361419013717,1.018350944577531,-16.548849971852093,0.0,-0.0017301461276633123,2022-07-28 10:00:00+00:00,2022-07-28 10:45:00+00:00,0 days 00:45:00,A_long,0.0016726770188112165,0.0016579530104676144,31.006248482529955,23.177636659353624,1.0166501076453451,1.0137781013506246,1.0203659999999999,1.0193195,1.0240818923546546,1.0248608986493752,1.0,1.0
9402,47707,47713,1.015542933757985,1.018553022147668,1.0137105432512954,1.018553022147668,28.30085103979828,0.0,0.0029640188411770296,2022-07-29 13:15:00+00:00,2022-07-29 14:45:00+00:00,0 days 01:30:00,A_long,0.0017255291822105387,0.0018413115335160712,28.210399361284743,54.625680360589115,1.016075569491994,1.0140201053981446,1.0204520000000001,1.019357,1.0248284305080062,1.0246938946018556,1.0,1.0
9393,47903,47915,1.019483294345908,1.0177233119689657,1.0177233119689657,1.0223620384558616,-16.53151446661906,0.0,-0.0017263474415943891,2022-08-02 14:15:00+00:00,2022-08-02 17:15:00+00:00,0 days 03:00:00,A_long,0.0016971296268963169,0.0012760458115834027,39.10031571344939,29.045370327210506,1.0200149479734608,1.0178652039744698,1.0224055,1.0203685,1.0247960520265393,1.0228717960255302,1.0,1.0
9421,47999,47999,1.0147428605421631,1.0131597360405402,1.0131597360405402,1.0173604751270273,-14.914615929789353,0.0,-0.0015601238138074347,2022-08-03 14:15:00+00:00,2022-08-03 14:15:00+00:00,0 days 00:00:00,A_long,0.0015588954315316386,0.0015588954315316386,25.901220663954263,25.901220663954263,1.0149749700078852,1.0149749700078852,1.0181215,1.0181215,1.0212680299921146,1.0212680299921146,1.0,1.0
9413,48000,48002,1.0140127937327255,1.0123711045684685,1.0123711045684685,1.0167360117767568,-15.453220103151128,0.0,-0.001619002417330151,2022-08-03 14:30:00+00:00,2022-08-03 15:00:00+00:00,0 days 00:30:00,A_long,0.0016083760406607518,0.0015430913372074034,23.926846028304936,27.307375681477538,1.0140910511031793,1.0127246721529943,1.017858,1.017262,1.0216249488968205,1.021799327847006,1.0,1.0
-9316,48100,48110,1.022756388995662,1.0242637600538536,1.0242637600538536,1.0202492319030634,-14.042668778113441,0.0,-0.0014738319646889764,2022-08-04 15:30:00+00:00,2022-08-04 18:00:00+00:00,0 days 02:30:00,A_short,0.0014639253800065258,0.0008709492727770252,62.38845250404288,72.38693469576658,1.0162043037399497,1.0180005915005663,1.0192055,1.021838,1.0222066962600502,1.0256754084994337,1.0,0.0
9353,48185,48185,1.0174531085607599,1.0158406470444108,1.0158406470444108,1.0200948353200607,-15.081352562412983,0.0,-0.0015848017985123919,2022-08-05 12:45:00+00:00,2022-08-05 12:45:00+00:00,0 days 00:00:00,A_long,0.0015834392281772534,0.0015834392281772534,11.275896223991722,11.275896223991722,1.0184020308248345,1.0184020308248345,1.0223600000000002,1.0223600000000002,1.0263179691751658,1.0263179691751658,1.0,1.0
9353,48186,48187,1.0158729639595114,1.0141965607718226,1.0141965607718226,1.018630190610719,-15.679399014453365,0.0,-0.0016502094722107286,2022-08-05 13:00:00+00:00,2022-08-05 13:15:00+00:00,0 days 00:15:00,A_long,0.0015603139977536375,0.001618938798053153,11.261764298870517,10.841275563355651,1.0171274415876075,1.0160174387113379,1.0220065,1.0216465,1.0268855584123926,1.027275561288662,1.0,1.0
-9175,48473,48482,1.0336353932604836,1.0360096083110963,1.0360096083110963,1.0296267050400267,-21.783423089371972,0.0,-0.0022969560312011694,2022-08-10 12:45:00+00:00,2022-08-10 15:00:00+00:00,0 days 02:15:00,A_short,0.002248993869616901,0.0018791863728400754,77.49991255980697,75.97882985202216,1.0177479471415047,1.020018981379813,1.0242179999999999,1.0292225,1.030688052858495,1.0384260186201868,1.0,1.0
9271,48746,48747,1.0207934142368165,1.0196815223162905,1.0196815223162905,1.0225052598306774,-10.308349995196219,0.0,-0.0010892428428892487,2022-08-15 09:00:00+00:00,2022-08-15 09:15:00+00:00,0 days 00:15:00,A_long,0.0009953473258815968,0.0010733010157640392,12.673449028346738,10.313149977292255,1.020967139088975,1.0201596096795926,1.023674,1.0233735000000002,1.026380860911025,1.0265873903204077,1.0,1.0
9274,48748,48760,1.0193732842787324,1.021201941828375,1.018196698984236,1.021201941828375,16.958970115386176,0.0,0.0017939037424710147,2022-08-15 09:30:00+00:00,2022-08-15 12:30:00+00:00,0 days 03:00:00,A_long,0.0010848608803288406,0.001082354986579077,16.18634987574289,41.07203097792967,1.0196038007887105,1.0177895224741444,1.0230895,1.0204650000000002,1.0265751992112895,1.023140477525856,1.0,1.0
-9316,48861,48861,1.0164169692310507,1.0175592561598643,1.0175592561598643,1.0146213389122443,-10.641545028827256,0.0,-0.0011238369324724218,2022-08-16 13:45:00+00:00,2022-08-16 13:45:00+00:00,0 days 00:00:00,A_short,0.0011026886718824179,0.0011026886718824179,77.37438352376256,77.37438352376256,1.0112522754727913,1.0112522754727913,1.0139330000000002,1.0139330000000002,1.016613724527209,1.016613724527209,1.0,1.0
-9296,48862,48864,1.0175268676440978,1.0187026886718824,1.0187026886718824,1.0156151603906118,-10.930432274285398,0.0,-0.0011555675483114758,2022-08-16 14:00:00+00:00,2022-08-16 14:30:00+00:00,0 days 00:30:00,A_short,0.0011063301822981056,0.0011885768924816862,70.6669459016772,78.50684116497624,1.0111464182614185,1.010671493122711,1.0141300000000002,1.0146695,1.017113581738582,1.0186675068772888,1.0,1.0
9324,49053,49054,1.0134027379056614,1.011962458054256,1.011962458054256,1.0157355755023387,-13.429169334502722,0.0,-0.001421231458661576,2022-08-18 13:45:00+00:00,2022-08-18 14:00:00+00:00,0 days 00:15:00,A_long,0.0013318696863112514,0.001375620394803084,21.37571191523952,23.77134130066146,1.0137066993332242,1.0130226836416754,1.016632,1.016443,1.0195573006667757,1.0198633163583246,1.0,1.0
9464,49246,49250,0.9970212388117071,0.9957457088250666,0.9957457088250666,0.9990897241148802,-12.071615793565588,0.0,-0.0012793408374737192,2022-08-22 14:00:00+00:00,2022-08-22 15:00:00+00:00,0 days 01:00:00,A_long,0.001148385684942303,0.0011436314774841958,29.43138270386045,22.89673749047971,0.99795397725452,0.9957964534296488,1.000152,0.9992535,1.0023500227454798,1.0027105465703512,1.0,1.0
9485,49252,49307,0.9935309194076839,0.9921141860528471,0.9921141860528471,0.9958264651048753,-13.437715870627333,0.0,-0.0014259579920083976,2022-08-22 15:30:00+00:00,2022-08-23 05:15:00+00:00,0 days 13:45:00,A_long,0.0013077054208659117,0.0006415485824635101,21.318633192442974,26.50373754467539,0.9939276335535631,0.9929392512039014,0.9985324999999999,0.994008,1.003137366446437,0.9950767487960986,1.0,0.0
-9445,49341,49341,0.9962288170153569,0.9977551463238319,0.9977551463238319,0.9937087366171027,-14.416180318546004,0.0,-0.001532107164946117,2022-08-23 13:45:00+00:00,2022-08-23 13:45:00+00:00,0 days 00:00:00,A_short,0.0017204601473209302,0.0017204601473209302,82.82343759199742,82.82343759199742,0.9895954462088682,0.9895954462088682,0.9931810000000001,0.9931810000000001,0.996766553791132,0.996766553791132,1.0,1.0
-9398,49342,49342,0.9996785012721249,1.001470460147321,1.001470460147321,0.9966531717348223,-16.840829509093137,0.0,-0.0017925351729739525,2022-08-23 14:00:00+00:00,2022-08-23 14:00:00+00:00,0 days 00:00:00,A_short,0.001789732127678157,0.001789732127678157,83.52532741839319,83.52532741839319,0.9888087219685194,0.9888087219685194,0.9935075000000001,0.9935075000000001,0.9982062780314808,0.9982062780314808,1.0,1.0
-9378,49343,49349,1.0000484674098074,0.9969184821701795,1.001929732127678,0.9969184821701795,29.35300157722969,0.0,0.0031298335447027537,2022-08-23 14:15:00+00:00,2022-08-23 15:45:00+00:00,0 days 01:30:00,A_short,0.0018511011773210658,0.0017146360171284617,66.87459297991711,55.356976282367484,0.9887375887131269,0.9896075213426473,0.9937889999999999,0.995611,0.998840411286873,1.0016144786573526,1.0,1.0
-9418,49442,49447,0.9988785744879468,0.9955769912315425,1.0008705604269208,0.9955769912315425,31.094311108815543,0.0,0.0033052898928148666,2022-08-24 15:00:00+00:00,2022-08-24 16:15:00+00:00,0 days 01:15:00,A_short,0.0019678190366646166,0.0015509063289946621,73.77375213002787,53.48148475439169,0.989566812290545,0.9896498076449549,0.993336,0.9942214999999999,0.997105187709455,0.9987931923550448,1.0,1.0
-9375,49628,49630,1.0067078578880895,1.008505230230834,1.008505230230834,1.003786585584499,-16.850365713229344,0.0,-0.0017853961590357237,2022-08-26 13:30:00+00:00,2022-08-26 14:00:00+00:00,0 days 00:30:00,A_short,0.0016885328667226316,0.0023856091310049963,78.65709532840586,79.37232609520419,0.997080259233708,0.9970577394155207,1.001362,1.0021324999999999,1.0056437407662921,1.007207260584479,1.0,1.0
-9438,49712,49713,0.998178638551791,0.9994832926693366,0.9994832926693366,0.9960860731951942,-12.313325561394855,0.0,-0.0013070347001598037,2022-08-29 10:30:00+00:00,2022-08-29 10:45:00+00:00,0 days 00:15:00,A_short,0.0012488536467583319,0.0012570064938572255,82.02350346873638,71.3152276160474,0.9909127070603307,0.9910325770133238,0.9946555,0.9949605,0.9983982929396693,0.9988884229866762,1.0,1.0
-9388,49797,49803,1.0022682642359013,1.003725865795826,1.003725865795826,0.9998734415675136,-13.683963444571972,0.0,-0.0014543028168569894,2022-08-30 07:45:00+00:00,2022-08-30 09:15:00+00:00,0 days 01:30:00,A_short,0.0013950836897157017,0.0013960175134615914,73.88342794810802,75.74307906999414,0.9980718507962989,0.9977514438718792,1.000039,1.0010629999999998,1.002006149203701,1.0043745561281205,1.0,1.0
-9343,49921,49925,1.0055879603902402,1.0076431856637569,1.0076431856637569,1.0021742658052375,-19.20196973046604,0.0,-0.002043804574508812,2022-08-31 14:45:00+00:00,2022-08-31 15:45:00+00:00,0 days 01:00:00,A_short,0.001967427575255995,0.002017669905716285,73.16191631864568,66.49888182901755,0.996278904090746,0.9965707536454628,1.000486,1.0020669999999998,1.004693095909254,1.0075632463545368,1.0,1.0
9436,50015,50017,0.9938509486940127,0.9921085215261952,0.9921085215261952,0.9967326612528485,-16.441542755525674,0.0,-0.001753207732112294,2022-09-01 14:15:00+00:00,2022-09-01 14:45:00+00:00,0 days 00:30:00,A_long,0.001745948010630783,0.0019886453946515717,22.621196274157853,18.602373254176783,0.995202646805245,0.9931900260335921,0.999924,0.9989520000000001,1.004645353194755,1.004713973966408,1.0,1.0
9465,50299,50302,0.9891305167206633,0.9876977123851604,0.9876977123851604,0.9914281177067112,-13.561493035535596,0.0,-0.001448549318095349,2022-09-06 13:15:00+00:00,2022-09-06 14:00:00+00:00,0 days 00:45:00,A_long,0.001281315932861024,0.0014925306976283435,26.125457922017148,20.6059780300171,0.9892887495527994,0.9876840454686798,0.99312,0.9921624999999998,0.9969512504472006,0.9966409545313198,1.0,1.0
-9420,50374,50378,0.9922691794336755,0.9901329912953692,0.9936127826136837,0.9901329912953692,20.12289226284529,0.0,0.0021528312907244107,2022-09-07 08:00:00+00:00,2022-09-07 09:00:00+00:00,0 days 01:00:00,A_short,0.001219744931859183,0.001294554370347284,68.6590941087676,46.03030838034198,0.9872894562230194,0.9879473520530788,0.9895964999999999,0.990123,0.9919035437769803,0.9922986479469211,1.0,1.0
-9422,50401,50408,0.9941290092068895,0.9958136864385067,0.9958136864385067,0.9913233644106881,-15.87302887629667,0.0,-0.0016946263674180173,2022-09-07 14:45:00+00:00,2022-09-07 16:30:00+00:00,0 days 01:45:00,A_short,0.0015791949133723854,0.0013014359534445435,72.22365847388787,75.56698293074933,0.9866311004884194,0.9865146347241931,0.990338,0.9921270000000002,0.9940448995115807,0.9977393652758073,1.0,1.0
9411,50491,50492,0.9937709413724305,0.9984743199082231,0.9910631556065427,0.9984743199082231,44.263495400344276,0.0,0.004732859796943822,2022-09-08 13:15:00+00:00,2022-09-08 13:30:00+00:00,0 days 00:15:00,A_long,0.002767265140996292,0.002924963122196788,34.408610615568904,47.14414552537303,0.9961785446675747,0.9961728500689304,1.0000404999999999,1.000038,1.003902455332425,1.0039031499310695,1.0,1.0
-9302,50563,50569,1.0099775586184174,1.0112406388526252,1.0112406388526252,1.0079348500652745,-11.749172338600363,0.0,-0.001250602276683832,2022-09-09 07:15:00+00:00,2022-09-09 08:45:00+00:00,0 days 01:30:00,A_short,0.001336553672275156,0.0012872470539870339,81.72172411970976,71.94465966002565,1.0051146760315126,1.0050052628420936,1.0074125,1.0083175,1.0097103239684875,1.0116297371579064,1.0,1.0
9349,50582,50618,1.0037918584006003,1.01039,1.0022354180813724,1.00636424745353,61.686025812787264,0.0,0.0065732168917098655,2022-09-09 12:00:00+00:00,2022-09-11 21:00:00+00:00,2 days 09:00:00,A_long,0.001473970996144078,0.0013561445342295721,34.317794447236125,80.3892884691727,1.004329406588844,1.0025569693442193,1.0083225,1.004775,1.012315593411156,1.0069930306557806,1.0,0.0
-9294,50659,50659,1.0161569930261931,1.017833379841194,1.017833379841194,1.0134279162858506,-15.580339058618641,0.0,-0.0016497321048871694,2022-09-12 07:15:00+00:00,2022-09-12 07:15:00+00:00,0 days 00:00:00,A_short,0.0018515958623682705,0.0018515958623682705,90.90652307552286,90.90652307552286,1.0034559799584422,1.0034559799584422,1.0097115,1.0097115,1.015967020041558,1.015967020041558,1.0,1.0
-9249,50660,50669,1.0193966965021142,1.0161671274477373,1.0213515958623682,1.0161671274477373,29.87028418393176,0.0,0.0031681180304572454,2022-09-12 07:30:00+00:00,2022-09-12 09:45:00+00:00,0 days 02:15:00,A_short,0.0018087164140525053,0.0014796999656493638,82.96825380182572,48.86326678924972,1.0029279449236819,1.0061638472567231,1.0102155,1.0144875,1.017503055076318,1.0228111527432768,1.0,1.0
9412,50777,50778,1.005171984697893,1.0026279355433871,1.0026279355433871,1.009465716021903,-23.944590642209537,0.0,-0.0025309590729097886,2022-09-13 12:45:00+00:00,2022-09-13 13:00:00+00:00,0 days 00:15:00,A_long,0.002567122529064325,0.002674172858522428,13.291038888594855,11.190227963692422,1.007585126943311,1.0047066037430334,1.015246,1.0145675,1.0229068730566893,1.0244283962569667,1.0,1.0
9426,50779,50796,1.0011116131275968,0.9983458271414776,0.9983458271414776,1.0058335111453405,-26.070298705159644,0.0,-0.0027627149159508146,2022-09-13 13:15:00+00:00,2022-09-13 17:30:00+00:00,0 days 04:15:00,A_long,0.002617616477386086,0.0013635351264338804,17.561395769248776,23.53727008514022,1.0027521176716447,0.9982009967740124,1.013991,1.0011055,1.0252298823283554,1.0040100032259875,1.0,1.0
9438,51045,51045,0.9971412497940805,0.9960420678930001,0.9960420678930001,0.9988642777925998,-10.37407878239664,0.0,-0.0011023331963323502,2022-09-16 07:45:00+00:00,2022-09-16 07:45:00+00:00,0 days 00:00:00,A_long,0.0012188744927332446,0.0012188744927332446,21.32920345979855,21.32920345979855,0.9968031060513981,0.9968031060513981,0.9989199999999998,0.9989199999999998,1.0010368939486016,1.0010368939486016,1.0,1.0
9441,51046,51051,0.9956811161752054,0.9977839740869199,0.9943711255072667,0.9977839740869199,19.85308154449655,0.0,0.0021119793049730884,2022-09-16 08:00:00+00:00,2022-09-16 09:15:00+00:00,0 days 01:15:00,A_long,0.0012163578937021426,0.0013125225500264862,27.746951490094787,51.52434077550527,0.9963122107291876,0.9951163136574103,0.9987495,0.9979169999999999,1.0011867892708122,1.0007176863425895,1.0,1.0
-9404,51073,51073,1.001538331045339,1.0031513465174993,1.0031513465174993,0.9989475762685012,-15.16879750019552,0.0,-0.0016105379316604385,2022-09-16 14:45:00+00:00,2022-09-16 14:45:00+00:00,0 days 00:00:00,A_short,0.0016465003151660282,0.0016465003151660282,75.76074070566938,75.76074070566938,0.9940223269794792,0.9940223269794792,0.99779,0.99779,1.0015576730205207,1.0015576730205207,1.0,1.0
-9376,51074,51077,1.0029382029176506,1.0000562994327011,1.004666500315166,1.0000562994327011,27.020727074885883,0.0,0.002873460674412076,2022-09-16 15:00:00+00:00,2022-09-16 15:45:00+00:00,0 days 00:45:00,A_short,0.0016349669398105587,0.0016246051457078168,65.97169901828191,59.93380172037268,0.9939241175998361,0.9938171050623325,0.9980269999999999,0.998481,1.0021298824001637,1.0031448949376673,1.0,1.0
-9433,51155,51163,0.9997584939505427,0.9978642495561459,1.0008909724688078,0.9978642495561459,17.868407372344848,0.0,0.0018947019763859707,2022-09-19 11:15:00+00:00,2022-09-19 13:15:00+00:00,0 days 02:00:00,A_short,0.0011488428063000805,0.0011441715614449216,55.95357946637349,43.059741980101876,0.9963807156447685,0.9966388929539882,0.9978204999999999,0.998227,0.9992602843552313,0.9998151070460117,1.0,1.0
9481,51256,51262,0.9966212022037962,0.9987262859256639,0.995309841152409,0.9987262859256639,19.958298767027514,0.0,0.002112220487797023,2022-09-20 12:30:00+00:00,2022-09-20 14:00:00+00:00,0 days 01:30:00,A_long,0.0011988043345789005,0.0013083711869528083,21.70773229943852,47.759188839914806,0.9970782003725401,0.995739173158902,1.0001655,0.9990345000000002,1.0032527996274598,1.0023298268410983,1.0,1.0
9585,51362,51363,0.9879504087273259,0.9866520063262182,0.9866520063262182,0.9899783886128074,-12.445187014617103,0.0,-0.0013142384371096494,2022-09-21 15:00:00+00:00,2022-09-21 15:15:00+00:00,0 days 00:15:00,A_long,0.001156261183944276,0.0011340930260850454,25.684747045516673,26.77643660961907,0.9879578614605568,0.9875844968741403,0.9907035000000001,0.990422,0.9934491385394434,0.9932595031258598,1.0,1.0
-9600,51429,51430,0.9849598484432486,0.9862938416275195,0.9862938416275195,0.9828110850704648,-12.806334569001265,0.0,-0.0013543630091921166,2022-09-22 07:45:00+00:00,2022-09-22 08:00:00+00:00,0 days 00:15:00,A_short,0.0012993294105169244,0.001576752155781341,64.86968058993736,73.90339115299702,0.9809905058238315,0.9806879641941361,0.9827299999999999,0.9829604999999999,0.9844694941761682,0.9852330358058637,1.0,1.0
-9574,51431,51431,0.986219733128329,0.9878867521557814,0.9878867521557814,0.9834718461195936,-15.960040168828947,0.0,-0.0016903119776001674,2022-09-22 08:15:00+00:00,2022-09-22 08:15:00+00:00,0 days 00:00:00,A_short,0.0016425185350104976,0.0016425185350104976,76.25415539384392,76.25415539384392,0.9804286660162455,0.9804286660162455,0.9832175,0.9832175,0.9860063339837545,0.9860063339837545,1.0,1.0
-9552,51432,51432,0.9868196782164624,0.9885725185350105,0.9885725185350105,0.983973466636981,-16.743130722771017,0.0,-0.0017762518900272806,2022-09-22 08:30:00+00:00,2022-09-22 08:30:00+00:00,0 days 00:00:00,A_short,0.0019568493970090984,0.0019568493970090984,83.99179066219476,83.99179066219476,0.9795584694773287,0.9795584694773287,0.9835840000000001,0.9835840000000001,0.9876095305226715,0.9876095305226715,1.0,1.0
-9507,51433,51435,0.989849400911537,0.9864176710853836,0.9918968493970092,0.9864176710853836,32.625455457240015,0.0,0.003466921152847191,2022-09-22 08:45:00+00:00,2022-09-22 09:15:00+00:00,0 days 00:30:00,A_short,0.002049269477407876,0.001979673518586373,67.64274448161167,63.66401393986837,0.9795178235359256,0.979621714057852,0.9838834999999999,0.984434,0.9882491764640742,0.989246285942148,1.0,1.0
9643,51523,51524,0.9793396207420423,0.9779462859443563,0.9779462859443563,0.9816246853001588,-13.435927454086066,0.0,-0.0014227289166860446,2022-09-23 07:15:00+00:00,2022-09-23 07:30:00+00:00,0 days 00:15:00,A_long,0.001379885514891204,0.0014759007795723904,18.971578993347308,15.737443745562558,0.9797534105726758,0.9786904093480303,0.982145,0.9818659999999999,0.9845365894273242,0.9850415906519695,1.0,1.0
9649,51525,51526,0.9773494386176852,0.9757840992204276,0.9757840992204276,0.9799166214032303,-15.103959844138188,0.0,-0.0016016169196060304,2022-09-23 07:45:00+00:00,2022-09-23 08:00:00+00:00,0 days 00:15:00,A_long,0.0014244473422960764,0.0015585210299899387,19.025583293942844,14.328765832586598,0.9779371876000993,0.9767980330489783,0.9816024999999999,0.981231,0.9852678123999006,0.9856639669510217,1.0,1.0
9650,51527,51532,0.9756892866948547,0.97405147897001,0.97405147897001,0.9784153378539819,-15.804844544751118,0.0,-0.0016786160790929205,2022-09-23 08:15:00+00:00,2022-09-23 09:30:00+00:00,0 days 01:15:00,A_long,0.0015053848926579537,0.0015038771528555145,20.60010664580639,19.627401962611927,0.9760182251832877,0.9727297763805042,0.9808925000000001,0.9790994999999999,0.9857667748167124,0.9854692236194956,1.0,1.0
9679,51553,51564,0.9711788739406585,0.9691859008934598,0.9691859008934598,0.9745453783917722,-19.2899861238362,0.0,-0.0020521173809228133,2022-09-23 14:45:00+00:00,2022-09-23 17:30:00+00:00,0 days 02:45:00,A_long,0.0019335525590014574,0.001610697058514589,28.219186950394857,28.953716444208794,0.9715146368509666,0.9680917704842692,0.9749964999999999,0.9725360000000001,0.9784783631490332,0.9769802295157309,1.0,1.0
-9667,51847,51851,0.9702611937839767,0.9727881394308329,0.9727881394308329,0.9659613490245009,-24.427983568158716,0.0,-0.0026043973138834,2022-09-28 16:15:00+00:00,2022-09-28 17:15:00+00:00,0 days 01:00:00,A_short,0.0024210541733884184,0.002283524113504135,73.40418370613529,82.41987175446135,0.9536433028549318,0.9549023281788358,0.9615335,0.964429,0.9694236971450683,0.9739556718211642,1.0,1.0
9582,52016,52021,0.9764793589954789,0.9746451074929036,0.9746451074929036,0.9795868065127736,-17.57579789767675,0.0,-0.0018784334616783749,2022-09-30 10:30:00+00:00,2022-09-30 11:45:00+00:00,0 days 01:15:00,A_long,0.0017349068394836022,0.0016936802043159087,29.61407366818166,24.227524802290304,0.9771195565555261,0.9737151027964772,0.9812240000000001,0.979941,0.9853284434444741,0.9861668972035227,1.0,1.0
9562,52109,52126,0.9767493837058188,0.979399370862961,0.9751070161872438,0.979399370862961,25.339177196594328,0.0,0.002713067652101442,2022-10-03 09:45:00+00:00,2022-10-03 14:00:00+00:00,0 days 04:15:00,A_long,0.0015299193043886747,0.0018183065413237024,27.423681436152833,61.57822207750151,0.9769096070383293,0.9753408872312062,0.980218,0.9771099999999999,0.9835263929616708,0.9788791127687937,1.0,1.0
-9537,52128,52131,0.9816901477129207,0.9839185323358138,0.9839185323358138,0.9779866417955351,-21.252104148531476,0.0,-0.002269947017482732,2022-10-03 14:30:00+00:00,2022-10-03 15:15:00+00:00,0 days 00:45:00,A_short,0.0020893946910386955,0.0020372918922109684,67.30110080741095,74.32898121405178,0.974359394024031,0.9735106240699247,0.977491,0.9783344999999999,0.980622605975969,0.983158375930075,1.0,1.0
-9454,52195,52195,0.9881095601559496,0.9895598648672868,0.9895598648672868,0.9857802432388839,-13.711180740981073,0.0,-0.0014677569875027885,2022-10-04 07:15:00+00:00,2022-10-04 07:15:00+00:00,0 days 00:00:00,A_short,0.0013765495516485106,0.0013765495516485106,81.93735678814113,81.93735678814113,0.9806934729193961,0.9806934729193961,0.9843675,0.9843675,0.9880415270806038,0.9880415270806038,1.0,1.0
9469,52319,52335,0.9853101671151135,0.9884292667415083,0.983452629588051,0.9884292667415083,29.534754362332205,0.0,0.0031656017876351417,2022-10-05 14:15:00+00:00,2022-10-05 18:15:00+00:00,0 days 04:00:00,A_long,0.0017977210236892027,0.0010134998466218594,16.885876546367342,56.839881821995974,0.9854550452129839,0.9844520590713912,0.990321,0.9866465,0.9951869547870161,0.9888409409286087,1.0,0.0
9470,52392,52404,0.9882804389288524,0.9869137566344326,0.9869137566344326,0.9904592380580212,-12.942481328155788,0.0,-0.001382889148247357,2022-10-06 08:30:00+00:00,2022-10-06 11:30:00+00:00,0 days 03:00:00,A_long,0.0013200775834917178,0.00118034167355141,27.425079180735864,28.7620310365552,0.9885400260331875,0.9865224590462613,0.9909410000000001,0.989132,0.9933419739668127,0.9917415409537387,1.0,1.0
9504,52412,52421,0.9833699895667454,0.9817136331857199,0.9817136331857199,0.9860994602657043,-15.742011045265961,0.0,-0.0016843674289421795,2022-10-06 13:30:00+00:00,2022-10-06 15:45:00+00:00,0 days 02:15:00,A_long,0.0016588512390427843,0.001736223261631891,34.05625503693747,25.3054389607196,0.9839023740484988,0.9803937996624835,0.9874354999999999,0.9846885000000001,0.990968625951501,0.9889832003375166,1.0,1.0
9566,52505,52505,0.975409261069317,0.9736953094834546,0.9736953094834546,0.9782164429297817,-16.39566087035977,0.0,-0.0017571614852041062,2022-10-07 12:45:00+00:00,2022-10-07 12:45:00+00:00,0 days 00:00:00,A_long,0.001796731781006015,0.001796731781006015,26.470956857868245,26.470956857868245,0.9764169587863247,0.9764169587863247,0.9796045,0.9796045,0.9827920412136752,0.9827920412136752,1.0,1.0
9553,52506,52513,0.9750792308677905,0.9782341172058109,0.9732032682189939,0.9782341172058109,30.138629187109004,0.0,0.0032355179334633277,2022-10-07 13:00:00+00:00,2022-10-07 14:45:00+00:00,0 days 01:45:00,A_long,0.0018985008768718807,0.0018917064256316644,36.49730719252992,55.71143900378214,0.9759389129248749,0.9739771996788936,0.9793885,0.977946,0.9828380870751251,0.9819148003211063,1.0,1.0
9642,52583,52599,0.9691286863251148,0.9712242276726393,0.9678109846263114,0.9712242276726393,20.205209672830577,0.0,0.0021622942103494136,2022-10-10 08:15:00+00:00,2022-10-10 12:15:00+00:00,0 days 04:00:00,A_long,0.001195146657196743,0.0012154515973020002,28.455111549959355,56.88986929731626,0.9694515124830335,0.9684766324459885,0.9724260000000001,0.9698969999999999,0.9754004875169667,0.9713173675540113,1.0,1.0
-9616,52692,52698,0.9736508835319313,0.9713124568665533,0.9750886350741371,0.9713124568665533,22.486310814274653,0.0,0.0024017095911167408,2022-10-11 11:30:00+00:00,2022-10-11 13:00:00+00:00,0 days 01:30:00,A_short,0.001267483730918842,0.0011985523392924191,65.14764496914087,50.66343588255689,0.9687112992835123,0.9691763391487147,0.9709085,0.9713865,0.9731057007164876,0.9735966608512854,1.0,1.0
-9621,52710,52712,0.9755007142203429,0.9771720493426513,0.9771720493426513,0.9727143111832276,-16.079915211729475,0.0,-0.0017133099934676377,2022-10-11 16:00:00+00:00,2022-10-11 16:30:00+00:00,0 days 00:30:00,A_short,0.0015637760969645289,0.0015257696017200214,72.15362547661212,78.58478300850166,0.9691585024045558,0.9684273399946667,0.972124,0.9724585000000001,0.9750894975954442,0.9764896600053335,1.0,1.0
-9588,52713,52720,0.9771805604671169,0.974523614716904,0.97879576960172,0.974523614716904,25.474795853041414,0.0,0.0027189916149609195,2022-10-11 16:45:00+00:00,2022-10-11 18:30:00+00:00,0 days 01:45:00,A_short,0.0014596669881573486,0.0011371584536156187,71.46746504381431,47.71173320879636,0.9682581195804784,0.9690477203148651,0.9726610000000001,0.9737795,0.9770638804195219,0.978511279685135,1.0,0.0
9712,52801,52801,0.9674285307414932,0.9698156982138619,0.96596461210341,0.9698156982138619,23.184170491645578,0.0,0.0024675388377672913,2022-10-12 14:45:00+00:00,2022-10-12 14:45:00+00:00,0 days 00:00:00,A_long,0.0016986695103779806,0.0016986695103779806,50.67071663568077,50.67071663568077,0.9683187148445009,0.9683187148445009,0.9702875000000001,0.9702875000000001,0.9722562851554992,0.9722562851554992,1.0,1.0
-9680,52875,52875,0.9728209594933466,0.9739575801408349,0.9739575801408349,0.9710243557464974,-11.002487867686916,0.0,-0.0011683759857314957,2022-10-13 09:15:00+00:00,2022-10-13 09:15:00+00:00,0 days 00:00:00,A_short,0.0011759027887235114,0.0011759027887235114,77.57690424871394,77.57690424871394,0.968138292056792,0.968138292056792,0.9704515,0.9704515,0.972764707943208,0.972764707943208,1.0,1.0
-9658,52876,52881,0.9739608551608002,0.9719333749802977,0.9752259027887235,0.9719333749802977,19.581403583292875,0.0,0.002081685490499252,2022-10-13 09:30:00+00:00,2022-10-13 10:45:00+00:00,0 days 01:15:00,A_short,0.0011871157502270483,0.0010967455713567565,71.18163163420174,56.60258544056118,0.9679342036027183,0.9680243971993188,0.9706059999999999,0.971243,0.9732777963972814,0.9744616028006812,1.0,1.0
9770,52889,52893,0.964958304687643,0.969237736824193,0.9624590350976705,0.969237736824193,41.8100519740937,0.0,0.004434836319622493,2022-10-13 12:45:00+00:00,2022-10-13 13:45:00+00:00,0 days 01:00:00,A_long,0.0025808362486855665,0.002796781117999177,32.53408575691155,47.44592800106575,0.967136393833047,0.9648814707846882,0.9720519999999999,0.9713505,0.9769676061669529,0.9778195292153118,1.0,1.0
9733,52972,52975,0.9729090322698735,0.9751287975680102,0.9715373346844388,0.9751287975680102,21.604975646764718,0.0,0.0022815753832172714,2022-10-14 09:30:00+00:00,2022-10-14 10:15:00+00:00,0 days 00:45:00,A_long,0.0012836432734863938,0.0015636931175850592,20.93324310192854,47.85505774410229,0.9726242397918178,0.9716607304331901,0.9766860000000002,0.9760285,0.9807477602081826,0.9803962695668098,1.0,1.0
-9693,52987,52987,0.9789503984771109,0.9753977412366782,0.9810634770907344,0.9753977412366782,34.43590663151351,0.0,0.003629047238715377,2022-10-14 13:15:00+00:00,2022-10-14 13:15:00+00:00,0 days 00:00:00,A_short,0.002333680145303107,0.002333680145303107,51.14589861768219,51.14589861768219,0.9702103535110732,0.9702103535110732,0.9739034999999999,0.9739034999999999,0.9775966464889266,0.9775966464889266,1.0,1.0
9727,53264,53266,0.9792196097596689,0.9777672376871032,0.9777672376871032,0.9814429721632142,-14.12722314984721,0.0,-0.0014831934104365674,2022-10-19 10:30:00+00:00,2022-10-19 11:00:00+00:00,0 days 00:30:00,A_long,0.001269727337843854,0.0014220618670915913,29.17751904053756,19.085338474491607,0.9795462960425017,0.9776725457533572,0.9821424999999999,0.9814975,0.9847387039574982,0.9853224542466429,1.0,1.0
9741,53267,53275,0.9762693397763257,0.9787497113607648,0.9747679381329084,0.9787497113607648,24.16129960402171,0.0,0.002540663199571025,2022-10-19 11:15:00+00:00,2022-10-19 13:15:00+00:00,0 days 02:00:00,A_long,0.0014377869514793772,0.001293765605910192,29.156491476093947,43.61655494778812,0.9770670606225476,0.975169991419452,0.9811909999999999,0.9791754999999999,0.9853149393774523,0.9831810085805477,1.0,1.0
-9702,53363,53369,0.9824900744970988,0.9800606563788867,0.9839796353450629,0.9800606563788867,23.57021458289348,0.0,0.0024727151767467426,2022-10-20 11:15:00+00:00,2022-10-20 12:45:00+00:00,0 days 01:30:00,A_short,0.0014223506323878588,0.0016653581250866726,66.39338367312945,51.833953134118275,0.9763181000829743,0.9764378373274126,0.9788559999999998,0.9796244999999999,0.9813938999170254,0.9828111626725872,1.0,1.0
-9756,53444,53447,0.9795103472260356,0.9775360472619992,0.9807310848544448,0.9775360472619992,19.261270449139303,0.0,0.002015598885328429,2022-10-21 07:30:00+00:00,2022-10-21 08:15:00+00:00,0 days 00:45:00,A_short,0.0011462735405188475,0.0010853401388207032,65.82653127825523,48.03872715118617,0.9756023010926392,0.9755369236860348,0.9772959999999999,0.9773189999999999,0.9789896989073607,0.979101076313965,1.0,1.0
-9697,53566,53608,0.987459619643805,0.9895272185232064,0.9895272185232064,0.9838790066582286,-20.049506333554728,0.0,-0.002093856638053948,2022-10-24 14:00:00+00:00,2022-10-25 00:30:00+00:00,0 days 10:30:00,A_short,0.0019949227201121636,0.0006544559843588658,70.42810846242236,69.58894063538372,0.9800342248333688,0.9866161630726777,0.98345,0.988002,0.9868657751666313,0.9893878369273224,1.0,0.0
-9651,53659,53659,0.9900093862683725,0.9912638589592656,0.9912638589592656,0.9880050538733218,-12.106915939809033,0.0,-0.0012671321184352102,2022-10-25 13:15:00+00:00,2022-10-25 13:15:00+00:00,0 days 00:00:00,A_short,0.0013940110980301844,0.0013940110980301844,84.09046969113882,84.09046969113882,0.9836807043224436,0.9836807043224436,0.9869255000000001,0.9869255000000001,0.9901702956775567,0.9901702956775567,1.0,1.0
-9614,53660,53660,0.9926691428257646,0.9941340110980301,0.9941340110980301,0.9902307800235457,-14.083243569561013,0.0,-0.0014756863178959634,2022-10-25 13:30:00+00:00,2022-10-25 13:30:00+00:00,0 days 00:00:00,A_short,0.0015014762849594903,0.0015014762849594903,86.86743778700055,86.86743778700055,0.9827078794811523,0.9827078794811523,0.9872995000000001,0.9872995000000001,0.9918911205188479,0.9918911205188479,1.0,1.0
-9584,53661,53661,0.9942989936485274,0.9958814762849595,0.9958814762849595,0.9916773426870731,-15.16651358756549,0.0,-0.0015915561079120621,2022-10-25 13:45:00+00:00,2022-10-25 13:45:00+00:00,0 days 00:00:00,A_short,0.0016452794469648951,0.0016452794469648951,89.74937038845849,89.74937038845849,0.9817457402217605,0.9817457402217605,0.9878525,0.9878525,0.9939592597782395,0.9939592597782395,1.0,1.0
-9546,53662,53663,0.9966787758314571,0.9938084969954633,0.998415279446965,0.9938084969954633,27.399681768397667,0.0,0.0028798434416338337,2022-10-25 14:00:00+00:00,2022-10-25 14:15:00+00:00,0 days 00:15:00,A_short,0.0018899088540362478,0.001876587673498076,75.36948171076185,74.18158955529763,0.9815190591503736,0.9813699893828579,0.9882900000000001,0.9886690000000001,0.9950609408496266,0.9959680106171424,1.0,1.0
-9541,53732,53732,1.0000584664946095,1.001361005728261,1.001361005728261,0.9979701896891306,-12.427526828268228,0.0,-0.001302463083200589,2022-10-26 07:30:00+00:00,2022-10-26 07:30:00+00:00,0 days 00:00:00,A_short,0.0014122049644927567,0.0014122049644927567,82.88549856884549,82.88549856884549,0.9932200062916664,0.9932200062916664,0.9967969999999999,0.9967969999999999,1.0003739937083336,1.0003739937083336,1.0,1.0
-9509,53733,53734,1.0021282770486704,1.0036522049644927,1.0036522049644927,0.9996980310639132,-14.491030551554658,0.0,-0.0015206914630834234,2022-10-26 07:45:00+00:00,2022-10-26 08:00:00+00:00,0 days 00:15:00,A_short,0.0014452443025603887,0.0014898783955523225,85.02400691734151,78.80490607654613,0.9927210316977155,0.9925684933944503,0.9972009999999999,0.9975635,1.0016809683022843,1.0025585066055498,1.0,1.0
-9459,53763,53764,1.0058479365950983,1.0076371751485955,1.0076371751485955,1.0028850847325281,-16.924407477530192,0.0,-0.001778836033162312,2022-10-26 15:15:00+00:00,2022-10-26 15:30:00+00:00,0 days 00:15:00,A_short,0.001646885128782664,0.001637967111611631,75.55672869737174,75.80263027448746,0.9991703424159476,0.9989333202389934,1.0025305,1.0027884999999999,1.0058906575840523,1.0066436797610063,1.0,1.0
9468,53837,53847,1.003361819047096,1.0021006258682492,1.0021006258682492,1.0053748734371517,-11.940977017322219,0.0,-0.001256967481625515,2022-10-27 09:45:00+00:00,2022-10-27 12:15:00+00:00,0 days 02:30:00,A_long,0.00119212424751738,0.0017770689060229872,30.48662484910139,23.334904386995504,1.00369805873496,1.0013606660045955,1.0061944999999999,1.0046045000000001,1.0086909412650398,1.0078483339954047,1.0,1.0
9489,53848,53850,0.9999215042190617,0.998052931093977,0.998052931093977,1.0030287240308415,-17.730890383928763,0.0,-0.0018687198117056658,2022-10-27 12:30:00+00:00,2022-10-27 13:00:00+00:00,0 days 00:30:00,A_long,0.0019601263852199353,0.002316006040454087,39.68662812600949,26.258236281416615,1.0011147829176725,0.9992834619898255,1.0043739999999999,1.003621,1.0076332170823272,1.0079585380101745,1.0,1.0
9493,53851,53852,0.9975812900627825,1.0016388108728174,0.9951539939595458,1.0016388108728174,38.51804504966086,0.0,0.004067358570627899,2022-10-27 13:15:00+00:00,2022-10-27 13:30:00+00:00,0 days 00:15:00,A_long,0.0024045385683935548,0.0024972667592744135,35.9198827243478,47.04369238838707,0.9987638632749051,0.9987225192498184,1.0032510000000001,1.003041,1.007738136725095,1.0073594807501818,1.0,1.0
9553,53923,53923,0.9952910804824922,0.9940909917182581,0.9940909917182581,0.9972522149071354,-11.464447964727908,0.0,-0.0012057666222149432,2022-10-28 07:15:00+00:00,2022-10-28 07:15:00+00:00,0 days 00:00:00,A_long,0.0012051405108430002,0.0012051405108430002,19.936734931198927,19.936734931198927,0.9954073315760267,0.9954073315760267,0.9977674999999999,0.9977674999999999,1.0001276684239733,1.0001276684239733,1.0,1.0
9547,53924,53926,0.9948110365529991,0.9935148594891571,0.9935148594891571,0.9968892529195174,-12.374602428499543,0.0,-0.0013029379612968794,2022-10-28 07:30:00+00:00,2022-10-28 08:00:00+00:00,0 days 00:30:00,A_long,0.0011564551093972606,0.0013259596155028234,21.25735772698502,17.89238276639992,0.9949227462398341,0.9939611172562766,0.9975725000000001,0.9971475,1.000222253760166,1.0003338827437234,1.0,1.0
9590,54046,54051,0.9890705112294766,0.9878085124803516,0.9878085124803516,0.9910606775353671,-12.102568004109001,0.0,-0.0012759441665652904,2022-10-31 14:00:00+00:00,2022-10-31 15:15:00+00:00,0 days 01:15:00,A_long,0.0011492891836952888,0.001323884074247613,35.67212058677147,34.02150035627149,0.9894109916954742,0.9875861065211794,0.9923455000000001,0.9911875,0.995280008304526,0.9947888934788206,1.0,1.0
9568,54144,54144,0.9900506009188584,0.988495524020194,0.988495524020194,0.9925400567636509,-14.878975766421068,0.0,-0.0015707044642174761,2022-11-01 14:30:00+00:00,2022-11-01 14:30:00+00:00,0 days 00:00:00,A_long,0.001622545849165252,0.001622545849165252,24.279669816214536,24.279669816214536,0.9898791275715522,0.9898791275715522,0.9930194999999999,0.9930194999999999,0.9961598724284477,0.9961598724284477,1.0,1.0
9569,54145,54145,0.9884204517416213,0.9866974541508348,0.9866974541508348,0.9912405825284973,-16.48736394623635,0.0,-0.001743182860846848,2022-11-01 14:45:00+00:00,2022-11-01 14:45:00+00:00,0 days 00:00:00,A_long,0.0017542064026098852,0.0017542064026098852,20.5752166530403,20.5752166530403,0.9885773720433552,0.9885773720433552,0.992695,0.992695,0.9968126279566448,0.9968126279566448,1.0,1.0
9566,54146,54150,0.9869603181227463,0.9900375715246978,0.98512579359739,0.9900375715246978,29.437006043068333,0.0,0.0031179099558984458,2022-11-01 15:00:00+00:00,2022-11-01 16:00:00+00:00,0 days 01:00:00,A_long,0.0016896455489285665,0.0018973168695891021,23.702469934291656,34.652395509867034,0.9876612493768773,0.9852521593475557,0.992417,0.9912555,0.9971727506231227,0.9972588406524442,1.0,1.0
9683,54308,54311,0.978109508172716,0.9770116018226214,0.9770116018226214,0.9798631167192814,-10.631027187966566,0.0,-0.0011224779443620436,2022-11-03 07:30:00+00:00,2022-11-03 08:15:00+00:00,0 days 00:45:00,A_long,0.001087945087061438,0.0013760223277848836,12.17840787958481,22.351076187702745,0.9787267175887286,0.9770256458790122,0.9819574999999998,0.9812559999999999,0.985188282411271,0.9854863541209876,1.0,1.0
-9647,54419,54423,0.9804402621126426,0.9782775379444678,0.981781367808629,0.9782775379444678,20.863800050381876,0.0,0.002205870415311728,2022-11-04 11:15:00+00:00,2022-11-04 12:15:00+00:00,0 days 01:00:00,A_short,0.0012405187674784533,0.0011750142522064598,64.30624002877813,52.43953030452546,0.9760644393438601,0.9762010131847321,0.9780345,0.9783725000000001,0.98000456065614,0.9805439868152681,1.0,1.0
-9627,54426,54426,0.9845998813903684,0.9870469662605462,0.9870469662605462,0.9805594607310167,-23.55808604520228,0.0,-0.002485359704413437,2022-11-04 13:00:00+00:00,2022-11-04 13:00:00+00:00,0 days 00:00:00,A_short,0.002501370759140033,0.002501370759140033,84.2251993477551,84.2251993477551,0.9745833324136708,0.9745833324136708,0.97941,0.97941,0.9842366675863292,0.9842366675863292,1.0,1.0
-9580,54427,54430,0.9871096516757271,0.98968137075914,0.98968137075914,0.9826775326335478,-24.63706881909573,0.0,-0.0026053023380403495,2022-11-04 13:15:00+00:00,2022-11-04 14:00:00+00:00,0 days 00:45:00,A_short,0.002461187991254693,0.002742480004973788,83.01994482522065,80.11677114031826,0.9741729784590551,0.9738326756349543,0.979906,0.9813660000000001,0.985639021540945,0.9888993243650458,1.0,1.0
-9457,54501,54501,0.9973487145132063,0.9987439939065469,0.9987439939065469,0.9950648109682158,-13.195157222822143,0.0,-0.001398988511276844,2022-11-07 08:45:00+00:00,2022-11-07 08:45:00+00:00,0 days 00:00:00,A_short,0.001425461385673931,0.001425461385673931,79.54468195748473,79.54468195748473,0.9917256304769495,0.9917256304769495,0.994501,0.994501,0.9972763695230504,0.9972763695230504,1.0,1.0
-9432,54502,54502,0.9985286065198689,1.0000654613856739,1.0000654613856739,0.996074169505787,-14.495615094272903,0.0,-0.0015391195162264282,2022-11-07 09:00:00+00:00,2022-11-07 09:00:00+00:00,0 days 00:00:00,A_short,0.001512733200917403,0.001512733200917403,82.67589015233374,82.67589015233374,0.991206944508149,0.991206944508149,0.994802,0.994802,0.998397055491851,0.998397055491851,1.0,1.0
-9407,54503,54515,0.9997284966961361,0.9971070802383485,1.0013427332009175,0.9971070802383485,24.6596646184077,0.0,0.002622128374304311,2022-11-07 09:15:00+00:00,2022-11-07 12:15:00+00:00,0 days 03:00:00,A_short,0.0015337021074617425,0.0011826799190593636,74.70950062771132,44.60371400696729,0.9910551570332953,0.9936557333671089,0.9950669999999999,0.9975765000000001,0.9990788429667046,1.0014972666328914,1.0,1.0
-9390,54623,54623,1.004168090348324,1.005464478425908,1.005464478425908,1.0020359388333657,-12.173084048511974,0.0,-0.0012910070435858678,2022-11-08 15:15:00+00:00,2022-11-08 15:15:00+00:00,0 days 00:00:00,A_short,0.0014105479691201108,0.0014105479691201108,82.04332275069163,82.04332275069163,0.9974112587256383,0.9974112587256383,1.0003665,1.0003665,1.0033217412743616,1.0033217412743616,1.0,1.0
-9372,54624,54624,1.0047180400124467,1.0062205479691202,1.0062205479691202,1.0022710136555837,-14.081504569944084,0.0,-0.00149545235263715,2022-11-08 15:30:00+00:00,2022-11-08 15:30:00+00:00,0 days 00:00:00,A_short,0.0015971415732374265,0.0015971415732374265,86.62871351351743,86.62871351351743,0.9966403522669259,0.9966403522669259,1.000728,1.000728,1.0048156477330743,1.0048156477330743,1.0,1.0
-9339,54625,54628,1.0068278469057164,1.0085171415732375,1.0085171415732375,1.0040451451681727,-15.77632289997957,0.0,-0.001677838642140106,2022-11-08 15:45:00+00:00,2022-11-08 16:30:00+00:00,0 days 00:45:00,A_short,0.0015135226968057882,0.0014444709229281245,82.96644619705626,87.47913444528324,0.9963158260684137,0.9956486816435832,1.001085,1.0022935,1.0058541739315863,1.0089383183564167,1.0,1.0
9390,54786,54789,0.9998314959822817,0.9987372127004506,0.9987372127004506,1.001601017139189,-10.275320016394435,0.0,-0.0010944677040365391,2022-11-10 08:00:00+00:00,2022-11-10 08:45:00+00:00,0 days 00:45:00,A_long,0.0011544156596095148,0.001234741097529514,33.08812801064073,27.87884383444839,1.0000536212315096,0.9989254720107236,1.002455,1.0020514999999999,1.0048563787684905,1.0051775279892763,1.0,1.0
-9267,54809,54809,1.011867385646038,1.0152200146661396,1.0152200146661396,1.0060359736009488,-31.06881312928137,0.0,-0.0033133087079004753,2022-11-10 13:45:00+00:00,2022-11-10 13:45:00+00:00,0 days 00:00:00,A_short,0.003565346043987649,0.003565346043987649,86.37139058529347,86.37139058529347,0.9870254175331868,0.9870254175331868,0.9972295000000001,0.9972295000000001,1.0074335824668132,1.0074335824668132,1.0,1.0
-9234,54810,54813,1.012177357274907,1.0157953460439877,1.0157953460439877,1.005812377120822,-33.4085082936902,0.0,-0.0035744612770447493,2022-11-10 14:00:00+00:00,2022-11-10 14:45:00+00:00,0 days 00:45:00,A_short,0.00355796657145595,0.0031833992762929702,87.37482343050527,89.27995940513668,0.9855116801456828,0.9832510643931587,0.9979799999999999,1.0006695,1.010448319854317,1.0180879356068415,1.0,1.0
-9003,54979,54982,1.0344353200446617,1.0324392169112904,1.0356915461603942,1.0324392169112904,17.97091650974168,0.0,0.0019296548510012723,2022-11-14 08:15:00+00:00,2022-11-14 09:00:00+00:00,0 days 00:45:00,A_short,0.0012626733390083368,0.001515529874311485,58.92138736669229,46.85779651446274,1.0294710557508084,1.0292787248894084,1.0317065,1.0318359999999998,1.0339419442491917,1.034393275110591,1.0,1.0
-8991,55072,55072,1.037725018944594,1.0389810356840914,1.0389810356840914,1.0357861357686358,-11.29284650482193,0.0,-0.0012103560351419684,2022-11-15 07:30:00+00:00,2022-11-15 07:30:00+00:00,0 days 00:00:00,A_short,0.0012382309262124734,0.0012382309262124734,93.37986611110416,93.37986611110416,1.0295541785958868,1.0295541785958868,1.0333035000000002,1.0333035000000002,1.0370528214041135,1.0370528214041135,1.0,1.0
-8972,55073,55073,1.0387649237640253,1.0401182309262125,1.0401182309262125,1.0366511843328177,-12.141871859143365,0.0,-0.0013028040620426395,2022-11-15 07:45:00+00:00,2022-11-15 07:45:00+00:00,0 days 00:00:00,A_short,0.0014798001360508098,0.0014798001360508098,95.0022711563684,95.0022711563684,1.0288411500644623,1.0288411500644623,1.0337365,1.0337365,1.0386318499355378,1.0386318499355378,1.0,1.0
-8944,55074,55084,1.0405947562828326,1.0421898001360508,1.0421898001360508,1.0380463597551086,-14.26607222318341,0.0,-0.001532819422342513,2022-11-15 08:00:00+00:00,2022-11-15 10:30:00+00:00,0 days 02:30:00,A_short,0.001565160117910718,0.001496577187612213,95.28821232505068,79.12360887920195,1.028414178550215,1.0319283449338195,1.034194,1.03837,1.0399738214497851,1.0448116550661806,1.0,1.0
8990,55278,55285,1.033884612230703,1.0323617101245108,1.0323617101245108,1.0363889217758806,-13.690889934668007,0.0,-0.0014729903977450665,2022-11-17 11:00:00+00:00,2022-11-17 12:45:00+00:00,0 days 01:45:00,A_long,0.0014358512254240442,0.0014787969289246632,27.233585255906306,30.764943058062954,1.0343224431312008,1.0318429112191303,1.0375755,1.036033,1.0408285568687992,1.0402230887808697,1.0,1.0
9067,55463,55486,1.0237236823897644,1.026032621274924,1.0222796548472644,1.026032621274924,20.935148871742047,0.0,0.002255431738933389,2022-11-21 09:15:00+00:00,2022-11-21 15:00:00+00:00,0 days 05:45:00,A_long,0.0013242991323708497,0.001269424331913472,24.523181576407254,50.28806102879179,1.0239140998586773,1.0228007385915643,1.026678,1.024222,1.0294419001413226,1.0256432614084356,1.0,1.0
-8972,55678,55694,1.0367051122947668,1.0383912810639289,1.0383912810639289,1.033851694084928,-15.12830619692196,0.0,-0.0016264690403906545,2022-11-23 15:00:00+00:00,2022-11-23 19:00:00+00:00,0 days 04:00:00,A_short,0.001701110255404949,0.001409338367924378,62.89158627427811,68.93125245624347,1.0293770698265245,1.0335631754933376,1.0323935,1.0363645,1.0354099301734754,1.0391658245066622,1.0,0.0
8935,55850,55851,1.03942511925027,1.0413781621126297,1.0381921321596503,1.0413781621126297,17.45043797518441,0.0,0.0018789644642882575,2022-11-25 10:00:00+00:00,2022-11-25 10:15:00+00:00,0 days 00:15:00,A_long,0.001195485461636358,0.001262754066751515,43.606778959007,55.65388720326155,1.0399048474450165,1.0399227886241313,1.041347,1.0413865,1.0427891525549835,1.0428502113758686,1.0,1.0
-8941,55940,55940,1.040514763604415,1.0418545463249926,1.0418545463249926,1.0383698166150133,-11.9789973046849,0.0,-0.0012876152914318428,2022-11-28 08:30:00+00:00,2022-11-28 08:30:00+00:00,0 days 00:00:00,A_short,0.0014772734816603263,0.0014772734816603263,83.780888570483,83.780888570483,1.0330226209706521,1.0330226209706521,1.036975,1.036975,1.0409273790293478,1.0409273790293478,1.0,1.0
-8908,55941,55942,1.042954540296158,1.0445272734816604,1.0445272734816604,1.0403909077330113,-14.009907216455732,0.0,-0.0015079594792846152,2022-11-28 08:45:00+00:00,2022-11-28 09:00:00+00:00,0 days 00:15:00,A_short,0.0015189703507723067,0.0015057743040026628,85.37143648436884,86.41112049504355,1.032492545372187,1.0321425198246492,1.0373965,1.037849,1.0423004546278132,1.0435554801753508,1.0,1.0
-8883,55943,55947,1.0444044075924808,1.0460057743040025,1.0460057743040025,1.0417896062527954,-14.224940498447962,0.0,-0.001533282222748511,2022-11-28 09:15:00+00:00,2022-11-28 10:15:00+00:00,0 days 01:00:00,A_short,0.0014836710634689608,0.0015992515406170514,86.94112737405335,87.02165914013939,1.0319134846609623,1.0322645132207027,1.038294,1.040292,1.0446745153390378,1.0483194867792973,1.0,1.0
8968,56058,56062,1.033084539014881,1.0359349012217007,1.0313694993212772,1.0359349012217007,25.56204827075878,0.0,0.0027590793387903823,2022-11-29 14:00:00+00:00,2022-11-29 15:00:00+00:00,0 days 01:00:00,A_long,0.0016917672548929412,0.0017213184111999319,35.11761100810827,49.57482226939922,1.034208484509876,1.032821333486021,1.036847,1.0362145,1.0394855154901241,1.039607666513979,1.0,1.0
9020,56162,56172,1.0299142488971866,1.0334881541137786,1.0277665810479006,1.0334881541137786,32.23662505365943,0.0,0.0034700997878405193,2022-11-30 16:00:00+00:00,2022-11-30 18:30:00+00:00,0 days 02:30:00,A_long,0.0020029630918193993,0.0021361732052441167,30.265481326059927,63.059282246214394,1.0309908979342026,1.0280105678369647,1.035924,1.0337910000000001,1.0408571020657975,1.0395714321630356,1.0,0.0
8960,56226,56228,1.0404652144308384,1.0430943994351518,1.038778666980471,1.0430943994351518,23.557497638648215,0.0,0.0025269321528944566,2022-12-01 08:00:00+00:00,2022-12-01 08:30:00+00:00,0 days 00:30:00,A_long,0.0017491552835915865,0.0018797655241198981,43.29349599144661,48.79062288789754,1.0414413966309133,1.0411477077769227,1.0437910000000001,1.0437225,1.046140603369087,1.0462972922230775,1.0,1.0
-8901,56249,56253,1.0496639261984515,1.0517682039847511,1.0517682039847511,1.046145232827448,-18.730176575852955,0.0,-0.0020047157321301246,2022-12-01 13:45:00+00:00,2022-12-01 14:45:00+00:00,0 days 01:00:00,A_short,0.002087110120117567,0.001950878264507224,71.25938573516828,79.63647476946431,1.0408438432764926,1.0398130874451887,1.0446045,1.046057,1.0483651567235073,1.0523009125548113,1.0,1.0
8926,56345,56348,1.0448856189482547,1.0487537141547907,1.042619047691783,1.0487537141547907,34.52661781354008,0.0,0.0037019317104101113,2022-12-02 13:45:00+00:00,2022-12-02 14:30:00+00:00,0 days 00:45:00,A_long,0.0023894920004547994,0.0022950263481478924,25.609330187535633,35.88933597156816,1.0476615737488615,1.0458941632326328,1.0523820000000002,1.051616,1.0571024262511388,1.0573378367673674,1.0,1.0
8881,56418,56422,1.0539964526934271,1.0558004975750026,1.052828612458332,1.0558004975750026,16.02172259327187,0.0,0.0017116232952827382,2022-12-05 08:00:00+00:00,2022-12-05 09:00:00+00:00,0 days 01:00:00,A_long,0.0010958692027789384,0.0010757728454433304,20.73370042384471,50.16741660725882,1.054289772414491,1.0533476188611146,1.057102,1.0564814999999999,1.059914227585509,1.059615381138885,1.0,1.0
-8854,56438,56441,1.058863084216499,1.05642481710385,1.0603839904978611,1.05642481710385,21.588417015394697,0.0,0.0023027218051078213,2022-12-05 13:00:00+00:00,2022-12-05 13:45:00+00:00,0 days 00:45:00,A_short,0.001344125098146281,0.0013726171379636496,70.47423492590936,50.0252497094281,1.0523855690600763,1.0525882761779919,1.0555495000000001,1.0560085000000001,1.058713430939924,1.0594287238220084,1.0,1.0
-8919,56630,56638,1.0535335720169128,1.0511157312241652,1.055026815986575,1.0511157312241652,21.5647220305153,0.0,0.0022949821979747487,2022-12-07 13:00:00+00:00,2022-12-07 15:00:00+00:00,0 days 02:00:00,A_short,0.0014159071883649752,0.0016855781550311072,70.73236594628406,53.04690343384532,1.0451566993651231,1.0479931975896701,1.049175,1.0512505,1.0531933006348768,1.05450780241033,1.0,1.0
-8849,57017,57019,1.064222593670492,1.0666089339075884,1.0666089339075884,1.0602279189663408,-21.116724758064926,0.0,-0.0022423318686233262,2022-12-13 13:45:00+00:00,2022-12-13 14:15:00+00:00,0 days 00:30:00,A_short,0.0023470760532432263,0.0022036260133248956,87.56587864229947,88.88588740591393,1.048765809501006,1.0473377086375295,1.055115,1.0563245,1.061464190498994,1.0653112913624707,1.0,1.0
-8814,57097,57107,1.066162416122124,1.0644155088281944,1.0673002728732255,1.0644155088281944,15.397240888695205,0.0,0.0016385001642464925,2022-12-14 09:45:00+00:00,2022-12-14 12:15:00+00:00,0 days 02:30:00,A_short,0.0009702364901287003,0.0009596375040161413,78.91211262938434,49.0944056578972,1.061329026573908,1.0622786211040742,1.0635869999999998,1.0648425,1.0658449734260917,1.0674063788959256,1.0,1.0
-8828,57209,57210,1.0661724152069263,1.0677226256732106,1.0677226256732106,1.063655273788221,-13.68525799635816,0.0,-0.0014539960368262772,2022-12-15 13:45:00+00:00,2022-12-15 14:00:00+00:00,0 days 00:15:00,A_short,0.0015829422501157959,0.002390549950100339,65.01516770932942,80.57471557778089,1.0596453346088452,1.058281652245693,1.0623049999999998,1.062808,1.0649646653911544,1.067334347754307,1.0,1.0
-8777,57211,57211,1.0707919923855544,1.0733105499501003,1.0733105499501003,1.0666170100898196,-22.10537974401925,0.0,-0.0023520511756303097,2022-12-15 14:15:00+00:00,2022-12-15 14:15:00+00:00,0 days 00:00:00,A_short,0.0024904766234202834,0.0024904766234202834,78.4658817245631,78.4658817245631,1.0577588463785308,1.0577588463785308,1.063305,1.063305,1.068851153621469,1.068851153621469,1.0,1.0
-8759,57212,57214,1.0704920198414876,1.0661271420778433,1.0731004766234205,1.0661271420778433,38.23196433175997,0.0,0.0040774500722485785,2022-12-15 14:30:00+00:00,2022-12-15 15:00:00+00:00,0 days 00:30:00,A_short,0.0025277464069642375,0.002719329523453125,76.8172108941536,53.10367588926587,1.0574643909077044,1.057590374382006,1.0637435,1.0643479999999998,1.0700226090922955,1.0711056256179936,1.0,1.0
8900,57410,57411,1.0580568242637234,1.0599673884977747,1.0568292286123473,1.0599673884977747,17.0040216830569,0.0,0.001805729324019012,2022-12-19 16:00:00+00:00,2022-12-19 16:15:00+00:00,0 days 00:15:00,A_long,0.001188668535965573,0.0013101793978368584,41.3592536912191,53.797060061074426,1.058900420280004,1.0589350720294186,1.0604245,1.0604014999999998,1.0619485797199961,1.061867927970581,1.0,1.0
8879,58434,58434,1.0624672278659417,1.0613296480485512,1.0613296480485512,1.0642146335126077,-10.100571198610146,0.0,-0.0010706963824902438,2023-01-03 08:00:00+00:00,2023-01-03 08:00:00+00:00,0 days 00:00:00,A_long,0.0014556383579221609,0.0014556383579221609,11.811925909992908,11.811925909992908,1.061859393730876,1.061859393730876,1.0659575000000001,1.0659575000000001,1.0700556062691242,1.0700556062691242,1.0,1.0
8899,58435,58435,1.0588869002251384,1.057324361642078,1.057324361642078,1.0614001490442597,-13.905030850654816,0.0,-0.0014756425664801398,2023-01-03 08:15:00+00:00,2023-01-03 08:15:00+00:00,0 days 00:00:00,A_long,0.0015282199101992063,0.0015282199101992063,10.369915762303052,10.369915762303052,1.0600460242254137,1.0600460242254137,1.0654795,1.0654795,1.070912975774586,1.070912975774586,1.0,1.0
8896,58436,58436,1.0576967913166035,1.0560817800898008,1.0560817800898008,1.0603607958383583,-14.3671398736372,0.0,-0.0015269132326594104,2023-01-03 08:30:00+00:00,2023-01-03 08:30:00+00:00,0 days 00:00:00,A_long,0.0016284572555059868,0.0016284572555059868,9.483978414740449,9.483978414740449,1.0584163497111465,1.0584163497111465,1.064943,1.064943,1.0714696502888534,1.0714696502888534,1.0,1.0
8889,58437,58437,1.0568967181007816,1.0551715427444939,1.0551715427444939,1.059731223059911,-15.33508374204127,0.0,-0.0016323026902645976,2023-01-03 08:45:00+00:00,2023-01-03 08:45:00+00:00,0 days 00:00:00,A_long,0.0016846629547718401,0.0016846629547718401,7.969605348752324,7.969605348752324,1.056645664134761,1.056645664134761,1.0643405,1.0643405,1.0720353358652388,1.0720353358652388,1.0,1.0
8889,58438,58438,1.055276569838742,1.0534853370452282,1.0534853370452282,1.0582023933185891,-15.922268301545031,0.0,-0.0016974060115706457,2023-01-03 09:00:00+00:00,2023-01-03 09:00:00+00:00,0 days 00:00:00,A_long,0.0017293745608022494,0.0017293745608022494,7.371041441713601,7.371041441713601,1.0550262107719854,1.0550262107719854,1.0636735,1.0636735,1.0723207892280144,1.0723207892280144,1.0,1.0
-8811,58531,58548,1.0625227492541136,1.0600287677118805,1.0640751290489552,1.0600287677118805,21.974471368616072,0.0,0.0023472264890176398,2023-01-04 08:15:00+00:00,2023-01-04 12:30:00+00:00,0 days 04:15:00,A_short,0.0014591118424277703,0.0009805119910088068,75.21262538075688,50.67857912011347,1.0543069998959644,1.059687292008905,1.0578765,1.061283,1.0614460001040358,1.0628787079910949,1.0,1.0
8871,58648,58648,1.0580968279245144,1.0568409794553475,1.0568409794553475,1.0600862369803747,-11.140631769979848,0.0,-0.0011868937095580456,2023-01-05 13:30:00+00:00,2023-01-05 13:30:00+00:00,0 days 00:00:00,A_long,0.0012458178053654815,0.0012458178053654815,20.681971266954818,20.681971266954818,1.0582911126902732,1.0582911126902732,1.0609709999999999,1.0609709999999999,1.0636508873097266,1.0636508873097266,1.0,1.0
8868,58649,58649,1.0571267391503303,1.0557741821946345,1.0557741821946345,1.0592624720496582,-11.994475083110398,0.0,-0.0012794652765882875,2023-01-05 13:45:00+00:00,2023-01-05 13:45:00+00:00,0 days 00:00:00,A_long,0.001397042097983424,0.001397042097983424,15.755777089328262,15.755777089328262,1.057005394977004,1.057005394977004,1.0606319999999998,1.0606319999999998,1.0642586050229956,1.0642586050229956,1.0,1.0
8872,58650,58653,1.0553065725843354,1.0538129579020166,1.0538129579020166,1.05772467577637,-13.251349461532296,0.0,-0.001415337231020053,2023-01-05 14:00:00+00:00,2023-01-05 14:45:00+00:00,0 days 00:45:00,A_long,0.0013881031515856413,0.0013989637404544367,23.94199607967586,18.000262689044206,1.0562220820480124,1.0537633045629293,1.0603660000000001,1.0592255000000002,1.064509917951988,1.064687695437071,1.0,1.0
-8868,58746,58748,1.0541435161898487,1.0514468969430284,1.0557917239205399,1.0514468969430284,23.9136194808024,0.0,0.00255811396209793,2023-01-06 14:00:00+00:00,2023-01-06 14:30:00+00:00,0 days 00:30:00,A_short,0.0015621607311345404,0.0017530896158299701,63.31268319551195,45.83283337670128,1.0479408942700699,1.0479158286349983,1.050627,1.0506790000000001,1.05331310572993,1.053442171365002,1.0,1.0
-8870,58751,58751,1.056683283729614,1.0591510762003347,1.0591510762003347,1.0523440628393979,-21.889319215291703,0.0,-0.0023354135612048132,2023-01-06 15:15:00+00:00,2023-01-06 15:15:00+00:00,0 days 00:00:00,A_short,0.002540266040289935,0.002540266040289935,73.02647234603711,73.02647234603711,1.0464163182113406,1.0464163182113406,1.051339,1.051339,1.0562616817886594,1.0562616817886594,1.0,1.0
-8837,58752,58753,1.0580431592627166,1.06068026604029,1.06068026604029,1.053567521127478,-23.30411259341658,0.0,-0.0024924378126607305,2023-01-06 15:30:00+00:00,2023-01-06 15:45:00+00:00,0 days 00:15:00,A_short,0.002541563901584617,0.0023680220480399895,76.47665509669376,76.70319667748028,1.0455593400702798,1.045062601404348,1.0517715,1.0522430000000003,1.0579836599297203,1.0594233985956525,1.0,1.0
-8703,58840,58840,1.0717319063569637,1.073001033140716,1.073001033140716,1.069694140346711,-11.045210398996703,0.0,-0.0011841830743533066,2023-01-09 13:30:00+00:00,2023-01-09 13:30:00+00:00,0 days 00:00:00,A_short,0.0012142287219538814,0.0012142287219538814,79.68871514232339,79.68871514232339,1.065422251209766,1.065422251209766,1.068344,1.068344,1.071265748790234,1.071265748790234,1.0,1.0
-8691,58841,58845,1.0719318880530082,1.0732342287219538,1.0732342287219538,1.069834388300483,-11.318642753806506,0.0,-0.00121494722142379,2023-01-09 13:45:00+00:00,2023-01-09 14:45:00+00:00,0 days 01:00:00,A_short,0.0011776648923600226,0.001303510656606307,81.3476583490687,74.8793157379792,1.06508803440349,1.0652730109328907,1.068518,1.0694465000000002,1.07194796559651,1.0736199890671096,1.0,1.0
-8594,59130,59133,1.0828208914026323,1.0776490546242545,1.0857705252087475,1.0776490546242545,44.44676527337827,0.0,0.004776262463571768,2023-01-12 14:00:00+00:00,2023-01-12 14:45:00+00:00,0 days 00:45:00,A_short,0.0030204551809144852,0.0033202785281390046,60.93322020889995,46.546856497998576,1.0736833060460154,1.0734432381786425,1.0769,1.077247,1.0801166939539846,1.0810507618213576,1.0,1.0
8646,59299,59301,1.0814689667417128,1.080369983348535,1.080369983348535,1.083170029972637,-9.501810417415445,0.0,-0.0010161950337685965,2023-01-16 08:15:00+00:00,2023-01-16 08:45:00+00:00,0 days 00:30:00,A_long,0.0010866810979364074,0.001034084913561124,20.825578485366535,18.882408558715383,1.0816177007911099,1.0804086405051228,1.0846805,1.084146,1.08774329920889,1.0878833594948774,1.0,1.0
-8628,59489,59489,1.082420928010543,1.083579079847117,1.083579079847117,1.0805856562751897,-9.992534045960237,0.0,-0.0010699643794791491,2023-01-18 07:45:00+00:00,2023-01-18 07:45:00+00:00,0 days 00:00:00,A_short,0.001175869200834617,0.001175869200834617,83.873880309886,83.873880309886,1.0751239517734845,1.0751239517734845,1.078566,1.078566,1.0820080482265153,1.0820080482265153,1.0,1.0
-8611,59491,59491,1.0834708319147766,1.08476175330739,1.08476175330739,1.0813968440466981,-11.116124111795306,0.0,-0.0011914685237368605,2023-01-18 08:15:00+00:00,2023-01-18 08:15:00+00:00,0 days 00:00:00,A_short,0.0012495195330713203,0.0012495195330713203,88.46507978551638,88.46507978551638,1.0744561692345032,1.0744561692345032,1.079136,1.079136,1.083815830765497,1.083815830765497,1.0,1.0
-8611,59587,59596,1.082110956381674,1.083360597662479,1.083360597662479,1.080194924207538,-10.760661069011498,0.0,-0.0011548180650378104,2023-01-19 08:15:00+00:00,2023-01-19 10:30:00+00:00,0 days 02:15:00,A_short,0.0011211846408149685,0.0011108834875786352,70.65387719347676,64.32239502455292,1.0782386665785817,1.0785049514461373,1.0799375000000002,1.0810665,1.0816363334214187,1.0836280485538625,1.0,1.0
-8532,59999,60002,1.0909801446012484,1.0886013887028279,1.0924725618317621,1.0886013887028279,20.295545325323832,0.0,0.0021803842262316797,2023-01-25 15:15:00+00:00,2023-01-25 16:00:00+00:00,0 days 00:45:00,A_short,0.001386220254193945,0.0016375839699152752,77.09125496646377,44.491901044617656,1.0847445667616802,1.0849799237342772,1.0876055,1.0879875,1.0904664332383198,1.090995076265723,1.0,1.0
8594,60098,60108,1.0856093456335913,1.0883475832421172,1.0839335648654904,1.0883475832421172,23.532414007671353,0.0,0.0025223047494380424,2023-01-26 16:00:00+00:00,2023-01-26 18:30:00+00:00,0 days 02:30:00,A_long,0.0015595771165748974,0.0010888189188233985,32.00135985241481,58.96749640441006,1.086689599538847,1.08471195368946,1.0891119999999999,1.087681,1.0915344004611527,1.0906500463105397,1.0,0.0
8654,60357,60360,1.0807388999322753,1.0826672620122988,1.0795137433265007,1.0826672620122988,16.688045440522927,0.0,0.0017842996862094118,2023-01-31 08:45:00+00:00,2023-01-31 09:30:00+00:00,0 days 00:45:00,A_long,0.0010934224503661384,0.0010737212217642857,24.103700176047568,48.20703134550085,1.0810039788065622,1.0805937465526128,1.0835695,1.083267,1.086135021193438,1.0859402534473872,1.0,1.0
-8630,60379,60383,1.0855506415536398,1.0836406717284608,1.0867662934841884,1.0836406717284608,16.483039591294702,0.0,0.001759447926303559,2023-01-31 14:15:00+00:00,2023-01-31 15:15:00+00:00,0 days 01:00:00,A_short,0.0011447876862965137,0.00129506925646051,72.01254243024081,49.06189510827994,1.0812750379697362,1.0816380820434286,1.0833985,1.0837649999999999,1.0855219620302636,1.0858919179565711,1.0,1.0
-8595,60482,60494,1.091850064979042,1.0900890490489574,1.0929994171950237,1.0900890490489574,15.13593191907616,0.0,0.0016128734031978231,2023-02-01 16:00:00+00:00,2023-02-01 19:00:00+00:00,0 days 03:00:00,A_short,0.0010021615690205866,0.0010739106947504923,74.29043585797967,52.02386201118063,1.088510715059925,1.0898420453201472,1.0901125,1.0911659999999999,1.0917142849400752,1.0924899546798525,1.0,0.0
8588,60570,60572,1.0946401720571814,1.0926541189357317,1.0926541189357317,1.097934585915683,-17.056224207010253,0.0,-0.001814343354234249,2023-02-02 14:00:00+00:00,2023-02-02 14:30:00+00:00,0 days 00:30:00,A_long,0.0020104302556992536,0.002372989836503025,26.503940253966775,20.72862046196687,1.095533429658837,1.0934060923181015,1.0986255,1.0979515000000002,1.101717570341163,1.102496907681899,1.0,1.0
8599,60573,60574,1.091339870041916,1.088877010163497,1.088877010163497,1.0955213817057055,-21.178132094523924,0.0,-0.0022567304155435286,2023-02-02 14:45:00+00:00,2023-02-02 15:00:00+00:00,0 days 00:15:00,A_long,0.0023365911916359543,0.002413045699417823,19.37212456478254,17.012289172369535,1.0919973028514105,1.090464483868924,1.097485,1.0969735,1.1029726971485896,1.1034825161310762,1.0,1.0
8596,60575,60577,1.0892096751047902,1.0934634822589522,1.0867069543005823,1.0934634822589522,36.56572629717668,0.0,0.003905407059253907,2023-02-02 15:15:00+00:00,2023-02-02 15:45:00+00:00,0 days 00:30:00,A_long,0.002421972939495452,0.0023377485634432493,26.234570063911647,44.081032992548074,1.0895095923111284,1.0887871229519586,1.096574,1.0960145000000001,1.1036384076888714,1.1032418770480417,1.0,1.0
-8599,60650,60662,1.0928599725440666,1.093980312193869,1.093980312193869,1.0911514380510359,-9.63380064864992,0.0,-0.0010251447376137257,2023-02-03 10:00:00+00:00,2023-02-03 13:00:00+00:00,0 days 03:00:00,A_short,0.0009862705680196726,0.0007012491873581349,72.92159216349225,70.84968825192416,1.0878789752592453,1.0898041209341627,1.0901575,1.092384,1.0924360247407545,1.0949638790658374,1.0,1.0
8659,60665,60670,1.084429237640254,1.0824706617214954,1.0824706617214954,1.0876768089013082,-16.959308880530607,0.0,-0.0018060891856996886,2023-02-03 13:45:00+00:00,2023-02-03 15:00:00+00:00,0 days 01:15:00,A_long,0.0018500931747039559,0.0022066571392465547,15.688821409372238,26.06881422991772,1.0865521591865508,1.0820234153204105,1.091942,1.0901895,1.0973318408134491,1.0983555846795894,1.0,1.0
8734,60768,60773,1.0731882089579559,1.0719815963686954,1.0719815963686954,1.075113126536348,-10.53855435460094,0.0,-0.0011243252387501679,2023-02-06 15:30:00+00:00,2023-02-06 16:45:00+00:00,0 days 01:15:00,A_long,0.0010559498137972993,0.0010767619347677284,19.184986250956868,22.190287426250606,1.0731344269759266,1.0712209372070365,1.07594,1.0750430000000002,1.0787455730240731,1.078865062792964,1.0,1.0
-8700,60874,60874,1.0759215228890964,1.0727166917658002,1.077855171241222,1.0727166917658002,27.88203077267668,0.0,0.0029786848344575123,2023-02-07 18:00:00+00:00,2023-02-07 18:00:00+00:00,0 days 00:00:00,A_short,0.002094481742392517,0.002094481742392517,58.4665241410313,58.4665241410313,1.0658735992885697,1.0658735992885697,1.069692,1.069692,1.0735104007114304,1.0735104007114304,0.0,0.0
-8722,61031,61037,1.0763514835355918,1.0774810910246966,1.0774810910246966,1.074594036155546,-9.852436519971487,0.0,-0.0010494782665178004,2023-02-09 09:15:00+00:00,2023-02-09 10:45:00+00:00,0 days 01:30:00,A_short,0.00106294555473711,0.0009545522348523578,62.36123881759326,76.76880903189891,1.0721131042086824,1.0723431265678214,1.0740574999999999,1.075061,1.0760018957913173,1.0777788734321787,1.0,1.0
8745,61340,61342,1.0726381586220781,1.07674375357249,1.0701734702375054,1.07674375357249,35.903427841351636,0.0,0.0038275674955345895,2023-02-14 14:30:00+00:00,2023-02-14 15:00:00+00:00,0 days 00:30:00,A_long,0.002438992460828511,0.002397287670577846,35.27960351686413,59.0867191863638,1.0734440733784212,1.073412570060088,1.075352,1.0753395000000001,1.077259926621579,1.0772664299399122,1.0,1.0
8828,61532,61541,1.0665676030970292,1.0689863867070646,1.0650720073849642,1.0689863867070646,21.353021709391943,0.0,0.0022678202516295265,2023-02-16 14:30:00+00:00,2023-02-16 16:45:00+00:00,0 days 02:15:00,A_long,0.0013595935996977117,0.0011226326219122482,30.21785792251798,51.50719628422478,1.0670517703996854,1.0655026743611375,1.0695535,1.0682125,1.0720552296003147,1.0709223256388625,1.0,1.0
8943,62105,62107,1.0553065725843354,1.0540396289657206,1.0540396289657206,1.0572886678617028,-11.330276781272074,0.0,-0.0012005455585405445,2023-02-24 13:45:00+00:00,2023-02-24 14:15:00+00:00,0 days 00:30:00,A_long,0.0011763215630420723,0.0011851481962404803,27.74291786773908,21.15951241386864,1.0555009794907357,1.0542507390317464,1.0578595,1.057393,1.0602180205092642,1.0605352609682537,1.0,1.0
-8891,62207,62207,1.0599729826295463,1.0610902087144678,1.0610902087144678,1.0581776243139578,-9.933257121036927,0.0,-0.0010540137373595826,2023-02-27 15:15:00+00:00,2023-02-27 15:15:00+00:00,0 days 00:00:00,A_short,0.0011935142192054551,0.0011935142192054551,84.75632175716433,84.75632175716433,1.0539010269747249,1.0539010269747249,1.0571819999999998,1.0571819999999998,1.0604629730252748,1.0604629730252748,1.0,1.0
-8868,62208,62210,1.0615828352827046,1.05952167440543,1.0628635142192053,1.05952167440543,18.278374659670103,0.0,0.0019415921290075744,2023-02-27 15:30:00+00:00,2023-02-27 16:00:00+00:00,0 days 00:30:00,A_short,0.0012730456566447223,0.00123353207099094,69.9826532041345,58.96910420849474,1.0538696119325512,1.053964306660181,1.0573985000000001,1.0577064999999999,1.060927388067449,1.0614486933398188,1.0,1.0
-8867,62371,62374,1.0637926330239964,1.0649124875628135,1.0649124875628135,1.0620215223869354,-9.92975019569152,0.0,-0.0010527000319919821,2023-03-01 08:15:00+00:00,2023-03-01 09:00:00+00:00,0 days 00:45:00,A_short,0.0010468225544383691,0.001174740489511421,86.71771442263774,76.82164288562225,1.0569815261875122,1.0569679207420104,1.0604375000000001,1.061182,1.063893473812488,1.0653960792579897,1.0,1.0
8902,62490,62493,1.058686881921183,1.0605010650611115,1.057512741632716,1.0605010650611115,16.149858311643847,0.0,0.0017136163401179072,2023-03-02 14:00:00+00:00,2023-03-02 14:45:00+00:00,0 days 00:45:00,A_long,0.001112957251646192,0.001160019876108613,35.02884686446336,39.44977657863988,1.0591409552998956,1.058544715904238,1.0616325000000002,1.061176,1.0641240447001048,1.0638072840957618,1.0,1.0
8908,62783,62785,1.059716976186554,1.058074098361266,1.058074098361266,1.0624306229497213,-14.634755667664935,0.0,-0.0015502986761615212,2023-03-07 15:15:00+00:00,2023-03-07 15:45:00+00:00,0 days 00:30:00,A_long,0.0017044480869028268,0.002021118785273697,21.260540007865487,17.49719368882225,1.0614382135194833,1.0592383961165572,1.0652955,1.0645665000000002,1.0691527864805166,1.0698946038834432,1.0,1.0
-8862,63065,63068,1.0634026687167095,1.0650922960763012,1.0650922960763012,1.0606898670626579,-14.9734776607013,0.0,-0.0015888876427503362,2023-03-10 13:45:00+00:00,2023-03-10 14:30:00+00:00,0 days 00:45:00,A_short,0.0016746565994610837,0.0020697542367454904,63.61525337945645,78.01674879249927,1.0570450350580458,1.0555550209796463,1.0594875,1.0603515,1.061929964941954,1.0651479790203535,1.0,1.0
-8817,63069,63072,1.067142326432742,1.0693097542367453,1.0693097542367453,1.0635144423738583,-19.110210947897656,0.0,-0.0020310578545306157,2023-03-10 14:45:00+00:00,2023-03-10 15:30:00+00:00,0 days 00:45:00,A_short,0.0020764536718460786,0.001952861842087664,73.80864945682737,80.22668404698935,1.0553792260150408,1.0545037686879337,1.0607769999999999,1.062171,1.066174773984959,1.0698382313120662,1.0,1.0
8793,63147,63147,1.0681777504438708,1.0668212350563642,1.0668212350563642,1.0703457768985443,-11.927839802345401,0.0,-0.0012699341349723392,2023-03-13 09:15:00+00:00,2023-03-13 09:15:00+00:00,0 days 00:00:00,A_long,0.0012909296178177233,0.0012909296178177233,23.537952751773716,23.537952751773716,1.0686151446796606,1.0686151446796606,1.0715915,1.0715915,1.0745678553203395,1.0745678553203395,1.0,1.0
8790,63148,63149,1.0671376552633023,1.0693436733120718,1.0657290703821825,1.0693436733120718,19.390898648684082,0.0,0.002067229131957893,2023-03-13 09:30:00+00:00,2023-03-13 09:45:00+00:00,0 days 00:15:00,A_long,0.0013521390021086826,0.0015025204684941968,25.37155653924441,24.68104659560572,1.0678214119759442,1.067119170941512,1.0713374999999998,1.0711,1.0748535880240555,1.075080829058488,1.0,1.0
8776,63340,63340,1.0710380121904344,1.0699035150801908,1.0699035150801908,1.0728616728556564,-9.95634663949787,0.0,-0.001059250089474828,2023-03-15 09:30:00+00:00,2023-03-15 09:30:00+00:00,0 days 00:00:00,A_long,0.0015089535971678618,0.0015089535971678618,10.755871042027096,10.755871042027096,1.0700134936986254,1.0700134936986254,1.0731075,1.0731075,1.0762015063013748,1.0762015063013748,1.0,1.0
8797,63341,63344,1.0673476744824557,1.065741046402832,1.065741046402832,1.0699661164749024,-14.13350721644916,0.0,-0.0015052528037807766,2023-03-15 09:45:00+00:00,2023-03-15 10:30:00+00:00,0 days 00:45:00,A_long,0.001487759784212142,0.001807664665456003,16.94539337734183,9.968538092592468,1.0689711219613225,1.0653766289791982,1.0727725000000001,1.0715365000000001,1.0765738780386778,1.077696371020802,1.0,1.0
8813,63345,63346,1.0638073505024435,1.061902335334544,1.061902335334544,1.0669637963978205,-16.788898674697645,0.0,-0.0017907520257306464,2023-03-15 10:45:00+00:00,2023-03-15 11:00:00+00:00,0 days 00:15:00,A_long,0.001858642710061858,0.0018414903487202782,8.905004868702036,7.71826285780071,1.0638160076069194,1.0621810835273997,1.0709810000000002,1.070376,1.078145992393081,1.0785709164726003,1.0,1.0
-8802,63431,63433,1.0630427016638295,1.0613581873340774,1.0641610070366239,1.0613581873340774,14.82709513047834,0.0,0.0015846158645514974,2023-03-16 08:15:00+00:00,2023-03-16 08:45:00+00:00,0 days 00:30:00,A_short,0.0011048727650739964,0.0011682822102111732,65.51403383868754,51.71382934270738,1.0588093344738132,1.0590068151777534,1.0607245,1.060952,1.062639665526187,1.0628971848222464,1.0,1.0
-8783,63560,63569,1.0670223374151155,1.0682943900472506,1.0682943900472506,1.0650060979149492,-11.172438268042008,0.0,-0.0011921518299389255,2023-03-17 16:30:00+00:00,2023-03-17 18:45:00+00:00,0 days 02:15:00,A_short,0.001159138040950432,0.0008680884526855487,73.65868704518067,78.74837357977545,1.0607073687455666,1.062373973038942,1.0635835,1.065712,1.0664596312544334,1.0690500269610579,1.0,0.0
8806,63624,63625,1.0632372983361704,1.0655412948956169,1.0618370583913241,1.0655412948956169,20.288993702485563,0.0,0.0021669636336609788,2023-03-20 08:30:00+00:00,2023-03-20 08:45:00+00:00,0 days 00:15:00,A_long,0.0013878827275191834,0.001388165030516626,42.87985492003836,50.19213056045004,1.0640386125799306,1.0640102631602208,1.0663525,1.0663114999999999,1.0686663874200695,1.0686127368397789,1.0,1.0
8693,64007,64007,1.0793187699741915,1.078045860249148,1.078045860249148,1.0813334515515336,-11.065404239802785,0.0,-0.0011793640215057577,2023-03-24 08:15:00+00:00,2023-03-24 08:15:00+00:00,0 days 00:00:00,A_long,0.001386921117405163,0.001386921117405163,18.902837326685585,18.902837326685585,1.0800662341546636,1.0800662341546636,1.08262,1.08262,1.0851737658453362,1.0851737658453362,1.0,1.0
8688,64008,64008,1.0787487178079183,1.077253078882595,1.077253078882595,1.0811364580113292,-12.994110983209172,0.0,-0.0013864571986352825,2023-03-24 08:30:00+00:00,2023-03-24 08:30:00+00:00,0 days 00:00:00,A_long,0.0015499983017511416,0.0015499983017511416,15.149022013079716,15.149022013079716,1.0788714546284317,1.0788714546284317,1.0823509999999998,1.0823509999999998,1.085830545371568,1.085830545371568,1.0,1.0
8687,64009,64013,1.0773085860194387,1.0756500016982489,1.0756500016982489,1.079989996943152,-14.408121998175927,0.0,-0.001539562890998658,2023-03-24 08:45:00+00:00,2023-03-24 09:45:00+00:00,0 days 01:00:00,A_long,0.0015019985281843262,0.001895918616562399,24.061562000304363,14.783908591690064,1.078149868731762,1.0745523798075034,1.0821064999999999,1.080808,1.0860631312682376,1.0870636201924966,1.0,1.0
8712,64014,64027,1.0726681613676714,1.0759726535098122,1.0706640813834376,1.0759726535098122,28.788735542330574,0.0,0.003080628530940599,2023-03-24 10:00:00+00:00,2023-03-24 13:15:00+00:00,0 days 03:15:00,A_long,0.0018191294676874108,0.0015191035349278823,17.00191890075159,54.706121427496775,1.0732549117647285,1.0710607375498702,1.0802745,1.074833,1.0872940882352715,1.0786052624501297,1.0,1.0
-8625,64391,64392,1.0865705482034667,1.0877536008313209,1.0877536008313209,1.0846915185036223,-10.203828915242742,0.0,-0.0010887950440128247,2023-03-30 08:15:00+00:00,2023-03-30 08:30:00+00:00,0 days 00:15:00,A_short,0.0011104540538114452,0.0011890601799699238,68.70140301721719,74.94176196138362,1.0824550597855411,1.0822406495616426,1.084295,1.084488,1.0861349402144589,1.0867353504383572,1.0,1.0
-8610,64393,64406,1.087300481394029,1.08858906017997,1.08858906017997,1.085259691676054,-11.094663346951219,0.0,-0.0011851174610801873,2023-03-30 08:45:00+00:00,2023-03-30 12:00:00+00:00,0 days 03:15:00,A_short,0.0011171854893072726,0.0008315284848170185,73.50822826266715,69.39663567099376,1.0822016926104365,1.0847890338511441,1.0846885,1.086857,1.0871753073895634,1.0889249661488558,1.0,1.0
-8576,64409,64410,1.090300206834697,1.0914373702841516,1.0914373702841516,1.0885327334885273,-9.752313742522489,0.0,-0.001042981962514622,2023-03-30 12:45:00+00:00,2023-03-30 13:00:00+00:00,0 days 00:15:00,A_short,0.0010030542462645938,0.001039980346762641,80.80972616324453,78.1715030220163,1.0850046168037306,1.084912668336834,1.087634,1.0878419999999998,1.0902633831962694,1.0907713316631655,1.0,1.0
-8563,64608,64609,1.0908101601596105,1.088433719676851,1.0922390446239718,1.088433719676851,20.34945985386989,0.0,0.002178601345638187,2023-04-03 14:30:00+00:00,2023-04-03 14:45:00+00:00,0 days 00:15:00,A_short,0.0014885053407754307,0.001424704628672034,60.593736225996985,60.93377723929732,1.0845886039806771,1.0848947219905485,1.0872285,1.0874105,1.0898683960193227,1.0899262780094516,1.0,1.0
-8545,64704,64705,1.0954597345926456,1.096922435802138,1.096922435802138,1.0930516155561514,-12.498781835113798,0.0,-0.0013352395923857951,2023-04-04 14:30:00+00:00,2023-04-04 14:45:00+00:00,0 days 00:15:00,A_short,0.0013421110285196608,0.0013964962247170285,77.7195174838503,81.09380971359197,1.0876651568867313,1.0872202711760133,1.0914935,1.0916845,1.0953218431132685,1.0961487288239866,1.0,1.0
-8523,64706,64710,1.0968296092105503,1.0944363067955094,1.0983464962247171,1.0944363067955094,20.39811648339339,0.0,0.0021820184237764106,2023-04-04 15:00:00+00:00,2023-04-04 16:00:00+00:00,0 days 01:00:00,A_short,0.0013476300614214361,0.0011566151542569442,78.18552037653878,62.13071576660091,1.086929736683801,1.0869253476471366,1.0918835,1.0925505000000002,1.096837263316199,1.0981756523528639,1.0,1.0
8585,64801,64809,1.091519886515476,1.090032494811243,1.090032494811243,1.0938895093397627,-12.769257780840865,0.0,-0.001362679436818448,2023-04-05 14:45:00+00:00,2023-04-05 16:45:00+00:00,0 days 02:00:00,A_long,0.001395171163589431,0.0009742147291335026,21.420895037269815,20.792345363586662,1.0917838190444051,1.089211855133796,1.0941125,1.092867,1.096441180955595,1.0965221448662041,1.0,1.0
8614,65080,65081,1.0862794069518422,1.0851372358248537,1.0851372358248537,1.0880289755152637,-9.83866208787942,0.0,-0.0010514524345016651,2023-04-10 12:30:00+00:00,2023-04-10 12:45:00+00:00,0 days 00:15:00,A_long,0.0010323956184602045,0.0011720762026655215,24.970912260611072,18.42234903530816,1.0868341047804784,1.0858616428606342,1.090141,1.0898024999999998,1.0934478952195217,1.0937433571393653,1.0,1.0
8616,65082,65086,1.0849792879761315,1.0837179237973344,1.0837179237973344,1.0869997371647977,-10.8679137645156,0.0,-0.0011625698230147696,2023-04-10 13:00:00+00:00,2023-04-10 14:00:00+00:00,0 days 01:00:00,A_long,0.0011397993756434356,0.0011086228141778175,23.18492745588091,21.778253801668285,1.0851719941021456,1.082653496365538,1.0894949999999999,1.0881210000000001,1.0938180058978542,1.0935885036344621,1.0,1.0
-8509,65273,65276,1.0971095835850126,1.098608496637874,1.098608496637874,1.0947207060518271,-12.754251166796946,0.0,-0.0013662382275099194,2023-04-12 12:45:00+00:00,2023-04-12 13:30:00+00:00,0 days 00:45:00,A_short,0.001430030419490631,0.0014892375797395242,73.10820803474601,71.64544629194219,1.0903021389887015,1.0896078169768724,1.092939,1.093703,1.0955758610112987,1.0977981830231278,1.0,1.0
-8439,65370,65372,1.104788880713122,1.1060298691638808,1.1060298691638808,1.102810235505015,-10.472701535952725,0.0,-0.0011232810833121665,2023-04-13 13:00:00+00:00,2023-04-13 13:30:00+00:00,0 days 00:30:00,A_short,0.0011658866086966901,0.0011774881638655153,78.60179085427778,84.55220531456295,1.100077617684913,1.0994374115158372,1.102101,1.10251,1.104124382315087,1.105582588484163,1.0,1.0
-8417,65373,65464,1.1064087324510827,1.1043805213050422,1.1076774881638656,1.1043805213050422,17.07145321622348,0.0,0.0018331481725992749,2023-04-13 13:45:00+00:00,2023-04-14 12:30:00+00:00,0 days 22:45:00,A_short,0.001149823075350102,0.0011942206005243518,83.7812383122681,21.30752097577279,1.0992844433108202,1.1039257421451083,1.1027595,1.10564,1.1062345566891796,1.1073542578548916,1.0,1.0
8464,65465,65470,1.1024508868266432,1.1011457793994757,1.1011457793994757,1.104489597080944,-11.046429263545683,0.0,-0.0011838236449009942,2023-04-14 12:45:00+00:00,2023-04-14 14:00:00+00:00,0 days 01:15:00,A_long,0.0012496578537877865,0.0013906259930948856,34.47343381763565,27.225379280629014,1.103576912261562,1.1014477040413677,1.1054860000000002,1.1046455,1.1073950877384384,1.1078432959586322,1.0,1.0
8525,65566,65566,1.0933000494206797,1.0921430133161487,1.0921430133161487,1.095102576030932,-9.863732791126733,0.0,-0.0010582969470678272,2023-04-17 14:00:00+00:00,2023-04-17 14:00:00+00:00,0 days 00:00:00,A_long,0.0011360551260043673,0.0011360551260043673,18.041189697149434,18.041189697149434,1.0931689858088849,1.0931689858088849,1.0967185,1.0967185,1.100268014191115,1.100268014191115,1.0,1.0
8524,65567,65568,1.0923099588161,1.0910639448739956,1.0910639448739956,1.0942448992268081,-10.621022842498249,0.0,-0.0011407146222991438,2023-04-17 14:15:00+00:00,2023-04-17 14:30:00+00:00,0 days 00:15:00,A_long,0.0010819144425371046,0.0011563258501988058,20.369931560316573,18.152940610256948,1.0924652534507275,1.0917078861918739,1.09646,1.0961485,1.1004547465492724,1.100589113808126,1.0,1.0
8508,65741,65748,1.0931200329471198,1.0918527111354497,1.0918527111354497,1.0951211199561908,-10.782373973689278,0.0,-0.0011593619853926818,2023-04-19 09:45:00+00:00,2023-04-19 11:30:00+00:00,0 days 01:45:00,A_long,0.0010863170159437004,0.0008837427564178636,28.276197282691882,28.854509234148992,1.0934508137226595,1.0914849576285701,1.0955895,1.0945529999999999,1.0977281862773405,1.0976210423714297,1.0,1.0
-8464,65759,65762,1.0973195643658595,1.0955567688434131,1.0984240173092148,1.0955567688434131,14.920301301986356,0.0,0.001606455931062456,2023-04-19 14:15:00+00:00,2023-04-19 15:00:00+00:00,0 days 00:45:00,A_short,0.0010154816679861555,0.0010536453998713016,65.10389023202278,51.18729527377327,1.091274435650154,1.091535978634729,1.0941939999999999,1.0946425000000002,1.0971135643498457,1.0977490213652714,1.0,1.0
-8444,66027,66029,1.1016791653396298,1.099961354189256,1.1028059143393023,1.099961354189256,14.505197353757627,0.0,0.0015592662586519923,2023-04-24 09:15:00+00:00,2023-04-24 09:45:00+00:00,0 days 00:30:00,A_short,0.0009617924273953021,0.001043746312132441,77.59237270384847,54.90778050592318,1.095905693603327,1.0958104618284863,1.098587,1.0988755,1.101268306396673,1.1019405381715135,1.0,1.0
8483,66143,66148,1.0984105170867422,1.0972482729273851,1.0972482729273851,1.1002771087307068,-9.859317203825958,0.0,-0.0010581145585164542,2023-04-25 14:15:00+00:00,2023-04-25 15:30:00+00:00,0 days 01:15:00,A_long,0.0010321634629329951,0.0010594120805172537,21.04572285904517,25.582906484120358,1.0987378562888992,1.096854207791983,1.1015865,1.1003479999999999,1.1044351437111009,1.1038417922080168,1.0,1.0
-8395,66236,66240,1.1086585265315834,1.1058384412554143,1.1103675326358808,1.1058384412554143,23.674615893439256,0.0,0.0025436915052569065,2023-04-26 13:30:00+00:00,2023-04-26 14:30:00+00:00,0 days 01:00:00,A_short,0.0015751949510968736,0.0015002821332993006,68.36234219004174,49.42567748120959,1.102493133075759,1.1024763375673028,1.1050330000000002,1.1055115,1.1075728669242413,1.1085466624326972,1.0,1.0
8475,66329,66332,1.1010707605293504,1.0996006398976703,1.0996006398976703,1.1034348481841934,-12.459272353488515,0.0,-0.001335173618608576,2023-04-27 12:45:00+00:00,2023-04-27 13:30:00+00:00,0 days 00:45:00,A_long,0.0014601120886857943,0.0015470655581756036,29.22725411248537,22.213517471242113,1.101752781441314,1.0998366965108408,1.10402,1.103262,1.106287218558686,1.1066873034891591,1.0,1.0
8464,66810,66810,1.1010207559533614,1.1040743748645372,1.099183125075257,1.1040743748645372,25.845830464192286,0.0,0.0027734435474213726,2023-05-04 13:00:00+00:00,2023-05-04 13:00:00+00:00,0 days 00:00:00,A_long,0.0022152916014438473,0.0022152916014438473,45.20931662179252,45.20931662179252,1.1019398993737735,1.1019398993737735,1.1051199999999999,1.1051199999999999,1.1083001006262263,1.1083001006262263,1.0,1.0
8516,66905,66907,1.0973204173301851,1.0993299813026391,1.0960944548318672,1.0993299813026391,17.113446789418248,0.0,0.0018313374477652022,2023-05-05 12:45:00+00:00,2023-05-05 13:15:00+00:00,0 days 00:30:00,A_long,0.0012734724790485774,0.001300163773152028,16.341477011413716,30.45949020013802,1.0986368107463431,1.0978042768909422,1.101868,1.1014685,1.105099189253657,1.1051327231090577,1.0,1.0
-8515,67193,67194,1.0993093822415023,1.1006147619929347,1.1006147619929347,1.0972414284127174,-11.115308583446986,0.0,-0.0011874543895646905,2023-05-10 12:45:00+00:00,2023-05-10 13:00:00+00:00,0 days 00:15:00,A_short,0.0013001270605434124,0.001350776785804278,77.19259284144016,74.85275937203329,1.092931397198987,1.0926056611010138,1.0957219999999999,1.0959265,1.0985126028010128,1.0992473388989863,1.0,1.0
8553,67267,67270,1.0933500539966687,1.092262615537773,1.092262615537773,1.0950832920320084,-9.300861138934883,0.0,-0.0009945931359500726,2023-05-11 07:15:00+00:00,2023-05-11 08:00:00+00:00,0 days 00:45:00,A_long,0.0009943998672633212,0.001074096743222957,15.088008518740722,16.85568512553624,1.0935043774217064,1.0919720905568624,1.0968125,1.0960800000000002,1.1001206225782936,1.100187909443138,1.0,1.0
8563,67293,67303,1.0909798370947963,1.0928102927468164,1.089823170696213,1.0928102927468164,15.67419174824823,0.0,0.0016778088739883845,2023-05-11 13:45:00+00:00,2023-05-11 16:15:00+00:00,0 days 02:30:00,A_long,0.0010405853966154554,0.0008172539452808316,23.237202235847093,57.15300279552151,1.09090128691235,1.0901078295577498,1.092548,1.0920345,1.0941947130876502,1.0939611704422503,1.0,1.0
8706,68825,68825,1.0748783636263797,1.0737678992097202,1.0737678992097202,1.076601781422504,-9.667703211437763,0.0,-0.001033107051213733,2023-06-02 12:45:00+00:00,2023-06-02 12:45:00+00:00,0 days 00:00:00,A_long,0.0010678206849092332,0.0010678206849092332,29.17340176079159,29.17340176079159,1.075056889689266,1.075056889689266,1.0764745,1.0764745,1.077892110310734,1.077892110310734,1.0,1.0
8713,68832,68838,1.072908183332418,1.0714795631563407,1.0714795631563407,1.0752047863185867,-12.447567594162095,0.0,-0.0013315400127158483,2023-06-02 14:30:00+00:00,2023-06-02 16:00:00+00:00,0 days 01:30:00,A_long,0.0012957119311713804,0.0010053569431691127,32.16969295299529,28.124377367158857,1.0731003017757752,1.0710280950421582,1.0757180000000002,1.0743595,1.0783356982242251,1.0776909049578416,1.0,1.0
-8711,68927,68986,1.0715119264913147,1.0727669398306472,1.0727669398306472,1.069527508304835,-10.9324211989257,0.0,-0.001171254662038157,2023-06-05 14:15:00+00:00,2023-06-06 05:00:00+00:00,0 days 14:45:00,A_short,0.0011293478532276855,0.0004225636552929739,73.49786605675116,76.72115997638232,1.066901816684374,1.0710238354016672,1.068983,1.071838,1.071064183315626,1.072652164598333,1.0,0.0
-8572,69689,69689,1.0876404502773047,1.0852130376802471,1.0891438679554182,1.0852130376802471,20.80778078197764,0.0,0.0022318152992918394,2023-06-15 12:45:00+00:00,2023-06-15 12:45:00+00:00,0 days 00:00:00,A_short,0.001603352228029187,0.001603352228029187,64.72814196487391,64.72814196487391,1.0813239948819189,1.0813239948819189,1.083961,1.083961,1.086598005118081,1.086598005118081,1.0,1.0
-8538,70080,70080,1.0943498361795982,1.0955096407585225,1.0955096407585225,1.0925426466346593,-9.902411494855535,0.0,-0.0010598115342834724,2023-06-21 14:30:00+00:00,2023-06-21 14:30:00+00:00,0 days 00:00:00,A_short,0.0011796886573862946,0.0011796886573862946,76.4259797002913,76.4259797002913,1.0901985450901015,1.0901985450901015,1.0923055000000002,1.0923055000000002,1.0944124549098988,1.0944124549098988,1.0,1.0
-8518,70081,70089,1.0957997034759213,1.0970796886573864,1.0970796886573864,1.093776560416705,-10.902913775719757,0.0,-0.0011680831610054732,2023-06-21 14:45:00+00:00,2023-06-21 16:45:00+00:00,0 days 02:00:00,A_short,0.0011237301697348012,0.0008503886611732435,71.37531606683223,75.80294090578798,1.0900063542436056,1.0901734162730452,1.0924960000000001,1.0939655,1.0949856457563947,1.0977575837269546,1.0,1.0
8570,70244,70244,1.088009565281057,1.086866441579574,1.086866441579574,1.089844405156767,-9.796570121710793,0.0,-0.0010506559298381069,2023-06-23 07:30:00+00:00,2023-06-23 07:30:00+00:00,0 days 00:00:00,A_long,0.0012697506310360954,0.0012697506310360954,7.116890851657985,7.116890851657985,1.0888812930446745,1.0888812930446745,1.0925585,1.0925585,1.0962357069553255,1.0962357069553255,1.0,1.0
8571,70245,70249,1.0867994545421265,1.0854202493689638,1.0854202493689638,1.088975551135865,-11.821167539177509,0.0,-0.0012690521396551135,2023-06-23 07:45:00+00:00,2023-06-23 08:45:00+00:00,0 days 01:00:00,A_long,0.0012231172135646203,0.0012444968046739279,9.395328771896644,9.881776837805418,1.0878249339867732,1.0845094173847112,1.0922085,1.0906705,1.0965920660132267,1.096831582615289,1.0,1.0
8549,70650,70650,1.0882095835850125,1.0867817411246645,1.0867817411246645,1.090472865975604,-12.206625193515004,0.0,-0.0013121024496439704,2023-06-29 13:00:00+00:00,2023-06-29 13:00:00+00:00,0 days 00:00:00,A_long,0.0013864910252907496,0.0013864910252907496,19.617673633169773,19.617673633169773,1.0885049837139287,1.0885049837139287,1.0918435,1.0918435,1.0951820162860713,1.0951820162860713,1.0,1.0
8545,70651,70719,1.087319502132411,1.0858235089747093,1.0858235089747093,1.0897056838455235,-12.78326153256067,0.0,-0.0013758542496182802,2023-06-29 13:15:00+00:00,2023-06-30 06:15:00+00:00,0 days 17:00:00,A_long,0.0013109588885852925,0.00054316439125525,19.362046657150643,31.734322316250157,1.0877108683252523,1.0860604006251213,1.0916324999999998,1.086834,1.0955541316747472,1.0876075993748788,1.0,0.0
-8504,71225,71225,1.090920150092435,1.0923312528577551,1.0923312528577551,1.0886597448560411,-12.000017916281982,0.0,-0.0012934977552669924,2023-07-07 12:45:00+00:00,2023-07-07 12:45:00+00:00,0 days 00:00:00,A_short,0.0014164191433876782,0.0014164191433876782,72.15149467930073,72.15149467930073,1.0865790787259044,1.0865790787259044,1.0886575,1.0886575,1.0907359212740957,1.0907359212740957,1.0,1.0
-8463,71233,71237,1.0947098032324785,1.0962499102453582,1.0962499102453582,1.0922181615583553,-13.033925650001457,0.0,-0.0014068632694546057,2023-07-07 14:45:00+00:00,2023-07-07 15:45:00+00:00,0 days 01:00:00,A_short,0.001395922212643705,0.0011232314926482823,85.30383270134152,88.60650311024158,1.0865756388356502,1.0867800753502295,1.0904975000000001,1.0918315,1.09441936116435,1.0968829246497707,1.0,1.0
-8365,71513,71514,1.1060987608222137,1.1074684829214891,1.1074684829214891,1.1039167307413198,-11.457725360439046,0.0,-0.0012383361665257997,2023-07-12 12:45:00+00:00,2023-07-12 13:00:00+00:00,0 days 00:15:00,A_short,0.001418018531957189,0.0015129493943628926,72.2836729933804,78.57759196519288,1.1003637373243058,1.099729713309852,1.1026685,1.102904,1.1049732626756943,1.1060782866901482,1.0,1.0
-8343,71515,71516,1.1075686262881408,1.1091829493943628,1.1091829493943628,1.1049466910901469,-13.46829767521018,0.0,-0.0014575377704875159,2023-07-12 13:15:00+00:00,2023-07-12 13:30:00+00:00,0 days 00:15:00,A_short,0.0014525561417811817,0.0014042153228770288,80.0253080767551,80.404767644623,1.0992797164140515,1.0989892709166142,1.103194,1.1034849999999998,1.1071082835859485,1.1079807290833854,1.0,1.0
8245,71999,72001,1.1193924371716726,1.1182569697507594,1.1182569697507594,1.1212054544486332,-9.361928885429286,0.0,-0.0010143604541247297,2023-07-19 14:15:00+00:00,2023-07-19 14:45:00+00:00,0 days 00:30:00,A_long,0.0010446262160084664,0.0011193859133574646,27.427027307252004,30.886262708848434,1.1195655334536012,1.1189178427434934,1.1215534999999999,1.1211205,1.1235414665463985,1.1233231572565066,1.0,1.0
8269,72096,72100,1.1149620317390587,1.1136367724545007,1.1136367724545007,1.1170618095818987,-10.958569024010655,0.0,-0.0011886138243568656,2023-07-20 14:30:00+00:00,2023-07-20 15:30:00+00:00,0 days 01:00:00,A_long,0.0011894638727660673,0.000981364497186596,20.468438236706703,21.745278706004626,1.1150266059444576,1.1128857768649019,1.119011,1.117661,1.1229953940555424,1.1224362231350982,1.0,1.0
8312,72261,72276,1.1079613911006168,1.110506950647225,1.1064050274182082,1.110506950647225,21.158690951407177,0.0,0.0022975164721936725,2023-07-24 07:45:00+00:00,2023-07-24 11:30:00+00:00,0 days 03:45:00,A_long,0.0014256429042194675,0.0009491602820106265,26.64012598596777,60.70662784092818,1.1091515376662662,1.1052985612088415,1.1121915000000002,1.109287,1.1152314623337343,1.1132754387911583,1.0,1.0
8320,72568,72568,1.109401522889096,1.1081227462156593,1.1081227462156593,1.1114470568118133,-10.639421922994075,0.0,-0.0011526725419545025,2023-07-27 12:30:00+00:00,2023-07-27 12:30:00+00:00,0 days 00:00:00,A_long,0.0013489532797618857,0.0013489532797618857,21.187819249175107,21.187819249175107,1.109970952272068,1.109970952272068,1.1131425,1.1131425,1.1163140477279319,1.1163140477279319,1.0,1.0
8319,72569,72569,1.1082014130653635,1.1067510467202382,1.1067510467202382,1.1105281159035716,-12.065597625097354,0.0,-0.0013087569895020579,2023-07-27 12:45:00+00:00,2023-07-27 12:45:00+00:00,0 days 00:00:00,A_long,0.0016410928424603142,0.0016410928424603142,16.276471423982983,16.276471423982983,1.1083178288429614,1.1083178288429614,1.1127955,1.1127955,1.1172731711570387,1.1172731711570387,1.0,1.0
8325,72570,72570,1.1060112126370507,1.1042589071575397,1.1042589071575397,1.1088539671164288,-14.587943116929042,0.0,-0.0015843469392439191,2023-07-27 13:00:00+00:00,2023-07-27 13:00:00+00:00,0 days 00:00:00,A_long,0.0018422804634656037,0.0018422804634656037,12.932926090408856,12.932926090408856,1.1063531606351953,1.1063531606351953,1.1123395,1.1123395,1.1183258393648048,1.1183258393648048,1.0,1.0
8329,72571,72572,1.1037810085479471,1.1018377195365343,1.1018377195365343,1.1069961048342383,-16.18565417605746,0.0,-0.0017605747846388686,2023-07-27 13:15:00+00:00,2023-07-27 13:30:00+00:00,0 days 00:15:00,A_long,0.0018193097350035314,0.002000735103669722,11.498257658759911,8.855158773594866,1.1044494805605636,1.1020570838049688,1.111799,1.1110855000000002,1.1191485194394364,1.1201139161950315,1.0,1.0
8346,72573,72593,1.0996006259952775,1.0974892648963304,1.0974892648963304,1.1030913231866055,-17.621419731813013,0.0,-0.0019201163122620768,2023-07-27 13:45:00+00:00,2023-07-27 18:45:00+00:00,0 days 05:00:00,A_long,0.002057970423180417,0.0010475077163940357,18.039851887155876,26.24756527259784,1.1004618437673614,1.097732697869754,1.110431,1.0992235000000001,1.1204001562326384,1.1007143021302463,1.0,0.0
-8320,72659,72664,1.1006992550290118,1.1019204025196976,1.1019204025196976,1.0988112754645445,-10.159947122505883,0.0,-0.0011094288336315206,2023-07-28 11:15:00+00:00,2023-07-28 12:30:00+00:00,0 days 01:15:00,A_short,0.0011063488504044912,0.0012784850485112159,80.15898365046914,63.05339669979971,1.0937338111481874,1.0937827703415761,1.097324,1.098381,1.1009141888518126,1.102979229658424,1.0,1.0
8366,72959,72959,1.093640080537404,1.0925229069315503,1.0925229069315503,1.0953987675232095,-9.346274386572283,0.0,-0.0010215185285681327,2023-08-02 14:15:00+00:00,2023-08-02 14:15:00+00:00,0 days 00:00:00,A_long,0.00114081399265635,0.00114081399265635,16.34090467380068,16.34090467380068,1.0934895580050186,1.0934895580050186,1.0966445,1.0966445,1.0997994419949815,1.0997994419949815,1.0,1.0
8370,72960,72964,1.0920599359361558,1.0940234651867815,1.0908291860073438,1.0940234651867815,16.43473982773716,0.0,0.001798005023362137,2023-08-02 14:30:00+00:00,2023-08-02 15:30:00+00:00,0 days 01:00:00,A_long,0.0011700387936355071,0.0011249643058770223,17.126334840615286,39.8566490081691,1.0926670764661242,1.0913668977446669,1.096355,1.0954975,1.1000429235338758,1.0996281022553331,1.0,1.0
-8339,73145,73145,1.0978495158603774,1.0992447128721219,1.0992447128721219,1.0956755168301804,-11.63454788093746,0.0,-0.0012708454042091866,2023-08-04 12:45:00+00:00,2023-08-04 12:45:00+00:00,0 days 00:00:00,A_short,0.0013567511558390363,0.0013567511558390363,83.11078845854458,83.11078845854458,1.0922137562128795,1.0922137562128795,1.0947545,1.0947545,1.0972952437871206,1.0972952437871206,1.0,1.0
-8321,73146,73146,1.09875943257738,1.100246751155839,1.100246751155839,1.0964478479194897,-12.375977891357028,0.0,-0.0013536344120115285,2023-08-04 13:00:00+00:00,2023-08-04 13:00:00+00:00,0 days 00:00:00,A_short,0.0016491843350604906,0.0016491843350604906,89.28186556388069,89.28186556388069,1.09102089046702,1.09102089046702,1.095111,1.095111,1.09920110953298,1.09920110953298,1.0,1.0
-8286,73147,73155,1.1019791378836965,1.1037491843350606,1.1037491843350606,1.0991314681968911,-14.666604896003246,0.0,-0.001606243158798204,2023-08-04 13:15:00+00:00,2023-08-04 15:15:00+00:00,0 days 02:00:00,A_short,0.0016012930903857602,0.001349265370820363,89.29533301537457,79.69546798949627,1.0903824937452933,1.091127714216453,1.095478,1.098728,1.1005735062547066,1.1063282857835468,1.0,1.0
8302,73549,73608,1.0983605125107536,1.1002938296645723,1.0971300946307931,1.1002938296645723,16.05039901100306,0.0,0.001760184503901474,2023-08-10 17:45:00+00:00,2023-08-11 08:30:00+00:00,0 days 14:45:00,A_long,0.001184584653312689,0.0006517192760449665,25.91217441870927,67.29240970976574,1.0985905649106946,1.0982380639233442,1.101458,1.0991865,1.1043254350893055,1.100134936076656,1.0,1.0
8389,73724,73725,1.0887896366664835,1.0876438405339686,1.0876438405339686,1.0905450870388569,-9.612083755668131,0.0,-0.0010523576767529352,2023-08-14 13:30:00+00:00,2023-08-14 13:45:00+00:00,0 days 00:15:00,A_long,0.000991338203893897,0.0009938264433747047,11.716490193225582,11.65096037940738,1.0887092754226855,1.087942414096245,1.0931260000000003,1.0928025,1.097542724577315,1.0976625859037548,1.0,1.0
8431,74373,74381,1.0822890417879303,1.0809931684608887,1.0809931684608887,1.0844282967704002,-10.92550802028789,0.0,-0.0011973449577765694,2023-08-23 07:45:00+00:00,2023-08-23 09:45:00+00:00,0 days 02:00:00,A_long,0.0012392540005630908,0.0009395397040876185,21.559604792058153,25.84951259126707,1.083065757986377,1.079797798552313,1.0854804999999998,1.083995,1.0878952420136228,1.088192201447687,1.0,1.0
-8399,74400,74404,1.0848707037870884,1.0860204592782787,1.0860204592782787,1.0830511732990982,-9.65679637050767,0.0,-0.0010598087746094276,2023-08-23 14:30:00+00:00,2023-08-23 15:30:00+00:00,0 days 01:00:00,A_short,0.0010510647078416392,0.000988087686334097,72.33291904245746,73.16720048210993,1.078887586648809,1.0789370262042952,1.0818305000000001,1.082677,1.0847734133511913,1.0864169737957046,1.0,1.0
-8405,74591,74591,1.0830308721834787,1.0809358065897945,1.0843645518945586,1.0809358065897945,17.60902631491587,0.0,0.0019344467895549,2023-08-25 14:15:00+00:00,2023-08-25 14:15:00+00:00,0 days 00:00:00,A_short,0.001751944975284218,0.001751944975284218,42.41609375586775,42.41609375586775,1.0784707123666504,1.0784707123666504,1.080383,1.080383,1.0822952876333498,1.0822952876333498,1.0,1.0
-8417,74783,74788,1.0834508337451723,1.085051914118344,1.085051914118344,1.081014554586981,-13.47629350098567,0.0,-0.0014777600637743138,2023-08-29 14:15:00+00:00,2023-08-29 15:30:00+00:00,0 days 01:15:00,A_short,0.0014376589025648142,0.0014122698889349756,74.10929821241224,70.6774183523213,1.0776391747649376,1.0769426822457608,1.0805894999999999,1.081322,1.083539825235062,1.085701317754239,1.0,1.0
-8343,74873,74876,1.0914800988413595,1.092732293261578,1.092732293261578,1.0895338721291599,-10.447058047882111,0.0,-0.0011472443900237828,2023-08-30 12:45:00+00:00,2023-08-30 13:30:00+00:00,0 days 00:45:00,A_short,0.0011446541600342516,0.0010603511672874857,79.64692470632636,81.8316161493835,1.0854599471671755,1.0858873243798095,1.088441,1.0894035,1.0914220528328245,1.0929196756201904,1.0,1.0
-8312,74878,74882,1.0943698343492028,1.0923914521790312,1.0956403043449825,1.0923914521790312,16.444312598465878,0.0,0.0018077820751958296,2023-08-30 14:00:00+00:00,2023-08-30 15:00:00+00:00,0 days 01:00:00,A_short,0.001149597098984829,0.0010980472640810797,81.19156323697278,62.03558588883398,1.0858332068873437,1.0864332864199555,1.0900945,1.0910265,1.0943557931126562,1.0956197135800443,1.0,1.0
8512,75360,75370,1.07069798107371,1.072739627548819,1.069411318028434,1.072739627548819,17.37849479612747,0.0,0.0019068369523416173,2023-09-06 14:30:00+00:00,2023-09-06 17:00:00+00:00,0 days 02:30:00,A_long,0.0011115243753571826,0.0007421416627556275,28.908748283235724,57.15853391766736,1.071264940672416,1.0699804057864521,1.073414,1.072155,1.0755630593275842,1.0743295942135478,1.0,1.0
8533,75928,75928,1.0700879252466458,1.0689150570710606,1.0689150570710606,1.0721488972720912,-10.008084142268094,0.0,-0.0010960484161287587,2023-09-14 12:30:00+00:00,2023-09-14 12:30:00+00:00,0 days 00:00:00,A_long,0.001606283871747636,0.001606283871747636,10.503214200575727,10.503214200575727,1.0701871735701296,1.0701871735701296,1.0728755,1.0728755,1.0755638264298706,1.0755638264298706,1.0,1.0
8540,75929,75933,1.0681477476982775,1.0664437161282523,1.0664437161282523,1.0709413109691457,-14.55242960801511,0.0,-0.0015953144812570486,2023-09-14 12:45:00+00:00,2023-09-14 13:45:00+00:00,0 days 01:00:00,A_long,0.0016414460221812895,0.0019068080955954303,9.854940237341978,26.70233854656422,1.0690873110877868,1.0662387178474473,1.072591,1.0713849999999998,1.0760946889122134,1.0765312821525523,1.0,1.0
8572,76484,76484,1.0623772196291617,1.0643901882075102,1.0611076732180498,1.0643901882075102,17.25516665360368,0.0,0.0018947776186797327,2023-09-22 07:30:00+00:00,2023-09-22 07:30:00+00:00,0 days 00:00:00,A_long,0.001406683211023464,0.001406683211023464,45.08794203810726,45.08794203810726,1.0635842110343552,1.0635842110343552,1.0651745,1.0651745,1.0667647889656446,1.0667647889656446,1.0,1.0
8680,76799,76811,1.0511461918620613,1.050017735984308,1.050017735984308,1.0528800752282457,-9.794997018899014,0.0,-0.0010735479864645292,2023-09-27 14:15:00+00:00,2023-09-27 17:15:00+00:00,0 days 03:00:00,A_long,0.0010952954802664443,0.0009257886085325742,28.96543831039348,27.16917207729699,1.0513376506824526,1.0487148576199423,1.0541414999999998,1.051735,1.0569453493175471,1.0547551423800579,1.0,1.0
8681,77087,77108,1.0499460820383284,1.048788777409767,1.048788777409767,1.0517882006624193,-10.04656148054099,0.0,-0.001102251485442518,2023-10-02 14:15:00+00:00,2023-10-02 19:30:00+00:00,0 days 05:15:00,A_long,0.0011643929115351885,0.0006111025432178088,32.44888892439651,34.53194444770587,1.0509027033080842,1.0483982560936238,1.053033,1.0496345,1.055163296691916,1.0508707439063762,1.0,0.0
8664,77465,77465,1.0508561653213258,1.049348498479285,1.049348498479285,1.053300702737287,-13.062425519441877,0.0,-0.0014347033321918667,2023-10-06 12:45:00+00:00,2023-10-06 12:45:00+00:00,0 days 00:00:00,A_long,0.0015646346512863834,0.0015646346512863834,20.621132541550125,20.621132541550125,1.0515790032005232,1.0515790032005232,1.0548994999999999,1.0548994999999999,1.0582199967994765,1.0582199967994765,1.0,1.0
8661,77466,77471,1.049746063734373,1.0524363423723153,1.0480553653487137,1.0524363423723153,23.300503283218745,0.0,0.0025627899269009546,2023-10-06 13:00:00+00:00,2023-10-06 14:15:00+00:00,0 days 01:15:00,A_long,0.0016426833644482119,0.0016795663465824866,28.119386285864508,51.3950325689147,1.0508438162465386,1.0492007263107852,1.054686,1.053885,1.0585281837534615,1.0585692736892147,1.0,1.0
-8574,77758,77766,1.062802723628576,1.060822461279033,1.0640697437338706,1.060822461279033,16.978769384982296,0.0,0.0018632454598743742,2023-10-11 14:00:00+00:00,2023-10-11 16:00:00+00:00,0 days 02:00:00,A_short,0.0011504445693546034,0.0009073925379199953,63.551427950328176,44.06196894203006,1.0591025564248804,1.0595110635595892,1.060753,1.0613439999999998,1.0624034435751197,1.0631769364404104,1.0,1.0
8628,77849,77850,1.058426858126041,1.0570985453357347,1.0570985453357347,1.0604346183956774,-11.460682754762917,0.0,-0.0012549877963774492,2023-10-12 12:45:00+00:00,2023-10-12 13:00:00+00:00,0 days 00:15:00,A_long,0.0012085940423633163,0.0012514481700482117,19.201580125040365,16.643670021999867,1.0593179431335193,1.0584263742005027,1.0616984999999999,1.0614620000000001,1.0640790568664804,1.0644976257994976,1.0,1.0
8625,77851,77852,1.0574267666062636,1.0560885518299516,1.0560885518299516,1.0595926067060868,-11.542102445690205,0.0,-0.001265538965508517,2023-10-12 13:15:00+00:00,2023-10-12 13:30:00+00:00,0 days 00:15:00,A_long,0.001225921747375125,0.0013251321810584453,16.350094118064135,12.01621772271561,1.0576954344299563,1.0565742828332378,1.0611955,1.0608545,1.0646955655700436,1.0651347171667622,1.0,1.0
8630,77853,77866,1.0554765881426975,1.0540648678189417,1.0540648678189417,1.057775237925905,-12.1831463940126,0.0,-0.0013375193155539256,2023-10-12 13:45:00+00:00,2023-10-12 17:00:00+00:00,0 days 03:15:00,A_long,0.0012764478902506622,0.0010090996694916423,11.233478386305705,27.18063135173452,1.0555641185437037,1.0524697885844996,1.0604705,1.056112,1.0653768814562965,1.0597542114155003,1.0,1.0
-8584,78343,78344,1.059523023813446,1.0568133212073083,1.0611948215514955,1.0568133212073083,23.260087171086766,0.0,0.0025574740191911527,2023-10-19 16:15:00+00:00,2023-10-19 16:30:00+00:00,0 days 00:15:00,A_short,0.0016935120112959816,0.0019210437431231935,64.50196643555674,46.43786325796479,1.0555013400116942,1.0556165346335495,1.0572320000000002,1.057266,1.0589626599883062,1.0589154653664505,1.0,1.0
8609,78625,78691,1.0593269404938406,1.0580385229449818,1.0580385229449818,1.0613746586990325,-11.091986678125219,0.0,-0.0012162605326152542,2023-10-24 14:45:00+00:00,2023-10-25 07:15:00+00:00,0 days 16:30:00,A_long,0.001147280114348947,0.000566150776979826,29.82897376150339,27.866491002741753,1.0596387872270916,1.0587543411879696,1.062111,1.05995,1.0645832127729085,1.0611456588120303,1.0,1.0
-8537,79086,79096,1.0667123657862465,1.06486149621051,1.0679391687719388,1.06486149621051,15.800873568061952,0.0,0.0017351158898136765,2023-10-31 10:00:00+00:00,2023-10-31 12:30:00+00:00,0 days 02:30:00,A_short,0.001191279602347039,0.0010531065790190292,72.10161720966325,36.30941113908842,1.0580011230648967,1.062092880032369,1.062259,1.0648769999999999,1.0665168769351034,1.0676611199676307,1.0,1.0
8602,79100,79102,1.060777073197518,1.059570469583969,1.059570469583969,1.062649154748856,-10.379204283748173,0.0,-0.0011374714292342603,2023-10-31 13:30:00+00:00,2023-10-31 14:00:00+00:00,0 days 00:30:00,A_long,0.0010769263605602164,0.0012292469108207914,27.467135504978486,35.78060669000837,1.0608071374684236,1.0598121980711022,1.0645725,1.0642070000000001,1.0683378625315763,1.068601801928898,1.0,1.0
-8510,79385,79389,1.0707319978767411,1.0721319996579695,1.0721319996579695,1.068486400615655,-11.914015158253207,0.0,-0.0013075183930288947,2023-11-03 12:45:00+00:00,2023-11-03 13:45:00+00:00,0 days 01:00:00,A_short,0.0013363997035735714,0.0012962692727656994,90.2094783043294,85.04745362143967,1.0602986756040116,1.060348357598639,1.0647575,1.0664500000000001,1.0692163243959885,1.0725516424013612,1.0,1.0
-8431,80057,80058,1.079491196163491,1.0813959458276985,1.0813959458276985,1.0763112975101428,-16.058944418933482,0.0,-0.001764488372834272,2023-11-14 13:45:00+00:00,2023-11-14 14:00:00+00:00,0 days 00:15:00,A_short,0.0017618197173387689,0.001981577088360255,84.90457941320773,89.08476879088903,1.0682167491196228,1.0673290790630605,1.072721,1.073299,1.0772252508803772,1.0792689209369395,1.0,1.0
-8396,80059,80063,1.082020964618454,1.0840915770883601,1.0840915770883601,1.0785431612409515,-17.384862297331964,0.0,-0.001913652819690359,2023-11-14 14:15:00+00:00,2023-11-14 15:15:00+00:00,0 days 01:00:00,A_short,0.0019000334765788705,0.001723613948139611,83.0870781204271,86.59523738906168,1.0670122845119816,1.066259520476327,1.0738225000000001,1.076082,1.0806327154880186,1.085904479523673,1.0,1.0
8341,80635,80638,1.0873595057932017,1.0860775657711441,1.0860775657711441,1.0893883816119403,-10.692661723982566,0.0,-0.0011789477309277485,2023-11-22 14:15:00+00:00,2023-11-22 15:00:00+00:00,0 days 00:45:00,A_long,0.0011714429983417309,0.0013322785977353544,32.04480848724869,26.24631888610753,1.0880894526263187,1.0865590223852049,1.0900525,1.0895355,1.0920155473736814,1.0925119776147951,1.0,1.0
8345,80639,80647,1.0854793337360202,1.0877781014759238,1.0840477214022646,1.0877781014759238,19.183216789495226,0.0,0.0021177443627522496,2023-11-22 15:15:00+00:00,2023-11-22 17:15:00+00:00,0 days 02:00:00,A_long,0.001293308118037298,0.0009442951472584157,32.642097195863,52.870976164214966,1.086027931868058,1.0846695172678897,1.0893504999999999,1.0880865,1.0926730681319419,1.0915034827321102,1.0,1.0
8309,81189,81195,1.0925599816960445,1.0914416747892939,1.0914416747892939,1.0942929853792709,-9.292012088191004,0.0,-0.0010235656856245612,2023-11-30 08:45:00+00:00,2023-11-30 10:15:00+00:00,0 days 01:30:00,A_long,0.000947881849278678,0.0010527050887053611,17.595619871616634,23.92948881400585,1.0931321291610006,1.0905323477771909,1.0963344999999998,1.094979,1.099536870838999,1.099425652222809,1.0,1.0
8362,81310,81310,1.0844992440466383,1.0862345147029195,1.083365269609489,1.0862345147029195,14.510333227823454,0.0,0.0016000662663500087,2023-12-01 15:00:00+00:00,2023-12-01 15:00:00+00:00,0 days 00:00:00,A_long,0.0011867663384428333,0.0011867663384428333,24.50173959957104,24.50173959957104,1.0845979931577703,1.0845979931577703,1.0878675000000002,1.0878675000000002,1.0911370068422301,1.0911370068422301,1.0,1.0
8385,81403,81403,1.0831991250709276,1.082015256391458,1.082015256391458,1.0850245384953758,-9.926738877352797,0.0,-0.0010929372560120054,2023-12-04 14:15:00+00:00,2023-12-04 14:15:00+00:00,0 days 00:00:00,A_long,0.0010834444607364345,0.0010834444607364345,22.916837737179875,22.916837737179875,1.0836128518824024,1.0836128518824024,1.0863835,1.0863835,1.0891541481175975,1.0891541481175975,1.0,1.0
8383,81404,81405,1.082299042703128,1.0841502000293255,1.0811165555392637,1.0841502000293255,15.518251865513225,0.0,0.0017103935725324426,2023-12-04 14:30:00+00:00,2023-12-04 14:45:00+00:00,0 days 00:15:00,A_long,0.0011083185326382571,0.0011178760616198174,32.96112851120412,39.039320374979624,1.083147655606223,1.0828903631737796,1.0861560000000001,1.0859809999999999,1.0891643443937773,1.08907163682622,1.0,1.0
8456,81786,81786,1.0747883553895996,1.0733546119392048,1.0733546119392048,1.0770936985094313,-12.123734616538597,0.0,-0.0013339774693363893,2023-12-08 14:00:00+00:00,2023-12-08 14:00:00+00:00,0 days 00:00:00,A_long,0.001405336319355782,0.001405336319355782,15.228654056263935,15.228654056263935,1.0750546706859898,1.0750546706859898,1.0775885,1.0775885,1.0801223293140103,1.0801223293140103,1.0,1.0
8453,81787,81790,1.0736782538026466,1.0761196053748405,1.0721846636806442,1.0761196053748405,20.63674483975537,0.0,0.002273820451841546,2023-12-08 14:15:00+00:00,2023-12-08 15:00:00+00:00,0 days 00:45:00,A_long,0.0014152914767750012,0.00156484011095545,20.131385499573966,55.143805758651,1.0743964565287576,1.0737849725956379,1.077384,1.077069,1.0803715434712422,1.0803530274043622,1.0,1.0
-8294,82171,82173,1.0965696330056924,1.0985371543480051,1.0985371543480051,1.0933091221735909,-16.31862201314158,0.0,-0.001794251165719185,2023-12-14 14:15:00+00:00,2023-12-14 14:45:00+00:00,0 days 00:30:00,A_short,0.0019502004349378549,0.00200401721557554,64.36011535116084,75.96681785366624,1.0891391130587793,1.0885734820637207,1.0923465,1.0931380000000002,1.095553886941221,1.0977025179362796,1.0,1.0
-8261,82174,82244,1.0989994106126333,1.095472769011964,1.1010840172155756,1.095472769011964,29.13358626312808,0.0,0.0032089567715993805,2023-12-14 15:00:00+00:00,2023-12-15 08:30:00+00:00,0 days 17:30:00,A_short,0.0018981482534987926,0.0010827191421809532,74.81864820022498,22.001279286556112,1.0885018987896766,1.096542945557396,1.0935545000000002,1.0988825,1.0986071012103238,1.101222054442604,1.0,1.0
8317,82245,82261,1.0952602287994433,1.094077280857819,1.094077280857819,1.0971088944559255,-9.8385780304895,0.0,-0.0010800610763718188,2023-12-15 08:45:00+00:00,2023-12-15 12:45:00+00:00,0 days 04:00:00,A_long,0.0010476899232234986,0.0008574161882383666,27.30761151843666,29.043016462057594,1.0959770105927498,1.0941118865890676,1.0986680000000002,1.0961785000000002,1.1013589894072506,1.0982451134109328,1.0,1.0
8337,82265,82282,1.091509885600278,1.0901399901139082,1.0901399901139082,1.0937520177949651,-11.420818669865845,0.0,-0.0012550463394259692,2023-12-15 13:45:00+00:00,2023-12-15 18:00:00+00:00,0 days 04:15:00,A_long,0.0013246752346128396,0.0009138066839321024,21.563808076319248,31.794748612999143,1.0924170768131047,1.0898030448283562,1.0954065,1.0914455,1.0983959231868952,1.093087955171644,1.0,0.0
8207,83069,83070,1.107421341679937,1.109344573728258,1.1061952368176347,1.109344573728258,15.783965420569624,0.0,0.0017366759840509172,2023-12-28 14:00:00+00:00,2023-12-28 14:15:00+00:00,0 days 00:15:00,A_long,0.00121346142471674,0.0011623332347544927,33.44439229034403,34.62747992413462,1.1088437608053927,1.108463647570401,1.111693,1.1115435,1.1145422391946074,1.114623352429599,1.0,1.0
8276,83246,83249,1.1000906708399685,1.0989629126078797,1.0989629126078797,1.1018667573058167,-9.333327128766673,0.0,-0.001025150255321794,2024-01-02 10:15:00+00:00,2024-01-02 11:00:00+00:00,0 days 00:45:00,A_long,0.0009801424065042459,0.0010500778865451523,33.09563944121274,28.231141285019447,1.1006353581158241,1.0995460289883647,1.1026335,1.1021895,1.104631641884176,1.1048329710116351,1.0,1.0
8275,83250,83250,1.0990705774897955,1.0978999221134549,1.0978999221134549,1.1008401401957815,-9.687173239218843,0.0,-0.0010651321219191656,2024-01-02 11:15:00+00:00,2024-01-02 11:15:00+00:00,0 days 00:00:00,A_long,0.0010914008350058025,0.0010914008350058025,24.71536034745131,24.71536034745131,1.098775374053624,1.098775374053624,1.1019315,1.1019315,1.1050876259463762,1.1050876259463762,1.0,1.0
8273,83251,83252,1.0981304914612047,1.096948599164994,1.096948599164994,1.1000045215030103,-9.777794966550077,0.0,-0.0010762767315912747,2024-01-02 11:30:00+00:00,2024-01-02 11:45:00+00:00,0 days 00:15:00,A_long,0.001077880723671672,0.0010181632938488,21.63871774983022,21.02328787415489,1.0978992209757257,1.0971225102727922,1.101619,1.101321,1.1053387790242741,1.1055194897272078,1.0,1.0
-8291,83551,83553,1.0944498270276206,1.096015564450979,1.096015564450979,1.0919399839882378,-12.981528977064622,0.0,-0.0014306159905117521,2024-01-05 14:30:00+00:00,2024-01-05 15:00:00+00:00,0 days 00:30:00,A_short,0.0014441558575152575,0.001912099288533677,69.19736236682823,85.18660689774708,1.0899181063981558,1.0887616084882676,1.0918225,1.0923794999999998,1.093726893601844,1.095997391511732,1.0,1.0
-8249,83554,83561,1.0984194636941043,1.0950882212806392,1.1004420992885338,1.0950882212806392,27.479418668673215,0.0,0.0030327598186049576,2024-01-05 15:15:00+00:00,2024-01-05 17:00:00+00:00,0 days 01:45:00,A_short,0.0019224860500625116,0.0015841809241934,80.76268831799663,48.63249233760679,1.0884769509817687,1.0895656261971527,1.0927609999999999,1.0946925,1.097045049018231,1.0998193738028474,1.0,1.0
8309,83933,83935,1.0940701198909084,1.0966763220893039,1.0924198210614977,1.0966763220893039,21.65493406646795,0.0,0.002382116238267562,2024-01-11 14:00:00+00:00,2024-01-11 14:30:00+00:00,0 days 00:30:00,A_long,0.0015454884133686607,0.0017344335193746768,32.15207179148187,38.471847389363106,1.094441844567411,1.0942341656496435,1.0970435,1.0969605,1.0996451554325892,1.0996868343503565,1.0,1.0
-8296,84032,84039,1.098099492980433,1.096172377429319,1.0993109014281561,1.096172377429319,15.987350612041931,0.0,0.0017549553236596571,2024-01-12 14:45:00+00:00,2024-01-12 16:30:00+00:00,0 days 01:45:00,A_short,0.0011207812377353626,0.0010624191723124276,64.55377221892968,48.88776898489563,1.0934709418307167,1.0933520226879987,1.095594,1.0961124999999998,1.0977170581692832,1.098872977312001,1.0,1.0
8432,84708,84723,1.082439055515897,1.0842269660584625,1.0812761299675209,1.0842269660584625,15.075661694912732,0.0,0.0016517424546487192,2024-01-23 15:45:00+00:00,2024-01-23 19:30:00+00:00,0 days 03:45:00,A_long,0.0010666873614818433,0.0006171793902823455,24.81270049639309,57.33522725884116,1.0832017437262116,1.082202203431398,1.0859855,1.0836080000000001,1.0887692562737885,1.0850137965686022,1.0,0.0
8414,84894,84897,1.0865194289165887,1.084984674332493,1.084984674332493,1.0889755862015131,-12.91342507058205,0.0,-0.001412542236475356,2024-01-25 14:15:00+00:00,2024-01-25 15:00:00+00:00,0 days 00:45:00,A_long,0.0014539489118395536,0.001399237262018251,29.3842612035903,20.409570414806467,1.0871568691851052,1.0854082480139147,1.088896,1.0882855,1.090635130814895,1.0911627519860854,1.0,1.0
8416,84898,84900,1.0847892705873738,1.0832907627379817,1.0832907627379817,1.0872086270716326,-12.611442060483867,0.0,-0.001381381518071878,2024-01-25 15:15:00+00:00,2024-01-25 15:45:00+00:00,0 days 00:30:00,A_long,0.00139533896041583,0.0013076990413790088,19.322155361807546,15.298388048944673,1.084753670488032,1.0833364987794294,1.0880295,1.0874295,1.091305329511968,1.0915225012205707,1.0,1.0
-8408,85382,85383,1.084150769681328,1.0853388244455158,1.0853388244455158,1.0822341159980717,-9.989164457291174,0.0,-0.0010958390635438242,2024-02-01 16:15:00+00:00,2024-02-01 16:30:00+00:00,0 days 00:15:00,A_short,0.0010863145194469422,0.0011108059168540008,75.3581265724471,79.49208154553382,1.0800343184307142,1.0798006727942264,1.0821245,1.0823874999999998,1.0842146815692857,1.0849743272057732,1.0,1.0
-8385,85384,85385,1.0859006095217176,1.087100805916854,1.087100805916854,1.0839905493496627,-10.063646773219265,0.0,-0.0011052543709917373,2024-02-01 16:45:00+00:00,2024-02-01 17:00:00+00:00,0 days 00:15:00,A_short,0.0010600317946068167,0.001084027555325925,81.0193675077579,82.54944026284971,1.0796367594120748,1.0794783895828814,1.0826685,1.082955,1.0857002405879252,1.0864316104171183,1.0,1.0
8401,85468,85468,1.0828590939542033,1.0813269889077943,1.0813269889077943,1.0853954199659703,-12.871214494881954,0.0,-0.0014148701848311074,2024-02-02 13:45:00+00:00,2024-02-02 13:45:00+00:00,0 days 00:00:00,A_long,0.001581942946578376,0.001581942946578376,13.287161257341793,13.287161257341793,1.083618450522445,1.083618450522445,1.08784,1.08784,1.0920615494775547,1.0920615494775547,1.0,1.0
8405,85469,85473,1.0808089063386597,1.0791380570534215,1.0791380570534215,1.0835674973038412,-14.043488242427038,0.0,-0.001545924793401543,2024-02-02 14:00:00+00:00,2024-02-02 15:00:00+00:00,0 days 01:00:00,A_long,0.0015963505537012848,0.0015477026797878935,12.72961064604226,18.188976618259872,1.0821098938864093,1.0781714820675103,1.0874285,1.085581,1.0927471061135905,1.0929905179324895,1.0,1.0
8462,86140,86141,1.0718380854062561,1.0700710568070364,1.0700710568070364,1.0747160977473347,-14.952596006597382,0.0,-0.001648596577485839,2024-02-13 13:45:00+00:00,2024-02-13 14:00:00+00:00,0 days 00:15:00,A_long,0.0016617507672352372,0.0015455173316038814,19.51806331590342,19.45668198845209,1.0727809742251884,1.071732734923233,1.076971,1.076705,1.0811610257748114,1.081677265076767,1.0,1.0
8456,86142,86306,1.07087799754727,1.0735919311968871,1.0692644826683961,1.0735919311968871,22.949022941162532,0.0,0.002534307041355932,2024-02-13 14:15:00+00:00,2024-02-15 07:15:00+00:00,1 days 17:00:00,A_long,0.001508781687390015,0.0003880488834261899,28.78102336636455,71.90027742193034,1.0711050909441902,1.0722699238715714,1.076493,1.0729185,1.0818809090558097,1.0735670761284288,1.0,1.0
-8374,87395,87457,1.0838507971372613,1.0849894082627998,1.0849894082627998,1.0820510651269601,-9.534729565259232,0.0,-0.00105052386227511,2024-03-01 15:30:00+00:00,2024-03-04 07:00:00+00:00,2 days 15:30:00,A_short,0.0010254871610932345,0.000280063910279424,66.59537191591741,74.80731062737253,1.0799544128930214,1.0841161577260425,1.0816750000000002,1.084487,1.083395587106979,1.0848578422739574,1.0,1.0
-8265,87868,87870,1.0970995845002105,1.0948575108819765,1.098516938398902,1.0948575108819765,18.530738454704263,0.0,0.0020436372868151143,2024-03-08 13:45:00+00:00,2024-03-08 14:15:00+00:00,0 days 00:30:00,A_short,0.001400679945714956,0.001389132937003703,65.22405574890121,61.47123383581513,1.0915817942129464,1.0915667302465903,1.0936295,1.0938430000000001,1.0956772057870536,1.09611926975341,1.0,1.0
8331,88064,88088,1.0907098123844563,1.0925549119377918,1.0895294933678936,1.0925549119377918,15.371524378837632,0.0,0.0016916502743307138,2024-03-12 13:45:00+00:00,2024-03-12 19:45:00+00:00,0 days 06:00:00,A_long,0.0010844390811588546,0.00036819494339537047,29.227009532584347,63.779409044738365,1.090957508221795,1.0910648875137186,1.0927825,1.0918649999999999,1.094607491778205,1.0926651124862812,1.0,0.0
8420,89789,89789,1.0810289264730106,1.0798368301881716,1.0798368301881716,1.082897705661291,-10.037450718344992,0.0,-0.0011027422630849326,2024-04-05 13:00:00+00:00,2024-04-05 13:00:00+00:00,0 days 00:00:00,A_long,0.001246080503584631,0.001246080503584631,19.72026407935482,19.72026407935482,1.080773246492273,1.080773246492273,1.083329,1.083329,1.085884753507727,1.085884753507727,1.0,1.0
8425,89790,89794,1.0792587644830045,1.0813829449064523,1.0778939194964154,1.0813829449064523,17.896220067547315,0.0,0.00196818454790626,2024-04-05 13:15:00+00:00,2024-04-05 14:15:00+00:00,0 days 01:00:00,A_long,0.0012292697697733482,0.0011830596324838968,29.967534613946285,48.857495894258236,1.0802266653495078,1.0791287977331714,1.0831235,1.082471,1.086020334650492,1.0858132022668285,1.0,1.0
8450,90076,90077,1.0781686647264475,1.0765367081073847,1.0765367081073847,1.0808299254067077,-13.790033431080584,0.0,-0.001513637589789174,2024-04-10 12:45:00+00:00,2024-04-10 13:00:00+00:00,0 days 00:15:00,A_long,0.001590186306933298,0.001620828132675516,11.919060271187902,10.05037141797672,1.0804300725252103,1.0786519604179523,1.085256,1.0848005,1.0900819274747897,1.0909490395820478,1.0,1.0
8449,90078,90081,1.0766185228707923,1.0748691718673244,1.0748691718673244,1.0794074906388158,-14.780266628299842,0.0,-0.0016248568701968669,2024-04-10 13:15:00+00:00,2024-04-10 14:00:00+00:00,0 days 00:45:00,A_long,0.001526051048318776,0.0014836901194537708,17.555266050712618,17.085918857491507,1.0774431088075669,1.0736528844565234,1.0843785000000001,1.0828475000000002,1.0913138911924334,1.092042115543477,1.0,1.0
8484,90180,90191,1.0704479581937656,1.0725597197497527,1.0691068223612485,1.0725597197497527,17.916185040994854,0.0,0.0019727830202511676,2024-04-11 14:45:00+00:00,2024-04-11 17:30:00+00:00,0 days 02:45:00,A_long,0.0011580872869180528,0.0007533300276002534,30.764129402049477,54.75112421534658,1.0705865230945966,1.0694866409153905,1.0729465,1.072248,1.0753064769054035,1.0750093590846097,1.0,1.0
-8503,90945,90991,1.0700420610253876,1.0713485845051134,1.0713485845051134,1.0679085478907957,-11.109369148108634,0.0,-0.001221001984234027,2024-04-23 14:00:00+00:00,2024-04-24 01:30:00+00:00,0 days 11:30:00,A_short,0.0012607732377648941,0.00034282273889884197,69.83924094928254,66.24537351108857,1.0645018923112277,1.069717050962669,1.0668419999999998,1.0703965,1.069182107688772,1.071075949037331,1.0,0.0
8500,91132,91133,1.0692178456244394,1.067995233812101,1.067995233812101,1.0710885791382179,-10.392200404876428,0.0,-0.0011434637172786921,2024-04-25 12:45:00+00:00,2024-04-25 13:00:00+00:00,0 days 00:15:00,A_long,0.0010881306961789533,0.0012283799366884303,21.450190247230765,16.706655502995574,1.0700162624757814,1.0691434926739163,1.0720830000000001,1.071856,1.0741497375242188,1.0745685073260836,1.0,1.0
8499,91134,91136,1.0680977431222887,1.070211083886039,1.0667716200633117,1.070211083886039,17.96128315111431,0.0,0.001978602405405816,2024-04-25 13:15:00+00:00,2024-04-25 13:45:00+00:00,0 days 00:30:00,A_long,0.0012405959451299714,0.00129209206545318,27.437510805221294,42.57737186785236,1.0686504639796865,1.0683194085901138,1.071673,1.071414,1.0746955360203136,1.0745085914098864,1.0,1.0
-8425,91708,91711,1.079451199824282,1.0773655265571895,1.0807791519126726,1.0773655265571895,17.571797275253587,0.0,0.001932160775245717,2024-05-03 12:45:00+00:00,2024-05-03 13:30:00+00:00,0 days 00:45:00,A_short,0.0013165983243162349,0.0013284760054882146,86.67681892840005,68.8230726104687,1.0718561160210742,1.0716880112598128,1.0749385,1.075596,1.0780208839789258,1.0795039887401872,1.0,1.0
-8422,92382,92452,1.0818809774312228,1.083057173231039,1.083057173231039,1.0800410881841296,-9.905921026052072,0.0,-0.0010871767083000528,2024-05-14 13:15:00+00:00,2024-05-15 06:45:00+00:00,0 days 17:30:00,A_short,0.001074883466900548,0.00031678621496808587,71.41703888934079,69.6480992787834,1.0778202340891843,1.082005878948691,1.079625,1.082452,1.0814297659108159,1.082898121051309,1.0,0.0
-8378,92478,92479,1.0863805655922243,1.0846160423464744,1.087531087585292,1.0846160423464744,14.783175752892983,0.0,0.00162422202829815,2024-05-15 13:15:00+00:00,2024-05-15 13:30:00+00:00,0 days 00:15:00,A_short,0.0010796092405863263,0.0010849946751748175,68.0878950646992,56.595086669465694,1.080658008200361,1.080705940789131,1.0834175,1.0835009999999998,1.086176991799639,1.0862960592108686,1.0,1.0
8417,94108,94112,1.083359139714092,1.0818911304307135,1.0818911304307135,1.0857239652247155,-12.35623413819713,0.0,-0.0013550532132547977,2024-06-07 12:45:00+00:00,2024-06-07 13:45:00+00:00,0 days 01:00:00,A_long,0.0013970202933815859,0.0011932119822078175,14.461961125728322,15.328807417342588,1.0850111122875556,1.081332974666147,1.088609,1.0873475000000001,1.0922068877124442,1.0933620253338532,1.0,1.0
-8419,94396,94396,1.0813910222759138,1.0827037687862782,1.0827037687862782,1.0793332161846991,-11.052012870757826,0.0,-0.001213942490110087,2024-06-12 12:45:00+00:00,2024-06-12 12:45:00+00:00,0 days 00:00:00,A_short,0.0012445996147744524,0.0012445996147744524,94.74849035657414,94.74849035657414,1.0721417552803474,1.0721417552803474,1.07622,1.07622,1.0802982447196525,1.0802982447196525,1.0,1.0
-8400,94397,94402,1.0825409170281697,1.0838945996147744,1.0838945996147744,1.0804097206934058,-11.370933727479748,0.0,-0.0012504678255680357,2024-06-12 13:00:00+00:00,2024-06-12 14:15:00+00:00,0 days 01:15:00,A_short,0.0012066529994712017,0.0013584657542487532,94.88828137585841,81.19113189135419,1.0716425893682235,1.0715580333618788,1.076601,1.078707,1.0815594106317763,1.0858559666381213,1.0,1.0
-8335,96412,96415,1.0896202690681456,1.0877252265444366,1.090828207475313,1.0877252265444366,15.795179435114337,0.0,0.001739177011941595,2024-07-11 12:45:00+00:00,2024-07-11 13:30:00+00:00,0 days 00:45:00,A_short,0.0011591131452713906,0.0013251708385662994,73.09790761538002,59.98711492933273,1.0825234652744031,1.0825820374882733,1.0852735,1.0859065,1.0880235347255969,1.089230962511727,1.0,1.0
-8375,97948,97948,1.0863505683378176,1.087513515511886,1.087513515511886,1.0845636720786052,-9.739682582822818,0.0,-0.0010705081839721409,2024-08-02 12:45:00+00:00,2024-08-02 12:45:00+00:00,0 days 00:00:00,A_short,0.0013597134436344855,0.0013597134436344855,90.19480998287045,90.19480998287045,1.078906664803886,1.078906664803886,1.0827445,1.0827445,1.086582335196114,1.086582335196114,1.0,1.0
-8345,97949,97952,1.0890003258104075,1.0904597134436345,1.0904597134436345,1.086652515801458,-12.178589799278894,0.0,-0.0013401168012883158,2024-08-02 13:00:00+00:00,2024-08-02 13:45:00+00:00,0 days 00:45:00,A_short,0.0013050849844832217,0.0012653605069362073,90.28666348060004,89.39609087024164,1.0785591886353725,1.0783060090974528,1.0831745,1.0844619999999998,1.0877898113646274,1.0906179909025469,1.0,1.0
-8262,98044,98044,1.098499456372522,1.0999351420023513,1.0999351420023513,1.0962247443957678,-11.861634673648922,0.0,-0.0013069516070314258,2024-08-05 12:45:00+00:00,2024-08-05 12:45:00+00:00,0 days 00:00:00,A_short,0.001487123068704411,0.001487123068704411,72.8481758483837,72.8481758483837,1.0932571479127586,1.0932571479127586,1.0958845,1.0958845,1.0985118520872412,1.0985118520872412,1.0,1.0
8327,98336,98340,1.0887396320904947,1.0905181900307634,1.0875810055384647,1.0905181900307634,14.81005196861755,0.0,0.001633593457835092,2024-08-08 13:45:00+00:00,2024-08-08 14:45:00+00:00,0 days 01:00:00,A_long,0.0010597951999972268,0.0009417661374246128,28.822542463179374,46.14783024599652,1.0888284499358134,1.088214109767684,1.0918545,1.0912250000000001,1.0948805500641865,1.0942358902323162,1.0,1.0
-8224,98720,98729,1.1040189511833507,1.1019181130494546,1.1053432705280808,1.1019181130494546,17.277292813161154,0.0,0.0019029004272473893,2024-08-14 13:45:00+00:00,2024-08-14 16:00:00+00:00,0 days 02:15:00,A_short,0.001165501124336786,0.0008186915231051645,65.49957861708542,44.01226389426534,1.1012384107979838,1.101142911088415,1.1024155,1.102695,1.1035925892020162,1.104247088911585,1.0,1.0
8299,98812,98813,1.09622031665843,1.0950774934017355,1.0950774934017355,1.0979685118768758,-9.48429020730639,0.0,-0.0010425123848990525,2024-08-15 12:45:00+00:00,2024-08-15 13:00:00+00:00,0 days 00:15:00,A_long,0.001065505718495866,0.0010527716226964058,10.583833301001548,9.89370159846544,1.0974075519940953,1.096370006609961,1.1005449999999999,1.1002474999999998,1.1036824480059044,1.1041249933900386,1.0,1.0
8297,98814,98818,1.0953602379514211,1.0971349889208537,1.0941872283773035,1.0971349889208537,14.725108793382127,0.0,0.001620244105949853,2024-08-15 13:15:00+00:00,2024-08-15 14:15:00+00:00,0 days 01:00:00,A_long,0.0010937354063368888,0.0009964313469706034,19.85712728466312,40.64353416410825,1.0957061340409988,1.094339996390559,1.1000005,1.0991870000000001,1.104294865959001,1.1040340036094414,1.0,1.0
8197,99298,99342,1.110571629967236,1.1123233827115262,1.1094247873824854,1.1123233827115262,14.359117244947518,0.0,0.0015773433221430988,2024-08-22 14:15:00+00:00,2024-08-23 01:15:00+00:00,0 days 11:00:00,A_long,0.0010545176018460273,0.00034917805005497114,24.979317433335325,73.2736677251707,1.1110149775611498,1.110735977191827,1.1132430000000002,1.1115030000000001,1.1154710224388507,1.1122700228081732,1.0,0.0
-8165,99394,99395,1.1164178163381107,1.1177960417156843,1.1177960417156843,1.1142511249117684,-11.253210207888397,0.0,-0.0012345067925323416,2024-08-23 14:15:00+00:00,2024-08-23 14:30:00+00:00,0 days 00:15:00,A_short,0.0014172361535930795,0.0014469379997806805,83.64154415037726,85.16750653380952,1.1089064508013546,1.1083640345843904,1.1120975000000002,1.1123725,1.1152885491986457,1.1163809654156096,1.0,1.0
-8147,99396,99398,1.1175477129207623,1.1191069379997807,1.1191069379997807,1.115055511600395,-12.703006718762907,0.0,-0.0013952201422731125,2024-08-23 14:45:00+00:00,2024-08-23 15:15:00+00:00,0 days 00:30:00,A_short,0.0014246795998099162,0.001359337121634998,83.02743233284134,86.7895070874922,1.1080907181719175,1.107495382683745,1.112661,1.1134025,1.1172312818280823,1.1193096173162551,1.0,1.0
8201,99754,99754,1.108841471638021,1.1076333932208402,1.1076333932208402,1.1107598922024873,-9.907451099300124,0.0,-0.0010894960624048267,2024-08-29 08:15:00+00:00,2024-08-29 08:15:00+00:00,0 days 00:00:00,A_long,0.001218392541938493,0.001218392541938493,19.55855245406788,19.55855245406788,1.1096877049914984,1.1096877049914984,1.112703,1.112703,1.1157182950085016,1.1157182950085016,1.0,1.0
8198,99755,99778,1.1080714011677921,1.1067516074580614,1.1067516074580614,1.1101631065754891,-10.819668832372088,0.0,-0.0011910728030158912,2024-08-29 08:30:00+00:00,2024-08-29 14:15:00+00:00,0 days 05:45:00,A_long,0.0011612735363467032,0.001067655080542716,20.13881472312174,24.99338537560348,1.1088157368314817,1.106940546108414,1.112439,1.1088274999999999,1.1160622631685182,1.1107144538915856,1.0,1.0
8202,99779,99784,1.1061912291106109,1.1080017791449768,1.1050123449194573,1.1080017791449768,14.850131381869282,0.0,0.0016367423522438695,2024-08-29 14:30:00+00:00,2024-08-29 15:45:00+00:00,0 days 01:15:00,A_long,0.0010999677364703436,0.0008647203565791216,34.69641699048776,52.739887410159824,1.1066512122228795,1.1061851627926964,1.108715,1.1082775,1.1107787877771202,1.1103698372073036,1.0,1.0
-8202,100163,100163,1.1077386107297786,1.108903142541379,1.108903142541379,1.1059263434255178,-9.551489918745297,0.0,-0.0010512694965403302,2024-09-04 14:30:00+00:00,2024-09-04 14:30:00+00:00,0 days 00:00:00,A_short,0.0011080568691950437,0.0011080568691950437,79.39910049224345,79.39910049224345,1.103453943047425,1.103453943047425,1.1055169999999999,1.1055169999999999,1.1075800569525747,1.1075800569525747,1.0,1.0
-8188,100164,100176,1.1085685347683634,1.106675497635449,1.109778056869195,1.106675497635449,15.500188044303464,0.0,0.0017076410465772796,2024-09-04 14:45:00+00:00,2024-09-04 17:45:00+00:00,0 days 03:00:00,A_short,0.001116315953302357,0.0008416468690872769,80.66785506433094,43.60633943109321,1.1031487517777938,1.105119673554085,1.1057005,1.1073790000000001,1.1082522482222061,1.1096383264459153,1.0,1.0
-8167,100348,100349,1.1133181000494208,1.110741050138193,1.1148771943676705,1.110741050138193,21.046766624998003,0.0,0.0023147471608639947,2024-09-06 12:45:00+00:00,2024-09-06 13:00:00+00:00,0 days 00:15:00,A_short,0.0015229017853145366,0.0016198482139392469,57.897031153983534,45.47156735030805,1.1098015581215115,1.1097555467603637,1.111163,1.111127,1.1125244418784883,1.1124984532396363,1.0,1.0
8230,100352,100355,1.107461345340728,1.110649634785246,1.1055790917859747,1.110649634785246,26.239622128382134,0.0,0.0028789171359628885,2024-09-06 13:45:00+00:00,2024-09-06 14:30:00+00:00,0 days 00:45:00,A_long,0.001810787118822084,0.0019220027555709896,36.12748920351969,51.821136914894275,1.1082648957063361,1.1078076582955503,1.110638,1.1104135,1.113011104293664,1.1130193417044496,1.0,1.0
-8279,100735,100749,1.1038389676569105,1.1049410247313471,1.1049410247313471,1.1021101554835753,-9.12393051926118,0.0,-0.000998385730824447,2024-09-12 13:30:00+00:00,2024-09-12 17:00:00+00:00,0 days 03:30:00,A_short,0.0010148881005007505,0.0007558040578917898,72.38797206730108,67.513737346725,1.1006747799890013,1.1023020313344136,1.1021265,1.1036625,1.1035782200109987,1.1050229686655864,1.0,1.0
8217,101384,101384,1.1112216894550913,1.110119266656452,1.110119266656452,1.1129213200183865,-9.058608136417867,0.0,-0.0009920817862902886,2024-09-23 07:45:00+00:00,2024-09-23 07:45:00+00:00,0 days 00:00:00,A_long,0.0010593022310748542,0.0010593022310748542,6.097583455291343,6.097583455291343,1.1116718315432896,1.1116718315432896,1.1153849999999998,1.1153849999999998,1.11909816845671,1.11909816845671,1.0,1.0
8217,101385,101385,1.1102215979353138,1.1090706977689253,1.1090706977689253,1.1120367440159347,-9.456946667214504,0.0,-0.001036640044229764,2024-09-23 08:00:00+00:00,2024-09-23 08:00:00+00:00,0 days 00:00:00,A_long,0.001166061933598233,0.001166061933598233,4.770077036752795,4.770077036752795,1.1103119646608242,1.1103119646608242,1.114995,1.114995,1.1196780353391758,1.1196780353391758,1.0,1.0
8219,101386,101390,1.1088114688924278,1.110778911480477,1.1075139380664019,1.110778911480477,16.170410631175972,0.0,0.0017743707052511049,2024-09-23 08:15:00+00:00,2024-09-23 09:15:00+00:00,0 days 01:00:00,A_long,0.0011399203424517907,0.0010619343190274447,13.131266268776656,35.92091840791234,1.1093843736104665,1.1072540756865035,1.114637,1.1133665000000001,1.1198896263895337,1.1194789243134968,1.0,1.0
8181,101607,101608,1.1158221104460673,1.114715305637814,1.114715305637814,1.117528449851935,-9.054770136319457,0.0,-0.0009919186919595813,2024-09-25 15:30:00+00:00,2024-09-25 15:45:00+00:00,0 days 00:15:00,A_long,0.000944068447227887,0.0010355259875975049,19.95443070185833,14.608742903965265,1.1158117376730403,1.115023032192581,1.1186479999999999,1.1184285,1.1214842623269594,1.1218339678074192,1.0,1.0
8184,101609,101613,1.1144019804879834,1.1132844740124024,1.1132844740124024,1.1161839467776757,-9.145672996155435,0.0,-0.0010027857946660612,2024-09-25 16:00:00+00:00,2024-09-25 17:00:00+00:00,0 days 01:00:00,A_long,0.0009787891892511708,0.0008685791216632814,14.372322801690856,10.33594603754321,1.114344878795344,1.1118560528588741,1.118202,1.1170705,1.1220591212046558,1.122284947141126,1.0,1.0
8185,101767,101774,1.113171867918657,1.114905090878932,1.11205050506726,1.114905090878932,14.186429929850007,0.0,0.0015570129018043222,2024-09-27 07:30:00+00:00,2024-09-27 09:15:00+00:00,0 days 01:45:00,A_long,0.0010022289417080587,0.0008886229173357234,24.48162665556191,51.069564642124924,1.1136224406499633,1.1123570046772915,1.1160655,1.1150575,1.1185085593500366,1.1177579953227086,1.0,1.0
-8147,101789,101792,1.1198675005948784,1.1179659610733041,1.1210833549592754,1.1179659610733041,15.4918424822653,0.0,0.001698004023301114,2024-09-27 13:00:00+00:00,2024-09-27 13:45:00+00:00,0 days 00:45:00,A_short,0.0011209076313720978,0.001119915278851697,75.40885615826855,62.01547684567021,1.1128228341240494,1.113597214339884,1.1160625,1.1167719999999999,1.1193021658759505,1.1199467856601157,1.0,1.0
8200,101891,101892,1.1146320015375322,1.1164650126088083,1.1134238818839952,1.1164650126088083,15.030690784463951,0.0,0.0016444988738413269,2024-09-30 14:30:00+00:00,2024-09-30 14:45:00+00:00,0 days 00:15:00,A_long,0.0010666357005374317,0.0011790842737991179,19.595479069635758,35.26805179425972,1.115174049854522,1.1148682689639604,1.1182155,1.1180605,1.121256950145478,1.1212527310360394,1.0,1.0
8312,102180,102188,1.101440794391668,1.1033219280849846,1.1002233732861195,1.1033219280849846,15.635983258848087,0.0,0.001707884529876802,2024-10-03 14:45:00+00:00,2024-10-03 16:45:00+00:00,0 days 02:00:00,A_long,0.001080409818696372,0.0008623512430307591,31.261559755393293,54.369008450155626,1.1018907190806404,1.1009433283734846,1.1034905,1.1027204999999998,1.1050902809193595,1.104497671626515,1.0,1.0
8361,102268,102280,1.0969003788918785,1.0954935001148232,1.0954935001148232,1.0991796997933185,-11.762913454959905,0.0,-0.0012825948501145046,2024-10-04 12:45:00+00:00,2024-10-04 15:45:00+00:00,0 days 03:00:00,A_long,0.0012662999004866117,0.001057090825470751,11.40310238812802,29.724362273931447,1.0983095430025385,1.0928010959233951,1.1021815,1.098686,1.1060534569974614,1.104570904076605,1.0,1.0
8464,103134,103197,1.082079022568777,1.0840874752327365,1.0808091804262574,1.0840874752327365,16.999543347752674,0.0,0.001856105350967363,2024-10-17 13:15:00+00:00,2024-10-18 05:00:00+00:00,0 days 15:45:00,A_long,0.0012453769639102848,0.00017603601147405526,15.754468116609615,75.14175279655615,1.0825444159424225,1.0827924227123347,1.0854115,1.083593,1.0882785840575775,1.0843935772876654,1.0,0.0
-8418,104188,104189,1.0898402489337944,1.0879166920392442,1.0910796155337532,1.0879166920392442,16.192501938323154,0.0,0.0017649897738976073,2024-11-01 12:45:00+00:00,2024-11-01 13:00:00+00:00,0 days 00:15:00,A_short,0.00122300012925278,0.0012786001120190578,62.18379598876363,56.309665335560986,1.0843508904716126,1.084361377088474,1.0864280000000002,1.0865215,1.0885051095283877,1.088681622911526,1.0,1.0
-8499,104576,104582,1.0813410268519026,1.0790485685419045,1.0827374619211643,1.0790485685419045,19.483603176674155,0.0,0.002120014179682217,2024-11-07 14:45:00+00:00,2024-11-07 16:15:00+00:00,0 days 01:30:00,A_short,0.0012511336650090632,0.0013182969094732752,69.73533701942583,46.67063736586075,1.0737501523433581,1.0750191398597655,1.077426,1.078923,1.0811018476566419,1.0828268601402347,1.0,1.0
8600,104681,104681,1.0710680149360277,1.0699276831606122,1.0699276831606122,1.0728181703108979,-9.806853268573335,0.0,-0.0010646679384629376,2024-11-08 17:00:00+00:00,2024-11-08 17:00:00+00:00,0 days 00:00:00,A_long,0.0012213412608027122,0.0012213412608027122,15.311604137971074,15.311604137971074,1.0707217177423856,1.0707217177423856,1.0747585,1.0747585,1.0787952822576143,1.0787952822576143,1.0,1.0
8603,104682,104685,1.0695678776563613,1.0716784142694447,1.0682586587391973,1.0716784142694447,18.15694648235613,0.0,0.0019732610310885246,2024-11-08 17:15:00+00:00,2024-11-08 18:00:00+00:00,0 days 00:45:00,A_long,0.0011784957593623374,0.001162197091353817,18.716324837447857,38.57942490748986,1.0699648530770929,1.068986302348594,1.074389,1.0734665,1.0788131469229072,1.0779466976514063,1.0,0.0
8709,104961,104961,1.0586368773451942,1.056926734357886,1.056926734357886,1.061443878155805,-14.893635276466192,0.0,-0.0016154198138239595,2024-11-13 15:00:00+00:00,2024-11-13 15:00:00+00:00,0 days 00:00:00,A_long,0.0018314968898321003,0.0018314968898321003,21.15859261405018,21.15859261405018,1.0585922911464634,1.0585922911464634,1.061953,1.061953,1.0653137088535365,1.0653137088535365,1.0,1.0
8710,104962,105008,1.0567967089488037,1.0548585031101678,1.0548585031101678,1.0599866944016976,-16.88177285451877,0.0,-0.0018340384884087957,2024-11-13 15:15:00+00:00,2024-11-14 02:45:00+00:00,0 days 11:30:00,A_long,0.0016886306378544995,0.0005284949052721774,25.696470134977886,30.023115134989567,1.0577575900799057,1.0550109604614437,1.0616984999999999,1.05601,1.065639409920094,1.057009039538556,1.0,0.0
8721,105323,105326,1.0535364105943292,1.0561611232022055,1.0519438204432192,1.0561611232022055,22.89011865328854,0.0,0.0024913354502817953,2024-11-19 09:30:00+00:00,2024-11-19 10:15:00+00:00,0 days 00:45:00,A_long,0.0015080222825433625,0.001428214801406702,30.095900739516864,42.61248513867845,1.0549595014306912,1.0541711158900502,1.057843,1.057381,1.060726498569309,1.0605908841099496,1.0,1.0
8751,105441,105445,1.0526063254809364,1.0513274814952909,1.0513274814952909,1.0545825333084762,-11.191163718383628,0.0,-0.0012149309335198755,2024-11-20 15:00:00+00:00,2024-11-20 16:00:00+00:00,0 days 01:00:00,A_long,0.0011195160374146281,0.0012376904206340541,30.736294751155285,27.76666551621838,1.0530311721053474,1.0516490211939395,1.0549950000000001,1.0545095,1.056958827894653,1.0573699788060604,1.0,1.0
8770,105543,105544,1.0489759932641443,1.047441479345741,1.047441479345741,1.0514413371776663,-13.457687064397055,0.0,-0.001462868481506674,2024-11-21 16:30:00+00:00,2024-11-21 16:45:00+00:00,0 days 00:15:00,A_long,0.001415384567024506,0.00135999995808792,20.34173474897719,18.78993508053314,1.0491679155718592,1.0482955141312995,1.0521335,1.0519045,1.055099084428141,1.0555134858687005,1.0,1.0
8770,105545,105608,1.0475058587300714,1.046060000041912,1.046060000041912,1.0498679999245584,-12.680180695157805,0.0,-0.0013802869703394283,2024-11-21 17:00:00+00:00,2024-11-22 08:45:00+00:00,0 days 15:45:00,A_long,0.0012853332970095188,0.001465810289280257,17.303439284764423,30.876414783876996,1.0474231248980268,1.04504792441409,1.0516394999999998,1.0471565,1.0558558751019729,1.04926507558591,1.0,1.0
8871,105610,105610,1.0340546277890652,1.0389450640512772,1.0312216310826237,1.0389450640512772,43.38306008208241,0.0,0.004729379020012026,2024-11-22 09:15:00+00:00,2024-11-22 09:15:00+00:00,0 days 00:00:00,A_long,0.003338586395059393,0.003338586395059393,38.83434107941973,38.83434107941973,1.0395884508209723,1.0395884508209723,1.0461665,1.0461665,1.0527445491790277,1.0527445491790277,1.0,1.0
-8760,105723,105729,1.05199371295737,1.0499161778827826,1.053282123398454,1.0499161778827826,18.199207253385723,0.0,0.0019748550290733524,2024-11-25 13:30:00+00:00,2024-11-25 15:00:00+00:00,0 days 01:30:00,A_short,0.0011965069453268333,0.001399186065054887,76.56058830806498,47.64901902800876,1.0460289174253208,1.0461929326914652,1.0486689999999999,1.0497345,1.051309082574679,1.0532760673085348,1.0,1.0
-8781,105802,105803,1.0514437632932476,1.0492803776383441,1.0528264568675867,1.0492803776383441,18.99668943570748,0.0,0.0020575381493799227,2024-11-26 09:15:00+00:00,2024-11-26 09:30:00+00:00,0 days 00:15:00,A_short,0.0013322626185751224,0.0013319609360984467,59.875854411561576,63.10690987148656,1.0461973136889882,1.0460810347253697,1.0481565,1.048284,1.0501156863110117,1.0504869652746303,1.0,1.0
-8788,105895,105896,1.0528436351655592,1.0507421852778944,1.0541298970678366,1.0507421852778944,18.467541612798332,0.0,0.0019959752972570355,2024-11-27 08:30:00+00:00,2024-11-27 08:45:00+00:00,0 days 00:15:00,A_short,0.0012099107921248597,0.001247256019841544,74.32884656138597,66.73673213596854,1.0459245146607363,1.0458942173986887,1.0488659999999999,1.0490220000000001,1.0518074853392634,1.0521497826013115,1.0,1.0
-8789,105916,105916,1.0547934567019934,1.0560770860963486,1.0560770860963486,1.0527532450265726,-11.281818746988058,0.0,-0.0012169485752866471,2024-11-27 13:45:00+00:00,2024-11-27 13:45:00+00:00,0 days 00:00:00,A_short,0.0014154746168353787,0.0014154746168353787,80.93932110249753,80.93932110249753,1.0498900928379131,1.0498900928379131,1.0526434999999998,1.0526434999999998,1.0553969071620866,1.0553969071620866,1.0,1.0
-8758,105917,105921,1.0571732388849229,1.0547121456896964,1.0586754746168354,1.0547121456896964,21.554254203793437,0.0,0.002327994225262753,2024-11-27 14:00:00+00:00,2024-11-27 15:00:00+00:00,0 days 01:00:00,A_short,0.0014254113345906604,0.0014388905309084907,73.2007040650233,48.52981298104626,1.0497160805254862,1.0502490904235824,1.0528905,1.0536109999999999,1.0560649194745138,1.0569729095764173,1.0,1.0
8861,106209,106213,1.0474458532388848,1.0460911737679992,1.0460911737679992,1.0496718872176012,-12.003814791517598,0.0,-0.0012933169449252935,2024-12-02 15:00:00+00:00,2024-12-02 16:00:00+00:00,0 days 01:00:00,A_long,0.001358982734400643,0.0012611228815252373,23.759329221877906,30.810925983690893,1.04742256679165,1.0455024915529876,1.050838,1.049868,1.05425343320835,1.0542335084470125,1.0,1.0
-8798,106403,106417,1.0534235820840883,1.0509940293609104,1.0549077614661608,1.0509940293609104,21.375204858519233,0.0,0.0023063397900883187,2024-12-04 15:30:00+00:00,2024-12-04 19:00:00+00:00,0 days 03:30:00,A_short,0.0014380599373394816,0.001179334515400938,66.91618020144931,53.4714565904965,1.0471334895536806,1.049448447513286,1.0499574999999999,1.0523635,1.0527815104463192,1.055278552486714,1.0,0.0
-8792,106493,106493,1.0566132901359984,1.0578370706795686,1.0578370706795686,1.0546532727767766,-10.759478539069168,0.0,-0.0011582104398977222,2024-12-05 14:00:00+00:00,2024-12-05 14:00:00+00:00,0 days 00:00:00,A_short,0.001152127922292848,0.001152127922292848,83.06101303509033,83.06101303509033,1.0509408569317267,1.0509408569317267,1.0536835,1.0536835,1.0564261430682733,1.0564261430682733,1.0,1.0
-8773,106494,106495,1.0576031995314188,1.0588621279222927,1.0588621279222927,1.0556361697398728,-11.044578773137047,0.0,-0.001190359854652323,2024-12-05 14:15:00+00:00,2024-12-05 14:30:00+00:00,0 days 00:15:00,A_short,0.001186510865987123,0.0011963094171888156,83.78634304555149,85.24151540127802,1.0507301794594859,1.0504545697403107,1.0539654999999999,1.0542185,1.057200820540514,1.0579824302596892,1.0,1.0
-8730,106588,106589,1.0616128325371113,1.0594945235412592,1.062909709143745,1.0594945235412592,18.492837533788663,0.0,0.001995368679549192,2024-12-06 13:45:00+00:00,2024-12-06 14:00:00+00:00,0 days 00:15:00,A_short,0.0013570812579122528,0.0016988037568573052,65.65175119246598,47.545995192683506,1.0563628765880666,1.0563840701948652,1.0583360000000002,1.05835,1.0603091234119337,1.0603159298051346,1.0,1.0
-8817,106876,106878,1.0532236003880437,1.0512196607721025,1.0544868551266098,1.0512196607721025,17.668735593754025,0.0,0.0019026725333566308,2024-12-11 13:45:00+00:00,2024-12-11 14:15:00+00:00,0 days 00:30:00,A_short,0.0012366077763951398,0.0013483853964923525,63.64269914189236,47.83470821109925,1.0484963359801323,1.0484984669442823,1.0504535,1.0505404999999999,1.0524106640198676,1.0525825330557175,1.0,1.0
8964,107461,107461,1.0380749956985702,1.036899660496928,1.036899660496928,1.0399526111055295,-10.535704747520207,0.0,-0.0011322257125085944,2024-12-19 16:00:00+00:00,2024-12-19 16:00:00+00:00,0 days 00:00:00,A_long,0.001102294235995605,0.001102294235995605,22.37824903310917,22.37824903310917,1.0378987741869474,1.0378987741869474,1.0397915000000002,1.0397915000000002,1.041684225813053,1.041684225813053,1.0,1.0
8964,107462,107464,1.0369648941116174,1.0357477057640045,1.0357477057640045,1.038834129624792,-10.910876348001704,0.0,-0.0011737989921594139,2024-12-19 16:15:00+00:00,2024-12-19 16:45:00+00:00,0 days 00:30:00,A_long,0.0011673216711961885,0.0012465660552540485,39.81546365059333,26.691487417722357,1.0377367343394677,1.036591762104455,1.0396505,1.0392585,1.0415642656605324,1.0419252378955453,1.0,1.0
8964,107465,107517,1.0357647842878845,1.034413433944746,1.034413433944746,1.0379038188994574,-12.113504475894429,0.0,-0.0013046884424321448,2024-12-19 17:00:00+00:00,2024-12-20 06:00:00+00:00,0 days 13:00:00,A_long,0.0012790239145535076,0.0007114263168001152,34.628604811708854,33.59339806070571,1.0361927794349748,1.0354934090244012,1.0390644999999998,1.0361474999999998,1.0419362205650249,1.0368015909755983,1.0,0.0
-8882,107562,107620,1.0437644661651382,1.0414172907781556,1.0452326162343581,1.0414172907781556,20.847611787179382,0.0,0.002248759622567209,2024-12-20 17:15:00+00:00,2024-12-23 07:45:00+00:00,2 days 14:30:00,A_short,0.0012796007364436976,0.0005968396973111095,74.10047338976378,15.949121046227162,1.0374935949381745,1.04227525106533,1.04056,1.0437115000000001,1.0436264050618254,1.0451477489346703,1.0,1.0
8945,108067,108074,1.038895070744788,1.037422074110436,1.037422074110436,1.0412242666012153,-13.175954894277325,0.0,-0.0014178492860649206,2024-12-30 14:00:00+00:00,2024-12-30 15:45:00+00:00,0 days 01:45:00,A_long,0.0014995357709554772,0.001376285968246761,32.913706993137026,30.078314075431535,1.0402735958851828,1.0367542084261523,1.0435535,1.0421355,1.0468334041148173,1.047516791573848,1.0,1.0
8994,108247,108262,1.031754417293577,1.030616159708358,1.030616159708358,1.0335949125249553,-10.237488721459828,0.0,-0.0011032253084070076,2025-01-02 11:00:00+00:00,2025-01-02 14:45:00+00:00,0 days 03:45:00,A_long,0.0011446615860895347,0.0011917561882827386,33.89015935921087,29.6810229742118,1.0329796638682693,1.0299371616157678,1.0355365,1.0324345000000001,1.0380933361317308,1.0349318383842325,1.0,1.0
9012,108265,108267,1.0286441326670694,1.0272007253519122,1.0272007253519122,1.0309786943665582,-13.007986724197059,0.0,-0.0014032134820181064,2025-01-02 15:30:00+00:00,2025-01-02 16:00:00+00:00,0 days 00:30:00,A_long,0.0013747046950095315,0.001961355970918278,28.932247775526363,17.881854774616443,1.0291816917928547,1.0272160001628827,1.0316165,1.0310355,1.0340513082071452,1.0348549998371173,1.0,1.0
9024,108268,108335,1.0258338754964949,1.0292704407476527,1.023778644029082,1.0292704407476527,31.011564826448662,0.0,0.0033500212200485713,2025-01-02 16:15:00+00:00,2025-01-03 09:00:00+00:00,0 days 16:45:00,A_long,0.001866508508129171,0.0007560674978287967,16.94180277675595,72.88267625825256,1.0261741571512688,1.0263385517359151,1.030692,1.0276334999999999,1.035209842848731,1.0289284482640846,1.0,1.0
-8967,108432,108438,1.035605212966522,1.0336344967486535,1.036831946250748,1.0336344967486535,17.671412325627696,0.0,0.0019029608901093287,2025-01-06 09:15:00+00:00,2025-01-06 10:45:00+00:00,0 days 01:30:00,A_short,0.0011536867506483036,0.0009635156974450432,81.81739544270681,48.264378287147146,1.0293418205160976,1.0301785642458698,1.0324585000000002,1.033418,1.0355751794839028,1.03665743575413,1.0,1.0
-8935,108441,108448,1.0412646949645818,1.0432755295683032,1.0432755295683032,1.0378560467770541,-17.966807184249923,0.0,-0.0019311464351432495,2025-01-06 11:30:00+00:00,2025-01-06 13:15:00+00:00,0 days 01:45:00,A_short,0.0019387922925294247,0.0017655373934690915,82.14925774071779,76.71831571006975,1.029276310500238,1.031126913039758,1.034785,1.0379505,1.040293689499762,1.044774086960242,1.0,1.0
9029,108634,108643,1.028574126260685,1.0304580960402125,1.0274121688665485,1.0304580960402125,17.010363139355153,0.0,0.001831632481731571,2025-01-08 11:45:00+00:00,2025-01-08 14:00:00+00:00,0 days 02:15:00,A_long,0.0011187869823246301,0.0012295612219180986,32.62700665537197,45.51596659117083,1.029134272278402,1.0276959702405923,1.0320195,1.0302625,1.0349047277215981,1.0328290297594078,1.0,1.0
9076,108834,108844,1.0251438123478482,1.023323604676731,1.023323604676731,1.0281295115818843,-16.520204823061036,0.0,-0.0017755632421451173,2025-01-10 13:45:00+00:00,2025-01-10 16:15:00+00:00,0 days 02:30:00,A_long,0.0017888759468332426,0.0017761461804981504,20.67696894792452,27.91117654897596,1.026808752723777,1.022149725552355,1.029848,1.0273945000000002,1.0328872472762232,1.0326392744476454,1.0,1.0
9117,108913,108928,1.018773229366866,1.021068961364694,1.017337243686281,1.021068961364694,20.930188624196447,0.0,0.002253427879386427,2025-01-13 09:30:00+00:00,2025-01-13 13:15:00+00:00,0 days 03:45:00,A_long,0.0013457221385563681,0.0010117052276564056,35.31933740655863,55.73864011026367,1.0196488596194737,1.0180904873139467,1.0215260000000002,1.0200615000000002,1.0234031403805266,1.0220325126860537,1.0,1.0
-9046,109034,109036,1.0288458316402174,1.0303141959870956,1.0303141959870956,1.026382447223228,-13.282823881860633,0.0,-0.0014271956999984958,2025-01-14 15:45:00+00:00,2025-01-14 16:15:00+00:00,0 days 00:30:00,A_short,0.0013783031888161164,0.0014117032840441218,74.99133636661074,62.40130187195293,1.0233374315570893,1.0230379341275393,1.0260405000000001,1.0263835000000001,1.028743568442911,1.029729065872461,1.0,1.0
-8998,109122,109122,1.0327954701370967,1.0341563704772574,1.0341563704772574,1.0306385331409365,-12.24538126076576,0.0,-0.0013176862016832658,2025-01-15 13:45:00+00:00,2025-01-15 13:45:00+00:00,0 days 00:00:00,A_short,0.001400854413623056,0.001400854413623056,78.98200435975205,78.98200435975205,1.0286685446629356,1.0286685446629356,1.0307955,1.0307955,1.0329224553370644,1.0329224553370644,1.0,1.0
-8973,109123,109127,1.0343453282814417,1.0319184620554787,1.035840854413623,1.0319184620554787,21.776270645565983,0.0,0.0023462823871358562,2025-01-15 14:00:00+00:00,2025-01-15 15:00:00+00:00,0 days 01:00:00,A_short,0.0014447404918066498,0.0015010471740541126,67.29094252618108,54.39025673231972,1.0285801439711857,1.028421389561343,1.030959,1.0314005,1.0333378560288142,1.034379610438657,1.0,1.0
-8963,109410,109410,1.037944998810243,1.0398121442864126,1.0398121442864126,1.0348221402844575,-16.73522490290829,0.0,-0.0017988867216565119,2025-01-20 13:45:00+00:00,2025-01-20 13:45:00+00:00,0 days 00:00:00,A_short,0.001811191714890816,0.001811191714890816,84.56597072236133,84.56597072236133,1.027915791067332,1.027915791067332,1.032403,1.032403,1.036890208932668,1.036890208932668,1.0,1.0
-8932,109411,109413,1.0397048377354345,1.041611191714891,1.041611191714891,1.0365398549131966,-17.027553744504356,0.0,-0.001833553053007364,2025-01-20 14:00:00+00:00,2025-01-20 14:30:00+00:00,0 days 00:30:00,A_short,0.0019056994862387175,0.0021651698363304096,78.18791420151638,84.27832027233188,1.0274928076371592,1.026636593941768,1.032785,1.0338165,1.038077192362841,1.0409964060582317,1.0,1.0
-8893,109414,109418,1.042384592462431,1.0385926942946053,1.0446551698363302,1.0385926942946053,33.72135040647456,0.0,0.00363771509598787,2025-01-20 14:45:00+00:00,2025-01-20 15:45:00+00:00,0 days 01:00:00,A_short,0.002147147191486352,0.0021915028333045223,77.21171090456531,62.120774293351765,1.0266102258094258,1.0276227166652476,1.03436,1.0361265,1.042109774190574,1.0446302833347523,1.0,1.0
-8881,109772,109772,1.0477441019164242,1.0487704537042937,1.0487704537042937,1.0455491833322714,-9.115030228068788,0.0,-0.000979582501101417,2025-01-24 08:15:00+00:00,2025-01-24 08:15:00+00:00,0 days 00:00:00,A_short,0.0012290598770544495,0.0012290598770544495,73.47118747056214,73.47118747056214,1.0434650946390898,1.0434650946390898,1.0453670000000002,1.0453670000000002,1.0472689053609106,1.0472689053609106,1.0,1.0
-8861,109774,109776,1.0488739984990756,1.0502331852267803,1.0502331852267803,1.046668266591795,-12.043753594191719,0.0,-0.0012958532003364276,2025-01-24 08:45:00+00:00,2025-01-24 09:15:00+00:00,0 days 00:30:00,A_short,0.0012460938632097743,0.001322266057255344,79.54061436164112,83.8196335543522,1.0429936179001182,1.0426033407607058,1.045836,1.0463524999999998,1.0486783820998817,1.0501016592392938,1.0,1.0
-8878,110179,110179,1.0455043069207257,1.043103794591925,1.047049003004486,1.043103794591925,21.31174845509239,0.0,0.002296032941146664,2025-01-30 14:00:00+00:00,2025-01-30 14:00:00+00:00,0 days 00:00:00,A_short,0.0017104692705546157,0.0017104692705546157,65.54133710536061,65.54133710536061,1.0377478008055556,1.0377478008055556,1.0407499999999998,1.0407499999999998,1.043752199194444,1.043752199194444,1.0,1.0
-8924,110288,110292,1.0424145897168378,1.0396932203040892,1.0441059887199504,1.0396932203040892,24.285500639368387,0.0,0.00261064018059054,2025-01-31 17:15:00+00:00,2025-01-31 18:15:00+00:00,0 days 01:00:00,A_short,0.0016165235572903405,0.0018213647273041054,75.65432541284578,41.08077321029337,1.0353958231443143,1.0351634828531238,1.038797,1.039297,1.0421981768556856,1.043430517146876,1.0,0.0
-9082,110365,110367,1.0270359972910146,1.0281962515298804,1.0281962515298804,1.0251547472462152,-10.537428997379084,0.0,-0.0011297113654498148,2025-02-03 12:30:00+00:00,2025-02-03 13:00:00+00:00,0 days 00:30:00,A_short,0.0011027513258964295,0.0014062443292288704,67.88072142377915,67.61929992952386,1.022123229122524,1.0225345350274782,1.024445,1.0248789999999999,1.0267667708774761,1.0272234649725216,1.0,1.0
-9045,110377,110377,1.0300957172404956,1.0321323305721957,1.0321323305721957,1.0265818049700475,-18.42116758522669,0.0,-0.0019771107651587183,2025-02-03 15:30:00+00:00,2025-02-03 15:30:00+00:00,0 days 00:00:00,A_short,0.002220686495903023,0.002220686495903023,78.39900875974669,78.39900875974669,1.0223653048888564,1.0223653048888564,1.026342,1.026342,1.0303186951111438,1.0303186951111438,1.0,1.0
-9004,110378,110382,1.0326454838650632,1.0287627643073742,1.034980686495903,1.0287627643073742,34.96000689743112,0.0,0.0037599734065135726,2025-02-03 15:45:00+00:00,2025-02-03 16:45:00+00:00,0 days 01:00:00,A_short,0.00219126162978262,0.0022152569562117713,70.83099794770226,47.91449604773833,1.022227971967153,1.0230197665752625,1.0267050000000002,1.0277725,1.0311820280328474,1.0325252334247375,1.0,1.0
9033,110764,110768,1.0334545728771987,1.0314139332121308,1.0314139332121308,1.0368629202181647,-18.43309809455784,0.0,-0.001974580904302914,2025-02-07 16:15:00+00:00,2025-02-07 17:15:00+00:00,0 days 01:00:00,A_long,0.0020199245494866205,0.0023572018776866583,25.943707043956522,29.855602768101235,1.0342956843212938,1.0318746017619036,1.0370435,1.036062,1.0397913156787062,1.0402493982380965,1.0,1.0
9020,111042,111045,1.0328845207109256,1.034953543533866,1.0316191424811856,1.034953543533866,18.66258586292153,0.0,0.0020031501890609427,2025-02-12 13:45:00+00:00,2025-02-12 14:30:00+00:00,0 days 00:45:00,A_long,0.0011814098496392637,0.0012060614636021818,22.761195561183527,37.745909454078884,1.0342202744939033,1.0333060612244012,1.0369160000000002,1.03654,1.039611725506097,1.0397739387755989,1.0,1.0
-8966,111056,111059,1.0409647224205152,1.042865610699914,1.042865610699914,1.037865900740155,-17.043364313088887,0.0,-0.0018260832845311548,2025-02-12 17:15:00+00:00,2025-02-12 18:00:00+00:00,0 days 00:45:00,A_short,0.001714195939925449,0.0017966069570418373,73.04469989874238,66.58295073679876,1.031811411706185,1.0310834048455608,1.0364309999999999,1.0370895,1.0410505882938148,1.0430955951544392,1.0,0.0
8970,111132,111137,1.0388850698295902,1.037723151808339,1.037723151808339,1.0406263267449896,-10.422404650623328,0.0,-0.0011184278752237597,2025-02-13 12:15:00+00:00,2025-02-13 13:30:00+00:00,0 days 01:15:00,A_long,0.0010399350994394134,0.001284973778273128,33.33840977593489,44.73741162292705,1.039576512765297,1.0381910442026816,1.0416915,1.040951,1.043806487234703,1.0437109557973183,1.0,1.0
8929,112099,112107,1.0424053919792067,1.040908822529844,1.040908822529844,1.0448601194462805,-13.362868613359698,0.0,-0.0014356885151189935,2025-02-27 14:00:00+00:00,2025-02-27 16:00:00+00:00,0 days 02:00:00,A_long,0.001449687140801739,0.0012565813961220697,27.93668486896574,23.85540589623092,1.0441341317359354,1.039088609139126,1.0472435,1.044798,1.0503528682640646,1.0505073908608737,1.0,1.0
-8837,112365,112378,1.0515837504804788,1.0528095550997407,1.0528095550997407,1.0496748008204668,-10.832435420417557,0.0,-0.0011656747441197712,2025-03-04 08:30:00+00:00,2025-03-04 11:45:00+00:00,0 days 03:15:00,A_short,0.0011022810864419943,0.0011489195207687588,76.0322472449636,76.1670865658072,1.0462942959363455,1.0483898058675973,1.048695,1.0511199999999998,1.0510957040636544,1.0538501941324023,1.0,1.0
-8715,112457,112457,1.0651325103874947,1.0663181278967007,1.0663181278967007,1.0631873697859386,-10.33265659273014,0.0,-0.001113117379897277,2025-03-05 07:30:00+00:00,2025-03-05 07:30:00+00:00,0 days 00:00:00,A_short,0.0012410441771406992,0.0012410441771406992,78.1650116901254,78.1650116901254,1.0595348918396856,1.0595348918396856,1.0624414999999998,1.0624414999999998,1.065348108160314,1.065348108160314,1.0,1.0
-8696,112458,112458,1.0662224106309373,1.0675710441771407,1.0675710441771407,1.0640961204811468,-11.7277173177848,0.0,-0.0012648707556290884,2025-03-05 07:45:00+00:00,2025-03-05 07:45:00+00:00,0 days 00:00:00,A_short,0.001400904953521939,0.001400904953521939,81.5704353855215,81.5704353855215,1.0593104937207587,1.0593104937207587,1.0627939999999998,1.0627939999999998,1.066277506279241,1.066277506279241,1.0,1.0
-8676,112459,112461,1.0673323090439844,1.068850904953522,1.068850904953522,1.0649283710836606,-13.17533811114842,0.0,-0.0014227957840964311,2025-03-05 08:00:00+00:00,2025-03-05 08:30:00+00:00,0 days 00:30:00,A_short,0.0015261176263856816,0.0014522394615963793,83.45481815887774,85.21589267751261,1.0591214176961208,1.0590725188087797,1.0631735,1.0639904999999998,1.0672255823038792,1.06890848119122,1.0,1.0
-8603,112485,112485,1.075021605256896,1.0768888413553137,1.0768888413553137,1.0717400855604355,-16.06383215468806,0.0,-0.0017369289038349223,2025-03-05 14:30:00+00:00,2025-03-05 14:30:00+00:00,0 days 00:00:00,A_short,0.001974995841271851,0.001974995841271851,78.70466660798846,78.70466660798846,1.0660738412238517,1.0660738412238517,1.0704535,1.0704535,1.0748331587761482,1.0748331587761482,1.0,1.0
-8579,112486,112491,1.0761215045851407,1.0781549958412717,1.0781549958412717,1.0726250074857107,-17.445321486348355,0.0,-0.0018896483784283102,2025-03-05 14:45:00+00:00,2025-03-05 16:00:00+00:00,0 days 01:15:00,A_short,0.001919663062435605,0.0019391601744077544,80.24079450707433,72.90150901707047,1.0655363639901125,1.0659617724440411,1.070741,1.0724015,1.0759456360098874,1.078841227555959,1.0,1.0
-8479,112656,112663,1.0866505408818847,1.0846966479268456,1.0878907511517526,1.0846966479268456,16.567058365776663,0.0,0.0017980876846142024,2025-03-07 09:15:00+00:00,2025-03-07 11:00:00+00:00,0 days 01:45:00,A_short,0.0011233176648521455,0.0010020668151769438,78.90589358520648,51.62246984538525,1.0793018168237487,1.0813594776744773,1.082935,1.0846515,1.0865681831762513,1.087943522325523,1.0,1.0
8539,112752,112756,1.0812189438617685,1.0829552099724997,1.080022661126389,1.0829552099724997,14.825976319533616,0.0,0.0016058413706014907,2025-03-10 08:15:00+00:00,2025-03-10 09:15:00+00:00,0 days 01:00:00,A_long,0.0010356936904628597,0.0012776242467814017,35.20735485412855,58.383419175506546,1.0817687286756867,1.080991159019547,1.083256,1.0829885,1.0847432713243133,1.084985840980453,1.0,1.0
-8486,112846,112850,1.0895002800505187,1.0909797715563039,1.0909797715563039,1.087144411198653,-12.55496491809313,0.0,-0.0013579542225694574,2025-03-11 07:45:00+00:00,2025-03-11 08:45:00+00:00,0 days 01:00:00,A_short,0.001341802015463437,0.0013424597997758077,71.30430867872775,78.34654962179287,1.082755140895875,1.082078137702058,1.085807,1.0868175,1.0888588591041248,1.091556862297942,1.0,1.0
8519,113058,113059,1.083979196456354,1.0823600543324412,1.0823600543324412,1.0865879022016056,-13.793471753613977,0.0,-0.0014937022123727717,2025-03-13 12:45:00+00:00,2025-03-13 13:00:00+00:00,0 days 00:15:00,A_long,0.0015059529118842305,0.001525159190299657,24.212188428491814,20.068486071512453,1.084213243221031,1.0833131217505945,1.0867894999999999,1.0865215,1.0893657567789687,1.0897298782494054,1.0,1.0
8519,113060,113062,1.0823990518551059,1.0850152865425393,1.0807448408097005,1.0850152865425393,22.287703302245465,0.0,0.0024170703798653825,2025-03-13 13:15:00+00:00,2025-03-13 13:45:00+00:00,0 days 00:30:00,A_long,0.001519137964926389,0.001403174738100244,33.41665345355946,43.9913140877342,1.0829278740907031,1.0825978657481246,1.0862824999999998,1.0859675,1.0896371259092965,1.0893371342518754,1.0,1.0
-8487,113146,113146,1.088890335877583,1.090226844780367,1.090226844780367,1.0867356793953398,-11.342951057927106,0.0,-0.001227404504152263,2025-03-14 10:45:00+00:00,2025-03-14 10:45:00+00:00,0 days 00:00:00,A_short,0.0014125988096512772,0.0014125988096512772,78.08475659117524,78.08475659117524,1.0820917856836019,1.0820917856836019,1.0852805,1.0852805,1.0884692143163983,1.0884692143163983,1.0,1.0
-8473,113147,113149,1.0893702919480899,1.0908925988096512,1.0908925988096512,1.086937322142628,-12.898506038008858,0.0,-0.0013974191079133558,2025-03-14 11:00:00+00:00,2025-03-14 11:30:00+00:00,0 days 00:30:00,A_short,0.0014255856350311232,0.0013800176547566956,77.00984178297759,77.22270011082885,1.081880603493564,1.0818558032070797,1.0855184999999998,1.0861040000000002,1.0891563965064357,1.0903521967929206,1.0,1.0
8471,113422,113423,1.088319593652188,1.0901674333273128,1.0871380925959373,1.0901674333273128,15.6530498879813,0.0,0.0016978833110259384,2025-03-19 07:45:00+00:00,2025-03-19 08:00:00+00:00,0 days 00:15:00,A_long,0.0011696530835210023,0.0012070326723848622,26.034000388237274,33.46687047317438,1.0894413687297886,1.0891327732321794,1.0924695,1.092255,1.0954976312702114,1.0953772267678206,1.0,1.0
8518,113525,113540,1.0841392110995185,1.082905197113727,1.082905197113727,1.0861386451952917,-10.511331130972792,0.0,-0.001138243108595005,2025-03-20 09:30:00+00:00,2025-03-20 13:15:00+00:00,0 days 03:45:00,A_long,0.001184829168103376,0.0010717770428636927,27.829869803509936,24.79689429864115,1.084502021148102,1.082543534493776,1.088025,1.0845295,1.091547978851898,1.086515465506224,1.0,1.0
8535,113647,113649,1.0806988962714843,1.0824692920178696,1.079592615545628,1.0824692920178696,15.110327695398254,0.0,0.0016381952017285872,2025-03-21 16:00:00+00:00,2025-03-21 16:30:00+00:00,0 days 00:30:00,A_long,0.0010170665271224556,0.001014685524816403,32.62755741015003,45.37666039301235,1.0808787667129707,1.0806251215664728,1.0831695,1.0829335,1.0854602332870291,1.0852418784335272,1.0,1.0
8559,113735,113736,1.0794087782109714,1.0812145945827585,1.0782830030095785,1.0812145945827585,15.455982326125932,0.0,0.0016729680249405465,2025-03-24 14:00:00+00:00,2025-03-24 14:15:00+00:00,0 days 00:15:00,A_long,0.0011060640583652641,0.0012025888505832287,31.25548757055074,39.63029548515623,1.080211225152061,1.079980058664598,1.0831979999999999,1.083091,1.0861847748479387,1.086201941335402,1.0,1.0
8602,113941,113948,1.0757684450789815,1.074607960228244,1.074607960228244,1.077609671589161,-9.98249068604491,0.0,-0.0010787496659212525,2025-03-26 17:30:00+00:00,2025-03-26 19:15:00+00:00,0 days 01:45:00,A_long,0.0011851011355219381,0.0008277316133751768,28.614754144916105,24.07989350383683,1.0762133600769488,1.0740076786896933,1.078135,1.077187,1.0800566399230513,1.0803663213103065,1.0,0.0
-8546,114030,114031,1.081451016784727,1.0793640706721426,1.0827799607376987,1.0793640706721426,17.835041478147403,0.0,0.001929764806906653,2025-03-27 15:45:00+00:00,2025-03-27 16:00:00+00:00,0 days 00:15:00,A_short,0.0013706326393388736,0.0012785482874270258,56.98178866768362,53.083508416741616,1.0771835266309087,1.0771861841056463,1.0789485,1.0789385,1.0807134733690915,1.0806908158943538,1.0,1.0
-8572,114117,114118,1.0802811238628667,1.0815018768859492,1.0815018768859492,1.0784166216052915,-10.46429491386366,0.0,-0.0011300327258494391,2025-03-28 13:30:00+00:00,2025-03-28 13:45:00+00:00,0 days 00:15:00,A_short,0.0010642933011560315,0.0011370541943352126,75.27729399542919,79.22704618229912,1.075738628062931,1.0754740247025272,1.0778235,1.077984,1.079908371937069,1.080493975297473,1.0,1.0
-8544,114121,114124,1.082640907876192,1.0839632095948561,1.0839632095948561,1.080538222729259,-11.297745884266057,0.0,-0.0012213668530760557,2025-03-28 14:30:00+00:00,2025-03-28 15:15:00+00:00,0 days 00:45:00,A_short,0.001198781648875374,0.001190738750393824,79.71805251851477,84.6937859316642,1.0748005361192308,1.0746806889450162,1.0786905,1.079561,1.0825804638807692,1.0844413110549838,1.0,1.0
8565,114218,114219,1.078848726959896,1.0807892146973637,1.0776171029459092,1.0807892146973637,16.620277471409803,0.0,0.0017986652706498685,2025-03-31 14:45:00+00:00,2025-03-31 15:00:00+00:00,0 days 00:15:00,A_long,0.0012791774468788586,0.0014539537872950232,43.847817948877285,50.778549494191296,1.0792354113718912,1.0792543248828834,1.081107,1.081121,1.082978588628109,1.0829876751171166,1.0,1.0
-8525,114411,114414,1.0857306250800798,1.0870375127016654,1.0870375127016654,1.0836284771370024,-11.141216974017198,0.0,-0.0012036941681452529,2025-04-02 15:00:00+00:00,2025-04-02 15:45:00+00:00,0 days 00:45:00,A_short,0.001204511008109995,0.0011706283510570742,80.44981994963547,84.59299292086004,1.0779219987879214,1.078203337502482,1.0815285000000001,1.082535,1.0851350012120788,1.086866662497518,1.0,1.0
-8325,114488,114490,1.110498358135193,1.1046779058250653,1.113796718986075,1.1046779058250653,48.45526548181338,0.0,0.005241297537712519,2025-04-03 10:15:00+00:00,2025-04-03 10:45:00+00:00,0 days 00:30:00,A_short,0.0033011564545981716,0.0032028241814537417,76.65378382446474,62.35243335546021,1.0906878603348256,1.0916600011749673,1.099577,1.1007085,1.1084661396651745,1.1097569988250329,1.0,1.0
8431,114574,114574,1.1023108740138743,1.1005108300539237,1.1005108300539237,1.105268505902937,-15.176170626343445,0.0,-0.0016329730590392,2025-04-04 07:45:00+00:00,2025-04-04 07:45:00+00:00,0 days 00:00:00,A_long,0.0017966139532660606,0.0017966139532660606,23.66178948060319,23.66178948060319,1.1022636745129528,1.1022636745129528,1.1072209999999998,1.1072209999999998,1.1121783254870468,1.1121783254870468,1.0,1.0
8432,114575,114575,1.1004907074478794,1.0985933860467338,1.0985933860467338,1.103623905115879,-15.998214054458966,0.0,-0.0017240685344318551,2025-04-04 08:00:00+00:00,2025-04-04 08:00:00+00:00,0 days 00:00:00,A_long,0.001957065426163905,0.001957065426163905,23.463709624803954,23.463709624803954,1.1010854281671427,1.1010854281671427,1.1068905,1.1068905,1.1126955718328573,1.1126955718328573,1.0,1.0
8479,114767,114783,1.0924299697984734,1.0953957895363873,1.090626783590896,1.0953957895363873,25.147185557771767,0.0,0.0027148831686309993,2025-04-08 08:00:00+00:00,2025-04-08 12:00:00+00:00,0 days 04:00:00,A_long,0.001729454221223385,0.0014257058322707024,40.28998408755161,58.32016843190975,1.093579491495766,1.091166540439915,1.0965185,1.09342,1.099457508504234,1.0956734595600852,1.0,1.0
8459,114901,114903,1.0979304731572492,1.0944221517469848,1.0944221517469848,1.1039641268554277,-29.676890809427153,0.0,-0.0031953948779432917,2025-04-09 17:30:00+00:00,2025-04-09 18:00:00+00:00,0 days 00:30:00,A_long,0.003546801819280028,0.004091775588703654,38.91171839448881,24.33037926669273,1.0993801818403985,1.09617874823904,1.1040305,1.1028295,1.1086808181596013,1.1094802517609599,1.0,0.0
-8407,114958,114958,1.1010492229970896,1.1029476034490888,1.1029476034490888,1.0978863137916401,-15.959684459957217,0.0,-0.0017241558436704718,2025-04-10 07:45:00+00:00,2025-04-10 07:45:00+00:00,0 days 00:00:00,A_short,0.0018679229892102091,0.0018679229892102091,75.7896335256401,75.7896335256401,1.0961598427816335,1.0961598427816335,1.098561,1.098561,1.1009621572183663,1.1009621572183663,1.0,1.0
-8382,114959,114961,1.1025390866326212,1.1044779229892103,1.1044779229892103,1.0992477386194217,-16.25132634092976,0.0,-0.0017585193850231384,2025-04-10 08:00:00+00:00,2025-04-10 08:30:00+00:00,0 days 00:30:00,A_short,0.0018068665906488361,0.001840624239198433,74.43563519063196,72.97405938542862,1.0958019822208562,1.0953479140200366,1.0987475,1.0992485,1.1016930177791437,1.1031490859799635,1.0,1.0
-8248,114987,114989,1.1184376314681603,1.1206944048124767,1.1206944048124767,1.1146060713375419,-18.613866543921652,0.0,-0.0020177909619814027,2025-04-10 15:00:00+00:00,2025-04-10 15:30:00+00:00,0 days 00:30:00,A_short,0.0022738175041466277,0.0027186451475590383,69.35433008335492,79.22813860646191,1.1041263171685867,1.1041006701431109,1.1106515,1.1120174999999999,1.1171766828314131,1.119934329856889,1.0,1.0
8137,115172,115177,1.1316735610345394,1.1357212733003188,1.1292481814998228,1.1357212733003188,32.936234706646815,0.0,0.0035767489894162896,2025-04-14 13:15:00+00:00,2025-04-14 14:30:00+00:00,0 days 01:15:00,A_long,0.00234890936682026,0.002022325129922333,23.177889732687603,48.1093583455454,1.1322924398737744,1.130612475864877,1.1374065,1.136076,1.1425205601262256,1.1415395241351232,1.0,1.0
-7996,115631,115635,1.1554142470667912,1.1570100434885748,1.1570100434885748,1.1528379217205655,-12.759988188582035,0.0,-0.001381146567851932,2025-04-21 08:00:00+00:00,2025-04-21 09:00:00+00:00,0 days 01:00:00,A_short,0.0015367043567647055,0.001483333000169056,65.55502315814039,74.99587616310177,1.1495506824394675,1.149437837989536,1.152144,1.1530325000000001,1.1547373175605327,1.1566271620104642,1.0,1.0
8070,115763,115774,1.1434846418831108,1.141991970505255,1.141991970505255,1.145878453090541,-12.045858019296332,0.0,-0.0013053707266217351,2025-04-22 17:00:00+00:00,2025-04-22 19:45:00+00:00,0 days 02:45:00,A_long,0.0012882922287789514,0.0010781506911824482,25.525404909384633,32.38140780723536,1.143696881784288,1.1407333228797305,1.1464915,1.1444455,1.149286118215712,1.1481576771202695,1.0,0.0
-8065,115828,115832,1.1425154276719198,1.1399870333109376,1.144020537049479,1.1399870333109376,20.391500521321266,0.0,0.002213006756621394,2025-04-23 09:15:00+00:00,2025-04-23 10:15:00+00:00,0 days 01:00:00,A_short,0.0014351321095485052,0.0013779142356703997,72.69965114269675,46.23052756706062,1.1366363417745107,1.136577243040064,1.1394235,1.1398755,1.1422106582254892,1.143173756959936,1.0,1.0
8149,115847,115848,1.133463724854941,1.137177633848963,1.1312390923061315,1.137177633848963,30.26464439228453,0.0,0.003276601546729818,2025-04-23 14:00:00+00:00,2025-04-23 14:15:00+00:00,0 days 00:15:00,A_long,0.0023927866680193205,0.00250441511228342,39.36759307610456,36.290107731832826,1.136138716754188,1.1355658141987217,1.1401755,1.139815,1.144212283245812,1.1440641858012783,1.0,1.0
8177,116333,116340,1.1332637065509856,1.1362723176837395,1.1314153790645893,1.1362723176837395,24.601413232528294,0.0,0.0026548199817590934,2025-04-30 15:30:00+00:00,2025-04-30 17:15:00+00:00,0 days 01:45:00,A_long,0.0017500048106893528,0.0012423548224592459,31.706248739264865,54.60138801945659,1.134044725442312,1.1335473941480223,1.136476,1.1358855,1.138907274557688,1.138223605851978,1.0,1.0
8221,116624,116636,1.1301634228396757,1.1320670534719972,1.128944970293335,1.1320670534719972,15.649747428314743,0.0,0.0016843852790231484,2025-05-05 16:15:00+00:00,2025-05-05 19:15:00+00:00,0 days 03:00:00,A_long,0.0010330257457764696,0.0007717270002157413,19.823157413748675,53.553042865943254,1.1303636343420878,1.1287537856787944,1.1339450000000002,1.1312985000000002,1.1375263656579127,1.133843214321206,1.0,0.0
-8202,116686,116687,1.134496161660535,1.132777285372847,1.1355970636817516,1.132777285372847,14.098223311615778,0.0,0.0015151010164476952,2025-05-06 07:45:00+00:00,2025-05-06 08:00:00+00:00,0 days 00:15:00,A_short,0.0010194551908514586,0.0011675278320712596,65.107745859528,68.11545891981956,1.1304258753441836,1.1305608647842929,1.132299,1.1324800000000002,1.1341721246558163,1.1343991352157075,1.0,1.0
8286,116911,116911,1.1248729387000531,1.1229554969996602,1.1229554969996602,1.1280361054006116,-15.88792192945536,0.0,-0.0017045851441752635,2025-05-08 16:00:00+00:00,2025-05-08 16:00:00+00:00,0 days 00:00:00,A_long,0.0019032359336278706,0.0019032359336278706,21.936256032102563,21.936256032102563,1.1245800572112181,1.1245800572112181,1.1289500000000001,1.1289500000000001,1.1333199427887821,1.1333199427887821,1.0,1.0
8288,116912,116951,1.1225927300349605,1.120586764066372,1.120586764066372,1.1259158246805303,-16.62544594766137,0.0,-0.001786904471157591,2025-05-08 16:15:00+00:00,2025-05-09 02:00:00+00:00,0 days 09:45:00,A_long,0.0018148044758108089,0.0008958262101865325,24.496156912079016,25.087138689352415,1.1235230395814284,1.1207281423783926,1.1286425000000002,1.1222145000000001,1.133761960418572,1.1237008576216077,1.0,0.0
-8228,117001,117002,1.1285567052880128,1.1265237642206152,1.1298623532107694,1.1265237642206152,16.727039102547437,0.0,0.001801363686797397,2025-05-09 14:30:00+00:00,2025-05-09 14:45:00+00:00,0 days 00:15:00,A_short,0.0012213727826667397,0.0012838564116445035,64.50066403839415,55.46930407443788,1.1234304424078412,1.1235485045503542,1.125668,1.125776,1.1279055575921586,1.128003495449646,1.0,1.0
8337,117068,117068,1.116012127834825,1.114319629358813,1.114319629358813,1.1187446671541366,-14.11035979451246,0.0,-0.0015165592145451878,2025-05-12 07:15:00+00:00,2025-05-12 07:15:00+00:00,0 days 00:00:00,A_long,0.0020776545556953603,0.0020776545556953603,10.236018776903322,10.236018776903322,1.1161481307912904,1.1161481307912904,1.1217955,1.1217955,1.1274428692087095,1.1274428692087095,1.0,1.0
8358,117069,117071,1.1116517288085954,1.1094323454443047,1.1094323454443047,1.1152497782002515,-18.549606158741902,0.0,-0.00199647363178157,2025-05-12 07:30:00+00:00,2025-05-12 08:00:00+00:00,0 days 00:30:00,A_long,0.002224633948269307,0.002329613943366758,9.38708228444409,8.822259117905602,1.1136941359045907,1.1099351417766898,1.1211525,1.1198495000000002,1.1286108640954093,1.1297638582233105,1.0,1.0
-8330,117187,117187,1.1129481339117384,1.1140433860888814,1.1140433860888814,1.1112339050400135,-9.123450635601301,0.0,-0.0009840999268253547,2025-05-13 13:00:00+00:00,2025-05-13 13:00:00+00:00,0 days 00:00:00,A_short,0.0011069346103638837,0.0011069346103638837,76.13420966162657,76.13420966162657,1.1092687231346268,1.1092687231346268,1.1111469999999999,1.1111469999999999,1.113025276865373,1.113025276865373,1.0,1.0
-8317,117188,117189,1.113608073508685,1.1148269346103639,1.1148269346103639,1.1117275177013453,-10.137267782662514,0.0,-0.001094515324263412,2025-05-13 13:15:00+00:00,2025-05-13 13:30:00+00:00,0 days 00:15:00,A_short,0.0012046766623153744,0.0011573864406733269,78.41809789852744,80.23033922969331,1.1090401491314257,1.1088789185618753,1.11132,1.1115234999999999,1.1135998508685745,1.1141680814381245,1.0,1.0
-8250,117263,117263,1.1213673633152124,1.122638729438545,1.122638729438545,1.1193942870106193,-10.48877051749364,0.0,-0.001133764156978856,2025-05-14 08:00:00+00:00,2025-05-14 08:00:00+00:00,0 days 00:00:00,A_short,0.00151356551340554,0.00151356551340554,76.06949875156715,76.06949875156715,1.117305277260836,1.117305277260836,1.119361,1.119361,1.121416722739164,1.121416722739164,1.0,1.0
-8232,117264,117264,1.1225372562370728,1.1241535655134056,1.1241535655134056,1.1199155820758702,-13.30545796277184,0.0,-0.0014398713872099123,2025-05-14 08:15:00+00:00,2025-05-14 08:15:00+00:00,0 days 00:00:00,A_short,0.001667756778284795,0.001667756778284795,80.74493413916376,80.74493413916376,1.116766886956132,1.116766886956132,1.1196329999999999,1.1196329999999999,1.1224991130438677,1.1224991130438677,1.0,1.0
-8210,117265,117268,1.1239371281093844,1.1257177567782848,1.1257177567782848,1.1210480377990875,-14.618961371672167,0.0,-0.001584277825126712,2025-05-14 08:30:00+00:00,2025-05-14 09:15:00+00:00,0 days 00:45:00,A_short,0.0015867225411801342,0.0016343790882881895,72.62544825098382,79.81796426191528,1.116586107410228,1.115933448867251,1.1198505,1.1206464999999999,1.1231148925897723,1.1253595511327488,1.0,1.0
8258,117482,117484,1.1159121186828473,1.1145685792722684,1.1145685792722684,1.117988557309917,-11.094948452561088,0.0,-0.001203983170435352,2025-05-16 14:45:00+00:00,2025-05-16 15:15:00+00:00,0 days 00:30:00,A_long,0.0012172312973675464,0.0012198759522449678,21.15176949187486,18.849082573546838,1.1165564748255845,1.1151138157673275,1.1190785,1.118661,1.1216005251744157,1.1222081842326723,1.0,1.0
8259,117485,117488,1.114421982318379,1.113110124047755,1.113110124047755,1.116525776714041,-10.83463745708334,0.0,-0.0011771647467818669,2025-05-16 15:30:00+00:00,2025-05-16 16:15:00+00:00,0 days 00:45:00,A_long,0.001193225825278975,0.0011854924853741732,23.39254598511822,20.53223927718986,1.1145007082617764,1.1127068822530637,1.118429,1.1174745,1.1223572917382234,1.1222421177469362,1.0,1.0
-8182,117550,117551,1.1233971775300642,1.1245579221220314,1.1245579221220314,1.1215957401803434,-9.497212251475993,0.0,-0.0010332450670023086,2025-05-19 07:45:00+00:00,2025-05-19 08:00:00+00:00,0 days 00:15:00,A_short,0.0010701991724272617,0.001100839282770304,86.01201700288351,88.26264746445446,1.1157857149902608,1.1155578523231626,1.1195835,1.1199145,1.1233812850097393,1.1242711476768372,1.0,1.0
-8084,117753,117755,1.1358460381088353,1.1337792924290468,1.1371715042060853,1.1337792924290468,16.707572075410106,0.0,0.0018195649854355622,2025-05-21 10:30:00+00:00,2025-05-21 11:00:00+00:00,0 days 00:30:00,A_short,0.0011939703119405887,0.0011870265898575965,66.10267705508218,53.15193874695746,1.1309542487966573,1.1309713122093539,1.1332035,1.1332345,1.1354527512033428,1.135497687790646,1.0,1.0
8108,118125,118145,1.1348038474914428,1.136660799256256,1.1336262226354135,1.136660799256256,15.056164909105943,0.0,0.0016363636490290823,2025-05-27 07:30:00+00:00,2025-05-27 12:30:00+00:00,0 days 05:00:00,A_long,0.001085940382641845,0.0008151512578874284,26.82674746690674,64.06202549639147,1.1351449222729677,1.1338140147286195,1.1380314999999999,1.1350115,1.140918077727032,1.1362089852713806,1.0,1.0
-8136,118338,118338,1.1325463401241007,1.134051466676233,1.134051466676233,1.130099359982781,-12.245709628147551,0.0,-0.0013289756885066506,2025-05-29 12:45:00+00:00,2025-05-29 12:45:00+00:00,0 days 00:00:00,A_short,0.001569937786068453,0.001569937786068453,83.85735650365831,83.85735650365831,1.124662170358932,1.124662170358932,1.128551,1.128551,1.1324398296410683,1.1324398296410683,1.0,1.0
-8108,118339,118344,1.134856128713415,1.1365099377860686,1.1365099377860686,1.1321141119850768,-13.409083961075932,0.0,-0.0014572852283298854,2025-05-29 13:00:00+00:00,2025-05-29 14:15:00+00:00,0 days 01:15:00,A_short,0.0015686127479259933,0.0015359239545885313,79.70178672357461,69.75735783695458,1.1242668734929695,1.1245255700650507,1.128899,1.130893,1.1335311265070307,1.1372604299349491,1.0,1.0
-8018,118820,118820,1.145925115589479,1.1476839504931013,1.1476839504931013,1.1430808891124173,-14.102338257244291,0.0,-0.0015348602449625215,2025-06-05 13:15:00+00:00,2025-06-05 13:15:00+00:00,0 days 00:00:00,A_short,0.0019260904273545897,0.0019260904273545897,79.90299033037596,79.90299033037596,1.1392736983263343,1.1392736983263343,1.1428385,1.1428385,1.1464033016736659,1.1464033016736659,1.0,1.0
-7985,118821,118826,1.1489748364541579,1.1456130372307618,1.1510060904273547,1.1456130372307618,26.843966798817682,0.0,0.002925911966680572,2025-06-05 13:30:00+00:00,2025-06-05 14:45:00+00:00,0 days 01:15:00,A_short,0.0018492783703739728,0.0016600106060526737,74.75062925775435,54.74234907398156,1.1389872162250236,1.1397383061160138,1.143205,1.144555,1.1474227837749764,1.1493716938839862,1.0,1.0
8088,118917,118919,1.1377641183899838,1.1404217647566834,1.1361101306907315,1.1404217647566834,21.495043813866594,0.0,0.002335850044612453,2025-06-06 13:30:00+00:00,2025-06-06 14:00:00+00:00,0 days 00:30:00,A_long,0.001582553401366087,0.0016219178881372003,31.880143216091085,48.27597285965031,1.1384633836474063,1.1381556445405951,1.141075,1.1409170000000002,1.1436866163525938,1.1436783554594052,1.0,1.0
8106,119084,119085,1.1379041312027527,1.139749411901959,1.136701437832245,1.139749411901959,14.957845347767238,0.0,0.001621648650889318,2025-06-10 07:15:00+00:00,2025-06-10 07:30:00+00:00,0 days 00:15:00,A_long,0.0011887538787209338,0.0011262533615581498,41.14229970198452,48.19441590283148,1.138557694283597,1.138601507608474,1.139912,1.139934,1.141266305716403,1.141266492391526,1.0,1.0
-8054,119202,119210,1.1469850185785146,1.1484821309334634,1.1484821309334634,1.144528164319766,-12.05774290675731,0.0,-0.0013052588575255264,2025-06-11 12:45:00+00:00,2025-06-11 14:45:00+00:00,0 days 02:00:00,A_short,0.00142384680900159,0.0012452322452740318,67.53399322817972,71.6435334944962,1.1416210182993207,1.1414639217771585,1.1437325,1.1452015,1.1458439817006794,1.1489390782228415,1.0,1.0
-7982,119284,119286,1.1557442168652645,1.1569803489405517,1.1569803489405517,1.1538713719070068,-9.866806224942161,0.0,-0.001069555060063232,2025-06-12 09:15:00+00:00,2025-06-12 09:45:00+00:00,0 days 00:30:00,A_short,0.001151635748478234,0.0013757619621902932,76.07379586656153,80.16320122988562,1.1498551156526111,1.1496002599326465,1.1526275000000001,1.1531034999999998,1.1553998843473892,1.1566067400673532,1.0,1.0
-7939,119496,119499,1.1608237519447953,1.158921150628764,1.1620615829840202,1.158921150628764,15.104751847972176,0.0,0.001639009636771882,2025-06-16 14:15:00+00:00,2025-06-16 15:00:00+00:00,0 days 00:45:00,A_short,0.0010973719194840325,0.001100517365068531,75.98677166249523,52.31102318035948,1.1560130170594412,1.1561798163743386,1.158388,1.158576,1.1607629829405588,1.1609721836256615,1.0,1.0
8001,119593,119593,1.1538155872824116,1.1526690574931404,1.1526690574931404,1.1556116965123475,-9.17338484395896,0.0,-0.0009936854744453383,2025-06-17 14:30:00+00:00,2025-06-17 14:30:00+00:00,0 days 00:00:00,A_long,0.0012734835059451184,0.0012734835059451184,19.641706386640436,19.641706386640436,1.1531925219939032,1.1531925219939032,1.155836,1.155836,1.158479478006097,1.158479478006097,1.0,1.0
8011,119594,119598,1.1512553529917813,1.1534222703107013,1.1498565164940548,1.1534222703107013,17.3591746418685,0.0,0.00188222127548765,2025-06-17 14:45:00+00:00,2025-06-17 15:45:00+00:00,0 days 01:00:00,A_long,0.0013183523718191177,0.0012401233005733317,34.0103350425388,43.4736961504953,1.1526981320804626,1.1514447178925453,1.155685,1.155025,1.1586718679195376,1.1586052821074546,1.0,1.0
8058,119956,119957,1.1466549320008053,1.145356012105628,1.145356012105628,1.148671178209869,-10.466696515337588,0.0,-0.0011327905710140085,2025-06-23 09:15:00+00:00,2025-06-23 09:30:00+00:00,0 days 00:15:00,A_long,0.0012194561751222505,0.0013288620184392893,17.220690579785924,34.50472369145841,1.1466826979457039,1.1464055845673948,1.1494769999999999,1.1493915,1.1522713020542958,1.152377415432605,1.0,1.0
-8011,119976,119976,1.1519445646404187,1.1534379262152403,1.1534379262152403,1.1494957328125677,-11.963319575895882,0.0,-0.0012963831946963822,2025-06-23 14:15:00+00:00,2025-06-23 14:15:00+00:00,0 days 00:00:00,A_short,0.0015042027198749095,0.0015042027198749095,81.1677198601461,81.1677198601461,1.144044524817601,1.144044524817601,1.147596,1.147596,1.1511474751823991,1.1511474751823991,1.0,1.0
-7994,119977,119980,1.152844482272619,1.1544642027198748,1.1544642027198748,1.1502524351042254,-12.948045255363585,0.0,-0.001404977403424601,2025-06-23 14:30:00+00:00,2025-06-23 15:15:00+00:00,0 days 00:45:00,A_short,0.0014409756905582663,0.0014018973606389547,82.26563677738453,83.12347585665003,1.1435737824060588,1.1429467062382077,1.1479185,1.1489155,1.1522632175939413,1.1548842937617922,1.0,1.0
-7912,120073,120078,1.1631935350429228,1.160862681800742,1.1646696212218102,1.160862681800742,18.441710852134904,0.0,0.002003839577817801,2025-06-24 14:30:00+00:00,2025-06-24 15:45:00+00:00,0 days 01:15:00,A_short,0.0013650050589021124,0.0013607735089184625,66.92170698741239,48.22222238159272,1.1578917087380425,1.1580344010657682,1.1603020000000002,1.160752,1.1627122912619579,1.1634695989342319,1.0,1.0
-7861,120240,120241,1.173082629912324,1.174436056291269,1.174436056291269,1.170975098675716,-10.639284764886467,0.0,-0.0011537349070167568,2025-06-26 08:15:00+00:00,2025-06-26 08:30:00+00:00,0 days 00:15:00,A_short,0.0012192487857664693,0.0012900156143309588,78.6574884077326,81.72968984610733,1.1661522964039113,1.165802431073397,1.169305,1.169529,1.1724577035960888,1.173255568926603,1.0,1.0
-7842,120355,120356,1.1745824926326578,1.1725217142733275,1.175879047625929,1.1725217142733275,16.160623893868003,0.0,0.0017544773332278663,2025-06-27 13:00:00+00:00,2025-06-27 13:15:00+00:00,0 days 00:15:00,A_short,0.0013351746091385223,0.0013731513279200468,65.8072443339016,53.80919903327203,1.1694577824194687,1.1694762410077215,1.1715645000000001,1.1716115,1.1736712175805315,1.1737467589922785,1.0,1.0
-7840,120463,120479,1.1768322867131589,1.1782731237761066,1.1782731237761066,1.1746243772030083,-11.296162573510209,0.0,-0.0012243350893881288,2025-06-30 16:00:00+00:00,2025-06-30 20:00:00+00:00,0 days 04:00:00,A_short,0.0012893739392923593,0.000680449143131733,67.92607807901908,74.8287135533838,1.1697427396491875,1.1748266002575456,1.1731435,1.176763,1.1765442603508123,1.1786993997424544,1.0,0.0
-7801,120533,120533,1.1813318748741604,1.1826319276937218,1.1826319276937218,1.1793505301513005,-10.141712045399029,0.0,-0.0011004975377473247,2025-07-01 09:30:00+00:00,2025-07-01 09:30:00+00:00,0 days 00:00:00,A_short,0.0012290040012256339,0.0012290040012256339,76.10876673453984,76.10876673453984,1.1766463441158654,1.1766463441158654,1.1789524999999998,1.1789524999999998,1.1812586558841343,1.1812586558841343,1.0,1.0
-7789,120534,120548,1.1820018135559094,1.1798777927977937,1.1833190040012258,1.1798777927977937,16.543997684963074,0.0,0.0017969691194684723,2025-07-01 09:45:00+00:00,2025-07-01 13:15:00+00:00,0 days 03:30:00,A_short,0.0012158034677288928,0.0007917624069315267,66.71668668506165,40.69128365650175,1.1765635587968273,1.1794890913242684,1.1790895000000001,1.1809414999999999,1.181615441203173,1.1823939086757314,1.0,1.0
7860,120738,120738,1.1735873966284114,1.1720023951601404,1.1720023951601404,1.1761956887117473,-12.458111540610123,0.0,-0.0013505610854586125,2025-07-03 12:45:00+00:00,2025-07-03 12:45:00+00:00,0 days 00:00:00,A_long,0.0015885908612117176,0.0015885908612117176,18.220351818782916,18.220351818782916,1.1751927935140984,1.1751927935140984,1.1787445,1.1787445,1.1822962064859017,1.1822962064859017,1.0,1.0
7847,120739,120741,1.1739274277451357,1.1766794635501812,1.1722314091387884,1.1766794635501812,21.59522496219173,0.0,0.002344298071586426,2025-07-03 13:00:00+00:00,2025-07-03 13:30:00+00:00,0 days 00:30:00,A_long,0.0016287787463835112,0.0015860604806169657,31.478175393261225,46.07136073834998,1.1747067971740481,1.1743873344457267,1.1784705,1.1781625,1.1822342028259518,1.1819376655542733,1.0,1.0
7884,120946,120946,1.1710471641681768,1.1698420386031945,1.1698420386031945,1.1728883305142501,-9.50120995432055,0.0,-0.001029100792740767,2025-07-07 16:45:00+00:00,2025-07-07 16:45:00+00:00,0 days 00:00:00,A_long,0.0012602332105647715,0.0012602332105647715,21.70717799472223,21.70717799472223,1.170657393901632,1.170657393901632,1.172937,1.172937,1.1752166060983678,1.1752166060983678,1.0,1.0
7887,120947,120954,1.169527025058115,1.1716584197790163,1.1681297667894353,1.1716584197790163,16.810310163749364,0.0,0.001822441615485948,2025-07-07 17:00:00+00:00,2025-07-07 18:45:00+00:00,0 days 01:45:00,A_long,0.0012708687824894845,0.0011100734662222178,27.164146155305744,51.76406538448924,1.170143554535701,1.1687498080549756,1.1727935,1.172032,1.175443445464299,1.1753141919450243,1.0,0.0
7919,121225,121231,1.1668867834459025,1.1688427072048877,1.16563405155284,1.1688427072048877,15.48896024740407,0.0,0.0016761898298387479,2025-07-10 14:30:00+00:00,2025-07-10 16:00:00+00:00,0 days 01:30:00,A_long,0.001133155320871819,0.0009350529774425915,19.629853531282507,38.118348120215344,1.167283090321281,1.1665788521319402,1.1708995,1.169524,1.174515909678719,1.1724691478680598,1.0,1.0
7945,121510,121511,1.1648966013215456,1.1635340824815013,1.1635340824815013,1.1670506515332977,-10.825212184152335,0.0,-0.0011696478799050336,2025-07-15 13:45:00+00:00,2025-07-15 14:00:00+00:00,0 days 00:15:00,A_long,0.0012097951826988628,0.0012644891583390085,23.34065287719558,20.437664490043588,1.165003806912048,1.1643372729937642,1.167324,1.1670574999999999,1.169644193087952,1.1697777270062355,1.0,1.0
7944,121512,121512,1.163676489667417,1.162315510841661,1.162315510841661,1.1658560804850104,-10.811615791805917,0.0,-0.00116955084840209,2025-07-15 14:15:00+00:00,2025-07-15 14:15:00+00:00,0 days 00:00:00,A_long,0.0012998906038938114,0.0012998906038938114,16.054755502339418,16.054755502339418,1.163368370543965,1.163368370543965,1.166743,1.166743,1.1701176294560351,1.1701176294560351,1.0,1.0
7945,121513,121517,1.162266360624531,1.160870109396106,1.160870109396106,1.164509803087009,-11.09321600983587,0.0,-0.0012013177665011199,2025-07-15 14:30:00+00:00,2025-07-15 15:30:00+00:00,0 days 01:00:00,A_long,0.0012465718567079864,0.0010255000256678855,15.283967191739166,12.542375812930985,1.1625151037594499,1.159925063633419,1.1664245,1.1650425,1.17033389624055,1.1701599363665809,1.0,1.0
7963,121605,121606,1.1582259908846302,1.1570811547327284,1.1570811547327284,1.1600459214810888,-9.116330277593645,0.0,-0.0009884393554554505,2025-07-16 13:30:00+00:00,2025-07-16 13:45:00+00:00,0 days 00:15:00,A_long,0.0010523325649687094,0.0011133548896395645,25.17343414098326,22.60940713024074,1.1582390548320807,1.1576751982886067,1.1607675,1.1605025,1.1632959451679192,1.1633298017113933,1.0,1.0
-7885,121613,121613,1.1683930591400802,1.1709732609959074,1.1709732609959074,1.1641321302073668,-20.344891633197403,0.0,-0.0022083337757297095,2025-07-16 15:30:00+00:00,2025-07-16 15:30:00+00:00,0 days 00:00:00,A_short,0.0026614928631196392,0.0026614928631196392,82.04079303518051,82.04079303518051,1.1539669151293146,1.1539669151293146,1.1604044999999998,1.1604044999999998,1.166842084870685,1.166842084870685,1.0,1.0
-7865,121614,121614,1.1688030216169714,1.1641393128463846,1.1715914928631197,1.1641393128463846,36.680069480664784,0.0,0.0039901580371812795,2025-07-16 15:45:00+00:00,2025-07-16 15:45:00+00:00,0 days 00:00:00,A_short,0.003423960481370332,0.003423960481370332,54.61682380182294,54.61682380182294,1.1539588318005096,1.1539588318005096,1.1604629999999998,1.1604629999999998,1.16696716819949,1.16696716819949,1.0,1.0
-7873,121995,121996,1.1721127186865081,1.1733635744249227,1.1733635744249227,1.170217566035139,-9.847987228537727,0.0,-0.001067180415733615,2025-07-22 15:00:00+00:00,2025-07-22 15:15:00+00:00,0 days 00:15:00,A_short,0.0012177645015996525,0.0011807292347196909,74.96834927163206,75.54608744298983,1.1678180455458527,1.16753361696172,1.170014,1.1701585,1.1722099544541476,1.1727833830382801,1.0,1.0
-7852,121998,121999,1.1740725393077445,1.175388632003424,1.175388632003424,1.1719484623938372,-10.333959846475036,0.0,-0.0011209636982527638,2025-07-22 15:45:00+00:00,2025-07-22 16:00:00+00:00,0 days 00:15:00,A_short,0.0012021477363005609,0.0012391947047938096,80.83412129269166,82.99924213286131,1.1668833456749195,1.166577705972553,1.170576,1.170841,1.1742686543250807,1.175104294027447,1.0,1.0
-7813,122184,122186,1.1786221228927571,1.176167300681469,1.1801537218436284,1.176167300681469,19.179525936794093,0.0,0.002082789864204404,2025-07-24 14:15:00+00:00,2025-07-24 14:45:00+00:00,0 days 00:30:00,A_short,0.00154855893114466,0.001515673152726418,57.44178549328091,52.314405890106904,1.1730678227111369,1.173040266788874,1.1754615000000002,1.175664,1.1778551772888635,1.1782877332111261,1.0,1.0
7894,122350,122350,1.1692269976021816,1.168035358361675,1.168035358361675,1.1710443549489853,-9.40680016455983,0.0,-0.001019168427474293,2025-07-28 07:45:00+00:00,2025-07-28 07:45:00+00:00,0 days 00:00:00,A_long,0.0012153560865485473,0.0012153560865485473,8.585592803073752,8.585592803073752,1.1688861152870331,1.1688861152870331,1.173362,1.173362,1.177837884712967,1.177837884712967,1.0,1.0
7897,122351,122357,1.1675568447641536,1.1662346439134514,1.1662346439134514,1.1696376409557876,-10.441420117994605,0.0,-0.001132450943721941,2025-07-28 08:00:00+00:00,2025-07-28 09:30:00+00:00,0 days 01:30:00,A_long,0.0011679752750087225,0.001164075661273203,13.465099485197172,18.185104140495525,1.168000792921001,1.1651363955262108,1.172982,1.170725,1.177963207078999,1.1763136044737892,1.0,1.0
7986,122444,122447,1.1531655277945563,1.1555171508293132,1.1517882495392704,1.1555171508293132,18.780061555568516,0.0,0.0020392762167062983,2025-07-29 07:15:00+00:00,2025-07-29 08:00:00+00:00,0 days 00:45:00,A_long,0.001355517065965695,0.0013636299241264345,23.509966821816064,50.17225777354341,1.153745075644936,1.1531438972017938,1.157612,1.156996,1.1614789243550643,1.160848102798206,1.0,1.0
8032,122562,122562,1.1490451507330735,1.1476852226315015,1.1476852226315015,1.1510865992632973,-10.922942511825724,0.0,-0.001183528863686778,2025-07-30 12:45:00+00:00,2025-07-30 12:45:00+00:00,0 days 00:00:00,A_long,0.0013688070526987044,0.0013688070526987044,9.661965003599462,9.661965003599462,1.1490909191868184,1.1490909191868184,1.1535625,1.1535625,1.1580340808131817,1.1580340808131817,1.0,1.0
8033,122563,122563,1.147384998810243,1.1459111929473014,1.1459111929473014,1.1497438526948578,-11.839082497009441,0.0,-0.0012844911380833768,2025-07-30 13:00:00+00:00,2025-07-30 13:00:00+00:00,0 days 00:00:00,A_long,0.0014809661123388832,0.0014809661123388832,8.366868746737623,8.366868746737623,1.1476906980548396,1.1476906980548396,1.153109,1.153109,1.1585273019451603,1.1585273019451603,1.0,1.0
8031,122564,122583,1.1463048999688834,1.14888573900221,1.144739033887661,1.14888573900221,20.72671827664609,0.0,0.0022514420320427497,2025-07-30 13:15:00+00:00,2025-07-30 18:00:00+00:00,0 days 04:45:00,A_long,0.0014381706306937055,0.0008631124956386948,8.24018351631912,54.27786501443223,1.1465456157022182,1.1462154903809572,1.1526399999999999,1.1474095,1.1587343842977815,1.1486035096190428,1.0,0.0
8086,122661,122665,1.1410044149140628,1.1430287591441928,1.1397329115865598,1.1430287591441928,16.368847444831033,0.0,0.001774177385880149,2025-07-31 13:30:00+00:00,2025-07-31 14:30:00+00:00,0 days 01:00:00,A_long,0.0011361432916483407,0.001182352366474408,31.92498149885145,59.26051889088842,1.1412653986266652,1.1408163026290865,1.143454,1.1431115,1.1456426013733347,1.1454066973709136,1.0,1.0
-8016,122754,122754,1.1528244841030146,1.1555473863740828,1.1555473863740828,1.1481627045266511,-21.82678460488265,0.0,-0.002361940007881369,2025-08-01 12:45:00+00:00,2025-08-01 12:45:00+00:00,0 days 00:00:00,A_short,0.0027257348575383334,0.0027257348575383334,84.10689026194628,84.10689026194628,1.1343333259454247,1.1343333259454247,1.142152,1.142152,1.1499706740545754,1.1499706740545754,1.0,1.0
-7986,122755,122757,1.1544243376713708,1.1572357348575382,1.1572357348575382,1.149603677256431,-22.451817928732922,0.0,-0.002435323905106035,2025-08-01 13:00:00+00:00,2025-08-01 13:30:00+00:00,0 days 00:30:00,A_short,0.002766303543199901,0.0026360235502257017,85.80525716603255,85.24561197883925,1.132910953154689,1.1314748912576942,1.142901,1.1444355,1.1528910468453109,1.1573961087423057,1.0,1.0
-7944,122956,123031,1.1576940384016985,1.1591458442250835,1.1591458442250835,1.15534948039485,-11.533145460970436,0.0,-0.0012540496670341295,2025-08-05 15:15:00+00:00,2025-08-06 10:00:00+00:00,0 days 18:45:00,A_short,0.0012923983284055616,0.0008122662158567666,73.86697248240961,75.26939788117576,1.152131688278598,1.1567803941911954,1.154703,1.158055,1.1572743117214022,1.1593296058088047,1.0,1.0
7892,123134,123137,1.1641365317665147,1.165921333285216,1.1629792592859909,1.165921333285216,14.085653585591588,0.0,0.0015331548061574551,2025-08-07 11:45:00+00:00,2025-08-07 12:30:00+00:00,0 days 00:45:00,A_long,0.0010173086188078728,0.0011452820845987742,29.771652620424987,38.64508685816461,1.1644521696429597,1.1634895768090656,1.1671084999999999,1.166603,1.16976483035704,1.1697164231909345,1.0,1.0
-7899,123426,123427,1.16466340050885,1.1625621965530912,1.1660121130260603,1.1625621965530912,16.59741004653921,0.0,0.0018041298068101064,2025-08-12 12:45:00+00:00,2025-08-12 13:00:00+00:00,0 days 00:15:00,A_short,0.0013318312892523381,0.001422253784018702,70.9205270409013,61.14266541713174,1.158912621710177,1.158847016174282,1.16128,1.161352,1.1636473782898231,1.1638569838257178,1.0,1.0
-7870,123720,123787,1.1710728138670767,1.1692546017788403,1.1722807767895331,1.1692546017788403,14.309329134420498,0.0,0.0015526037891976374,2025-08-15 14:15:00+00:00,2025-08-18 07:00:00+00:00,2 days 16:45:00,A_short,0.001034006550928713,0.0005450737413537417,73.91713924806662,48.616346933798035,1.1675405131934187,1.1695411323037639,1.169143,1.1702035,1.1707454868065814,1.170865867696236,1.0,1.0
7950,124106,124157,1.161156259037578,1.1600342274694109,1.1600342274694109,1.1629343905550606,-8.920150966927942,0.0,-0.0009663054041468833,2025-08-21 14:45:00+00:00,2025-08-22 03:30:00+00:00,0 days 12:45:00,A_long,0.001047002859843914,0.0005727016308999591,31.321104354377837,19.64329179427334,1.1613652379270916,1.1600489669393488,1.163929,1.1609975000000001,1.1664927620729084,1.1619460330606515,1.0,0.0
-7894,124200,124200,1.1681230838504202,1.1699698390014832,1.1699698390014832,1.1650982897973305,-14.578285162491548,0.0,-0.001580959383985281,2025-08-22 14:15:00+00:00,2025-08-22 14:15:00+00:00,0 days 00:00:00,A_short,0.0018425271346187546,0.0018425271346187546,84.76660751387803,84.76660751387803,1.156021482839659,1.156021482839659,1.1611195,1.1611195,1.166217517160341,1.166217517160341,1.0,1.0
-7877,124201,124201,1.1687730243625647,1.1707225271346187,1.1707225271346187,1.1655634511576862,-15.356233335469106,0.0,-0.001667990902782135,2025-08-22 14:30:00+00:00,2025-08-22 14:30:00+00:00,0 days 00:00:00,A_short,0.0018448568500029172,0.0018448568500029172,86.71850587299188,86.71850587299188,1.1551995147494925,1.1551995147494925,1.16165,1.16165,1.1681004852505077,1.1681004852505077,1.0,1.0
-7854,124202,124203,1.1702628879980963,1.1722148568500028,1.1722148568500028,1.1670492576699947,-15.330763362873777,0.0,-0.0016679746678505136,2025-08-22 14:45:00+00:00,2025-08-22 15:00:00+00:00,0 days 00:15:00,A_short,0.0018788759366691937,0.001813692478446635,88.30769687055302,88.79475202942743,1.1545167737426887,1.1540945067163588,1.162258,1.1628815,1.1699992262573113,1.171668493283641,1.0,1.0
-7847,124682,124683,1.169452962129116,1.1705411133252321,1.1705411133252321,1.167709996014582,-8.53872243592264,0.0,-0.0009304788062061142,2025-08-29 14:45:00+00:00,2025-08-29 15:00:00+00:00,0 days 00:15:00,A_short,0.0011456315485346507,0.0011462140087300286,84.26405721272752,74.62232093743849,1.1643914644357387,1.164230242640069,1.16689,1.167043,1.1693885355642613,1.169855757359931,1.0,1.0
7873,124847,124848,1.16469658301759,1.1634121922836336,1.1634121922836336,1.1666820538894593,-10.112008248438457,0.0,-0.0011027685258839792,2025-09-02 08:00:00+00:00,2025-09-02 08:15:00+00:00,0 days 00:15:00,A_long,0.0012054333541840988,0.0012647089069595724,20.40215886457588,17.50161482883908,1.1656719181218773,1.1647850996827045,1.1687785,1.168497,1.1718850818781226,1.1722089003172953,1.0,1.0
7868,124849,124852,1.1641065290209212,1.1627252910930406,1.1627252910930406,1.1662664760325272,-10.867580016564446,0.0,-0.0011865219320110754,2025-09-02 08:30:00+00:00,2025-09-02 09:15:00+00:00,0 days 00:45:00,A_long,0.001344081052698322,0.001312138095637994,30.075013049722344,21.886311017261733,1.1643156576298923,1.162435758441533,1.1682775,1.1674465,1.1722393423701079,1.172457241558467,1.0,1.0
-7834,124872,124877,1.16767312503432,1.1651535700205766,1.1692702388774574,1.1651535700205766,19.738193977665375,0.0,0.002157757132304705,2025-09-02 14:15:00+00:00,2025-09-02 15:30:00+00:00,0 days 01:15:00,A_short,0.001414207027129878,0.0012828603914062588,65.74519851723866,51.61286466468618,1.1609296133344194,1.161168091518464,1.1638635000000002,1.1645405,1.166797386665581,1.167912908481536,1.0,1.0
-7852,124969,125009,1.1675131396774843,1.1655404060596608,1.1687753299668553,1.1655404060596608,15.489904367149833,0.0,0.0016896885788955096,2025-09-03 14:30:00+00:00,2025-09-04 00:30:00+00:00,0 days 10:00:00,A_short,0.001149285971274563,0.0003540121728220755,67.01229889405748,36.25314639651183,1.1632186365863046,1.1657205708066425,1.1651735,1.166005,1.1671283634136955,1.1662894291933574,1.0,0.0
