rsi_len,bb_std,rsi_os,rsi_ob,rr_tp,atr_mult_sl,risk_pct,a_atr_min,a_edge_mult,a_session_start,a_session_end,train_trades,train_pf,train_wr,train_ret,train_dd,train_sharpe,oos_trades,oos_pf,oos_wr,oos_ret,oos_dd,oos_sharpe
24,2.4,25.0,75.0,1.5,1.0,0.01,0.0005,1.0,8,17,52.0,0.4937229103744795,34.61538461538461,-2.0972439029056837,-2.164160195413567,-1.490714325048596,18.0,1.525926358884333,55.55555555555556,0.7413488868049899,-0.7631751942386411,0.7511362315100065
24,2.4,25.0,75.0,1.5,1.0,0.01,0.0007,1.0,8,17,48.0,0.4515059085692292,31.25,-2.2378761600501638,-2.2378761600501673,-1.6017477474171846,18.0,1.525926358884333,55.55555555555556,0.7413488868049899,-0.7631751942386411,0.7511362315100065
24,2.4,25.0,75.0,1.5,1.0,0.01,0.001,1.0,8,17,31.0,0.21597241686888405,16.129032258064516,-2.7175400325119696,-2.7456243922378554,-2.1696334977049627,18.0,1.525926358884333,55.55555555555556,0.7413488868049899,-0.7631751942386411,0.7511362315100065
10,2.4,25.0,75.0,1.5,1.0,0.01,0.001,1.0,8,17,38.0,0.21112308769877458,15.789473684210526,-3.3177332096213834,-3.4845051146890516,-2.4687939005611668,20.0,1.5076985406770007,55.00000000000001,0.7808874062414362,-0.8905481040328511,0.7730105582197976
10,2.4,30.0,70.0,1.5,1.0,0.01,0.001,1.0,8,17,38.0,0.21112308769877458,15.789473684210526,-3.3177332096213834,-3.4845051146890516,-2.4687939005611668,20.0,1.5076985406770007,55.00000000000001,0.7808874062414362,-0.8905481040328511,0.7730105582197976
12,2.4,25.0,75.0,1.5,1.0,0.01,0.001,1.0,8,17,38.0,0.21112308769877458,15.789473684210526,-3.3177332096213834,-3.4845051146890516,-2.4687939005611668,20.0,1.5076985406770007,55.00000000000001,0.7808874062414362,-0.8905481040328511,0.7730105582197976
12,2.4,30.0,70.0,1.5,1.0,0.01,0.001,1.0,8,17,38.0,0.21112308769877458,15.789473684210526,-3.3177332096213834,-3.4845051146890516,-2.4687939005611668,20.0,1.5076985406770007,55.00000000000001,0.7808874062414362,-0.8905481040328511,0.7730105582197976
14,2.4,25.0,75.0,1.5,1.0,0.01,0.001,1.0,8,17,38.0,0.21112308769877458,15.789473684210526,-3.3177332096213834,-3.4845051146890516,-2.4687939005611668,20.0,1.5076985406770007,55.00000000000001,0.7808874062414362,-0.8905481040328511,0.7730105582197976
14,2.4,30.0,70.0,1.5,1.0,0.01,0.001,1.0,8,17,38.0,0.21112308769877458,15.789473684210526,-3.3177332096213834,-3.4845051146890516,-2.4687939005611668,20.0,1.5076985406770007,55.00000000000001,0.7808874062414362,-0.8905481040328511,0.7730105582197976
16,2.4,25.0,75.0,1.5,1.0,0.01,0.001,1.0,8,17,38.0,0.21112308769877458,15.789473684210526,-3.3177332096213834,-3.4845051146890516,-2.4687939005611668,20.0,1.5076985406770007,55.00000000000001,0.7808874062414362,-0.8905481040328511,0.7730105582197976
16,2.4,30.0,70.0,1.5,1.0,0.01,0.001,1.0,8,17,38.0,0.21112308769877458,15.789473684210526,-3.3177332096213834,-3.4845051146890516,-2.4687939005611668,20.0,1.5076985406770007,55.00000000000001,0.7808874062414362,-0.8905481040328511,0.7730105582197976
18,2.4,25.0,75.0,1.5,1.0,0.01,0.001,1.0,8,17,38.0,0.21112308769877458,15.789473684210526,-3.3177332096213834,-3.4845051146890516,-2.4687939005611668,20.0,1.5076985406770007,55.00000000000001,0.7808874062414362,-0.8905481040328511,0.7730105582197976
18,2.4,30.0,70.0,1.5,1.0,0.01,0.001,1.0,8,17,38.0,0.21112308769877458,15.789473684210526,-3.3177332096213834,-3.4845051146890516,-2.4687939005611668,20.0,1.5076985406770007,55.00000000000001,0.7808874062414362,-0.8905481040328511,0.7730105582197976
20,2.4,25.0,75.0,1.5,1.0,0.01,0.001,1.0,8,17,36.0,0.22511874017248634,16.666666666666664,-3.060399469859276,-3.2276098790067542,-2.3214792773123625,20.0,1.5076985406770007,55.00000000000001,0.7808874062414362,-0.8905481040328511,0.7730105582197976
20,2.4,30.0,70.0,1.5,1.0,0.01,0.001,1.0,8,17,38.0,0.21112308769877458,15.789473684210526,-3.3177332096213834,-3.4845051146890516,-2.4687939005611668,20.0,1.5076985406770007,55.00000000000001,0.7808874062414362,-0.8905481040328511,0.7730105582197976
22,2.4,30.0,70.0,1.5,1.0,0.01,0.001,1.0,8,17,38.0,0.21112308769877458,15.789473684210526,-3.3177332096213834,-3.4845051146890516,-2.4687939005611668,20.0,1.5076985406770007,55.00000000000001,0.7808874062414362,-0.8905481040328511,0.7730105582197976
24,2.4,30.0,70.0,1.5,1.0,0.01,0.001,1.0,8,17,38.0,0.21112308769877458,15.789473684210526,-3.3177332096213834,-3.4845051146890516,-2.4687939005611668,20.0,1.5076985406770007,55.00000000000001,0.7808874062414362,-0.8905481040328511,0.7730105582197976
20,2.4,25.0,75.0,1.5,1.0,0.01,0.0007,0.75,8,17,95.0,0.6440579211134931,34.73684210526316,-2.6359725506205174,-3.1272546530603407,-1.187999350028898,37.0,1.4604523360336783,56.75675675675676,1.1869712871482443,-1.0985288066211352,0.9430622056509185
10,2.4,25.0,75.0,1.5,1.0,0.01,0.0007,0.75,8,17,105.0,0.6553098721727483,35.23809523809524,-2.796846553831165,-3.3150785921951864,-1.2397115220724084,41.0,1.4437740934857994,56.09756097560976,1.2447340449379043,-1.0984961541753546,0.9672309761586372
10,2.4,30.0,70.0,1.5,1.0,0.01,0.0007,0.75,8,17,105.0,0.6553098721727483,35.23809523809524,-2.796846553831165,-3.3150785921951864,-1.2397115220724084,41.0,1.4437740934857994,56.09756097560976,1.2447340449379043,-1.0984961541753546,0.9672309761586372
12,2.4,25.0,75.0,1.5,1.0,0.01,0.0007,0.75,8,17,105.0,0.6553098721727483,35.23809523809524,-2.796846553831165,-3.3150785921951864,-1.2397115220724084,41.0,1.4437740934857994,56.09756097560976,1.2447340449379043,-1.0984961541753546,0.9672309761586372
12,2.4,30.0,70.0,1.5,1.0,0.01,0.0007,0.75,8,17,105.0,0.6553098721727483,35.23809523809524,-2.796846553831165,-3.3150785921951864,-1.2397115220724084,41.0,1.4437740934857994,56.09756097560976,1.2447340449379043,-1.0984961541753546,0.9672309761586372
14,2.4,25.0,75.0,1.5,1.0,0.01,0.0007,0.75,8,17,105.0,0.6553098721727483,35.23809523809524,-2.796846553831165,-3.3150785921951864,-1.2397115220724084,41.0,1.4437740934857994,56.09756097560976,1.2447340449379043,-1.0984961541753546,0.9672309761586372
14,2.4,30.0,70.0,1.5,1.0,0.01,0.0007,0.75,8,17,105.0,0.6553098721727483,35.23809523809524,-2.796846553831165,-3.3150785921951864,-1.2397115220724084,41.0,1.4437740934857994,56.09756097560976,1.2447340449379043,-1.0984961541753546,0.9672309761586372
16,2.4,30.0,70.0,1.5,1.0,0.01,0.0007,0.75,8,17,105.0,0.6553098721727483,35.23809523809524,-2.796846553831165,-3.3150785921951864,-1.2397115220724084,41.0,1.4437740934857994,56.09756097560976,1.2447340449379043,-1.0984961541753546,0.9672309761586372
18,2.4,30.0,70.0,1.5,1.0,0.01,0.0007,0.75,8,17,105.0,0.6553098721727483,35.23809523809524,-2.796846553831165,-3.3150785921951864,-1.2397115220724084,41.0,1.4437740934857994,56.09756097560976,1.2447340449379043,-1.0984961541753546,0.9672309761586372
20,2.4,30.0,70.0,1.5,1.0,0.01,0.0007,0.75,8,17,105.0,0.6553098721727483,35.23809523809524,-2.796846553831165,-3.3150785921951864,-1.2397115220724084,41.0,1.4437740934857994,56.09756097560976,1.2447340449379043,-1.0984961541753546,0.9672309761586372
22,2.4,25.0,75.0,1.5,1.0,0.01,0.0007,0.75,8,17,89.0,0.6673685295069406,35.95505617977528,-2.3107549010540605,-2.824441329711236,-1.0765849262250673,35.0,1.440081435744198,57.14285714285714,1.0984543631662018,-1.0191940757422802,0.8833035578598051
10,2.4,25.0,75.0,1.5,1.0,0.01,0.0005,1.0,8,17,59.0,0.44668502673029575,32.20338983050847,-2.7013110707904886,-2.907489980657607,-1.8137616544296506,21.0,1.4331299771965615,52.38095238095239,0.7001250529662866,-0.969971026105998,0.6912188242489419
10,2.4,25.0,75.0,1.5,1.0,0.01,0.0007,1.0,8,17,55.0,0.41048669630891943,29.09090909090909,-2.841023306245788,-2.980605339569442,-1.919834921406151,21.0,1.4331299771965615,52.38095238095239,0.7001250529662866,-0.969971026105998,0.6912188242489419
10,2.4,30.0,70.0,1.5,1.0,0.01,0.0005,1.0,8,17,59.0,0.44668502673029575,32.20338983050847,-2.7013110707904886,-2.907489980657607,-1.8137616544296506,21.0,1.4331299771965615,52.38095238095239,0.7001250529662866,-0.969971026105998,0.6912188242489419
10,2.4,30.0,70.0,1.5,1.0,0.01,0.0007,1.0,8,17,55.0,0.41048669630891943,29.09090909090909,-2.841023306245788,-2.980605339569442,-1.919834921406151,21.0,1.4331299771965615,52.38095238095239,0.7001250529662866,-0.969971026105998,0.6912188242489419
12,2.4,25.0,75.0,1.5,1.0,0.01,0.0005,1.0,8,17,59.0,0.44668502673029575,32.20338983050847,-2.7013110707904886,-2.907489980657607,-1.8137616544296506,21.0,1.4331299771965615,52.38095238095239,0.7001250529662866,-0.969971026105998,0.6912188242489419
12,2.4,25.0,75.0,1.5,1.0,0.01,0.0007,1.0,8,17,55.0,0.41048669630891943,29.09090909090909,-2.841023306245788,-2.980605339569442,-1.919834921406151,21.0,1.4331299771965615,52.38095238095239,0.7001250529662866,-0.969971026105998,0.6912188242489419
12,2.4,30.0,70.0,1.5,1.0,0.01,0.0005,1.0,8,17,59.0,0.44668502673029575,32.20338983050847,-2.7013110707904886,-2.907489980657607,-1.8137616544296506,21.0,1.4331299771965615,52.38095238095239,0.7001250529662866,-0.969971026105998,0.6912188242489419
12,2.4,30.0,70.0,1.5,1.0,0.01,0.0007,1.0,8,17,55.0,0.41048669630891943,29.09090909090909,-2.841023306245788,-2.980605339569442,-1.919834921406151,21.0,1.4331299771965615,52.38095238095239,0.7001250529662866,-0.969971026105998,0.6912188242489419
14,2.4,25.0,75.0,1.5,1.0,0.01,0.0005,1.0,8,17,59.0,0.44668502673029575,32.20338983050847,-2.7013110707904886,-2.907489980657607,-1.8137616544296506,21.0,1.4331299771965615,52.38095238095239,0.7001250529662866,-0.969971026105998,0.6912188242489419
14,2.4,25.0,75.0,1.5,1.0,0.01,0.0007,1.0,8,17,55.0,0.41048669630891943,29.09090909090909,-2.841023306245788,-2.980605339569442,-1.919834921406151,21.0,1.4331299771965615,52.38095238095239,0.7001250529662866,-0.969971026105998,0.6912188242489419
14,2.4,30.0,70.0,1.5,1.0,0.01,0.0005,1.0,8,17,59.0,0.44668502673029575,32.20338983050847,-2.7013110707904886,-2.907489980657607,-1.8137616544296506,21.0,1.4331299771965615,52.38095238095239,0.7001250529662866,-0.969971026105998,0.6912188242489419
14,2.4,30.0,70.0,1.5,1.0,0.01,0.0007,1.0,8,17,55.0,0.41048669630891943,29.09090909090909,-2.841023306245788,-2.980605339569442,-1.919834921406151,21.0,1.4331299771965615,52.38095238095239,0.7001250529662866,-0.969971026105998,0.6912188242489419
16,2.4,25.0,75.0,1.5,1.0,0.01,0.0005,1.0,8,17,59.0,0.44668502673029575,32.20338983050847,-2.7013110707904886,-2.907489980657607,-1.8137616544296506,21.0,1.4331299771965615,52.38095238095239,0.7001250529662866,-0.969971026105998,0.6912188242489419
16,2.4,25.0,75.0,1.5,1.0,0.01,0.0007,1.0,8,17,55.0,0.41048669630891943,29.09090909090909,-2.841023306245788,-2.980605339569442,-1.919834921406151,21.0,1.4331299771965615,52.38095238095239,0.7001250529662866,-0.969971026105998,0.6912188242489419
16,2.4,30.0,70.0,1.5,1.0,0.01,0.0005,1.0,8,17,59.0,0.44668502673029575,32.20338983050847,-2.7013110707904886,-2.907489980657607,-1.8137616544296506,21.0,1.4331299771965615,52.38095238095239,0.7001250529662866,-0.969971026105998,0.6912188242489419
16,2.4,30.0,70.0,1.5,1.0,0.01,0.0007,1.0,8,17,55.0,0.41048669630891943,29.09090909090909,-2.841023306245788,-2.980605339569442,-1.919834921406151,21.0,1.4331299771965615,52.38095238095239,0.7001250529662866,-0.969971026105998,0.6912188242489419
18,2.4,25.0,75.0,1.5,1.0,0.01,0.0005,1.0,8,17,59.0,0.44668502673029575,32.20338983050847,-2.7013110707904886,-2.907489980657607,-1.8137616544296506,21.0,1.4331299771965615,52.38095238095239,0.7001250529662866,-0.969971026105998,0.6912188242489419
18,2.4,25.0,75.0,1.5,1.0,0.01,0.0007,1.0,8,17,55.0,0.41048669630891943,29.09090909090909,-2.841023306245788,-2.980605339569442,-1.919834921406151,21.0,1.4331299771965615,52.38095238095239,0.7001250529662866,-0.969971026105998,0.6912188242489419
18,2.4,30.0,70.0,1.5,1.0,0.01,0.0005,1.0,8,17,59.0,0.44668502673029575,32.20338983050847,-2.7013110707904886,-2.907489980657607,-1.8137616544296506,21.0,1.4331299771965615,52.38095238095239,0.7001250529662866,-0.969971026105998,0.6912188242489419
18,2.4,30.0,70.0,1.5,1.0,0.01,0.0007,1.0,8,17,55.0,0.41048669630891943,29.09090909090909,-2.841023306245788,-2.980605339569442,-1.919834921406151,21.0,1.4331299771965615,52.38095238095239,0.7001250529662866,-0.969971026105998,0.6912188242489419
20,2.4,25.0,75.0,1.5,1.0,0.01,0.0005,1.0,8,17,57.0,0.47206284343515637,33.33333333333333,-2.4423509934079264,-2.649089885230582,-1.6657805208505558,21.0,1.4331299771965615,52.38095238095239,0.7001250529662866,-0.969971026105998,0.6912188242489419
20,2.4,25.0,75.0,1.5,1.0,0.01,0.0007,1.0,8,17,53.0,0.4341083146933659,30.18867924528302,-2.5824843168822187,-2.722430670084053,-1.7729132689139728,21.0,1.4331299771965615,52.38095238095239,0.7001250529662866,-0.969971026105998,0.6912188242489419
20,2.4,30.0,70.0,1.5,1.0,0.01,0.0005,1.0,8,17,59.0,0.44668502673029575,32.20338983050847,-2.7013110707904886,-2.907489980657607,-1.8137616544296506,21.0,1.4331299771965615,52.38095238095239,0.7001250529662866,-0.969971026105998,0.6912188242489419
20,2.4,30.0,70.0,1.5,1.0,0.01,0.0007,1.0,8,17,55.0,0.41048669630891943,29.09090909090909,-2.841023306245788,-2.980605339569442,-1.919834921406151,21.0,1.4331299771965615,52.38095238095239,0.7001250529662866,-0.969971026105998,0.6912188242489419
22,2.4,30.0,70.0,1.5,1.0,0.01,0.0005,1.0,8,17,59.0,0.44668502673029575,32.20338983050847,-2.7013110707904886,-2.907489980657607,-1.8137616544296506,21.0,1.4331299771965615,52.38095238095239,0.7001250529662866,-0.969971026105998,0.6912188242489419
22,2.4,30.0,70.0,1.5,1.0,0.01,0.0007,1.0,8,17,55.0,0.41048669630891943,29.09090909090909,-2.841023306245788,-2.980605339569442,-1.919834921406151,21.0,1.4331299771965615,52.38095238095239,0.7001250529662866,-0.969971026105998,0.6912188242489419
24,2.4,30.0,70.0,1.5,1.0,0.01,0.0005,1.0,8,17,59.0,0.44668502673029575,32.20338983050847,-2.7013110707904886,-2.907489980657607,-1.8137616544296506,21.0,1.4331299771965615,52.38095238095239,0.7001250529662866,-0.969971026105998,0.6912188242489419
24,2.4,30.0,70.0,1.5,1.0,0.01,0.0007,1.0,8,17,55.0,0.41048669630891943,29.09090909090909,-2.841023306245788,-2.980605339569442,-1.919834921406151,21.0,1.4331299771965615,52.38095238095239,0.7001250529662866,-0.969971026105998,0.6912188242489419
10,1.8,25.0,75.0,1.5,1.0,0.01,0.0005,1.0,8,17,275.0,0.6798691651320649,36.72727272727273,-5.878504166349976,-6.094203812505472,-1.7676299701461304,114.0,1.4287918217501245,51.75438596491229,2.9391712972408097,-1.430465678846693,1.6717599508933316
10,1.8,30.0,70.0,1.5,1.0,0.01,0.0005,1.0,8,17,275.0,0.6798691651320649,36.72727272727273,-5.878504166349976,-6.094203812505472,-1.7676299701461304,114.0,1.4287918217501245,51.75438596491229,2.9391712972408097,-1.430465678846693,1.6717599508933316
12,1.8,25.0,75.0,1.5,1.0,0.01,0.0005,1.0,8,17,272.0,0.6890543177368915,37.13235294117647,-5.641551117273484,-5.857788096041661,-1.6922720257232293,114.0,1.4287918217501245,51.75438596491229,2.9391712972408097,-1.430465678846693,1.6717599508933316
12,1.8,30.0,70.0,1.5,1.0,0.01,0.0005,1.0,8,17,275.0,0.6798691651320649,36.72727272727273,-5.878504166349976,-6.094203812505472,-1.7676299701461304,114.0,1.4287918217501245,51.75438596491229,2.9391712972408097,-1.430465678846693,1.6717599508933316
14,1.8,30.0,70.0,1.5,1.0,0.01,0.0005,1.0,8,17,275.0,0.6798691651320649,36.72727272727273,-5.878504166349976,-6.094203812505472,-1.7676299701461304,114.0,1.4287918217501245,51.75438596491229,2.9391712972408097,-1.430465678846693,1.6717599508933316
16,1.8,30.0,70.0,1.5,1.0,0.01,0.0005,1.0,8,17,275.0,0.6798691651320649,36.72727272727273,-5.878504166349976,-6.094203812505472,-1.7676299701461304,114.0,1.4287918217501245,51.75438596491229,2.9391712972408097,-1.430465678846693,1.6717599508933316
18,1.8,30.0,70.0,1.5,1.0,0.01,0.0005,1.0,8,17,274.0,0.6825754379349906,36.86131386861314,-5.8081610834810995,-6.023999496198995,-1.7476850091671783,114.0,1.4287918217501245,51.75438596491229,2.9391712972408097,-1.430465678846693,1.6717599508933316
10,1.8,25.0,75.0,1.5,1.0,0.01,0.0007,1.0,8,17,236.0,0.669959643375326,36.016949152542374,-5.598454117740257,-5.845302830916421,-1.7092404393772704,107.0,1.426243159578124,51.4018691588785,2.8304824335473313,-1.4304756094307924,1.6501821038984774
10,1.8,30.0,70.0,1.5,1.0,0.01,0.0007,1.0,8,17,236.0,0.669959643375326,36.016949152542374,-5.598454117740257,-5.845302830916421,-1.7092404393772704,107.0,1.426243159578124,51.4018691588785,2.8304824335473313,-1.4304756094307924,1.6501821038984774
12,1.8,25.0,75.0,1.5,1.0,0.01,0.0007,1.0,8,17,234.0,0.677270558045243,36.324786324786324,-5.42096859037858,-5.668268057587433,-1.6534614857105496,107.0,1.426243159578124,51.4018691588785,2.8304824335473313,-1.4304756094307924,1.6501821038984774
12,1.8,30.0,70.0,1.5,1.0,0.01,0.0007,1.0,8,17,236.0,0.669959643375326,36.016949152542374,-5.598454117740257,-5.845302830916421,-1.7092404393772704,107.0,1.426243159578124,51.4018691588785,2.8304824335473313,-1.4304756094307924,1.6501821038984774
14,1.8,30.0,70.0,1.5,1.0,0.01,0.0007,1.0,8,17,236.0,0.669959643375326,36.016949152542374,-5.598454117740257,-5.845302830916421,-1.7092404393772704,107.0,1.426243159578124,51.4018691588785,2.8304824335473313,-1.4304756094307924,1.6501821038984774
16,1.8,30.0,70.0,1.5,1.0,0.01,0.0007,1.0,8,17,236.0,0.669959643375326,36.016949152542374,-5.598454117740257,-5.845302830916421,-1.7092404393772704,107.0,1.426243159578124,51.4018691588785,2.8304824335473313,-1.4304756094307924,1.6501821038984774
18,1.8,30.0,70.0,1.5,1.0,0.01,0.0007,1.0,8,17,235.0,0.672851886358165,36.17021276595745,-5.527870600716269,-5.7748697277567596,-1.6874931486612517,107.0,1.426243159578124,51.4018691588785,2.8304824335473313,-1.4304756094307924,1.6501821038984774
14,1.8,25.0,75.0,1.8,1.0,0.01,0.0005,1.0,8,17,267.0,0.7220467507622488,33.70786516853933,-5.237067875047578,-5.628455298708146,-1.473258672162835,113.0,1.4237596795022565,46.902654867256636,3.1638397020342017,-1.196048730529753,1.6351244334440342
20,1.8,30.0,70.0,1.8,1.0,0.01,0.0005,1.0,8,17,271.0,0.718094262211964,33.579335793357934,-5.384976974846813,-5.775739657126411,-1.4972737372360152,113.0,1.4237596795022565,46.902654867256636,3.1638397020342017,-1.196048730529753,1.6351244334440342
14,1.8,25.0,75.0,1.8,1.0,0.01,0.001,1.0,8,17,134.0,0.5896015146314558,27.611940298507463,-5.1637307395693455,-5.689357648123783,-1.652650329464693,74.0,1.4200561118379615,45.94594594594595,2.4264501754613232,-0.867569741469798,1.3880966230560519
20,1.8,30.0,70.0,1.8,1.0,0.01,0.001,1.0,8,17,135.0,0.5848332806107579,27.40740740740741,-5.263213729761119,-5.788279189959978,-1.6795526528669495,74.0,1.4200561118379615,45.94594594594595,2.4264501754613232,-0.867569741469798,1.3880966230560519
24,2.4,25.0,75.0,1.5,1.0,0.01,0.0007,0.75,8,17,82.0,0.6777396063838933,36.58536585365854,-2.062206741428145,-2.577204303928682,-0.976138903593486,32.0,1.417521139234491,56.25,0.9876361521058971,-1.0486031855608813,0.8074531396286243
10,1.8,25.0,75.0,1.5,1.0,0.01,0.001,1.0,8,17,136.0,0.5457069723431126,30.14705882352941,-5.583105339801059,-5.952020453697582,-1.8903379336089752,75.0,1.416679069428532,50.66666666666667,2.228283641969265,-1.212729888847719,1.4043957837499548
10,1.8,30.0,70.0,1.5,1.0,0.01,0.001,1.0,8,17,136.0,0.5457069723431126,30.14705882352941,-5.583105339801059,-5.952020453697582,-1.8903379336089752,75.0,1.416679069428532,50.66666666666667,2.228283641969265,-1.212729888847719,1.4043957837499548
12,1.8,25.0,75.0,1.5,1.0,0.01,0.001,1.0,8,17,135.0,0.5501729129731768,30.37037037037037,-5.486385473918835,-5.855657686398663,-1.8557936510414688,75.0,1.416679069428532,50.66666666666667,2.228283641969265,-1.212729888847719,1.4043957837499548
12,1.8,30.0,70.0,1.5,1.0,0.01,0.001,1.0,8,17,136.0,0.5457069723431126,30.14705882352941,-5.583105339801059,-5.952020453697582,-1.8903379336089752,75.0,1.416679069428532,50.66666666666667,2.228283641969265,-1.212729888847719,1.4043957837499548
14,1.8,30.0,70.0,1.5,1.0,0.01,0.001,1.0,8,17,136.0,0.5457069723431126,30.14705882352941,-5.583105339801059,-5.952020453697582,-1.8903379336089752,75.0,1.416679069428532,50.66666666666667,2.228283641969265,-1.212729888847719,1.4043957837499548
16,1.8,30.0,70.0,1.5,1.0,0.01,0.001,1.0,8,17,136.0,0.5457069723431126,30.14705882352941,-5.583105339801059,-5.952020453697582,-1.8903379336089752,75.0,1.416679069428532,50.66666666666667,2.228283641969265,-1.212729888847719,1.4043957837499548
18,1.8,30.0,70.0,1.5,1.0,0.01,0.001,1.0,8,17,136.0,0.5457069723431126,30.14705882352941,-5.583105339801059,-5.952020453697582,-1.8903379336089752,75.0,1.416679069428532,50.66666666666667,2.228283641969265,-1.212729888847719,1.4043957837499548
18,1.8,25.0,75.0,1.8,1.0,0.01,0.0005,1.0,8,17,246.0,0.727899256008434,34.146341463414636,-4.7461065855721785,-5.209007262792653,-1.3696101593625858,106.0,1.414357683172667,47.16981132075472,2.93694553762798,-1.0732199007966847,1.5581245554635237
14,1.8,25.0,75.0,1.8,1.0,0.01,0.0007,1.0,8,17,230.0,0.6957298845706189,32.17391304347826,-5.333651349840748,-5.806426400617582,-1.5313166471380584,106.0,1.4114419573638164,46.22641509433962,2.9819524504647053,-1.1960462456936383,1.5683038412133876
20,1.8,30.0,70.0,1.8,1.0,0.01,0.0007,1.0,8,17,234.0,0.6918989831458433,32.05128205128205,-5.481489300252234,-5.95351849183251,-1.5546937667094118,106.0,1.4114419573638164,46.22641509433962,2.9819524504647053,-1.1960462456936383,1.5683038412133876
16,1.8,25.0,75.0,1.8,1.0,0.01,0.0005,1.0,8,17,260.0,0.7458213759875888,34.61538461538461,-4.653032354371335,-5.046847396691478,-1.3051438624718743,111.0,1.408260360979316,46.846846846846844,3.016381201259592,-1.1960774350429304,1.5673168254822145
24,1.8,30.0,70.0,1.8,1.0,0.01,0.0005,1.0,8,17,258.0,0.7336535734373756,34.10852713178294,-4.865130902440469,-5.327460490042291,-1.3651061610882076,109.0,1.405723290989193,46.788990825688074,2.9554730389786164,-1.1960508148511462,1.5532253101643794
24,2.4,25.0,75.0,2.0,1.0,0.01,0.0005,1.0,8,17,52.0,0.5249218390630508,26.923076923076923,-2.1038588796849944,-2.1038588796849944,-1.3568968868114377,18.0,1.4046859120237778,44.44444444444444,0.6835437153973908,-0.7817859672948346,0.5999143211187926
24,2.4,25.0,75.0,2.0,1.0,0.01,0.0007,1.0,8,17,48.0,0.5270834584115308,27.083333333333332,-2.009252459374875,-2.0915636007824423,-1.310831722129996,18.0,1.4046859120237778,44.44444444444444,0.6835437153973908,-0.7817859672948346,0.5999143211187926
24,2.4,25.0,75.0,2.0,1.0,0.01,0.001,1.0,8,17,31.0,0.2922098655056514,16.129032258064516,-2.4573781721434895,-2.485537637692936,-1.8336284763260133,18.0,1.4046859120237778,44.44444444444444,0.6835437153973908,-0.7817859672948346,0.5999143211187926
18,1.8,25.0,75.0,1.8,1.0,0.01,0.0007,1.0,8,17,212.0,0.69983272669886,32.54716981132076,-4.879619310785784,-5.423971936334038,-1.4369562161291176,99.0,1.4010931615685394,46.464646464646464,2.755621961521392,-1.0732202034569926,1.4889374761811085
18,1.8,25.0,75.0,1.5,1.0,0.01,0.0005,1.0,8,17,246.0,0.7104502920457492,38.21138211382114,-4.761916463611142,-5.049768127649568,-1.4719986916043402,106.0,1.4002472573684306,51.886792452830186,2.5906113881933743,-1.069579503691187,1.5257574111356529
22,2.4,25.0,75.0,1.5,1.0,0.01,0.0005,1.0,8,17,54.0,0.4643061183520571,33.33333333333333,-2.3562846156855994,-2.423028578697617,-1.647027384010116,19.0,1.3987014741367525,52.63157894736842,0.6120356301880929,-0.8905572189360944,0.6153678107790517
22,2.4,25.0,75.0,1.5,1.0,0.01,0.0007,1.0,8,17,50.0,0.4242396816810994,30.0,-2.496548118877472,-2.496548118877473,-1.7569522295631952,19.0,1.3987014741367525,52.63157894736842,0.6120356301880929,-0.8905572189360944,0.6153678107790517
22,2.4,25.0,75.0,1.5,1.0,0.01,0.001,1.0,8,17,33.0,0.20082597151473908,15.151515151515152,-2.9749099134710013,-3.0029199733866085,-2.3259536765499993,19.0,1.3987014741367525,52.63157894736842,0.6120356301880929,-0.8905572189360944,0.6153678107790517
18,1.8,25.0,75.0,1.5,1.0,0.01,0.0007,1.0,8,17,212.0,0.694967862050989,37.264150943396224,-4.662147720595403,-4.981077164516334,-1.4669556221641162,99.0,1.3965933277554015,51.515151515151516,2.4822419253736916,-1.0695843867929211,1.5009010044465452
14,1.8,25.0,75.0,1.5,1.0,0.01,0.0005,1.0,8,17,267.0,0.6963670522272558,37.453183520599254,-5.413591399824327,-5.630317673794616,-1.6343669766540863,113.0,1.3960930393544435,51.32743362831859,2.711186041264136,-1.43047285172625,1.557516668174583
20,1.8,30.0,70.0,1.5,1.0,0.01,0.0005,1.0,8,17,271.0,0.6913657090086444,37.269372693726936,-5.582786487795984,-5.799152607962732,-1.6735014498751741,113.0,1.3960930393544435,51.32743362831859,2.711186041264136,-1.43047285172625,1.557516668174583
16,1.8,25.0,75.0,1.8,1.0,0.01,0.0007,1.0,8,17,225.0,0.7148483695041735,32.88888888888889,-4.878226778612698,-5.353253929168855,-1.397144669122467,104.0,1.3953676570855313,46.15384615384615,2.8347859533702104,-1.196063801944347,1.4991761494696627
22,1.8,30.0,70.0,1.8,1.0,0.01,0.0005,1.0,8,17,268.0,0.7278278629354133,33.95522388059701,-5.137296642691562,-5.529105802133505,-1.4307604175030901,112.0,1.3948710123328982,46.42857142857143,2.944021041139731,-1.196048730529753,1.5337015141748693
20,2.4,25.0,75.0,1.5,1.0,0.01,0.001,0.75,8,17,63.0,0.5532961680610596,30.158730158730158,-2.6219316698735384,-3.281543212331184,-1.2627952747054194,33.0,1.3939001576645604,54.54545454545454,0.9819884723348878,-1.1143015583511051,0.7899289514718938
10,1.8,25.0,75.0,1.8,1.0,0.01,0.0005,1.0,8,17,275.0,0.7067564968683578,33.09090909090909,-5.681368486626143,-6.070910965563869,-1.582602215546172,114.0,1.3932737111167504,46.49122807017544,2.99695193772739,-1.2128034915737884,1.5446956286257456
10,1.8,30.0,70.0,1.8,1.0,0.01,0.0005,1.0,8,17,275.0,0.7067564968683578,33.09090909090909,-5.681368486626143,-6.070910965563869,-1.582602215546172,114.0,1.3932737111167504,46.49122807017544,2.99695193772739,-1.2128034915737884,1.5446956286257456
12,1.8,25.0,75.0,1.8,1.0,0.01,0.0005,1.0,8,17,272.0,0.7158163482234815,33.455882352941174,-5.443948155237668,-5.834485966665848,-1.5150204981680564,114.0,1.3932737111167504,46.49122807017544,2.99695193772739,-1.2128034915737884,1.5446956286257456
12,1.8,30.0,70.0,1.8,1.0,0.01,0.0005,1.0,8,17,275.0,0.7067564968683578,33.09090909090909,-5.681368486626143,-6.070910965563869,-1.582602215546172,114.0,1.3932737111167504,46.49122807017544,2.99695193772739,-1.2128034915737884,1.5446956286257456
14,1.8,30.0,70.0,1.8,1.0,0.01,0.0005,1.0,8,17,275.0,0.7067564968683578,33.09090909090909,-5.681368486626143,-6.070910965563869,-1.582602215546172,114.0,1.3932737111167504,46.49122807017544,2.99695193772739,-1.2128034915737884,1.5446956286257456
16,1.8,30.0,70.0,1.8,1.0,0.01,0.0005,1.0,8,17,275.0,0.7067564968683578,33.09090909090909,-5.681368486626143,-6.070910965563869,-1.582602215546172,114.0,1.3932737111167504,46.49122807017544,2.99695193772739,-1.2128034915737884,1.5446956286257456
18,1.8,30.0,70.0,1.8,1.0,0.01,0.0005,1.0,8,17,274.0,0.7094271362874457,33.21167883211679,-5.6107771966756985,-6.0006237063174765,-1.5637603179504338,114.0,1.3932737111167504,46.49122807017544,2.99695193772739,-1.2128034915737884,1.5446956286257456
24,1.8,30.0,70.0,1.8,1.0,0.01,0.0007,1.0,8,17,224.0,0.7073469188873194,32.589285714285715,-4.998542834032178,-5.542212232699761,-1.4296726076516157,102.0,1.3925704797203273,46.07843137254902,2.774076005202314,-1.1960473312578102,1.4843683982490286
14,1.8,25.0,75.0,1.5,1.0,0.01,0.0007,1.0,8,17,230.0,0.6820030331925654,36.52173913043478,-5.2615462628786736,-5.509222141327719,-1.6166991269746354,106.0,1.3925106199512407,50.943396226415096,2.6027246997175095,-1.4304746311389338,1.5332001784966967
20,1.8,30.0,70.0,1.5,1.0,0.01,0.0007,1.0,8,17,234.0,0.6768526364689087,36.324786324786324,-5.430991294671675,-5.678259341284752,-1.6563929596955909,106.0,1.3925106199512407,50.943396226415096,2.6027246997175095,-1.4304746311389338,1.5332001784966967
14,1.8,25.0,75.0,2.0,1.0,0.01,0.001,1.0,8,17,134.0,0.5355312759793884,23.134328358208954,-6.125390046852062,-6.290152596936894,-1.912301232434562,74.0,1.3870757564264864,41.891891891891895,2.372017020317071,-0.8073574719541066,1.3032409713407425
20,1.8,30.0,70.0,2.0,1.0,0.01,0.001,1.0,8,17,135.0,0.5314196954029109,22.962962962962962,-6.22381873724089,-6.3884206223143725,-1.9378396431216225,74.0,1.3870757564264864,41.891891891891895,2.372017020317071,-0.8073574719541066,1.3032409713407425
24,1.8,30.0,70.0,1.5,1.0,0.01,0.0005,1.0,8,17,258.0,0.7101547642544658,37.98449612403101,-5.001679732013563,-5.288799734401273,-1.5067413891988701,109.0,1.385605802257653,51.37614678899083,2.570838099617631,-1.2618624452278016,1.500249572333554
16,1.8,25.0,75.0,1.5,1.0,0.01,0.0005,1.0,8,17,260.0,0.7205998367979561,38.46153846153847,-4.830636992452527,-5.048710772761423,-1.4556004700711782,111.0,1.3844782908876958,51.35135135135135,2.6027075089311986,-1.3611383666969012,1.5014210729670792
16,1.8,25.0,75.0,1.8,1.0,0.01,0.001,1.0,8,17,132.0,0.5997710942410788,28.030303030303028,-4.956339352543618,-5.483120124442853,-1.5824924392082405,73.0,1.3828803082210133,45.20547945205479,2.208218380114722,-0.867569741469798,1.275202130366299
22,1.8,30.0,70.0,1.8,1.0,0.01,0.001,1.0,8,17,134.0,0.5896015146314558,27.611940298507463,-5.1637307395693455,-5.689357648123783,-1.652650329464693,73.0,1.3828803082210133,45.20547945205479,2.208218380114722,-0.867569741469798,1.275202130366299
24,1.8,30.0,70.0,1.8,1.0,0.01,0.001,1.0,8,17,131.0,0.6057909397459432,28.24427480916031,-4.836580811804033,-5.3640072895500985,-1.5364658869069365,73.0,1.3828803082210133,45.20547945205479,2.208218380114722,-0.867569741469798,1.275202130366299
22,1.8,30.0,70.0,1.8,1.0,0.01,0.0007,1.0,8,17,231.0,0.7022065314603885,32.467532467532465,-5.228242021371716,-5.701558050414201,-1.485657139211682,105.0,1.3817166904508467,45.714285714285715,2.7625368030427127,-1.1960462456936383,1.4648798416961142
24,1.8,30.0,70.0,1.5,1.0,0.01,0.0007,1.0,8,17,224.0,0.6954505620663225,37.05357142857143,-4.90216027961127,-5.220274783142543,-1.5016692902609265,102.0,1.3815875209040196,50.98039215686274,2.4625312300128646,-1.261881878710025,1.4746568060596401
10,1.8,25.0,75.0,1.8,1.0,0.01,0.001,1.0,8,17,136.0,0.5802566770395574,27.205882352941174,-5.360237102680331,-5.8847615449337916,-1.7134354751848435,75.0,1.3811657300992608,45.33333333333333,2.2607371653397785,-0.9203532946720494,1.2888658000227462
10,1.8,30.0,70.0,1.8,1.0,0.01,0.001,1.0,8,17,136.0,0.5802566770395574,27.205882352941174,-5.360237102680331,-5.8847615449337916,-1.7134354751848435,75.0,1.3811657300992608,45.33333333333333,2.2607371653397785,-0.9203532946720494,1.2888658000227462
12,1.8,25.0,75.0,1.8,1.0,0.01,0.001,1.0,8,17,135.0,0.5848332806107579,27.40740740740741,-5.263213729761119,-5.788279189959978,-1.6795526528669495,75.0,1.3811657300992608,45.33333333333333,2.2607371653397785,-0.9203532946720494,1.2888658000227462
12,1.8,30.0,70.0,1.8,1.0,0.01,0.001,1.0,8,17,136.0,0.5802566770395574,27.205882352941174,-5.360237102680331,-5.8847615449337916,-1.7134354751848435,75.0,1.3811657300992608,45.33333333333333,2.2607371653397785,-0.9203532946720494,1.2888658000227462
14,1.8,30.0,70.0,1.8,1.0,0.01,0.001,1.0,8,17,136.0,0.5802566770395574,27.205882352941174,-5.360237102680331,-5.8847615449337916,-1.7134354751848435,75.0,1.3811657300992608,45.33333333333333,2.2607371653397785,-0.9203532946720494,1.2888658000227462
16,1.8,30.0,70.0,1.8,1.0,0.01,0.001,1.0,8,17,136.0,0.5802566770395574,27.205882352941174,-5.360237102680331,-5.8847615449337916,-1.7134354751848435,75.0,1.3811657300992608,45.33333333333333,2.2607371653397785,-0.9203532946720494,1.2888658000227462
18,1.8,30.0,70.0,1.8,1.0,0.01,0.001,1.0,8,17,136.0,0.5802566770395574,27.205882352941174,-5.360237102680331,-5.8847615449337916,-1.7134354751848435,75.0,1.3811657300992608,45.33333333333333,2.2607371653397785,-0.9203532946720494,1.2888658000227462
16,2.4,25.0,75.0,1.5,1.0,0.01,0.0007,0.75,8,17,104.0,0.6647747191672556,35.57692307692308,-2.6831972428681548,-3.2020218129918954,-1.1916437466318863,40.0,1.3808982310720315,55.00000000000001,1.066732128157728,-1.0984961541753546,0.8381177328810332
18,2.4,25.0,75.0,1.5,1.0,0.01,0.0007,0.75,8,17,100.0,0.6399955849451432,35.0,-2.8030148142935105,-3.3141009111782527,-1.2641927079880688,40.0,1.3808982310720315,55.00000000000001,1.066732128157728,-1.0984961541753546,0.8381177328810332
22,2.4,30.0,70.0,1.5,1.0,0.01,0.0007,0.75,8,17,105.0,0.6553098721727483,35.23809523809524,-2.796846553831165,-3.3150785921951864,-1.2397115220724084,40.0,1.3808982310720315,55.00000000000001,1.066732128157728,-1.0984961541753546,0.8381177328810332
24,2.4,30.0,70.0,1.5,1.0,0.01,0.0007,0.75,8,17,103.0,0.6752803310442493,35.92233009708738,-2.560695697515184,-3.0801412550077956,-1.12929489321415,40.0,1.3808982310720315,55.00000000000001,1.066732128157728,-1.0984961541753546,0.8381177328810332
16,1.8,25.0,75.0,1.5,1.0,0.01,0.0007,1.0,8,17,225.0,0.7018871738022288,37.333333333333336,-4.805723949422136,-5.054629345370976,-1.4745542577241944,104.0,1.3804860391861185,50.96153846153846,2.4943539301173043,-1.3611526342724223,1.4757269686766814
10,1.8,25.0,75.0,1.8,1.0,0.01,0.0007,1.0,8,17,236.0,0.6852370487431592,31.779661016949152,-5.64886418468579,-6.120055896179388,-1.604855286241814,107.0,1.38036379231372,45.794392523364486,2.815414030460579,-1.2127893275861168,1.476572512481138
10,1.8,30.0,70.0,1.8,1.0,0.01,0.0007,1.0,8,17,236.0,0.6852370487431592,31.779661016949152,-5.64886418468579,-6.120055896179388,-1.604855286241814,107.0,1.38036379231372,45.794392523364486,2.815414030460579,-1.2127893275861168,1.476572512481138
12,1.8,25.0,75.0,1.8,1.0,0.01,0.0007,1.0,8,17,234.0,0.6923026554091289,32.05128205128205,-5.471475321514972,-5.943530573471567,-1.551936072758108,107.0,1.38036379231372,45.794392523364486,2.815414030460579,-1.2127893275861168,1.476572512481138
12,1.8,30.0,70.0,1.8,1.0,0.01,0.0007,1.0,8,17,236.0,0.6852370487431592,31.779661016949152,-5.64886418468579,-6.120055896179388,-1.604855286241814,107.0,1.38036379231372,45.794392523364486,2.815414030460579,-1.2127893275861168,1.476572512481138
14,1.8,30.0,70.0,1.8,1.0,0.01,0.0007,1.0,8,17,236.0,0.6852370487431592,31.779661016949152,-5.64886418468579,-6.120055896179388,-1.604855286241814,107.0,1.38036379231372,45.794392523364486,2.815414030460579,-1.2127893275861168,1.476572512481138
16,1.8,30.0,70.0,1.8,1.0,0.01,0.0007,1.0,8,17,236.0,0.6852370487431592,31.779661016949152,-5.64886418468579,-6.120055896179388,-1.604855286241814,107.0,1.38036379231372,45.794392523364486,2.815414030460579,-1.2127893275861168,1.476572512481138
18,1.8,30.0,70.0,1.8,1.0,0.01,0.0007,1.0,8,17,235.0,0.6880332515707694,31.914893617021278,-5.578280752099963,-6.04982180636936,-1.5845271377953853,107.0,1.38036379231372,45.794392523364486,2.815414030460579,-1.2127893275861168,1.476572512481138
18,2.2,30.0,70.0,1.5,1.0,0.01,0.0007,0.75,8,17,160.0,0.6581286867274059,36.25,-4.08135219058042,-4.639195618830949,-1.4608550973655459,74.0,1.3751493532725336,51.35135135135135,1.840270559786386,-2.129452295281664,1.11154446447467
14,1.8,25.0,75.0,1.5,1.0,0.01,0.001,1.0,8,17,134.0,0.5548286467859777,30.597014925373134,-5.387057064596775,-5.756730504882379,-1.8283321809401192,74.0,1.3749428475507983,50.0,2.001842610134172,-1.2127500047315776,1.2767365266870971
20,1.8,30.0,70.0,1.5,1.0,0.01,0.001,1.0,8,17,135.0,0.5501729129731768,30.37037037037037,-5.486385473918835,-5.855657686398663,-1.8557936510414688,74.0,1.3749428475507983,50.0,2.001842610134172,-1.2127500047315776,1.2767365266870971
18,1.8,25.0,75.0,1.8,1.0,0.01,0.001,1.0,8,17,126.0,0.5881465124394659,27.77777777777778,-4.88937988417314,-5.4165210374873425,-1.5974461025036497,71.0,1.3737602231668375,45.07042253521127,2.1075957388230018,-0.8136800744162898,1.2315265611639923
22,1.8,30.0,70.0,1.5,1.0,0.01,0.0005,1.0,8,17,268.0,0.7012513044612227,37.6865671641791,-5.335506682114483,-5.552408395287822,-1.6028752430258126,112.0,1.3701451885230513,50.89285714285714,2.5305869213092773,-1.43047285172625,1.4633897713584338
14,1.8,25.0,75.0,2.0,1.0,0.01,0.0005,1.0,8,17,267.0,0.6851766333141754,29.962546816479403,-6.200193633075797,-6.294374078666831,-1.6860035080318778,113.0,1.3679312155446162,42.47787610619469,2.935226900001762,-1.3553848873758212,1.44264126905901
20,1.8,30.0,70.0,2.0,1.0,0.01,0.0005,1.0,8,17,271.0,0.682661731947182,29.88929889298893,-6.332452655565011,-6.4265003054269965,-1.701528514057577,113.0,1.3679312155446162,42.47787610619469,2.935226900001762,-1.3553848873758212,1.44264126905901
20,1.8,25.0,75.0,1.8,1.0,0.01,0.001,1.0,8,17,119.0,0.5890130626465587,27.73109243697479,-4.629014800452969,-5.157606171373541,-1.5308957323610153,68.0,1.3657466213551095,45.588235294117645,1.977877921383588,-0.8136800744162898,1.1895312211771232
22,1.8,30.0,70.0,1.5,1.0,0.01,0.0007,1.0,8,17,231.0,0.6875329428440003,36.79653679653679,-5.177736109205725,-5.425669809960054,-1.583085382968329,105.0,1.3657424395397888,50.476190476190474,2.4223333560166247,-1.4304746311389338,1.4367647281293068
20,2.4,25.0,75.0,1.5,1.0,0.01,0.0005,0.75,8,17,105.0,0.6756361497383423,37.142857142857146,-2.484477450149825,-3.0428052661780502,-1.1079903321612086,40.0,1.3512910085193137,52.5,0.9765435671190243,-1.098531438064243,0.7644589073924025
10,1.8,25.0,75.0,2.0,1.0,0.01,0.001,1.0,8,17,136.0,0.5274701597476805,22.794117647058822,-6.319821907155109,-6.484243738636419,-1.9719986066174489,75.0,1.3512598559670401,41.333333333333336,2.2065202931034946,-1.0114714011323356,1.2086683329332768
10,1.8,30.0,70.0,2.0,1.0,0.01,0.001,1.0,8,17,136.0,0.5274701597476805,22.794117647058822,-6.319821907155109,-6.484243738636419,-1.9719986066174489,75.0,1.3512598559670401,41.333333333333336,2.2065202931034946,-1.0114714011323356,1.2086683329332768
12,1.8,25.0,75.0,2.0,1.0,0.01,0.001,1.0,8,17,135.0,0.5314196954029109,22.962962962962962,-6.22381873724089,-6.3884206223143725,-1.9378396431216225,75.0,1.3512598559670401,41.333333333333336,2.2065202931034946,-1.0114714011323356,1.2086683329332768
12,1.8,30.0,70.0,2.0,1.0,0.01,0.001,1.0,8,17,136.0,0.5274701597476805,22.794117647058822,-6.319821907155109,-6.484243738636419,-1.9719986066174489,75.0,1.3512598559670401,41.333333333333336,2.2065202931034946,-1.0114714011323356,1.2086683329332768
14,1.8,30.0,70.0,2.0,1.0,0.01,0.001,1.0,8,17,136.0,0.5274701597476805,22.794117647058822,-6.319821907155109,-6.484243738636419,-1.9719986066174489,75.0,1.3512598559670401,41.333333333333336,2.2065202931034946,-1.0114714011323356,1.2086683329332768
16,1.8,30.0,70.0,2.0,1.0,0.01,0.001,1.0,8,17,136.0,0.5274701597476805,22.794117647058822,-6.319821907155109,-6.484243738636419,-1.9719986066174489,75.0,1.3512598559670401,41.333333333333336,2.2065202931034946,-1.0114714011323356,1.2086683329332768
18,1.8,30.0,70.0,2.0,1.0,0.01,0.001,1.0,8,17,136.0,0.5274701597476805,22.794117647058822,-6.319821907155109,-6.484243738636419,-1.9719986066174489,75.0,1.3512598559670401,41.333333333333336,2.2065202931034946,-1.0114714011323356,1.2086683329332768
16,1.8,25.0,75.0,2.0,1.0,0.01,0.0005,1.0,8,17,260.0,0.7066087851750378,30.76923076923077,-5.621908003970657,-5.716669081871473,-1.523175017038662,111.0,1.3497927480300214,42.34234234234234,2.7626130261618527,-1.3147758515055563,1.3664664889347706
10,2.2,25.0,75.0,1.5,1.0,0.01,0.0007,0.75,8,17,160.0,0.6581286867274059,36.25,-4.08135219058042,-4.639195618830949,-1.4608550973655459,75.0,1.348874688236933,50.66666666666667,1.743204284347812,-2.1295148062900338,1.046440117209057
10,2.2,30.0,70.0,1.5,1.0,0.01,0.0007,0.75,8,17,160.0,0.6581286867274059,36.25,-4.08135219058042,-4.639195618830949,-1.4608550973655459,75.0,1.348874688236933,50.66666666666667,1.743204284347812,-2.1295148062900338,1.046440117209057
12,2.2,25.0,75.0,1.5,1.0,0.01,0.0007,0.75,8,17,158.0,0.6684619123192641,36.708860759493675,-3.9010404724894214,-4.557721514211899,-1.3909845890094368,75.0,1.348874688236933,50.66666666666667,1.743204284347812,-2.1295148062900338,1.046440117209057
12,2.2,30.0,70.0,1.5,1.0,0.01,0.0007,0.75,8,17,160.0,0.6581286867274059,36.25,-4.08135219058042,-4.639195618830949,-1.4608550973655459,75.0,1.348874688236933,50.66666666666667,1.743204284347812,-2.1295148062900338,1.046440117209057
14,2.2,30.0,70.0,1.5,1.0,0.01,0.0007,0.75,8,17,160.0,0.6581286867274059,36.25,-4.08135219058042,-4.639195618830949,-1.4608550973655459,75.0,1.348874688236933,50.66666666666667,1.743204284347812,-2.1295148062900338,1.046440117209057
16,2.2,30.0,70.0,1.5,1.0,0.01,0.0007,0.75,8,17,160.0,0.6581286867274059,36.25,-4.08135219058042,-4.639195618830949,-1.4608550973655459,75.0,1.348874688236933,50.66666666666667,1.743204284347812,-2.1295148062900338,1.046440117209057
14,1.8,25.0,75.0,2.0,1.0,0.01,0.0007,1.0,8,17,230.0,0.6708107172607518,29.130434782608695,-6.0032312164711765,-6.196320872762517,-1.664787789650493,106.0,1.3488350516824565,41.509433962264154,2.70551192715895,-1.3553706629124362,1.3543469429015127
20,1.8,30.0,70.0,2.0,1.0,0.01,0.0007,1.0,8,17,234.0,0.6683093883951554,29.059829059829063,-6.135820908958667,-6.328612717330994,-1.6804243360379805,106.0,1.3488350516824565,41.509433962264154,2.70551192715895,-1.3553706629124362,1.3543469429015127
16,1.8,25.0,75.0,2.0,1.0,0.01,0.001,1.0,8,17,132.0,0.5442890296667097,23.484848484848484,-5.9200063774438965,-6.085149040667837,-1.8426391236370505,73.0,1.3479959070131504,41.0958904109589,2.1285058274403856,-0.8073574719541066,1.1822209193607396
22,1.8,30.0,70.0,2.0,1.0,0.01,0.001,1.0,8,17,134.0,0.5355312759793884,23.134328358208954,-6.125390046852062,-6.290152596936894,-1.912301232434562,73.0,1.3479959070131504,41.0958904109589,2.1285058274403856,-0.8073574719541066,1.1822209193607396
24,1.8,30.0,70.0,2.0,1.0,0.01,0.001,1.0,8,17,131.0,0.549465894065792,23.66412213740458,-5.801484550484074,-5.966825791137231,-1.8128123561698333,73.0,1.3479959070131504,41.0958904109589,2.1285058274403856,-0.8073574719541066,1.1822209193607396
18,1.8,25.0,75.0,2.0,1.0,0.01,0.0005,1.0,8,17,246.0,0.6817735817723208,30.081300813008134,-5.821007695883617,-5.8728161456290895,-1.6321992309004465,106.0,1.3474030092420215,42.45283018867924,2.638631110493134,-1.1920973326495221,1.333581770397454
24,1.8,30.0,70.0,2.0,1.0,0.01,0.0005,1.0,8,17,258.0,0.6935610214132034,30.23255813953488,-5.85896521727569,-5.9107267251938715,-1.6002047152826329,109.0,1.3442442416849982,42.201834862385326,2.682409392998907,-1.314805939473429,1.3423038865415282
10,2.4,25.0,75.0,1.5,1.0,0.01,0.0005,0.75,8,17,117.0,0.6726281673871204,36.75213675213676,-2.7829144944462314,-3.339543462700789,-1.2239400415549582,44.0,1.3439714324457988,52.27272727272727,1.0342928647445844,-1.098461772315873,0.7924188158482324
10,2.4,30.0,70.0,1.5,1.0,0.01,0.0005,0.75,8,17,117.0,0.6726281673871204,36.75213675213676,-2.7829144944462314,-3.339543462700789,-1.2239400415549582,44.0,1.3439714324457988,52.27272727272727,1.0342928647445844,-1.098461772315873,0.7924188158482324
12,2.4,25.0,75.0,1.5,1.0,0.01,0.0005,0.75,8,17,117.0,0.6726281673871204,36.75213675213676,-2.7829144944462314,-3.339543462700789,-1.2239400415549582,44.0,1.3439714324457988,52.27272727272727,1.0342928647445844,-1.098461772315873,0.7924188158482324
12,2.4,30.0,70.0,1.5,1.0,0.01,0.0005,0.75,8,17,117.0,0.6726281673871204,36.75213675213676,-2.7829144944462314,-3.339543462700789,-1.2239400415549582,44.0,1.3439714324457988,52.27272727272727,1.0342928647445844,-1.098461772315873,0.7924188158482324
14,2.4,25.0,75.0,1.5,1.0,0.01,0.0005,0.75,8,17,116.0,0.6783796863485057,37.06896551724138,-2.7120342882200563,-3.3150785921951864,-1.193340372882295,44.0,1.3439714324457988,52.27272727272727,1.0342928647445844,-1.098461772315873,0.7924188158482324
14,2.4,30.0,70.0,1.5,1.0,0.01,0.0005,0.75,8,17,117.0,0.6726281673871204,36.75213675213676,-2.7829144944462314,-3.339543462700789,-1.2239400415549582,44.0,1.3439714324457988,52.27272727272727,1.0342928647445844,-1.098461772315873,0.7924188158482324
16,2.4,30.0,70.0,1.5,1.0,0.01,0.0005,0.75,8,17,117.0,0.6726281673871204,36.75213675213676,-2.7829144944462314,-3.339543462700789,-1.2239400415549582,44.0,1.3439714324457988,52.27272727272727,1.0342928647445844,-1.098461772315873,0.7924188158482324
18,2.4,30.0,70.0,1.5,1.0,0.01,0.0005,0.75,8,17,117.0,0.6726281673871204,36.75213675213676,-2.7829144944462314,-3.339543462700789,-1.2239400415549582,44.0,1.3439714324457988,52.27272727272727,1.0342928647445844,-1.098461772315873,0.7924188158482324
20,2.4,30.0,70.0,1.5,1.0,0.01,0.0005,0.75,8,17,116.0,0.6783796863485057,37.06896551724138,-2.7120342882200563,-3.3150785921951864,-1.193340372882295,44.0,1.3439714324457988,52.27272727272727,1.0342928647445844,-1.098461772315873,0.7924188158482324
10,2.4,25.0,75.0,1.5,1.0,0.01,0.001,0.75,8,17,70.0,0.5515815832713359,30.0,-2.9067979053781894,-3.564476940387351,-1.3865623457380742,36.0,1.342751318467683,52.77777777777778,0.931091162321627,-1.178565373329854,0.7354908103130497
10,2.4,30.0,70.0,1.5,1.0,0.01,0.001,0.75,8,17,70.0,0.5515815832713359,30.0,-2.9067979053781894,-3.564476940387351,-1.3865623457380742,36.0,1.342751318467683,52.77777777777778,0.931091162321627,-1.178565373329854,0.7354908103130497
12,2.4,25.0,75.0,1.5,1.0,0.01,0.001,0.75,8,17,70.0,0.5515815832713359,30.0,-2.9067979053781894,-3.564476940387351,-1.3865623457380742,36.0,1.342751318467683,52.77777777777778,0.931091162321627,-1.178565373329854,0.7354908103130497
12,2.4,30.0,70.0,1.5,1.0,0.01,0.001,0.75,8,17,70.0,0.5515815832713359,30.0,-2.9067979053781894,-3.564476940387351,-1.3865623457380742,36.0,1.342751318467683,52.77777777777778,0.931091162321627,-1.178565373329854,0.7354908103130497
14,2.4,25.0,75.0,1.5,1.0,0.01,0.001,0.75,8,17,70.0,0.5515815832713359,30.0,-2.9067979053781894,-3.564476940387351,-1.3865623457380742,36.0,1.342751318467683,52.77777777777778,0.931091162321627,-1.178565373329854,0.7354908103130497
14,2.4,30.0,70.0,1.5,1.0,0.01,0.001,0.75,8,17,70.0,0.5515815832713359,30.0,-2.9067979053781894,-3.564476940387351,-1.3865623457380742,36.0,1.342751318467683,52.77777777777778,0.931091162321627,-1.178565373329854,0.7354908103130497
16,2.4,30.0,70.0,1.5,1.0,0.01,0.001,0.75,8,17,70.0,0.5515815832713359,30.0,-2.9067979053781894,-3.564476940387351,-1.3865623457380742,36.0,1.342751318467683,52.77777777777778,0.931091162321627,-1.178565373329854,0.7354908103130497
18,2.4,30.0,70.0,1.5,1.0,0.01,0.001,0.75,8,17,70.0,0.5515815832713359,30.0,-2.9067979053781894,-3.564476940387351,-1.3865623457380742,36.0,1.342751318467683,52.77777777777778,0.931091162321627,-1.178565373329854,0.7354908103130497
20,2.4,30.0,70.0,1.5,1.0,0.01,0.001,0.75,8,17,70.0,0.5515815832713359,30.0,-2.9067979053781894,-3.564476940387351,-1.3865623457380742,36.0,1.342751318467683,52.77777777777778,0.931091162321627,-1.178565373329854,0.7354908103130497
20,1.8,25.0,75.0,1.5,1.0,0.01,0.0007,1.0,8,17,203.0,0.7014681758045367,37.4384236453202,-4.357278633217229,-4.67722778382238,-1.3863380018227056,91.0,1.342166166732414,50.54945054945055,2.0279377481559098,-1.0695605967061539,1.294007292422007
16,1.8,25.0,75.0,1.5,1.0,0.01,0.001,1.0,8,17,132.0,0.56476783413619,31.060606060606062,-5.1801752633913924,-5.550660192737611,-1.7555739720656605,73.0,1.3418234106725504,49.31506849315068,1.8225109253285516,-1.2127500047315776,1.171532452261041
22,1.8,30.0,70.0,1.5,1.0,0.01,0.001,1.0,8,17,134.0,0.5548286467859777,30.597014925373134,-5.387057064596775,-5.756730504882379,-1.8283321809401192,73.0,1.3418234106725504,49.31506849315068,1.8225109253285516,-1.2127500047315776,1.171532452261041
24,1.8,30.0,70.0,1.5,1.0,0.01,0.001,1.0,8,17,131.0,0.5706574319679117,31.297709923664126,-5.060708567008678,-5.431672053659553,-1.707446080324785,73.0,1.3418234106725504,49.31506849315068,1.8225109253285516,-1.2127500047315776,1.171532452261041
24,2.2,30.0,70.0,1.5,1.0,0.01,0.0007,0.75,8,17,152.0,0.6749380514471326,36.84210526315789,-3.687941237235027,-4.34315124251885,-1.3284258293558424,70.0,1.34055351119578,51.42857142857142,1.609518229337864,-1.9620923700604753,0.9959273863534159
10,1.8,25.0,75.0,2.0,1.0,0.01,0.0005,1.0,8,17,275.0,0.6723911933419686,29.454545454545457,-6.625955830921666,-6.71970878657363,-1.784794068868276,114.0,1.3405454375561408,42.10526315789473,2.7686186093789003,-1.5793919478948815,1.3577215020265203
10,1.8,30.0,70.0,2.0,1.0,0.01,0.0005,1.0,8,17,275.0,0.6723911933419686,29.454545454545457,-6.625955830921666,-6.71970878657363,-1.784794068868276,114.0,1.3405454375561408,42.10526315789473,2.7686186093789003,-1.5793919478948815,1.3577215020265203
12,1.8,25.0,75.0,2.0,1.0,0.01,0.0005,1.0,8,17,272.0,0.6805994840367255,29.77941176470588,-6.390716067886951,-6.4847052179039295,-1.7189407389938829,114.0,1.3405454375561408,42.10526315789473,2.7686186093789003,-1.5793919478948815,1.3577215020265203
12,1.8,30.0,70.0,2.0,1.0,0.01,0.0005,1.0,8,17,275.0,0.6723911933419686,29.454545454545457,-6.625955830921666,-6.71970878657363,-1.784794068868276,114.0,1.3405454375561408,42.10526315789473,2.7686186093789003,-1.5793919478948815,1.3577215020265203
14,1.8,30.0,70.0,2.0,1.0,0.01,0.0005,1.0,8,17,275.0,0.6723911933419686,29.454545454545457,-6.625955830921666,-6.71970878657363,-1.784794068868276,114.0,1.3405454375561408,42.10526315789473,2.7686186093789003,-1.5793919478948815,1.3577215020265203
16,1.8,30.0,70.0,2.0,1.0,0.01,0.0005,1.0,8,17,275.0,0.6723911933419686,29.454545454545457,-6.625955830921666,-6.71970878657363,-1.784794068868276,114.0,1.3405454375561408,42.10526315789473,2.7686186093789003,-1.5793919478948815,1.3577215020265203
18,1.8,30.0,70.0,2.0,1.0,0.01,0.0005,1.0,8,17,274.0,0.6748118422696001,29.56204379562044,-6.556053651847887,-6.64987679334168,-1.7667101339469955,114.0,1.3405454375561408,42.10526315789473,2.7686186093789003,-1.5793919478948815,1.3577215020265203
20,1.8,25.0,75.0,1.5,1.0,0.01,0.001,1.0,8,17,119.0,0.5628438127734273,31.092436974789916,-4.717577489264604,-5.089843744178946,-1.6519713926156543,68.0,1.3403575022527792,50.0,1.6940004061412766,-1.089902791121411,1.129253371399555
18,1.8,25.0,75.0,1.5,1.0,0.01,0.001,1.0,8,17,126.0,0.5578925879547314,30.952380952380953,-5.038387172370876,-5.409421220750188,-1.7424473994634448,71.0,1.3384538619111026,49.29577464788733,1.7617704992023573,-1.0898643425802046,1.1445531857242954
22,1.8,30.0,70.0,2.0,1.0,0.01,0.0005,1.0,8,17,268.0,0.6914667386761367,30.223880597014922,-6.087053730927383,-6.181347775541823,-1.6377126879963422,112.0,1.33781090632614,41.964285714285715,2.6903655237753994,-1.3553848873758212,1.3343704780575472
10,2.2,25.0,75.0,1.5,1.0,0.01,0.0007,1.0,8,17,96.0,0.6149152293367486,35.41666666666667,-2.8775945318814773,-3.4081434725463433,-1.391759615238385,35.0,1.3365128278707012,54.285714285714285,0.8607340635714172,-1.2281301542728218,0.6993827054208966
10,2.2,30.0,70.0,1.5,1.0,0.01,0.0007,1.0,8,17,96.0,0.6149152293367486,35.41666666666667,-2.8775945318814773,-3.4081434725463433,-1.391759615238385,35.0,1.3365128278707012,54.285714285714285,0.8607340635714172,-1.2281301542728218,0.6993827054208966
12,2.2,25.0,75.0,1.5,1.0,0.01,0.0007,1.0,8,17,96.0,0.6149152293367486,35.41666666666667,-2.8775945318814773,-3.4081434725463433,-1.391759615238385,35.0,1.3365128278707012,54.285714285714285,0.8607340635714172,-1.2281301542728218,0.6993827054208966
12,2.2,30.0,70.0,1.5,1.0,0.01,0.0007,1.0,8,17,96.0,0.6149152293367486,35.41666666666667,-2.8775945318814773,-3.4081434725463433,-1.391759615238385,35.0,1.3365128278707012,54.285714285714285,0.8607340635714172,-1.2281301542728218,0.6993827054208966
14,2.2,25.0,75.0,1.5,1.0,0.01,0.0007,1.0,8,17,96.0,0.6149152293367486,35.41666666666667,-2.8775945318814773,-3.4081434725463433,-1.391759615238385,35.0,1.3365128278707012,54.285714285714285,0.8607340635714172,-1.2281301542728218,0.6993827054208966
14,2.2,30.0,70.0,1.5,1.0,0.01,0.0007,1.0,8,17,96.0,0.6149152293367486,35.41666666666667,-2.8775945318814773,-3.4081434725463433,-1.391759615238385,35.0,1.3365128278707012,54.285714285714285,0.8607340635714172,-1.2281301542728218,0.6993827054208966
16,2.2,25.0,75.0,1.5,1.0,0.01,0.0007,1.0,8,17,96.0,0.6149152293367486,35.41666666666667,-2.8775945318814773,-3.4081434725463433,-1.391759615238385,35.0,1.3365128278707012,54.285714285714285,0.8607340635714172,-1.2281301542728218,0.6993827054208966
16,2.2,30.0,70.0,1.5,1.0,0.01,0.0007,1.0,8,17,96.0,0.6149152293367486,35.41666666666667,-2.8775945318814773,-3.4081434725463433,-1.391759615238385,35.0,1.3365128278707012,54.285714285714285,0.8607340635714172,-1.2281301542728218,0.6993827054208966
18,2.2,25.0,75.0,1.5,1.0,0.01,0.0007,1.0,8,17,93.0,0.6152880049807009,35.483870967741936,-2.7949789620675256,-3.3188792964851888,-1.3578765318769659,35.0,1.3365128278707012,54.285714285714285,0.8607340635714172,-1.2281301542728218,0.6993827054208966
18,2.2,30.0,70.0,1.5,1.0,0.01,0.0007,1.0,8,17,96.0,0.6149152293367486,35.41666666666667,-2.8775945318814773,-3.4081434725463433,-1.391759615238385,35.0,1.3365128278707012,54.285714285714285,0.8607340635714172,-1.2281301542728218,0.6993827054208966
20,2.2,25.0,75.0,1.5,1.0,0.01,0.0007,1.0,8,17,90.0,0.6499068917075119,36.666666666666664,-2.41353852344575,-2.9395292433559317,-1.1619640191901766,35.0,1.3365128278707012,54.285714285714285,0.8607340635714172,-1.2281301542728218,0.6993827054208966
20,2.2,30.0,70.0,1.5,1.0,0.01,0.0007,1.0,8,17,96.0,0.6149152293367486,35.41666666666667,-2.8775945318814773,-3.4081434725463433,-1.391759615238385,35.0,1.3365128278707012,54.285714285714285,0.8607340635714172,-1.2281301542728218,0.6993827054208966
22,2.2,30.0,70.0,1.5,1.0,0.01,0.0007,1.0,8,17,96.0,0.6149152293367486,35.41666666666667,-2.8775945318814773,-3.4081434725463433,-1.391759615238385,35.0,1.3365128278707012,54.285714285714285,0.8607340635714172,-1.2281301542728218,0.6993827054208966
24,2.2,30.0,70.0,1.5,1.0,0.01,0.0007,1.0,8,17,95.0,0.6253176496132943,35.78947368421053,-2.7552261860292675,-3.286461713041977,-1.3217813118792163,35.0,1.3365128278707012,54.285714285714285,0.8607340635714172,-1.2281301542728218,0.6993827054208966
24,2.4,25.0,75.0,1.5,1.0,0.01,0.001,0.75,8,17,55.0,0.5319898448583036,29.09090909090909,-2.465153018590881,-2.986448997344471,-1.2485630466517834,30.0,1.336438552087741,53.333333333333336,0.7940846303234321,-1.1436828525236087,0.6543113143082033
18,1.8,25.0,75.0,2.0,1.0,0.01,0.001,1.0,8,17,126.0,0.5268970465727719,23.015873015873016,-5.903364860458932,-6.068545436100726,-1.8827432947014222,71.0,1.334364573452968,40.845070422535215,2.0016282235023573,-0.7863106030452705,1.1265222196294757
20,1.8,25.0,75.0,1.5,1.0,0.01,0.0005,1.0,8,17,236.0,0.7286664630068588,38.983050847457626,-4.245639158983249,-4.5350373729605264,-1.3219794503476021,97.0,1.3341310616834727,50.51546391752577,2.050239314745449,-1.069567251107717,1.2798319082358738
14,2.0,25.0,75.0,1.8,1.0,0.01,0.001,0.75,8,17,140.0,0.6141539287935637,28.57142857142857,-5.055997165452117,-5.73607893947512,-1.6291723269793235,86.0,1.3317340964686668,44.18604651162791,2.2569158690027504,-1.177118430252666,1.1493861267014909
16,1.8,25.0,75.0,2.0,1.0,0.01,0.0007,1.0,8,17,225.0,0.6884440959555171,29.777777777777775,-5.55094460771119,-5.744958516753118,-1.5346258361834284,104.0,1.330026909553768,41.34615384615385,2.53323656422117,-1.3148210872018562,1.2764519610194769
14,2.2,25.0,75.0,1.5,1.0,0.01,0.0007,0.75,8,17,156.0,0.6655478098389411,36.53846153846153,-3.900714609225252,-4.457430126930461,-1.4059236455918998,73.0,1.3297416052710005,50.68493150684932,1.6147279426529166,-2.1294490416185474,0.9862377897542101
20,2.2,30.0,70.0,1.5,1.0,0.01,0.0007,0.75,8,17,159.0,0.6637225619629619,36.477987421383645,-3.983059764332138,-4.639195618830949,-1.419875407409905,73.0,1.3297416052710005,50.68493150684932,1.6147279426529166,-2.1294490416185474,0.9862377897542101
20,2.4,25.0,75.0,1.5,1.0,0.01,0.0007,0.75,7,18,114.0,0.7262055743525112,37.719298245614034,-2.2841345484783235,-3.0710269596769812,-0.9033567266293215,46.0,1.3294012393581764,54.347826086956516,1.0465625800683847,-1.6955418866340333,0.7860952394873029
22,2.4,25.0,75.0,1.5,1.0,0.01,0.0005,0.75,8,17,99.0,0.7002283155093659,38.38383838383838,-2.158740704513166,-2.7397555299003007,-0.994576701251582,38.0,1.3292521833123416,52.63157894736842,0.8882532045604421,-1.0192006571474344,0.7035477916753468
20,1.8,25.0,75.0,1.8,1.0,0.01,0.0005,1.0,8,17,236.0,0.7325652680405852,34.32203389830508,-4.464409096760246,-4.928668141536496,-1.2990860163764715,97.0,1.328073809017051,45.36082474226804,2.211292348335828,-1.0732325577416213,1.2440171462677527
20,1.8,25.0,75.0,1.8,1.0,0.01,0.0007,1.0,8,17,203.0,0.7006126768639988,32.51231527093596,-4.6592192698570765,-5.204808451084686,-1.386755482196843,91.0,1.327167806022513,45.05494505494506,2.1358489537203966,-1.0731747755390209,1.2278972721142227
18,1.8,25.0,75.0,2.0,1.0,0.01,0.0007,1.0,8,17,212.0,0.6669538803806631,29.245283018867923,-5.64834392211933,-5.911119346537019,-1.6151967894817123,99.0,1.3267754117335977,41.41414141414141,2.4096020905033035,-1.1920632705696765,1.2415024722202832
22,2.4,25.0,75.0,1.5,1.0,0.01,0.001,0.75,8,17,60.0,0.5504702388862057,30.0,-2.5364768036526946,-3.0574036346870503,-1.2721204660853749,32.0,1.326630266077039,53.125,0.8127694080663423,-1.1143030905390705,0.6608761249677175
24,1.8,30.0,70.0,2.0,1.0,0.01,0.0007,1.0,8,17,224.0,0.6803252452616039,29.464285714285715,-5.686291108896694,-5.948986849025828,-1.582086458085687,102.0,1.3240616420331346,41.17647058823529,2.453293688945414,-1.3148203093537147,1.2510762256564933
18,2.2,25.0,75.0,1.5,1.0,0.01,0.0007,0.75,8,17,145.0,0.6632940043455884,36.55172413793103,-3.6645859683505297,-4.312911193712066,-1.3474962790557554,68.0,1.3211992970106314,51.470588235294116,1.4940216652052913,-1.893150675858557,0.9325254948393361
10,1.8,25.0,75.0,2.0,1.0,0.01,0.0007,1.0,8,17,236.0,0.6621402735999661,28.8135593220339,-6.30204484982014,-6.494535275521085,-1.7294972160968272,107.0,1.3211178380589468,41.1214953271028,2.5393361295151404,-1.5793331579742498,1.2682144662671082
10,1.8,30.0,70.0,2.0,1.0,0.01,0.0007,1.0,8,17,236.0,0.6621402735999661,28.8135593220339,-6.30204484982014,-6.494535275521085,-1.7294972160968272,107.0,1.3211178380589468,41.1214953271028,2.5393361295151404,-1.5793331579742498,1.2682144662671082
12,1.8,25.0,75.0,2.0,1.0,0.01,0.0007,1.0,8,17,234.0,0.6686830397419028,29.059829059829063,-6.12591895950769,-6.318789431191485,-1.6777848871726926,107.0,1.3211178380589468,41.1214953271028,2.5393361295151404,-1.5793331579742498,1.2682144662671082
12,1.8,30.0,70.0,2.0,1.0,0.01,0.0007,1.0,8,17,236.0,0.6621402735999661,28.8135593220339,-6.30204484982014,-6.494535275521085,-1.7294972160968272,107.0,1.3211178380589468,41.1214953271028,2.5393361295151404,-1.5793331579742498,1.2682144662671082
14,1.8,30.0,70.0,2.0,1.0,0.01,0.0007,1.0,8,17,236.0,0.6621402735999661,28.8135593220339,-6.30204484982014,-6.494535275521085,-1.7294972160968272,107.0,1.3211178380589468,41.1214953271028,2.5393361295151404,-1.5793331579742498,1.2682144662671082
16,1.8,30.0,70.0,2.0,1.0,0.01,0.0007,1.0,8,17,236.0,0.6621402735999661,28.8135593220339,-6.30204484982014,-6.494535275521085,-1.7294972160968272,107.0,1.3211178380589468,41.1214953271028,2.5393361295151404,-1.5793331579742498,1.2682144662671082
18,1.8,30.0,70.0,2.0,1.0,0.01,0.0007,1.0,8,17,235.0,0.6647302290985772,28.936170212765955,-6.2319242494894755,-6.424559811593989,-1.7098860172886508,107.0,1.3211178380589468,41.1214953271028,2.5393361295151404,-1.5793331579742498,1.2682144662671082
10,2.4,25.0,75.0,1.5,1.0,0.01,0.0007,0.75,7,18,126.0,0.7395905128944522,38.095238095238095,-2.381351638443939,-3.1570242934978454,-0.9243602832234334,52.0,1.3210638444975975,53.84615384615385,1.1204125960188867,-1.6955564634670628,0.8297246515681864
10,2.4,30.0,70.0,1.5,1.0,0.01,0.0007,0.75,7,18,126.0,0.7395905128944522,38.095238095238095,-2.381351638443939,-3.1570242934978454,-0.9243602832234334,52.0,1.3210638444975975,53.84615384615385,1.1204125960188867,-1.6955564634670628,0.8297246515681864
12,2.4,25.0,75.0,1.5,1.0,0.01,0.0007,0.75,7,18,126.0,0.7395905128944522,38.095238095238095,-2.381351638443939,-3.1570242934978454,-0.9243602832234334,52.0,1.3210638444975975,53.84615384615385,1.1204125960188867,-1.6955564634670628,0.8297246515681864
12,2.4,30.0,70.0,1.5,1.0,0.01,0.0007,0.75,7,18,126.0,0.7395905128944522,38.095238095238095,-2.381351638443939,-3.1570242934978454,-0.9243602832234334,52.0,1.3210638444975975,53.84615384615385,1.1204125960188867,-1.6955564634670628,0.8297246515681864
14,2.4,25.0,75.0,1.5,1.0,0.01,0.0007,0.75,7,18,126.0,0.7395905128944522,38.095238095238095,-2.381351638443939,-3.1570242934978454,-0.9243602832234334,52.0,1.3210638444975975,53.84615384615385,1.1204125960188867,-1.6955564634670628,0.8297246515681864
14,2.4,30.0,70.0,1.5,1.0,0.01,0.0007,0.75,7,18,126.0,0.7395905128944522,38.095238095238095,-2.381351638443939,-3.1570242934978454,-0.9243602832234334,52.0,1.3210638444975975,53.84615384615385,1.1204125960188867,-1.6955564634670628,0.8297246515681864
16,2.4,30.0,70.0,1.5,1.0,0.01,0.0007,0.75,7,18,126.0,0.7395905128944522,38.095238095238095,-2.381351638443939,-3.1570242934978454,-0.9243602832234334,52.0,1.3210638444975975,53.84615384615385,1.1204125960188867,-1.6955564634670628,0.8297246515681864
18,2.4,30.0,70.0,1.5,1.0,0.01,0.0007,0.75,7,18,126.0,0.7395905128944522,38.095238095238095,-2.381351638443939,-3.1570242934978454,-0.9243602832234334,52.0,1.3210638444975975,53.84615384615385,1.1204125960188867,-1.6955564634670628,0.8297246515681864
20,2.4,30.0,70.0,1.5,1.0,0.01,0.0007,0.75,7,18,126.0,0.7395905128944522,38.095238095238095,-2.381351638443939,-3.1570242934978454,-0.9243602832234334,52.0,1.3210638444975975,53.84615384615385,1.1204125960188867,-1.6955564634670628,0.8297246515681864
10,2.2,25.0,75.0,1.5,1.0,0.01,0.001,0.75,8,17,101.0,0.5079805558971326,28.71287128712871,-4.6243647588732895,-5.191484782082845,-1.789341645595697,57.0,1.3205860139519479,49.122807017543856,1.3808264779000274,-2.0168326945415815,0.8553102332931769
10,2.2,30.0,70.0,1.5,1.0,0.01,0.001,0.75,8,17,101.0,0.5079805558971326,28.71287128712871,-4.6243647588732895,-5.191484782082845,-1.789341645595697,57.0,1.3205860139519479,49.122807017543856,1.3808264779000274,-2.0168326945415815,0.8553102332931769
12,2.2,25.0,75.0,1.5,1.0,0.01,0.001,0.75,8,17,100.0,0.5134563110681986,28.999999999999996,-4.526584457595599,-5.094293195455779,-1.7433979876206773,57.0,1.3205860139519479,49.122807017543856,1.3808264779000274,-2.0168326945415815,0.8553102332931769
12,2.2,30.0,70.0,1.5,1.0,0.01,0.001,0.75,8,17,101.0,0.5079805558971326,28.71287128712871,-4.6243647588732895,-5.191484782082845,-1.789341645595697,57.0,1.3205860139519479,49.122807017543856,1.3808264779000274,-2.0168326945415815,0.8553102332931769
14,2.2,30.0,70.0,1.5,1.0,0.01,0.001,0.75,8,17,101.0,0.5079805558971326,28.71287128712871,-4.6243647588732895,-5.191484782082845,-1.789341645595697,57.0,1.3205860139519479,49.122807017543856,1.3808264779000274,-2.0168326945415815,0.8553102332931769
16,2.2,30.0,70.0,1.5,1.0,0.01,0.001,0.75,8,17,101.0,0.5079805558971326,28.71287128712871,-4.6243647588732895,-5.191484782082845,-1.789341645595697,57.0,1.3205860139519479,49.122807017543856,1.3808264779000274,-2.0168326945415815,0.8553102332931769
18,2.2,30.0,70.0,1.5,1.0,0.01,0.001,0.75,8,17,101.0,0.5079805558971326,28.71287128712871,-4.6243647588732895,-5.191484782082845,-1.789341645595697,57.0,1.3205860139519479,49.122807017543856,1.3808264779000274,-2.0168326945415815,0.8553102332931769
18,2.2,30.0,70.0,1.5,1.0,0.01,0.0005,0.75,8,17,183.0,0.6516802503228478,36.0655737704918,-4.479900803115361,-5.176254871741093,-1.5930385462463774,77.0,1.319016374319656,49.35064935064935,1.6284406078328175,-2.1295210556667055,0.9756795437286545
20,2.0,30.0,70.0,1.8,1.0,0.01,0.0005,0.75,8,17,309.0,0.7216968266765527,33.33333333333333,-5.994284105380448,-6.7008470913308305,-1.6321202815353022,137.0,1.318656927857096,45.25547445255474,2.8912020917243897,-1.8029274254502403,1.326907662746628
20,1.8,25.0,75.0,2.0,1.0,0.01,0.001,1.0,8,17,119.0,0.5210107065212489,22.689075630252102,-5.685882901974746,-5.851414891738004,-1.864707498933061,68.0,1.3182683844751555,41.17647058823529,1.8310715524901753,-0.7863123900119784,1.064450943217097
22,1.8,30.0,70.0,2.0,1.0,0.01,0.0007,1.0,8,17,231.0,0.677844681313477,29.43722943722944,-5.884259744093706,-6.077626065258535,-1.6140097996916827,105.0,1.317901919713933,40.95238095238095,2.4611849985085064,-1.3553706629124362,1.243640435027553
14,2.0,25.0,75.0,1.8,1.0,0.01,0.0005,0.75,8,17,300.0,0.7335079459618566,33.666666666666664,-5.541087072920727,-6.467836940847704,-1.5389220696418042,136.0,1.3152721449797564,44.85294117647059,2.8404900105185518,-1.7441690391713616,1.2895910701744813
24,2.2,30.0,70.0,1.8,1.0,0.01,0.0007,0.75,8,17,152.0,0.6551541431612193,30.92105263157895,-4.196144443198918,-5.051394811751386,-1.4009363874136926,70.0,1.3134971780909794,45.714285714285715,1.637045213967649,-1.8169370449933497,0.9211796997149063
16,2.2,25.0,75.0,1.5,1.0,0.01,0.0007,0.75,8,17,153.0,0.6826264173260355,37.254901960784316,-3.6150871482718316,-4.270785004426103,-1.305140391292175,71.0,1.3125789178447949,50.70422535211267,1.5073667661429317,-2.060649369169054,0.9279152633919825
22,2.2,25.0,75.0,1.5,1.0,0.01,0.0007,1.0,8,17,85.0,0.633432342051801,36.470588235294116,-2.4132442935605285,-2.7995501866016848,-1.2163162493831057,33.0,1.312043726854671,54.54545454545454,0.7724270910296945,-1.1489918650616326,0.6355627943866777
14,2.2,25.0,75.0,1.8,1.0,0.01,0.0007,0.75,8,17,156.0,0.6489107043298947,30.76923076923077,-4.383762691311204,-5.237314630196,-1.4648784416871505,73.0,1.3114863429758588,45.20547945205479,1.6802400165774996,-1.9844927302406612,0.932860010173716
20,2.2,30.0,70.0,1.8,1.0,0.01,0.0007,0.75,8,17,159.0,0.6492166112748893,30.81761006289308,-4.444007379219129,-5.297066114316406,-1.4675196389154028,73.0,1.3114863429758588,45.20547945205479,1.6802400165774996,-1.9844927302406612,0.932860010173716
22,2.4,25.0,75.0,2.0,1.0,0.01,0.0005,1.0,8,17,54.0,0.4955411830974641,25.925925925925924,-2.362762758714489,-2.3627627587144873,-1.5034363618723394,19.0,1.3058649500730934,42.10526315789473,0.5543051624142754,-0.8905529135767143,0.4838514996248337
22,2.4,25.0,75.0,2.0,1.0,0.01,0.0007,1.0,8,17,50.0,0.49639122539612335,26.0,-2.2685141437247696,-2.3505992271662723,-1.4595215521002818,19.0,1.3058649500730934,42.10526315789473,0.5543051624142754,-0.8905529135767143,0.4838514996248337
22,2.4,25.0,75.0,2.0,1.0,0.01,0.001,1.0,8,17,33.0,0.2717167820647675,15.151515151515152,-2.7153931009271037,-2.7434780804481584,-1.989390630641335,19.0,1.3058649500730934,42.10526315789473,0.5543051624142754,-0.8905529135767143,0.4838514996248337
10,2.4,25.0,75.0,1.8,1.0,0.01,0.0007,0.75,8,17,105.0,0.6384122219619144,29.523809523809526,-3.1396880425929883,-3.788190034893335,-1.2912346735990727,41.0,1.304807642394755,48.78048780487805,0.9807616857693392,-1.058751878015629,0.7006166511096228
10,2.4,30.0,70.0,1.8,1.0,0.01,0.0007,0.75,8,17,105.0,0.6384122219619144,29.523809523809526,-3.1396880425929883,-3.788190034893335,-1.2912346735990727,41.0,1.304807642394755,48.78048780487805,0.9807616857693392,-1.058751878015629,0.7006166511096228
12,2.4,25.0,75.0,1.8,1.0,0.01,0.0007,0.75,8,17,105.0,0.6384122219619144,29.523809523809526,-3.1396880425929883,-3.788190034893335,-1.2912346735990727,41.0,1.304807642394755,48.78048780487805,0.9807616857693392,-1.058751878015629,0.7006166511096228
12,2.4,30.0,70.0,1.8,1.0,0.01,0.0007,0.75,8,17,105.0,0.6384122219619144,29.523809523809526,-3.1396880425929883,-3.788190034893335,-1.2912346735990727,41.0,1.304807642394755,48.78048780487805,0.9807616857693392,-1.058751878015629,0.7006166511096228
14,2.4,25.0,75.0,1.8,1.0,0.01,0.0007,0.75,8,17,105.0,0.6384122219619144,29.523809523809526,-3.1396880425929883,-3.788190034893335,-1.2912346735990727,41.0,1.304807642394755,48.78048780487805,0.9807616857693392,-1.058751878015629,0.7006166511096228
14,2.4,30.0,70.0,1.8,1.0,0.01,0.0007,0.75,8,17,105.0,0.6384122219619144,29.523809523809526,-3.1396880425929883,-3.788190034893335,-1.2912346735990727,41.0,1.304807642394755,48.78048780487805,0.9807616857693392,-1.058751878015629,0.7006166511096228
16,2.4,30.0,70.0,1.8,1.0,0.01,0.0007,0.75,8,17,105.0,0.6384122219619144,29.523809523809526,-3.1396880425929883,-3.788190034893335,-1.2912346735990727,41.0,1.304807642394755,48.78048780487805,0.9807616857693392,-1.058751878015629,0.7006166511096228
18,2.4,30.0,70.0,1.8,1.0,0.01,0.0007,0.75,8,17,105.0,0.6384122219619144,29.523809523809526,-3.1396880425929883,-3.788190034893335,-1.2912346735990727,41.0,1.304807642394755,48.78048780487805,0.9807616857693392,-1.058751878015629,0.7006166511096228
20,2.4,30.0,70.0,1.8,1.0,0.01,0.0007,0.75,8,17,105.0,0.6384122219619144,29.523809523809526,-3.1396880425929883,-3.788190034893335,-1.2912346735990727,41.0,1.304807642394755,48.78048780487805,0.9807616857693392,-1.058751878015629,0.7006166511096228
24,2.4,25.0,75.0,1.5,1.0,0.01,0.0005,0.75,8,17,92.0,0.7129709964351439,39.130434782608695,-1.9097839019826461,-2.492274275059181,-0.8936492672588173,35.0,1.3029881825873915,51.42857142857142,0.777641766793131,-1.0486431109017924,0.6259192829821566
18,2.4,25.0,75.0,1.5,1.0,0.01,0.0007,0.75,7,18,121.0,0.7291498923359437,38.01652892561984,-2.3874542298732195,-3.1630655025106647,-0.9391812349343599,50.0,1.3025412634659241,54.0,1.0290645334750115,-1.6955660327833577,0.7625643952674459
22,2.4,30.0,70.0,1.5,1.0,0.01,0.0007,0.75,7,18,126.0,0.7395905128944522,38.095238095238095,-2.381351638443939,-3.1570242934978454,-0.9243602832234334,50.0,1.3025412634659241,54.0,1.0290645334750115,-1.6955660327833577,0.7625643952674459
24,2.4,30.0,70.0,1.5,1.0,0.01,0.0007,0.75,7,18,124.0,0.75959089516914,38.70967741935484,-2.1441796708311265,-2.9217109052980472,-0.8287662098966645,50.0,1.3025412634659241,54.0,1.0290645334750115,-1.6955660327833577,0.7625643952674459
20,2.0,30.0,70.0,1.8,1.0,0.01,0.001,0.75,8,17,145.0,0.6050897323936585,28.27586206896552,-5.379535869715054,-6.025274886293541,-1.7097052670554869,87.0,1.302529715027597,43.67816091954023,2.101462633372357,-1.3273072753453796,1.0811346883110937
24,1.8,25.0,75.0,1.5,1.0,0.01,0.0007,1.0,8,17,168.0,0.7000649509204984,37.5,-3.693947715289305,-3.973048049013339,-1.2601383264554318,71.0,1.3006999239471455,49.29577464788733,1.5064722153907315,-1.2262350992664595,1.0108515689633535
20,2.0,30.0,70.0,1.8,1.0,0.01,0.0007,0.75,8,17,267.0,0.7095014386326952,32.58426966292135,-5.799951495016158,-6.391226483117318,-1.6065546104915527,124.0,1.2997073167391016,44.354838709677416,2.599449715304163,-1.6946442693133168,1.2288519692757682
20,2.2,25.0,75.0,1.5,1.0,0.01,0.0007,0.75,8,17,139.0,0.6936208333633044,37.410071942446045,-3.1516119948538104,-3.842751864845073,-1.1683021064644619,64.0,1.2981344807343336,51.5625,1.3175449675381241,-1.8931020483093253,0.8448687532115181
14,2.0,25.0,75.0,1.8,1.0,0.01,0.0007,0.75,8,17,258.0,0.7217856762835848,32.945736434108525,-5.34561601057274,-6.143700581649081,-1.5117351272858939,123.0,1.2960399636211621,43.90243902439025,2.5487411422248623,-1.6358817874351228,1.1911955527080258
20,2.2,25.0,75.0,1.5,1.0,0.01,0.0005,0.5,8,17,258.0,0.8036808059282224,41.08527131782946,-3.2356119192139343,-4.284933803144408,-0.9987173551523918,113.0,1.295288696222647,50.442477876106196,2.103440912450442,-1.1575986066929,1.1691407626962131
10,2.4,25.0,75.0,1.5,1.0,0.01,0.0007,1.0,7,18,70.0,0.5755423136143376,35.714285714285715,-2.320574100374397,-2.6953485251938636,-1.3235117364784563,29.0,1.2948744601079663,51.724137931034484,0.6323796222331475,-1.2523873848688472,0.5716750107269383
10,2.4,30.0,70.0,1.5,1.0,0.01,0.0007,1.0,7,18,70.0,0.5755423136143376,35.714285714285715,-2.320574100374397,-2.6953485251938636,-1.3235117364784563,29.0,1.2948744601079663,51.724137931034484,0.6323796222331475,-1.2523873848688472,0.5716750107269383
12,2.4,25.0,75.0,1.5,1.0,0.01,0.0007,1.0,7,18,70.0,0.5755423136143376,35.714285714285715,-2.320574100374397,-2.6953485251938636,-1.3235117364784563,29.0,1.2948744601079663,51.724137931034484,0.6323796222331475,-1.2523873848688472,0.5716750107269383
12,2.4,30.0,70.0,1.5,1.0,0.01,0.0007,1.0,7,18,70.0,0.5755423136143376,35.714285714285715,-2.320574100374397,-2.6953485251938636,-1.3235117364784563,29.0,1.2948744601079663,51.724137931034484,0.6323796222331475,-1.2523873848688472,0.5716750107269383
14,2.4,25.0,75.0,1.5,1.0,0.01,0.0007,1.0,7,18,70.0,0.5755423136143376,35.714285714285715,-2.320574100374397,-2.6953485251938636,-1.3235117364784563,29.0,1.2948744601079663,51.724137931034484,0.6323796222331475,-1.2523873848688472,0.5716750107269383
14,2.4,30.0,70.0,1.5,1.0,0.01,0.0007,1.0,7,18,70.0,0.5755423136143376,35.714285714285715,-2.320574100374397,-2.6953485251938636,-1.3235117364784563,29.0,1.2948744601079663,51.724137931034484,0.6323796222331475,-1.2523873848688472,0.5716750107269383
16,2.4,25.0,75.0,1.5,1.0,0.01,0.0007,1.0,7,18,70.0,0.5755423136143376,35.714285714285715,-2.320574100374397,-2.6953485251938636,-1.3235117364784563,29.0,1.2948744601079663,51.724137931034484,0.6323796222331475,-1.2523873848688472,0.5716750107269383
16,2.4,30.0,70.0,1.5,1.0,0.01,0.0007,1.0,7,18,70.0,0.5755423136143376,35.714285714285715,-2.320574100374397,-2.6953485251938636,-1.3235117364784563,29.0,1.2948744601079663,51.724137931034484,0.6323796222331475,-1.2523873848688472,0.5716750107269383
18,2.4,25.0,75.0,1.5,1.0,0.01,0.0007,1.0,7,18,70.0,0.5755423136143376,35.714285714285715,-2.320574100374397,-2.6953485251938636,-1.3235117364784563,29.0,1.2948744601079663,51.724137931034484,0.6323796222331475,-1.2523873848688472,0.5716750107269383
18,2.4,30.0,70.0,1.5,1.0,0.01,0.0007,1.0,7,18,70.0,0.5755423136143376,35.714285714285715,-2.320574100374397,-2.6953485251938636,-1.3235117364784563,29.0,1.2948744601079663,51.724137931034484,0.6323796222331475,-1.2523873848688472,0.5716750107269383
20,2.4,25.0,75.0,1.5,1.0,0.01,0.0007,1.0,7,18,68.0,0.6046489097380799,36.76470588235294,-2.060642497379122,-2.4364209477234167,-1.1881667381390053,29.0,1.2948744601079663,51.724137931034484,0.6323796222331475,-1.2523873848688472,0.5716750107269383
20,2.4,30.0,70.0,1.5,1.0,0.01,0.0007,1.0,7,18,70.0,0.5755423136143376,35.714285714285715,-2.320574100374397,-2.6953485251938636,-1.3235117364784563,29.0,1.2948744601079663,51.724137931034484,0.6323796222331475,-1.2523873848688472,0.5716750107269383
22,2.4,30.0,70.0,1.5,1.0,0.01,0.0007,1.0,7,18,70.0,0.5755423136143376,35.714285714285715,-2.320574100374397,-2.6953485251938636,-1.3235117364784563,29.0,1.2948744601079663,51.724137931034484,0.6323796222331475,-1.2523873848688472,0.5716750107269383
24,2.4,30.0,70.0,1.5,1.0,0.01,0.0007,1.0,7,18,70.0,0.5755423136143376,35.714285714285715,-2.320574100374397,-2.6953485251938636,-1.3235117364784563,29.0,1.2948744601079663,51.724137931034484,0.6323796222331475,-1.2523873848688472,0.5716750107269383
10,2.2,25.0,75.0,1.5,1.0,0.01,0.0005,0.75,8,17,183.0,0.6516802503228478,36.0655737704918,-4.479900803115361,-5.176254871741093,-1.5930385462463774,78.0,1.2948241012735056,48.717948717948715,1.5317091893391808,-2.129446319406403,0.9122411713219714
10,2.2,30.0,70.0,1.5,1.0,0.01,0.0005,0.75,8,17,183.0,0.6516802503228478,36.0655737704918,-4.479900803115361,-5.176254871741093,-1.5930385462463774,78.0,1.2948241012735056,48.717948717948715,1.5317091893391808,-2.129446319406403,0.9122411713219714
12,2.2,25.0,75.0,1.5,1.0,0.01,0.0005,0.75,8,17,180.0,0.6644148685156472,36.666666666666664,-4.2392766444888,-4.937372760384429,-1.4990417944319836,78.0,1.2948241012735056,48.717948717948715,1.5317091893391808,-2.129446319406403,0.9122411713219714
12,2.2,30.0,70.0,1.5,1.0,0.01,0.0005,0.75,8,17,183.0,0.6516802503228478,36.0655737704918,-4.479900803115361,-5.176254871741093,-1.5930385462463774,78.0,1.2948241012735056,48.717948717948715,1.5317091893391808,-2.129446319406403,0.9122411713219714
14,2.2,30.0,70.0,1.5,1.0,0.01,0.0005,0.75,8,17,183.0,0.6516802503228478,36.0655737704918,-4.479900803115361,-5.176254871741093,-1.5930385462463774,78.0,1.2948241012735056,48.717948717948715,1.5317091893391808,-2.129446319406403,0.9122411713219714
16,2.2,30.0,70.0,1.5,1.0,0.01,0.0005,0.75,8,17,183.0,0.6516802503228478,36.0655737704918,-4.479900803115361,-5.176254871741093,-1.5930385462463774,78.0,1.2948241012735056,48.717948717948715,1.5317091893391808,-2.129446319406403,0.9122411713219714
22,2.2,30.0,70.0,1.5,1.0,0.01,0.0007,0.75,8,17,157.0,0.6739765018120779,36.94267515923567,-3.806885128451504,-4.464239070686871,-1.362749897154687,72.0,1.2937086589222446,50.0,1.4360611418600093,-2.1294490416185474,0.8836380423608216
18,2.0,25.0,75.0,1.8,1.0,0.01,0.0005,0.75,8,17,267.0,0.7504777480070133,34.831460674157306,-4.65599124698243,-5.454842809428029,-1.3267924039766321,117.0,1.2911812732005048,45.2991452991453,2.322523526021851,-1.2740959914172012,1.1448838155916252
10,2.2,25.0,75.0,1.5,1.0,0.01,0.0007,1.0,7,18,115.0,0.7042700074153484,38.26086956521739,-2.487753624091165,-2.980257834707123,-1.056136970414672,44.0,1.2898594939150154,54.54545454545454,0.895340541045789,-1.7541365235526962,0.6815377089099331
10,2.2,30.0,70.0,1.5,1.0,0.01,0.0007,1.0,7,18,115.0,0.7042700074153484,38.26086956521739,-2.487753624091165,-2.980257834707123,-1.056136970414672,44.0,1.2898594939150154,54.54545454545454,0.895340541045789,-1.7541365235526962,0.6815377089099331
12,2.2,25.0,75.0,1.5,1.0,0.01,0.0007,1.0,7,18,115.0,0.7042700074153484,38.26086956521739,-2.487753624091165,-2.980257834707123,-1.056136970414672,44.0,1.2898594939150154,54.54545454545454,0.895340541045789,-1.7541365235526962,0.6815377089099331
12,2.2,30.0,70.0,1.5,1.0,0.01,0.0007,1.0,7,18,115.0,0.7042700074153484,38.26086956521739,-2.487753624091165,-2.980257834707123,-1.056136970414672,44.0,1.2898594939150154,54.54545454545454,0.895340541045789,-1.7541365235526962,0.6815377089099331
14,2.2,25.0,75.0,1.5,1.0,0.01,0.0007,1.0,7,18,115.0,0.7042700074153484,38.26086956521739,-2.487753624091165,-2.980257834707123,-1.056136970414672,44.0,1.2898594939150154,54.54545454545454,0.895340541045789,-1.7541365235526962,0.6815377089099331
14,2.2,30.0,70.0,1.5,1.0,0.01,0.0007,1.0,7,18,115.0,0.7042700074153484,38.26086956521739,-2.487753624091165,-2.980257834707123,-1.056136970414672,44.0,1.2898594939150154,54.54545454545454,0.895340541045789,-1.7541365235526962,0.6815377089099331
16,2.2,25.0,75.0,1.5,1.0,0.01,0.0007,1.0,7,18,115.0,0.7042700074153484,38.26086956521739,-2.487753624091165,-2.980257834707123,-1.056136970414672,44.0,1.2898594939150154,54.54545454545454,0.895340541045789,-1.7541365235526962,0.6815377089099331
16,2.2,30.0,70.0,1.5,1.0,0.01,0.0007,1.0,7,18,115.0,0.7042700074153484,38.26086956521739,-2.487753624091165,-2.980257834707123,-1.056136970414672,44.0,1.2898594939150154,54.54545454545454,0.895340541045789,-1.7541365235526962,0.6815377089099331
18,2.2,25.0,75.0,1.5,1.0,0.01,0.0007,1.0,7,18,112.0,0.7069048653801561,38.392857142857146,-2.404793148529734,-2.890649233959164,-1.0243445471843362,44.0,1.2898594939150154,54.54545454545454,0.895340541045789,-1.7541365235526962,0.6815377089099331
18,2.2,30.0,70.0,1.5,1.0,0.01,0.0007,1.0,7,18,115.0,0.7042700074153484,38.26086956521739,-2.487753624091165,-2.980257834707123,-1.056136970414672,44.0,1.2898594939150154,54.54545454545454,0.895340541045789,-1.7541365235526962,0.6815377089099331
20,2.2,30.0,70.0,1.5,1.0,0.01,0.0007,1.0,7,18,115.0,0.7042700074153484,38.26086956521739,-2.487753624091165,-2.980257834707123,-1.056136970414672,44.0,1.2898594939150154,54.54545454545454,0.895340541045789,-1.7541365235526962,0.6815377089099331
22,2.2,30.0,70.0,1.5,1.0,0.01,0.0007,1.0,7,18,115.0,0.7042700074153484,38.26086956521739,-2.487753624091165,-2.980257834707123,-1.056136970414672,44.0,1.2898594939150154,54.54545454545454,0.895340541045789,-1.7541365235526962,0.6815377089099331
24,2.2,30.0,70.0,1.5,1.0,0.01,0.0007,1.0,7,18,114.0,0.7148664357762644,38.59649122807017,-2.3649290599630874,-2.8580907694960134,-0.9975050526272338,44.0,1.2898594939150154,54.54545454545454,0.895340541045789,-1.7541365235526962,0.6815377089099331
24,1.8,25.0,75.0,1.5,1.0,0.01,0.001,1.0,8,17,102.0,0.5534114789309875,30.392156862745097,-4.205932694398888,-4.542414868139055,-1.5615494029574364,58.0,1.2896851532213292,48.275862068965516,1.2980263048683809,-1.3764070259082217,0.8951577619166953
24,1.8,25.0,75.0,2.0,1.0,0.01,0.001,1.0,8,17,102.0,0.5810923049694559,24.509803921568626,-4.229892801231417,-4.506954511173111,-1.4449864379693869,58.0,1.2889769284528938,39.6551724137931,1.4815051559333186,-1.0494857184532247,0.8907728677188984
16,2.2,25.0,75.0,1.8,1.0,0.01,0.0007,0.75,8,17,153.0,0.6644002388904795,31.372549019607842,-4.099539244982388,-4.955625269806408,-1.3713323720687571,71.0,1.288673102352084,45.07042253521127,1.5349384237752566,-1.9155738893495422,0.8601828319179027
20,2.4,25.0,75.0,1.8,1.0,0.01,0.0007,0.75,8,17,95.0,0.6117419800666508,28.421052631578945,-3.0945238118938687,-3.743314345827564,-1.2950735509520939,37.0,1.2883461868605133,48.64864864864865,0.8617990441385155,-0.9352016449657108,0.6310656787885812
18,2.2,25.0,75.0,1.8,1.0,0.01,0.0007,0.75,8,17,145.0,0.6356530984663605,30.344827586206897,-4.263113641171367,-5.117776317089728,-1.4543523241403593,68.0,1.288115405229158,45.588235294117645,1.4822209233091599,-1.7478669163740412,0.8427165827333601
18,2.0,30.0,70.0,1.8,1.0,0.01,0.0005,0.75,8,17,314.0,0.7164722538959923,33.12101910828025,-6.1903666764195435,-6.895457294493612,-1.6846620906979308,141.0,1.2865435139290688,44.680851063829785,2.695882055142556,-1.8029993793800103,1.2270539732103658
16,2.4,25.0,75.0,1.5,1.0,0.01,0.0005,0.75,8,17,115.0,0.6878085046733807,37.391304347826086,-2.5983075196289973,-3.2020218129918954,-1.1454812972586341,43.0,1.2854419414016183,51.162790697674424,0.8566441675961505,-1.098461772315873,0.6634643778791454
18,2.4,25.0,75.0,1.5,1.0,0.01,0.0005,0.75,8,17,111.0,0.6645874264578684,36.93693693693694,-2.7182392818084917,-3.3141009111782527,-1.2167226491964063,43.0,1.2854419414016183,51.162790697674424,0.8566441675961505,-1.098461772315873,0.6634643778791454
22,2.4,30.0,70.0,1.5,1.0,0.01,0.0005,0.75,8,17,116.0,0.6783796863485057,37.06896551724138,-2.7120342882200563,-3.3150785921951864,-1.193340372882295,43.0,1.2854419414016183,51.162790697674424,0.8566441675961505,-1.098461772315873,0.6634643778791454
24,2.4,30.0,70.0,1.5,1.0,0.01,0.0005,0.75,8,17,114.0,0.6982622853272481,37.719298245614034,-2.4756661883083324,-3.0801412550077956,-1.0838900113175942,43.0,1.2854419414016183,51.162790697674424,0.8566441675961505,-1.098461772315873,0.6634643778791454
20,2.0,25.0,75.0,1.5,1.0,0.01,0.0007,1.0,8,17,136.0,0.7480223642223804,38.970588235294116,-2.5048770341382807,-3.4417282435737495,-0.9512985726375334,55.0,1.2851017808511398,50.90909090909091,1.132449153889065,-1.8503188261958736,0.7487161818716205
24,1.8,25.0,75.0,1.8,1.0,0.01,0.0007,1.0,8,17,168.0,0.6887261544788315,32.142857142857146,-4.103772316104496,-4.6478407701847075,-1.3114958160430485,71.0,1.2845892313050284,43.66197183098591,1.5666061186354818,-1.1571094775569057,0.9536371472361018
24,2.2,30.0,70.0,1.5,1.0,0.01,0.0005,0.75,8,17,171.0,0.6816450254725777,37.42690058479532,-3.827912101064794,-4.536263078895864,-1.3644304862614074,73.0,1.283934979284673,49.31506849315068,1.398278948864372,-1.9620628452472921,0.8579322753888003
24,1.8,25.0,75.0,1.8,1.0,0.01,0.001,1.0,8,17,102.0,0.5648216290812221,26.47058823529412,-4.299017875252157,-4.812194609796572,-1.5144760417282697,58.0,1.2838760884994251,43.103448275862064,1.3911820450314554,-1.0712963987501656,0.8689616043653026
10,2.0,25.0,75.0,1.5,1.0,0.01,0.0007,1.0,8,17,146.0,0.7496314597696591,39.04109589041096,-2.665944410028751,-3.5991381611154005,-0.9945953342643354,59.0,1.2834244344724375,50.847457627118644,1.190180724426118,-1.8503598070617189,0.7746725947023286
10,2.0,30.0,70.0,1.5,1.0,0.01,0.0007,1.0,8,17,146.0,0.7496314597696591,39.04109589041096,-2.665944410028751,-3.5991381611154005,-0.9945953342643354,59.0,1.2834244344724375,50.847457627118644,1.190180724426118,-1.8503598070617189,0.7746725947023286
12,2.0,25.0,75.0,1.5,1.0,0.01,0.0007,1.0,8,17,146.0,0.7496314597696591,39.04109589041096,-2.665944410028751,-3.5991381611154005,-0.9945953342643354,59.0,1.2834244344724375,50.847457627118644,1.190180724426118,-1.8503598070617189,0.7746725947023286
12,2.0,30.0,70.0,1.5,1.0,0.01,0.0007,1.0,8,17,146.0,0.7496314597696591,39.04109589041096,-2.665944410028751,-3.5991381611154005,-0.9945953342643354,59.0,1.2834244344724375,50.847457627118644,1.190180724426118,-1.8503598070617189,0.7746725947023286
14,2.0,25.0,75.0,1.5,1.0,0.01,0.0007,1.0,8,17,146.0,0.7496314597696591,39.04109589041096,-2.665944410028751,-3.5991381611154005,-0.9945953342643354,59.0,1.2834244344724375,50.847457627118644,1.190180724426118,-1.8503598070617189,0.7746725947023286
14,2.0,30.0,70.0,1.5,1.0,0.01,0.0007,1.0,8,17,146.0,0.7496314597696591,39.04109589041096,-2.665944410028751,-3.5991381611154005,-0.9945953342643354,59.0,1.2834244344724375,50.847457627118644,1.190180724426118,-1.8503598070617189,0.7746725947023286
16,2.0,30.0,70.0,1.5,1.0,0.01,0.0007,1.0,8,17,146.0,0.7496314597696591,39.04109589041096,-2.665944410028751,-3.5991381611154005,-0.9945953342643354,59.0,1.2834244344724375,50.847457627118644,1.190180724426118,-1.8503598070617189,0.7746725947023286
18,2.0,30.0,70.0,1.5,1.0,0.01,0.0007,1.0,8,17,146.0,0.7496314597696591,39.04109589041096,-2.665944410028751,-3.5991381611154005,-0.9945953342643354,59.0,1.2834244344724375,50.847457627118644,1.190180724426118,-1.8503598070617189,0.7746725947023286
20,2.0,30.0,70.0,1.5,1.0,0.01,0.0007,1.0,8,17,146.0,0.7496314597696591,39.04109589041096,-2.665944410028751,-3.5991381611154005,-0.9945953342643354,59.0,1.2834244344724375,50.847457627118644,1.190180724426118,-1.8503598070617189,0.7746725947023286
10,2.4,25.0,75.0,1.8,1.0,0.01,0.001,1.0,8,17,38.0,0.2559107076985641,15.789473684210526,-3.1328736737697724,-3.329676288722405,-2.2388730381211817,20.0,1.2829122678150229,45.0,0.5127348090616215,-0.890569086352222,0.4686001056413073
10,2.4,30.0,70.0,1.8,1.0,0.01,0.001,1.0,8,17,38.0,0.2559107076985641,15.789473684210526,-3.1328736737697724,-3.329676288722405,-2.2388730381211817,20.0,1.2829122678150229,45.0,0.5127348090616215,-0.890569086352222,0.4686001056413073
12,2.4,25.0,75.0,1.8,1.0,0.01,0.001,1.0,8,17,38.0,0.2559107076985641,15.789473684210526,-3.1328736737697724,-3.329676288722405,-2.2388730381211817,20.0,1.2829122678150229,45.0,0.5127348090616215,-0.890569086352222,0.4686001056413073
12,2.4,30.0,70.0,1.8,1.0,0.01,0.001,1.0,8,17,38.0,0.2559107076985641,15.789473684210526,-3.1328736737697724,-3.329676288722405,-2.2388730381211817,20.0,1.2829122678150229,45.0,0.5127348090616215,-0.890569086352222,0.4686001056413073
14,2.4,25.0,75.0,1.8,1.0,0.01,0.001,1.0,8,17,38.0,0.2559107076985641,15.789473684210526,-3.1328736737697724,-3.329676288722405,-2.2388730381211817,20.0,1.2829122678150229,45.0,0.5127348090616215,-0.890569086352222,0.4686001056413073
14,2.4,30.0,70.0,1.8,1.0,0.01,0.001,1.0,8,17,38.0,0.2559107076985641,15.789473684210526,-3.1328736737697724,-3.329676288722405,-2.2388730381211817,20.0,1.2829122678150229,45.0,0.5127348090616215,-0.890569086352222,0.4686001056413073
16,2.4,25.0,75.0,1.8,1.0,0.01,0.001,1.0,8,17,38.0,0.2559107076985641,15.789473684210526,-3.1328736737697724,-3.329676288722405,-2.2388730381211817,20.0,1.2829122678150229,45.0,0.5127348090616215,-0.890569086352222,0.4686001056413073
16,2.4,30.0,70.0,1.8,1.0,0.01,0.001,1.0,8,17,38.0,0.2559107076985641,15.789473684210526,-3.1328736737697724,-3.329676288722405,-2.2388730381211817,20.0,1.2829122678150229,45.0,0.5127348090616215,-0.890569086352222,0.4686001056413073
18,2.4,25.0,75.0,1.8,1.0,0.01,0.001,1.0,8,17,38.0,0.2559107076985641,15.789473684210526,-3.1328736737697724,-3.329676288722405,-2.2388730381211817,20.0,1.2829122678150229,45.0,0.5127348090616215,-0.890569086352222,0.4686001056413073
18,2.4,30.0,70.0,1.8,1.0,0.01,0.001,1.0,8,17,38.0,0.2559107076985641,15.789473684210526,-3.1328736737697724,-3.329676288722405,-2.2388730381211817,20.0,1.2829122678150229,45.0,0.5127348090616215,-0.890569086352222,0.4686001056413073
20,2.4,25.0,75.0,1.8,1.0,0.01,0.001,1.0,8,17,36.0,0.2728753957783488,16.666666666666664,-2.875085513763061,-3.072404684951968,-2.091294629588138,20.0,1.2829122678150229,45.0,0.5127348090616215,-0.890569086352222,0.4686001056413073
20,2.4,30.0,70.0,1.8,1.0,0.01,0.001,1.0,8,17,38.0,0.2559107076985641,15.789473684210526,-3.1328736737697724,-3.329676288722405,-2.2388730381211817,20.0,1.2829122678150229,45.0,0.5127348090616215,-0.890569086352222,0.4686001056413073
22,2.4,30.0,70.0,1.8,1.0,0.01,0.001,1.0,8,17,38.0,0.2559107076985641,15.789473684210526,-3.1328736737697724,-3.329676288722405,-2.2388730381211817,20.0,1.2829122678150229,45.0,0.5127348090616215,-0.890569086352222,0.4686001056413073
24,2.4,30.0,70.0,1.8,1.0,0.01,0.001,1.0,8,17,38.0,0.2559107076985641,15.789473684210526,-3.1328736737697724,-3.329676288722405,-2.2388730381211817,20.0,1.2829122678150229,45.0,0.5127348090616215,-0.890569086352222,0.4686001056413073
24,2.2,25.0,75.0,1.5,1.0,0.01,0.0007,1.0,8,17,80.0,0.658899726335874,37.5,-2.091321618767761,-2.394791437066046,-1.0617629219634817,30.0,1.2823865813234467,53.333333333333336,0.6619918014975156,-1.1672490303304195,0.5542024429068956
20,2.2,25.0,75.0,1.5,1.0,0.01,0.0007,0.5,8,17,219.0,0.7861545365650823,40.63926940639269,-3.2297521350078755,-4.197932746675703,-1.0208942133155263,101.0,1.2806037448410152,49.504950495049506,1.9016894629170566,-1.1660979060051702,1.085562510664832
20,2.2,25.0,75.0,1.8,1.0,0.01,0.0005,0.5,8,17,258.0,0.8100842507102637,36.434108527131784,-3.3500934870567107,-4.712215500277129,-0.962520192357875,113.0,1.2800402052984596,45.13274336283185,2.1938674705659107,-1.071077672134968,1.1061031195623618
16,2.4,25.0,75.0,1.5,1.0,0.01,0.001,0.75,8,17,69.0,0.5615772857844535,30.434782608695656,-2.7933156923098252,-3.4517739573034167,-1.3355761422558998,35.0,1.278024195795546,51.42857142857142,0.7536294638017716,-1.178565373329854,0.6021594129650566
18,2.4,25.0,75.0,1.5,1.0,0.01,0.001,0.75,8,17,66.0,0.5190460715558204,28.78787878787879,-3.002574219745693,-3.659593393200522,-1.4593796616206467,35.0,1.278024195795546,51.42857142857142,0.7536294638017716,-1.178565373329854,0.6021594129650566
22,2.4,30.0,70.0,1.5,1.0,0.01,0.001,0.75,8,17,70.0,0.5515815832713359,30.0,-2.9067979053781894,-3.564476940387351,-1.3865623457380742,35.0,1.278024195795546,51.42857142857142,0.7536294638017716,-1.178565373329854,0.6021594129650566
24,2.4,30.0,70.0,1.5,1.0,0.01,0.001,0.75,8,17,68.0,0.5727573579574555,30.88235294117647,-2.6708649189691642,-3.3301469766401914,-1.2668936008823464,35.0,1.278024195795546,51.42857142857142,0.7536294638017716,-1.178565373329854,0.6021594129650566
14,2.2,25.0,75.0,1.5,1.0,0.01,0.0005,0.75,8,17,177.0,0.6654728250716248,36.72316384180791,-4.1691008836316,-4.867682579107846,-1.4871515799863226,76.0,1.275462150196676,48.68421052631579,1.4034694030323225,-2.12942489828154,0.8502124924136002
20,2.2,30.0,70.0,1.5,1.0,0.01,0.0005,0.75,8,17,180.0,0.663766685876562,36.666666666666664,-4.25134649450687,-4.949379346729932,-1.5003113536623396,76.0,1.275462150196676,48.68421052631579,1.4034694030323225,-2.12942489828154,0.8502124924136002
18,2.0,25.0,75.0,1.8,1.0,0.01,0.0007,0.75,8,17,230.0,0.7334896076138215,33.91304347826087,-4.612711172641848,-5.35501748989804,-1.3384113216752969,108.0,1.2748469369135882,44.44444444444444,2.1144768748962086,-1.2740990682456155,1.060078287258813
18,2.0,30.0,70.0,1.5,1.0,0.01,0.0005,0.75,8,17,314.0,0.7009938724354413,37.261146496815286,-6.156424412967644,-6.513461410069487,-1.7918118985339122,141.0,1.2740633266480985,48.93617021276596,2.3653013614273735,-2.279339408748937,1.182692455979824
10,2.0,25.0,75.0,1.8,1.0,0.01,0.0005,0.75,8,17,317.0,0.7094537080540548,32.80757097791798,-6.398464540770729,-7.101943144994061,-1.7412801242202158,142.0,1.2735778702824534,44.36619718309859,2.5981040260069315,-1.802965546273072,1.1787225210195056
10,2.0,30.0,70.0,1.8,1.0,0.01,0.0005,0.75,8,17,317.0,0.7094537080540548,32.80757097791798,-6.398464540770729,-7.101943144994061,-1.7412801242202158,142.0,1.2735778702824534,44.36619718309859,2.5981040260069315,-1.802965546273072,1.1787225210195056
12,2.0,30.0,70.0,1.8,1.0,0.01,0.0005,0.75,8,17,317.0,0.7094537080540548,32.80757097791798,-6.398464540770729,-7.101943144994061,-1.7412801242202158,142.0,1.2735778702824534,44.36619718309859,2.5981040260069315,-1.802965546273072,1.1787225210195056
14,2.0,30.0,70.0,1.8,1.0,0.01,0.0005,0.75,8,17,317.0,0.7094537080540548,32.80757097791798,-6.398464540770729,-7.101943144994061,-1.7412801242202158,142.0,1.2735778702824534,44.36619718309859,2.5981040260069315,-1.802965546273072,1.1787225210195056
16,2.0,30.0,70.0,1.8,1.0,0.01,0.0005,0.75,8,17,317.0,0.7094537080540548,32.80757097791798,-6.398464540770729,-7.101943144994061,-1.7412801242202158,142.0,1.2735778702824534,44.36619718309859,2.5981040260069315,-1.802965546273072,1.1787225210195056
18,2.2,30.0,70.0,1.8,1.0,0.01,0.0007,0.75,8,17,160.0,0.6441095735005252,30.625000000000004,-4.541876006773037,-5.394028916327553,-1.506517548383304,74.0,1.2732815638594754,44.5945945945946,1.5157766450142844,-2.2894365990916876,0.8390967714116007
10,2.0,25.0,75.0,1.8,1.0,0.01,0.001,0.75,8,17,146.0,0.6006822135956729,28.08219178082192,-5.476411672458034,-6.121482819612323,-1.7434612512911,88.0,1.2728286977448118,43.18181818181818,1.9363901142824942,-1.3272729607361256,0.9938412384871785
10,2.0,30.0,70.0,1.8,1.0,0.01,0.001,0.75,8,17,146.0,0.6006822135956729,28.08219178082192,-5.476411672458034,-6.121482819612323,-1.7434612512911,88.0,1.2728286977448118,43.18181818181818,1.9363901142824942,-1.3272729607361256,0.9938412384871785
12,2.0,25.0,75.0,1.8,1.0,0.01,0.001,0.75,8,17,144.0,0.6152873866251575,28.47222222222222,-5.160144019409672,-5.839481130986169,-1.6455403861747953,88.0,1.2728286977448118,43.18181818181818,1.9363901142824942,-1.3272729607361256,0.9938412384871785
12,2.0,30.0,70.0,1.8,1.0,0.01,0.001,0.75,8,17,146.0,0.6006822135956729,28.08219178082192,-5.476411672458034,-6.121482819612323,-1.7434612512911,88.0,1.2728286977448118,43.18181818181818,1.9363901142824942,-1.3272729607361256,0.9938412384871785
14,2.0,30.0,70.0,1.8,1.0,0.01,0.001,0.75,8,17,146.0,0.6006822135956729,28.08219178082192,-5.476411672458034,-6.121482819612323,-1.7434612512911,88.0,1.2728286977448118,43.18181818181818,1.9363901142824942,-1.3272729607361256,0.9938412384871785
16,2.0,30.0,70.0,1.8,1.0,0.01,0.001,0.75,8,17,146.0,0.6006822135956729,28.08219178082192,-5.476411672458034,-6.121482819612323,-1.7434612512911,88.0,1.2728286977448118,43.18181818181818,1.9363901142824942,-1.3272729607361256,0.9938412384871785
18,2.0,30.0,70.0,1.8,1.0,0.01,0.001,0.75,8,17,146.0,0.6006822135956729,28.08219178082192,-5.476411672458034,-6.121482819612323,-1.7434612512911,88.0,1.2728286977448118,43.18181818181818,1.9363901142824942,-1.3272729607361256,0.9938412384871785
22,2.2,30.0,70.0,1.8,1.0,0.01,0.0007,0.75,8,17,157.0,0.6585631497442523,31.210191082802545,-4.268689802156241,-5.123289810743881,-1.4143248598815308,72.0,1.2718715678113859,44.44444444444444,1.463595086778787,-1.9844927302406612,0.8200004032793871
16,2.4,25.0,75.0,1.5,1.0,0.01,0.0007,0.75,7,18,125.0,0.7490861801913823,38.4,-2.2671983904613264,-3.043767379060258,-0.8812240410470523,51.0,1.2706224991639306,52.94117647058824,0.942618455492684,-1.6955564634670628,0.6975157427022638
14,2.2,25.0,75.0,1.5,1.0,0.01,0.001,0.75,8,17,99.0,0.5191948740440656,29.292929292929294,-4.426320937020046,-4.994621608715077,-1.712863545455039,56.0,1.2690584390621948,48.214285714285715,1.1562049229270086,-2.016923461961029,0.7245814271718638
20,2.2,30.0,70.0,1.5,1.0,0.01,0.001,0.75,8,17,100.0,0.5134563110681986,28.999999999999996,-4.526584457595599,-5.094293195455779,-1.7433979876206773,56.0,1.2690584390621948,48.214285714285715,1.1562049229270086,-2.016923461961029,0.7245814271718638
20,2.2,25.0,75.0,1.5,1.0,0.01,0.001,0.5,8,17,123.0,0.6096069905445928,33.33333333333333,-4.266759053869646,-5.180664492759135,-1.509131655970977,76.0,1.2689943286953753,48.68421052631579,1.5447783258903474,-1.1748977199261157,0.9137081425480421
10,2.0,25.0,75.0,1.5,1.0,0.01,0.001,0.75,8,17,146.0,0.5728222591883005,31.506849315068493,-5.611773068471775,-6.179279333062427,-1.8684217335935769,88.0,1.2688463829303775,47.72727272727273,1.7504991981043896,-1.7815050374674124,0.9854855731892462
10,2.0,30.0,70.0,1.5,1.0,0.01,0.001,0.75,8,17,146.0,0.5728222591883005,31.506849315068493,-5.611773068471775,-6.179279333062427,-1.8684217335935769,88.0,1.2688463829303775,47.72727272727273,1.7504991981043896,-1.7815050374674124,0.9854855731892462
12,2.0,25.0,75.0,1.5,1.0,0.01,0.001,0.75,8,17,144.0,0.5873585884663549,31.944444444444443,-5.29609231267561,-5.865511403322598,-1.7727096262987698,88.0,1.2688463829303775,47.72727272727273,1.7504991981043896,-1.7815050374674124,0.9854855731892462
12,2.0,30.0,70.0,1.5,1.0,0.01,0.001,0.75,8,17,146.0,0.5728222591883005,31.506849315068493,-5.611773068471775,-6.179279333062427,-1.8684217335935769,88.0,1.2688463829303775,47.72727272727273,1.7504991981043896,-1.7815050374674124,0.9854855731892462
14,2.0,30.0,70.0,1.5,1.0,0.01,0.001,0.75,8,17,146.0,0.5728222591883005,31.506849315068493,-5.611773068471775,-6.179279333062427,-1.8684217335935769,88.0,1.2688463829303775,47.72727272727273,1.7504991981043896,-1.7815050374674124,0.9854855731892462
16,2.0,30.0,70.0,1.5,1.0,0.01,0.001,0.75,8,17,146.0,0.5728222591883005,31.506849315068493,-5.611773068471775,-6.179279333062427,-1.8684217335935769,88.0,1.2688463829303775,47.72727272727273,1.7504991981043896,-1.7815050374674124,0.9854855731892462
18,2.0,30.0,70.0,1.5,1.0,0.01,0.001,0.75,8,17,146.0,0.5728222591883005,31.506849315068493,-5.611773068471775,-6.179279333062427,-1.8684217335935769,88.0,1.2688463829303775,47.72727272727273,1.7504991981043896,-1.7815050374674124,0.9854855731892462
18,2.0,30.0,70.0,1.8,1.0,0.01,0.0007,0.75,8,17,270.0,0.7087063589920419,32.592592592592595,-5.867920776313039,-6.458793321911327,-1.624379791741979,128.0,1.2669682812014067,43.75,2.404567830022406,-1.6947571030536568,1.1267902817443949
18,2.0,30.0,70.0,1.5,1.0,0.01,0.0007,0.75,8,17,270.0,0.7048583906422011,37.407407407407405,-5.585975967966224,-6.0318598440491815,-1.643907707969327,128.0,1.2669091578188632,48.4375,2.1991321156477355,-2.1716741342057255,1.1449783328976064
14,2.2,25.0,75.0,1.8,1.0,0.01,0.0005,0.5,8,17,336.0,0.7746265967685968,34.82142857142857,-5.055119266209585,-6.418600939939834,-1.3951271981280675,157.0,1.2666849554488757,45.22292993630573,2.7760358214703773,-1.4223588794528452,1.233325067203854
10,2.2,25.0,75.0,1.5,1.0,0.01,0.0005,1.0,8,17,107.0,0.6283608258228073,36.44859813084112,-2.913968737723808,-3.412213183878232,-1.3994350258397164,37.0,1.2666176380090262,51.35135135135135,0.7181070238703796,-1.228135121425289,0.5769660215756025
10,2.2,30.0,70.0,1.5,1.0,0.01,0.0005,1.0,8,17,107.0,0.6283608258228073,36.44859813084112,-2.913968737723808,-3.412213183878232,-1.3994350258397164,37.0,1.2666176380090262,51.35135135135135,0.7181070238703796,-1.228135121425289,0.5769660215756025
12,2.2,25.0,75.0,1.5,1.0,0.01,0.0005,1.0,8,17,107.0,0.6283608258228073,36.44859813084112,-2.913968737723808,-3.412213183878232,-1.3994350258397164,37.0,1.2666176380090262,51.35135135135135,0.7181070238703796,-1.228135121425289,0.5769660215756025
12,2.2,30.0,70.0,1.5,1.0,0.01,0.0005,1.0,8,17,107.0,0.6283608258228073,36.44859813084112,-2.913968737723808,-3.412213183878232,-1.3994350258397164,37.0,1.2666176380090262,51.35135135135135,0.7181070238703796,-1.228135121425289,0.5769660215756025
14,2.2,25.0,75.0,1.5,1.0,0.01,0.0005,1.0,8,17,107.0,0.6283608258228073,36.44859813084112,-2.913968737723808,-3.412213183878232,-1.3994350258397164,37.0,1.2666176380090262,51.35135135135135,0.7181070238703796,-1.228135121425289,0.5769660215756025
14,2.2,30.0,70.0,1.5,1.0,0.01,0.0005,1.0,8,17,107.0,0.6283608258228073,36.44859813084112,-2.913968737723808,-3.412213183878232,-1.3994350258397164,37.0,1.2666176380090262,51.35135135135135,0.7181070238703796,-1.228135121425289,0.5769660215756025
16,2.2,25.0,75.0,1.5,1.0,0.01,0.0005,1.0,8,17,107.0,0.6283608258228073,36.44859813084112,-2.913968737723808,-3.412213183878232,-1.3994350258397164,37.0,1.2666176380090262,51.35135135135135,0.7181070238703796,-1.228135121425289,0.5769660215756025
16,2.2,30.0,70.0,1.5,1.0,0.01,0.0005,1.0,8,17,107.0,0.6283608258228073,36.44859813084112,-2.913968737723808,-3.412213183878232,-1.3994350258397164,37.0,1.2666176380090262,51.35135135135135,0.7181070238703796,-1.228135121425289,0.5769660215756025
18,2.2,25.0,75.0,1.5,1.0,0.01,0.0005,1.0,8,17,104.0,0.6290869315600168,36.53846153846153,-2.831344494796867,-3.330027194549945,-1.3657573868963684,37.0,1.2666176380090262,51.35135135135135,0.7181070238703796,-1.228135121425289,0.5769660215756025
18,2.2,30.0,70.0,1.5,1.0,0.01,0.0005,1.0,8,17,107.0,0.6283608258228073,36.44859813084112,-2.913968737723808,-3.412213183878232,-1.3994350258397164,37.0,1.2666176380090262,51.35135135135135,0.7181070238703796,-1.228135121425289,0.5769660215756025
20,2.2,25.0,75.0,1.5,1.0,0.01,0.0005,1.0,8,17,100.0,0.6689080199864971,38.0,-2.383456808784922,-2.9395292433559317,-1.1356263476169177,37.0,1.2666176380090262,51.35135135135135,0.7181070238703796,-1.228135121425289,0.5769660215756025
20,2.2,30.0,70.0,1.5,1.0,0.01,0.0005,1.0,8,17,107.0,0.6283608258228073,36.44859813084112,-2.913968737723808,-3.412213183878232,-1.3994350258397164,37.0,1.2666176380090262,51.35135135135135,0.7181070238703796,-1.228135121425289,0.5769660215756025
22,2.2,30.0,70.0,1.5,1.0,0.01,0.0005,1.0,8,17,107.0,0.6283608258228073,36.44859813084112,-2.913968737723808,-3.412213183878232,-1.3994350258397164,37.0,1.2666176380090262,51.35135135135135,0.7181070238703796,-1.228135121425289,0.5769660215756025
24,2.2,30.0,70.0,1.5,1.0,0.01,0.0005,1.0,8,17,106.0,0.6384818435415796,36.79245283018868,-2.791668744241142,-3.290531897115667,-1.3299749608252096,37.0,1.2666176380090262,51.35135135135135,0.7181070238703796,-1.228135121425289,0.5769660215756025
20,2.0,25.0,75.0,1.5,1.0,0.01,0.0007,0.75,8,17,213.0,0.7333624045896892,38.967136150234744,-4.012378853982118,-4.799498775847589,-1.2519738267121547,97.0,1.2657808846144016,49.48453608247423,1.7170502965490595,-1.4434230592690778,0.994166269449856
10,2.2,25.0,75.0,1.5,1.0,0.01,0.001,1.0,8,17,65.0,0.48838337408048893,29.230769230769234,-3.1176217893034117,-3.464167573650523,-1.6306077059662734,31.0,1.2656383311745998,51.61290322580645,0.6564049116852039,-1.243902079241932,0.5403263258987692
10,2.2,30.0,70.0,1.5,1.0,0.01,0.001,1.0,8,17,65.0,0.48838337408048893,29.230769230769234,-3.1176217893034117,-3.464167573650523,-1.6306077059662734,31.0,1.2656383311745998,51.61290322580645,0.6564049116852039,-1.243902079241932,0.5403263258987692
12,2.2,25.0,75.0,1.5,1.0,0.01,0.001,1.0,8,17,65.0,0.48838337408048893,29.230769230769234,-3.1176217893034117,-3.464167573650523,-1.6306077059662734,31.0,1.2656383311745998,51.61290322580645,0.6564049116852039,-1.243902079241932,0.5403263258987692
12,2.2,30.0,70.0,1.5,1.0,0.01,0.001,1.0,8,17,65.0,0.48838337408048893,29.230769230769234,-3.1176217893034117,-3.464167573650523,-1.6306077059662734,31.0,1.2656383311745998,51.61290322580645,0.6564049116852039,-1.243902079241932,0.5403263258987692
14,2.2,25.0,75.0,1.5,1.0,0.01,0.001,1.0,8,17,65.0,0.48838337408048893,29.230769230769234,-3.1176217893034117,-3.464167573650523,-1.6306077059662734,31.0,1.2656383311745998,51.61290322580645,0.6564049116852039,-1.243902079241932,0.5403263258987692
14,2.2,30.0,70.0,1.5,1.0,0.01,0.001,1.0,8,17,65.0,0.48838337408048893,29.230769230769234,-3.1176217893034117,-3.464167573650523,-1.6306077059662734,31.0,1.2656383311745998,51.61290322580645,0.6564049116852039,-1.243902079241932,0.5403263258987692
16,2.2,25.0,75.0,1.5,1.0,0.01,0.001,1.0,8,17,65.0,0.48838337408048893,29.230769230769234,-3.1176217893034117,-3.464167573650523,-1.6306077059662734,31.0,1.2656383311745998,51.61290322580645,0.6564049116852039,-1.243902079241932,0.5403263258987692
16,2.2,30.0,70.0,1.5,1.0,0.01,0.001,1.0,8,17,65.0,0.48838337408048893,29.230769230769234,-3.1176217893034117,-3.464167573650523,-1.6306077059662734,31.0,1.2656383311745998,51.61290322580645,0.6564049116852039,-1.243902079241932,0.5403263258987692
18,2.2,25.0,75.0,1.5,1.0,0.01,0.001,1.0,8,17,63.0,0.4769341726641586,28.57142857142857,-3.1247011242018923,-3.4712076062606845,-1.640262897891303,31.0,1.2656383311745998,51.61290322580645,0.6564049116852039,-1.243902079241932,0.5403263258987692
18,2.2,30.0,70.0,1.5,1.0,0.01,0.001,1.0,8,17,65.0,0.48838337408048893,29.230769230769234,-3.1176217893034117,-3.464167573650523,-1.6306077059662734,31.0,1.2656383311745998,51.61290322580645,0.6564049116852039,-1.243902079241932,0.5403263258987692
20,2.2,25.0,75.0,1.5,1.0,0.01,0.001,1.0,8,17,60.0,0.509884158090809,30.0,-2.7445766434046526,-3.0924587055542685,-1.4260736772446945,31.0,1.2656383311745998,51.61290322580645,0.6564049116852039,-1.243902079241932,0.5403263258987692
20,2.2,30.0,70.0,1.5,1.0,0.01,0.001,1.0,8,17,65.0,0.48838337408048893,29.230769230769234,-3.1176217893034117,-3.464167573650523,-1.6306077059662734,31.0,1.2656383311745998,51.61290322580645,0.6564049116852039,-1.243902079241932,0.5403263258987692
22,2.2,30.0,70.0,1.5,1.0,0.01,0.001,1.0,8,17,65.0,0.48838337408048893,29.230769230769234,-3.1176217893034117,-3.464167573650523,-1.6306077059662734,31.0,1.2656383311745998,51.61290322580645,0.6564049116852039,-1.243902079241932,0.5403263258987692
24,2.2,30.0,70.0,1.5,1.0,0.01,0.001,1.0,8,17,64.0,0.4985339375194952,29.6875,-2.995566749995978,-3.3425448595144736,-1.5521733131866557,31.0,1.2656383311745998,51.61290322580645,0.6564049116852039,-1.243902079241932,0.5403263258987692
20,2.2,25.0,75.0,1.8,1.0,0.01,0.001,0.5,8,17,123.0,0.6442859016730195,30.081300813008134,-4.059401016533538,-5.090276152605999,-1.3624990161473025,76.0,1.2655936628364315,43.42105263157895,1.6666384734588793,-0.9155655872319146,0.8919965273800846
24,1.8,25.0,75.0,2.0,1.0,0.01,0.0007,1.0,8,17,168.0,0.7300975678446946,30.952380952380953,-3.6284655316809586,-3.984275110377944,-1.1143333413416336,71.0,1.2651356621159886,39.436619718309856,1.5382610601448141,-1.3141704322738534,0.8928928504097474
18,2.2,25.0,75.0,1.5,1.0,0.01,0.0005,0.75,8,17,164.0,0.6709605021828423,37.19512195121951,-3.8044811756787746,-4.506052696234453,-1.3836346897903584,71.0,1.2645905074610149,49.29577464788733,1.283004167779818,-1.8931059422161334,0.7939753191502003
14,2.0,25.0,75.0,1.5,1.0,0.01,0.001,0.75,8,17,140.0,0.5731282781667774,31.428571428571427,-5.384009943696746,-5.9529035589262485,-1.8255661918179023,86.0,1.2642647181225615,47.674418604651166,1.6797016311086919,-1.6320221797146761,0.9460384597782215
24,1.8,25.0,75.0,1.5,1.0,0.01,0.0005,1.0,8,17,192.0,0.7165233578896187,38.54166666666667,-3.713685576260686,-4.02577275919106,-1.2452044900702475,75.0,1.2637208671876794,48.0,1.3742452093618522,-1.2261454819741058,0.9082453520067287
24,2.2,30.0,70.0,1.8,1.0,0.01,0.0005,0.75,8,17,171.0,0.6720709237782668,32.16374269005848,-4.215223852435155,-5.163211810786494,-1.3915149717925457,73.0,1.2631514122759924,43.83561643835616,1.4257114283774899,-1.8168965560147798,0.7969336333464279
14,2.2,25.0,75.0,1.8,1.0,0.01,0.0005,0.75,8,17,177.0,0.6591272423937519,31.63841807909605,-4.531116256767072,-5.4759943705451,-1.497504197567543,76.0,1.2627515025712417,43.42105263157895,1.4687787510933412,-1.9844859439496099,0.8102121245252482
20,2.2,30.0,70.0,1.8,1.0,0.01,0.0005,0.75,8,17,180.0,0.6592731148489337,31.666666666666664,-4.59138941852234,-5.535663324339202,-1.4999974664999214,76.0,1.2627515025712417,43.42105263157895,1.4687787510933412,-1.9844859439496099,0.8102121245252482
14,1.8,25.0,75.0,1.8,1.0,0.01,0.0007,1.0,7,18,269.0,0.7480468237513085,33.457249070631974,-4.949807839650693,-5.351197623654147,-1.3275466469149035,135.0,1.2621525109364309,44.44444444444444,2.465682037052211,-1.740947560152173,1.1684534517164578
20,1.8,30.0,70.0,1.8,1.0,0.01,0.0007,1.0,7,18,274.0,0.7492636228739437,33.57664233576642,-4.994470234311466,-5.395673536112044,-1.3229761393961457,135.0,1.2621525109364309,44.44444444444444,2.465682037052211,-1.740947560152173,1.1684534517164578
18,2.0,25.0,75.0,1.5,1.0,0.01,0.0005,0.75,8,17,267.0,0.7225058681319211,38.57677902621723,-4.893798142798678,-5.32503863282956,-1.4915895037739721,117.0,1.2608165531237745,49.572649572649574,1.9191410109611933,-1.6271804855872984,1.0293556552975989
20,2.0,30.0,70.0,1.5,1.0,0.01,0.0005,0.75,8,17,309.0,0.7073053601258938,37.54045307443366,-5.940483394106522,-6.298347261434023,-1.7271935782042487,137.0,1.2603543037579514,48.9051094890511,2.1957455569960076,-2.27943633490586,1.1080530890242395
10,2.0,25.0,75.0,1.5,1.0,0.01,0.0005,0.75,8,17,317.0,0.6937194307509337,36.90851735015773,-6.364500866230246,-6.72079506129487,-1.8519262290335052,142.0,1.260092217909296,48.59154929577465,2.267789419798537,-2.279366891999768,1.1293541226331782
10,2.0,30.0,70.0,1.5,1.0,0.01,0.0005,0.75,8,17,317.0,0.6937194307509337,36.90851735015773,-6.364500866230246,-6.72079506129487,-1.8519262290335052,142.0,1.260092217909296,48.59154929577465,2.267789419798537,-2.279366891999768,1.1293541226331782
12,2.0,30.0,70.0,1.5,1.0,0.01,0.0005,0.75,8,17,317.0,0.6937194307509337,36.90851735015773,-6.364500866230246,-6.72079506129487,-1.8519262290335052,142.0,1.260092217909296,48.59154929577465,2.267789419798537,-2.279366891999768,1.1293541226331782
14,2.0,30.0,70.0,1.5,1.0,0.01,0.0005,0.75,8,17,317.0,0.6937194307509337,36.90851735015773,-6.364500866230246,-6.72079506129487,-1.8519262290335052,142.0,1.260092217909296,48.59154929577465,2.267789419798537,-2.279366891999768,1.1293541226331782
16,2.0,30.0,70.0,1.5,1.0,0.01,0.0005,0.75,8,17,317.0,0.6937194307509337,36.90851735015773,-6.364500866230246,-6.72079506129487,-1.8519262290335052,142.0,1.260092217909296,48.59154929577465,2.267789419798537,-2.279366891999768,1.1293541226331782
20,2.0,25.0,75.0,1.5,1.0,0.01,0.0005,0.75,8,17,249.0,0.7493089194966849,39.75903614457831,-4.0778701161093345,-4.8185283713756855,-1.251060115693309,105.0,1.2600518200748856,49.523809523809526,1.750554206291672,-1.443426111457513,0.989341019900353
24,2.4,25.0,75.0,1.8,1.0,0.01,0.0005,1.0,8,17,52.0,0.5225061469801566,30.76923076923077,-2.056003685781361,-2.138294175503219,-1.3844594202831915,18.0,1.259983304345646,44.44444444444444,0.4375278946681647,-0.7817848483292589,0.41039127203448045
24,2.4,25.0,75.0,1.8,1.0,0.01,0.0007,1.0,8,17,48.0,0.47147737209391644,27.083333333333332,-2.2419502350803486,-2.259630459871065,-1.524097969534674,18.0,1.259983304345646,44.44444444444444,0.4375278946681647,-0.7817848483292589,0.41039127203448045
24,2.4,25.0,75.0,1.8,1.0,0.01,0.001,1.0,8,17,31.0,0.26171488605094134,16.129032258064516,-2.5614971778174187,-2.5896265853727396,-1.9661524390815592,18.0,1.259983304345646,44.44444444444444,0.4375278946681647,-0.7817848483292589,0.41039127203448045
14,2.0,25.0,75.0,1.5,1.0,0.01,0.0005,0.75,8,17,300.0,0.7117871155997072,37.666666666666664,-5.656622944519877,-6.015606428480336,-1.6781707064229061,136.0,1.2586373241898055,48.529411764705884,2.1653779689285693,-2.1306186303288954,1.0867011234700963
16,2.2,25.0,75.0,1.5,1.0,0.01,0.0005,0.75,8,17,172.0,0.6888733523998056,37.7906976744186,-3.7550123283267385,-4.463910361006651,-1.3413925846989059,74.0,1.2582508720724583,48.64864864864865,1.296332125566696,-2.060627142897553,0.7914127563331994
18,2.2,25.0,75.0,1.8,1.0,0.01,0.0005,0.5,8,17,283.0,0.8079420179511992,36.39575971731448,-3.7058671383176263,-4.818508963794022,-1.0547610564712981,128.0,1.257470062486534,45.3125,2.234541319414202,-1.2363987162175794,1.0815037521919695
20,2.2,25.0,75.0,1.5,1.0,0.01,0.0007,1.0,7,18,107.0,0.7306065050882495,39.25233644859813,-2.0862141511057417,-2.5841474826418964,-0.8882086038297552,43.0,1.2570107257165457,53.48837209302325,0.7928368737505662,-1.7541192673940276,0.6058757273530248
12,2.0,25.0,75.0,1.8,1.0,0.01,0.0005,0.75,8,17,312.0,0.7271906483384577,33.33333333333333,-5.879292828014404,-6.802720597474177,-1.6010647725744769,141.0,1.256885077636932,43.97163120567376,2.436511219726035,-1.8029797000664538,1.1097884309664208
24,1.8,25.0,75.0,1.8,1.0,0.01,0.0005,1.0,8,17,192.0,0.7171272147581323,33.85416666666667,-3.9551112456305595,-4.576758385555902,-1.2401134525631599,75.0,1.2545444064586073,42.66666666666667,1.452233178374554,-1.15709144784224,0.8725607737343587
18,2.0,25.0,75.0,1.5,1.0,0.01,0.0007,0.75,8,17,230.0,0.716917578402435,38.26086956521739,-4.617319898416045,-5.137278518217137,-1.4259185853706215,108.0,1.254210791774749,49.074074074074076,1.8002487644496796,-1.6271733986703008,0.9949301945977113
22,2.4,25.0,75.0,1.8,1.0,0.01,0.0007,0.75,8,17,89.0,0.627046470105342,29.213483146067414,-2.8014479832436154,-3.3742349434029983,-1.2073629130254588,35.0,1.2539741563972133,48.57142857142857,0.7375472842012823,-0.8960070825957511,0.547910016648255
10,2.0,25.0,75.0,1.8,1.0,0.01,0.0007,0.75,8,17,272.0,0.7035366488352253,32.35294117647059,-6.010863335221547,-6.600855622586732,-1.6645972816949106,129.0,1.2536651613670875,43.41085271317829,2.3071319724877686,-1.6947297625204416,1.0774042217175246
10,2.0,30.0,70.0,1.8,1.0,0.01,0.0007,0.75,8,17,272.0,0.7035366488352253,32.35294117647059,-6.010863335221547,-6.600855622586732,-1.6645972816949106,129.0,1.2536651613670875,43.41085271317829,2.3071319724877686,-1.6947297625204416,1.0774042217175246
12,2.0,30.0,70.0,1.8,1.0,0.01,0.0007,0.75,8,17,272.0,0.7035366488352253,32.35294117647059,-6.010863335221547,-6.600855622586732,-1.6645972816949106,129.0,1.2536651613670875,43.41085271317829,2.3071319724877686,-1.6947297625204416,1.0774042217175246
14,2.0,30.0,70.0,1.8,1.0,0.01,0.0007,0.75,8,17,272.0,0.7035366488352253,32.35294117647059,-6.010863335221547,-6.600855622586732,-1.6645972816949106,129.0,1.2536651613670875,43.41085271317829,2.3071319724877686,-1.6947297625204416,1.0774042217175246
16,2.0,30.0,70.0,1.8,1.0,0.01,0.0007,0.75,8,17,272.0,0.7035366488352253,32.35294117647059,-6.010863335221547,-6.600855622586732,-1.6645972816949106,129.0,1.2536651613670875,43.41085271317829,2.3071319724877686,-1.6947297625204416,1.0774042217175246
14,2.4,25.0,75.0,1.8,1.0,0.01,0.0007,0.5,8,17,181.0,0.6472771448934228,30.386740331491712,-5.019472437415953,-6.05467862715553,-1.65261522831315,90.0,1.2535299919893024,44.44444444444444,1.6738815715127202,-2.1865484507279542,0.8813341199485399
14,2.0,25.0,75.0,2.0,1.0,0.01,0.001,0.75,8,17,140.0,0.5661112385850029,24.285714285714285,-5.9494966294217,-6.425571019406817,-1.8674932052046154,86.0,1.2526810843070317,39.53488372093023,1.8418590448301801,-1.5453096781422815,0.9075907704177391
20,2.0,30.0,70.0,1.5,1.0,0.01,0.0007,0.75,8,17,267.0,0.7067660060535572,37.453183520599254,-5.497807264154798,-5.9441232440610285,-1.6192776772893143,124.0,1.2523855815827185,48.38709677419355,2.0299790599899277,-2.1716587573924584,1.0673700830140918
10,2.0,25.0,75.0,1.5,1.0,0.01,0.0007,0.75,8,17,272.0,0.6993828531553208,37.13235294117647,-5.729313300613012,-6.174528505797838,-1.686571765337999,129.0,1.2523810535014892,48.06201550387597,2.1017762219264298,-2.171660893124827,1.0894617673994302
10,2.0,30.0,70.0,1.5,1.0,0.01,0.0007,0.75,8,17,272.0,0.6993828531553208,37.13235294117647,-5.729313300613012,-6.174528505797838,-1.686571765337999,129.0,1.2523810535014892,48.06201550387597,2.1017762219264298,-2.171660893124827,1.0894617673994302
12,2.0,30.0,70.0,1.5,1.0,0.01,0.0007,0.75,8,17,272.0,0.6993828531553208,37.13235294117647,-5.729313300613012,-6.174528505797838,-1.686571765337999,129.0,1.2523810535014892,48.06201550387597,2.1017762219264298,-2.171660893124827,1.0894617673994302
14,2.0,30.0,70.0,1.5,1.0,0.01,0.0007,0.75,8,17,272.0,0.6993828531553208,37.13235294117647,-5.729313300613012,-6.174528505797838,-1.686571765337999,129.0,1.2523810535014892,48.06201550387597,2.1017762219264298,-2.171660893124827,1.0894617673994302
16,2.0,30.0,70.0,1.5,1.0,0.01,0.0007,0.75,8,17,272.0,0.6993828531553208,37.13235294117647,-5.729313300613012,-6.174528505797838,-1.686571765337999,129.0,1.2523810535014892,48.06201550387597,2.1017762219264298,-2.171660893124827,1.0894617673994302
10,2.2,25.0,75.0,1.8,1.0,0.01,0.0007,0.75,8,17,160.0,0.6441095735005252,30.625000000000004,-4.541876006773037,-5.394028916327553,-1.506517548383304,75.0,1.2518121992592246,44.0,1.4190033228626817,-2.289480033410718,0.7816432541638525
10,2.2,30.0,70.0,1.8,1.0,0.01,0.0007,0.75,8,17,160.0,0.6441095735005252,30.625000000000004,-4.541876006773037,-5.394028916327553,-1.506517548383304,75.0,1.2518121992592246,44.0,1.4190033228626817,-2.289480033410718,0.7816432541638525
12,2.2,25.0,75.0,1.8,1.0,0.01,0.0007,0.75,8,17,158.0,0.653538971919177,31.0126582278481,-4.362436778793053,-5.216190036501711,-1.4407360201316326,75.0,1.2518121992592246,44.0,1.4190033228626817,-2.289480033410718,0.7816432541638525
12,2.2,30.0,70.0,1.8,1.0,0.01,0.0007,0.75,8,17,160.0,0.6441095735005252,30.625000000000004,-4.541876006773037,-5.394028916327553,-1.506517548383304,75.0,1.2518121992592246,44.0,1.4190033228626817,-2.289480033410718,0.7816432541638525
14,2.2,30.0,70.0,1.8,1.0,0.01,0.0007,0.75,8,17,160.0,0.6441095735005252,30.625000000000004,-4.541876006773037,-5.394028916327553,-1.506517548383304,75.0,1.2518121992592246,44.0,1.4190033228626817,-2.289480033410718,0.7816432541638525
16,2.2,30.0,70.0,1.8,1.0,0.01,0.0007,0.75,8,17,160.0,0.6441095735005252,30.625000000000004,-4.541876006773037,-5.394028916327553,-1.506517548383304,75.0,1.2518121992592246,44.0,1.4190033228626817,-2.289480033410718,0.7816432541638525
14,2.2,25.0,75.0,1.8,1.0,0.01,0.001,0.75,8,17,99.0,0.5529932649039483,26.262626262626267,-4.267386610500798,-5.055438151576386,-1.5501634561678754,56.0,1.251451583645641,42.857142857142854,1.1853146763833684,-1.844272937279734,0.676448768157231
20,2.2,30.0,70.0,1.8,1.0,0.01,0.001,0.75,8,17,100.0,0.5470888515328612,26.0,-4.36784470413897,-5.155037706049237,-1.5801694781712077,56.0,1.251451583645641,42.857142857142854,1.1853146763833684,-1.844272937279734,0.676448768157231
20,2.0,25.0,75.0,1.5,1.0,0.01,0.001,0.75,8,17,121.0,0.5617930676068205,31.40495867768595,-4.835059779087333,-5.5585536665280095,-1.6929553378676403,72.0,1.2513821668445495,48.61111111111111,1.363627124545983,-1.3632900989099639,0.8242538002666496
10,2.4,25.0,75.0,1.8,1.0,0.01,0.0007,0.75,7,18,126.0,0.6736581052444306,30.158730158730158,-3.2707132870532223,-3.982738063905644,-1.204885321357945,52.0,1.251277446146857,48.07692307692308,0.9806208467114266,-1.53328376129509,0.668764617100737
10,2.4,30.0,70.0,1.8,1.0,0.01,0.0007,0.75,7,18,126.0,0.6736581052444306,30.158730158730158,-3.2707132870532223,-3.982738063905644,-1.204885321357945,52.0,1.251277446146857,48.07692307692308,0.9806208467114266,-1.53328376129509,0.668764617100737
12,2.4,25.0,75.0,1.8,1.0,0.01,0.0007,0.75,7,18,126.0,0.6736581052444306,30.158730158730158,-3.2707132870532223,-3.982738063905644,-1.204885321357945,52.0,1.251277446146857,48.07692307692308,0.9806208467114266,-1.53328376129509,0.668764617100737
12,2.4,30.0,70.0,1.8,1.0,0.01,0.0007,0.75,7,18,126.0,0.6736581052444306,30.158730158730158,-3.2707132870532223,-3.982738063905644,-1.204885321357945,52.0,1.251277446146857,48.07692307692308,0.9806208467114266,-1.53328376129509,0.668764617100737
14,2.4,25.0,75.0,1.8,1.0,0.01,0.0007,0.75,7,18,126.0,0.6736581052444306,30.158730158730158,-3.2707132870532223,-3.982738063905644,-1.204885321357945,52.0,1.251277446146857,48.07692307692308,0.9806208467114266,-1.53328376129509,0.668764617100737
14,2.4,30.0,70.0,1.8,1.0,0.01,0.0007,0.75,7,18,126.0,0.6736581052444306,30.158730158730158,-3.2707132870532223,-3.982738063905644,-1.204885321357945,52.0,1.251277446146857,48.07692307692308,0.9806208467114266,-1.53328376129509,0.668764617100737
16,2.4,30.0,70.0,1.8,1.0,0.01,0.0007,0.75,7,18,126.0,0.6736581052444306,30.158730158730158,-3.2707132870532223,-3.982738063905644,-1.204885321357945,52.0,1.251277446146857,48.07692307692308,0.9806208467114266,-1.53328376129509,0.668764617100737
18,2.4,30.0,70.0,1.8,1.0,0.01,0.0007,0.75,7,18,126.0,0.6736581052444306,30.158730158730158,-3.2707132870532223,-3.982738063905644,-1.204885321357945,52.0,1.251277446146857,48.07692307692308,0.9806208467114266,-1.53328376129509,0.668764617100737
20,2.4,30.0,70.0,1.8,1.0,0.01,0.0007,0.75,7,18,126.0,0.6736581052444306,30.158730158730158,-3.2707132870532223,-3.982738063905644,-1.204885321357945,52.0,1.251277446146857,48.07692307692308,0.9806208467114266,-1.53328376129509,0.668764617100737
14,2.0,25.0,75.0,1.5,1.0,0.01,0.0007,0.75,8,17,258.0,0.7116234478753533,37.5968992248062,-5.212816472813666,-5.6604599384922345,-1.5678740562729556,123.0,1.250526768047838,47.96747967479675,1.9995758351519726,-2.0227117926717386,1.0450984805658838
20,2.2,25.0,75.0,1.8,1.0,0.01,0.0007,0.5,8,17,219.0,0.7880832743572115,35.61643835616438,-3.428689125849033,-4.554755092685059,-1.0137158507265975,101.0,1.2501499902535222,43.56435643564357,1.8705956735193467,-1.083933125617953,0.9637734932198738
20,2.2,25.0,75.0,1.8,1.0,0.01,0.0007,0.75,8,17,139.0,0.6599687193109081,30.935251798561154,-3.776348548515798,-4.744409463959665,-1.2949313381038279,64.0,1.2487817985093834,45.3125,1.220643988107895,-1.7478313209208451,0.7160213185910415
20,1.8,25.0,75.0,2.0,1.0,0.01,0.0005,1.0,8,17,236.0,0.6808998899161274,30.08474576271186,-5.597553229488203,-5.64949865458686,-1.6017891221745675,97.0,1.2479461517215469,40.20618556701031,1.7933563187550499,-1.1920932612299207,0.968594903375693
12,2.0,25.0,75.0,1.5,1.0,0.01,0.0005,0.75,8,17,312.0,0.7121195661113938,37.5,-5.845078769187694,-6.20330069996633,-1.703649203294848,141.0,1.245149510858427,48.226950354609926,2.1352620061608105,-2.279368164039175,1.0667776720328663
24,2.4,25.0,75.0,1.5,1.0,0.01,0.0007,0.75,7,18,96.0,0.7089236827222014,37.5,-2.1049106543086236,-2.8341841440368443,-0.8963882215008419,38.0,1.245133647927654,52.63157894736842,0.7074551524000526,-1.5645269508857584,0.5480982128049968
20,2.4,25.0,75.0,1.5,1.0,0.01,0.0005,0.75,7,18,135.0,0.7842908115463871,41.48148148148148,-1.9149576942273052,-2.779831745621475,-0.7379021778613395,57.0,1.244826827902794,50.877192982456144,0.8882377237611582,-1.695550120316336,0.6493624069845327
16,2.0,25.0,75.0,1.8,1.0,0.01,0.0005,0.75,8,17,290.0,0.7719050653805237,35.172413793103445,-4.5662702618769435,-5.582171286286497,-1.2589324894092397,126.0,1.2447798978132987,44.44444444444444,2.1026241303801725,-1.6723416137301772,1.0163205588697384
18,2.0,25.0,75.0,2.0,1.0,0.01,0.0005,0.75,8,17,267.0,0.713851967589844,31.086142322097377,-5.585081136602858,-6.1519355462676835,-1.5410440215514463,117.0,1.2436927995016,41.02564102564102,2.065326855160474,-1.5643282778966539,0.9779516587222931
24,2.2,25.0,75.0,1.5,1.0,0.01,0.0007,0.75,8,17,116.0,0.7152358709473075,38.793103448275865,-2.4670679027092595,-3.2473837577974063,-0.9863668351326725,50.0,1.2431709966981737,50.0,0.9216491293537182,-1.9438880575540551,0.6248093375644627
20,2.0,30.0,70.0,2.0,1.0,0.01,0.0005,0.75,8,17,309.0,0.6997955243167723,30.097087378640776,-6.726142843800571,-7.29834093670787,-1.7649199001212676,137.0,1.2429627609006235,40.87591240875913,2.360068401599947,-2.3402541641452057,1.0429826664706614
24,2.4,25.0,75.0,1.5,1.0,0.01,0.0007,0.5,8,17,120.0,0.7064056836315131,38.333333333333336,-2.637635380784377,-3.4843503310847734,-1.0683478440949208,52.0,1.241772030718031,50.0,0.9419785280157885,-1.9241389748293702,0.6324497177453938
22,2.4,25.0,75.0,1.5,1.0,0.01,0.0007,0.75,7,18,106.0,0.7154486519544616,37.735849056603776,-2.2391649666785995,-2.9674444966433233,-0.9213817183885298,42.0,1.2417023208118303,52.38095238095239,0.7458508547749807,-1.6167256596374857,0.5710567628436384
16,2.0,25.0,75.0,1.5,1.0,0.01,0.0007,1.0,8,17,145.0,0.7578720784501768,39.310344827586206,-2.55219361837253,-3.4969943991161268,-0.9532451746932956,58.0,1.24154244373888,50.0,1.0122619181475239,-1.8503598070617189,0.6643339110778111
18,2.0,25.0,75.0,1.5,1.0,0.01,0.0007,1.0,8,17,141.0,0.741041274297682,39.00709219858156,-2.6722184815398577,-3.608758538688528,-1.0054704344885572,58.0,1.24154244373888,50.0,1.0122619181475239,-1.8503598070617189,0.6643339110778111
22,2.0,30.0,70.0,1.5,1.0,0.01,0.0007,1.0,8,17,146.0,0.7496314597696591,39.04109589041096,-2.665944410028751,-3.5991381611154005,-0.9945953342643354,58.0,1.24154244373888,50.0,1.0122619181475239,-1.8503598070617189,0.6643339110778111
24,2.0,30.0,70.0,1.5,1.0,0.01,0.0007,1.0,8,17,144.0,0.7669534487257903,39.58333333333333,-2.4295524049138657,-3.3755232150394443,-0.9027109183516211,58.0,1.24154244373888,50.0,1.0122619181475239,-1.8503598070617189,0.6643339110778111
22,2.2,25.0,75.0,1.5,1.0,0.01,0.0005,1.0,8,17,95.0,0.6540122279218646,37.89473684210527,-2.3831532937887823,-2.7995501866016848,-1.1875916858246365,35.0,1.2413333962274429,51.42857142857142,0.6300131864625655,-1.148910063120434,0.5124536891538427
14,1.8,25.0,75.0,2.0,1.0,0.01,0.0007,1.0,7,18,269.0,0.6957745835111202,29.36802973977695,-6.273042987146236,-6.4529716421734,-1.6297755601600863,135.0,1.2412595771233292,40.74074074074074,2.392122184750733,-1.9692710434307537,1.0746612430902076
20,1.8,30.0,70.0,2.0,1.0,0.01,0.0007,1.0,7,18,274.0,0.6989350868606943,29.56204379562044,-6.290549813605539,-6.470469342342,-1.6133443755582042,135.0,1.2412595771233292,40.74074074074074,2.392122184750733,-1.9692710434307537,1.0746612430902076
22,2.2,30.0,70.0,1.5,1.0,0.01,0.0005,0.75,8,17,178.0,0.6730290655328376,37.07865168539326,-4.081457516944939,-4.780700430448725,-1.4458714328407736,75.0,1.2409000525336948,48.0,1.2251765994965718,-2.12942489828154,0.7476812372175012
10,1.8,25.0,75.0,1.8,1.0,0.01,0.0007,1.0,7,18,276.0,0.742790322675059,33.33333333333333,-5.162707112295375,-5.5632182243941175,-1.3697354825768968,136.0,1.2407312143395757,44.11764705882353,2.3000630395504595,-1.8832600244509279,1.0879401506223736
10,1.8,30.0,70.0,1.8,1.0,0.01,0.0007,1.0,7,18,276.0,0.742790322675059,33.33333333333333,-5.162707112295375,-5.5632182243941175,-1.3697354825768968,136.0,1.2407312143395757,44.11764705882353,2.3000630395504595,-1.8832600244509279,1.0879401506223736
12,1.8,25.0,75.0,1.8,1.0,0.01,0.0007,1.0,7,18,274.0,0.7496554501001347,33.57664233576642,-4.984279393526449,-5.385528138389073,-1.3203319429565827,136.0,1.2407312143395757,44.11764705882353,2.3000630395504595,-1.8832600244509279,1.0879401506223736
12,1.8,30.0,70.0,1.8,1.0,0.01,0.0007,1.0,7,18,276.0,0.742790322675059,33.33333333333333,-5.162707112295375,-5.5632182243941175,-1.3697354825768968,136.0,1.2407312143395757,44.11764705882353,2.3000630395504595,-1.8832600244509279,1.0879401506223736
14,1.8,30.0,70.0,1.8,1.0,0.01,0.0007,1.0,7,18,276.0,0.742790322675059,33.33333333333333,-5.162707112295375,-5.5632182243941175,-1.3697354825768968,136.0,1.2407312143395757,44.11764705882353,2.3000630395504595,-1.8832600244509279,1.0879401506223736
16,1.8,30.0,70.0,1.8,1.0,0.01,0.0007,1.0,7,18,276.0,0.742790322675059,33.33333333333333,-5.162707112295375,-5.5632182243941175,-1.3697354825768968,136.0,1.2407312143395757,44.11764705882353,2.3000630395504595,-1.8832600244509279,1.0879401506223736
18,1.8,30.0,70.0,1.8,1.0,0.01,0.0007,1.0,7,18,275.0,0.7455089240348031,33.45454545454545,-5.091785251352357,-5.492568957033505,-1.3506389207154008,136.0,1.2407312143395757,44.11764705882353,2.3000630395504595,-1.8832600244509279,1.0879401506223736
18,1.8,25.0,75.0,1.8,1.0,0.01,0.0007,1.0,7,18,248.0,0.7434652078999575,33.46774193548387,-4.687405495502971,-5.159437319759275,-1.2879078164003008,126.0,1.2406564029542795,44.44444444444444,2.1311626497198084,-1.4164884302768854,1.0429375650663872
20,1.8,30.0,70.0,1.8,1.0,0.01,0.0005,1.0,7,18,344.0,0.7932066671637299,36.04651162790697,-4.623573178240531,-4.79012259169691,-1.1805573639706093,161.0,1.240344229519388,44.099378881987576,2.492620069851837,-1.6733957196993,1.1723808301253178
16,2.2,25.0,75.0,1.8,1.0,0.01,0.0005,0.75,8,17,172.0,0.6807730988038989,32.55813953488372,-4.118595970967417,-5.067539896356498,-1.3621623205775446,74.0,1.2401772153250024,43.24324324324324,1.3238136467438926,-1.9155366374492444,0.7370267525148168
20,2.2,25.0,75.0,2.0,1.0,0.01,0.001,0.5,8,17,123.0,0.5804805344581602,25.203252032520325,-5.044430191116462,-5.71822361532397,-1.6735380100336767,76.0,1.2399876723376195,39.473684210526315,1.5884102882415756,-0.9277860290346496,0.8187224422352047
20,1.8,25.0,75.0,2.0,1.0,0.01,0.0007,1.0,8,17,203.0,0.6627487121691734,29.064039408866993,-5.4846632571827465,-5.747911834503483,-1.6055279043653705,91.0,1.239800912069856,39.56043956043956,1.6828355106142043,-1.192087457875446,0.929696439861339
20,2.2,25.0,75.0,1.5,1.0,0.01,0.0005,0.75,8,17,156.0,0.708500631610819,38.46153846153847,-3.160488494358524,-3.9716635840487235,-1.1560135563521865,67.0,1.2397957484627693,49.25373134328358,1.1069568233558857,-1.8930576057822113,0.7034227078053551
24,1.8,25.0,75.0,2.0,1.0,0.01,0.0005,1.0,8,17,192.0,0.7336330595537337,31.25,-3.8354971283016854,-4.176013678863688,-1.1570550439833016,75.0,1.2392505286313,38.666666666666664,1.4357014618479662,-1.3141862881943744,0.8232014173034785
24,2.4,25.0,75.0,1.5,1.0,0.01,0.0007,1.0,7,18,60.0,0.557908326965028,35.0,-2.085426069416608,-2.3207764830638355,-1.2697297628829989,24.0,1.2391449113710022,50.0,0.4619369720302529,-1.0461607411363372,0.4316121801081439
16,2.4,25.0,75.0,1.8,1.0,0.01,0.0007,0.75,8,17,104.0,0.6470063076962114,29.807692307692307,-3.0265775009529534,-3.675816806530985,-1.2466015835574593,40.0,1.2386351924637289,47.5,0.7656028681503813,-1.058751878015629,0.5545547108454132
18,2.4,25.0,75.0,1.8,1.0,0.01,0.0007,0.75,8,17,100.0,0.6151129380118797,28.999999999999996,-3.2145132353451844,-3.8625069437581705,-1.3468362078272111,40.0,1.2386351924637289,47.5,0.7656028681503813,-1.058751878015629,0.5545547108454132
22,2.4,30.0,70.0,1.8,1.0,0.01,0.0007,0.75,8,17,105.0,0.6384122219619144,29.523809523809526,-3.1396880425929883,-3.788190034893335,-1.2912346735990727,40.0,1.2386351924637289,47.5,0.7656028681503813,-1.058751878015629,0.5545547108454132
24,2.4,30.0,70.0,1.8,1.0,0.01,0.0007,0.75,8,17,103.0,0.6565259526796733,30.097087378640776,-2.9044311324376393,-3.5545040227146774,-1.186922919576203,40.0,1.2386351924637289,47.5,0.7656028681503813,-1.058751878015629,0.5545547108454132
18,2.2,25.0,75.0,1.8,1.0,0.01,0.0005,0.75,8,17,164.0,0.6542775238912601,31.70731707317073,-4.282221345576545,-5.229548405420925,-1.4437737269589161,71.0,1.2380948216890175,43.66197183098591,1.2711778803945708,-1.7478764911544653,0.7178471789411996
14,2.0,25.0,75.0,2.0,1.0,0.01,0.0005,0.75,8,17,300.0,0.7084898859854878,30.333333333333336,-6.313660548351763,-7.103678019483661,-1.6886587765512315,136.0,1.2380027321130926,40.44117647058824,2.2965971547013395,-2.2816523194988725,1.0040718606212875
24,2.0,30.0,70.0,1.8,1.0,0.01,0.0005,0.75,8,17,289.0,0.7606407850294405,34.602076124567475,-4.808802097804164,-5.800356427510279,-1.3198416695790027,125.0,1.2377662695170042,44.0,2.0535176006206894,-1.7229870695195215,1.0054854987614195
24,1.8,30.0,70.0,1.8,1.0,0.01,0.0007,1.0,7,18,262.0,0.7596122507571396,33.969465648854964,-4.596621060616689,-5.069068196819348,-1.230846502596419,129.0,1.2374948283938538,44.18604651162791,2.149548824286485,-1.5728939861163527,1.0435922154242159
12,2.0,25.0,75.0,1.5,1.0,0.01,0.0007,0.75,8,17,269.0,0.7147009053753762,37.54646840148699,-5.3331872332243435,-5.780244656354294,-1.5755268020637785,128.0,1.236754870774045,47.65625,1.9694696974870383,-2.1716652268550685,1.0243448855697481
12,2.0,25.0,75.0,1.8,1.0,0.01,0.0007,0.75,8,17,269.0,0.7179867411078318,32.71375464684015,-5.615854878653118,-6.41166085288869,-1.555955672794864,128.0,1.2362732562225323,42.96875,2.1459219223826946,-1.6947219533261837,1.006269181017069
22,2.0,30.0,70.0,1.8,1.0,0.01,0.0005,0.75,8,17,304.0,0.7489670408781957,34.21052631578947,-5.269543226601727,-6.277924563692061,-1.4406006496104133,130.0,1.235730915412586,43.84615384615385,2.089184954235516,-1.9429470185237663,1.0106630434046089
14,2.2,25.0,75.0,2.0,1.0,0.01,0.001,0.75,8,17,99.0,0.4603324368788501,20.2020202020202,-5.480810679985644,-5.991286970109455,-1.9362584096243678,56.0,1.2355255512947845,39.285714285714285,1.167221116784931,-1.7289765502123466,0.6466254585317125
20,2.2,30.0,70.0,2.0,1.0,0.01,0.001,0.75,8,17,100.0,0.4557408274197345,20.0,-5.579937434020248,-6.089888704236479,-1.964002597924571,56.0,1.2355255512947845,39.285714285714285,1.167221116784931,-1.7289765502123466,0.6466254585317125
14,2.4,25.0,75.0,1.8,1.0,0.01,0.0005,0.5,8,17,205.0,0.6748561200486634,32.19512195121951,-4.896122190741516,-6.115187958516999,-1.586059464579596,98.0,1.234796963652271,43.87755102040816,1.6259075387196755,-2.2422112953559115,0.837967201175081
20,2.0,30.0,70.0,1.5,1.0,0.01,0.001,0.75,8,17,145.0,0.5772058280313584,31.724137931034484,-5.5149816080852,-6.083096568781765,-1.834429247018318,87.0,1.234726544244573,47.12643678160919,1.5251671090556738,-1.7815250286835949,0.8672245085021576
18,2.4,30.0,70.0,1.5,1.0,0.01,0.0007,0.5,8,17,188.0,0.6646092106346487,36.17021276595745,-4.59605380534018,-5.186030924124041,-1.603261011479045,92.0,1.2340747058725505,48.91304347826087,1.4628510809497675,-2.5368943099745467,0.8517104981250032
20,1.8,30.0,70.0,2.0,1.0,0.01,0.0005,1.0,7,18,344.0,0.7420216326464442,31.976744186046513,-6.057197563835253,-6.303469502247383,-1.495889610012066,161.0,1.2336151725233886,40.993788819875775,2.5441656685343697,-1.8935649721577241,1.1325541843598639
18,1.8,25.0,75.0,1.8,1.0,0.01,0.0005,1.0,7,18,308.0,0.7817169590409082,35.714285714285715,-4.446238371141717,-4.7979409145317735,-1.1893715636822535,148.0,1.232938067855083,44.5945945945946,2.24876531877886,-1.3488139322114012,1.091912064826751
20,2.0,25.0,75.0,1.8,1.0,0.01,0.001,0.75,8,17,121.0,0.5898124481270803,28.09917355371901,-4.720006123853455,-5.521681935697032,-1.5779909946291761,72.0,1.2323271631020107,43.05555555555556,1.3823547356652124,-1.0109968713125306,0.7694225680527393
14,1.8,25.0,75.0,1.8,1.0,0.01,0.0005,1.0,7,18,340.0,0.7901597477707069,35.88235294117647,-4.646952049641059,-4.813478698338547,-1.1973824851260437,160.0,1.232171842349721,43.75,2.4061037143701287,-1.6733780677026133,1.1357154182005347
14,2.2,25.0,75.0,2.0,1.0,0.01,0.0007,0.75,8,17,156.0,0.5975566064253435,26.923076923076923,-5.27179774089771,-5.926176691102558,-1.6910689683828957,73.0,1.2320423135224907,39.726027397260275,1.342333257627124,-2.28281646381453,0.719245484791158
20,2.2,30.0,70.0,2.0,1.0,0.01,0.0007,0.75,8,17,159.0,0.5996812229474767,27.044025157232703,-5.317232725584054,-5.971272338951728,-1.6844673716214973,73.0,1.2320423135224907,39.726027397260275,1.342333257627124,-2.28281646381453,0.719245484791158
10,2.4,25.0,75.0,1.5,1.0,0.01,0.001,1.0,7,18,45.0,0.27653008977136084,17.77777777777778,-3.4348922739980483,-3.5736189476077374,-2.277795271409075,24.0,1.231945163686116,50.0,0.4597806883329213,-1.0976312072628724,0.4249100484780738
10,2.4,30.0,70.0,1.5,1.0,0.01,0.001,1.0,7,18,45.0,0.27653008977136084,17.77777777777778,-3.4348922739980483,-3.5736189476077374,-2.277795271409075,24.0,1.231945163686116,50.0,0.4597806883329213,-1.0976312072628724,0.4249100484780738
12,2.4,25.0,75.0,1.5,1.0,0.01,0.001,1.0,7,18,45.0,0.27653008977136084,17.77777777777778,-3.4348922739980483,-3.5736189476077374,-2.277795271409075,24.0,1.231945163686116,50.0,0.4597806883329213,-1.0976312072628724,0.4249100484780738
12,2.4,30.0,70.0,1.5,1.0,0.01,0.001,1.0,7,18,45.0,0.27653008977136084,17.77777777777778,-3.4348922739980483,-3.5736189476077374,-2.277795271409075,24.0,1.231945163686116,50.0,0.4597806883329213,-1.0976312072628724,0.4249100484780738
14,2.4,25.0,75.0,1.5,1.0,0.01,0.001,1.0,7,18,45.0,0.27653008977136084,17.77777777777778,-3.4348922739980483,-3.5736189476077374,-2.277795271409075,24.0,1.231945163686116,50.0,0.4597806883329213,-1.0976312072628724,0.4249100484780738
14,2.4,30.0,70.0,1.5,1.0,0.01,0.001,1.0,7,18,45.0,0.27653008977136084,17.77777777777778,-3.4348922739980483,-3.5736189476077374,-2.277795271409075,24.0,1.231945163686116,50.0,0.4597806883329213,-1.0976312072628724,0.4249100484780738
16,2.4,25.0,75.0,1.5,1.0,0.01,0.001,1.0,7,18,45.0,0.27653008977136084,17.77777777777778,-3.4348922739980483,-3.5736189476077374,-2.277795271409075,24.0,1.231945163686116,50.0,0.4597806883329213,-1.0976312072628724,0.4249100484780738
16,2.4,30.0,70.0,1.5,1.0,0.01,0.001,1.0,7,18,45.0,0.27653008977136084,17.77777777777778,-3.4348922739980483,-3.5736189476077374,-2.277795271409075,24.0,1.231945163686116,50.0,0.4597806883329213,-1.0976312072628724,0.4249100484780738
18,2.4,25.0,75.0,1.5,1.0,0.01,0.001,1.0,7,18,45.0,0.27653008977136084,17.77777777777778,-3.4348922739980483,-3.5736189476077374,-2.277795271409075,24.0,1.231945163686116,50.0,0.4597806883329213,-1.0976312072628724,0.4249100484780738
18,2.4,30.0,70.0,1.5,1.0,0.01,0.001,1.0,7,18,45.0,0.27653008977136084,17.77777777777778,-3.4348922739980483,-3.5736189476077374,-2.277795271409075,24.0,1.231945163686116,50.0,0.4597806883329213,-1.0976312072628724,0.4249100484780738
20,2.4,25.0,75.0,1.5,1.0,0.01,0.001,1.0,7,18,43.0,0.2926395400715972,18.6046511627907,-3.1779027977827354,-3.316993791270595,-2.1385961281320522,24.0,1.231945163686116,50.0,0.4597806883329213,-1.0976312072628724,0.4249100484780738
20,2.4,30.0,70.0,1.5,1.0,0.01,0.001,1.0,7,18,45.0,0.27653008977136084,17.77777777777778,-3.4348922739980483,-3.5736189476077374,-2.277795271409075,24.0,1.231945163686116,50.0,0.4597806883329213,-1.0976312072628724,0.4249100484780738
22,2.4,30.0,70.0,1.5,1.0,0.01,0.001,1.0,7,18,45.0,0.27653008977136084,17.77777777777778,-3.4348922739980483,-3.5736189476077374,-2.277795271409075,24.0,1.231945163686116,50.0,0.4597806883329213,-1.0976312072628724,0.4249100484780738
24,2.4,30.0,70.0,1.5,1.0,0.01,0.001,1.0,7,18,45.0,0.27653008977136084,17.77777777777778,-3.4348922739980483,-3.5736189476077374,-2.277795271409075,24.0,1.231945163686116,50.0,0.4597806883329213,-1.0976312072628724,0.4249100484780738
10,2.2,25.0,75.0,1.5,1.0,0.01,0.0005,1.0,7,18,137.0,0.7436369410566375,40.87591240875913,-2.32075929275652,-2.9770292995823344,-0.960626104959003,52.0,1.230999998904847,51.92307692307693,0.7865013554768483,-1.7541390298344894,0.5832851734055348
10,2.2,30.0,70.0,1.5,1.0,0.01,0.0005,1.0,7,18,137.0,0.7436369410566375,40.87591240875913,-2.32075929275652,-2.9770292995823344,-0.960626104959003,52.0,1.230999998904847,51.92307692307693,0.7865013554768483,-1.7541390298344894,0.5832851734055348
12,2.2,25.0,75.0,1.5,1.0,0.01,0.0005,1.0,7,18,137.0,0.7436369410566375,40.87591240875913,-2.32075929275652,-2.9770292995823344,-0.960626104959003,52.0,1.230999998904847,51.92307692307693,0.7865013554768483,-1.7541390298344894,0.5832851734055348
12,2.2,30.0,70.0,1.5,1.0,0.01,0.0005,1.0,7,18,137.0,0.7436369410566375,40.87591240875913,-2.32075929275652,-2.9770292995823344,-0.960626104959003,52.0,1.230999998904847,51.92307692307693,0.7865013554768483,-1.7541390298344894,0.5832851734055348
14,2.2,25.0,75.0,1.5,1.0,0.01,0.0005,1.0,7,18,137.0,0.7436369410566375,40.87591240875913,-2.32075929275652,-2.9770292995823344,-0.960626104959003,52.0,1.230999998904847,51.92307692307693,0.7865013554768483,-1.7541390298344894,0.5832851734055348
14,2.2,30.0,70.0,1.5,1.0,0.01,0.0005,1.0,7,18,137.0,0.7436369410566375,40.87591240875913,-2.32075929275652,-2.9770292995823344,-0.960626104959003,52.0,1.230999998904847,51.92307692307693,0.7865013554768483,-1.7541390298344894,0.5832851734055348
16,2.2,25.0,75.0,1.5,1.0,0.01,0.0005,1.0,7,18,136.0,0.7366266422094604,40.44117647058824,-2.38318496268721,-2.9770292995823344,-0.9877951375014644,52.0,1.230999998904847,51.92307692307693,0.7865013554768483,-1.7541390298344894,0.5832851734055348
16,2.2,30.0,70.0,1.5,1.0,0.01,0.0005,1.0,7,18,137.0,0.7436369410566375,40.87591240875913,-2.32075929275652,-2.9770292995823344,-0.960626104959003,52.0,1.230999998904847,51.92307692307693,0.7865013554768483,-1.7541390298344894,0.5832851734055348
18,2.2,25.0,75.0,1.5,1.0,0.01,0.0005,1.0,7,18,132.0,0.7455083427770347,40.909090909090914,-2.234069765594268,-2.821683420385701,-0.9317200072746559,52.0,1.230999998904847,51.92307692307693,0.7865013554768483,-1.7541390298344894,0.5832851734055348
18,2.2,30.0,70.0,1.5,1.0,0.01,0.0005,1.0,7,18,137.0,0.7436369410566375,40.87591240875913,-2.32075929275652,-2.9770292995823344,-0.960626104959003,52.0,1.230999998904847,51.92307692307693,0.7865013554768483,-1.7541390298344894,0.5832851734055348
20,2.2,30.0,70.0,1.5,1.0,0.01,0.0005,1.0,7,18,137.0,0.7436369410566375,40.87591240875913,-2.32075929275652,-2.9770292995823344,-0.960626104959003,52.0,1.230999998904847,51.92307692307693,0.7865013554768483,-1.7541390298344894,0.5832851734055348
22,2.2,30.0,70.0,1.5,1.0,0.01,0.0005,1.0,7,18,137.0,0.7436369410566375,40.87591240875913,-2.32075929275652,-2.9770292995823344,-0.960626104959003,52.0,1.230999998904847,51.92307692307693,0.7865013554768483,-1.7541390298344894,0.5832851734055348
24,2.2,30.0,70.0,1.5,1.0,0.01,0.0005,1.0,7,18,135.0,0.7469282841263317,40.74074074074074,-2.2602658177199553,-2.8548458393730325,-0.931036685889599,52.0,1.230999998904847,51.92307692307693,0.7865013554768483,-1.7541390298344894,0.5832851734055348
20,2.4,25.0,75.0,1.8,1.0,0.01,0.0007,0.75,7,18,114.0,0.6396595858570358,28.947368421052634,-3.3207331015347883,-4.032382281876523,-1.2498608418769313,46.0,1.2295561283603997,47.82608695652174,0.8230354786694807,-1.5333089280739287,0.5708876130073823
10,1.8,25.0,75.0,1.5,1.0,0.01,0.0007,1.0,7,18,276.0,0.7514705271324275,38.768115942028984,-4.652331677377642,-4.913668651166459,-1.3052693320098474,136.0,1.229186309027836,48.529411764705884,2.01245594633674,-2.1783257456952865,1.0524371758610516
10,1.8,30.0,70.0,1.5,1.0,0.01,0.0007,1.0,7,18,276.0,0.7514705271324275,38.768115942028984,-4.652331677377642,-4.913668651166459,-1.3052693320098474,136.0,1.229186309027836,48.529411764705884,2.01245594633674,-2.1783257456952865,1.0524371758610516
12,1.8,25.0,75.0,1.5,1.0,0.01,0.0007,1.0,7,18,274.0,0.7589405801303476,39.05109489051095,-4.473115696249952,-4.734930849507668,-1.253785219169145,136.0,1.229186309027836,48.529411764705884,2.01245594633674,-2.1783257456952865,1.0524371758610516
12,1.8,30.0,70.0,1.5,1.0,0.01,0.0007,1.0,7,18,276.0,0.7514705271324275,38.768115942028984,-4.652331677377642,-4.913668651166459,-1.3052693320098474,136.0,1.229186309027836,48.529411764705884,2.01245594633674,-2.1783257456952865,1.0524371758610516
14,1.8,30.0,70.0,1.5,1.0,0.01,0.0007,1.0,7,18,276.0,0.7514705271324275,38.768115942028984,-4.652331677377642,-4.913668651166459,-1.3052693320098474,136.0,1.229186309027836,48.529411764705884,2.01245594633674,-2.1783257456952865,1.0524371758610516
16,1.8,30.0,70.0,1.5,1.0,0.01,0.0007,1.0,7,18,276.0,0.7514705271324275,38.768115942028984,-4.652331677377642,-4.913668651166459,-1.3052693320098474,136.0,1.229186309027836,48.529411764705884,2.01245594633674,-2.1783257456952865,1.0524371758610516
18,1.8,30.0,70.0,1.5,1.0,0.01,0.0007,1.0,7,18,275.0,0.7544274443771763,38.90909090909091,-4.580993553244461,-4.842499937000921,-1.2850565226497788,136.0,1.229186309027836,48.529411764705884,2.01245594633674,-2.1783257456952865,1.0524371758610516
10,2.4,25.0,75.0,1.8,1.0,0.01,0.0005,1.0,8,17,59.0,0.4786999370724013,28.8135593220339,-2.6303723902935965,-2.881788747497427,-1.6749094988826885,21.0,1.2289564774486448,42.857142857142854,0.43220694304945934,-0.9699726662898089,0.3941889230311898
10,2.4,25.0,75.0,1.8,1.0,0.01,0.0007,1.0,8,17,55.0,0.4348654261533548,25.454545454545453,-2.8151993790969936,-3.0021792850876805,-1.8083778211934642,21.0,1.2289564774486448,42.857142857142854,0.43220694304945934,-0.9699726662898089,0.3941889230311898
10,2.4,30.0,70.0,1.8,1.0,0.01,0.0005,1.0,8,17,59.0,0.4786999370724013,28.8135593220339,-2.6303723902935965,-2.881788747497427,-1.6749094988826885,21.0,1.2289564774486448,42.857142857142854,0.43220694304945934,-0.9699726662898089,0.3941889230311898
10,2.4,30.0,70.0,1.8,1.0,0.01,0.0007,1.0,8,17,55.0,0.4348654261533548,25.454545454545453,-2.8151993790969936,-3.0021792850876805,-1.8083778211934642,21.0,1.2289564774486448,42.857142857142854,0.43220694304945934,-0.9699726662898089,0.3941889230311898
12,2.4,25.0,75.0,1.8,1.0,0.01,0.0005,1.0,8,17,59.0,0.4786999370724013,28.8135593220339,-2.6303723902935965,-2.881788747497427,-1.6749094988826885,21.0,1.2289564774486448,42.857142857142854,0.43220694304945934,-0.9699726662898089,0.3941889230311898
12,2.4,25.0,75.0,1.8,1.0,0.01,0.0007,1.0,8,17,55.0,0.4348654261533548,25.454545454545453,-2.8151993790969936,-3.0021792850876805,-1.8083778211934642,21.0,1.2289564774486448,42.857142857142854,0.43220694304945934,-0.9699726662898089,0.3941889230311898
12,2.4,30.0,70.0,1.8,1.0,0.01,0.0005,1.0,8,17,59.0,0.4786999370724013,28.8135593220339,-2.6303723902935965,-2.881788747497427,-1.6749094988826885,21.0,1.2289564774486448,42.857142857142854,0.43220694304945934,-0.9699726662898089,0.3941889230311898
12,2.4,30.0,70.0,1.8,1.0,0.01,0.0007,1.0,8,17,55.0,0.4348654261533548,25.454545454545453,-2.8151993790969936,-3.0021792850876805,-1.8083778211934642,21.0,1.2289564774486448,42.857142857142854,0.43220694304945934,-0.9699726662898089,0.3941889230311898
14,2.4,25.0,75.0,1.8,1.0,0.01,0.0005,1.0,8,17,59.0,0.4786999370724013,28.8135593220339,-2.6303723902935965,-2.881788747497427,-1.6749094988826885,21.0,1.2289564774486448,42.857142857142854,0.43220694304945934,-0.9699726662898089,0.3941889230311898
14,2.4,25.0,75.0,1.8,1.0,0.01,0.0007,1.0,8,17,55.0,0.4348654261533548,25.454545454545453,-2.8151993790969936,-3.0021792850876805,-1.8083778211934642,21.0,1.2289564774486448,42.857142857142854,0.43220694304945934,-0.9699726662898089,0.3941889230311898
14,2.4,30.0,70.0,1.8,1.0,0.01,0.0005,1.0,8,17,59.0,0.4786999370724013,28.8135593220339,-2.6303723902935965,-2.881788747497427,-1.6749094988826885,21.0,1.2289564774486448,42.857142857142854,0.43220694304945934,-0.9699726662898089,0.3941889230311898
14,2.4,30.0,70.0,1.8,1.0,0.01,0.0007,1.0,8,17,55.0,0.4348654261533548,25.454545454545453,-2.8151993790969936,-3.0021792850876805,-1.8083778211934642,21.0,1.2289564774486448,42.857142857142854,0.43220694304945934,-0.9699726662898089,0.3941889230311898
16,2.4,25.0,75.0,1.8,1.0,0.01,0.0005,1.0,8,17,59.0,0.4786999370724013,28.8135593220339,-2.6303723902935965,-2.881788747497427,-1.6749094988826885,21.0,1.2289564774486448,42.857142857142854,0.43220694304945934,-0.9699726662898089,0.3941889230311898
16,2.4,25.0,75.0,1.8,1.0,0.01,0.0007,1.0,8,17,55.0,0.4348654261533548,25.454545454545453,-2.8151993790969936,-3.0021792850876805,-1.8083778211934642,21.0,1.2289564774486448,42.857142857142854,0.43220694304945934,-0.9699726662898089,0.3941889230311898
16,2.4,30.0,70.0,1.8,1.0,0.01,0.0005,1.0,8,17,59.0,0.4786999370724013,28.8135593220339,-2.6303723902935965,-2.881788747497427,-1.6749094988826885,21.0,1.2289564774486448,42.857142857142854,0.43220694304945934,-0.9699726662898089,0.3941889230311898
16,2.4,30.0,70.0,1.8,1.0,0.01,0.0007,1.0,8,17,55.0,0.4348654261533548,25.454545454545453,-2.8151993790969936,-3.0021792850876805,-1.8083778211934642,21.0,1.2289564774486448,42.857142857142854,0.43220694304945934,-0.9699726662898089,0.3941889230311898
18,2.4,25.0,75.0,1.8,1.0,0.01,0.0005,1.0,8,17,59.0,0.4786999370724013,28.8135593220339,-2.6303723902935965,-2.881788747497427,-1.6749094988826885,21.0,1.2289564774486448,42.857142857142854,0.43220694304945934,-0.9699726662898089,0.3941889230311898
18,2.4,25.0,75.0,1.8,1.0,0.01,0.0007,1.0,8,17,55.0,0.4348654261533548,25.454545454545453,-2.8151993790969936,-3.0021792850876805,-1.8083778211934642,21.0,1.2289564774486448,42.857142857142854,0.43220694304945934,-0.9699726662898089,0.3941889230311898
18,2.4,30.0,70.0,1.8,1.0,0.01,0.0005,1.0,8,17,59.0,0.4786999370724013,28.8135593220339,-2.6303723902935965,-2.881788747497427,-1.6749094988826885,21.0,1.2289564774486448,42.857142857142854,0.43220694304945934,-0.9699726662898089,0.3941889230311898
18,2.4,30.0,70.0,1.8,1.0,0.01,0.0007,1.0,8,17,55.0,0.4348654261533548,25.454545454545453,-2.8151993790969936,-3.0021792850876805,-1.8083778211934642,21.0,1.2289564774486448,42.857142857142854,0.43220694304945934,-0.9699726662898089,0.3941889230311898
20,2.4,25.0,75.0,1.8,1.0,0.01,0.0005,1.0,8,17,57.0,0.5049827660176252,29.82456140350877,-2.371214072882267,-2.6233037737732223,-1.5310634636033904,21.0,1.2289564774486448,42.857142857142854,0.43220694304945934,-0.9699726662898089,0.3941889230311898
20,2.4,25.0,75.0,1.8,1.0,0.01,0.0007,1.0,8,17,53.0,0.45903858516420426,26.41509433962264,-2.5565538713238674,-2.744045316702415,-1.6655219963437509,21.0,1.2289564774486448,42.857142857142854,0.43220694304945934,-0.9699726662898089,0.3941889230311898
20,2.4,30.0,70.0,1.8,1.0,0.01,0.0005,1.0,8,17,59.0,0.4786999370724013,28.8135593220339,-2.6303723902935965,-2.881788747497427,-1.6749094988826885,21.0,1.2289564774486448,42.857142857142854,0.43220694304945934,-0.9699726662898089,0.3941889230311898
20,2.4,30.0,70.0,1.8,1.0,0.01,0.0007,1.0,8,17,55.0,0.4348654261533548,25.454545454545453,-2.8151993790969936,-3.0021792850876805,-1.8083778211934642,21.0,1.2289564774486448,42.857142857142854,0.43220694304945934,-0.9699726662898089,0.3941889230311898
22,2.4,30.0,70.0,1.8,1.0,0.01,0.0005,1.0,8,17,59.0,0.4786999370724013,28.8135593220339,-2.6303723902935965,-2.881788747497427,-1.6749094988826885,21.0,1.2289564774486448,42.857142857142854,0.43220694304945934,-0.9699726662898089,0.3941889230311898
22,2.4,30.0,70.0,1.8,1.0,0.01,0.0007,1.0,8,17,55.0,0.4348654261533548,25.454545454545453,-2.8151993790969936,-3.0021792850876805,-1.8083778211934642,21.0,1.2289564774486448,42.857142857142854,0.43220694304945934,-0.9699726662898089,0.3941889230311898
24,2.4,30.0,70.0,1.8,1.0,0.01,0.0005,1.0,8,17,59.0,0.4786999370724013,28.8135593220339,-2.6303723902935965,-2.881788747497427,-1.6749094988826885,21.0,1.2289564774486448,42.857142857142854,0.43220694304945934,-0.9699726662898089,0.3941889230311898
24,2.4,30.0,70.0,1.8,1.0,0.01,0.0007,1.0,8,17,55.0,0.4348654261533548,25.454545454545453,-2.8151993790969936,-3.0021792850876805,-1.8083778211934642,21.0,1.2289564774486448,42.857142857142854,0.43220694304945934,-0.9699726662898089,0.3941889230311898
18,2.4,25.0,75.0,1.8,1.0,0.01,0.0007,0.5,8,17,161.0,0.6731074665865221,31.67701863354037,-4.161204787387214,-5.119306414102942,-1.4073127588270404,80.0,1.228723573884252,45.0,1.371597993545256,-1.828406918390435,0.7500809196782716
20,2.2,25.0,75.0,2.0,1.0,0.01,0.0005,0.5,8,17,258.0,0.7445827916820226,31.782945736434108,-4.755350043605194,-5.5980727404334685,-1.3471985458489812,113.0,1.2287174055804264,40.707964601769916,1.9048886283576212,-1.0772576772103415,0.9239086297538428
14,2.4,25.0,75.0,1.5,1.0,0.01,0.0007,0.5,8,17,181.0,0.6583520325403246,35.91160220994475,-4.554880381613202,-5.145120438604667,-1.6176859234333936,90.0,1.228439977716285,48.888888888888886,1.392218585797418,-2.388557798713453,0.8109498118185953
16,2.2,25.0,75.0,1.5,1.0,0.01,0.001,0.75,8,17,97.0,0.5315496675863353,29.896907216494846,-4.21730723550405,-4.786839813833376,-1.6349946766876342,55.0,1.2281691542330664,47.27272727272727,0.9783484495246011,-2.016923461961029,0.6179151243564099
22,2.2,30.0,70.0,1.5,1.0,0.01,0.001,0.75,8,17,99.0,0.5191948740440656,29.292929292929294,-4.426320937020046,-4.994621608715077,-1.712863545455039,55.0,1.2281691542330664,47.27272727272727,0.9783484495246011,-2.016923461961029,0.6179151243564099
24,2.2,30.0,70.0,1.5,1.0,0.01,0.001,0.75,8,17,96.0,0.5389382697368327,30.208333333333332,-4.0966397694909205,-4.666912172382476,-1.5793948563663887,55.0,1.2281691542330664,47.27272727272727,0.9783484495246011,-2.016923461961029,0.6179151243564099
20,2.2,30.0,70.0,1.8,1.0,0.01,0.0005,0.5,8,17,347.0,0.7928711854032516,35.158501440922194,-4.807113979099413,-6.235056282282192,-1.2696823259786147,160.0,1.2274069040388116,44.375,2.4325736112204868,-1.4814315953601276,1.0880180961666817
18,2.2,30.0,70.0,1.8,1.0,0.01,0.0005,0.75,8,17,183.0,0.6480129576717055,31.147540983606557,-4.8190840162076345,-5.76111599357958,-1.5825753664128162,77.0,1.2272949655570626,42.857142857142854,1.3046383976543439,-2.289440217387906,0.7176543961468766
20,2.0,30.0,70.0,2.0,1.0,0.01,0.001,0.75,8,17,145.0,0.5609787458910602,24.137931034482758,-6.246921115347832,-6.518790421487175,-1.936194521888531,87.0,1.227125823236814,39.08045977011494,1.6870553295914212,-1.6949485511175921,0.8404264731973833
24,2.2,30.0,70.0,2.0,1.0,0.01,0.0007,0.75,8,17,152.0,0.6008602926452135,26.973684210526315,-5.101884643223129,-5.757446078165773,-1.6516836404407245,70.0,1.2270754700084179,40.0,1.2741939913360512,-2.115679921890179,0.6926423972361575
20,2.0,25.0,75.0,1.8,1.0,0.01,0.0005,0.75,8,17,249.0,0.7614518733595117,35.34136546184739,-4.134674861416606,-5.1768635877223135,-1.18766634059011,105.0,1.2268936174890541,43.80952380952381,1.6856602667855805,-1.1197222920606875,0.8805942701988437
18,2.4,25.0,75.0,1.5,1.0,0.01,0.0007,0.5,8,17,161.0,0.68443262221291,37.267080745341616,-3.755208059567594,-4.302006832470173,-1.376629508396749,80.0,1.226835892520673,50.0,1.2474718801512972,-2.0311164243932867,0.7521761186833529
24,2.4,25.0,75.0,1.5,1.0,0.01,0.001,1.0,7,18,37.0,0.24668833904450563,16.216216216216218,-3.0179107994396146,-3.017910799439616,-2.159366318849666,22.0,1.2267674061442595,50.0,0.4204090622403783,-0.9705026572266351,0.39644596036608926
10,2.4,25.0,75.0,1.8,1.0,0.01,0.0005,0.75,8,17,117.0,0.6653479382679859,31.62393162393162,-3.036835157181595,-3.7802874513779283,-1.2381942078888752,44.0,1.22578424314577,45.45454545454545,0.7707890847174894,-1.26447775709998,0.5443339344528695
10,2.4,30.0,70.0,1.8,1.0,0.01,0.0005,0.75,8,17,117.0,0.6653479382679859,31.62393162393162,-3.036835157181595,-3.7802874513779283,-1.2381942078888752,44.0,1.22578424314577,45.45454545454545,0.7707890847174894,-1.26447775709998,0.5443339344528695
12,2.4,25.0,75.0,1.8,1.0,0.01,0.0005,0.75,8,17,117.0,0.6653479382679859,31.62393162393162,-3.036835157181595,-3.7802874513779283,-1.2381942078888752,44.0,1.22578424314577,45.45454545454545,0.7707890847174894,-1.26447775709998,0.5443339344528695
12,2.4,30.0,70.0,1.8,1.0,0.01,0.0005,0.75,8,17,117.0,0.6653479382679859,31.62393162393162,-3.036835157181595,-3.7802874513779283,-1.2381942078888752,44.0,1.22578424314577,45.45454545454545,0.7707890847174894,-1.26447775709998,0.5443339344528695
14,2.4,25.0,75.0,1.8,1.0,0.01,0.0005,0.75,8,17,116.0,0.6706689260355639,31.896551724137932,-2.9661628704905705,-3.710165513867425,-1.20977418099025,44.0,1.22578424314577,45.45454545454545,0.7707890847174894,-1.26447775709998,0.5443339344528695
14,2.4,30.0,70.0,1.8,1.0,0.01,0.0005,0.75,8,17,117.0,0.6653479382679859,31.62393162393162,-3.036835157181595,-3.7802874513779283,-1.2381942078888752,44.0,1.22578424314577,45.45454545454545,0.7707890847174894,-1.26447775709998,0.5443339344528695
16,2.4,30.0,70.0,1.8,1.0,0.01,0.0005,0.75,8,17,117.0,0.6653479382679859,31.62393162393162,-3.036835157181595,-3.7802874513779283,-1.2381942078888752,44.0,1.22578424314577,45.45454545454545,0.7707890847174894,-1.26447775709998,0.5443339344528695
18,2.4,30.0,70.0,1.8,1.0,0.01,0.0005,0.75,8,17,117.0,0.6653479382679859,31.62393162393162,-3.036835157181595,-3.7802874513779283,-1.2381942078888752,44.0,1.22578424314577,45.45454545454545,0.7707890847174894,-1.26447775709998,0.5443339344528695
20,2.4,30.0,70.0,1.8,1.0,0.01,0.0005,0.75,8,17,116.0,0.6706689260355639,31.896551724137932,-2.9661628704905705,-3.710165513867425,-1.20977418099025,44.0,1.22578424314577,45.45454545454545,0.7707890847174894,-1.26447775709998,0.5443339344528695
20,2.4,30.0,70.0,1.8,1.0,0.01,0.0007,0.5,8,17,186.0,0.6392139279886635,30.107526881720432,-5.262252455801863,-6.294767103331189,-1.7096698614420267,91.0,1.2253366584029877,43.956043956043956,1.5193513537253056,-2.335188822259915,0.8086162899701678
20,2.4,25.0,75.0,1.5,1.0,0.01,0.001,0.75,7,18,71.0,0.5638722224619016,29.577464788732392,-2.83974354639131,-3.3954359278291824,-1.2814132048942293,37.0,1.2249876296721973,51.35135135135135,0.6602464656696247,-1.5656936592649773,0.5073419937365131
14,1.8,25.0,75.0,2.0,1.0,0.01,0.0005,1.0,7,18,340.0,0.7375056634731934,31.76470588235294,-6.10695812194288,-6.353099612584834,-1.523034273655475,160.0,1.224871103136876,40.625,2.4469441730002837,-1.8935853244805845,1.0936630049762266
10,2.4,25.0,75.0,1.5,1.0,0.01,0.0005,1.0,7,18,77.0,0.6062798629608088,37.66233766233766,-2.228819225134812,-2.670509196161852,-1.2480496801423793,31.0,1.22467317265509,48.38709677419355,0.5081844271064255,-1.2523684879602537,0.4583955805770253
10,2.4,30.0,70.0,1.5,1.0,0.01,0.0005,1.0,7,18,77.0,0.6062798629608088,37.66233766233766,-2.228819225134812,-2.670509196161852,-1.2480496801423793,31.0,1.22467317265509,48.38709677419355,0.5081844271064255,-1.2523684879602537,0.4583955805770253
12,2.4,25.0,75.0,1.5,1.0,0.01,0.0005,1.0,7,18,77.0,0.6062798629608088,37.66233766233766,-2.228819225134812,-2.670509196161852,-1.2480496801423793,31.0,1.22467317265509,48.38709677419355,0.5081844271064255,-1.2523684879602537,0.4583955805770253
12,2.4,30.0,70.0,1.5,1.0,0.01,0.0005,1.0,7,18,77.0,0.6062798629608088,37.66233766233766,-2.228819225134812,-2.670509196161852,-1.2480496801423793,31.0,1.22467317265509,48.38709677419355,0.5081844271064255,-1.2523684879602537,0.4583955805770253
14,2.4,25.0,75.0,1.5,1.0,0.01,0.0005,1.0,7,18,77.0,0.6062798629608088,37.66233766233766,-2.228819225134812,-2.670509196161852,-1.2480496801423793,31.0,1.22467317265509,48.38709677419355,0.5081844271064255,-1.2523684879602537,0.4583955805770253
14,2.4,30.0,70.0,1.5,1.0,0.01,0.0005,1.0,7,18,77.0,0.6062798629608088,37.66233766233766,-2.228819225134812,-2.670509196161852,-1.2480496801423793,31.0,1.22467317265509,48.38709677419355,0.5081844271064255,-1.2523684879602537,0.4583955805770253
16,2.4,25.0,75.0,1.5,1.0,0.01,0.0005,1.0,7,18,77.0,0.6062798629608088,37.66233766233766,-2.228819225134812,-2.670509196161852,-1.2480496801423793,31.0,1.22467317265509,48.38709677419355,0.5081844271064255,-1.2523684879602537,0.4583955805770253
16,2.4,30.0,70.0,1.5,1.0,0.01,0.0005,1.0,7,18,77.0,0.6062798629608088,37.66233766233766,-2.228819225134812,-2.670509196161852,-1.2480496801423793,31.0,1.22467317265509,48.38709677419355,0.5081844271064255,-1.2523684879602537,0.4583955805770253
18,2.4,25.0,75.0,1.5,1.0,0.01,0.0005,1.0,7,18,77.0,0.6062798629608088,37.66233766233766,-2.228819225134812,-2.670509196161852,-1.2480496801423793,31.0,1.22467317265509,48.38709677419355,0.5081844271064255,-1.2523684879602537,0.4583955805770253
18,2.4,30.0,70.0,1.5,1.0,0.01,0.0005,1.0,7,18,77.0,0.6062798629608088,37.66233766233766,-2.228819225134812,-2.670509196161852,-1.2480496801423793,31.0,1.22467317265509,48.38709677419355,0.5081844271064255,-1.2523684879602537,0.4583955805770253
20,2.4,25.0,75.0,1.5,1.0,0.01,0.0005,1.0,7,18,75.0,0.6358602717225437,38.666666666666664,-1.9685797309884945,-2.4114538574536826,-1.1139629596382188,31.0,1.22467317265509,48.38709677419355,0.5081844271064255,-1.2523684879602537,0.4583955805770253
20,2.4,30.0,70.0,1.5,1.0,0.01,0.0005,1.0,7,18,77.0,0.6062798629608088,37.66233766233766,-2.228819225134812,-2.670509196161852,-1.2480496801423793,31.0,1.22467317265509,48.38709677419355,0.5081844271064255,-1.2523684879602537,0.4583955805770253
22,2.4,30.0,70.0,1.5,1.0,0.01,0.0005,1.0,7,18,77.0,0.6062798629608088,37.66233766233766,-2.228819225134812,-2.670509196161852,-1.2480496801423793,31.0,1.22467317265509,48.38709677419355,0.5081844271064255,-1.2523684879602537,0.4583955805770253
24,2.4,30.0,70.0,1.5,1.0,0.01,0.0005,1.0,7,18,77.0,0.6062798629608088,37.66233766233766,-2.228819225134812,-2.670509196161852,-1.2480496801423793,31.0,1.22467317265509,48.38709677419355,0.5081844271064255,-1.2523684879602537,0.4583955805770253
22,2.2,30.0,70.0,1.8,1.0,0.01,0.0005,0.75,8,17,178.0,0.6678847850565549,32.02247191011236,-4.4221356352588375,-5.368057420904537,-1.4491137049354168,75.0,1.224608812690497,42.66666666666667,1.252587211451155,-1.9844859439496099,0.6972223537153935
24,2.2,25.0,75.0,2.0,1.0,0.01,0.001,0.5,8,17,99.0,0.6214775130013669,26.262626262626267,-3.683678377040251,-4.288832599348158,-1.2813246358049175,60.0,1.2244917520833851,38.333333333333336,1.2061756741188765,-0.9835076482086591,0.6855941771749927
24,2.4,25.0,75.0,2.0,1.0,0.01,0.0007,1.0,7,18,60.0,0.5542208485771865,26.666666666666668,-2.291189805450558,-2.355881317711128,-1.259712033849293,24.0,1.2244621475742847,41.66666666666667,0.4957505409627265,-0.9473213424696647,0.40502864191446397
14,2.2,25.0,75.0,1.5,1.0,0.01,0.0005,0.5,8,17,336.0,0.7722040210908996,39.285714285714285,-4.7795400245703235,-5.770406938654693,-1.4055615620569692,157.0,1.2242323070967318,49.044585987261144,2.1619468573034464,-1.899671569966288,1.0710648297622274
18,2.2,25.0,75.0,2.0,1.0,0.01,0.0005,0.5,8,17,283.0,0.7556384447321973,32.15547703180212,-4.955704697431702,-5.863811612543445,-1.3735677965744968,128.0,1.2236692031294383,41.40625,2.053267405371498,-1.3721613561155088,0.9526945949137015
18,2.4,25.0,75.0,1.8,1.0,0.01,0.0007,0.75,7,18,121.0,0.6547657985589432,29.75206611570248,-3.345318338383913,-4.056805070443181,-1.2509434266160717,50.0,1.2234953196634297,48.0,0.8517404301846181,-1.5332828340102522,0.5823495376500748
22,2.4,30.0,70.0,1.8,1.0,0.01,0.0007,0.75,7,18,126.0,0.6736581052444306,30.158730158730158,-3.2707132870532223,-3.982738063905644,-1.204885321357945,50.0,1.2234953196634297,48.0,0.8517404301846181,-1.5332828340102522,0.5823495376500748
24,2.4,30.0,70.0,1.8,1.0,0.01,0.0007,0.75,7,18,124.0,0.690151795851568,30.64516129032258,-3.0355815529751635,-3.749333353714368,-1.1121950404042504,50.0,1.2234953196634297,48.0,0.8517404301846181,-1.5332828340102522,0.5823495376500748
10,2.4,25.0,75.0,1.5,1.0,0.01,0.0005,0.75,7,18,152.0,0.7775122822993734,40.78947368421053,-2.2095656917764974,-3.1148145494864887,-0.8350016621579559,66.0,1.223277598551535,50.0,0.9065128686319259,-1.6955920457473406,0.651991916265059
10,2.4,30.0,70.0,1.5,1.0,0.01,0.0005,0.75,7,18,152.0,0.7775122822993734,40.78947368421053,-2.2095656917764974,-3.1148145494864887,-0.8350016621579559,66.0,1.223277598551535,50.0,0.9065128686319259,-1.6955920457473406,0.651991916265059
12,2.4,25.0,75.0,1.5,1.0,0.01,0.0005,0.75,7,18,152.0,0.7775122822993734,40.78947368421053,-2.2095656917764974,-3.1148145494864887,-0.8350016621579559,66.0,1.223277598551535,50.0,0.9065128686319259,-1.6955920457473406,0.651991916265059
12,2.4,30.0,70.0,1.5,1.0,0.01,0.0005,0.75,7,18,152.0,0.7775122822993734,40.78947368421053,-2.2095656917764974,-3.1148145494864887,-0.8350016621579559,66.0,1.223277598551535,50.0,0.9065128686319259,-1.6955920457473406,0.651991916265059
14,2.4,30.0,70.0,1.5,1.0,0.01,0.0005,0.75,7,18,152.0,0.7775122822993734,40.78947368421053,-2.2095656917764974,-3.1148145494864887,-0.8350016621579559,66.0,1.223277598551535,50.0,0.9065128686319259,-1.6955920457473406,0.651991916265059
16,2.4,30.0,70.0,1.5,1.0,0.01,0.0005,0.75,7,18,152.0,0.7775122822993734,40.78947368421053,-2.2095656917764974,-3.1148145494864887,-0.8350016621579559,66.0,1.223277598551535,50.0,0.9065128686319259,-1.6955920457473406,0.651991916265059
18,2.4,30.0,70.0,1.5,1.0,0.01,0.0005,0.75,7,18,152.0,0.7775122822993734,40.78947368421053,-2.2095656917764974,-3.1148145494864887,-0.8350016621579559,66.0,1.223277598551535,50.0,0.9065128686319259,-1.6955920457473406,0.651991916265059
20,2.4,30.0,70.0,1.5,1.0,0.01,0.0005,0.75,7,18,150.0,0.7876974694655068,41.333333333333336,-2.0830577749794066,-3.04529946089499,-0.787428735280552,66.0,1.223277598551535,50.0,0.9065128686319259,-1.6955920457473406,0.651991916265059
10,2.0,25.0,75.0,1.5,1.0,0.01,0.0005,1.0,8,17,166.0,0.7580162523300404,39.75903614457831,-2.7461518730778516,-3.7284442779668803,-1.0130876352802152,62.0,1.2229324391153922,48.38709677419355,0.9797126074682092,-1.8503818691548934,0.6317594862611972
10,2.0,30.0,70.0,1.5,1.0,0.01,0.0005,1.0,8,17,166.0,0.7580162523300404,39.75903614457831,-2.7461518730778516,-3.7284442779668803,-1.0130876352802152,62.0,1.2229324391153922,48.38709677419355,0.9797126074682092,-1.8503818691548934,0.6317594862611972
12,2.0,25.0,75.0,1.5,1.0,0.01,0.0005,1.0,8,17,166.0,0.7580162523300404,39.75903614457831,-2.7461518730778516,-3.7284442779668803,-1.0130876352802152,62.0,1.2229324391153922,48.38709677419355,0.9797126074682092,-1.8503818691548934,0.6317594862611972
12,2.0,30.0,70.0,1.5,1.0,0.01,0.0005,1.0,8,17,166.0,0.7580162523300404,39.75903614457831,-2.7461518730778516,-3.7284442779668803,-1.0130876352802152,62.0,1.2229324391153922,48.38709677419355,0.9797126074682092,-1.8503818691548934,0.6317594862611972
14,2.0,25.0,75.0,1.5,1.0,0.01,0.0005,1.0,8,17,165.0,0.7628691448374437,40.0,-2.6752631512006886,-3.7284442779668803,-0.9851036438218236,62.0,1.2229324391153922,48.38709677419355,0.9797126074682092,-1.8503818691548934,0.6317594862611972
14,2.0,30.0,70.0,1.5,1.0,0.01,0.0005,1.0,8,17,166.0,0.7580162523300404,39.75903614457831,-2.7461518730778516,-3.7284442779668803,-1.0130876352802152,62.0,1.2229324391153922,48.38709677419355,0.9797126074682092,-1.8503818691548934,0.6317594862611972
16,2.0,30.0,70.0,1.5,1.0,0.01,0.0005,1.0,8,17,166.0,0.7580162523300404,39.75903614457831,-2.7461518730778516,-3.7284442779668803,-1.0130876352802152,62.0,1.2229324391153922,48.38709677419355,0.9797126074682092,-1.8503818691548934,0.6317594862611972
18,2.0,30.0,70.0,1.5,1.0,0.01,0.0005,1.0,8,17,166.0,0.7580162523300404,39.75903614457831,-2.7461518730778516,-3.7284442779668803,-1.0130876352802152,62.0,1.2229324391153922,48.38709677419355,0.9797126074682092,-1.8503818691548934,0.6317594862611972
20,2.0,30.0,70.0,1.5,1.0,0.01,0.0005,1.0,8,17,165.0,0.7628691448374437,40.0,-2.6752631512006886,-3.7284442779668803,-0.9851036438218236,62.0,1.2229324391153922,48.38709677419355,0.9797126074682092,-1.8503818691548934,0.6317594862611972
10,1.8,25.0,75.0,2.0,1.0,0.01,0.0007,1.0,7,18,276.0,0.6932191383308536,29.347826086956523,-6.456480233998355,-6.636087233825149,-1.6591490089687606,136.0,1.2212936031477266,40.44117647058824,2.226549125559686,-2.1917526591258008,0.9987824185549765
10,1.8,30.0,70.0,2.0,1.0,0.01,0.0007,1.0,7,18,276.0,0.6932191383308536,29.347826086956523,-6.456480233998355,-6.636087233825149,-1.6591490089687606,136.0,1.2212936031477266,40.44117647058824,2.226549125559686,-2.1917526591258008,0.9987824185549765
12,1.8,25.0,75.0,2.0,1.0,0.01,0.0007,1.0,7,18,274.0,0.6992809010652614,29.56204379562044,-6.280581088658928,-6.460522403287905,-1.6108323335733918,136.0,1.2212936031477266,40.44117647058824,2.226549125559686,-2.1917526591258008,0.9987824185549765
12,1.8,30.0,70.0,2.0,1.0,0.01,0.0007,1.0,7,18,276.0,0.6932191383308536,29.347826086956523,-6.456480233998355,-6.636087233825149,-1.6591490089687606,136.0,1.2212936031477266,40.44117647058824,2.226549125559686,-2.1917526591258008,0.9987824185549765
14,1.8,30.0,70.0,2.0,1.0,0.01,0.0007,1.0,7,18,276.0,0.6932191383308536,29.347826086956523,-6.456480233998355,-6.636087233825149,-1.6591490089687606,136.0,1.2212936031477266,40.44117647058824,2.226549125559686,-2.1917526591258008,0.9987824185549765
16,1.8,30.0,70.0,2.0,1.0,0.01,0.0007,1.0,7,18,276.0,0.6932191383308536,29.347826086956523,-6.456480233998355,-6.636087233825149,-1.6591490089687606,136.0,1.2212936031477266,40.44117647058824,2.226549125559686,-2.1917526591258008,0.9987824185549765
18,1.8,30.0,70.0,2.0,1.0,0.01,0.0007,1.0,7,18,275.0,0.6956203216120764,29.454545454545457,-6.386493541423824,-6.566230547740448,-1.6407407219086936,136.0,1.2212936031477266,40.44117647058824,2.226549125559686,-2.1917526591258008,0.9987824185549765
20,2.0,25.0,75.0,1.8,1.0,0.01,0.0007,0.75,8,17,213.0,0.7409828953054753,34.27230046948357,-4.152852803546448,-5.1494826859597165,-1.2174785051751724,97.0,1.2212838381628146,43.29896907216495,1.5828553323938468,-1.1197324019328492,0.8409416033595262
20,2.0,25.0,75.0,1.5,1.0,0.01,0.0005,1.0,8,17,153.0,0.7720808077115889,40.52287581699346,-2.3817786712288944,-3.571231532148944,-0.8904852535469696,58.0,1.2212584469602517,48.275862068965516,0.922119969791147,-1.850396278237676,0.6037951441287208
10,1.8,25.0,75.0,1.8,1.0,0.01,0.0005,1.0,7,18,350.0,0.7781095332259998,35.42857142857142,-5.043833098193918,-5.209623723686141,-1.2895519184736377,162.0,1.2212246061538305,43.82716049382716,2.326892963939226,-1.8158494571107409,1.0924510475001294
10,1.8,30.0,70.0,1.8,1.0,0.01,0.0005,1.0,7,18,350.0,0.7781095332259998,35.42857142857142,-5.043833098193918,-5.209623723686141,-1.2895519184736377,162.0,1.2212246061538305,43.82716049382716,2.326892963939226,-1.8158494571107409,1.0924510475001294
12,1.8,25.0,75.0,1.8,1.0,0.01,0.0005,1.0,7,18,347.0,0.7866352043960153,35.73487031700288,-4.804786317625112,-4.970980017962045,-1.2271646288121105,162.0,1.2212246061538305,43.82716049382716,2.326892963939226,-1.8158494571107409,1.0924510475001294
12,1.8,30.0,70.0,1.8,1.0,0.01,0.0005,1.0,7,18,350.0,0.7781095332259998,35.42857142857142,-5.043833098193918,-5.209623723686141,-1.2895519184736377,162.0,1.2212246061538305,43.82716049382716,2.326892963939226,-1.8158494571107409,1.0924510475001294
14,1.8,30.0,70.0,1.8,1.0,0.01,0.0005,1.0,7,18,350.0,0.7781095332259998,35.42857142857142,-5.043833098193918,-5.209623723686141,-1.2895519184736377,162.0,1.2212246061538305,43.82716049382716,2.326892963939226,-1.8158494571107409,1.0924510475001294
16,1.8,30.0,70.0,1.8,1.0,0.01,0.0005,1.0,7,18,350.0,0.7781095332259998,35.42857142857142,-5.043833098193918,-5.209623723686141,-1.2895519184736377,162.0,1.2212246061538305,43.82716049382716,2.326892963939226,-1.8158494571107409,1.0924510475001294
18,1.8,30.0,70.0,1.8,1.0,0.01,0.0005,1.0,7,18,349.0,0.7806259709925005,35.53008595988539,-4.972860171259599,-5.1387549896732,-1.2718884397461778,162.0,1.2212246061538305,43.82716049382716,2.326892963939226,-1.8158494571107409,1.0924510475001294
18,2.0,25.0,75.0,1.8,1.0,0.01,0.001,0.75,8,17,131.0,0.5964657830848921,28.24427480916031,-4.994679542456834,-5.649690170337706,-1.6525654254016362,76.0,1.2209318687073618,42.10526315789473,1.3897925702748215,-1.0419441622157466,0.7537087561747122
24,2.0,25.0,75.0,1.5,1.0,0.01,0.0007,1.0,8,17,118.0,0.7812822066766311,40.67796610169492,-1.8779898310704448,-2.8299023674474455,-0.7709812909291333,47.0,1.2203527772817735,48.93617021276596,0.7994185955638932,-1.7898866999456753,0.5509530578667408
16,1.8,25.0,75.0,1.8,1.0,0.01,0.0007,1.0,7,18,263.0,0.7696216381284455,34.22053231939163,-4.413970672692648,-4.81764196609582,-1.1802121161176462,132.0,1.2198273926988246,43.93939393939394,2.0450896870738147,-1.671791755034513,0.9749169586536872
18,2.0,25.0,75.0,2.0,1.0,0.01,0.0007,0.75,8,17,230.0,0.7094644458456614,30.869565217391305,-5.236286773263655,-6.187071420687329,-1.4720462313654548,108.0,1.2197834180956337,39.81481481481482,1.798943209160261,-1.5643158741892926,0.8674689353930566
10,2.4,25.0,75.0,2.0,1.0,0.01,0.001,1.0,8,17,38.0,0.2857691210317606,15.789473684210526,-3.009457499315049,-3.2263261780234864,-2.0892188834310526,20.0,1.2188818222554556,40.0,0.423348542018266,-0.8905781369898946,0.3675191333317998
10,2.4,30.0,70.0,2.0,1.0,0.01,0.001,1.0,8,17,38.0,0.2857691210317606,15.789473684210526,-3.009457499315049,-3.2263261780234864,-2.0892188834310526,20.0,1.2188818222554556,40.0,0.423348542018266,-0.8905781369898946,0.3675191333317998
12,2.4,25.0,75.0,2.0,1.0,0.01,0.001,1.0,8,17,38.0,0.2857691210317606,15.789473684210526,-3.009457499315049,-3.2263261780234864,-2.0892188834310526,20.0,1.2188818222554556,40.0,0.423348542018266,-0.8905781369898946,0.3675191333317998
12,2.4,30.0,70.0,2.0,1.0,0.01,0.001,1.0,8,17,38.0,0.2857691210317606,15.789473684210526,-3.009457499315049,-3.2263261780234864,-2.0892188834310526,20.0,1.2188818222554556,40.0,0.423348542018266,-0.8905781369898946,0.3675191333317998
14,2.4,25.0,75.0,2.0,1.0,0.01,0.001,1.0,8,17,38.0,0.2857691210317606,15.789473684210526,-3.009457499315049,-3.2263261780234864,-2.0892188834310526,20.0,1.2188818222554556,40.0,0.423348542018266,-0.8905781369898946,0.3675191333317998
14,2.4,30.0,70.0,2.0,1.0,0.01,0.001,1.0,8,17,38.0,0.2857691210317606,15.789473684210526,-3.009457499315049,-3.2263261780234864,-2.0892188834310526,20.0,1.2188818222554556,40.0,0.423348542018266,-0.8905781369898946,0.3675191333317998
16,2.4,25.0,75.0,2.0,1.0,0.01,0.001,1.0,8,17,38.0,0.2857691210317606,15.789473684210526,-3.009457499315049,-3.2263261780234864,-2.0892188834310526,20.0,1.2188818222554556,40.0,0.423348542018266,-0.8905781369898946,0.3675191333317998
16,2.4,30.0,70.0,2.0,1.0,0.01,0.001,1.0,8,17,38.0,0.2857691210317606,15.789473684210526,-3.009457499315049,-3.2263261780234864,-2.0892188834310526,20.0,1.2188818222554556,40.0,0.423348542018266,-0.8905781369898946,0.3675191333317998
18,2.4,25.0,75.0,2.0,1.0,0.01,0.001,1.0,8,17,38.0,0.2857691210317606,15.789473684210526,-3.009457499315049,-3.2263261780234864,-2.0892188834310526,20.0,1.2188818222554556,40.0,0.423348542018266,-0.8905781369898946,0.3675191333317998
18,2.4,30.0,70.0,2.0,1.0,0.01,0.001,1.0,8,17,38.0,0.2857691210317606,15.789473684210526,-3.009457499315049,-3.2263261780234864,-2.0892188834310526,20.0,1.2188818222554556,40.0,0.423348542018266,-0.8905781369898946,0.3675191333317998
20,2.4,25.0,75.0,2.0,1.0,0.01,0.001,1.0,8,17,36.0,0.3047131661822608,16.666666666666664,-2.751339822439313,-2.9687770998254814,-1.94211788419943,20.0,1.2188818222554556,40.0,0.423348542018266,-0.8905781369898946,0.3675191333317998
20,2.4,30.0,70.0,2.0,1.0,0.01,0.001,1.0,8,17,38.0,0.2857691210317606,15.789473684210526,-3.009457499315049,-3.2263261780234864,-2.0892188834310526,20.0,1.2188818222554556,40.0,0.423348542018266,-0.8905781369898946,0.3675191333317998
22,2.4,30.0,70.0,2.0,1.0,0.01,0.001,1.0,8,17,38.0,0.2857691210317606,15.789473684210526,-3.009457499315049,-3.2263261780234864,-2.0892188834310526,20.0,1.2188818222554556,40.0,0.423348542018266,-0.8905781369898946,0.3675191333317998
24,2.4,30.0,70.0,2.0,1.0,0.01,0.001,1.0,8,17,38.0,0.2857691210317606,15.789473684210526,-3.009457499315049,-3.2263261780234864,-2.0892188834310526,20.0,1.2188818222554556,40.0,0.423348542018266,-0.8905781369898946,0.3675191333317998
14,2.2,25.0,75.0,1.8,1.0,0.01,0.0007,0.5,8,17,278.0,0.7462656941625,33.45323741007194,-5.1472664078926575,-6.239317043045922,-1.4665201185502597,139.0,1.2180969136428943,43.16546762589928,2.1620599966543885,-1.3384486734613565,0.9941599615163642
10,2.0,25.0,75.0,1.8,1.0,0.01,0.0007,1.0,8,17,146.0,0.7471624483815509,33.56164383561644,-2.8835491775371156,-3.830756915486999,-0.9885087365377746,59.0,1.2177071908595254,44.06779661016949,1.018938499472897,-1.7289149950119431,0.6076913168659942
10,2.0,30.0,70.0,1.8,1.0,0.01,0.0007,1.0,8,17,146.0,0.7471624483815509,33.56164383561644,-2.8835491775371156,-3.830756915486999,-0.9885087365377746,59.0,1.2177071908595254,44.06779661016949,1.018938499472897,-1.7289149950119431,0.6076913168659942
12,2.0,25.0,75.0,1.8,1.0,0.01,0.0007,1.0,8,17,146.0,0.7471624483815509,33.56164383561644,-2.8835491775371156,-3.830756915486999,-0.9885087365377746,59.0,1.2177071908595254,44.06779661016949,1.018938499472897,-1.7289149950119431,0.6076913168659942
12,2.0,30.0,70.0,1.8,1.0,0.01,0.0007,1.0,8,17,146.0,0.7471624483815509,33.56164383561644,-2.8835491775371156,-3.830756915486999,-0.9885087365377746,59.0,1.2177071908595254,44.06779661016949,1.018938499472897,-1.7289149950119431,0.6076913168659942
14,2.0,25.0,75.0,1.8,1.0,0.01,0.0007,1.0,8,17,146.0,0.7471624483815509,33.56164383561644,-2.8835491775371156,-3.830756915486999,-0.9885087365377746,59.0,1.2177071908595254,44.06779661016949,1.018938499472897,-1.7289149950119431,0.6076913168659942
14,2.0,30.0,70.0,1.8,1.0,0.01,0.0007,1.0,8,17,146.0,0.7471624483815509,33.56164383561644,-2.8835491775371156,-3.830756915486999,-0.9885087365377746,59.0,1.2177071908595254,44.06779661016949,1.018938499472897,-1.7289149950119431,0.6076913168659942
16,2.0,30.0,70.0,1.8,1.0,0.01,0.0007,1.0,8,17,146.0,0.7471624483815509,33.56164383561644,-2.8835491775371156,-3.830756915486999,-0.9885087365377746,59.0,1.2177071908595254,44.06779661016949,1.018938499472897,-1.7289149950119431,0.6076913168659942
18,2.0,30.0,70.0,1.8,1.0,0.01,0.0007,1.0,8,17,146.0,0.7471624483815509,33.56164383561644,-2.8835491775371156,-3.830756915486999,-0.9885087365377746,59.0,1.2177071908595254,44.06779661016949,1.018938499472897,-1.7289149950119431,0.6076913168659942
20,2.0,30.0,70.0,1.8,1.0,0.01,0.0007,1.0,8,17,146.0,0.7471624483815509,33.56164383561644,-2.8835491775371156,-3.830756915486999,-0.9885087365377746,59.0,1.2177071908595254,44.06779661016949,1.018938499472897,-1.7289149950119431,0.6076913168659942
18,2.0,30.0,70.0,2.0,1.0,0.01,0.0005,0.75,8,17,314.0,0.6956969081114525,29.936305732484076,-6.907594784883568,-7.4786895259694735,-1.812167033651752,141.0,1.2175223842639662,40.42553191489361,2.184965172125394,-2.4483366461567124,0.9577401176680097
18,2.2,25.0,75.0,1.8,1.0,0.01,0.0007,0.5,8,17,240.0,0.7841308031948379,35.41666666666667,-3.8213908064394855,-4.794722864094092,-1.1177652499893518,115.0,1.2173846798158137,43.47826086956522,1.8069963708666912,-1.2313678837882702,0.8906832787739775
24,2.2,25.0,75.0,1.8,1.0,0.01,0.001,0.5,8,17,99.0,0.6036502533345757,28.28282828282828,-3.7695051453954695,-4.641998857686813,-1.3552480136065566,60.0,1.216858914486695,41.66666666666667,1.1163604523614594,-0.9377883693914124,0.6593939404198522
14,2.2,25.0,75.0,2.0,1.0,0.01,0.0005,0.5,8,17,336.0,0.7488430478973528,31.547619047619047,-5.871725697078146,-7.040436871797318,-1.5632931242308976,157.0,1.2166779211594407,41.40127388535032,2.394888039211983,-1.968336430193507,1.0208772024318102
24,2.2,25.0,75.0,1.5,1.0,0.01,0.001,0.5,8,17,99.0,0.5909265917293153,32.323232323232325,-3.7007459747277425,-4.354612322486895,-1.4080614961017273,60.0,1.2164107521644074,46.666666666666664,1.023742166099928,-1.32044434500177,0.6688574750889548
22,2.2,25.0,75.0,2.0,1.0,0.01,0.0005,0.5,8,17,223.0,0.7499311371530242,32.28699551569507,-4.1049782731697455,-4.3893494475274135,-1.2214367855698105,93.0,1.216308188603359,39.784946236559136,1.545330003985091,-1.026369063612942,0.7815714039909438
24,1.8,30.0,70.0,1.8,1.0,0.01,0.0005,1.0,7,18,324.0,0.7971725250692121,36.11111111111111,-4.319089939342084,-4.579453276256462,-1.1245196906830308,153.0,1.216263652450712,43.790849673202615,2.152126156465529,-1.5052112074330992,1.0405376164000122
10,2.4,25.0,75.0,1.5,1.0,0.01,0.0007,0.5,8,17,190.0,0.6752987609324552,36.31578947368421,-4.477526587647171,-5.068236679076188,-1.5505835533751562,93.0,1.2155733337855676,48.38709677419355,1.366363372799169,-2.5367804925624737,0.7911197158789767
10,2.4,30.0,70.0,1.5,1.0,0.01,0.0007,0.5,8,17,190.0,0.6752987609324552,36.31578947368421,-4.477526587647171,-5.068236679076188,-1.5505835533751562,93.0,1.2155733337855676,48.38709677419355,1.366363372799169,-2.5367804925624737,0.7911197158789767
12,2.4,25.0,75.0,1.5,1.0,0.01,0.0007,0.5,8,17,187.0,0.6699125386158215,36.36363636363637,-4.490357269530905,-5.081010574151934,-1.5650808959530218,93.0,1.2155733337855676,48.38709677419355,1.366363372799169,-2.5367804925624737,0.7911197158789767
12,2.4,30.0,70.0,1.5,1.0,0.01,0.0007,0.5,8,17,190.0,0.6752987609324552,36.31578947368421,-4.477526587647171,-5.068236679076188,-1.5505835533751562,93.0,1.2155733337855676,48.38709677419355,1.366363372799169,-2.5367804925624737,0.7911197158789767
14,2.4,30.0,70.0,1.5,1.0,0.01,0.0007,0.5,8,17,190.0,0.6752987609324552,36.31578947368421,-4.477526587647171,-5.068236679076188,-1.5505835533751562,93.0,1.2155733337855676,48.38709677419355,1.366363372799169,-2.5367804925624737,0.7911197158789767
16,2.4,30.0,70.0,1.5,1.0,0.01,0.0007,0.5,8,17,190.0,0.6752987609324552,36.31578947368421,-4.477526587647171,-5.068236679076188,-1.5505835533751562,93.0,1.2155733337855676,48.38709677419355,1.366363372799169,-2.5367804925624737,0.7911197158789767
10,1.8,25.0,75.0,2.0,1.0,0.01,0.0005,1.0,7,18,350.0,0.7286736664922313,31.428571428571427,-6.471217717009477,-6.716404297703715,-1.6016930633987267,162.0,1.2155060314581256,40.74074074074074,2.3783205339392954,-2.1162255806506214,1.0571697362514612
10,1.8,30.0,70.0,2.0,1.0,0.01,0.0005,1.0,7,18,350.0,0.7286736664922313,31.428571428571427,-6.471217717009477,-6.716404297703715,-1.6016930633987267,162.0,1.2155060314581256,40.74074074074074,2.3783205339392954,-2.1162255806506214,1.0571697362514612
12,1.8,25.0,75.0,2.0,1.0,0.01,0.0005,1.0,7,18,347.0,0.7362150367000039,31.70028818443804,-6.2356765883972365,-6.4814806423711175,-1.5411012035404532,162.0,1.2155060314581256,40.74074074074074,2.3783205339392954,-2.1162255806506214,1.0571697362514612
12,1.8,30.0,70.0,2.0,1.0,0.01,0.0005,1.0,7,18,350.0,0.7286736664922313,31.428571428571427,-6.471217717009477,-6.716404297703715,-1.6016930633987267,162.0,1.2155060314581256,40.74074074074074,2.3783205339392954,-2.1162255806506214,1.0571697362514612
14,1.8,30.0,70.0,2.0,1.0,0.01,0.0005,1.0,7,18,350.0,0.7286736664922313,31.428571428571427,-6.471217717009477,-6.716404297703715,-1.6016930633987267,162.0,1.2155060314581256,40.74074074074074,2.3783205339392954,-2.1162255806506214,1.0571697362514612
16,1.8,30.0,70.0,2.0,1.0,0.01,0.0005,1.0,7,18,350.0,0.7286736664922313,31.428571428571427,-6.471217717009477,-6.716404297703715,-1.6016930633987267,162.0,1.2155060314581256,40.74074074074074,2.3783205339392954,-2.1162255806506214,1.0571697362514612
18,1.8,30.0,70.0,2.0,1.0,0.01,0.0005,1.0,7,18,349.0,0.7309005210242417,31.51862464183381,-6.401240497312211,-6.6466105239447515,-1.584816863313517,162.0,1.2155060314581256,40.74074074074074,2.3783205339392954,-2.1162255806506214,1.0571697362514612
18,1.8,25.0,75.0,2.0,1.0,0.01,0.0005,1.0,7,18,308.0,0.7289442117968354,31.493506493506494,-5.803243421170209,-6.19191866497194,-1.5076145840782396,148.0,1.2153040515492097,41.21621621621622,2.187976802408048,-1.5343552777031033,1.007389900426159
22,1.8,25.0,75.0,2.0,1.0,0.01,0.001,1.0,8,17,112.0,0.5408439095290227,23.214285714285715,-5.14361637544549,-5.143616375445492,-1.7305076056016018,63.0,1.2141360849828486,38.095238095238095,1.1955388527972537,-0.9835245262592163,0.7095420476647551
20,2.0,30.0,70.0,2.0,1.0,0.01,0.0007,0.75,8,17,267.0,0.6983450917859773,29.962546816479403,-6.241424564405115,-6.83396104243319,-1.6659090510083148,124.0,1.2136138031880017,39.516129032258064,1.9871103312589913,-2.23265291032545,0.9065850925613232
18,2.2,25.0,75.0,1.5,1.0,0.01,0.0005,0.5,8,17,283.0,0.7975613010485325,40.63604240282685,-3.6564707079030083,-4.4555379586257216,-1.108019984657162,128.0,1.2134243504336022,49.21875,1.7183059231048539,-1.5281067245825786,0.9162968895273483
24,2.0,25.0,75.0,1.5,1.0,0.01,0.001,0.75,8,17,100.0,0.5402322573240518,30.0,-4.3149788394758435,-4.745827808906322,-1.606013336837166,58.0,1.211657749778703,46.55172413793103,0.9713977507349227,-1.5086210966690716,0.6335043586483378
22,1.8,30.0,70.0,1.8,1.0,0.01,0.0007,1.0,7,18,271.0,0.7592539001195292,33.94833948339483,-4.739883912565729,-5.142135188764696,-1.2573697079776966,133.0,1.2106384342629697,43.609022556390975,1.9729664514761498,-1.7409405580799175,0.9427360359483836
10,2.2,25.0,75.0,1.8,1.0,0.01,0.001,0.75,8,17,101.0,0.5414506580398404,25.742574257425744,-4.4657493608184815,-5.252146751250475,-1.6240017222087535,57.0,1.2101028272678103,42.10526315789473,1.0216589887676308,-2.1496536119038345,0.5812949706493273
10,2.2,30.0,70.0,1.8,1.0,0.01,0.001,0.75,8,17,101.0,0.5414506580398404,25.742574257425744,-4.4657493608184815,-5.252146751250475,-1.6240017222087535,57.0,1.2101028272678103,42.10526315789473,1.0216589887676308,-2.1496536119038345,0.5812949706493273
12,2.2,25.0,75.0,1.8,1.0,0.01,0.001,0.75,8,17,100.0,0.5470888515328612,26.0,-4.36784470413897,-5.155037706049237,-1.5801694781712077,57.0,1.2101028272678103,42.10526315789473,1.0216589887676308,-2.1496536119038345,0.5812949706493273
12,2.2,30.0,70.0,1.8,1.0,0.01,0.001,0.75,8,17,101.0,0.5414506580398404,25.742574257425744,-4.4657493608184815,-5.252146751250475,-1.6240017222087535,57.0,1.2101028272678103,42.10526315789473,1.0216589887676308,-2.1496536119038345,0.5812949706493273
14,2.2,30.0,70.0,1.8,1.0,0.01,0.001,0.75,8,17,101.0,0.5414506580398404,25.742574257425744,-4.4657493608184815,-5.252146751250475,-1.6240017222087535,57.0,1.2101028272678103,42.10526315789473,1.0216589887676308,-2.1496536119038345,0.5812949706493273
16,2.2,30.0,70.0,1.8,1.0,0.01,0.001,0.75,8,17,101.0,0.5414506580398404,25.742574257425744,-4.4657493608184815,-5.252146751250475,-1.6240017222087535,57.0,1.2101028272678103,42.10526315789473,1.0216589887676308,-2.1496536119038345,0.5812949706493273
18,2.2,30.0,70.0,1.8,1.0,0.01,0.001,0.75,8,17,101.0,0.5414506580398404,25.742574257425744,-4.4657493608184815,-5.252146751250475,-1.6240017222087535,57.0,1.2101028272678103,42.10526315789473,1.0216589887676308,-2.1496536119038345,0.5812949706493273
24,2.0,30.0,70.0,1.8,1.0,0.01,0.0007,0.75,8,17,251.0,0.7481686446871687,33.86454183266932,-4.705410304710549,-5.657612348138297,-1.3115304333468845,115.0,1.2100978955287247,42.608695652173914,1.7530386446209012,-1.7228929234089807,0.8765431510478785
24,2.2,25.0,75.0,1.5,1.0,0.01,0.0005,1.0,8,17,90.0,0.67976684131956,38.88888888888889,-2.0611100305313994,-2.4235560894965924,-1.0344046511439655,32.0,1.209719702522039,50.0,0.5196739496110786,-1.1672597140387708,0.42991029179110574
24,1.8,30.0,70.0,2.0,1.0,0.01,0.0007,1.0,7,18,262.0,0.7173576864026291,30.15267175572519,-5.65956529402285,-5.9360879427579505,-1.4736491709689155,129.0,1.2094306334137892,40.310077519379846,2.000369291247516,-1.8015618226472574,0.9218608288446969
18,1.8,25.0,75.0,2.0,1.0,0.01,0.0007,1.0,7,18,248.0,0.6945822994073487,29.435483870967744,-5.854009434799536,-6.261983334511356,-1.5622469950135165,126.0,1.2091782386941652,40.476190476190474,1.9567070774736386,-1.6104046714241704,0.9093566414315465
16,2.0,25.0,75.0,2.0,1.0,0.01,0.0005,0.75,8,17,290.0,0.7446755669204114,31.724137931034484,-5.334143680322686,-6.211545232877502,-1.4143895522727592,126.0,1.2087090399464633,40.476190476190474,1.8963842576821845,-1.9614374908127452,0.8792315166437709
22,2.2,25.0,75.0,1.8,1.0,0.01,0.0005,0.5,8,17,223.0,0.7694790137180791,35.874439461883405,-3.6320711366951945,-4.364776431811846,-1.1149521032231304,93.0,1.208503586741975,43.01075268817204,1.426175393245685,-1.0901538561614466,0.7545470460623523
20,2.4,30.0,70.0,1.8,1.0,0.01,0.0005,0.5,8,17,210.0,0.666548745862233,31.9047619047619,-5.139046962968022,-6.355008510155502,-1.6434806009285934,99.0,1.2083054925181076,43.43434343434344,1.471387134589877,-2.3908519941795436,0.7662251528012345
14,2.0,25.0,75.0,2.0,1.0,0.01,0.0007,0.75,8,17,258.0,0.7077575484708971,30.23255813953488,-5.826708786088911,-6.638241079363683,-1.5868528691364192,123.0,1.2082602067222976,39.02439024390244,1.9238177408618866,-2.1740055565158234,0.867767137710723
24,2.0,25.0,75.0,2.0,1.0,0.01,0.001,0.75,8,17,100.0,0.5638936127017113,24.0,-4.387655494788905,-4.727917258521785,-1.5062033205028693,58.0,1.207825337441807,37.93103448275862,1.0862351575766478,-1.1267468280025117,0.627660973756029
18,2.4,30.0,70.0,1.5,1.0,0.01,0.0005,0.5,8,17,214.0,0.6740886184741349,36.915887850467286,-4.7713013888886415,-5.578467034188506,-1.6471129052569609,100.0,1.2075632154359406,48.0,1.363234568177304,-2.5923864796645657,0.7697774101567405
10,2.2,25.0,75.0,1.8,1.0,0.01,0.0005,0.75,8,17,183.0,0.6480129576717055,31.147540983606557,-4.8190840162076345,-5.76111599357958,-1.5825753664128162,78.0,1.2073362425280147,42.30769230769231,1.2081860207821773,-2.2894443771911854,0.6613918886554216
10,2.2,30.0,70.0,1.8,1.0,0.01,0.0005,0.75,8,17,183.0,0.6480129576717055,31.147540983606557,-4.8190840162076345,-5.76111599357958,-1.5825753664128162,78.0,1.2073362425280147,42.30769230769231,1.2081860207821773,-2.2894443771911854,0.6613918886554216
12,2.2,25.0,75.0,1.8,1.0,0.01,0.0005,0.75,8,17,180.0,0.6598762541577564,31.666666666666664,-4.579378265438573,-5.523764519114504,-1.4991133881078267,78.0,1.2073362425280147,42.30769230769231,1.2081860207821773,-2.2894443771911854,0.6613918886554216
12,2.2,30.0,70.0,1.8,1.0,0.01,0.0005,0.75,8,17,183.0,0.6480129576717055,31.147540983606557,-4.8190840162076345,-5.76111599357958,-1.5825753664128162,78.0,1.2073362425280147,42.30769230769231,1.2081860207821773,-2.2894443771911854,0.6613918886554216
14,2.2,30.0,70.0,1.8,1.0,0.01,0.0005,0.75,8,17,183.0,0.6480129576717055,31.147540983606557,-4.8190840162076345,-5.76111599357958,-1.5825753664128162,78.0,1.2073362425280147,42.30769230769231,1.2081860207821773,-2.2894443771911854,0.6613918886554216
16,2.2,30.0,70.0,1.8,1.0,0.01,0.0005,0.75,8,17,183.0,0.6480129576717055,31.147540983606557,-4.8190840162076345,-5.76111599357958,-1.5825753664128162,78.0,1.2073362425280147,42.30769230769231,1.2081860207821773,-2.2894443771911854,0.6613918886554216
24,2.4,25.0,75.0,1.8,1.0,0.01,0.0007,0.75,8,17,82.0,0.6241085110185737,29.268292682926827,-2.617272654250173,-3.1911497782279086,-1.1458387405599837,32.0,1.207249667868129,46.875,0.573704893282138,-1.0279682873779894,0.43436695834352224
14,2.4,25.0,75.0,1.5,1.0,0.01,0.0005,0.75,7,18,150.0,0.7876974694655068,41.333333333333336,-2.0830577749794066,-3.04529946089499,-0.787428735280552,65.0,1.206424958671196,49.23076923076923,0.8372663904259571,-1.6955881497344283,0.6032835756185708
16,2.2,25.0,75.0,1.8,1.0,0.01,0.001,0.75,8,17,97.0,0.5656899198185723,26.804123711340207,-4.0579770874588394,-4.847739294473008,-1.476255613212763,55.0,1.2063383321490069,41.81818181818181,0.9697276569499081,-1.844272937279734,0.5587299102392739
22,2.2,30.0,70.0,1.8,1.0,0.01,0.001,0.75,8,17,99.0,0.5529932649039483,26.262626262626267,-4.267386610500798,-5.055438151576386,-1.5501634561678754,55.0,1.2063383321490069,41.81818181818181,0.9697276569499081,-1.844272937279734,0.5587299102392739
24,2.2,30.0,70.0,1.8,1.0,0.01,0.001,0.75,8,17,96.0,0.5732730615021397,27.083333333333332,-3.9371018541414013,-4.727887802613607,-1.423268073951766,55.0,1.2063383321490069,41.81818181818181,0.9697276569499081,-1.844272937279734,0.5587299102392739
10,2.0,25.0,75.0,2.0,1.0,0.01,0.0005,0.75,8,17,317.0,0.6891649234901527,29.652996845425868,-7.114084844940334,-7.683965680051951,-1.8666347627161815,142.0,1.2060838728679986,40.140845070422536,2.0875234366152107,-2.448436580615121,0.9124116003107541
10,2.0,30.0,70.0,2.0,1.0,0.01,0.0005,0.75,8,17,317.0,0.6891649234901527,29.652996845425868,-7.114084844940334,-7.683965680051951,-1.8666347627161815,142.0,1.2060838728679986,40.140845070422536,2.0875234366152107,-2.448436580615121,0.9124116003107541
12,2.0,30.0,70.0,2.0,1.0,0.01,0.0005,0.75,8,17,317.0,0.6891649234901527,29.652996845425868,-7.114084844940334,-7.683965680051951,-1.8666347627161815,142.0,1.2060838728679986,40.140845070422536,2.0875234366152107,-2.448436580615121,0.9124116003107541
14,2.0,30.0,70.0,2.0,1.0,0.01,0.0005,0.75,8,17,317.0,0.6891649234901527,29.652996845425868,-7.114084844940334,-7.683965680051951,-1.8666347627161815,142.0,1.2060838728679986,40.140845070422536,2.0875234366152107,-2.448436580615121,0.9124116003107541
16,2.0,30.0,70.0,2.0,1.0,0.01,0.0005,0.75,8,17,317.0,0.6891649234901527,29.652996845425868,-7.114084844940334,-7.683965680051951,-1.8666347627161815,142.0,1.2060838728679986,40.140845070422536,2.0875234366152107,-2.448436580615121,0.9124116003107541
18,2.4,25.0,75.0,1.5,1.0,0.01,0.0005,0.75,7,18,143.0,0.7784475291038637,41.25874125874126,-2.085591540033365,-2.9787145272716087,-0.8014123148803308,62.0,1.205851522986481,50.0,0.8052945605835521,-1.6955477846894884,0.5809014883162796
24,2.4,30.0,70.0,1.5,1.0,0.01,0.0005,0.75,7,18,147.0,0.8009157360854225,41.49659863945578,-1.907853091509114,-2.8097151970130962,-0.7191000966404234,62.0,1.205851522986481,50.0,0.8052945605835521,-1.6955477846894884,0.5809014883162796
18,2.2,30.0,70.0,1.8,1.0,0.01,0.0005,0.5,8,17,359.0,0.779237301441137,34.81894150417828,-5.290150613204005,-6.62175630164703,-1.388793688828206,165.0,1.2056209796319455,44.24242424242424,2.2845781589578293,-1.481410277248607,1.0253545123298713
16,2.2,25.0,75.0,2.0,1.0,0.01,0.0007,0.75,8,17,153.0,0.6110672420743467,27.450980392156865,-4.990230856271373,-5.646564142800392,-1.6018013101261652,71.0,1.2055762619873724,39.436619718309856,1.1723370762741796,-2.214127458060533,0.6349258507251053
16,2.0,25.0,75.0,1.8,1.0,0.01,0.0007,0.75,8,17,251.0,0.7551323741948548,34.26294820717131,-4.55453149530309,-5.438944741280249,-1.2775420917483908,115.0,1.2052138016013298,42.608695652173914,1.7009443252527308,-1.6723401453055953,0.8451895590770458
14,2.2,25.0,75.0,1.8,1.0,0.01,0.001,0.5,8,17,144.0,0.6693124706779205,30.555555555555557,-4.351980244543756,-5.41849151414292,-1.3971290758002988,95.0,1.2051336128970689,42.10526315789473,1.604199488463746,-1.1966545685812013,0.8042609174973788
20,2.4,25.0,75.0,1.8,1.0,0.01,0.001,0.75,8,17,63.0,0.5499840464615671,25.396825396825395,-2.7885317340840263,-3.6229062921299127,-1.243230046912991,33.0,1.2049239941018006,45.45454545454545,0.5932722119108803,-1.0985083272433416,0.44109392402637376
20,2.4,25.0,75.0,1.8,1.0,0.01,0.0005,0.75,8,17,105.0,0.6530978232341145,31.428571428571427,-2.854537760535841,-3.5993882229729435,-1.1805982797314558,40.0,1.2048186927759843,45.0,0.6520681935499488,-1.0407011781109698,0.4717519645733674
22,2.0,30.0,70.0,1.8,1.0,0.01,0.0007,0.75,8,17,263.0,0.7366150164672196,33.460076045627375,-5.124627090795675,-6.003820759629431,-1.4217733885437953,118.0,1.2046099486509978,42.3728813559322,1.7417635042200346,-1.8906949027007958,0.8641882849524956
24,2.0,25.0,75.0,1.8,1.0,0.01,0.001,0.75,8,17,100.0,0.5492422538148172,26.0,-4.437202360749143,-5.04404346859425,-1.5692740493703232,58.0,1.2045451176167619,41.37931034482759,1.0235427541163518,-1.166246914356861,0.6137206560987896
16,2.0,25.0,75.0,1.5,1.0,0.01,0.0005,0.75,8,17,290.0,0.7417411830230606,38.96551724137931,-4.881476945443337,-5.243413501241334,-1.443391215486865,126.0,1.2039669105148327,48.41269841269841,1.6245896247929703,-2.0239895950543763,0.8556099176877129
14,1.8,25.0,75.0,1.5,1.0,0.01,0.0007,1.0,7,18,269.0,0.7596285549784895,39.03345724907063,-4.397767361984151,-4.659793605697704,-1.2421078987282157,135.0,1.2038601498326345,48.148148148148145,1.786558997523225,-2.178300623539464,0.9426129059073256
20,1.8,30.0,70.0,1.5,1.0,0.01,0.0007,1.0,7,18,274.0,0.7585139486494158,39.05109489051095,-4.483133501115008,-4.7449314976290236,-1.256516857731951,135.0,1.2038601498326345,48.148148148148145,1.786558997523225,-2.178300623539464,0.9426129059073256
22,2.0,25.0,75.0,1.5,1.0,0.01,0.0007,1.0,8,17,128.0,0.7603183296056683,39.84375,-2.2456047041053537,-3.31636518333589,-0.8985317005796438,51.0,1.2032361374764506,49.01960784313725,0.7874590183337933,-1.7716256689041865,0.5303622521527743
22,1.8,25.0,75.0,1.8,1.0,0.01,0.001,1.0,8,17,112.0,0.5626770380939623,26.785714285714285,-4.727760274047796,-5.090325507762317,-1.6242857138006723,63.0,1.2024462616490488,41.269841269841265,1.0844950817082828,-0.9800797783015014,0.668310343274203
24,1.8,30.0,70.0,2.0,1.0,0.01,0.0005,1.0,7,18,324.0,0.7511056454780722,32.098765432098766,-5.561045972328611,-5.786162664781591,-1.407501187054396,153.0,1.2023599458651433,40.52287581699346,2.1167860069545714,-1.7257718165705205,0.9705985697569385
20,2.0,25.0,75.0,1.8,1.0,0.01,0.0007,1.0,8,17,136.0,0.7344852658294203,33.088235294117645,-2.8381590470748597,-3.7793136132184824,-0.9893296385111567,55.0,1.2022876814265873,43.63636363636363,0.8999164490680596,-1.7288930975160266,0.5461857167418153
22,1.8,25.0,75.0,1.8,1.0,0.01,0.0005,1.0,8,17,215.0,0.7219694818147552,34.418604651162795,-4.306137825468013,-4.638707942888809,-1.3057075868537626,85.0,1.201665663793056,42.35294117647059,1.2777988563154576,-0.9806826044256534,0.7469911880005664
14,2.4,25.0,75.0,1.5,1.0,0.01,0.0005,0.5,8,17,205.0,0.6748165677266874,37.073170731707314,-4.600027693716711,-5.408663512572587,-1.610348889559336,98.0,1.2015881011874008,47.95918367346938,1.292697502694027,-2.444115984858708,0.7302925170002809
20,2.2,25.0,75.0,1.5,1.0,0.01,0.0005,1.0,7,18,126.0,0.7761609874565364,42.06349206349206,-1.84798286690022,-2.515010330379075,-0.768270107961882,51.0,1.201251114843697,50.98039215686274,0.684076178265168,-1.754128636703145,0.509245109670243
10,2.0,25.0,75.0,2.0,1.0,0.01,0.001,0.75,8,17,146.0,0.5570844292759607,23.972602739726025,-6.342882608745695,-6.614454250706858,-1.9701776827576916,88.0,1.2010538938640678,38.63636363636363,1.5226504101122373,-1.8037845862891033,0.7569777170090521
10,2.0,30.0,70.0,2.0,1.0,0.01,0.001,0.75,8,17,146.0,0.5570844292759607,23.972602739726025,-6.342882608745695,-6.614454250706858,-1.9701776827576916,88.0,1.2010538938640678,38.63636363636363,1.5226504101122373,-1.8037845862891033,0.7569777170090521
12,2.0,25.0,75.0,2.0,1.0,0.01,0.001,0.75,8,17,144.0,0.5699787302923508,24.305555555555554,-6.029482606378715,-6.505145504796916,-1.8718332382827718,88.0,1.2010538938640678,38.63636363636363,1.5226504101122373,-1.8037845862891033,0.7569777170090521
12,2.0,30.0,70.0,2.0,1.0,0.01,0.001,0.75,8,17,146.0,0.5570844292759607,23.972602739726025,-6.342882608745695,-6.614454250706858,-1.9701776827576916,88.0,1.2010538938640678,38.63636363636363,1.5226504101122373,-1.8037845862891033,0.7569777170090521
14,2.0,30.0,70.0,2.0,1.0,0.01,0.001,0.75,8,17,146.0,0.5570844292759607,23.972602739726025,-6.342882608745695,-6.614454250706858,-1.9701776827576916,88.0,1.2010538938640678,38.63636363636363,1.5226504101122373,-1.8037845862891033,0.7569777170090521
16,2.0,30.0,70.0,2.0,1.0,0.01,0.001,0.75,8,17,146.0,0.5570844292759607,23.972602739726025,-6.342882608745695,-6.614454250706858,-1.9701776827576916,88.0,1.2010538938640678,38.63636363636363,1.5226504101122373,-1.8037845862891033,0.7569777170090521
18,2.0,30.0,70.0,2.0,1.0,0.01,0.001,0.75,8,17,146.0,0.5570844292759607,23.972602739726025,-6.342882608745695,-6.614454250706858,-1.9701776827576916,88.0,1.2010538938640678,38.63636363636363,1.5226504101122373,-1.8037845862891033,0.7569777170090521
24,2.2,25.0,75.0,1.5,1.0,0.01,0.001,1.0,8,17,52.0,0.482195581764948,28.846153846153843,-2.588060360286527,-2.7968513110875226,-1.4266582690185545,28.0,1.2008890449707181,50.0,0.46914503931271606,-1.2621640705532844,0.3960093311616413
16,1.8,25.0,75.0,1.8,1.0,0.01,0.0005,1.0,7,18,325.0,0.8057412684414963,36.30769230769231,-4.144568124573889,-4.370911178725178,-1.0775466876116397,156.0,1.2007041157266214,43.58974358974359,2.047529805642189,-1.6042152973480328,0.9714853043286685
18,2.2,30.0,70.0,1.5,1.0,0.01,0.0007,0.75,7,18,190.0,0.7272485634832979,38.421052631578945,-3.649636677882827,-4.206499147010289,-1.183766519450872,93.0,1.1999726602591207,48.38709677419355,1.2643863227636212,-2.9032301446933695,0.718872926650721
22,2.0,30.0,70.0,1.8,1.0,0.01,0.001,0.75,8,17,142.0,0.6248055306418063,28.87323943661972,-4.96169483759948,-5.642473039207497,-1.5868189674968238,82.0,1.1998738434236556,41.46341463414634,1.3586377998439638,-1.4225530629924044,0.7331289666247767
24,2.0,30.0,70.0,1.8,1.0,0.01,0.001,0.75,8,17,139.0,0.641131562241206,29.496402877697843,-4.6338237131752615,-5.316918792590974,-1.46755047427023,82.0,1.1998738434236556,41.46341463414634,1.3586377998439638,-1.4225530629924044,0.7331289666247767
22,1.8,25.0,75.0,2.0,1.0,0.01,0.0005,1.0,8,17,215.0,0.7138776180022488,31.16279069767442,-4.597806629669467,-4.605604070043512,-1.3516149643116706,85.0,1.1990236062880082,38.82352941176471,1.3202645734246652,-1.117304277117137,0.7358032704292757
18,2.2,30.0,70.0,2.0,1.0,0.01,0.0007,0.75,8,17,160.0,0.5952022055275532,26.875,-5.414163284030365,-6.067545896382764,-1.72316590810479,74.0,1.198667980126009,39.189189189189186,1.1783973474985578,-2.586844416861289,0.6298139973788491
20,2.4,30.0,70.0,1.5,1.0,0.01,0.0007,0.5,8,17,186.0,0.6624347119992124,36.02150537634409,-4.591936903417136,-5.181985310360426,-1.6038213770481557,91.0,1.1985944164532936,48.35164835164835,1.238207651999819,-2.5368268265216654,0.7285679727776633
20,2.2,25.0,75.0,1.8,1.0,0.01,0.0005,0.75,8,17,156.0,0.6859621993192536,32.69230769230769,-3.6644722300455213,-4.727001725043289,-1.238673989780417,67.0,1.1981505735085678,43.28358208955223,1.0102616689270507,-1.7478122531890294,0.5883469557335135
22,2.2,25.0,75.0,1.5,1.0,0.01,0.001,1.0,8,17,56.0,0.4741131077415493,28.57142857142857,-2.8226917472412243,-3.030989989876487,-1.5553543638878482,30.0,1.1980419790101748,50.0,0.4877494107532038,-1.2438802942342675,0.40605132584434317
18,2.2,25.0,75.0,2.0,1.0,0.01,0.0007,0.75,8,17,145.0,0.5754187161871205,26.20689655172414,-5.227967353758177,-5.882616668186413,-1.7238981993126732,68.0,1.197859333026543,39.705882352941174,1.09367699283579,-2.046904449204967,0.6016153828774362
22,2.4,25.0,75.0,2.0,1.0,0.01,0.0007,0.75,8,17,89.0,0.6659666930724066,28.08988764044944,-2.550120771539696,-3.2718987921093845,-1.0525142712862103,35.0,1.1975038576849475,42.857142857142854,0.6102047636322278,-1.0236499928620857,0.450895667460434
18,2.2,30.0,70.0,1.5,1.0,0.01,0.0005,0.5,8,17,359.0,0.7937191854478728,39.83286908077994,-4.597081725468634,-5.916110755181658,-1.2835105335412822,165.0,1.1974455886312216,48.484848484848484,2.0158597796566755,-2.048824291055096,1.0009176188124014
24,2.0,30.0,70.0,1.5,1.0,0.01,0.0005,0.75,8,17,289.0,0.7314972131508249,38.4083044982699,-5.096006818926344,-5.526343140712853,-1.500048451023644,125.0,1.1967853676943994,48.0,1.5765330794288455,-2.0744339713154036,0.8407939170175964
16,2.4,25.0,75.0,1.8,1.0,0.01,0.0007,0.75,7,18,125.0,0.6814991457201622,30.4,-3.1575467619506705,-3.870403555669577,-1.1643990073620067,51.0,1.19677006198404,47.05882352941176,0.7654620290924686,-1.53328376129509,0.5228128038432722
18,2.4,30.0,70.0,1.8,1.0,0.01,0.0007,0.5,8,17,188.0,0.6427973187196936,30.319148936170215,-5.2462445927119195,-6.27891762066195,-1.70279951871124,92.0,1.196697068125516,43.47826086956522,1.3551759038387898,-2.3831755611461114,0.7194320732609754
10,2.2,25.0,75.0,2.0,1.0,0.01,0.001,0.75,8,17,101.0,0.45135015399509165,19.801980198019802,-5.676664824901673,-6.186060002683835,-2.009205710975324,57.0,1.1966959022160795,38.59649122807017,1.0035881396221338,-2.0347083225940144,0.554447566679368
10,2.2,30.0,70.0,2.0,1.0,0.01,0.001,0.75,8,17,101.0,0.45135015399509165,19.801980198019802,-5.676664824901673,-6.186060002683835,-2.009205710975324,57.0,1.1966959022160795,38.59649122807017,1.0035881396221338,-2.0347083225940144,0.554447566679368
12,2.2,25.0,75.0,2.0,1.0,0.01,0.001,0.75,8,17,100.0,0.4557408274197345,20.0,-5.579937434020248,-6.089888704236479,-1.964002597924571,57.0,1.1966959022160795,38.59649122807017,1.0035881396221338,-2.0347083225940144,0.554447566679368
12,2.2,30.0,70.0,2.0,1.0,0.01,0.001,0.75,8,17,101.0,0.45135015399509165,19.801980198019802,-5.676664824901673,-6.186060002683835,-2.009205710975324,57.0,1.1966959022160795,38.59649122807017,1.0035881396221338,-2.0347083225940144,0.554447566679368
14,2.2,30.0,70.0,2.0,1.0,0.01,0.001,0.75,8,17,101.0,0.45135015399509165,19.801980198019802,-5.676664824901673,-6.186060002683835,-2.009205710975324,57.0,1.1966959022160795,38.59649122807017,1.0035881396221338,-2.0347083225940144,0.554447566679368
16,2.2,30.0,70.0,2.0,1.0,0.01,0.001,0.75,8,17,101.0,0.45135015399509165,19.801980198019802,-5.676664824901673,-6.186060002683835,-2.009205710975324,57.0,1.1966959022160795,38.59649122807017,1.0035881396221338,-2.0347083225940144,0.554447566679368
18,2.2,30.0,70.0,2.0,1.0,0.01,0.001,0.75,8,17,101.0,0.45135015399509165,19.801980198019802,-5.676664824901673,-6.186060002683835,-2.009205710975324,57.0,1.1966959022160795,38.59649122807017,1.0035881396221338,-2.0347083225940144,0.554447566679368
20,2.0,25.0,75.0,2.0,1.0,0.01,0.001,0.75,8,17,121.0,0.524651635162408,23.140495867768596,-5.758412118876313,-6.18203402512254,-1.9109291273565803,72.0,1.1966133722327936,38.88888888888889,1.235654866135701,-1.1252070301252304,0.6653174755099841
22,1.8,25.0,75.0,1.8,1.0,0.01,0.0007,1.0,8,17,186.0,0.6832703385899912,32.25806451612903,-4.605545705059303,-4.936499886441437,-1.4311707579493878,79.0,1.1964395710073434,41.77215189873418,1.2029154969901539,-0.9806714861239851,0.7196236771019422
16,1.8,25.0,75.0,2.0,1.0,0.01,0.0007,1.0,7,18,263.0,0.7147168217960739,30.038022813688215,-5.744693244766168,-5.961461148542946,-1.490924619485458,132.0,1.195368562107409,40.15151515151515,1.9149985842384194,-1.900397173050128,0.8672956236100511
18,1.8,25.0,75.0,1.5,1.0,0.01,0.0007,1.0,7,18,248.0,0.7674386207667265,39.516129032258064,-3.93926180711449,-4.281229309415869,-1.1441416843613355,126.0,1.1951684311874669,48.41269841269841,1.6054414434953832,-1.8201484819432956,0.8739286657534223
22,1.8,25.0,75.0,1.5,1.0,0.01,0.001,1.0,8,17,112.0,0.5434987885705662,30.357142857142854,-4.722854295925336,-5.057554417305255,-1.725486270719102,63.0,1.1943944611608694,46.03174603174603,0.9598280299617181,-1.3581661390398514,0.6512926305110308
18,2.0,25.0,75.0,2.0,1.0,0.01,0.001,0.75,8,17,131.0,0.5407588399071659,23.66412213740458,-5.962708755686654,-6.413417086802198,-1.9259751409310417,76.0,1.1937377421699724,38.15789473684211,1.2838877857749686,-1.1251631898184122,0.6715629899835159
24,2.4,25.0,75.0,2.0,1.0,0.01,0.001,1.0,7,18,37.0,0.3333351487621578,16.216216216216218,-2.6766092205243512,-2.676609220524351,-1.7670031398439041,22.0,1.193705493451877,40.909090909090914,0.41213783558529027,-0.871567440356491,0.3406233191957143
22,1.8,25.0,75.0,1.5,1.0,0.01,0.0007,1.0,8,17,186.0,0.68175182912558,37.096774193548384,-4.348686618458668,-4.6055920457652055,-1.4539138669655314,79.0,1.1934824563468514,46.835443037974684,1.0894513153173466,-1.207856574264854,0.7166817247051819
10,2.4,25.0,75.0,1.5,1.0,0.01,0.001,0.75,7,18,79.0,0.5828360210928409,30.37974683544304,-2.9740538809202373,-3.528986858626615,-1.3221455603227252,40.0,1.1932171168696963,50.0,0.6095702767516378,-1.5656577658799575,0.46605661612418026
10,2.4,30.0,70.0,1.5,1.0,0.01,0.001,0.75,7,18,79.0,0.5828360210928409,30.37974683544304,-2.9740538809202373,-3.528986858626615,-1.3221455603227252,40.0,1.1932171168696963,50.0,0.6095702767516378,-1.5656577658799575,0.46605661612418026
12,2.4,25.0,75.0,1.5,1.0,0.01,0.001,0.75,7,18,79.0,0.5828360210928409,30.37974683544304,-2.9740538809202373,-3.528986858626615,-1.3221455603227252,40.0,1.1932171168696963,50.0,0.6095702767516378,-1.5656577658799575,0.46605661612418026
12,2.4,30.0,70.0,1.5,1.0,0.01,0.001,0.75,7,18,79.0,0.5828360210928409,30.37974683544304,-2.9740538809202373,-3.528986858626615,-1.3221455603227252,40.0,1.1932171168696963,50.0,0.6095702767516378,-1.5656577658799575,0.46605661612418026
14,2.4,25.0,75.0,1.5,1.0,0.01,0.001,0.75,7,18,79.0,0.5828360210928409,30.37974683544304,-2.9740538809202373,-3.528986858626615,-1.3221455603227252,40.0,1.1932171168696963,50.0,0.6095702767516378,-1.5656577658799575,0.46605661612418026
14,2.4,30.0,70.0,1.5,1.0,0.01,0.001,0.75,7,18,79.0,0.5828360210928409,30.37974683544304,-2.9740538809202373,-3.528986858626615,-1.3221455603227252,40.0,1.1932171168696963,50.0,0.6095702767516378,-1.5656577658799575,0.46605661612418026
16,2.4,30.0,70.0,1.5,1.0,0.01,0.001,0.75,7,18,79.0,0.5828360210928409,30.37974683544304,-2.9740538809202373,-3.528986858626615,-1.3221455603227252,40.0,1.1932171168696963,50.0,0.6095702767516378,-1.5656577658799575,0.46605661612418026
18,2.4,30.0,70.0,1.5,1.0,0.01,0.001,0.75,7,18,79.0,0.5828360210928409,30.37974683544304,-2.9740538809202373,-3.528986858626615,-1.3221455603227252,40.0,1.1932171168696963,50.0,0.6095702767516378,-1.5656577658799575,0.46605661612418026
20,2.4,30.0,70.0,1.5,1.0,0.01,0.001,0.75,7,18,79.0,0.5828360210928409,30.37974683544304,-2.9740538809202373,-3.528986858626615,-1.3221455603227252,40.0,1.1932171168696963,50.0,0.6095702767516378,-1.5656577658799575,0.46605661612418026
10,2.4,25.0,75.0,1.8,1.0,0.01,0.0007,1.0,7,18,70.0,0.5133596441455955,27.142857142857142,-2.897265139477604,-3.0665558583211405,-1.5644862788941096,29.0,1.1928102751629637,44.827586206896555,0.46561148702650823,-1.1812202195872756,0.3896538873265185
10,2.4,30.0,70.0,1.8,1.0,0.01,0.0007,1.0,7,18,70.0,0.5133596441455955,27.142857142857142,-2.897265139477604,-3.0665558583211405,-1.5644862788941096,29.0,1.1928102751629637,44.827586206896555,0.46561148702650823,-1.1812202195872756,0.3896538873265185
12,2.4,25.0,75.0,1.8,1.0,0.01,0.0007,1.0,7,18,70.0,0.5133596441455955,27.142857142857142,-2.897265139477604,-3.0665558583211405,-1.5644862788941096,29.0,1.1928102751629637,44.827586206896555,0.46561148702650823,-1.1812202195872756,0.3896538873265185
12,2.4,30.0,70.0,1.8,1.0,0.01,0.0007,1.0,7,18,70.0,0.5133596441455955,27.142857142857142,-2.897265139477604,-3.0665558583211405,-1.5644862788941096,29.0,1.1928102751629637,44.827586206896555,0.46561148702650823,-1.1812202195872756,0.3896538873265185
14,2.4,25.0,75.0,1.8,1.0,0.01,0.0007,1.0,7,18,70.0,0.5133596441455955,27.142857142857142,-2.897265139477604,-3.0665558583211405,-1.5644862788941096,29.0,1.1928102751629637,44.827586206896555,0.46561148702650823,-1.1812202195872756,0.3896538873265185
14,2.4,30.0,70.0,1.8,1.0,0.01,0.0007,1.0,7,18,70.0,0.5133596441455955,27.142857142857142,-2.897265139477604,-3.0665558583211405,-1.5644862788941096,29.0,1.1928102751629637,44.827586206896555,0.46561148702650823,-1.1812202195872756,0.3896538873265185
16,2.4,25.0,75.0,1.8,1.0,0.01,0.0007,1.0,7,18,70.0,0.5133596441455955,27.142857142857142,-2.897265139477604,-3.0665558583211405,-1.5644862788941096,29.0,1.1928102751629637,44.827586206896555,0.46561148702650823,-1.1812202195872756,0.3896538873265185
16,2.4,30.0,70.0,1.8,1.0,0.01,0.0007,1.0,7,18,70.0,0.5133596441455955,27.142857142857142,-2.897265139477604,-3.0665558583211405,-1.5644862788941096,29.0,1.1928102751629637,44.827586206896555,0.46561148702650823,-1.1812202195872756,0.3896538873265185
18,2.4,25.0,75.0,1.8,1.0,0.01,0.0007,1.0,7,18,70.0,0.5133596441455955,27.142857142857142,-2.897265139477604,-3.0665558583211405,-1.5644862788941096,29.0,1.1928102751629637,44.827586206896555,0.46561148702650823,-1.1812202195872756,0.3896538873265185
18,2.4,30.0,70.0,1.8,1.0,0.01,0.0007,1.0,7,18,70.0,0.5133596441455955,27.142857142857142,-2.897265139477604,-3.0665558583211405,-1.5644862788941096,29.0,1.1928102751629637,44.827586206896555,0.46561148702650823,-1.1812202195872756,0.3896538873265185
20,2.4,25.0,75.0,1.8,1.0,0.01,0.0007,1.0,7,18,68.0,0.5370222273187519,27.941176470588236,-2.638873064909967,-2.80860604710349,-1.4382774789633557,29.0,1.1928102751629637,44.827586206896555,0.46561148702650823,-1.1812202195872756,0.3896538873265185
20,2.4,30.0,70.0,1.8,1.0,0.01,0.0007,1.0,7,18,70.0,0.5133596441455955,27.142857142857142,-2.897265139477604,-3.0665558583211405,-1.5644862788941096,29.0,1.1928102751629637,44.827586206896555,0.46561148702650823,-1.1812202195872756,0.3896538873265185
22,2.4,30.0,70.0,1.8,1.0,0.01,0.0007,1.0,7,18,70.0,0.5133596441455955,27.142857142857142,-2.897265139477604,-3.0665558583211405,-1.5644862788941096,29.0,1.1928102751629637,44.827586206896555,0.46561148702650823,-1.1812202195872756,0.3896538873265185
24,2.4,30.0,70.0,1.8,1.0,0.01,0.0007,1.0,7,18,70.0,0.5133596441455955,27.142857142857142,-2.897265139477604,-3.0665558583211405,-1.5644862788941096,29.0,1.1928102751629637,44.827586206896555,0.46561148702650823,-1.1812202195872756,0.3896538873265185
24,2.2,25.0,75.0,1.5,1.0,0.01,0.0007,0.5,8,17,167.0,0.7647226931601863,40.119760479041915,-2.803879689556907,-3.4465254855578276,-0.9764547551427061,73.0,1.1919034543387115,46.57534246575342,1.0239973364704202,-1.278252887105591,0.6540850986902336
22,2.2,25.0,75.0,2.0,1.0,0.01,0.001,0.5,8,17,111.0,0.5613865085828069,24.324324324324326,-4.866317591545576,-5.135839925032492,-1.6815370527405908,67.0,1.1917984044160768,37.3134328358209,1.1525701752233544,-0.983515587672279,0.6197511175822142
22,2.2,30.0,70.0,2.0,1.0,0.01,0.0007,0.75,8,17,157.0,0.6078691196888437,27.388535031847134,-5.143420873488994,-5.798641745876454,-1.6340310102949132,72.0,1.1909907618095918,38.88888888888889,1.1012692720717132,-2.28281646381453,0.5963496358040947
12,2.2,25.0,75.0,1.8,1.0,0.01,0.0005,0.5,8,17,360.0,0.7762850781267138,34.72222222222222,-5.353284116589021,-6.899782836472534,-1.4088670720255845,166.0,1.1908016077138366,43.97590361445783,2.1319504852249884,-1.4814315072771866,0.9554795111123856
24,2.2,25.0,75.0,1.8,1.0,0.01,0.0005,0.5,8,17,195.0,0.7697509384403926,35.38461538461539,-3.1960383498681764,-4.21051701212336,-1.0157846991903448,81.0,1.1905602542083709,41.9753086419753,1.1627752006400442,-1.0901973419831568,0.6564488792974913
14,2.2,25.0,75.0,1.8,1.0,0.01,0.0007,0.75,7,18,185.0,0.6718704451678699,30.810810810810814,-4.686184931686839,-5.075265064818668,-1.4599013107120797,92.0,1.1905440567876813,43.47826086956522,1.2979543483807356,-2.8537622611664704,0.6772697575731947
20,2.2,30.0,70.0,1.8,1.0,0.01,0.0007,0.75,7,18,189.0,0.6792519068122416,31.216931216931215,-4.642028730281363,-5.031281896273954,-1.428340401511882,92.0,1.1905440567876813,43.47826086956522,1.2979543483807356,-2.8537622611664704,0.6772697575731947
14,2.2,25.0,75.0,1.5,1.0,0.01,0.0007,0.5,8,17,278.0,0.7610249043446763,38.84892086330935,-4.512019451611886,-5.327308595881252,-1.3597850126605147,139.0,1.1904911503119926,47.482014388489205,1.7453554540753067,-1.7999611587510844,0.902759884810471
10,1.8,25.0,75.0,1.5,1.0,0.01,0.0005,1.0,7,18,350.0,0.7689637181540062,40.0,-4.915947157233659,-5.073678945426896,-1.3365697315949627,162.0,1.1904455910004283,47.53086419753087,1.852694737866168,-2.123637729926564,0.9572184003624321
10,1.8,30.0,70.0,1.5,1.0,0.01,0.0005,1.0,7,18,350.0,0.7689637181540062,40.0,-4.915947157233659,-5.073678945426896,-1.3365697315949627,162.0,1.1904455910004283,47.53086419753087,1.852694737866168,-2.123637729926564,0.9572184003624321
12,1.8,25.0,75.0,1.5,1.0,0.01,0.0005,1.0,7,18,347.0,0.7779710127332249,40.345821325648416,-4.676481981819234,-4.834623359212165,-1.2686109126096454,162.0,1.1904455910004283,47.53086419753087,1.852694737866168,-2.123637729926564,0.9572184003624321
12,1.8,30.0,70.0,1.5,1.0,0.01,0.0005,1.0,7,18,350.0,0.7689637181540062,40.0,-4.915947157233659,-5.073678945426896,-1.3365697315949627,162.0,1.1904455910004283,47.53086419753087,1.852694737866168,-2.123637729926564,0.9572184003624321
14,1.8,30.0,70.0,1.5,1.0,0.01,0.0005,1.0,7,18,350.0,0.7689637181540062,40.0,-4.915947157233659,-5.073678945426896,-1.3365697315949627,162.0,1.1904455910004283,47.53086419753087,1.852694737866168,-2.123637729926564,0.9572184003624321
16,1.8,30.0,70.0,1.5,1.0,0.01,0.0005,1.0,7,18,350.0,0.7689637181540062,40.0,-4.915947157233659,-5.073678945426896,-1.3365697315949627,162.0,1.1904455910004283,47.53086419753087,1.852694737866168,-2.123637729926564,0.9572184003624321
18,1.8,30.0,70.0,1.5,1.0,0.01,0.0005,1.0,7,18,349.0,0.7716209101641381,40.114613180515754,-4.844750737176801,-5.002619636745198,-1.3178745811184152,162.0,1.1904455910004283,47.53086419753087,1.852694737866168,-2.123637729926564,0.9572184003624321
22,1.8,25.0,75.0,1.5,1.0,0.01,0.0005,1.0,8,17,215.0,0.7166922620003536,39.06976744186046,-4.117189066400479,-4.343736751311078,-1.3441224808081322,85.0,1.1903847557186105,47.05882352941176,1.1115677990725454,-1.2078366332304746,0.714669958599401
10,2.4,25.0,75.0,1.5,1.0,0.01,0.0005,0.5,8,17,217.0,0.6808624243134312,36.86635944700461,-4.719817941974052,-5.527417999809825,-1.6177718066614069,101.0,1.1903448909853873,47.524752475247524,1.266773708969031,-2.5923724566137007,0.7116197739854485
10,2.4,30.0,70.0,1.5,1.0,0.01,0.0005,0.5,8,17,217.0,0.6808624243134312,36.86635944700461,-4.719817941974052,-5.527417999809825,-1.6177718066614069,101.0,1.1903448909853873,47.524752475247524,1.266773708969031,-2.5923724566137007,0.7116197739854485
12,2.4,25.0,75.0,1.5,1.0,0.01,0.0005,0.5,8,17,212.0,0.6820405510093285,37.264150943396224,-4.605037082818744,-5.413635242280057,-1.5856253406571323,101.0,1.1903448909853873,47.524752475247524,1.266773708969031,-2.5923724566137007,0.7116197739854485
12,2.4,30.0,70.0,1.5,1.0,0.01,0.0005,0.5,8,17,217.0,0.6808624243134312,36.86635944700461,-4.719817941974052,-5.527417999809825,-1.6177718066614069,101.0,1.1903448909853873,47.524752475247524,1.266773708969031,-2.5923724566137007,0.7116197739854485
14,2.4,30.0,70.0,1.5,1.0,0.01,0.0005,0.5,8,17,217.0,0.6808624243134312,36.86635944700461,-4.719817941974052,-5.527417999809825,-1.6177718066614069,101.0,1.1903448909853873,47.524752475247524,1.266773708969031,-2.5923724566137007,0.7116197739854485
16,2.4,30.0,70.0,1.5,1.0,0.01,0.0005,0.5,8,17,217.0,0.6808624243134312,36.86635944700461,-4.719817941974052,-5.527417999809825,-1.6177718066614069,101.0,1.1903448909853873,47.524752475247524,1.266773708969031,-2.5923724566137007,0.7116197739854485
10,2.4,25.0,75.0,1.8,1.0,0.01,0.0005,0.75,7,18,152.0,0.7329611535155891,34.21052631578947,-2.889153264924971,-3.787184096548879,-1.0394295304226673,66.0,1.1902802632280156,45.45454545454545,0.8509381959120037,-1.6300991438499612,0.5633007115120242
10,2.4,30.0,70.0,1.8,1.0,0.01,0.0005,0.75,7,18,152.0,0.7329611535155891,34.21052631578947,-2.889153264924971,-3.787184096548879,-1.0394295304226673,66.0,1.1902802632280156,45.45454545454545,0.8509381959120037,-1.6300991438499612,0.5633007115120242
12,2.4,25.0,75.0,1.8,1.0,0.01,0.0005,0.75,7,18,152.0,0.7329611535155891,34.21052631578947,-2.889153264924971,-3.787184096548879,-1.0394295304226673,66.0,1.1902802632280156,45.45454545454545,0.8509381959120037,-1.6300991438499612,0.5633007115120242
12,2.4,30.0,70.0,1.8,1.0,0.01,0.0005,0.75,7,18,152.0,0.7329611535155891,34.21052631578947,-2.889153264924971,-3.787184096548879,-1.0394295304226673,66.0,1.1902802632280156,45.45454545454545,0.8509381959120037,-1.6300991438499612,0.5633007115120242
14,2.4,30.0,70.0,1.8,1.0,0.01,0.0005,0.75,7,18,152.0,0.7329611535155891,34.21052631578947,-2.889153264924971,-3.787184096548879,-1.0394295304226673,66.0,1.1902802632280156,45.45454545454545,0.8509381959120037,-1.6300991438499612,0.5633007115120242
16,2.4,30.0,70.0,1.8,1.0,0.01,0.0005,0.75,7,18,152.0,0.7329611535155891,34.21052631578947,-2.889153264924971,-3.787184096548879,-1.0394295304226673,66.0,1.1902802632280156,45.45454545454545,0.8509381959120037,-1.6300991438499612,0.5633007115120242
18,2.4,30.0,70.0,1.8,1.0,0.01,0.0005,0.75,7,18,152.0,0.7329611535155891,34.21052631578947,-2.889153264924971,-3.787184096548879,-1.0394295304226673,66.0,1.1902802632280156,45.45454545454545,0.8509381959120037,-1.6300991438499612,0.5633007115120242
20,2.4,30.0,70.0,1.8,1.0,0.01,0.0005,0.75,7,18,150.0,0.7417291827030472,34.66666666666667,-2.7636727866455293,-3.662849002620716,-0.9944131991799315,66.0,1.1902802632280156,45.45454545454545,0.8509381959120037,-1.6300991438499612,0.5633007115120242
18,2.4,25.0,75.0,1.8,1.0,0.01,0.0005,0.5,8,17,182.0,0.7021786163685709,33.51648351648351,-4.000004660464729,-5.0527744325002955,-1.332086504347431,85.0,1.1901436522030826,43.529411764705884,1.1882928017787162,-1.828456453494809,0.6470645720316972
22,2.0,30.0,70.0,1.5,1.0,0.01,0.0005,0.75,8,17,304.0,0.7243800648771873,38.15789473684211,-5.460824939430913,-5.8205373209937346,-1.6051573123240792,130.0,1.190107250031721,47.69230769230769,1.5652069777539326,-2.293587138541764,0.8258552433244774
16,1.8,25.0,75.0,2.0,1.0,0.01,0.0005,1.0,7,18,325.0,0.7481220551995581,32.0,-5.6554744223278615,-5.982047495228738,-1.427108036058243,156.0,1.1896533851496427,40.38461538461539,2.031422938358337,-1.824541511887634,0.9144033948011676
14,2.2,25.0,75.0,2.0,1.0,0.01,0.0005,0.75,8,17,177.0,0.5973811459884425,27.11864406779661,-5.6386124390283845,-6.253685817374555,-1.791365199670814,76.0,1.1894445963740825,38.15789473684211,1.1316734621288014,-2.2828337908216034,0.6028885231045684
20,2.2,30.0,70.0,2.0,1.0,0.01,0.0005,0.75,8,17,180.0,0.5993684883373019,27.22222222222222,-5.683852598777685,-6.298636451147432,-1.783885172879158,76.0,1.1894445963740825,38.15789473684211,1.1316734621288014,-2.2828337908216034,0.6028885231045684
14,1.8,25.0,75.0,1.8,1.0,0.01,0.001,1.0,7,18,148.0,0.642477104042488,29.054054054054053,-4.810688927300907,-5.478229891608477,-1.4582808977881165,91.0,1.1894370763773512,41.75824175824176,1.4190515854708063,-1.1822644767832902,0.7420674485488653
20,1.8,30.0,70.0,1.8,1.0,0.01,0.001,1.0,7,18,149.0,0.6376040555091412,28.859060402684566,-4.910628745410377,-5.5774934939114225,-1.4847229591317745,91.0,1.1894370763773512,41.75824175824176,1.4190515854708063,-1.1822644767832902,0.7420674485488653
24,2.2,25.0,75.0,1.5,1.0,0.01,0.0005,0.5,8,17,195.0,0.7812455070021538,40.51282051282051,-2.825483230197624,-3.5311947163024993,-0.962420554625824,81.0,1.1887465513851352,46.913580246913575,1.0586971639970761,-1.2698543653601124,0.6612140517271959
20,2.2,25.0,75.0,2.0,1.0,0.01,0.0007,0.5,8,17,219.0,0.7341634839162923,31.506849315068493,-4.524465379088051,-5.629268875277216,-1.320607900805772,101.0,1.1887229010274336,38.613861386138616,1.5021949313075127,-1.0367840877853363,0.7469015601484941
12,2.0,25.0,75.0,2.0,1.0,0.01,0.0005,0.75,8,17,312.0,0.7056619018820159,30.128205128205128,-6.598858405563733,-7.386539084204591,-1.729506406988795,141.0,1.1886827583241217,39.71631205673759,1.9078690743564404,-2.448426132841819,0.837738093000646
22,1.8,25.0,75.0,2.0,1.0,0.01,0.0007,1.0,8,17,186.0,0.6940993851513402,30.107526881720432,-4.57823472114811,-4.600516424251366,-1.3785770038101173,79.0,1.188591056392026,37.9746835443038,1.2102427033995629,-1.117328347497748,0.6907940014198671
24,1.8,30.0,70.0,1.5,1.0,0.01,0.0007,1.0,7,18,262.0,0.7744759062352112,39.69465648854962,-4.007925604433549,-4.341135217594605,-1.1308578810019838,129.0,1.188407827752003,48.06201550387597,1.5857926829479039,-2.011016523418452,0.8566400953411749
24,2.0,25.0,75.0,1.5,1.0,0.01,0.0007,0.75,8,17,168.0,0.7072960839138359,38.095238095238095,-3.5991623421688748,-3.9740373061038725,-1.2211781658573975,71.0,1.188351128592204,46.478873239436616,0.977417681639272,-1.5553642154323755,0.6215361826891671
18,2.0,30.0,70.0,2.0,1.0,0.01,0.0007,0.75,8,17,270.0,0.6983341577897333,30.0,-6.296008639595875,-6.888201795107607,-1.679548361829484,128.0,1.1882286099457209,39.0625,1.8125298123497668,-2.3408790207686603,0.8197903042221922
22,2.4,30.0,70.0,1.5,1.0,0.01,0.0005,0.75,7,18,150.0,0.7876974694655068,41.333333333333336,-2.0830577749794066,-3.04529946089499,-0.787428735280552,63.0,1.1881503133786477,49.2063492063492,0.7462383252762448,-1.6955632026517842,0.5380706523354455
16,2.0,25.0,75.0,1.8,1.0,0.01,0.001,0.75,8,17,138.0,0.6243272082140682,28.985507246376812,-4.848399722680861,-5.52999797276782,-1.5548249864234909,80.0,1.1878448730889746,41.25,1.246875868182433,-1.2725084549586874,0.6738505320135485
16,2.2,25.0,75.0,2.0,1.0,0.01,0.001,0.75,8,17,97.0,0.47018403923162616,20.618556701030926,-5.2741567767074224,-5.785750299112246,-1.8653511495307982,55.0,1.1876850696202224,38.18181818181819,0.9265509347065017,-1.7289765502123466,0.5190607358567141
22,2.2,30.0,70.0,2.0,1.0,0.01,0.001,0.75,8,17,99.0,0.4603324368788501,20.2020202020202,-5.480810679985644,-5.991286970109455,-1.9362584096243678,55.0,1.1876850696202224,38.18181818181819,0.9265509347065017,-1.7289765502123466,0.5190607358567141
24,2.2,30.0,70.0,2.0,1.0,0.01,0.001,0.75,8,17,96.0,0.47605365074042133,20.833333333333336,-5.154793737344862,-5.667011187368476,-1.8330179812229104,55.0,1.1876850696202224,38.18181818181819,0.9265509347065017,-1.7289765502123466,0.5190607358567141
20,2.0,25.0,75.0,1.5,1.0,0.01,0.001,1.0,8,17,86.0,0.6340379536384138,33.72093023255814,-2.823024162828297,-3.6403006566364082,-1.1526950129695777,47.0,1.1872573771205228,46.808510638297875,0.7074782678011797,-1.8629295336373253,0.4703355007553446
22,1.8,30.0,70.0,2.0,1.0,0.01,0.0007,1.0,7,18,271.0,0.7077461082107298,29.88929889298893,-6.03945709436548,-6.255541744544335,-1.5506428006851753,133.0,1.1868420222569245,39.849624060150376,1.8431120741162703,-1.9693087538101839,0.8367641636145844
10,2.4,25.0,75.0,1.8,1.0,0.01,0.001,0.75,8,17,70.0,0.5589547135549003,25.71428571428571,-3.0042297066353236,-3.836762247005543,-1.3278263289840497,36.0,1.186159340334594,44.44444444444444,0.5801512076361541,-1.322106931932432,0.4229533463529445
10,2.4,30.0,70.0,1.8,1.0,0.01,0.001,0.75,8,17,70.0,0.5589547135549003,25.71428571428571,-3.0042297066353236,-3.836762247005543,-1.3278263289840497,36.0,1.186159340334594,44.44444444444444,0.5801512076361541,-1.322106931932432,0.4229533463529445
12,2.4,25.0,75.0,1.8,1.0,0.01,0.001,0.75,8,17,70.0,0.5589547135549003,25.71428571428571,-3.0042297066353236,-3.836762247005543,-1.3278263289840497,36.0,1.186159340334594,44.44444444444444,0.5801512076361541,-1.322106931932432,0.4229533463529445
12,2.4,30.0,70.0,1.8,1.0,0.01,0.001,0.75,8,17,70.0,0.5589547135549003,25.71428571428571,-3.0042297066353236,-3.836762247005543,-1.3278263289840497,36.0,1.186159340334594,44.44444444444444,0.5801512076361541,-1.322106931932432,0.4229533463529445
14,2.4,25.0,75.0,1.8,1.0,0.01,0.001,0.75,8,17,70.0,0.5589547135549003,25.71428571428571,-3.0042297066353236,-3.836762247005543,-1.3278263289840497,36.0,1.186159340334594,44.44444444444444,0.5801512076361541,-1.322106931932432,0.4229533463529445
14,2.4,30.0,70.0,1.8,1.0,0.01,0.001,0.75,8,17,70.0,0.5589547135549003,25.71428571428571,-3.0042297066353236,-3.836762247005543,-1.3278263289840497,36.0,1.186159340334594,44.44444444444444,0.5801512076361541,-1.322106931932432,0.4229533463529445
16,2.4,30.0,70.0,1.8,1.0,0.01,0.001,0.75,8,17,70.0,0.5589547135549003,25.71428571428571,-3.0042297066353236,-3.836762247005543,-1.3278263289840497,36.0,1.186159340334594,44.44444444444444,0.5801512076361541,-1.322106931932432,0.4229533463529445
18,2.4,30.0,70.0,1.8,1.0,0.01,0.001,0.75,8,17,70.0,0.5589547135549003,25.71428571428571,-3.0042297066353236,-3.836762247005543,-1.3278263289840497,36.0,1.186159340334594,44.44444444444444,0.5801512076361541,-1.322106931932432,0.4229533463529445
20,2.4,30.0,70.0,1.8,1.0,0.01,0.001,0.75,8,17,70.0,0.5589547135549003,25.71428571428571,-3.0042297066353236,-3.836762247005543,-1.3278263289840497,36.0,1.186159340334594,44.44444444444444,0.5801512076361541,-1.322106931932432,0.4229533463529445
18,2.2,25.0,75.0,1.5,1.0,0.01,0.0007,0.5,8,17,240.0,0.7875473385855232,40.416666666666664,-3.5060819611891745,-4.220122334345056,-1.0842334698455753,115.0,1.1861383447373248,47.82608695652174,1.4322046122517713,-1.5365322667885817,0.7861531961966672
14,1.8,25.0,75.0,2.0,1.0,0.01,0.001,1.0,7,18,148.0,0.5810428461378976,24.324324324324326,-5.929123553526205,-6.4470571647442965,-1.7562031679229022,91.0,1.1860957554514362,38.46153846153847,1.4587459544525154,-1.0537381190962591,0.733911699142744
20,1.8,30.0,70.0,2.0,1.0,0.01,0.001,1.0,7,18,149.0,0.5768775883454196,24.161073825503358,-6.027801225623679,-6.54524052655534,-1.7812375252320112,91.0,1.1860957554514362,38.46153846153847,1.4587459544525154,-1.0537381190962591,0.733911699142744
20,1.8,25.0,75.0,1.8,1.0,0.01,0.0005,1.0,7,18,290.0,0.7719422220938565,35.51724137931034,-4.403566129504725,-5.019584583473913,-1.2013383685611074,134.0,1.185866526772751,44.02985074626866,1.6782176560286826,-1.2711155991414258,0.8599983365925055
20,2.2,30.0,70.0,1.8,1.0,0.01,0.0007,0.5,8,17,290.0,0.7721444395907542,34.13793103448276,-4.801782350679041,-6.0567230911912855,-1.2992355780378846,141.0,1.1857363628877937,42.5531914893617,1.883317751467512,-1.3974551373428734,0.8730913482158997
22,1.8,30.0,70.0,1.8,1.0,0.01,0.0005,1.0,7,18,341.0,0.8024264308134812,36.36363636363637,-4.373789735465652,-4.576209528717956,-1.1180960539566993,158.0,1.1854591343307386,43.037974683544306,1.9136621961361744,-1.673446140917001,0.9107797370842695
18,2.2,25.0,75.0,1.5,1.0,0.01,0.001,0.75,8,17,92.0,0.5183758833676321,29.347826086956523,-4.14035241714022,-4.710354551928885,-1.634237311789883,54.0,1.1854198191340162,46.2962962962963,0.7928100045668544,-2.016836207334416,0.5050526819428577
14,2.0,25.0,75.0,1.8,1.0,0.01,0.0007,0.75,7,18,301.0,0.7641155899393847,33.88704318936877,-5.089894669894202,-5.8455376224456295,-1.3427448245572933,156.0,1.185191330439169,42.30769230769231,2.0363146304894326,-2.3824831656760637,0.8681063090684965
20,2.0,25.0,75.0,1.5,1.0,0.01,0.001,0.5,8,17,158.0,0.7017657776020506,35.44303797468354,-3.939163891910503,-4.694259902330467,-1.261984072957723,99.0,1.1848831440617897,46.464646464646464,1.3758764721860643,-1.625635864759467,0.7034818057037977
20,2.2,30.0,70.0,1.5,1.0,0.01,0.0005,0.5,8,17,347.0,0.7936734399542862,39.76945244956772,-4.469612270949892,-5.620553194527833,-1.2590527850847566,160.0,1.183758852014605,48.125,1.8240312707691557,-2.0488577600074276,0.9085459540225854
24,2.2,30.0,70.0,2.0,1.0,0.01,0.0005,0.75,8,17,171.0,0.606260708768528,27.485380116959064,-5.342280010483318,-5.959321775420712,-1.7118233044156446,73.0,1.1834097978245333,38.35616438356164,1.0636545125567864,-2.115695705908549,0.5747640236365908
16,2.0,25.0,75.0,1.5,1.0,0.01,0.0005,1.0,8,17,163.0,0.7754189150507883,40.49079754601227,-2.4958015587303817,-3.6264269399746696,-0.9201376233026204,61.0,1.1830244837211568,47.540983606557376,0.8021677984467716,-1.8503818691548934,0.521518452470594
18,2.0,25.0,75.0,1.5,1.0,0.01,0.0005,1.0,8,17,159.0,0.7598035198244466,40.25157232704403,-2.61583567620155,-3.7380042158874027,-0.9713770380837778,61.0,1.1830244837211568,47.540983606557376,0.8021677984467716,-1.8503818691548934,0.521518452470594
22,2.0,30.0,70.0,1.5,1.0,0.01,0.0005,1.0,8,17,165.0,0.7628691448374437,40.0,-2.6752631512006886,-3.7284442779668803,-0.9851036438218236,61.0,1.1830244837211568,47.540983606557376,0.8021677984467716,-1.8503818691548934,0.521518452470594
24,2.0,30.0,70.0,1.5,1.0,0.01,0.0005,1.0,8,17,162.0,0.7842315420056357,40.74074074074074,-2.3730236761720334,-3.505103546168009,-0.870410949953572,61.0,1.1830244837211568,47.540983606557376,0.8021677984467716,-1.8503818691548934,0.521518452470594
12,2.2,25.0,75.0,1.5,1.0,0.01,0.0005,0.5,8,17,360.0,0.7912131588912894,39.72222222222222,-4.64612179430098,-5.964484168266626,-1.3005313057890988,166.0,1.1825764127622773,48.19277108433735,1.8759962872014146,-2.048744372102873,0.9290764818441284
10,2.2,25.0,75.0,1.5,1.0,0.01,0.0007,0.75,7,18,190.0,0.7272485634832979,38.421052631578945,-3.649636677882827,-4.206499147010289,-1.183766519450872,94.0,1.1822262978969575,47.87234042553192,1.1680101664236644,-2.9032023848248545,0.6606181773883582
10,2.2,30.0,70.0,1.5,1.0,0.01,0.0007,0.75,7,18,190.0,0.7272485634832979,38.421052631578945,-3.649636677882827,-4.206499147010289,-1.183766519450872,94.0,1.1822262978969575,47.87234042553192,1.1680101664236644,-2.9032023848248545,0.6606181773883582
12,2.2,25.0,75.0,1.5,1.0,0.01,0.0007,0.75,7,18,188.0,0.7374515599054727,38.82978723404255,-3.468540430199573,-4.124639662945507,-1.121252767465414,94.0,1.1822262978969575,47.87234042553192,1.1680101664236644,-2.9032023848248545,0.6606181773883582
12,2.2,30.0,70.0,1.5,1.0,0.01,0.0007,0.75,7,18,190.0,0.7272485634832979,38.421052631578945,-3.649636677882827,-4.206499147010289,-1.183766519450872,94.0,1.1822262978969575,47.87234042553192,1.1680101664236644,-2.9032023848248545,0.6606181773883582
14,2.2,30.0,70.0,1.5,1.0,0.01,0.0007,0.75,7,18,190.0,0.7272485634832979,38.421052631578945,-3.649636677882827,-4.206499147010289,-1.183766519450872,94.0,1.1822262978969575,47.87234042553192,1.1680101664236644,-2.9032023848248545,0.6606181773883582
16,2.2,30.0,70.0,1.5,1.0,0.01,0.0007,0.75,7,18,190.0,0.7272485634832979,38.421052631578945,-3.649636677882827,-4.206499147010289,-1.183766519450872,94.0,1.1822262978969575,47.87234042553192,1.1680101664236644,-2.9032023848248545,0.6606181773883582
18,2.4,25.0,75.0,1.5,1.0,0.01,0.0005,0.5,8,17,182.0,0.7023676339631666,38.46153846153847,-3.7469555090862374,-4.439498883614013,-1.3544840261787885,85.0,1.1821979741168755,48.23529411764706,1.04813653446854,-2.031099496698452,0.622933902135523
24,2.2,25.0,75.0,2.0,1.0,0.01,0.0005,0.5,8,17,195.0,0.7882964820525978,32.82051282051282,-3.02913242023993,-3.6429429462535357,-0.9221951140103503,81.0,1.1819882706987381,38.2716049382716,1.1637673537430966,-1.1994547496378183,0.6309970717687936
24,2.2,25.0,75.0,1.8,1.0,0.01,0.0007,0.5,8,17,167.0,0.7401263091947768,34.13173652694611,-3.3442124179155686,-4.250521714332967,-1.0869822531985367,73.0,1.1818416919749661,41.0958904109589,1.0587818852772217,-1.0205805013273506,0.6120829868153533
20,2.4,25.0,75.0,1.8,1.0,0.01,0.0005,0.75,7,18,135.0,0.7172254352904432,34.074074074074076,-2.759425204964009,-3.5817481857162603,-1.0147539027575125,57.0,1.1817305870668844,45.614035087719294,0.7330531501301812,-1.533325436741395,0.4946516973325858
18,2.4,30.0,70.0,1.8,1.0,0.01,0.0005,0.5,8,17,214.0,0.6640567901391587,31.775700934579437,-5.252551188140951,-6.467073063483319,-1.6796165839644461,100.0,1.1813370891293433,43.0,1.3072906541268459,-2.4388158772254864,0.6791896726437158
20,2.2,30.0,70.0,2.0,1.0,0.01,0.0005,0.5,8,17,347.0,0.7718160998785678,31.988472622478387,-5.515468558308785,-6.865473917254528,-1.4014759620421646,160.0,1.180966525559748,40.625,2.050422820132717,-2.0270159710017444,0.8809497919839273
22,2.2,25.0,75.0,1.5,1.0,0.01,0.0005,0.5,8,17,223.0,0.771327774119396,40.80717488789238,-3.3646882665320663,-3.942566516434076,-1.1147149675484795,93.0,1.1808031866814683,47.31182795698925,1.1448176556815088,-1.2515889110820244,0.6717597982864968
10,2.4,25.0,75.0,1.8,1.0,0.01,0.0007,0.5,8,17,190.0,0.6556649560753525,30.526315789473685,-5.088269840422872,-6.122704137167889,-1.6368525003585743,93.0,1.1804533186527715,43.01075268817204,1.2587051540186256,-2.3831597899210744,0.6652390814204518
10,2.4,30.0,70.0,1.8,1.0,0.01,0.0007,0.5,8,17,190.0,0.6556649560753525,30.526315789473685,-5.088269840422872,-6.122704137167889,-1.6368525003585743,93.0,1.1804533186527715,43.01075268817204,1.2587051540186256,-2.3831597899210744,0.6652390814204518
12,2.4,25.0,75.0,1.8,1.0,0.01,0.0007,0.5,8,17,187.0,0.6475643893698381,30.481283422459892,-5.141363732305981,-6.1752262298084615,-1.6659930250117392,93.0,1.1804533186527715,43.01075268817204,1.2587051540186256,-2.3831597899210744,0.6652390814204518
12,2.4,30.0,70.0,1.8,1.0,0.01,0.0007,0.5,8,17,190.0,0.6556649560753525,30.526315789473685,-5.088269840422872,-6.122704137167889,-1.6368525003585743,93.0,1.1804533186527715,43.01075268817204,1.2587051540186256,-2.3831597899210744,0.6652390814204518
14,2.4,30.0,70.0,1.8,1.0,0.01,0.0007,0.5,8,17,190.0,0.6556649560753525,30.526315789473685,-5.088269840422872,-6.122704137167889,-1.6368525003585743,93.0,1.1804533186527715,43.01075268817204,1.2587051540186256,-2.3831597899210744,0.6652390814204518
16,2.4,30.0,70.0,1.8,1.0,0.01,0.0007,0.5,8,17,190.0,0.6556649560753525,30.526315789473685,-5.088269840422872,-6.122704137167889,-1.6368525003585743,93.0,1.1804533186527715,43.01075268817204,1.2587051540186256,-2.3831597899210744,0.6652390814204518
16,2.4,25.0,75.0,1.5,1.0,0.01,0.0005,0.75,7,18,148.0,0.7905763148480657,41.21621621621622,-2.0311848096231917,-2.9319411748137236,-0.7696895042358,63.0,1.1801605791573948,49.2063492063492,0.7189983837620093,-1.695558731917235,0.5180087360493582
10,2.2,25.0,75.0,2.0,1.0,0.01,0.0007,0.75,8,17,160.0,0.5952022055275532,26.875,-5.414163284030365,-6.067545896382764,-1.72316590810479,75.0,1.179851413403233,38.666666666666664,1.0820728245115607,-2.586856971126572,0.5757381144952728
10,2.2,30.0,70.0,2.0,1.0,0.01,0.0007,0.75,8,17,160.0,0.5952022055275532,26.875,-5.414163284030365,-6.067545896382764,-1.72316590810479,75.0,1.179851413403233,38.666666666666664,1.0820728245115607,-2.586856971126572,0.5757381144952728
12,2.2,25.0,75.0,2.0,1.0,0.01,0.0007,0.75,8,17,158.0,0.6034692542732991,27.21518987341772,-5.236209931571866,-5.890844598018319,-1.6588140730050087,75.0,1.179851413403233,38.666666666666664,1.0820728245115607,-2.586856971126572,0.5757381144952728
12,2.2,30.0,70.0,2.0,1.0,0.01,0.0007,0.75,8,17,160.0,0.5952022055275532,26.875,-5.414163284030365,-6.067545896382764,-1.72316590810479,75.0,1.179851413403233,38.666666666666664,1.0820728245115607,-2.586856971126572,0.5757381144952728
14,2.2,30.0,70.0,2.0,1.0,0.01,0.0007,0.75,8,17,160.0,0.5952022055275532,26.875,-5.414163284030365,-6.067545896382764,-1.72316590810479,75.0,1.179851413403233,38.666666666666664,1.0820728245115607,-2.586856971126572,0.5757381144952728
16,2.2,30.0,70.0,2.0,1.0,0.01,0.0007,0.75,8,17,160.0,0.5952022055275532,26.875,-5.414163284030365,-6.067545896382764,-1.72316590810479,75.0,1.179851413403233,38.666666666666664,1.0820728245115607,-2.586856971126572,0.5757381144952728
14,2.4,25.0,75.0,1.8,1.0,0.01,0.001,0.5,8,17,108.0,0.5884243114515026,27.77777777777778,-4.209978734510514,-5.378456762868633,-1.5246185466371196,67.0,1.179340897355054,41.7910447761194,1.0119191215498722,-1.8848262160853557,0.559158485095173
20,2.2,25.0,75.0,1.5,1.0,0.01,0.001,0.75,8,17,87.0,0.5591064984255307,31.03448275862069,-3.526330108651509,-4.161603308518824,-1.4011972145748233,51.0,1.179254834427784,47.05882352941176,0.7256869802207621,-2.016872824834215,0.4737242889579823
24,2.4,25.0,75.0,1.5,1.0,0.01,0.0005,0.5,8,17,134.0,0.7370008982254148,40.298507462686565,-2.463434248196245,-3.458837621811839,-0.9823318258281458,55.0,1.1790743846569196,47.27272727272727,0.7320696395124106,-1.9241647400121464,0.48667639165623017
18,2.0,25.0,75.0,1.5,1.0,0.01,0.001,0.75,8,17,131.0,0.5619517665229257,31.297709923664126,-5.211180423402256,-5.781105863141822,-1.8066156049480555,76.0,1.1789546371895754,46.05263157894737,1.0476919022744005,-1.4727784215419648,0.621275479746617
24,2.0,30.0,70.0,1.5,1.0,0.01,0.0007,0.75,8,17,251.0,0.7295874143561933,38.24701195219124,-4.759779525402155,-5.278985303012362,-1.4164267424505852,115.0,1.1789011826569324,46.95652173913044,1.3821449863304587,-2.074541297850452,0.7618075934368798
24,2.2,25.0,75.0,1.5,1.0,0.01,0.0005,0.75,8,17,130.0,0.7465840729207069,40.76923076923077,-2.2925926991593224,-3.2693264586377335,-0.9027251255474751,53.0,1.1787462872665115,47.16981132075472,0.7117527723575586,-1.9439539140079565,0.4776536494765777
10,2.2,25.0,75.0,1.8,1.0,0.01,0.0007,1.0,7,18,115.0,0.6182495738658019,29.565217391304348,-3.544032824591068,-3.949405013764462,-1.44136498113972,44.0,1.1786900643595697,47.72727272727273,0.6236378002732089,-1.6217428526075994,0.4398921192110666
10,2.2,30.0,70.0,1.8,1.0,0.01,0.0007,1.0,7,18,115.0,0.6182495738658019,29.565217391304348,-3.544032824591068,-3.949405013764462,-1.44136498113972,44.0,1.1786900643595697,47.72727272727273,0.6236378002732089,-1.6217428526075994,0.4398921192110666
12,2.2,25.0,75.0,1.8,1.0,0.01,0.0007,1.0,7,18,115.0,0.6182495738658019,29.565217391304348,-3.544032824591068,-3.949405013764462,-1.44136498113972,44.0,1.1786900643595697,47.72727272727273,0.6236378002732089,-1.6217428526075994,0.4398921192110666
12,2.2,30.0,70.0,1.8,1.0,0.01,0.0007,1.0,7,18,115.0,0.6182495738658019,29.565217391304348,-3.544032824591068,-3.949405013764462,-1.44136498113972,44.0,1.1786900643595697,47.72727272727273,0.6236378002732089,-1.6217428526075994,0.4398921192110666
14,2.2,25.0,75.0,1.8,1.0,0.01,0.0007,1.0,7,18,115.0,0.6182495738658019,29.565217391304348,-3.544032824591068,-3.949405013764462,-1.44136498113972,44.0,1.1786900643595697,47.72727272727273,0.6236378002732089,-1.6217428526075994,0.4398921192110666
14,2.2,30.0,70.0,1.8,1.0,0.01,0.0007,1.0,7,18,115.0,0.6182495738658019,29.565217391304348,-3.544032824591068,-3.949405013764462,-1.44136498113972,44.0,1.1786900643595697,47.72727272727273,0.6236378002732089,-1.6217428526075994,0.4398921192110666
16,2.2,25.0,75.0,1.8,1.0,0.01,0.0007,1.0,7,18,115.0,0.6182495738658019,29.565217391304348,-3.544032824591068,-3.949405013764462,-1.44136498113972,44.0,1.1786900643595697,47.72727272727273,0.6236378002732089,-1.6217428526075994,0.4398921192110666
16,2.2,30.0,70.0,1.8,1.0,0.01,0.0007,1.0,7,18,115.0,0.6182495738658019,29.565217391304348,-3.544032824591068,-3.949405013764462,-1.44136498113972,44.0,1.1786900643595697,47.72727272727273,0.6236378002732089,-1.6217428526075994,0.4398921192110666
18,2.2,25.0,75.0,1.8,1.0,0.01,0.0007,1.0,7,18,112.0,0.6156182377923446,29.464285714285715,-3.4886952832617135,-3.894298490403292,-1.422319952360723,44.0,1.1786900643595697,47.72727272727273,0.6236378002732089,-1.6217428526075994,0.4398921192110666
18,2.2,30.0,70.0,1.8,1.0,0.01,0.0007,1.0,7,18,115.0,0.6182495738658019,29.565217391304348,-3.544032824591068,-3.949405013764462,-1.44136498113972,44.0,1.1786900643595697,47.72727272727273,0.6236378002732089,-1.6217428526075994,0.4398921192110666
20,2.2,30.0,70.0,1.8,1.0,0.01,0.0007,1.0,7,18,115.0,0.6182495738658019,29.565217391304348,-3.544032824591068,-3.949405013764462,-1.44136498113972,44.0,1.1786900643595697,47.72727272727273,0.6236378002732089,-1.6217428526075994,0.4398921192110666
22,2.2,30.0,70.0,1.8,1.0,0.01,0.0007,1.0,7,18,115.0,0.6182495738658019,29.565217391304348,-3.544032824591068,-3.949405013764462,-1.44136498113972,44.0,1.1786900643595697,47.72727272727273,0.6236378002732089,-1.6217428526075994,0.4398921192110666
24,2.2,30.0,70.0,1.8,1.0,0.01,0.0007,1.0,7,18,114.0,0.6266138671163468,29.82456140350877,-3.4225601114769777,-3.8284405401803223,-1.3813161512648096,44.0,1.1786900643595697,47.72727272727273,0.6236378002732089,-1.6217428526075994,0.4398921192110666
24,2.0,25.0,75.0,1.8,1.0,0.01,0.001,0.5,8,17,132.0,0.7482310511284492,31.818181818181817,-2.951906307512927,-3.8875121506458887,-0.9562133731133134,76.0,1.1781166099042226,40.78947368421053,1.141734042323951,-1.3439957078410392,0.6415917115707355
14,2.0,25.0,75.0,1.8,1.0,0.01,0.001,0.75,7,18,154.0,0.6636118806068112,29.87012987012987,-4.702465934871744,-5.492793753884961,-1.4341130979180763,104.0,1.177570918049384,41.34615384615385,1.5128216666260776,-1.5705609751159866,0.7109951153878058
20,2.0,30.0,70.0,1.8,1.0,0.01,0.0007,0.75,7,18,312.0,0.7627735209566037,33.97435897435898,-5.30380284628367,-5.840049772568124,-1.362283279877433,158.0,1.1767096504284105,42.405063291139236,1.9720866075428056,-2.5338199097110325,0.8428485560266157
10,2.0,25.0,75.0,2.0,1.0,0.01,0.0007,0.75,8,17,272.0,0.69342687142216,29.77941176470588,-6.438176984790898,-7.029464254665374,-1.7182600985564285,129.0,1.176630697919746,38.759689922480625,1.7156357085596572,-2.340811283007349,0.7736020706376019
10,2.0,30.0,70.0,2.0,1.0,0.01,0.0007,0.75,8,17,272.0,0.69342687142216,29.77941176470588,-6.438176984790898,-7.029464254665374,-1.7182600985564285,129.0,1.176630697919746,38.759689922480625,1.7156357085596572,-2.340811283007349,0.7736020706376019
12,2.0,30.0,70.0,2.0,1.0,0.01,0.0007,0.75,8,17,272.0,0.69342687142216,29.77941176470588,-6.438176984790898,-7.029464254665374,-1.7182600985564285,129.0,1.176630697919746,38.759689922480625,1.7156357085596572,-2.340811283007349,0.7736020706376019
14,2.0,30.0,70.0,2.0,1.0,0.01,0.0007,0.75,8,17,272.0,0.69342687142216,29.77941176470588,-6.438176984790898,-7.029464254665374,-1.7182600985564285,129.0,1.176630697919746,38.759689922480625,1.7156357085596572,-2.340811283007349,0.7736020706376019
16,2.0,30.0,70.0,2.0,1.0,0.01,0.0007,0.75,8,17,272.0,0.69342687142216,29.77941176470588,-6.438176984790898,-7.029464254665374,-1.7182600985564285,129.0,1.176630697919746,38.759689922480625,1.7156357085596572,-2.340811283007349,0.7736020706376019
14,2.4,25.0,75.0,1.8,1.0,0.01,0.0007,0.5,7,18,216.0,0.6912821875291911,31.48148148148148,-5.003965952853468,-5.383455813550631,-1.5286602475117748,108.0,1.1758085628552604,43.51851851851852,1.3927153625284154,-2.853583600580456,0.6923594533439923
16,2.0,25.0,75.0,1.5,1.0,0.01,0.0007,0.75,8,17,251.0,0.7362425699805193,38.645418326693225,-4.6196265890632455,-5.070049798961007,-1.3829716883138583,115.0,1.1756700725870977,46.95652173913044,1.3478746023791792,-2.0240542039748455,0.7373539067979978
22,1.8,30.0,70.0,2.0,1.0,0.01,0.0005,1.0,7,18,341.0,0.7501592313783226,32.25806451612903,-5.811201026132458,-6.137235052223511,-1.4363421447314697,158.0,1.1752796749323737,39.87341772151899,1.8975889316706345,-1.8936204939726808,0.8570183972497045
10,2.4,25.0,75.0,2.0,1.0,0.01,0.0007,1.0,7,18,70.0,0.5736959584624889,27.142857142857142,-2.5441795736298625,-2.798403535904481,-1.305326433175221,29.0,1.1747669773722214,41.37931034482759,0.44350775935014103,-1.1537092266255211,0.35288237779570375
10,2.4,30.0,70.0,2.0,1.0,0.01,0.0007,1.0,7,18,70.0,0.5736959584624889,27.142857142857142,-2.5441795736298625,-2.798403535904481,-1.305326433175221,29.0,1.1747669773722214,41.37931034482759,0.44350775935014103,-1.1537092266255211,0.35288237779570375
12,2.4,25.0,75.0,2.0,1.0,0.01,0.0007,1.0,7,18,70.0,0.5736959584624889,27.142857142857142,-2.5441795736298625,-2.798403535904481,-1.305326433175221,29.0,1.1747669773722214,41.37931034482759,0.44350775935014103,-1.1537092266255211,0.35288237779570375
12,2.4,30.0,70.0,2.0,1.0,0.01,0.0007,1.0,7,18,70.0,0.5736959584624889,27.142857142857142,-2.5441795736298625,-2.798403535904481,-1.305326433175221,29.0,1.1747669773722214,41.37931034482759,0.44350775935014103,-1.1537092266255211,0.35288237779570375
14,2.4,25.0,75.0,2.0,1.0,0.01,0.0007,1.0,7,18,70.0,0.5736959584624889,27.142857142857142,-2.5441795736298625,-2.798403535904481,-1.305326433175221,29.0,1.1747669773722214,41.37931034482759,0.44350775935014103,-1.1537092266255211,0.35288237779570375
14,2.4,30.0,70.0,2.0,1.0,0.01,0.0007,1.0,7,18,70.0,0.5736959584624889,27.142857142857142,-2.5441795736298625,-2.798403535904481,-1.305326433175221,29.0,1.1747669773722214,41.37931034482759,0.44350775935014103,-1.1537092266255211,0.35288237779570375
16,2.4,25.0,75.0,2.0,1.0,0.01,0.0007,1.0,7,18,70.0,0.5736959584624889,27.142857142857142,-2.5441795736298625,-2.798403535904481,-1.305326433175221,29.0,1.1747669773722214,41.37931034482759,0.44350775935014103,-1.1537092266255211,0.35288237779570375
16,2.4,30.0,70.0,2.0,1.0,0.01,0.0007,1.0,7,18,70.0,0.5736959584624889,27.142857142857142,-2.5441795736298625,-2.798403535904481,-1.305326433175221,29.0,1.1747669773722214,41.37931034482759,0.44350775935014103,-1.1537092266255211,0.35288237779570375
18,2.4,25.0,75.0,2.0,1.0,0.01,0.0007,1.0,7,18,70.0,0.5736959584624889,27.142857142857142,-2.5441795736298625,-2.798403535904481,-1.305326433175221,29.0,1.1747669773722214,41.37931034482759,0.44350775935014103,-1.1537092266255211,0.35288237779570375
18,2.4,30.0,70.0,2.0,1.0,0.01,0.0007,1.0,7,18,70.0,0.5736959584624889,27.142857142857142,-2.5441795736298625,-2.798403535904481,-1.305326433175221,29.0,1.1747669773722214,41.37931034482759,0.44350775935014103,-1.1537092266255211,0.35288237779570375
20,2.4,25.0,75.0,2.0,1.0,0.01,0.0007,1.0,7,18,68.0,0.6001396582897629,27.941176470588236,-2.284762011820003,-2.539673102794493,-1.1820635479772965,29.0,1.1747669773722214,41.37931034482759,0.44350775935014103,-1.1537092266255211,0.35288237779570375
20,2.4,30.0,70.0,2.0,1.0,0.01,0.0007,1.0,7,18,70.0,0.5736959584624889,27.142857142857142,-2.5441795736298625,-2.798403535904481,-1.305326433175221,29.0,1.1747669773722214,41.37931034482759,0.44350775935014103,-1.1537092266255211,0.35288237779570375
22,2.4,30.0,70.0,2.0,1.0,0.01,0.0007,1.0,7,18,70.0,0.5736959584624889,27.142857142857142,-2.5441795736298625,-2.798403535904481,-1.305326433175221,29.0,1.1747669773722214,41.37931034482759,0.44350775935014103,-1.1537092266255211,0.35288237779570375
24,2.4,30.0,70.0,2.0,1.0,0.01,0.0007,1.0,7,18,70.0,0.5736959584624889,27.142857142857142,-2.5441795736298625,-2.798403535904481,-1.305326433175221,29.0,1.1747669773722214,41.37931034482759,0.44350775935014103,-1.1537092266255211,0.35288237779570375
20,1.8,25.0,75.0,1.8,1.0,0.01,0.0007,1.0,7,18,234.0,0.7278170848008437,32.9059829059829,-4.732112401234535,-5.243399295960427,-1.3295119142757794,116.0,1.1747035553552039,43.103448275862064,1.4693513145085488,-1.3389075810516737,0.7612887692501532
18,2.2,25.0,75.0,2.0,1.0,0.01,0.0007,0.5,8,17,240.0,0.7422017608202109,31.666666666666664,-4.782140099234803,-5.830562114534366,-1.3620163054110574,115.0,1.1743093407982934,39.130434782608695,1.5331662802452592,-1.4077151015652323,0.7266867798041352
20,2.4,30.0,70.0,1.5,1.0,0.01,0.0005,0.5,8,17,210.0,0.6783560305568044,37.142857142857146,-4.637200207858096,-5.445504428310521,-1.597233158200874,99.0,1.1738436122259217,47.474747474747474,1.1387417839305454,-2.5923928801419582,0.6495166744794785
14,2.2,25.0,75.0,1.5,1.0,0.01,0.001,0.5,8,17,144.0,0.6417292579171752,34.02777777777778,-4.492680345148183,-5.2528946543874415,-1.5207271389364574,95.0,1.173170884567945,46.31578947368421,1.2560741729866094,-1.4972232794767781,0.7049478866082142
22,2.2,25.0,75.0,1.8,1.0,0.01,0.0007,0.5,8,17,190.0,0.7305770083537241,34.21052631578947,-3.932068473976269,-4.502524606210844,-1.2410180335662977,83.0,1.173161634230543,40.963855421686745,1.1328822054752345,-1.102983531671864,0.6178264481640261
22,2.2,25.0,75.0,1.8,1.0,0.01,0.001,0.5,8,17,111.0,0.5827067354107149,27.927927927927925,-4.465568866018548,-5.023968253615352,-1.5773978887363547,67.0,1.173100465903671,40.298507462686565,1.0004421846528202,-0.9155316376825651,0.5605619109104772
22,2.2,25.0,75.0,2.0,1.0,0.01,0.0007,0.5,8,17,190.0,0.7295745080076464,31.57894736842105,-4.083759862886781,-4.463286309494963,-1.2503947271993672,83.0,1.1728957464576963,37.34939759036144,1.1823218372077826,-1.0610903168531305,0.6183319389510812
18,1.8,25.0,75.0,1.5,1.0,0.01,0.0005,1.0,7,18,308.0,0.7889523196049192,40.909090909090914,-3.9991456185529204,-4.301911214464527,-1.1305773375646777,148.0,1.1723548099189192,47.97297297297297,1.5521496197554916,-1.8900206504264605,0.8338895264986752
16,2.0,25.0,75.0,1.8,1.0,0.01,0.0007,1.0,8,17,145.0,0.7548204441924286,33.793103448275865,-2.770085284268589,-3.718384910591477,-0.9503891276972126,58.0,1.1723475336672189,43.103448275862064,0.8037041168278483,-1.7289149950119431,0.4842763293963877
18,2.0,25.0,75.0,1.8,1.0,0.01,0.0007,1.0,8,17,141.0,0.7327393865153021,33.33333333333333,-2.9584889149417903,-3.8984799022822814,-1.023606065000822,58.0,1.1723475336672189,43.103448275862064,0.8037041168278483,-1.7289149950119431,0.4842763293963877
22,2.0,30.0,70.0,1.8,1.0,0.01,0.0007,1.0,8,17,146.0,0.7471624483815509,33.56164383561644,-2.8835491775371156,-3.830756915486999,-0.9885087365377746,58.0,1.1723475336672189,43.103448275862064,0.8037041168278483,-1.7289149950119431,0.4842763293963877
24,2.0,30.0,70.0,1.8,1.0,0.01,0.0007,1.0,8,17,144.0,0.7632467146829233,34.02777777777778,-2.6475931708778626,-3.597057965997086,-0.9031644935828766,58.0,1.1723475336672189,43.103448275862064,0.8037041168278483,-1.7289149950119431,0.4842763293963877
18,2.2,30.0,70.0,1.5,1.0,0.01,0.0007,0.5,8,17,299.0,0.7907231630732264,39.79933110367893,-4.199880884341037,-5.371161573159078,-1.194736225616548,146.0,1.1718775777578625,47.26027397260274,1.6623313323140427,-1.94916908775139,0.8631049883729669
14,2.4,25.0,75.0,1.8,1.0,0.01,0.0005,0.75,7,18,150.0,0.7417291827030472,34.66666666666667,-2.7636727866455293,-3.662849002620716,-0.9944131991799315,65.0,1.1715215359337505,44.61538461538462,0.765928793224939,-1.6300546384995784,0.5082058077175456
24,2.4,30.0,70.0,1.8,1.0,0.01,0.0007,0.5,8,17,174.0,0.6761797210988831,31.60919540229885,-4.4160365581012595,-5.526998908580538,-1.4488272416609633,86.0,1.1714296436923186,43.02325581395349,1.1212201585245747,-2.1681454448549187,0.6116781879594049
22,2.4,25.0,75.0,1.8,1.0,0.01,0.0005,1.0,8,17,54.0,0.49247314635698847,29.629629629629626,-2.315155368470714,-2.397224795762143,-1.535900699324494,19.0,1.1713423055918044,42.10526315789473,0.3085749758488782,-0.8905634808764717,0.287634724671052
22,2.4,25.0,75.0,1.8,1.0,0.01,0.0007,1.0,8,17,50.0,0.44402309870539325,26.0,-2.500567707134269,-2.518214045586009,-1.6744474945125538,19.0,1.1713423055918044,42.10526315789473,0.3085749758488782,-0.8905634808764717,0.287634724671052
22,2.4,25.0,75.0,1.8,1.0,0.01,0.001,1.0,8,17,33.0,0.24336045784475321,15.151515151515152,-2.819290499763392,-2.847345485265751,-2.122516166895322,19.0,1.1713423055918044,42.10526315789473,0.3085749758488782,-0.8905634808764717,0.287634724671052
24,2.0,25.0,75.0,1.8,1.0,0.01,0.0007,0.75,8,17,168.0,0.6966032412286824,32.73809523809524,-3.9945752934583654,-4.6340846395359065,-1.2694131101292543,71.0,1.1713229100238831,40.845070422535215,0.971780044121897,-1.3353527084514205,0.5685934092573022
10,2.4,25.0,75.0,2.0,1.0,0.01,0.0005,1.0,8,17,59.0,0.4857287035053165,25.423728813559322,-2.6580001456682476,-2.8476108962775415,-1.6232906723996368,21.0,1.1708991552846284,38.095238095238095,0.34289581078890474,-0.969978234628599,0.2971526976351355
10,2.4,25.0,75.0,2.0,1.0,0.01,0.0007,1.0,8,17,55.0,0.4861379716848385,25.454545454545453,-2.5639536551647506,-2.835430448829779,-1.581659762550499,21.0,1.1708991552846284,38.095238095238095,0.34289581078890474,-0.969978234628599,0.2971526976351355
10,2.4,30.0,70.0,2.0,1.0,0.01,0.0005,1.0,8,17,59.0,0.4857287035053165,25.423728813559322,-2.6580001456682476,-2.8476108962775415,-1.6232906723996368,21.0,1.1708991552846284,38.095238095238095,0.34289581078890474,-0.969978234628599,0.2971526976351355
10,2.4,30.0,70.0,2.0,1.0,0.01,0.0007,1.0,8,17,55.0,0.4861379716848385,25.454545454545453,-2.5639536551647506,-2.835430448829779,-1.581659762550499,21.0,1.1708991552846284,38.095238095238095,0.34289581078890474,-0.969978234628599,0.2971526976351355
12,2.4,25.0,75.0,2.0,1.0,0.01,0.0005,1.0,8,17,59.0,0.4857287035053165,25.423728813559322,-2.6580001456682476,-2.8476108962775415,-1.6232906723996368,21.0,1.1708991552846284,38.095238095238095,0.34289581078890474,-0.969978234628599,0.2971526976351355
12,2.4,25.0,75.0,2.0,1.0,0.01,0.0007,1.0,8,17,55.0,0.4861379716848385,25.454545454545453,-2.5639536551647506,-2.835430448829779,-1.581659762550499,21.0,1.1708991552846284,38.095238095238095,0.34289581078890474,-0.969978234628599,0.2971526976351355
12,2.4,30.0,70.0,2.0,1.0,0.01,0.0005,1.0,8,17,59.0,0.4857287035053165,25.423728813559322,-2.6580001456682476,-2.8476108962775415,-1.6232906723996368,21.0,1.1708991552846284,38.095238095238095,0.34289581078890474,-0.969978234628599,0.2971526976351355
12,2.4,30.0,70.0,2.0,1.0,0.01,0.0007,1.0,8,17,55.0,0.4861379716848385,25.454545454545453,-2.5639536551647506,-2.835430448829779,-1.581659762550499,21.0,1.1708991552846284,38.095238095238095,0.34289581078890474,-0.969978234628599,0.2971526976351355
14,2.4,25.0,75.0,2.0,1.0,0.01,0.0005,1.0,8,17,59.0,0.4857287035053165,25.423728813559322,-2.6580001456682476,-2.8476108962775415,-1.6232906723996368,21.0,1.1708991552846284,38.095238095238095,0.34289581078890474,-0.969978234628599,0.2971526976351355
14,2.4,25.0,75.0,2.0,1.0,0.01,0.0007,1.0,8,17,55.0,0.4861379716848385,25.454545454545453,-2.5639536551647506,-2.835430448829779,-1.581659762550499,21.0,1.1708991552846284,38.095238095238095,0.34289581078890474,-0.969978234628599,0.2971526976351355
14,2.4,30.0,70.0,2.0,1.0,0.01,0.0005,1.0,8,17,59.0,0.4857287035053165,25.423728813559322,-2.6580001456682476,-2.8476108962775415,-1.6232906723996368,21.0,1.1708991552846284,38.095238095238095,0.34289581078890474,-0.969978234628599,0.2971526976351355
14,2.4,30.0,70.0,2.0,1.0,0.01,0.0007,1.0,8,17,55.0,0.4861379716848385,25.454545454545453,-2.5639536551647506,-2.835430448829779,-1.581659762550499,21.0,1.1708991552846284,38.095238095238095,0.34289581078890474,-0.969978234628599,0.2971526976351355
16,2.4,25.0,75.0,2.0,1.0,0.01,0.0005,1.0,8,17,59.0,0.4857287035053165,25.423728813559322,-2.6580001456682476,-2.8476108962775415,-1.6232906723996368,21.0,1.1708991552846284,38.095238095238095,0.34289581078890474,-0.969978234628599,0.2971526976351355
16,2.4,25.0,75.0,2.0,1.0,0.01,0.0007,1.0,8,17,55.0,0.4861379716848385,25.454545454545453,-2.5639536551647506,-2.835430448829779,-1.581659762550499,21.0,1.1708991552846284,38.095238095238095,0.34289581078890474,-0.969978234628599,0.2971526976351355
16,2.4,30.0,70.0,2.0,1.0,0.01,0.0005,1.0,8,17,59.0,0.4857287035053165,25.423728813559322,-2.6580001456682476,-2.8476108962775415,-1.6232906723996368,21.0,1.1708991552846284,38.095238095238095,0.34289581078890474,-0.969978234628599,0.2971526976351355
16,2.4,30.0,70.0,2.0,1.0,0.01,0.0007,1.0,8,17,55.0,0.4861379716848385,25.454545454545453,-2.5639536551647506,-2.835430448829779,-1.581659762550499,21.0,1.1708991552846284,38.095238095238095,0.34289581078890474,-0.969978234628599,0.2971526976351355
18,2.4,25.0,75.0,2.0,1.0,0.01,0.0005,1.0,8,17,59.0,0.4857287035053165,25.423728813559322,-2.6580001456682476,-2.8476108962775415,-1.6232906723996368,21.0,1.1708991552846284,38.095238095238095,0.34289581078890474,-0.969978234628599,0.2971526976351355
18,2.4,25.0,75.0,2.0,1.0,0.01,0.0007,1.0,8,17,55.0,0.4861379716848385,25.454545454545453,-2.5639536551647506,-2.835430448829779,-1.581659762550499,21.0,1.1708991552846284,38.095238095238095,0.34289581078890474,-0.969978234628599,0.2971526976351355
18,2.4,30.0,70.0,2.0,1.0,0.01,0.0005,1.0,8,17,59.0,0.4857287035053165,25.423728813559322,-2.6580001456682476,-2.8476108962775415,-1.6232906723996368,21.0,1.1708991552846284,38.095238095238095,0.34289581078890474,-0.969978234628599,0.2971526976351355
18,2.4,30.0,70.0,2.0,1.0,0.01,0.0007,1.0,8,17,55.0,0.4861379716848385,25.454545454545453,-2.5639536551647506,-2.835430448829779,-1.581659762550499,21.0,1.1708991552846284,38.095238095238095,0.34289581078890474,-0.969978234628599,0.2971526976351355
20,2.4,25.0,75.0,2.0,1.0,0.01,0.0005,1.0,8,17,57.0,0.5117307794994667,26.31578947368421,-2.398816665315644,-2.5889216415894922,-1.4836244242693921,21.0,1.1708991552846284,38.095238095238095,0.34289581078890474,-0.969978234628599,0.2971526976351355
20,2.4,25.0,75.0,2.0,1.0,0.01,0.0007,1.0,8,17,53.0,0.5131612524149219,26.41509433962264,-2.304635884263298,-2.576830954991638,-1.4402716966574214,21.0,1.1708991552846284,38.095238095238095,0.34289581078890474,-0.969978234628599,0.2971526976351355
20,2.4,30.0,70.0,2.0,1.0,0.01,0.0005,1.0,8,17,59.0,0.4857287035053165,25.423728813559322,-2.6580001456682476,-2.8476108962775415,-1.6232906723996368,21.0,1.1708991552846284,38.095238095238095,0.34289581078890474,-0.969978234628599,0.2971526976351355
20,2.4,30.0,70.0,2.0,1.0,0.01,0.0007,1.0,8,17,55.0,0.4861379716848385,25.454545454545453,-2.5639536551647506,-2.835430448829779,-1.581659762550499,21.0,1.1708991552846284,38.095238095238095,0.34289581078890474,-0.969978234628599,0.2971526976351355
22,2.4,30.0,70.0,2.0,1.0,0.01,0.0005,1.0,8,17,59.0,0.4857287035053165,25.423728813559322,-2.6580001456682476,-2.8476108962775415,-1.6232906723996368,21.0,1.1708991552846284,38.095238095238095,0.34289581078890474,-0.969978234628599,0.2971526976351355
22,2.4,30.0,70.0,2.0,1.0,0.01,0.0007,1.0,8,17,55.0,0.4861379716848385,25.454545454545453,-2.5639536551647506,-2.835430448829779,-1.581659762550499,21.0,1.1708991552846284,38.095238095238095,0.34289581078890474,-0.969978234628599,0.2971526976351355
24,2.4,30.0,70.0,2.0,1.0,0.01,0.0005,1.0,8,17,59.0,0.4857287035053165,25.423728813559322,-2.6580001456682476,-2.8476108962775415,-1.6232906723996368,21.0,1.1708991552846284,38.095238095238095,0.34289581078890474,-0.969978234628599,0.2971526976351355
24,2.4,30.0,70.0,2.0,1.0,0.01,0.0007,1.0,8,17,55.0,0.4861379716848385,25.454545454545453,-2.5639536551647506,-2.835430448829779,-1.581659762550499,21.0,1.1708991552846284,38.095238095238095,0.34289581078890474,-0.969978234628599,0.2971526976351355
22,2.4,25.0,75.0,1.8,1.0,0.01,0.0005,0.75,8,17,99.0,0.6704366425923767,32.323232323232325,-2.5607003528190395,-3.2297049587628024,-1.0899925994698059,38.0,1.1705930461263256,44.73684210526316,0.5280961861846117,-0.9656951833382443,0.38748079210374414
10,2.4,25.0,75.0,1.5,1.0,0.01,0.001,0.5,8,17,112.0,0.5668529881568486,31.25,-4.370926817514538,-5.1350095399672835,-1.6664638713601652,69.0,1.1701336008793866,46.3768115942029,0.9144823720283783,-2.2636201621692775,0.5543938403090434
10,2.4,30.0,70.0,1.5,1.0,0.01,0.001,0.5,8,17,112.0,0.5668529881568486,31.25,-4.370926817514538,-5.1350095399672835,-1.6664638713601652,69.0,1.1701336008793866,46.3768115942029,0.9144823720283783,-2.2636201621692775,0.5543938403090434
12,2.4,25.0,75.0,1.5,1.0,0.01,0.001,0.5,8,17,110.0,0.5527680618471128,30.909090909090907,-4.4654541372711,-5.228748193503396,-1.7152585900194686,69.0,1.1701336008793866,46.3768115942029,0.9144823720283783,-2.2636201621692775,0.5543938403090434
12,2.4,30.0,70.0,1.5,1.0,0.01,0.001,0.5,8,17,112.0,0.5668529881568486,31.25,-4.370926817514538,-5.1350095399672835,-1.6664638713601652,69.0,1.1701336008793866,46.3768115942029,0.9144823720283783,-2.2636201621692775,0.5543938403090434
14,2.4,30.0,70.0,1.5,1.0,0.01,0.001,0.5,8,17,112.0,0.5668529881568486,31.25,-4.370926817514538,-5.1350095399672835,-1.6664638713601652,69.0,1.1701336008793866,46.3768115942029,0.9144823720283783,-2.2636201621692775,0.5543938403090434
16,2.4,30.0,70.0,1.5,1.0,0.01,0.001,0.5,8,17,112.0,0.5668529881568486,31.25,-4.370926817514538,-5.1350095399672835,-1.6664638713601652,69.0,1.1701336008793866,46.3768115942029,0.9144823720283783,-2.2636201621692775,0.5543938403090434
18,2.4,30.0,70.0,1.5,1.0,0.01,0.001,0.5,8,17,111.0,0.5472678338187053,30.630630630630627,-4.563288811114526,-5.325788092452266,-1.7545600936208923,69.0,1.1701336008793866,46.3768115942029,0.9144823720283783,-2.2636201621692775,0.5543938403090434
22,2.0,30.0,70.0,1.5,1.0,0.01,0.0007,0.75,8,17,263.0,0.7232320010804726,38.02281368821293,-5.067226107847928,-5.515553324347689,-1.5046853291552909,118.0,1.1701127571529233,46.61016949152542,1.3425305847132587,-2.2416467031653786,0.7341999697946434
24,2.4,25.0,75.0,1.5,1.0,0.01,0.001,0.75,7,18,62.0,0.5145005968104487,27.419354838709676,-2.8660616575499445,-3.282673072906661,-1.3654018343534855,34.0,1.1691476154284202,50.0,0.47292664584601884,-1.5839618022165491,0.3715102350705931
18,2.4,25.0,75.0,2.0,1.0,0.01,0.0007,0.5,8,17,161.0,0.608285185382172,27.32919254658385,-5.2578804791712175,-6.060829347574859,-1.7069064338793363,80.0,1.1683987953977262,40.0,1.0739292054737415,-2.0889041541622633,0.5715833052017586
22,2.4,25.0,75.0,1.5,1.0,0.01,0.001,0.75,7,18,67.0,0.5321221490196427,28.35820895522388,-2.9371902995122583,-3.3534848931185746,-1.3873405843984263,36.0,1.168133418722461,50.0,0.49157033742119893,-1.5656997855373889,0.3815387553724393
20,2.2,30.0,70.0,1.8,1.0,0.01,0.001,0.5,8,17,152.0,0.7051891896634127,31.57894736842105,-4.049762150132192,-5.198766757815177,-1.237244661501722,97.0,1.168067721840635,41.23711340206185,1.3513504844643829,-1.292516236283614,0.6816661648919231
16,1.8,25.0,75.0,1.5,1.0,0.01,0.0007,1.0,7,18,263.0,0.7832690823106568,39.92395437262358,-3.858696386413212,-4.122219245519787,-1.0879226316322497,132.0,1.1677530870163169,47.72727272727273,1.4533829997186694,-2.1371107774201037,0.7692029831303039
20,1.8,30.0,70.0,1.5,1.0,0.01,0.0005,1.0,7,18,344.0,0.7849229104964771,40.69767441860465,-4.494989308344811,-4.653441716878371,-1.2166835385977004,161.0,1.1676259904694777,47.20496894409938,1.6271357885334146,-2.1279675672330467,0.8480443246942896
16,2.0,25.0,75.0,2.0,1.0,0.01,0.001,0.75,8,17,138.0,0.5750205220997499,24.637681159420293,-5.743838356868764,-6.220967569765811,-1.7935015448792755,80.0,1.167418425312422,37.5,1.1673306262890946,-1.1741539852856864,0.608105747596223
10,2.0,25.0,75.0,1.8,1.0,0.01,0.0005,1.0,8,17,166.0,0.7668259752542913,34.93975903614458,-2.825291835704138,-3.973433753677924,-0.9569564565750833,62.0,1.1661728019152624,41.935483870967744,0.8088401113065993,-1.7289301514834654,0.4788219695717552
10,2.0,30.0,70.0,1.8,1.0,0.01,0.0005,1.0,8,17,166.0,0.7668259752542913,34.93975903614458,-2.825291835704138,-3.973433753677924,-0.9569564565750833,62.0,1.1661728019152624,41.935483870967744,0.8088401113065993,-1.7289301514834654,0.4788219695717552
12,2.0,25.0,75.0,1.8,1.0,0.01,0.0005,1.0,8,17,166.0,0.7668259752542913,34.93975903614458,-2.825291835704138,-3.973433753677924,-0.9569564565750833,62.0,1.1661728019152624,41.935483870967744,0.8088401113065993,-1.7289301514834654,0.4788219695717552
12,2.0,30.0,70.0,1.8,1.0,0.01,0.0005,1.0,8,17,166.0,0.7668259752542913,34.93975903614458,-2.825291835704138,-3.973433753677924,-0.9569564565750833,62.0,1.1661728019152624,41.935483870967744,0.8088401113065993,-1.7289301514834654,0.4788219695717552
14,2.0,25.0,75.0,1.8,1.0,0.01,0.0005,1.0,8,17,165.0,0.7714238772182103,35.15151515151515,-2.754471800314077,-3.913348438578368,-0.93107772321319,62.0,1.1661728019152624,41.935483870967744,0.8088401113065993,-1.7289301514834654,0.4788219695717552
14,2.0,30.0,70.0,1.8,1.0,0.01,0.0005,1.0,8,17,166.0,0.7668259752542913,34.93975903614458,-2.825291835704138,-3.973433753677924,-0.9569564565750833,62.0,1.1661728019152624,41.935483870967744,0.8088401113065993,-1.7289301514834654,0.4788219695717552
16,2.0,30.0,70.0,1.8,1.0,0.01,0.0005,1.0,8,17,166.0,0.7668259752542913,34.93975903614458,-2.825291835704138,-3.973433753677924,-0.9569564565750833,62.0,1.1661728019152624,41.935483870967744,0.8088401113065993,-1.7289301514834654,0.4788219695717552
18,2.0,30.0,70.0,1.8,1.0,0.01,0.0005,1.0,8,17,166.0,0.7668259752542913,34.93975903614458,-2.825291835704138,-3.973433753677924,-0.9569564565750833,62.0,1.1661728019152624,41.935483870967744,0.8088401113065993,-1.7289301514834654,0.4788219695717552
20,2.0,30.0,70.0,1.8,1.0,0.01,0.0005,1.0,8,17,165.0,0.7714238772182103,35.15151515151515,-2.754471800314077,-3.913348438578368,-0.93107772321319,62.0,1.1661728019152624,41.935483870967744,0.8088401113065993,-1.7289301514834654,0.4788219695717552
10,2.4,25.0,75.0,1.8,1.0,0.01,0.0005,0.5,8,17,217.0,0.6731113787333188,31.797235023041477,-5.161090858944826,-6.376764255953294,-1.6362566452042182,101.0,1.1660153227951073,42.57425742574257,1.2107251853828347,-2.4388768766986257,0.6263714398308983
10,2.4,30.0,70.0,1.8,1.0,0.01,0.0005,0.5,8,17,217.0,0.6731113787333188,31.797235023041477,-5.161090858944826,-6.376764255953294,-1.6362566452042182,101.0,1.1660153227951073,42.57425742574257,1.2107251853828347,-2.4388768766986257,0.6263714398308983
12,2.4,25.0,75.0,1.8,1.0,0.01,0.0005,0.5,8,17,212.0,0.6713688475687605,32.075471698113205,-5.087162834469054,-6.303776116738402,-1.6257615824974339,101.0,1.1660153227951073,42.57425742574257,1.2107251853828347,-2.4388768766986257,0.6263714398308983
12,2.4,30.0,70.0,1.8,1.0,0.01,0.0005,0.5,8,17,217.0,0.6731113787333188,31.797235023041477,-5.161090858944826,-6.376764255953294,-1.6362566452042182,101.0,1.1660153227951073,42.57425742574257,1.2107251853828347,-2.4388768766986257,0.6263714398308983
14,2.4,30.0,70.0,1.8,1.0,0.01,0.0005,0.5,8,17,217.0,0.6731113787333188,31.797235023041477,-5.161090858944826,-6.376764255953294,-1.6362566452042182,101.0,1.1660153227951073,42.57425742574257,1.2107251853828347,-2.4388768766986257,0.6263714398308983
16,2.4,30.0,70.0,1.8,1.0,0.01,0.0005,0.5,8,17,217.0,0.6731113787333188,31.797235023041477,-5.161090858944826,-6.376764255953294,-1.6362566452042182,101.0,1.1660153227951073,42.57425742574257,1.2107251853828347,-2.4388768766986257,0.6263714398308983
24,2.2,25.0,75.0,2.0,1.0,0.01,0.0007,0.5,8,17,167.0,0.7854801117008856,32.93413173652694,-2.8186224182483786,-3.5380679533171033,-0.877660430956559,73.0,1.1659152919623375,36.986301369863014,1.0136152032070276,-1.1388400499031115,0.5639727183811362
10,2.2,25.0,75.0,1.8,1.0,0.01,0.0005,0.5,8,17,373.0,0.7684022451251388,34.584450402144775,-5.744487553435102,-7.128936614945502,-1.4964922074293108,170.0,1.1658180982654467,43.529411764705884,1.9100783859707915,-1.6243238280761352,0.8553601976865864
10,2.2,30.0,70.0,1.8,1.0,0.01,0.0005,0.5,8,17,381.0,0.7578909159072161,34.120734908136484,-6.133050119469553,-7.4358472508142315,-1.5906022141064287,170.0,1.1658180982654467,43.529411764705884,1.9100783859707915,-1.6243238280761352,0.8553601976865864
12,2.2,30.0,70.0,1.8,1.0,0.01,0.0005,0.5,8,17,379.0,0.7640362545336468,34.300791556728235,-5.936264764579264,-7.24179867775685,-1.5440675283986562,170.0,1.1658180982654467,43.529411764705884,1.9100783859707915,-1.6243238280761352,0.8553601976865864
14,2.2,30.0,70.0,1.8,1.0,0.01,0.0005,0.5,8,17,375.0,0.773929635067147,34.66666666666667,-5.625336900589118,-7.011590052824113,-1.4618871047705944,170.0,1.1658180982654467,43.529411764705884,1.9100783859707915,-1.6243238280761352,0.8553601976865864
16,2.2,30.0,70.0,1.8,1.0,0.01,0.0005,0.5,8,17,371.0,0.7852715076838116,35.04043126684636,-5.277462459405269,-6.668749336777591,-1.375508284289614,170.0,1.1658180982654467,43.529411764705884,1.9100783859707915,-1.6243238280761352,0.8553601976865864
22,2.4,30.0,70.0,1.8,1.0,0.01,0.0007,0.5,8,17,182.0,0.655524372571212,30.76923076923077,-4.909314039870751,-5.9456912789026095,-1.5999059546497014,89.0,1.1654821138594924,42.69662921348314,1.1100092279211822,-2.3352006101538425,0.600072050845333
24,2.4,25.0,75.0,1.5,1.0,0.01,0.0005,0.75,7,18,115.0,0.7585533741788173,40.869565217391305,-1.8724638910736575,-2.670029985316136,-0.7773481585634824,47.0,1.1652611641182742,48.93617021276596,0.5409263679306241,-1.5645427339172402,0.41179482417158525
24,2.4,25.0,75.0,1.5,1.0,0.01,0.0005,1.0,7,18,67.0,0.5940647895554058,37.3134328358209,-1.993435783767509,-2.29583750430008,-1.1887071968662346,26.0,1.1651927950229457,46.15384615384615,0.3380031241484539,-1.04611592681213,0.3150743044153255
18,2.2,30.0,70.0,2.0,1.0,0.01,0.0005,0.5,8,17,359.0,0.7610028020364071,31.75487465181058,-5.957763240600834,-7.271649395346092,-1.5046788448378217,165.0,1.1650225803278065,40.60606060606061,1.9375330305614262,-2.1355256340527706,0.835311824374933
14,2.2,25.0,75.0,1.5,1.0,0.01,0.0007,0.75,7,18,185.0,0.7286461970372186,38.37837837837838,-3.5545850296801835,-4.109856687706193,-1.1613062572389938,92.0,1.1649803102249372,47.82608695652174,1.040177215069889,-2.9031788769779743,0.5974541211012988
20,2.2,30.0,70.0,1.5,1.0,0.01,0.0007,0.75,7,18,189.0,0.732776111060838,38.62433862433862,-3.5509325843599435,-4.206499147010289,-1.147756875579065,92.0,1.1649803102249372,47.82608695652174,1.040177215069889,-2.9031788769779743,0.5974541211012988
22,2.2,25.0,75.0,1.5,1.0,0.01,0.0007,1.0,7,18,100.0,0.6808786598512618,38.0,-2.3670015225461065,-2.7132830190331303,-1.0576167997463124,39.0,1.1649591939079722,51.28205128205128,0.49286653952942283,-1.6753860260468434,0.3841841466499765
16,2.4,25.0,75.0,1.8,1.0,0.01,0.0007,0.5,8,17,175.0,0.6733019930515073,31.428571428571427,-4.483689989853009,-5.524724082175125,-1.4780694787338116,86.0,1.1649187689461284,43.02325581395349,1.0695495314388246,-2.117730923436556,0.57918426641266
18,2.2,30.0,70.0,1.8,1.0,0.01,0.0007,0.5,8,17,299.0,0.7579339075708098,33.77926421404682,-5.254473799794232,-6.345856903988578,-1.417233154970711,146.0,1.1645985622188153,42.465753424657535,1.736054447312763,-1.3974955716455462,0.8077507107168366
10,1.8,25.0,75.0,1.8,1.0,0.01,0.001,1.0,7,18,150.0,0.6329222044833992,28.666666666666668,-5.007942961362169,-5.674165308300749,-1.5165682525198507,92.0,1.1644283834908002,41.30434782608695,1.2550041447722289,-1.3254747194188288,0.6547447521055514
10,1.8,30.0,70.0,1.8,1.0,0.01,0.001,1.0,7,18,150.0,0.6329222044833992,28.666666666666668,-5.007942961362169,-5.674165308300749,-1.5165682525198507,92.0,1.1644283834908002,41.30434782608695,1.2550041447722289,-1.3254747194188288,0.6547447521055514
12,1.8,25.0,75.0,1.8,1.0,0.01,0.001,1.0,7,18,149.0,0.6376040555091412,28.859060402684566,-4.910628745410377,-5.5774934939114225,-1.4847229591317745,92.0,1.1644283834908002,41.30434782608695,1.2550041447722289,-1.3254747194188288,0.6547447521055514
12,1.8,30.0,70.0,1.8,1.0,0.01,0.001,1.0,7,18,150.0,0.6329222044833992,28.666666666666668,-5.007942961362169,-5.674165308300749,-1.5165682525198507,92.0,1.1644283834908002,41.30434782608695,1.2550041447722289,-1.3254747194188288,0.6547447521055514
14,1.8,30.0,70.0,1.8,1.0,0.01,0.001,1.0,7,18,150.0,0.6329222044833992,28.666666666666668,-5.007942961362169,-5.674165308300749,-1.5165682525198507,92.0,1.1644283834908002,41.30434782608695,1.2550041447722289,-1.3254747194188288,0.6547447521055514
16,1.8,30.0,70.0,1.8,1.0,0.01,0.001,1.0,7,18,150.0,0.6329222044833992,28.666666666666668,-5.007942961362169,-5.674165308300749,-1.5165682525198507,92.0,1.1644283834908002,41.30434782608695,1.2550041447722289,-1.3254747194188288,0.6547447521055514
18,1.8,30.0,70.0,1.8,1.0,0.01,0.001,1.0,7,18,150.0,0.6329222044833992,28.666666666666668,-5.007942961362169,-5.674165308300749,-1.5165682525198507,92.0,1.1644283834908002,41.30434782608695,1.2550041447722289,-1.3254747194188288,0.6547447521055514
10,2.0,25.0,75.0,1.5,1.0,0.01,0.001,1.0,8,17,93.0,0.6266747322480983,33.33333333333333,-3.107206808940282,-3.9462211372979117,-1.2464082684940079,50.0,1.1643448104671723,46.0,0.6567366726472937,-1.8629234970774178,0.4312932217521642
10,2.0,30.0,70.0,1.5,1.0,0.01,0.001,1.0,8,17,93.0,0.6266747322480983,33.33333333333333,-3.107206808940282,-3.9462211372979117,-1.2464082684940079,50.0,1.1643448104671723,46.0,0.6567366726472937,-1.8629234970774178,0.4312932217521642
12,2.0,25.0,75.0,1.5,1.0,0.01,0.001,1.0,8,17,93.0,0.6266747322480983,33.33333333333333,-3.107206808940282,-3.9462211372979117,-1.2464082684940079,50.0,1.1643448104671723,46.0,0.6567366726472937,-1.8629234970774178,0.4312932217521642
12,2.0,30.0,70.0,1.5,1.0,0.01,0.001,1.0,8,17,93.0,0.6266747322480983,33.33333333333333,-3.107206808940282,-3.9462211372979117,-1.2464082684940079,50.0,1.1643448104671723,46.0,0.6567366726472937,-1.8629234970774178,0.4312932217521642
14,2.0,25.0,75.0,1.5,1.0,0.01,0.001,1.0,8,17,93.0,0.6266747322480983,33.33333333333333,-3.107206808940282,-3.9462211372979117,-1.2464082684940079,50.0,1.1643448104671723,46.0,0.6567366726472937,-1.8629234970774178,0.4312932217521642
14,2.0,30.0,70.0,1.5,1.0,0.01,0.001,1.0,8,17,93.0,0.6266747322480983,33.33333333333333,-3.107206808940282,-3.9462211372979117,-1.2464082684940079,50.0,1.1643448104671723,46.0,0.6567366726472937,-1.8629234970774178,0.4312932217521642
16,2.0,30.0,70.0,1.5,1.0,0.01,0.001,1.0,8,17,93.0,0.6266747322480983,33.33333333333333,-3.107206808940282,-3.9462211372979117,-1.2464082684940079,50.0,1.1643448104671723,46.0,0.6567366726472937,-1.8629234970774178,0.4312932217521642
18,2.0,30.0,70.0,1.5,1.0,0.01,0.001,1.0,8,17,93.0,0.6266747322480983,33.33333333333333,-3.107206808940282,-3.9462211372979117,-1.2464082684940079,50.0,1.1643448104671723,46.0,0.6567366726472937,-1.8629234970774178,0.4312932217521642
20,2.0,30.0,70.0,1.5,1.0,0.01,0.001,1.0,8,17,93.0,0.6266747322480983,33.33333333333333,-3.107206808940282,-3.9462211372979117,-1.2464082684940079,50.0,1.1643448104671723,46.0,0.6567366726472937,-1.8629234970774178,0.4312932217521642
20,2.0,25.0,75.0,2.0,1.0,0.01,0.0005,0.75,8,17,249.0,0.7160434967465591,31.32530120481928,-5.164555049503997,-5.723336468060591,-1.4537848621217624,105.0,1.163887351047726,39.04761904761905,1.2953538488372942,-1.3804018635658721,0.6549488046590216
24,2.2,30.0,70.0,1.8,1.0,0.01,0.0007,0.75,7,18,181.0,0.6895106334305626,31.491712707182316,-4.316139748294699,-4.706725083185481,-1.3371789860828542,87.0,1.1636851416506475,43.67816091954023,1.0701525216759546,-2.687602018834634,0.5658811711411322
16,2.4,25.0,75.0,1.8,1.0,0.01,0.0005,0.75,8,17,115.0,0.6793793238671898,32.17391304347826,-2.852805110764548,-3.5976615298140335,-1.1652791906278752,43.0,1.1636194122386376,44.18604651162791,0.556083657255076,-1.26447775709998,0.39810320280170586
18,2.4,25.0,75.0,1.8,1.0,0.01,0.0005,0.75,8,17,111.0,0.6494228791794896,31.53153153153153,-3.0410486519107325,-3.7844774791162883,-1.2632716182881099,43.0,1.1636194122386376,44.18604651162791,0.556083657255076,-1.26447775709998,0.39810320280170586
22,2.4,30.0,70.0,1.8,1.0,0.01,0.0005,0.75,8,17,116.0,0.6706689260355639,31.896551724137932,-2.9661628704905705,-3.710165513867425,-1.20977418099025,43.0,1.1636194122386376,44.18604651162791,0.556083657255076,-1.26447775709998,0.39810320280170586
24,2.4,30.0,70.0,1.8,1.0,0.01,0.0005,0.75,8,17,114.0,0.6890183005159974,32.45614035087719,-2.7304358397703252,-3.476224523638638,-1.1066880803818875,43.0,1.1636194122386376,44.18604651162791,0.556083657255076,-1.26447775709998,0.39810320280170586
16,2.2,25.0,75.0,2.0,1.0,0.01,0.0005,0.75,8,17,172.0,0.6158500211420189,27.906976744186046,-5.23081680902791,-5.8485578454764875,-1.6621382156125868,74.0,1.1634009956156106,37.83783783783784,0.9620390367983964,-2.214114471765538,0.5179888209090815
18,2.2,30.0,70.0,1.8,1.0,0.01,0.0007,0.75,7,18,190.0,0.6745730995269704,31.05263157894737,-4.739633144485724,-5.128517463433968,-1.4641454530547622,93.0,1.1630641045421233,43.01075268817204,1.134176665262694,-3.1559287622669574,0.5904546888402192
22,2.4,25.0,75.0,1.5,1.0,0.01,0.0007,1.0,7,18,63.0,0.5465969269153128,34.92063492063492,-2.255668743995811,-2.4906099572321705,-1.3513663923294073,25.0,1.1624139314244497,48.0,0.33298400158406366,-1.173177916935353,0.3092047703894821
10,1.8,25.0,75.0,2.0,1.0,0.01,0.001,1.0,7,18,150.0,0.5728724653937332,24.0,-6.124089049571958,-6.640978625498861,-1.8133538030169274,92.0,1.1622663939681925,38.04347826086957,1.2946479299412568,-1.27834469507494,0.6500095161368222
10,1.8,30.0,70.0,2.0,1.0,0.01,0.001,1.0,7,18,150.0,0.5728724653937332,24.0,-6.124089049571958,-6.640978625498861,-1.8133538030169274,92.0,1.1622663939681925,38.04347826086957,1.2946479299412568,-1.27834469507494,0.6500095161368222
12,1.8,25.0,75.0,2.0,1.0,0.01,0.001,1.0,7,18,149.0,0.5768775883454196,24.161073825503358,-6.027801225623679,-6.54524052655534,-1.7812375252320112,92.0,1.1622663939681925,38.04347826086957,1.2946479299412568,-1.27834469507494,0.6500095161368222
12,1.8,30.0,70.0,2.0,1.0,0.01,0.001,1.0,7,18,150.0,0.5728724653937332,24.0,-6.124089049571958,-6.640978625498861,-1.8133538030169274,92.0,1.1622663939681925,38.04347826086957,1.2946479299412568,-1.27834469507494,0.6500095161368222
14,1.8,30.0,70.0,2.0,1.0,0.01,0.001,1.0,7,18,150.0,0.5728724653937332,24.0,-6.124089049571958,-6.640978625498861,-1.8133538030169274,92.0,1.1622663939681925,38.04347826086957,1.2946479299412568,-1.27834469507494,0.6500095161368222
16,1.8,30.0,70.0,2.0,1.0,0.01,0.001,1.0,7,18,150.0,0.5728724653937332,24.0,-6.124089049571958,-6.640978625498861,-1.8133538030169274,92.0,1.1622663939681925,38.04347826086957,1.2946479299412568,-1.27834469507494,0.6500095161368222
18,1.8,30.0,70.0,2.0,1.0,0.01,0.001,1.0,7,18,150.0,0.5728724653937332,24.0,-6.124089049571958,-6.640978625498861,-1.8133538030169274,92.0,1.1622663939681925,38.04347826086957,1.2946479299412568,-1.27834469507494,0.6500095161368222
14,2.4,25.0,75.0,1.5,1.0,0.01,0.001,0.5,8,17,108.0,0.5450772852317054,30.555555555555557,-4.494538795066965,-5.257602449704624,-1.742062535663259,67.0,1.1617522094994535,46.26865671641791,0.8443158867287457,-2.1148061808977214,0.512106161087871
18,2.4,25.0,75.0,1.8,1.0,0.01,0.0005,0.75,7,18,143.0,0.7231981284419405,34.26573426573427,-2.8505454010733953,-3.6720617874707373,-1.0444748758003863,62.0,1.1612661256564694,45.16129032258064,0.6962160856457195,-1.5458630598775613,0.4632422636759234
24,2.4,30.0,70.0,1.8,1.0,0.01,0.0005,0.75,7,18,147.0,0.7512110539582795,34.69387755102041,-2.605066354252758,-3.4286859471613695,-0.9339294516200157,62.0,1.1612661256564694,45.16129032258064,0.6962160856457195,-1.5458630598775613,0.4632422636759234
16,2.0,25.0,75.0,2.0,1.0,0.01,0.0007,0.75,8,17,251.0,0.739929917093707,31.47410358565737,-5.026930618671686,-6.0006864071174615,-1.3566700802325038,115.0,1.1612097206990584,38.26086956521739,1.4133327001433464,-1.9614461815000706,0.6756590332193139
14,1.8,25.0,75.0,1.5,1.0,0.01,0.0005,1.0,7,18,340.0,0.7835970253340339,40.588235294117645,-4.478119457505472,-4.636584050962844,-1.2206016962033013,160.0,1.1605658378770074,46.875,1.5573297398152317,-2.1280181149818556,0.8140100833407066
16,2.2,25.0,75.0,1.8,1.0,0.01,0.0005,0.5,8,17,317.0,0.8197747056187703,36.59305993690852,-3.819720828415048,-4.959415992962224,-1.0508735025581373,141.0,1.1605602846106753,43.262411347517734,1.5557741355415238,-1.6172857430905019,0.7353813643384436
22,2.4,30.0,70.0,1.8,1.0,0.01,0.0005,0.5,8,17,206.0,0.6823694768105325,32.5242718446602,-4.791463427547788,-6.011863408695417,-1.5365866184138435,96.0,1.1605472874708869,42.70833333333333,1.1198105402748297,-2.335234746325132,0.5968073592589113
24,2.4,25.0,75.0,2.0,1.0,0.01,0.0005,1.0,7,18,67.0,0.5587562382272845,26.865671641791046,-2.4044485924678156,-2.4690651178137513,-1.292421229824967,26.0,1.1602382231913997,38.46153846153847,0.3717281338328212,-0.9472810543706967,0.3032415789616694
16,2.4,25.0,75.0,1.8,1.0,0.01,0.0005,0.5,8,17,197.0,0.7068756054387183,33.50253807106599,-4.23082406050451,-5.458434300127402,-1.3717372210228083,93.0,1.1598450883924267,43.01075268817204,1.079398555348762,-2.1177401572956445,0.576224120209501
18,2.2,25.0,75.0,1.8,1.0,0.01,0.001,0.75,8,17,92.0,0.546754122962403,26.08695652173913,-4.04886976363543,-4.882948758067718,-1.5009184039360237,54.0,1.1592243303751386,40.74074074074074,0.744971361456046,-1.8442303223091372,0.43379057924908154
10,2.4,25.0,75.0,2.0,1.0,0.01,0.0007,0.75,8,17,105.0,0.6480231109369929,27.61904761904762,-3.140585273301149,-4.081600099178562,-1.2155540153606919,41.0,1.158800623970676,41.46341463414634,0.5578718560468587,-1.102955312253584,0.39845866776061434
10,2.4,30.0,70.0,2.0,1.0,0.01,0.0007,0.75,8,17,105.0,0.6480231109369929,27.61904761904762,-3.140585273301149,-4.081600099178562,-1.2155540153606919,41.0,1.158800623970676,41.46341463414634,0.5578718560468587,-1.102955312253584,0.39845866776061434
12,2.4,25.0,75.0,2.0,1.0,0.01,0.0007,0.75,8,17,105.0,0.6480231109369929,27.61904761904762,-3.140585273301149,-4.081600099178562,-1.2155540153606919,41.0,1.158800623970676,41.46341463414634,0.5578718560468587,-1.102955312253584,0.39845866776061434
12,2.4,30.0,70.0,2.0,1.0,0.01,0.0007,0.75,8,17,105.0,0.6480231109369929,27.61904761904762,-3.140585273301149,-4.081600099178562,-1.2155540153606919,41.0,1.158800623970676,41.46341463414634,0.5578718560468587,-1.102955312253584,0.39845866776061434
14,2.4,25.0,75.0,2.0,1.0,0.01,0.0007,0.75,8,17,105.0,0.6480231109369929,27.61904761904762,-3.140585273301149,-4.081600099178562,-1.2155540153606919,41.0,1.158800623970676,41.46341463414634,0.5578718560468587,-1.102955312253584,0.39845866776061434
14,2.4,30.0,70.0,2.0,1.0,0.01,0.0007,0.75,8,17,105.0,0.6480231109369929,27.61904761904762,-3.140585273301149,-4.081600099178562,-1.2155540153606919,41.0,1.158800623970676,41.46341463414634,0.5578718560468587,-1.102955312253584,0.39845866776061434
16,2.4,30.0,70.0,2.0,1.0,0.01,0.0007,0.75,8,17,105.0,0.6480231109369929,27.61904761904762,-3.140585273301149,-4.081600099178562,-1.2155540153606919,41.0,1.158800623970676,41.46341463414634,0.5578718560468587,-1.102955312253584,0.39845866776061434
18,2.4,30.0,70.0,2.0,1.0,0.01,0.0007,0.75,8,17,105.0,0.6480231109369929,27.61904761904762,-3.140585273301149,-4.081600099178562,-1.2155540153606919,41.0,1.158800623970676,41.46341463414634,0.5578718560468587,-1.102955312253584,0.39845866776061434
20,2.4,30.0,70.0,2.0,1.0,0.01,0.0007,0.75,8,17,105.0,0.6480231109369929,27.61904761904762,-3.140585273301149,-4.081600099178562,-1.2155540153606919,41.0,1.158800623970676,41.46341463414634,0.5578718560468587,-1.102955312253584,0.39845866776061434
12,2.0,25.0,75.0,2.0,1.0,0.01,0.0007,0.75,8,17,269.0,0.7071368223511034,30.111524163568777,-6.04494936778925,-6.854621382272885,-1.6113606211776277,128.0,1.1585521178845022,38.28125,1.5364927631788488,-2.340862550972389,0.6961790389931993
22,1.8,30.0,70.0,1.5,1.0,0.01,0.0007,1.0,7,18,271.0,0.7694021494420766,39.48339483394834,-4.227309984486564,-4.489761696396033,-1.1871000061548242,133.0,1.1583509015832574,47.368421052631575,1.3818011014802323,-2.205867461620359,0.7329441702356801
18,2.2,30.0,70.0,2.0,1.0,0.01,0.0005,0.75,8,17,183.0,0.5896963118382109,26.775956284153008,-5.909005761208573,-6.522326526840327,-1.865111130888559,77.0,1.1583090326694374,37.66233766233766,0.9680335859750085,-2.5869202271591507,0.5144633023941882
22,2.2,25.0,75.0,1.5,1.0,0.01,0.0007,0.5,8,17,190.0,0.7361684618765526,39.473684210526315,-3.596400656400256,-4.052146388643774,-1.225969434243305,83.0,1.1582037779038183,45.78313253012048,0.9562388309500057,-1.2599591687831646,0.5767505468501527
22,2.4,25.0,75.0,2.0,1.0,0.01,0.0007,1.0,7,18,63.0,0.5196482200654322,25.396825396825395,-2.627932427838896,-2.6924009879476407,-1.4296369052836033,25.0,1.1578056548186215,40.0,0.36675274833623916,-1.0744667872450098,0.29830444162088804
10,2.2,25.0,75.0,1.8,1.0,0.01,0.0007,1.0,8,17,96.0,0.5811869676413778,29.166666666666668,-3.364989507044174,-3.7711201825569862,-1.5244692737263035,35.0,1.1577575272131635,45.714285714285715,0.46580175427632636,-1.2238349830629103,0.3507429569232449
10,2.2,30.0,70.0,1.8,1.0,0.01,0.0007,1.0,8,17,96.0,0.5811869676413778,29.166666666666668,-3.364989507044174,-3.7711201825569862,-1.5244692737263035,35.0,1.1577575272131635,45.714285714285715,0.46580175427632636,-1.2238349830629103,0.3507429569232449
12,2.2,25.0,75.0,1.8,1.0,0.01,0.0007,1.0,8,17,96.0,0.5811869676413778,29.166666666666668,-3.364989507044174,-3.7711201825569862,-1.5244692737263035,35.0,1.1577575272131635,45.714285714285715,0.46580175427632636,-1.2238349830629103,0.3507429569232449
12,2.2,30.0,70.0,1.8,1.0,0.01,0.0007,1.0,8,17,96.0,0.5811869676413778,29.166666666666668,-3.364989507044174,-3.7711201825569862,-1.5244692737263035,35.0,1.1577575272131635,45.714285714285715,0.46580175427632636,-1.2238349830629103,0.3507429569232449
14,2.2,25.0,75.0,1.8,1.0,0.01,0.0007,1.0,8,17,96.0,0.5811869676413778,29.166666666666668,-3.364989507044174,-3.7711201825569862,-1.5244692737263035,35.0,1.1577575272131635,45.714285714285715,0.46580175427632636,-1.2238349830629103,0.3507429569232449
14,2.2,30.0,70.0,1.8,1.0,0.01,0.0007,1.0,8,17,96.0,0.5811869676413778,29.166666666666668,-3.364989507044174,-3.7711201825569862,-1.5244692737263035,35.0,1.1577575272131635,45.714285714285715,0.46580175427632636,-1.2238349830629103,0.3507429569232449
16,2.2,25.0,75.0,1.8,1.0,0.01,0.0007,1.0,8,17,96.0,0.5811869676413778,29.166666666666668,-3.364989507044174,-3.7711201825569862,-1.5244692737263035,35.0,1.1577575272131635,45.714285714285715,0.46580175427632636,-1.2238349830629103,0.3507429569232449
16,2.2,30.0,70.0,1.8,1.0,0.01,0.0007,1.0,8,17,96.0,0.5811869676413778,29.166666666666668,-3.364989507044174,-3.7711201825569862,-1.5244692737263035,35.0,1.1577575272131635,45.714285714285715,0.46580175427632636,-1.2238349830629103,0.3507429569232449
18,2.2,25.0,75.0,1.8,1.0,0.01,0.0007,1.0,8,17,93.0,0.57713797136422,29.03225806451613,-3.309506201914355,-3.7158678953953306,-1.5040668476308794,35.0,1.1577575272131635,45.714285714285715,0.46580175427632636,-1.2238349830629103,0.3507429569232449
18,2.2,30.0,70.0,1.8,1.0,0.01,0.0007,1.0,8,17,96.0,0.5811869676413778,29.166666666666668,-3.364989507044174,-3.7711201825569862,-1.5244692737263035,35.0,1.1577575272131635,45.714285714285715,0.46580175427632636,-1.2238349830629103,0.3507429569232449
20,2.2,25.0,75.0,1.8,1.0,0.01,0.0007,1.0,8,17,90.0,0.6070732450422728,30.0,-2.9301083808425026,-3.3380679712592842,-1.3158708035286735,35.0,1.1577575272131635,45.714285714285715,0.46580175427632636,-1.2238349830629103,0.3507429569232449
20,2.2,30.0,70.0,1.8,1.0,0.01,0.0007,1.0,8,17,96.0,0.5811869676413778,29.166666666666668,-3.364989507044174,-3.7711201825569862,-1.5244692737263035,35.0,1.1577575272131635,45.714285714285715,0.46580175427632636,-1.2238349830629103,0.3507429569232449
22,2.2,30.0,70.0,1.8,1.0,0.01,0.0007,1.0,8,17,96.0,0.5811869676413778,29.166666666666668,-3.364989507044174,-3.7711201825569862,-1.5244692737263035,35.0,1.1577575272131635,45.714285714285715,0.46580175427632636,-1.2238349830629103,0.3507429569232449
24,2.2,30.0,70.0,1.8,1.0,0.01,0.0007,1.0,8,17,95.0,0.590296476734302,29.47368421052631,-3.243277293890333,-3.6499162089331016,-1.4557407765742638,35.0,1.1577575272131635,45.714285714285715,0.46580175427632636,-1.2238349830629103,0.3507429569232449
14,2.2,25.0,75.0,2.0,1.0,0.01,0.0007,0.5,8,17,278.0,0.727727644055873,30.575539568345324,-5.741798314174376,-6.732261639664927,-1.5789029125987126,139.0,1.1571417382717721,38.84892086330935,1.6542809571515316,-1.8956457931668669,0.7330692385249109
24,2.0,25.0,75.0,1.5,1.0,0.01,0.0005,0.75,8,17,195.0,0.7134047614152388,38.46153846153847,-3.7971643248968756,-4.146989303444515,-1.2721403343239992,75.0,1.1571228868280636,45.33333333333333,0.845694199213267,-1.555369056995648,0.5306869416809307
20,2.2,30.0,70.0,1.5,1.0,0.01,0.0007,0.5,8,17,290.0,0.7894452522825706,39.6551724137931,-4.120696277657043,-5.190381943014599,-1.1820419263716997,141.0,1.1567305381981898,46.808510638297875,1.4712353600294226,-1.9491831007934168,0.7664532188445428
24,2.0,25.0,75.0,2.0,1.0,0.01,0.001,0.5,8,17,132.0,0.7893503687754034,30.303030303030305,-2.525176850643875,-3.5279323654586636,-0.7896161024707421,76.0,1.1565806309003623,36.84210526315789,1.0536406510432244,-1.2592375801496303,0.5612883765170614
24,2.4,30.0,70.0,1.5,1.0,0.01,0.0007,0.5,8,17,174.0,0.6777522711430367,36.7816091954023,-4.125314808105868,-4.787985564537767,-1.465191818161492,86.0,1.1557698693299019,47.674418604651166,0.9409529240156552,-2.370114065771667,0.5660913645231688
20,1.8,25.0,75.0,2.0,1.0,0.01,0.0005,1.0,7,18,290.0,0.7199947873970834,31.379310344827587,-5.682803757646507,-6.017462096207071,-1.5192811709298633,134.0,1.1556380888946074,40.298507462686565,1.4808150818872492,-1.4888930335592576,0.7240470656989465
10,2.0,25.0,75.0,2.0,1.0,0.01,0.0007,1.0,8,17,146.0,0.7101218882469496,30.136986301369863,-3.461842846446671,-4.662321738988096,-1.1345248420149638,59.0,1.15509650735747,38.983050847457626,0.7715373969965004,-1.8051838432005862,0.4458183310834753
10,2.0,30.0,70.0,2.0,1.0,0.01,0.0007,1.0,8,17,146.0,0.7101218882469496,30.136986301369863,-3.461842846446671,-4.662321738988096,-1.1345248420149638,59.0,1.15509650735747,38.983050847457626,0.7715373969965004,-1.8051838432005862,0.4458183310834753
12,2.0,25.0,75.0,2.0,1.0,0.01,0.0007,1.0,8,17,146.0,0.7101218882469496,30.136986301369863,-3.461842846446671,-4.662321738988096,-1.1345248420149638,59.0,1.15509650735747,38.983050847457626,0.7715373969965004,-1.8051838432005862,0.4458183310834753
12,2.0,30.0,70.0,2.0,1.0,0.01,0.0007,1.0,8,17,146.0,0.7101218882469496,30.136986301369863,-3.461842846446671,-4.662321738988096,-1.1345248420149638,59.0,1.15509650735747,38.983050847457626,0.7715373969965004,-1.8051838432005862,0.4458183310834753
14,2.0,25.0,75.0,2.0,1.0,0.01,0.0007,1.0,8,17,146.0,0.7101218882469496,30.136986301369863,-3.461842846446671,-4.662321738988096,-1.1345248420149638,59.0,1.15509650735747,38.983050847457626,0.7715373969965004,-1.8051838432005862,0.4458183310834753
14,2.0,30.0,70.0,2.0,1.0,0.01,0.0007,1.0,8,17,146.0,0.7101218882469496,30.136986301369863,-3.461842846446671,-4.662321738988096,-1.1345248420149638,59.0,1.15509650735747,38.983050847457626,0.7715373969965004,-1.8051838432005862,0.4458183310834753
16,2.0,30.0,70.0,2.0,1.0,0.01,0.0007,1.0,8,17,146.0,0.7101218882469496,30.136986301369863,-3.461842846446671,-4.662321738988096,-1.1345248420149638,59.0,1.15509650735747,38.983050847457626,0.7715373969965004,-1.8051838432005862,0.4458183310834753
18,2.0,30.0,70.0,2.0,1.0,0.01,0.0007,1.0,8,17,146.0,0.7101218882469496,30.136986301369863,-3.461842846446671,-4.662321738988096,-1.1345248420149638,59.0,1.15509650735747,38.983050847457626,0.7715373969965004,-1.8051838432005862,0.4458183310834753
20,2.0,30.0,70.0,2.0,1.0,0.01,0.0007,1.0,8,17,146.0,0.7101218882469496,30.136986301369863,-3.461842846446671,-4.662321738988096,-1.1345248420149638,59.0,1.15509650735747,38.983050847457626,0.7715373969965004,-1.8051838432005862,0.4458183310834753
20,2.2,25.0,75.0,1.8,1.0,0.01,0.0005,0.5,7,18,314.0,0.8336512046120712,36.94267515923567,-3.399563834520213,-4.961182381135442,-0.9135479335555212,153.0,1.155070352551566,43.790849673202615,1.6005184541875135,-1.1777395257375645,0.7359160089115037
18,2.0,30.0,70.0,1.8,1.0,0.01,0.0007,0.75,7,18,315.0,0.7616178003179292,33.96825396825397,-5.372109470423347,-5.907945660399827,-1.3791830842482138,162.0,1.154928196679182,41.9753086419753,1.778429670790156,-2.5338899362306155,0.7550377323879522
18,2.2,25.0,75.0,2.0,1.0,0.01,0.0005,0.75,8,17,164.0,0.5825649105444093,26.82926829268293,-5.467900157192744,-6.084115020948355,-1.783850586211482,71.0,1.154714664278091,38.028169014084504,0.8834666328957065,-2.046892712023185,0.48304819332336674
24,2.0,25.0,75.0,1.5,1.0,0.01,0.0005,1.0,8,17,133.0,0.8187058982634047,42.857142857142854,-1.628153328767676,-2.8965719924828437,-0.6566564389578241,50.0,1.1545384010308632,46.0,0.5899325011296969,-1.7898623303187589,0.40234899271795654
10,1.8,25.0,75.0,1.5,1.0,0.01,0.001,1.0,7,18,150.0,0.5865055205835376,31.333333333333336,-5.434127155176448,-5.892433175429979,-1.752367045547941,92.0,1.1536075308468208,45.65217391304348,1.0830089731159933,-1.781054875660948,0.6179516260439264
10,1.8,30.0,70.0,1.5,1.0,0.01,0.001,1.0,7,18,150.0,0.5865055205835376,31.333333333333336,-5.434127155176448,-5.892433175429979,-1.752367045547941,92.0,1.1536075308468208,45.65217391304348,1.0830089731159933,-1.781054875660948,0.6179516260439264
12,1.8,25.0,75.0,1.5,1.0,0.01,0.001,1.0,7,18,149.0,0.5909966577595338,31.543624161073826,-5.3371729697290355,-5.79593984900415,-1.719489361104232,92.0,1.1536075308468208,45.65217391304348,1.0830089731159933,-1.781054875660948,0.6179516260439264
12,1.8,30.0,70.0,1.5,1.0,0.01,0.001,1.0,7,18,150.0,0.5865055205835376,31.333333333333336,-5.434127155176448,-5.892433175429979,-1.752367045547941,92.0,1.1536075308468208,45.65217391304348,1.0830089731159933,-1.781054875660948,0.6179516260439264
14,1.8,30.0,70.0,1.5,1.0,0.01,0.001,1.0,7,18,150.0,0.5865055205835376,31.333333333333336,-5.434127155176448,-5.892433175429979,-1.752367045547941,92.0,1.1536075308468208,45.65217391304348,1.0830089731159933,-1.781054875660948,0.6179516260439264
16,1.8,30.0,70.0,1.5,1.0,0.01,0.001,1.0,7,18,150.0,0.5865055205835376,31.333333333333336,-5.434127155176448,-5.892433175429979,-1.752367045547941,92.0,1.1536075308468208,45.65217391304348,1.0830089731159933,-1.781054875660948,0.6179516260439264
18,1.8,30.0,70.0,1.5,1.0,0.01,0.001,1.0,7,18,150.0,0.5865055205835376,31.333333333333336,-5.434127155176448,-5.892433175429979,-1.752367045547941,92.0,1.1536075308468208,45.65217391304348,1.0830089731159933,-1.781054875660948,0.6179516260439264
22,2.0,30.0,70.0,2.0,1.0,0.01,0.0005,0.75,8,17,304.0,0.7258270327591051,30.92105263157895,-5.994483558521315,-6.86574357541202,-1.5757335970447084,130.0,1.1533358101407691,39.23076923076923,1.451879274443363,-2.5026417859797756,0.681321889179125
10,2.2,25.0,75.0,1.5,1.0,0.01,0.0005,0.5,8,17,373.0,0.7780772664389157,39.41018766756032,-5.131134094228456,-6.442768476248107,-1.4307004698605852,170.0,1.1531595450882022,47.647058823529406,1.626335717124439,-2.1147119503196254,0.803095063583452
10,2.2,30.0,70.0,1.5,1.0,0.01,0.0005,0.5,8,17,381.0,0.7700446433517704,39.107611548556434,-5.4286634957374185,-6.659612388592395,-1.5046086174531093,170.0,1.1531595450882022,47.647058823529406,1.626335717124439,-2.1147119503196254,0.803095063583452
12,2.2,30.0,70.0,1.5,1.0,0.01,0.0005,0.5,8,17,379.0,0.7767725509906372,39.31398416886543,-5.230440942870009,-6.463938107878753,-1.4549741551695186,170.0,1.1531595450882022,47.647058823529406,1.626335717124439,-2.1147119503196254,0.803095063583452
14,2.2,30.0,70.0,1.5,1.0,0.01,0.0005,0.5,8,17,375.0,0.78762145266585,39.733333333333334,-4.917199762657983,-6.2318223327811335,-1.3670232368016697,170.0,1.1531595450882022,47.647058823529406,1.626335717124439,-2.1147119503196254,0.803095063583452
16,2.2,30.0,70.0,1.5,1.0,0.01,0.0005,0.5,8,17,371.0,0.7949603999393655,39.892183288409704,-4.692266304592668,-6.009930332877012,-1.302681707037652,170.0,1.1531595450882022,47.647058823529406,1.626335717124439,-2.1147119503196254,0.803095063583452
18,2.4,25.0,75.0,1.8,1.0,0.01,0.0007,0.5,7,18,192.0,0.7102299117115808,32.29166666666667,-4.215136838856833,-4.627853717680908,-1.3139750260348735,95.0,1.1529707209054734,44.21052631578947,1.0792498132850052,-2.4978706374015114,0.5618715181897964
18,2.2,25.0,75.0,1.8,1.0,0.01,0.001,0.5,8,17,135.0,0.6549310408808221,30.37037037037037,-4.2889740741362585,-5.331767099647189,-1.4139464933131332,81.0,1.1526554424080475,40.74074074074074,1.0414924014836653,-1.0312479446151213,0.5522816987985738
24,1.8,30.0,70.0,1.5,1.0,0.01,0.0005,1.0,7,18,324.0,0.7959796497835637,41.04938271604938,-4.050031539486809,-4.283113528511073,-1.1114450789361887,153.0,1.1526001370545746,47.05882352941176,1.4186202714585305,-1.960212675104589,0.758568012579826
10,2.4,25.0,75.0,2.0,1.0,0.01,0.0007,0.75,7,18,126.0,0.6744147635861583,27.77777777777778,-3.368574803676384,-4.260361708738925,-1.172590855849703,52.0,1.1524457754417776,42.30769230769231,0.6399066131058498,-1.6305872904973095,0.4314147204032047
10,2.4,30.0,70.0,2.0,1.0,0.01,0.0007,0.75,7,18,126.0,0.6744147635861583,27.77777777777778,-3.368574803676384,-4.260361708738925,-1.172590855849703,52.0,1.1524457754417776,42.30769230769231,0.6399066131058498,-1.6305872904973095,0.4314147204032047
12,2.4,25.0,75.0,2.0,1.0,0.01,0.0007,0.75,7,18,126.0,0.6744147635861583,27.77777777777778,-3.368574803676384,-4.260361708738925,-1.172590855849703,52.0,1.1524457754417776,42.30769230769231,0.6399066131058498,-1.6305872904973095,0.4314147204032047
12,2.4,30.0,70.0,2.0,1.0,0.01,0.0007,0.75,7,18,126.0,0.6744147635861583,27.77777777777778,-3.368574803676384,-4.260361708738925,-1.172590855849703,52.0,1.1524457754417776,42.30769230769231,0.6399066131058498,-1.6305872904973095,0.4314147204032047
14,2.4,25.0,75.0,2.0,1.0,0.01,0.0007,0.75,7,18,126.0,0.6744147635861583,27.77777777777778,-3.368574803676384,-4.260361708738925,-1.172590855849703,52.0,1.1524457754417776,42.30769230769231,0.6399066131058498,-1.6305872904973095,0.4314147204032047
14,2.4,30.0,70.0,2.0,1.0,0.01,0.0007,0.75,7,18,126.0,0.6744147635861583,27.77777777777778,-3.368574803676384,-4.260361708738925,-1.172590855849703,52.0,1.1524457754417776,42.30769230769231,0.6399066131058498,-1.6305872904973095,0.4314147204032047
16,2.4,30.0,70.0,2.0,1.0,0.01,0.0007,0.75,7,18,126.0,0.6744147635861583,27.77777777777778,-3.368574803676384,-4.260361708738925,-1.172590855849703,52.0,1.1524457754417776,42.30769230769231,0.6399066131058498,-1.6305872904973095,0.4314147204032047
18,2.4,30.0,70.0,2.0,1.0,0.01,0.0007,0.75,7,18,126.0,0.6744147635861583,27.77777777777778,-3.368574803676384,-4.260361708738925,-1.172590855849703,52.0,1.1524457754417776,42.30769230769231,0.6399066131058498,-1.6305872904973095,0.4314147204032047
20,2.4,30.0,70.0,2.0,1.0,0.01,0.0007,0.75,7,18,126.0,0.6744147635861583,27.77777777777778,-3.368574803676384,-4.260361708738925,-1.172590855849703,52.0,1.1524457754417776,42.30769230769231,0.6399066131058498,-1.6305872904973095,0.4314147204032047
14,2.0,25.0,75.0,1.8,1.0,0.01,0.0005,0.75,7,18,380.0,0.7958320831125825,35.78947368421053,-4.9846644912377815,-5.804611793498715,-1.2624276162425123,190.0,1.1522822581479482,41.578947368421055,1.874458198042048,-2.4229482303725125,0.7865093161244793
22,2.2,25.0,75.0,1.5,1.0,0.01,0.001,0.5,8,17,111.0,0.561731911219247,31.53153153153153,-4.485072324909324,-5.015449055409427,-1.6898269775387247,67.0,1.1520417592101502,44.776119402985074,0.8141375118950054,-1.3022147163597508,0.5043837921155678
24,2.4,30.0,70.0,1.8,1.0,0.01,0.0005,0.5,8,17,195.0,0.7032269309791623,33.33333333333333,-4.2552958014243085,-5.460768877676836,-1.3759024475160464,92.0,1.151658784658299,42.391304347826086,1.0307454039118784,-2.1681457405721583,0.5588193265949122
14,2.2,25.0,75.0,2.0,1.0,0.01,0.0007,0.75,7,18,185.0,0.6237682585187339,27.027027027027028,-5.631934108783844,-5.89957827803782,-1.6795992752639402,92.0,1.1514846559918195,39.130434782608695,1.0896419316333958,-3.1493965683766056,0.5445790923907776
20,2.2,30.0,70.0,2.0,1.0,0.01,0.0007,0.75,7,18,189.0,0.6331901624629556,27.513227513227513,-5.561454595637478,-5.857366385809781,-1.636817998454028,92.0,1.1514846559918195,39.130434782608695,1.0896419316333958,-3.1493965683766056,0.5445790923907776
16,2.4,25.0,75.0,1.5,1.0,0.01,0.0007,0.5,8,17,175.0,0.6743658386677593,36.57142857142857,-4.196887717753397,-4.789367531271893,-1.4974416308312672,86.0,1.151448225064873,47.674418604651166,0.9067442114479126,-2.31981947090375,0.5406714275271637
24,2.0,25.0,75.0,2.0,1.0,0.01,0.0007,0.75,8,17,168.0,0.7386928229893228,31.547619047619047,-3.508718700800982,-3.967724344354673,-1.0713091496230056,71.0,1.1511026747526638,36.61971830985916,0.8997575906191195,-1.4744688263239047,0.5074693483335865
24,2.4,25.0,75.0,2.0,1.0,0.01,0.0007,0.5,8,17,120.0,0.6969910579420933,30.0,-3.013952722455415,-3.8965668454661873,-1.0575595646683698,52.0,1.1508815499299738,38.46153846153847,0.6863974063696332,-1.8855120591595553,0.4114383424849083
12,2.2,25.0,75.0,2.0,1.0,0.01,0.0005,0.5,8,17,360.0,0.7577648053623751,31.666666666666664,-6.029528960342613,-7.425474239259144,-1.5250140574280493,166.0,1.1506509594309637,40.36144578313253,1.7770919754797432,-2.135646100932753,0.7655335774913835
20,2.0,25.0,75.0,2.0,1.0,0.01,0.0007,0.75,8,17,213.0,0.70881188135473,30.985915492957744,-4.875483152351571,-5.776042429398021,-1.4026636389537324,97.0,1.150539027968468,38.144329896907216,1.146941879388214,-1.380440682347217,0.5905261373705994
10,2.0,25.0,75.0,1.5,1.0,0.01,0.0007,1.0,7,18,175.0,0.8275235239521496,41.14285714285714,-2.0775164155650963,-3.5178595403261292,-0.6940070678155377,74.0,1.150101487447065,48.64864864864865,0.7845441777564519,-2.5496260808770987,0.48527969796448167
10,2.0,30.0,70.0,1.5,1.0,0.01,0.0007,1.0,7,18,175.0,0.8275235239521496,41.14285714285714,-2.0775164155650963,-3.5178595403261292,-0.6940070678155377,74.0,1.150101487447065,48.64864864864865,0.7845441777564519,-2.5496260808770987,0.48527969796448167
12,2.0,25.0,75.0,1.5,1.0,0.01,0.0007,1.0,7,18,175.0,0.8275235239521496,41.14285714285714,-2.0775164155650963,-3.5178595403261292,-0.6940070678155377,74.0,1.150101487447065,48.64864864864865,0.7845441777564519,-2.5496260808770987,0.48527969796448167
12,2.0,30.0,70.0,1.5,1.0,0.01,0.0007,1.0,7,18,175.0,0.8275235239521496,41.14285714285714,-2.0775164155650963,-3.5178595403261292,-0.6940070678155377,74.0,1.150101487447065,48.64864864864865,0.7845441777564519,-2.5496260808770987,0.48527969796448167
14,2.0,25.0,75.0,1.5,1.0,0.01,0.0007,1.0,7,18,175.0,0.8275235239521496,41.14285714285714,-2.0775164155650963,-3.5178595403261292,-0.6940070678155377,74.0,1.150101487447065,48.64864864864865,0.7845441777564519,-2.5496260808770987,0.48527969796448167
14,2.0,30.0,70.0,1.5,1.0,0.01,0.0007,1.0,7,18,175.0,0.8275235239521496,41.14285714285714,-2.0775164155650963,-3.5178595403261292,-0.6940070678155377,74.0,1.150101487447065,48.64864864864865,0.7845441777564519,-2.5496260808770987,0.48527969796448167
16,2.0,30.0,70.0,1.5,1.0,0.01,0.0007,1.0,7,18,175.0,0.8275235239521496,41.14285714285714,-2.0775164155650963,-3.5178595403261292,-0.6940070678155377,74.0,1.150101487447065,48.64864864864865,0.7845441777564519,-2.5496260808770987,0.48527969796448167
18,2.0,30.0,70.0,1.5,1.0,0.01,0.0007,1.0,7,18,175.0,0.8275235239521496,41.14285714285714,-2.0775164155650963,-3.5178595403261292,-0.6940070678155377,74.0,1.150101487447065,48.64864864864865,0.7845441777564519,-2.5496260808770987,0.48527969796448167
20,2.0,30.0,70.0,1.5,1.0,0.01,0.0007,1.0,7,18,175.0,0.8275235239521496,41.14285714285714,-2.0775164155650963,-3.5178595403261292,-0.6940070678155377,74.0,1.150101487447065,48.64864864864865,0.7845441777564519,-2.5496260808770987,0.48527969796448167
24,1.8,30.0,70.0,1.8,1.0,0.01,0.001,1.0,7,18,144.0,0.6459782102044359,29.166666666666668,-4.648449270800647,-5.317173072097825,-1.4067694823057688,88.0,1.1500988622862622,40.909090909090914,1.0952260033684795,-1.249239747164388,0.587146898626626
14,2.2,25.0,75.0,2.0,1.0,0.01,0.001,0.5,8,17,144.0,0.6246725065521468,26.38888888888889,-5.170658235250885,-6.054203444178253,-1.6093657287310459,95.0,1.1500048292737621,37.89473684210527,1.2421456467288954,-1.3696170606814495,0.602921803143067
20,2.2,30.0,70.0,1.8,1.0,0.01,0.0005,0.75,7,18,232.0,0.7154711705326872,33.62068965517241,-4.551192735305522,-5.054363800118622,-1.3654982726434173,109.0,1.1499783509070722,42.201834862385326,1.1236509796081373,-2.853756709455224,0.5795660112439674
24,2.0,30.0,70.0,2.0,1.0,0.01,0.0005,0.75,8,17,289.0,0.733162798580981,31.141868512110726,-5.592899003135262,-6.435289044205605,-1.4866742135632838,125.0,1.149929785602147,39.2,1.3852560036265096,-2.283979290075955,0.6588886455872681
22,2.2,30.0,70.0,2.0,1.0,0.01,0.0005,0.75,8,17,178.0,0.6067531898631878,27.52808988764045,-5.51643226238275,-6.132304585694859,-1.7357912155334065,75.0,1.1498123972022254,37.333333333333336,0.8910876665097203,-2.2828337908216034,0.4797306739012829
24,2.4,25.0,75.0,1.8,1.0,0.01,0.0007,0.5,8,17,120.0,0.6712856324700934,31.666666666666664,-3.194379977564786,-4.281003637563807,-1.1821246324326722,52.0,1.1496810576224734,42.30769230769231,0.6525028974822453,-1.8066986482632053,0.40229031025381395
24,2.2,30.0,70.0,1.8,1.0,0.01,0.0005,0.5,8,17,319.0,0.8097523616907772,35.73667711598746,-4.087031325051539,-5.47108815995816,-1.0981322422127358,141.0,1.1492188685318847,43.262411347517734,1.4763347445591353,-1.5962439268402018,0.7177571896627961
12,2.2,25.0,75.0,1.5,1.0,0.01,0.0007,0.5,8,17,300.0,0.7815962541172334,39.33333333333333,-4.3856896140223585,-5.541954473210042,-1.2569944360905048,146.0,1.1491603414827325,46.57534246575342,1.4506216933254654,-1.9491614302835858,0.7520117856797013
20,2.0,25.0,75.0,1.8,1.0,0.01,0.0005,1.0,8,17,153.0,0.7701285214641425,35.294117647058826,-2.5768793633626776,-3.727941565994708,-0.8832418620900289,58.0,1.1489512313991224,41.37931034482759,0.6901483476340218,-1.728881724360809,0.4156486631812468
20,2.4,30.0,70.0,1.8,1.0,0.01,0.001,0.5,8,17,110.0,0.5768477263329987,27.27272727272727,-4.410132779761679,-5.5761243864922765,-1.5903440562618534,68.0,1.1486508613395463,41.17647058823529,0.8584018905141602,-2.0339406654306336,0.479904383282802
24,2.2,30.0,70.0,1.5,1.0,0.01,0.0007,0.75,7,18,181.0,0.7503329562976905,39.226519337016576,-3.1749238286645234,-3.830131695331751,-1.032594059267804,87.0,1.1485793756150937,48.275862068965516,0.8970901562924519,-2.7371672976213235,0.5209218918744497
10,2.2,25.0,75.0,1.8,1.0,0.01,0.0005,1.0,7,18,137.0,0.6777359936730117,33.57664233576642,-3.200490883087405,-3.7904821748713236,-1.274542388267166,52.0,1.1482778685052848,46.15384615384615,0.5638592753846933,-1.6217074579949142,0.38712481102487384
10,2.2,30.0,70.0,1.8,1.0,0.01,0.0005,1.0,7,18,137.0,0.6777359936730117,33.57664233576642,-3.200490883087405,-3.7904821748713236,-1.274542388267166,52.0,1.1482778685052848,46.15384615384615,0.5638592753846933,-1.6217074579949142,0.38712481102487384
12,2.2,25.0,75.0,1.8,1.0,0.01,0.0005,1.0,7,18,137.0,0.6777359936730117,33.57664233576642,-3.200490883087405,-3.7904821748713236,-1.274542388267166,52.0,1.1482778685052848,46.15384615384615,0.5638592753846933,-1.6217074579949142,0.38712481102487384
12,2.2,30.0,70.0,1.8,1.0,0.01,0.0005,1.0,7,18,137.0,0.6777359936730117,33.57664233576642,-3.200490883087405,-3.7904821748713236,-1.274542388267166,52.0,1.1482778685052848,46.15384615384615,0.5638592753846933,-1.6217074579949142,0.38712481102487384
14,2.2,25.0,75.0,1.8,1.0,0.01,0.0005,1.0,7,18,137.0,0.6777359936730117,33.57664233576642,-3.200490883087405,-3.7904821748713236,-1.274542388267166,52.0,1.1482778685052848,46.15384615384615,0.5638592753846933,-1.6217074579949142,0.38712481102487384
14,2.2,30.0,70.0,1.8,1.0,0.01,0.0005,1.0,7,18,137.0,0.6777359936730117,33.57664233576642,-3.200490883087405,-3.7904821748713236,-1.274542388267166,52.0,1.1482778685052848,46.15384615384615,0.5638592753846933,-1.6217074579949142,0.38712481102487384
16,2.2,25.0,75.0,1.8,1.0,0.01,0.0005,1.0,7,18,136.0,0.6697984228584968,33.088235294117645,-3.277710375119241,-3.7904821748713236,-1.3077150650907412,52.0,1.1482778685052848,46.15384615384615,0.5638592753846933,-1.6217074579949142,0.38712481102487384
16,2.2,30.0,70.0,1.8,1.0,0.01,0.0005,1.0,7,18,137.0,0.6777359936730117,33.57664233576642,-3.200490883087405,-3.7904821748713236,-1.274542388267166,52.0,1.1482778685052848,46.15384615384615,0.5638592753846933,-1.6217074579949142,0.38712481102487384
18,2.2,25.0,75.0,1.8,1.0,0.01,0.0005,1.0,7,18,132.0,0.673076705599836,33.33333333333333,-3.156703335248676,-3.670117036148801,-1.2657444657961365,52.0,1.1482778685052848,46.15384615384615,0.5638592753846933,-1.6217074579949142,0.38712481102487384
18,2.2,30.0,70.0,1.8,1.0,0.01,0.0005,1.0,7,18,137.0,0.6777359936730117,33.57664233576642,-3.200490883087405,-3.7904821748713236,-1.274542388267166,52.0,1.1482778685052848,46.15384615384615,0.5638592753846933,-1.6217074579949142,0.38712481102487384
20,2.2,30.0,70.0,1.8,1.0,0.01,0.0005,1.0,7,18,137.0,0.6777359936730117,33.57664233576642,-3.200490883087405,-3.7904821748713236,-1.274542388267166,52.0,1.1482778685052848,46.15384615384615,0.5638592753846933,-1.6217074579949142,0.38712481102487384
22,2.2,30.0,70.0,1.8,1.0,0.01,0.0005,1.0,7,18,137.0,0.6777359936730117,33.57664233576642,-3.200490883087405,-3.7904821748713236,-1.274542388267166,52.0,1.1482778685052848,46.15384615384615,0.5638592753846933,-1.6217074579949142,0.38712481102487384
24,2.2,30.0,70.0,1.8,1.0,0.01,0.0005,1.0,7,18,135.0,0.6782813799679033,33.33333333333333,-3.1558671390257405,-3.6693000687671673,-1.2497912588201459,52.0,1.1482778685052848,46.15384615384615,0.5638592753846933,-1.6217074579949142,0.38712481102487384
20,1.8,25.0,75.0,1.5,1.0,0.01,0.0007,0.75,8,17,292.0,0.7367268222774227,37.67123287671233,-5.269302796448646,-5.850601519874576,-1.4641976089445319,145.0,1.1479546884266516,46.206896551724135,1.4254861857132528,-1.8769534268969434,0.6807291557623871
22,2.4,25.0,75.0,1.5,1.0,0.01,0.001,1.0,7,18,39.0,0.23159721784180626,15.384615384615385,-3.274511850608542,-3.2745118506085413,-2.305138704063224,23.0,1.1478968174071296,47.82608695652174,0.2914651285645596,-1.0976606030721037,0.2731214915328246
22,2.4,25.0,75.0,1.5,1.0,0.01,0.0005,0.75,7,18,125.0,0.7608766470051509,40.8,-2.007039269222132,-2.803513315587758,-0.8063571069716323,52.0,1.1478406665316219,48.07692307692308,0.5210385832735482,-1.6167419457082222,0.39112268076186585
10,2.2,25.0,75.0,1.8,1.0,0.01,0.0007,0.75,7,18,190.0,0.6745730995269704,31.05263157894737,-4.739633144485724,-5.128517463433968,-1.4641454530547622,94.0,1.1474707973304337,42.5531914893617,1.0377791459444963,-3.155994379249316,0.5379999913626605
10,2.2,30.0,70.0,1.8,1.0,0.01,0.0007,0.75,7,18,190.0,0.6745730995269704,31.05263157894737,-4.739633144485724,-5.128517463433968,-1.4641454530547622,94.0,1.1474707973304337,42.5531914893617,1.0377791459444963,-3.155994379249316,0.5379999913626605
12,2.2,25.0,75.0,1.8,1.0,0.01,0.0007,0.75,7,18,188.0,0.683204636701809,31.382978723404253,-4.56046322403854,-4.950101671851536,-1.4032486848944248,94.0,1.1474707973304337,42.5531914893617,1.0377791459444963,-3.155994379249316,0.5379999913626605
12,2.2,30.0,70.0,1.8,1.0,0.01,0.0007,0.75,7,18,190.0,0.6745730995269704,31.05263157894737,-4.739633144485724,-5.128517463433968,-1.4641454530547622,94.0,1.1474707973304337,42.5531914893617,1.0377791459444963,-3.155994379249316,0.5379999913626605
14,2.2,30.0,70.0,1.8,1.0,0.01,0.0007,0.75,7,18,190.0,0.6745730995269704,31.05263157894737,-4.739633144485724,-5.128517463433968,-1.4641454530547622,94.0,1.1474707973304337,42.5531914893617,1.0377791459444963,-3.155994379249316,0.5379999913626605
16,2.2,30.0,70.0,1.8,1.0,0.01,0.0007,0.75,7,18,190.0,0.6745730995269704,31.05263157894737,-4.739633144485724,-5.128517463433968,-1.4641454530547622,94.0,1.1474707973304337,42.5531914893617,1.0377791459444963,-3.155994379249316,0.5379999913626605
20,1.8,25.0,75.0,1.5,1.0,0.01,0.001,0.75,8,17,158.0,0.6403743723547097,33.54430379746836,-4.888010053819981,-5.330704528804819,-1.5074983122893122,101.0,1.1473437188696927,45.54455445544555,1.1311961824901118,-1.8649852703526815,0.5647930775000652
20,2.2,25.0,75.0,2.0,1.0,0.01,0.0007,0.75,8,17,139.0,0.5937884088504002,26.618705035971225,-4.761162767356145,-5.5271960270737335,-1.6056568469562957,64.0,1.147278869677943,39.0625,0.7768051675889547,-2.0468979481045313,0.4427588825117871
22,2.0,30.0,70.0,1.5,1.0,0.01,0.001,0.75,8,17,142.0,0.5816919910479137,31.690140845070424,-5.324989371081173,-5.894203282504096,-1.794580470311715,82.0,1.146718906988283,45.1219512195122,0.9316778723532662,-1.8517916735869777,0.5507529617564955
24,2.0,30.0,70.0,1.5,1.0,0.01,0.001,0.75,8,17,139.0,0.5974545244870207,32.37410071942446,-4.998372784100793,-5.569553466421551,-1.6703149908886448,82.0,1.146718906988283,45.1219512195122,0.9316778723532662,-1.8517916735869777,0.5507529617564955
24,2.0,25.0,75.0,1.8,1.0,0.01,0.0005,0.75,8,17,195.0,0.7152787689631597,33.84615384615385,-4.023479919113634,-4.682422109005735,-1.2607256843571069,75.0,1.1463262941103134,40.0,0.8580383276564679,-1.3353265485496535,0.4961818612588822
22,2.4,30.0,70.0,1.8,1.0,0.01,0.0005,0.75,7,18,150.0,0.7417291827030472,34.66666666666667,-2.7636727866455293,-3.662849002620716,-0.9944131991799315,63.0,1.1458623268198362,44.44444444444444,0.6373260698288504,-1.5458197777891147,0.42394062782362235
10,2.0,25.0,75.0,1.8,1.0,0.01,0.0007,0.75,7,18,317.0,0.7566298177997381,33.753943217665615,-5.515884528037459,-6.0508787207114505,-1.4167470122615748,163.0,1.1454651105664289,41.717791411042946,1.6816620782751126,-2.533805893555263,0.7121129091117177
10,2.0,30.0,70.0,1.8,1.0,0.01,0.0007,0.75,7,18,317.0,0.7566298177997381,33.753943217665615,-5.515884528037459,-6.0508787207114505,-1.4167470122615748,163.0,1.1454651105664289,41.717791411042946,1.6816620782751126,-2.533805893555263,0.7121129091117177
12,2.0,30.0,70.0,1.8,1.0,0.01,0.0007,0.75,7,18,317.0,0.7566298177997381,33.753943217665615,-5.515884528037459,-6.0508787207114505,-1.4167470122615748,163.0,1.1454651105664289,41.717791411042946,1.6816620782751126,-2.533805893555263,0.7121129091117177
14,2.0,30.0,70.0,1.8,1.0,0.01,0.0007,0.75,7,18,317.0,0.7566298177997381,33.753943217665615,-5.515884528037459,-6.0508787207114505,-1.4167470122615748,163.0,1.1454651105664289,41.717791411042946,1.6816620782751126,-2.533805893555263,0.7121129091117177
16,2.0,30.0,70.0,1.8,1.0,0.01,0.0007,0.75,7,18,317.0,0.7566298177997381,33.753943217665615,-5.515884528037459,-6.0508787207114505,-1.4167470122615748,163.0,1.1454651105664289,41.717791411042946,1.6816620782751126,-2.533805893555263,0.7121129091117177
22,2.4,30.0,70.0,1.5,1.0,0.01,0.0007,0.5,8,17,182.0,0.6654926593417683,36.26373626373626,-4.465806228897072,-5.056595158138322,-1.5719234183890791,89.0,1.1452696706086622,47.19101123595505,0.9013694379180743,-2.5368258483666417,0.537266341316966
20,1.8,25.0,75.0,1.5,1.0,0.01,0.0007,1.0,7,18,234.0,0.7619291444540948,39.31623931623932,-3.82492036183432,-4.252841477071689,-1.13074052925922,116.0,1.1452349457244768,47.41379310344828,1.1320120201867758,-1.9064642453154756,0.647640193974465
22,2.2,25.0,75.0,1.5,1.0,0.01,0.0007,0.75,8,17,127.0,0.7119353483584976,38.582677165354326,-2.723037551890066,-3.501305227733853,-1.0596753476075682,57.0,1.144948087383706,47.368421052631575,0.6224926560369568,-1.9257701389677861,0.41111716651245
22,2.2,25.0,75.0,2.0,1.0,0.01,0.0005,0.5,7,18,270.0,0.7622881697273906,32.592592592592595,-4.509784518582092,-5.0738004544510495,-1.256338120431554,126.0,1.1448936566098713,39.682539682539684,1.3248298991723824,-1.3435173590554905,0.6146979838080474
20,2.0,25.0,75.0,1.5,1.0,0.01,0.0007,1.0,7,18,162.0,0.8295372599371887,41.358024691358025,-1.9042748982346893,-3.3493327346023505,-0.6530328409060675,68.0,1.144701894216093,48.529411764705884,0.7109559565992276,-2.5496369780565242,0.44419004610563045
20,2.0,30.0,70.0,1.8,1.0,0.01,0.0005,0.75,7,18,390.0,0.7958399816772056,35.8974358974359,-5.130904617229062,-5.731541325654865,-1.270688773435931,192.0,1.1446023266394998,41.66666666666667,1.8029597395798735,-2.57432260772662,0.758628467768969
14,2.4,25.0,75.0,2.0,1.0,0.01,0.0007,0.5,8,17,181.0,0.5958902288308697,26.519337016574585,-6.029648387074213,-6.926160659515956,-1.8971378347698946,90.0,1.1435242561042782,38.88888888888889,1.020041452674468,-2.799034675955059,0.5274550889527067
20,2.2,25.0,75.0,1.8,1.0,0.01,0.0007,1.0,7,18,107.0,0.6279993424255292,29.906542056074763,-3.205424861390311,-3.612202387213981,-1.3050154624340924,43.0,1.1435156724739342,46.51162790697674,0.4991331500730303,-1.621751443315278,0.3538365003486294
20,2.2,25.0,75.0,2.0,1.0,0.01,0.0005,0.5,7,18,314.0,0.7704729853867307,32.48407643312102,-4.944531178629732,-6.211167279171914,-1.3047812239499947,153.0,1.143376984664942,40.52287581699346,1.5510128225131667,-1.287975177182299,0.6823296323932545
22,2.4,25.0,75.0,2.0,1.0,0.01,0.001,0.75,8,17,60.0,0.5632316051473906,23.333333333333332,-2.655802363710336,-3.420395022007927,-1.1833651334386321,32.0,1.1431982276953307,40.625,0.4288127513446852,-0.9465303381983592,0.3209230398033795
24,1.8,25.0,75.0,1.8,1.0,0.01,0.001,0.5,8,17,153.0,0.7291335362872319,32.02614379084967,-3.6932374486480333,-4.556907301556179,-1.0606087854125612,100.0,1.1428127749613244,41.0,1.2071241928508243,-1.8912334855685442,0.5754091283202903
20,2.0,30.0,70.0,1.8,1.0,0.01,0.001,0.75,7,18,159.0,0.6532203834949443,29.559748427672954,-5.0272635239946615,-5.81492219941765,-1.5145101728485493,106.0,1.1423254600426218,40.56603773584906,1.2447171999147213,-1.8305140960239608,0.5853579289230769
22,2.0,25.0,75.0,1.5,1.0,0.01,0.0005,1.0,8,17,145.0,0.7851891966169791,41.37931034482759,-2.122174535382328,-3.446031421508633,-0.8345717534788966,54.0,1.1422937807652809,46.2962962962963,0.5778964505603471,-1.771650222084542,0.3853964420681134
24,2.2,25.0,75.0,1.8,1.0,0.01,0.0007,0.75,8,17,116.0,0.6746281233332033,31.896551724137932,-3.0573911806784415,-4.064684525995677,-1.1203934718133473,50.0,1.1422909220244108,42.0,0.6046772475346551,-1.853355793614364,0.37709517752104393
14,1.8,25.0,75.0,1.5,1.0,0.01,0.0007,0.75,8,17,378.0,0.7390068441224701,37.56613756613756,-6.536461826877112,-7.179499150312719,-1.6943611352035588,198.0,1.142042289806194,46.464646464646464,1.802658914338117,-2.0258164152858082,0.7957424434135861
18,2.2,25.0,75.0,1.8,1.0,0.01,0.0007,0.75,7,18,173.0,0.6657096514385473,30.63583815028902,-4.487624627006426,-4.877511195924489,-1.412805889934086,85.0,1.1420204829257254,43.529411764705884,0.9160889052032144,-2.6191527855889074,0.48894659243062366
20,1.8,25.0,75.0,1.5,1.0,0.01,0.0005,1.0,7,18,290.0,0.7967418644741264,41.37931034482759,-3.629424215819963,-4.198409727344899,-1.0401249475241674,134.0,1.1417688332587888,47.76119402985074,1.190245791246125,-1.986770033555807,0.6741820585248429
14,2.0,25.0,75.0,2.0,1.0,0.01,0.0007,0.75,7,18,301.0,0.7248150995828848,30.23255813953488,-6.209460409636413,-7.222967005576619,-1.5823908650810483,156.0,1.1416921296032072,38.46153846153847,1.6449652211069223,-2.861226827492891,0.6725593432937608
18,2.2,30.0,70.0,1.5,1.0,0.01,0.0005,0.75,7,18,236.0,0.7387402680671854,39.40677966101695,-3.9223690202985746,-4.452329581873715,-1.242597728497025,110.0,1.141626791782103,46.36363636363636,0.9908894223779863,-2.9032116595345547,0.5571446359225328
22,2.0,25.0,75.0,2.0,1.0,0.01,0.001,0.75,8,17,111.0,0.5189026111647693,22.52252252252252,-5.433925945110422,-5.49709290485767,-1.85663595929635,63.0,1.1414396886650482,36.507936507936506,0.8013974464980129,-1.1807750548166185,0.4517304392009579
24,1.8,30.0,70.0,2.0,1.0,0.01,0.001,1.0,7,18,144.0,0.5998162751358618,25.0,-5.4998375316451895,-6.020150229085209,-1.6297667339548543,88.0,1.1412893896086473,37.5,1.078522799614693,-1.0537985391020688,0.5574227402760363
12,2.2,25.0,75.0,1.8,1.0,0.01,0.0007,0.5,8,17,300.0,0.7481208104486342,33.33333333333333,-5.46931828798175,-6.745271639141059,-1.4838842694521654,146.0,1.1412175896041439,41.78082191780822,1.4958452857509474,-1.3974969048682229,0.6960292132955119
20,2.0,25.0,75.0,1.8,1.0,0.01,0.001,0.5,8,17,158.0,0.750059097455243,32.278481012658226,-3.4574130308385977,-4.561241953921524,-1.0610452564531003,99.0,1.1411802385588223,40.4040404040404,1.1551280119362672,-1.3675491088181446,0.567095626067193
10,2.2,25.0,75.0,2.0,1.0,0.01,0.0005,0.75,8,17,183.0,0.5896963118382109,26.775956284153008,-5.909005761208573,-6.522326526840327,-1.865111130888559,78.0,1.1407289437438481,37.17948717948718,0.8719155063690414,-2.5868134714509106,0.4613608074227815
10,2.2,30.0,70.0,2.0,1.0,0.01,0.0005,0.75,8,17,183.0,0.5896963118382109,26.775956284153008,-5.909005761208573,-6.522326526840327,-1.865111130888559,78.0,1.1407289437438481,37.17948717948718,0.8719155063690414,-2.5868134714509106,0.4613608074227815
12,2.2,25.0,75.0,2.0,1.0,0.01,0.0005,0.75,8,17,180.0,0.5998860462258069,27.22222222222222,-5.671933655463672,-6.286792803411134,-1.7837764836625658,78.0,1.1407289437438481,37.17948717948718,0.8719155063690414,-2.5868134714509106,0.4613608074227815
12,2.2,30.0,70.0,2.0,1.0,0.01,0.0005,0.75,8,17,183.0,0.5896963118382109,26.775956284153008,-5.909005761208573,-6.522326526840327,-1.865111130888559,78.0,1.1407289437438481,37.17948717948718,0.8719155063690414,-2.5868134714509106,0.4613608074227815
14,2.2,30.0,70.0,2.0,1.0,0.01,0.0005,0.75,8,17,183.0,0.5896963118382109,26.775956284153008,-5.909005761208573,-6.522326526840327,-1.865111130888559,78.0,1.1407289437438481,37.17948717948718,0.8719155063690414,-2.5868134714509106,0.4613608074227815
16,2.2,30.0,70.0,2.0,1.0,0.01,0.0005,0.75,8,17,183.0,0.5896963118382109,26.775956284153008,-5.909005761208573,-6.522326526840327,-1.865111130888559,78.0,1.1407289437438481,37.17948717948718,0.8719155063690414,-2.5868134714509106,0.4613608074227815
16,2.2,25.0,75.0,2.0,1.0,0.01,0.0005,0.5,8,17,317.0,0.7894437300021414,33.12302839116719,-4.662762214554477,-5.735975747388011,-1.2366178518846065,141.0,1.1401164620502529,39.71631205673759,1.4258074095039592,-1.9358747229207496,0.6457600278941942
16,2.0,25.0,75.0,1.5,1.0,0.01,0.001,0.75,8,17,138.0,0.5829733612013378,31.88405797101449,-5.177082973582474,-5.747197313241992,-1.7482349936370027,80.0,1.1398468616752113,45.0,0.8660577800192915,-1.7024650906356409,0.5120061294388214
24,2.2,25.0,75.0,2.0,1.0,0.01,0.0007,0.75,8,17,116.0,0.6988272281074805,30.17241379310345,-2.8986165884678847,-3.6919671164945655,-1.0206037153008396,50.0,1.1397917837900933,38.0,0.6202210830532203,-1.949997990161656,0.37291793331435247
24,2.4,25.0,75.0,2.0,1.0,0.01,0.0007,0.75,8,17,82.0,0.697131040090323,29.268292682926827,-2.117120174089687,-2.8420997671334436,-0.8818440911907124,32.0,1.139610000698162,40.625,0.41091677442516816,-1.2206933636064399,0.31052908838329685
12,2.2,25.0,75.0,1.5,1.0,0.01,0.001,0.5,8,17,154.0,0.6765480899689204,35.064935064935064,-4.252534635654466,-5.238637871392826,-1.3791529646641727,99.0,1.139191564850118,45.45454545454545,1.0629517628887153,-1.646855016705373,0.6010278878480895
18,1.8,25.0,75.0,1.8,1.0,0.01,0.001,1.0,7,18,139.0,0.6307391767993773,28.776978417266186,-4.70140611681154,-5.369745586362984,-1.4595588160282469,86.0,1.139033632568011,40.69767441860465,0.9956906599064314,-1.1264751411787954,0.5392649603892307
16,2.4,25.0,75.0,1.8,1.0,0.01,0.0005,0.75,7,18,148.0,0.7423644005850841,34.45945945945946,-2.727546535095516,-3.5501358937595873,-0.983968036047994,63.0,1.1388950684911912,44.44444444444444,0.6100750140109449,-1.6300861339172634,0.40555550912121163
20,2.2,25.0,75.0,1.8,1.0,0.01,0.001,0.75,8,17,87.0,0.5880165723278725,27.586206896551722,-3.4342952287272057,-4.383210437945884,-1.2769234663278233,51.0,1.1388664345054083,41.17647058823529,0.6170540542183699,-1.844246120849502,0.36955827097080635
14,2.2,25.0,75.0,1.8,1.0,0.01,0.0005,0.75,7,18,228.0,0.7092233761520325,33.33333333333333,-4.595274190468208,-5.098204731185874,-1.395100464273745,108.0,1.1387995592654194,41.66666666666667,1.0382919855175714,-2.8537707993719352,0.5364584110623518
24,2.0,25.0,75.0,1.5,1.0,0.01,0.001,1.0,8,17,73.0,0.613278852513756,32.87671232876712,-2.6113961834334987,-3.4052259072688162,-1.1598724161790857,42.0,1.1384771697790441,45.23809523809524,0.4862787308265433,-1.8811189027091335,0.33477694461800267
16,2.4,25.0,75.0,1.5,1.0,0.01,0.0005,0.5,8,17,197.0,0.6971558916702432,38.07106598984771,-4.113472340585831,-4.926190623951321,-1.446183643982292,93.0,1.138455394198698,47.31182795698925,0.8650279261288233,-2.3198589118152535,0.5045355491472975
24,2.4,25.0,75.0,1.5,1.0,0.01,0.0007,0.5,7,18,139.0,0.748462492524036,39.568345323741006,-2.51620663200516,-3.12212550089197,-0.9466056243442793,60.0,1.1381773928151562,48.333333333333336,0.6258439963273305,-2.3517487490612443,0.4030534187375845
20,2.4,30.0,70.0,1.8,1.0,0.01,0.0007,0.5,7,18,223.0,0.6982723577136699,31.838565022421523,-5.004209015100533,-5.383680133032287,-1.5033098226680146,110.0,1.13803085897953,42.72727272727273,1.1249221830614442,-3.110153286417061,0.5594682545537175
16,2.4,25.0,75.0,1.5,1.0,0.01,0.001,0.75,7,18,78.0,0.5924230450637422,30.76923076923077,-2.860623760791204,-3.416192810608587,-1.2741677147665627,39.0,1.13779864931057,48.717948717948715,0.43266957411751716,-1.5656577658799575,0.33057066941409985
18,2.4,25.0,75.0,1.5,1.0,0.01,0.001,0.75,7,18,75.0,0.5544208378378145,29.333333333333332,-3.06985355233277,-3.6242275842110816,-1.3872207346266299,39.0,1.13779864931057,48.717948717948715,0.43266957411751716,-1.5656577658799575,0.33057066941409985
22,2.4,30.0,70.0,1.5,1.0,0.01,0.001,0.75,7,18,79.0,0.5828360210928409,30.37974683544304,-2.9740538809202373,-3.528986858626615,-1.3221455603227252,39.0,1.13779864931057,48.717948717948715,0.43266957411751716,-1.5656577658799575,0.33057066941409985
24,2.4,30.0,70.0,1.5,1.0,0.01,0.001,0.75,7,18,77.0,0.6031087561322424,31.16883116883117,-2.7383402651804682,-3.294627053018251,-1.2111263504386183,39.0,1.13779864931057,48.717948717948715,0.43266957411751716,-1.5656577658799575,0.33057066941409985
18,2.2,25.0,75.0,2.0,1.0,0.01,0.001,0.75,8,17,92.0,0.4436836195483227,19.565217391304348,-5.309835031291513,-5.865008301957042,-1.9155044368737655,54.0,1.137749752932637,37.03703703703704,0.6758982732644108,-1.729029340945487,0.3833369873985299
24,2.0,25.0,75.0,1.5,1.0,0.01,0.001,0.5,8,17,132.0,0.7161938775663108,35.60606060606061,-3.1575672612085692,-3.648335925766044,-1.0716099634579712,76.0,1.1373264042603648,44.73684210526316,0.819832139338123,-1.75324161855831,0.5095367408470758
20,2.4,25.0,75.0,1.5,1.0,0.01,0.0007,0.5,8,17,150.0,0.7080916555779259,38.0,-3.2019511153244458,-4.0157657199802355,-1.1981364159060912,73.0,1.1372196639013938,47.94520547945205,0.7179145857368349,-2.0311343792589587,0.44898499427651395
20,2.0,25.0,75.0,1.5,1.0,0.01,0.0007,0.5,8,17,287.0,0.7692235235329813,38.32752613240418,-4.500976990806375,-5.597708930816547,-1.2910227451554832,145.0,1.1369466135083621,45.51724137931035,1.315288123932878,-1.890863050701752,0.6407313609584889
18,2.2,30.0,70.0,1.5,1.0,0.01,0.001,0.5,8,17,156.0,0.6787101949116146,35.256410256410255,-4.2824282961607425,-5.268245671754612,-1.376178436308985,99.0,1.1367556199116948,45.45454545454545,1.046236511887055,-1.646936438581037,0.592046380358371
14,2.0,25.0,75.0,2.0,1.0,0.01,0.001,0.75,7,18,154.0,0.6080734684700302,25.324675324675322,-5.752854771959319,-6.512505062028984,-1.712170120249686,104.0,1.136335391901721,37.5,1.2241436152893037,-1.8107035010576422,0.5563091385956798
18,2.4,25.0,75.0,2.0,1.0,0.01,0.0005,0.5,8,17,182.0,0.6274859109366053,28.57142857142857,-5.298515126894108,-6.064304062364057,-1.694975999032493,85.0,1.1362638314664677,38.82352941176471,0.9020693241708795,-2.0888867816344026,0.47828438719333743
14,2.4,25.0,75.0,2.0,1.0,0.01,0.0005,0.5,8,17,205.0,0.6154000022169548,27.80487804878049,-6.094648350441657,-7.054584894031624,-1.8882461080898254,98.0,1.135546919955548,38.775510204081634,1.0065188899150599,-2.854420353696696,0.5089263932950937
24,1.8,25.0,75.0,1.8,1.0,0.01,0.001,0.75,8,17,132.0,0.6944745624503723,30.303030303030305,-3.6655880485239143,-4.057758370016917,-1.138912998997548,78.0,1.1354932759152903,39.743589743589745,0.8996055801340299,-1.5801734521841082,0.4940020111060897
24,2.4,25.0,75.0,1.5,1.0,0.01,0.001,0.5,8,17,75.0,0.5513378297400201,30.666666666666664,-3.177169743725408,-3.9900639141414618,-1.3827147432018645,46.0,1.1354672805086463,45.65217391304348,0.5109603605793928,-2.015259216934129,0.3454966435342219
20,2.0,30.0,70.0,2.0,1.0,0.01,0.0007,0.75,7,18,312.0,0.7278062679375086,30.448717948717945,-6.3552500550644435,-7.152541526141032,-1.5758274818754934,158.0,1.1354253686392644,38.607594936708864,1.5940276019046722,-2.999400006934938,0.6537573321331321
10,2.4,25.0,75.0,1.8,1.0,0.01,0.0005,1.0,7,18,77.0,0.5538601941110088,29.87012987012987,-2.7433936460261066,-2.994516394536273,-1.45232467162986,31.0,1.1353382863991803,41.935483870967744,0.34163058693360654,-1.1812157750211383,0.2854293961745696
10,2.4,30.0,70.0,1.8,1.0,0.01,0.0005,1.0,7,18,77.0,0.5538601941110088,29.87012987012987,-2.7433936460261066,-2.994516394536273,-1.45232467162986,31.0,1.1353382863991803,41.935483870967744,0.34163058693360654,-1.1812157750211383,0.2854293961745696
12,2.4,25.0,75.0,1.8,1.0,0.01,0.0005,1.0,7,18,77.0,0.5538601941110088,29.87012987012987,-2.7433936460261066,-2.994516394536273,-1.45232467162986,31.0,1.1353382863991803,41.935483870967744,0.34163058693360654,-1.1812157750211383,0.2854293961745696
12,2.4,30.0,70.0,1.8,1.0,0.01,0.0005,1.0,7,18,77.0,0.5538601941110088,29.87012987012987,-2.7433936460261066,-2.994516394536273,-1.45232467162986,31.0,1.1353382863991803,41.935483870967744,0.34163058693360654,-1.1812157750211383,0.2854293961745696
14,2.4,25.0,75.0,1.8,1.0,0.01,0.0005,1.0,7,18,77.0,0.5538601941110088,29.87012987012987,-2.7433936460261066,-2.994516394536273,-1.45232467162986,31.0,1.1353382863991803,41.935483870967744,0.34163058693360654,-1.1812157750211383,0.2854293961745696
14,2.4,30.0,70.0,1.8,1.0,0.01,0.0005,1.0,7,18,77.0,0.5538601941110088,29.87012987012987,-2.7433936460261066,-2.994516394536273,-1.45232467162986,31.0,1.1353382863991803,41.935483870967744,0.34163058693360654,-1.1812157750211383,0.2854293961745696
16,2.4,25.0,75.0,1.8,1.0,0.01,0.0005,1.0,7,18,77.0,0.5538601941110088,29.87012987012987,-2.7433936460261066,-2.994516394536273,-1.45232467162986,31.0,1.1353382863991803,41.935483870967744,0.34163058693360654,-1.1812157750211383,0.2854293961745696
16,2.4,30.0,70.0,1.8,1.0,0.01,0.0005,1.0,7,18,77.0,0.5538601941110088,29.87012987012987,-2.7433936460261066,-2.994516394536273,-1.45232467162986,31.0,1.1353382863991803,41.935483870967744,0.34163058693360654,-1.1812157750211383,0.2854293961745696
18,2.4,25.0,75.0,1.8,1.0,0.01,0.0005,1.0,7,18,77.0,0.5538601941110088,29.87012987012987,-2.7433936460261066,-2.994516394536273,-1.45232467162986,31.0,1.1353382863991803,41.935483870967744,0.34163058693360654,-1.1812157750211383,0.2854293961745696
18,2.4,30.0,70.0,1.8,1.0,0.01,0.0005,1.0,7,18,77.0,0.5538601941110088,29.87012987012987,-2.7433936460261066,-2.994516394536273,-1.45232467162986,31.0,1.1353382863991803,41.935483870967744,0.34163058693360654,-1.1812157750211383,0.2854293961745696
20,2.4,25.0,75.0,1.8,1.0,0.01,0.0005,1.0,7,18,75.0,0.5785669203501037,30.666666666666664,-2.4845788101704964,-2.7363648844610955,-1.327122738557073,31.0,1.1353382863991803,41.935483870967744,0.34163058693360654,-1.1812157750211383,0.2854293961745696
20,2.4,30.0,70.0,1.8,1.0,0.01,0.0005,1.0,7,18,77.0,0.5538601941110088,29.87012987012987,-2.7433936460261066,-2.994516394536273,-1.45232467162986,31.0,1.1353382863991803,41.935483870967744,0.34163058693360654,-1.1812157750211383,0.2854293961745696
22,2.4,30.0,70.0,1.8,1.0,0.01,0.0005,1.0,7,18,77.0,0.5538601941110088,29.87012987012987,-2.7433936460261066,-2.994516394536273,-1.45232467162986,31.0,1.1353382863991803,41.935483870967744,0.34163058693360654,-1.1812157750211383,0.2854293961745696
24,2.4,30.0,70.0,1.8,1.0,0.01,0.0005,1.0,7,18,77.0,0.5538601941110088,29.87012987012987,-2.7433936460261066,-2.994516394536273,-1.45232467162986,31.0,1.1353382863991803,41.935483870967744,0.34163058693360654,-1.1812157750211383,0.2854293961745696
22,2.4,25.0,75.0,1.8,1.0,0.01,0.001,0.75,8,17,60.0,0.5419489346207877,25.0,-2.7339916828451534,-3.40043270093493,-1.2648884631582384,32.0,1.1352073366179194,43.75,0.3889309457568197,-1.0984566785204986,0.2931489761178026
18,2.0,25.0,75.0,1.5,1.0,0.01,0.0007,1.0,7,18,170.0,0.8221023154919826,41.17647058823529,-2.083678249446948,-3.5273951626167976,-0.7039813424091699,72.0,1.1351191222434598,48.61111111111111,0.69353903739393,-2.5496456177271365,0.42931213744759894
22,2.0,30.0,70.0,1.5,1.0,0.01,0.0007,1.0,7,18,175.0,0.8275235239521496,41.14285714285714,-2.0775164155650963,-3.5178595403261292,-0.6940070678155377,72.0,1.1351191222434598,48.61111111111111,0.69353903739393,-2.5496456177271365,0.42931213744759894
24,2.0,30.0,70.0,1.5,1.0,0.01,0.0007,1.0,7,18,173.0,0.8444768854739522,41.61849710982659,-1.8395744677824586,-3.2939881417551886,-0.612333003193891,72.0,1.1351191222434598,48.61111111111111,0.69353903739393,-2.5496456177271365,0.42931213744759894
22,2.0,25.0,75.0,1.5,1.0,0.01,0.0007,0.5,8,17,249.0,0.7555149031184503,38.152610441767074,-4.24984869223119,-4.882893577595892,-1.309857721002814,119.0,1.134976933697777,45.378151260504204,1.102118417218444,-1.7666401141045562,0.5736548821015639
16,1.8,25.0,75.0,1.5,1.0,0.01,0.0005,1.0,7,18,325.0,0.803459111143872,41.23076923076923,-3.908203265377942,-4.071383333532264,-1.0716271179478296,156.0,1.134864551604568,46.794871794871796,1.2862820558959174,-2.217236069705242,0.6741474397627089
18,2.2,25.0,75.0,2.0,1.0,0.01,0.001,0.5,8,17,135.0,0.6026394800296936,25.925925925925924,-5.18274482845396,-6.041890823853013,-1.659656974256149,81.0,1.1346848553235136,37.03703703703704,0.9629146708920961,-0.9277886141909053,0.4924015522394419
20,2.2,30.0,70.0,1.5,1.0,0.01,0.001,0.5,8,17,152.0,0.684597546619159,35.526315789473685,-4.105491491082976,-5.093134756803774,-1.3258483405238792,97.0,1.1344341319236835,45.36082474226804,1.0041614147335893,-1.6468993686695632,0.5661942210351187
18,2.0,25.0,75.0,1.8,1.0,0.01,0.0007,0.75,7,18,268.0,0.7643889750655446,34.32835820895522,-4.590954755483235,-5.560211341517929,-1.2433503518967175,137.0,1.134407465845259,42.33576642335766,1.3161408075523469,-1.9441921770619652,0.6056397568405693
22,2.2,30.0,70.0,1.8,1.0,0.01,0.0007,0.75,7,18,187.0,0.6877908990713659,31.550802139037433,-4.466977220180706,-4.85697963907098,-1.378171059709399,89.0,1.1342782365642858,42.69662921348314,0.8975916427298761,-2.853747141890417,0.4729857675308789
24,2.2,25.0,75.0,1.5,1.0,0.01,0.0007,1.0,7,18,94.0,0.6935135769525765,38.297872340425535,-2.1339249387502788,-2.481049689533521,-0.9610509255258569,36.0,1.1342417873609405,50.0,0.38274784248396826,-1.693575552976423,0.3030379218486035
24,2.2,25.0,75.0,1.5,1.0,0.01,0.001,0.75,8,17,73.0,0.536854767790911,30.136986301369863,-3.2155545899024767,-3.9279066937638496,-1.3751332247861365,44.0,1.1338694161505303,45.45454545454545,0.4906802366541524,-2.035029624845208,0.3337214447217088
10,2.0,25.0,75.0,1.8,1.0,0.01,0.0007,1.0,7,18,175.0,0.7780140538930954,33.714285714285715,-2.9219142210719293,-4.074943822661636,-0.9229796289038409,74.0,1.1331228118856986,43.24324324324324,0.7592804253130089,-2.5236398675186456,0.4304766010207791
10,2.0,30.0,70.0,1.8,1.0,0.01,0.0007,1.0,7,18,175.0,0.7780140538930954,33.714285714285715,-2.9219142210719293,-4.074943822661636,-0.9229796289038409,74.0,1.1331228118856986,43.24324324324324,0.7592804253130089,-2.5236398675186456,0.4304766010207791
12,2.0,25.0,75.0,1.8,1.0,0.01,0.0007,1.0,7,18,175.0,0.7780140538930954,33.714285714285715,-2.9219142210719293,-4.074943822661636,-0.9229796289038409,74.0,1.1331228118856986,43.24324324324324,0.7592804253130089,-2.5236398675186456,0.4304766010207791
12,2.0,30.0,70.0,1.8,1.0,0.01,0.0007,1.0,7,18,175.0,0.7780140538930954,33.714285714285715,-2.9219142210719293,-4.074943822661636,-0.9229796289038409,74.0,1.1331228118856986,43.24324324324324,0.7592804253130089,-2.5236398675186456,0.4304766010207791
14,2.0,25.0,75.0,1.8,1.0,0.01,0.0007,1.0,7,18,175.0,0.7780140538930954,33.714285714285715,-2.9219142210719293,-4.074943822661636,-0.9229796289038409,74.0,1.1331228118856986,43.24324324324324,0.7592804253130089,-2.5236398675186456,0.4304766010207791
14,2.0,30.0,70.0,1.8,1.0,0.01,0.0007,1.0,7,18,175.0,0.7780140538930954,33.714285714285715,-2.9219142210719293,-4.074943822661636,-0.9229796289038409,74.0,1.1331228118856986,43.24324324324324,0.7592804253130089,-2.5236398675186456,0.4304766010207791
16,2.0,30.0,70.0,1.8,1.0,0.01,0.0007,1.0,7,18,175.0,0.7780140538930954,33.714285714285715,-2.9219142210719293,-4.074943822661636,-0.9229796289038409,74.0,1.1331228118856986,43.24324324324324,0.7592804253130089,-2.5236398675186456,0.4304766010207791
18,2.0,30.0,70.0,1.8,1.0,0.01,0.0007,1.0,7,18,175.0,0.7780140538930954,33.714285714285715,-2.9219142210719293,-4.074943822661636,-0.9229796289038409,74.0,1.1331228118856986,43.24324324324324,0.7592804253130089,-2.5236398675186456,0.4304766010207791
20,2.0,30.0,70.0,1.8,1.0,0.01,0.0007,1.0,7,18,175.0,0.7780140538930954,33.714285714285715,-2.9219142210719293,-4.074943822661636,-0.9229796289038409,74.0,1.1331228118856986,43.24324324324324,0.7592804253130089,-2.5236398675186456,0.4304766010207791
22,2.4,30.0,70.0,1.5,1.0,0.01,0.0005,0.5,8,17,206.0,0.6812481194379852,37.37864077669903,-4.516861877074953,-5.326200520168056,-1.5672301917026101,96.0,1.132974705852458,46.875,0.8596919344362686,-2.536819525541556,0.50124176176393
18,1.8,25.0,75.0,1.5,1.0,0.01,0.0007,0.75,8,17,322.0,0.7367955250431265,37.577639751552795,-5.781358706330812,-6.188055422171712,-1.543729983344036,164.0,1.1321846009994154,46.34146341463415,1.411133835521796,-2.1191390443207947,0.6468959608727413
20,1.8,25.0,75.0,2.0,1.0,0.01,0.0007,1.0,7,18,234.0,0.681211556756239,29.059829059829063,-5.809686411569547,-6.24138021294659,-1.6007266403901217,116.0,1.1321030153150653,38.793103448275865,1.172710341764232,-1.5648012111728726,0.5805661579283705
24,1.8,25.0,75.0,2.0,1.0,0.01,0.0007,1.0,7,18,192.0,0.7379457972194061,30.729166666666668,-3.9372138380799697,-4.67499740672287,-1.1531063891920004,88.0,1.131947033127723,37.5,0.9420991468067951,-1.8823605103100882,0.5120260186042199
22,2.0,25.0,75.0,1.8,1.0,0.01,0.001,0.75,8,17,111.0,0.5415045663269135,26.126126126126124,-5.000062297890199,-5.455605312042222,-1.7413384478754983,63.0,1.1319131627224852,39.682539682539684,0.7178408600099465,-1.1169455679842843,0.41969858525857734
12,2.0,25.0,75.0,1.8,1.0,0.01,0.0007,0.75,7,18,314.0,0.7705532016773751,34.07643312101911,-5.118730883208591,-5.874111148771355,-1.3148352263768808,162.0,1.131893318257652,41.358024691358025,1.5214247909847471,-2.533862855433966,0.6466625514740747
16,2.2,25.0,75.0,1.8,1.0,0.01,0.0007,0.75,7,18,181.0,0.6898010941088419,31.491712707182316,-4.32429426002489,-4.714833153703568,-1.3447564191990518,89.0,1.1317176177568478,42.69662921348314,0.8821390138002061,-2.7854411236619137,0.46474616109177574
14,2.0,25.0,75.0,1.5,1.0,0.01,0.001,0.5,8,17,195.0,0.7158651074253061,35.38461538461539,-4.562029964467857,-5.198749000327552,-1.3483082067906949,130.0,1.1314622551639562,45.38461538461539,1.2659621333418363,-1.8399511239511335,0.6264689456121896
18,2.2,25.0,75.0,1.5,1.0,0.01,0.0007,0.75,7,18,173.0,0.7355686161930811,38.72832369942196,-3.2381731655242767,-3.9393311568676426,-1.0774484161642954,85.0,1.1313879677034218,48.23529411764706,0.7825225734936794,-2.6686934499914106,0.45795028813928323
24,1.8,25.0,75.0,2.0,1.0,0.01,0.0005,1.0,7,18,235.0,0.7619679240819797,32.340425531914896,-3.9619387869220914,-4.570725935696673,-1.1268035515331114,102.0,1.1305232660856592,38.23529411764706,1.002865060955355,-1.8066311386141343,0.5390933162114796
22,2.2,30.0,70.0,1.8,1.0,0.01,0.0005,0.5,8,17,337.0,0.81383509989284,35.90504451038576,-4.175945977482206,-5.689975946534631,-1.11303665485908,148.0,1.1304534008949187,42.567567567567565,1.3387096476074658,-1.8164768307597168,0.6430159757266147
24,2.4,30.0,70.0,1.5,1.0,0.01,0.0005,0.5,8,17,195.0,0.6947960031760506,37.94871794871795,-4.117041253654552,-4.924714517311202,-1.4432274621182193,92.0,1.1299191430450675,46.73913043478261,0.8174349344119036,-2.37016340023003,0.4840513319371646
24,2.0,25.0,75.0,2.0,1.0,0.01,0.0005,0.75,8,17,195.0,0.732358943774363,31.28205128205128,-3.8940903871989576,-4.23439946022185,-1.1718093846865099,75.0,1.1299023521644322,36.0,0.7979228506938125,-1.4744795463211502,0.4449746781530012
18,2.0,25.0,75.0,1.8,1.0,0.01,0.0005,0.75,7,18,334.0,0.7970287568126433,36.227544910179645,-4.428570610838905,-5.430895135871072,-1.1675305088175356,162.0,1.12988525754582,42.592592592592595,1.3910327804879672,-1.8768764570114227,0.6329579161375247
10,2.2,25.0,75.0,2.0,1.0,0.01,0.0005,0.5,8,17,373.0,0.7532771094738523,31.63538873994638,-6.358557075985609,-7.725246481805003,-1.5933875289358639,170.0,1.1298240011254577,40.0,1.5750177127120333,-2.3262524565224596,0.6774505252113916
10,2.2,30.0,70.0,2.0,1.0,0.01,0.0005,0.5,8,17,381.0,0.744329747472772,31.23359580052493,-6.724021065566048,-8.054571195754834,-1.6775796026986982,170.0,1.1298240011254577,40.0,1.5750177127120333,-2.3262524565224596,0.6774505252113916
12,2.2,30.0,70.0,2.0,1.0,0.01,0.0005,0.5,8,17,379.0,0.7501228869156311,31.398416886543533,-6.5287899847527475,-7.8620467200978155,-1.6329935772526363,170.0,1.1298240011254577,40.0,1.5750177127120333,-2.3262524565224596,0.6774505252113916
14,2.2,30.0,70.0,2.0,1.0,0.01,0.0005,0.5,8,17,375.0,0.7594414081484137,31.733333333333334,-6.21977746200202,-7.719531079259978,-1.5540519432973252,170.0,1.1298240011254577,40.0,1.5750177127120333,-2.3262524565224596,0.6774505252113916
16,2.2,30.0,70.0,2.0,1.0,0.01,0.0005,0.5,8,17,371.0,0.7701123523860471,32.075471698113205,-5.873865123631549,-7.379111462052124,-1.4711769790539488,170.0,1.1298240011254577,40.0,1.5750177127120333,-2.3262524565224596,0.6774505252113916
10,2.2,25.0,75.0,1.5,1.0,0.01,0.001,0.75,7,18,112.0,0.5395530358913081,29.464285714285715,-4.670822410172259,-5.174241655029732,-1.7243571440110703,66.0,1.129430842116024,45.45454545454545,0.684694682798181,-2.5736021259071484,0.40654877089789526
10,2.2,30.0,70.0,1.5,1.0,0.01,0.001,0.75,7,18,112.0,0.5395530358913081,29.464285714285715,-4.670822410172259,-5.174241655029732,-1.7243571440110703,66.0,1.129430842116024,45.45454545454545,0.684694682798181,-2.5736021259071484,0.40654877089789526
12,2.2,25.0,75.0,1.5,1.0,0.01,0.001,0.75,7,18,111.0,0.544937504228677,29.72972972972973,-4.57309494233119,-5.077025077616382,-1.681053072917957,66.0,1.129430842116024,45.45454545454545,0.684694682798181,-2.5736021259071484,0.40654877089789526
12,2.2,30.0,70.0,1.5,1.0,0.01,0.001,0.75,7,18,112.0,0.5395530358913081,29.464285714285715,-4.670822410172259,-5.174241655029732,-1.7243571440110703,66.0,1.129430842116024,45.45454545454545,0.684694682798181,-2.5736021259071484,0.40654877089789526
14,2.2,30.0,70.0,1.5,1.0,0.01,0.001,0.75,7,18,112.0,0.5395530358913081,29.464285714285715,-4.670822410172259,-5.174241655029732,-1.7243571440110703,66.0,1.129430842116024,45.45454545454545,0.684694682798181,-2.5736021259071484,0.40654877089789526
16,2.2,30.0,70.0,1.5,1.0,0.01,0.001,0.75,7,18,112.0,0.5395530358913081,29.464285714285715,-4.670822410172259,-5.174241655029732,-1.7243571440110703,66.0,1.129430842116024,45.45454545454545,0.684694682798181,-2.5736021259071484,0.40654877089789526
18,2.2,30.0,70.0,1.5,1.0,0.01,0.001,0.75,7,18,112.0,0.5395530358913081,29.464285714285715,-4.670822410172259,-5.174241655029732,-1.7243571440110703,66.0,1.129430842116024,45.45454545454545,0.684694682798181,-2.5736021259071484,0.40654877089789526
20,2.0,25.0,75.0,2.0,1.0,0.01,0.0007,1.0,8,17,136.0,0.6887788557246031,29.411764705882355,-3.4930120948489822,-4.499405719842708,-1.194794904413727,55.0,1.129346461105338,38.18181818181819,0.6120063887861034,-1.8051862517197037,0.3606332032070827
20,2.4,30.0,70.0,1.5,1.0,0.01,0.001,0.5,8,17,110.0,0.5527680618471128,30.909090909090907,-4.4654541372711,-5.228748193503396,-1.7152585900194686,68.0,1.1291444041600391,45.588235294117645,0.6910003809126283,-2.263622360703932,0.4236892480840924
24,1.8,25.0,75.0,1.8,1.0,0.01,0.0007,1.0,7,18,192.0,0.7048317761669267,32.29166666666667,-4.333549637801207,-4.9710633915098335,-1.3214423450536517,88.0,1.1289679491837714,40.909090909090914,0.8826618324415539,-1.7850854202810074,0.5022306903962074
24,2.0,25.0,75.0,1.5,1.0,0.01,0.0007,0.5,8,17,222.0,0.810759679806029,39.63963963963964,-2.8965187461467212,-3.4972749323939234,-0.8948486096262299,104.0,1.1287279595479673,45.19230769230769,0.9299628612228298,-1.82381228876638,0.557478334245895
22,1.8,25.0,75.0,1.5,1.0,0.01,0.0007,0.75,8,17,256.0,0.7266490157501806,37.5,-4.919866750164601,-5.137800639129342,-1.4460350056509128,123.0,1.1286811284409786,45.52845528455284,1.0848549257759805,-1.913946735970573,0.5484752128962561
20,2.0,25.0,75.0,1.8,1.0,0.01,0.001,1.0,8,17,86.0,0.6714389333161752,30.23255813953488,-2.6479936989136514,-3.6174602922855903,-1.007269307854955,47.0,1.1286499356659323,40.42553191489361,0.535795488694348,-1.6900330595783553,0.327296911857558
10,2.0,30.0,70.0,1.5,1.0,0.01,0.001,0.5,8,17,217.0,0.7687644866447474,36.86635944700461,-4.057859556416206,-5.041811116874307,-1.1594285727734432,147.0,1.1283852352352217,45.57823129251701,1.396820053077845,-2.077618033931339,0.6658227543063135
12,2.0,30.0,70.0,1.5,1.0,0.01,0.001,0.5,8,17,216.0,0.7747448361723343,37.03703703703704,-3.9258415014069397,-4.91112095519568,-1.1265454328800257,147.0,1.1283852352352217,45.57823129251701,1.396820053077845,-2.077618033931339,0.6658227543063135
22,2.0,25.0,75.0,1.8,1.0,0.01,0.0005,0.75,8,17,220.0,0.722375474564842,34.54545454545455,-4.379581420887043,-4.8791906768599125,-1.333556152985057,86.0,1.1283207538305804,40.69767441860465,0.8335452334448928,-1.2861350787374715,0.46232599241124933
20,2.2,25.0,75.0,1.8,1.0,0.01,0.0007,0.5,7,18,253.0,0.8048881861065683,35.573122529644266,-3.5495393806127136,-4.874014708847607,-0.9885270000414519,128.0,1.1281691110809264,42.1875,1.2147952258055739,-1.1816094987811887,0.5659642727253927
20,2.2,30.0,70.0,2.0,1.0,0.01,0.0007,0.5,8,17,290.0,0.7590016644078227,31.379310344827587,-5.275977850117069,-6.541578984170804,-1.3728625707333728,141.0,1.1280504661966086,38.297872340425535,1.3744370599908142,-1.9543991908164693,0.6147414403572986
24,2.2,30.0,70.0,1.5,1.0,0.01,0.0005,0.5,8,17,319.0,0.8023346963002375,40.12539184952978,-3.969515920963768,-5.105859267154445,-1.1438692185787798,141.0,1.127422427601932,47.5177304964539,1.1658815907540703,-2.00373980874865,0.6207653817461318
18,1.8,25.0,75.0,2.0,1.0,0.01,0.001,1.0,7,18,139.0,0.5801376443172475,24.46043165467626,-5.601992091623907,-6.121725232057229,-1.6910386696908344,86.0,1.127194669237245,37.2093023255814,0.9529265056158692,-1.05375645174135,0.49820675827761696
22,2.4,25.0,75.0,1.8,1.0,0.01,0.0007,0.75,7,18,106.0,0.6149448256862535,28.30188679245283,-3.365566650583369,-3.9994087957933466,-1.3192034575522842,42.0,1.1269943456853364,45.23809523809524,0.4410990314225819,-1.4543484600619494,0.3132984705914273
10,2.2,25.0,75.0,1.5,1.0,0.01,0.0007,0.5,8,17,308.0,0.7676868872428906,38.961038961038966,-4.823988396794648,-5.974932666427934,-1.3768335306550106,149.0,1.1269851763330676,46.308724832214764,1.2701600229755785,-1.9491840192784604,0.6577110772264977
10,2.2,30.0,70.0,1.5,1.0,0.01,0.0007,0.5,8,17,313.0,0.7607126343912295,38.65814696485623,-5.0552896613071425,-6.126411494959627,-1.4324164130462542,149.0,1.1269851763330676,46.308724832214764,1.2701600229755785,-1.9491840192784604,0.6577110772264977
12,2.2,30.0,70.0,1.5,1.0,0.01,0.0007,0.5,8,17,312.0,0.7655908586606092,38.782051282051285,-4.924679306715916,-5.997276270626839,-1.401138941041823,149.0,1.1269851763330676,46.308724832214764,1.2701600229755785,-1.9491840192784604,0.6577110772264977
14,2.2,30.0,70.0,1.5,1.0,0.01,0.0007,0.5,8,17,309.0,0.7750266152935361,39.15857605177994,-4.676132816097379,-5.828850080504022,-1.3300185131953262,149.0,1.1269851763330676,46.308724832214764,1.2701600229755785,-1.9491840192784604,0.6577110772264977
16,2.2,30.0,70.0,1.5,1.0,0.01,0.0007,0.5,8,17,306.0,0.7863925898020696,39.54248366013072,-4.3838042076012975,-5.540076219074386,-1.243909818243441,149.0,1.1269851763330676,46.308724832214764,1.2701600229755785,-1.9491840192784604,0.6577110772264977
14,2.2,25.0,75.0,1.8,1.0,0.01,0.0007,0.5,7,18,328.0,0.7812169463195977,34.146341463414636,-5.041135121043153,-5.633905898156899,-1.3409637445566214,174.0,1.126625195519729,41.95402298850575,1.5801527542323675,-1.8545045144772287,0.6476655568467463
22,2.4,25.0,75.0,2.0,1.0,0.01,0.001,1.0,7,18,39.0,0.31294342230044614,15.384615384615385,-2.93409806488462,-2.934098064884616,-1.910376719840052,23.0,1.1265479474080788,39.130434782608695,0.2832216937319936,-0.9988354713835634,0.23301167728918937
10,2.2,25.0,75.0,1.5,1.0,0.01,0.0005,0.75,7,18,236.0,0.7387402680671854,39.40677966101695,-3.9223690202985746,-4.452329581873715,-1.242597728497025,111.0,1.1264136325618106,45.94594594594595,0.8946904427445224,-2.9032743882733802,0.5005313076408184
10,2.2,30.0,70.0,1.5,1.0,0.01,0.0005,0.75,7,18,236.0,0.7387402680671854,39.40677966101695,-3.9223690202985746,-4.452329581873715,-1.242597728497025,111.0,1.1264136325618106,45.94594594594595,0.8946904427445224,-2.9032743882733802,0.5005313076408184
12,2.2,25.0,75.0,1.5,1.0,0.01,0.0005,0.75,7,18,233.0,0.7511225216117594,39.91416309012876,-3.6803732653428596,-4.346034970364321,-1.1603596676866241,111.0,1.1264136325618106,45.94594594594595,0.8946904427445224,-2.9032743882733802,0.5005313076408184
12,2.2,30.0,70.0,1.5,1.0,0.01,0.0005,0.75,7,18,236.0,0.7387402680671854,39.40677966101695,-3.9223690202985746,-4.452329581873715,-1.242597728497025,111.0,1.1264136325618106,45.94594594594595,0.8946904427445224,-2.9032743882733802,0.5005313076408184
14,2.2,30.0,70.0,1.5,1.0,0.01,0.0005,0.75,7,18,236.0,0.7387402680671854,39.40677966101695,-3.9223690202985746,-4.452329581873715,-1.242597728497025,111.0,1.1264136325618106,45.94594594594595,0.8946904427445224,-2.9032743882733802,0.5005313076408184
16,2.2,30.0,70.0,1.5,1.0,0.01,0.0005,0.75,7,18,236.0,0.7387402680671854,39.40677966101695,-3.9223690202985746,-4.452329581873715,-1.242597728497025,111.0,1.1264136325618106,45.94594594594595,0.8946904427445224,-2.9032743882733802,0.5005313076408184
18,2.2,30.0,70.0,2.0,1.0,0.01,0.0007,0.75,7,18,190.0,0.6290470954247626,27.368421052631582,-5.658166261269562,-5.857366385809781,-1.6721366702967855,93.0,1.1264044826933208,38.70967741935484,0.926117176714688,-3.450728370759759,0.4619615823683974
14,2.0,25.0,75.0,2.0,1.0,0.01,0.0005,0.75,7,18,380.0,0.7566039031862529,32.10526315789474,-6.218629890750417,-7.076693253486599,-1.5186121247792936,190.0,1.1261737124268814,38.421052631578945,1.6317257828420952,-2.8932192366927234,0.652378045160495
22,2.0,25.0,75.0,1.5,1.0,0.01,0.001,0.75,8,17,111.0,0.5244640431397631,29.72972972972973,-4.966180383814699,-5.394093631993179,-1.83484635502396,63.0,1.126124102058712,44.44444444444444,0.6343493923409915,-1.4903114804884154,0.402364684788849
20,1.8,25.0,75.0,1.5,1.0,0.01,0.0005,0.75,8,17,363.0,0.7502665402252711,38.29201101928375,-5.640900345494792,-6.120187349576156,-1.5237250516712681,166.0,1.125994129181575,45.78313253012048,1.3106716264371971,-2.0514544359528597,0.6151652289803134
18,2.0,30.0,70.0,1.8,1.0,0.01,0.0005,0.75,7,18,397.0,0.7865172172835718,35.51637279596977,-5.44977746976665,-6.048349935429053,-1.3487769613256195,196.0,1.1259602805937452,41.3265306122449,1.6099178150429179,-2.574211207718158,0.6731051403942917
12,2.0,25.0,75.0,1.5,1.0,0.01,0.001,0.5,8,17,208.0,0.7760568320358971,37.019230769230774,-3.74900709481406,-4.74174203945299,-1.08751586981824,139.0,1.1258942041034121,45.32374100719424,1.2912604718384684,-1.9437954624690668,0.6306614813189135
18,2.2,30.0,70.0,1.8,1.0,0.01,0.0005,0.75,7,18,236.0,0.7027465593523062,33.05084745762712,-4.832560758677901,-5.334243442705066,-1.4582848757226237,110.0,1.1258672575767243,41.81818181818181,0.9600863738710722,-3.155995693177338,0.4941314263235909
16,1.8,25.0,75.0,1.8,1.0,0.01,0.001,1.0,7,18,146.0,0.6528537634907603,29.45205479452055,-4.602474759518918,-5.271538294572142,-1.3919871367005063,89.0,1.1254020081369105,40.44943820224719,0.9317908548510967,-1.4088847255295245,0.4943060644857701
22,1.8,30.0,70.0,1.8,1.0,0.01,0.001,1.0,7,18,148.0,0.642477104042488,29.054054054054053,-4.810688927300907,-5.478229891608477,-1.4582808977881165,89.0,1.1254020081369105,40.44943820224719,0.9317908548510967,-1.4088847255295245,0.4943060644857701
20,1.8,25.0,75.0,1.8,1.0,0.01,0.001,1.0,7,18,131.0,0.6185661188191157,28.24427480916031,-4.619316248600517,-5.288232746965937,-1.457632692496646,83.0,1.1253094042347196,40.963855421686745,0.8675444769162458,-1.2628010167476167,0.48151757013619295
22,2.0,25.0,75.0,2.0,1.0,0.01,0.0005,0.75,8,17,220.0,0.7160019529005064,31.363636363636367,-4.645959976589238,-4.653753481279644,-1.3691850685967368,86.0,1.1252214423870484,37.2093023255814,0.8494562093668173,-1.4047073621351602,0.45335566721303033
14,1.8,25.0,75.0,1.5,1.0,0.01,0.001,0.75,8,17,186.0,0.6432752314408178,33.33333333333333,-5.640741146723485,-6.092454468046671,-1.677424762941855,128.0,1.125177127228989,45.3125,1.1982940448224326,-1.7364756508983947,0.5812858612469857
24,2.4,25.0,75.0,2.0,1.0,0.01,0.001,0.75,8,17,55.0,0.5718168991988077,23.636363636363637,-2.3998943980153853,-3.166515592856345,-1.0742608621922571,30.0,1.125108568530225,40.0,0.3577485210238774,-1.1437079481859347,0.272326192785087
18,1.8,25.0,75.0,1.8,1.0,0.01,0.0007,0.75,8,17,322.0,0.7404490906998792,32.91925465838509,-6.080665195649853,-6.498791110228086,-1.5628886718452588,163.0,1.124737806882774,41.104294478527606,1.4438902468639208,-2.1798514004265357,0.643353639175902
20,2.2,30.0,70.0,2.0,1.0,0.01,0.0005,0.75,7,18,232.0,0.6675603416900302,29.74137931034483,-5.580505612722682,-5.909668992979,-1.602628360681301,109.0,1.1247376263029616,38.53211009174312,0.9817845924976245,-3.1494029792368705,0.48460696964724337
22,2.0,25.0,75.0,1.5,1.0,0.01,0.001,0.5,8,17,144.0,0.6792997651582293,34.72222222222222,-3.94605038372405,-4.279432872924371,-1.3378845390400134,86.0,1.1244891460051745,44.18604651162791,0.8364975568892624,-1.7015325714055396,0.4530867050931885
14,2.4,25.0,75.0,1.5,1.0,0.01,0.0007,0.5,7,18,216.0,0.7340146176322385,38.425925925925924,-3.976336881669995,-4.263670767303118,-1.2781020922006745,108.0,1.1244842710719292,47.22222222222222,0.9196011161070238,-2.9599491113962095,0.5052025189548859
18,2.4,25.0,75.0,1.5,1.0,0.01,0.0007,0.5,7,18,192.0,0.76032229068877,39.58333333333333,-3.200932559217927,-3.625020636089371,-1.0616973546893176,95.0,1.1238085562550122,48.421052631578945,0.8099342767244343,-2.6046836664341932,0.46472981146719455
10,2.2,25.0,75.0,1.8,1.0,0.01,0.0007,0.5,8,17,308.0,0.7391007307247668,33.116883116883116,-5.844137870207069,-6.940532965867863,-1.572222670646674,149.0,1.1236206261847328,41.61073825503356,1.3436862442193889,-1.474205599564693,0.6256776588087795
10,2.2,30.0,70.0,1.8,1.0,0.01,0.0007,0.5,8,17,313.0,0.7345577168369027,32.9073482428115,-6.0421487976639945,-7.116871887711729,-1.613790450961986,149.0,1.1236206261847328,41.61073825503356,1.3436862442193889,-1.474205599564693,0.6256776588087795
12,2.2,30.0,70.0,1.8,1.0,0.01,0.0007,0.5,8,17,312.0,0.738904357212549,33.01282051282051,-5.91275085378602,-6.988971884929018,-1.5846495282624522,149.0,1.1236206261847328,41.61073825503356,1.3436862442193889,-1.474205599564693,0.6256776588087795
14,2.2,30.0,70.0,1.8,1.0,0.01,0.0007,0.5,8,17,309.0,0.7472997613846104,33.33333333333333,-5.666890700575786,-6.794370610325451,-1.5178949044003451,149.0,1.1236206261847328,41.61073825503356,1.3436862442193889,-1.474205599564693,0.6256776588087795
16,2.2,30.0,70.0,1.8,1.0,0.01,0.0007,0.5,8,17,306.0,0.757391384321276,33.66013071895425,-5.377621190708378,-6.508567989439751,-1.4454617612386789,149.0,1.1236206261847328,41.61073825503356,1.3436862442193889,-1.474205599564693,0.6256776588087795
24,2.4,25.0,75.0,1.8,1.0,0.01,0.0005,0.75,8,17,92.0,0.6709440622410578,32.608695652173914,-2.376125984052396,-3.046403062140046,-1.027089720669645,35.0,1.1235402409795368,42.857142857142854,0.3645824390131565,-1.1224444316705218,0.27251862131719734
18,2.2,25.0,75.0,2.0,1.0,0.01,0.0005,0.5,7,18,353.0,0.7922449316397256,33.14447592067989,-4.946186279227749,-6.2286054137079,-1.2611067742345947,174.0,1.1234745530625405,40.229885057471265,1.479108756979458,-1.6830672222817866,0.6234208584186688
24,2.4,25.0,75.0,1.8,1.0,0.01,0.001,0.75,8,17,55.0,0.5125192522741475,23.636363636363637,-2.7257733163975173,-3.392277343610406,-1.2752693921565983,30.0,1.1234674165158196,43.333333333333336,0.33883843178055034,-1.1478070092236226,0.25916264225293023
12,2.2,25.0,75.0,1.8,1.0,0.01,0.001,0.5,8,17,154.0,0.6790475890114809,30.519480519480517,-4.478599489051922,-5.6978410595942,-1.3770718898347978,99.0,1.1229791295326115,40.4040404040404,1.022101362936264,-1.292516236283614,0.5214030574442693
16,2.0,25.0,75.0,1.8,1.0,0.01,0.0005,1.0,8,17,163.0,0.7832970450959951,35.58282208588957,-2.5750997890685356,-3.800934554474411,-0.8711447179007585,61.0,1.1227328034337474,40.98360655737705,0.5940591188180953,-1.7289301514834654,0.3552742603755061
18,2.0,25.0,75.0,1.8,1.0,0.01,0.0005,1.0,8,17,159.0,0.7628050053068658,35.22012578616352,-2.7639354831039054,-3.9233818654021757,-0.9427500840257438,61.0,1.1227328034337474,40.98360655737705,0.5940591188180953,-1.7289301514834654,0.3552742603755061
22,2.0,30.0,70.0,1.8,1.0,0.01,0.0005,1.0,8,17,165.0,0.7714238772182103,35.15151515151515,-2.754471800314077,-3.913348438578368,-0.93107772321319,61.0,1.1227328034337474,40.98360655737705,0.5940591188180953,-1.7289301514834654,0.3552742603755061
24,2.0,30.0,70.0,1.8,1.0,0.01,0.0005,1.0,8,17,162.0,0.7916197696080409,35.80246913580247,-2.4522883508100493,-3.67967020738722,-0.8249614010127466,61.0,1.1227328034337474,40.98360655737705,0.5940591188180953,-1.7289301514834654,0.3552742603755061
22,2.4,25.0,75.0,2.0,1.0,0.01,0.0005,0.75,8,17,99.0,0.6803176929070851,29.292929292929294,-2.5586219189531403,-3.2718987921093845,-1.0432453951143643,38.0,1.1226368704253735,39.473684210526315,0.40099440354131727,-1.0236410478004276,0.2927300248247813
18,2.2,25.0,75.0,1.8,1.0,0.01,0.0005,0.5,7,18,353.0,0.847600676354146,37.39376770538244,-3.450986946563444,-4.704764905452253,-0.903634126799411,174.0,1.122587552477709,43.103448275862064,1.4056703051260773,-1.6651974535558445,0.6210820562731452
24,2.0,25.0,75.0,1.8,1.0,0.01,0.0007,0.5,8,17,222.0,0.816046186770692,34.68468468468468,-3.018001055777786,-3.693194723813231,-0.8779726535728672,104.0,1.122486827134732,39.42307692307692,0.9616331284382431,-1.7169891531137238,0.5251542587191056
14,1.8,25.0,75.0,1.5,1.0,0.01,0.001,1.0,7,18,148.0,0.5956736693070839,31.756756756756754,-5.237712807077187,-5.696954880898241,-1.692519621683649,91.0,1.1223662652686788,45.05494505494506,0.8591970109170143,-1.9985241803126996,0.4953097566840391
20,1.8,30.0,70.0,1.5,1.0,0.01,0.001,1.0,7,18,149.0,0.5909966577595338,31.543624161073826,-5.3371729697290355,-5.79593984900415,-1.719489361104232,91.0,1.1223662652686788,45.05494505494506,0.8591970109170143,-1.9985241803126996,0.4953097566840391
18,2.0,25.0,75.0,2.0,1.0,0.01,0.0005,0.75,7,18,334.0,0.754263804782055,32.33532934131736,-5.619960331607927,-6.67325371555042,-1.434043109530229,162.0,1.1222610695720074,39.50617283950617,1.370056520086673,-2.101291444549913,0.5954804272625541
20,2.4,25.0,75.0,2.0,1.0,0.01,0.0007,0.75,8,17,95.0,0.6134170052163885,26.31578947368421,-3.1718992573501423,-3.936960517164023,-1.285174533806967,37.0,1.121852198117008,40.54054054054054,0.39857046988670847,-1.102974407549795,0.2931513054130545
10,2.0,25.0,75.0,1.8,1.0,0.01,0.001,0.75,7,18,160.0,0.6487365818261693,29.375,-5.12449061636822,-5.911325593144234,-1.5462644816704878,107.0,1.121778423870403,40.18691588785047,1.0810191449241575,-1.830492648099602,0.5075848833147436
10,2.0,30.0,70.0,1.8,1.0,0.01,0.001,0.75,7,18,160.0,0.6487365818261693,29.375,-5.12449061636822,-5.911325593144234,-1.5462644816704878,107.0,1.121778423870403,40.18691588785047,1.0810191449241575,-1.830492648099602,0.5075848833147436
12,2.0,25.0,75.0,1.8,1.0,0.01,0.001,0.75,7,18,158.0,0.6635800117489795,29.746835443037973,-4.8071000998439555,-5.596558328262258,-1.4524410083970523,107.0,1.121778423870403,40.18691588785047,1.0810191449241575,-1.830492648099602,0.5075848833147436
12,2.0,30.0,70.0,1.8,1.0,0.01,0.001,0.75,7,18,160.0,0.6487365818261693,29.375,-5.12449061636822,-5.911325593144234,-1.5462644816704878,107.0,1.121778423870403,40.18691588785047,1.0810191449241575,-1.830492648099602,0.5075848833147436
14,2.0,30.0,70.0,1.8,1.0,0.01,0.001,0.75,7,18,160.0,0.6487365818261693,29.375,-5.12449061636822,-5.911325593144234,-1.5462644816704878,107.0,1.121778423870403,40.18691588785047,1.0810191449241575,-1.830492648099602,0.5075848833147436
16,2.0,30.0,70.0,1.8,1.0,0.01,0.001,0.75,7,18,160.0,0.6487365818261693,29.375,-5.12449061636822,-5.911325593144234,-1.5462644816704878,107.0,1.121778423870403,40.18691588785047,1.0810191449241575,-1.830492648099602,0.5075848833147436
18,2.0,30.0,70.0,1.8,1.0,0.01,0.001,0.75,7,18,160.0,0.6487365818261693,29.375,-5.12449061636822,-5.911325593144234,-1.5462644816704878,107.0,1.121778423870403,40.18691588785047,1.0810191449241575,-1.830492648099602,0.5075848833147436
10,2.0,25.0,75.0,1.5,1.0,0.01,0.001,0.5,8,17,213.0,0.7615316193185183,36.61971830985916,-4.120960867291578,-4.985237388158237,-1.1870664055203703,144.0,1.121098861789954,45.13888888888889,1.2946413554765785,-1.905755568960632,0.6220777938986967
10,2.4,25.0,75.0,2.0,1.0,0.01,0.0005,1.0,7,18,77.0,0.576659307478221,27.27272727272727,-2.6572612429385845,-2.911195597111038,-1.3369471360874166,31.0,1.1209024453680683,38.70967741935484,0.31954389812506634,-1.1537348355555865,0.25389917870721374
10,2.4,30.0,70.0,2.0,1.0,0.01,0.0005,1.0,7,18,77.0,0.576659307478221,27.27272727272727,-2.6572612429385845,-2.911195597111038,-1.3369471360874166,31.0,1.1209024453680683,38.70967741935484,0.31954389812506634,-1.1537348355555865,0.25389917870721374
12,2.4,25.0,75.0,2.0,1.0,0.01,0.0005,1.0,7,18,77.0,0.576659307478221,27.27272727272727,-2.6572612429385845,-2.911195597111038,-1.3369471360874166,31.0,1.1209024453680683,38.70967741935484,0.31954389812506634,-1.1537348355555865,0.25389917870721374
12,2.4,30.0,70.0,2.0,1.0,0.01,0.0005,1.0,7,18,77.0,0.576659307478221,27.27272727272727,-2.6572612429385845,-2.911195597111038,-1.3369471360874166,31.0,1.1209024453680683,38.70967741935484,0.31954389812506634,-1.1537348355555865,0.25389917870721374
14,2.4,25.0,75.0,2.0,1.0,0.01,0.0005,1.0,7,18,77.0,0.576659307478221,27.27272727272727,-2.6572612429385845,-2.911195597111038,-1.3369471360874166,31.0,1.1209024453680683,38.70967741935484,0.31954389812506634,-1.1537348355555865,0.25389917870721374
14,2.4,30.0,70.0,2.0,1.0,0.01,0.0005,1.0,7,18,77.0,0.576659307478221,27.27272727272727,-2.6572612429385845,-2.911195597111038,-1.3369471360874166,31.0,1.1209024453680683,38.70967741935484,0.31954389812506634,-1.1537348355555865,0.25389917870721374
16,2.4,25.0,75.0,2.0,1.0,0.01,0.0005,1.0,7,18,77.0,0.576659307478221,27.27272727272727,-2.6572612429385845,-2.911195597111038,-1.3369471360874166,31.0,1.1209024453680683,38.70967741935484,0.31954389812506634,-1.1537348355555865,0.25389917870721374
16,2.4,30.0,70.0,2.0,1.0,0.01,0.0005,1.0,7,18,77.0,0.576659307478221,27.27272727272727,-2.6572612429385845,-2.911195597111038,-1.3369471360874166,31.0,1.1209024453680683,38.70967741935484,0.31954389812506634,-1.1537348355555865,0.25389917870721374
18,2.4,25.0,75.0,2.0,1.0,0.01,0.0005,1.0,7,18,77.0,0.576659307478221,27.27272727272727,-2.6572612429385845,-2.911195597111038,-1.3369471360874166,31.0,1.1209024453680683,38.70967741935484,0.31954389812506634,-1.1537348355555865,0.25389917870721374
18,2.4,30.0,70.0,2.0,1.0,0.01,0.0005,1.0,7,18,77.0,0.576659307478221,27.27272727272727,-2.6572612429385845,-2.911195597111038,-1.3369471360874166,31.0,1.1209024453680683,38.70967741935484,0.31954389812506634,-1.1537348355555865,0.25389917870721374
20,2.4,25.0,75.0,2.0,1.0,0.01,0.0005,1.0,7,18,75.0,0.6018581502414199,28.000000000000004,-2.398172918328983,-2.6527727093729303,-1.2161823311039266,31.0,1.1209024453680683,38.70967741935484,0.31954389812506634,-1.1537348355555865,0.25389917870721374
20,2.4,30.0,70.0,2.0,1.0,0.01,0.0005,1.0,7,18,77.0,0.576659307478221,27.27272727272727,-2.6572612429385845,-2.911195597111038,-1.3369471360874166,31.0,1.1209024453680683,38.70967741935484,0.31954389812506634,-1.1537348355555865,0.25389917870721374
22,2.4,30.0,70.0,2.0,1.0,0.01,0.0005,1.0,7,18,77.0,0.576659307478221,27.27272727272727,-2.6572612429385845,-2.911195597111038,-1.3369471360874166,31.0,1.1209024453680683,38.70967741935484,0.31954389812506634,-1.1537348355555865,0.25389917870721374
24,2.4,30.0,70.0,2.0,1.0,0.01,0.0005,1.0,7,18,77.0,0.576659307478221,27.27272727272727,-2.6572612429385845,-2.911195597111038,-1.3369471360874166,31.0,1.1209024453680683,38.70967741935484,0.31954389812506634,-1.1537348355555865,0.25389917870721374
22,2.0,25.0,75.0,1.8,1.0,0.01,0.0007,0.75,8,17,188.0,0.6929451608706805,32.97872340425532,-4.502389880330557,-4.928233364080881,-1.3985151114593284,80.0,1.1208741162500422,40.0,0.7590532842241191,-1.2861190324001126,0.42979472482033815
18,2.2,30.0,70.0,1.8,1.0,0.01,0.001,0.5,8,17,156.0,0.6833379663500351,30.76923076923077,-4.477086917349298,-5.620951701756205,-1.3671762248986892,99.0,1.1207817329581136,40.4040404040404,1.005424218962562,-1.292516236283614,0.513390656091636
16,2.0,25.0,75.0,1.5,1.0,0.01,0.001,1.0,8,17,92.0,0.6354815007190843,33.69565217391305,-2.9939718605218695,-3.8339526127873835,-1.2026680718505791,49.0,1.120687348720113,44.89795918367347,0.4797528595115909,-1.8629234970774178,0.3177460681170251
18,2.0,25.0,75.0,1.5,1.0,0.01,0.001,1.0,8,17,89.0,0.6037319138621401,32.58426966292135,-3.202885799566957,-4.0169822517478915,-1.3020828340549695,49.0,1.120687348720113,44.89795918367347,0.4797528595115909,-1.8629234970774178,0.3177460681170251
22,2.0,30.0,70.0,1.5,1.0,0.01,0.001,1.0,8,17,93.0,0.6266747322480983,33.33333333333333,-3.107206808940282,-3.9462211372979117,-1.2464082684940079,49.0,1.120687348720113,44.89795918367347,0.4797528595115909,-1.8629234970774178,0.3177460681170251
24,2.0,30.0,70.0,1.5,1.0,0.01,0.001,1.0,8,17,91.0,0.6452487422239795,34.065934065934066,-2.871847882505317,-3.7128830760739473,-1.1468229219956414,49.0,1.120687348720113,44.89795918367347,0.4797528595115909,-1.8629234970774178,0.3177460681170251
20,2.2,25.0,75.0,1.5,1.0,0.01,0.0005,0.5,7,18,314.0,0.8551980878190049,42.675159235668794,-2.733783199187346,-4.170683897158344,-0.7752311442012524,153.0,1.1205351812403763,47.712418300653596,1.1541175972964812,-1.713655066783959,0.5828289025199072
20,2.0,30.0,70.0,2.0,1.0,0.01,0.0005,0.75,7,18,390.0,0.7603014489003288,32.30769230769231,-6.2972742009268226,-6.9394495797507005,-1.502627731948886,192.0,1.1201641008999,38.54166666666667,1.572733634531596,-3.0314514681589633,0.6308930720261166
20,2.4,30.0,70.0,2.0,1.0,0.01,0.0007,0.5,8,17,186.0,0.5904501654998978,26.344086021505376,-6.255320206173582,-7.149668940767684,-1.941958314638197,91.0,1.1198382132579778,38.46153846153847,0.8665396408972993,-2.946732822479714,0.4534166819141735
22,2.2,25.0,75.0,1.8,1.0,0.01,0.0007,1.0,8,17,85.0,0.5808685122381647,29.411764705882355,-2.994333801862376,-3.233303132730503,-1.4061078728533678,33.0,1.1196456665077592,45.45454545454545,0.3421468835544874,-1.1445475763024349,0.2615730844917234
22,1.8,30.0,70.0,1.5,1.0,0.01,0.0005,1.0,7,18,341.0,0.7946899642827673,41.05571847507331,-4.244868654299371,-4.40374686266688,-1.1507907367596257,158.0,1.1195618557040747,46.20253164556962,1.1535187153861626,-2.345191734490004,0.6061938778385363
14,2.2,25.0,75.0,1.8,1.0,0.01,0.0005,0.5,7,18,425.0,0.8272883029139041,36.470588235294116,-4.581805975763928,-5.556770091488373,-1.1560188122917083,214.0,1.1194519825088824,42.05607476635514,1.6666702047852051,-1.8706890417421351,0.6738624074089311
20,2.4,25.0,75.0,1.8,1.0,0.01,0.0007,0.5,8,17,150.0,0.6867903773378466,32.0,-3.6944853596348186,-4.904504504530505,-1.2722129831881739,73.0,1.1193545609185829,42.465753424657535,0.6808499988983203,-1.8283861845420302,0.3886825282859322
10,2.0,25.0,75.0,1.8,1.0,0.01,0.001,1.0,8,17,93.0,0.669777112508965,30.107526881720432,-2.8639796147201744,-3.8312969877248415,-1.0721928028768564,50.0,1.1192794459932702,40.0,0.5227282012344949,-1.6899800364536532,0.3150971492030477
10,2.0,30.0,70.0,1.8,1.0,0.01,0.001,1.0,8,17,93.0,0.669777112508965,30.107526881720432,-2.8639796147201744,-3.8312969877248415,-1.0721928028768564,50.0,1.1192794459932702,40.0,0.5227282012344949,-1.6899800364536532,0.3150971492030477
12,2.0,25.0,75.0,1.8,1.0,0.01,0.001,1.0,8,17,93.0,0.669777112508965,30.107526881720432,-2.8639796147201744,-3.8312969877248415,-1.0721928028768564,50.0,1.1192794459932702,40.0,0.5227282012344949,-1.6899800364536532,0.3150971492030477
12,2.0,30.0,70.0,1.8,1.0,0.01,0.001,1.0,8,17,93.0,0.669777112508965,30.107526881720432,-2.8639796147201744,-3.8312969877248415,-1.0721928028768564,50.0,1.1192794459932702,40.0,0.5227282012344949,-1.6899800364536532,0.3150971492030477
14,2.0,25.0,75.0,1.8,1.0,0.01,0.001,1.0,8,17,93.0,0.669777112508965,30.107526881720432,-2.8639796147201744,-3.8312969877248415,-1.0721928028768564,50.0,1.1192794459932702,40.0,0.5227282012344949,-1.6899800364536532,0.3150971492030477
14,2.0,30.0,70.0,1.8,1.0,0.01,0.001,1.0,8,17,93.0,0.669777112508965,30.107526881720432,-2.8639796147201744,-3.8312969877248415,-1.0721928028768564,50.0,1.1192794459932702,40.0,0.5227282012344949,-1.6899800364536532,0.3150971492030477
16,2.0,30.0,70.0,1.8,1.0,0.01,0.001,1.0,8,17,93.0,0.669777112508965,30.107526881720432,-2.8639796147201744,-3.8312969877248415,-1.0721928028768564,50.0,1.1192794459932702,40.0,0.5227282012344949,-1.6899800364536532,0.3150971492030477
18,2.0,30.0,70.0,1.8,1.0,0.01,0.001,1.0,8,17,93.0,0.669777112508965,30.107526881720432,-2.8639796147201744,-3.8312969877248415,-1.0721928028768564,50.0,1.1192794459932702,40.0,0.5227282012344949,-1.6899800364536532,0.3150971492030477
20,2.0,30.0,70.0,1.8,1.0,0.01,0.001,1.0,8,17,93.0,0.669777112508965,30.107526881720432,-2.8639796147201744,-3.8312969877248415,-1.0721928028768564,50.0,1.1192794459932702,40.0,0.5227282012344949,-1.6899800364536532,0.3150971492030477
10,2.4,25.0,75.0,2.0,1.0,0.01,0.0005,0.75,7,18,152.0,0.719724387565236,30.92105263157895,-3.1542949461506757,-4.118164728420415,-1.0731492911628904,66.0,1.1190308606869406,40.909090909090914,0.5664325302093858,-1.6306094882982625,0.3695389874979957
10,2.4,30.0,70.0,2.0,1.0,0.01,0.0005,0.75,7,18,152.0,0.719724387565236,30.92105263157895,-3.1542949461506757,-4.118164728420415,-1.0731492911628904,66.0,1.1190308606869406,40.909090909090914,0.5664325302093858,-1.6306094882982625,0.3695389874979957
12,2.4,25.0,75.0,2.0,1.0,0.01,0.0005,0.75,7,18,152.0,0.719724387565236,30.92105263157895,-3.1542949461506757,-4.118164728420415,-1.0731492911628904,66.0,1.1190308606869406,40.909090909090914,0.5664325302093858,-1.6306094882982625,0.3695389874979957
12,2.4,30.0,70.0,2.0,1.0,0.01,0.0005,0.75,7,18,152.0,0.719724387565236,30.92105263157895,-3.1542949461506757,-4.118164728420415,-1.0731492911628904,66.0,1.1190308606869406,40.909090909090914,0.5664325302093858,-1.6306094882982625,0.3695389874979957
14,2.4,30.0,70.0,2.0,1.0,0.01,0.0005,0.75,7,18,152.0,0.719724387565236,30.92105263157895,-3.1542949461506757,-4.118164728420415,-1.0731492911628904,66.0,1.1190308606869406,40.909090909090914,0.5664325302093858,-1.6306094882982625,0.3695389874979957
16,2.4,30.0,70.0,2.0,1.0,0.01,0.0005,0.75,7,18,152.0,0.719724387565236,30.92105263157895,-3.1542949461506757,-4.118164728420415,-1.0731492911628904,66.0,1.1190308606869406,40.909090909090914,0.5664325302093858,-1.6306094882982625,0.3695389874979957
18,2.4,30.0,70.0,2.0,1.0,0.01,0.0005,0.75,7,18,152.0,0.719724387565236,30.92105263157895,-3.1542949461506757,-4.118164728420415,-1.0731492911628904,66.0,1.1190308606869406,40.909090909090914,0.5664325302093858,-1.6306094882982625,0.3695389874979957
20,2.4,30.0,70.0,2.0,1.0,0.01,0.0005,0.75,7,18,150.0,0.7279865749155192,31.333333333333336,-3.029101003579253,-4.041207948101366,-1.0305585178587173,66.0,1.1190308606869406,40.909090909090914,0.5664325302093858,-1.6306094882982625,0.3695389874979957
18,2.4,25.0,75.0,2.0,1.0,0.01,0.0007,0.75,7,18,121.0,0.6514968375449587,27.27272727272727,-3.4886793630367174,-4.379354084984444,-1.23359383366049,50.0,1.1188378754052057,42.0,0.48648823129666197,-1.6305918652046336,0.32935168179010516
22,2.4,30.0,70.0,2.0,1.0,0.01,0.0007,0.75,7,18,126.0,0.6744147635861583,27.77777777777778,-3.368574803676384,-4.260361708738925,-1.172590855849703,50.0,1.1188378754052057,42.0,0.48648823129666197,-1.6305918652046336,0.32935168179010516
24,2.4,30.0,70.0,2.0,1.0,0.01,0.0007,0.75,7,18,124.0,0.6903945360807335,28.225806451612907,-3.1337147360187916,-4.027674879548759,-1.0977959766176906,50.0,1.1188378754052057,42.0,0.48648823129666197,-1.6305918652046336,0.32935168179010516
24,1.8,25.0,75.0,1.8,1.0,0.01,0.0005,1.0,7,18,235.0,0.74638701631782,34.8936170212766,-4.092485512390631,-5.012703895126602,-1.2111063033427416,102.0,1.118750428316571,41.17647058823529,0.8760366441403858,-1.7175628523137587,0.49317831508138305
20,1.8,30.0,70.0,1.5,1.0,0.01,0.0007,0.75,8,17,387.0,0.759850152840762,38.24289405684754,-6.134843505639438,-7.1644242431560645,-1.550274146169576,200.0,1.1184858612654998,46.0,1.5283177892406092,-2.036493904862835,0.676529196153716
18,2.4,25.0,75.0,2.0,1.0,0.01,0.0007,0.5,7,18,192.0,0.6397669005676692,27.604166666666668,-5.536806856614604,-5.948493241151242,-1.6616979259748612,95.0,1.1184378194234452,40.0,0.8792694007242061,-2.7566134448884894,0.4422512203948472
16,2.4,25.0,75.0,2.0,1.0,0.01,0.0005,0.5,8,17,197.0,0.6428833717590458,28.934010152284262,-5.437840705085146,-6.404476998120456,-1.6847015699949153,93.0,1.118405046398425,38.70967741935484,0.8427424825321032,-2.377501947283611,0.43719329864941237
16,2.4,25.0,75.0,1.8,1.0,0.01,0.001,0.75,8,17,69.0,0.5685846748584904,26.08695652173913,-2.8907952619404207,-3.7243059541762658,-1.2801133701387541,35.0,1.118302016142689,42.857142857142854,0.36584879364621886,-1.322106931932432,0.27060159775974985
18,2.4,25.0,75.0,1.8,1.0,0.01,0.001,0.75,8,17,66.0,0.5176478251067652,24.242424242424242,-3.168571719001593,-3.9996913049343275,-1.4293871133813703,35.0,1.118302016142689,42.857142857142854,0.36584879364621886,-1.322106931932432,0.27060159775974985
22,2.4,30.0,70.0,1.8,1.0,0.01,0.001,0.75,8,17,70.0,0.5589547135549003,25.71428571428571,-3.0042297066353236,-3.836762247005543,-1.3278263289840497,35.0,1.118302016142689,42.857142857142854,0.36584879364621886,-1.322106931932432,0.27060159775974985
24,2.4,30.0,70.0,1.8,1.0,0.01,0.001,0.75,8,17,68.0,0.5793356671599009,26.47058823529412,-2.768466482186195,-3.6030213090329277,-1.215026352617519,35.0,1.118302016142689,42.857142857142854,0.36584879364621886,-1.322106931932432,0.27060159775974985
22,2.0,25.0,75.0,1.5,1.0,0.01,0.0007,0.75,8,17,188.0,0.6892342955606121,37.765957446808514,-4.283222962964555,-4.635146088943598,-1.4315636674375285,80.0,1.118239591695464,45.0,0.6852730169833376,-1.537063088377788,0.4211944578479463
16,1.8,25.0,75.0,2.0,1.0,0.01,0.001,1.0,7,18,146.0,0.5899007125260632,24.65753424657534,-5.7233642082649565,-6.242463667279385,-1.6904278251772078,89.0,1.1178939743971341,37.07865168539326,0.9150746279226223,-1.1713478842906966,0.4683979595361813
22,1.8,30.0,70.0,2.0,1.0,0.01,0.001,1.0,7,18,148.0,0.5810428461378976,24.324324324324326,-5.929123553526205,-6.4470571647442965,-1.7562031679229022,89.0,1.1178939743971341,37.07865168539326,0.9150746279226223,-1.1713478842906966,0.4683979595361813
22,2.0,25.0,75.0,1.5,1.0,0.01,0.0005,0.75,8,17,220.0,0.7145958904572246,39.09090909090909,-4.229003346551999,-4.587607366523827,-1.3861325503109434,86.0,1.1178253308354582,45.348837209302324,0.7072674010530864,-1.5370813614468792,0.42613048125969416
10,2.4,25.0,75.0,1.8,1.0,0.01,0.001,0.5,8,17,112.0,0.5940891399092197,27.67857142857143,-4.274938593847637,-5.442596778865738,-1.528201591449682,69.0,1.117701288225975,40.57971014492754,0.6953270814788266,-2.0820602427518375,0.38767019425388916
10,2.4,30.0,70.0,1.8,1.0,0.01,0.001,0.5,8,17,112.0,0.5940891399092197,27.67857142857143,-4.274938593847637,-5.442596778865738,-1.528201591449682,69.0,1.117701288225975,40.57971014492754,0.6953270814788266,-2.0820602427518375,0.38767019425388916
12,2.4,25.0,75.0,1.8,1.0,0.01,0.001,0.5,8,17,110.0,0.5768477263329987,27.27272727272727,-4.410132779761679,-5.5761243864922765,-1.5903440562618534,69.0,1.117701288225975,40.57971014492754,0.6953270814788266,-2.0820602427518375,0.38767019425388916
12,2.4,30.0,70.0,1.8,1.0,0.01,0.001,0.5,8,17,112.0,0.5940891399092197,27.67857142857143,-4.274938593847637,-5.442596778865738,-1.528201591449682,69.0,1.117701288225975,40.57971014492754,0.6953270814788266,-2.0820602427518375,0.38767019425388916
14,2.4,30.0,70.0,1.8,1.0,0.01,0.001,0.5,8,17,112.0,0.5940891399092197,27.67857142857143,-4.274938593847637,-5.442596778865738,-1.528201591449682,69.0,1.117701288225975,40.57971014492754,0.6953270814788266,-2.0820602427518375,0.38767019425388916
16,2.4,30.0,70.0,1.8,1.0,0.01,0.001,0.5,8,17,112.0,0.5940891399092197,27.67857142857143,-4.274938593847637,-5.442596778865738,-1.528201591449682,69.0,1.117701288225975,40.57971014492754,0.6953270814788266,-2.0820602427518375,0.38767019425388916
18,2.4,30.0,70.0,1.8,1.0,0.01,0.001,0.5,8,17,111.0,0.5713423564100717,27.027027027027028,-4.507968585538838,-5.672806244735762,-1.6287922327974964,69.0,1.117701288225975,40.57971014492754,0.6953270814788266,-2.0820602427518375,0.38767019425388916
10,2.0,25.0,75.0,1.8,1.0,0.01,0.0005,0.75,7,18,400.0,0.7798832585248298,35.25,-5.6596475847426335,-6.256904629764637,-1.402251854458819,197.0,1.1176900918222898,41.11675126903553,1.5130324421350088,-2.574298252071827,0.6310545473537048
10,2.0,30.0,70.0,1.8,1.0,0.01,0.0005,0.75,7,18,401.0,0.7781080836424432,35.16209476309227,-5.716107023203822,-6.313035340673434,-1.4147114993983072,197.0,1.1176900918222898,41.11675126903553,1.5130324421350088,-2.574298252071827,0.6310545473537048
12,2.0,30.0,70.0,1.8,1.0,0.01,0.0005,0.75,7,18,401.0,0.7780107265359438,35.16209476309227,-5.719257903591224,-6.316146605433026,-1.415441876415845,197.0,1.1176900918222898,41.11675126903553,1.5130324421350088,-2.574298252071827,0.6310545473537048
14,2.0,30.0,70.0,1.8,1.0,0.01,0.0005,0.75,7,18,401.0,0.7780107265359438,35.16209476309227,-5.719257903591224,-6.316146605433026,-1.415441876415845,197.0,1.1176900918222898,41.11675126903553,1.5130324421350088,-2.574298252071827,0.6310545473537048
16,2.0,30.0,70.0,1.8,1.0,0.01,0.0005,0.75,7,18,400.0,0.7798832585248298,35.25,-5.6596475847426335,-6.256904629764637,-1.402251854458819,197.0,1.1176900918222898,41.11675126903553,1.5130324421350088,-2.574298252071827,0.6310545473537048
22,2.0,30.0,70.0,2.0,1.0,0.01,0.001,0.75,8,17,142.0,0.5783660862829284,24.647887323943664,-5.832720220162464,-6.3094171197119024,-1.815333695291784,82.0,1.1176383018629672,36.58536585365854,0.8504011348138375,-1.5983473808727777,0.448134258450891
24,2.0,30.0,70.0,2.0,1.0,0.01,0.001,0.75,8,17,139.0,0.5927235533305512,25.179856115107913,-5.508004291118141,-5.986355307240165,-1.7120544802865267,82.0,1.1176383018629672,36.58536585365854,0.8504011348138375,-1.5983473808727777,0.448134258450891
18,2.0,30.0,70.0,2.0,1.0,0.01,0.0007,0.75,7,18,315.0,0.7275635975426386,30.476190476190478,-6.409697358207031,-7.227803153208834,-1.5886608044696087,162.0,1.1175699030869586,38.2716049382716,1.4201045881402388,-3.1068399131696456,0.5785972937622889
22,2.2,30.0,70.0,1.5,1.0,0.01,0.0007,0.75,7,18,187.0,0.7428829197852959,39.037433155080215,-3.373981803137667,-4.03077477034911,-1.0941128482863411,89.0,1.117226283949403,47.19101123595505,0.7248998920270787,-2.903155363682286,0.4190534893688278
24,1.8,25.0,75.0,2.0,1.0,0.01,0.001,0.75,8,17,132.0,0.7316095468409785,28.78787878787879,-3.287571214772052,-3.6989436241160356,-0.9872614550374434,78.0,1.1172164054960008,35.8974358974359,0.8143158325669719,-1.49308482098226,0.4251601888069545
24,2.2,30.0,70.0,2.0,1.0,0.01,0.0007,0.75,7,18,181.0,0.6388885259969947,27.624309392265197,-5.2689188302543695,-5.537637754430158,-1.5816052309104127,87.0,1.1168387683071261,39.08045977011494,0.8061257871740418,-2.98376599009752,0.4091649162095595
20,2.2,30.0,70.0,2.0,1.0,0.01,0.001,0.5,8,17,152.0,0.6674108421250806,27.631578947368425,-4.775364466806568,-5.742964012019247,-1.408766703028278,97.0,1.1167672332224778,37.11340206185567,0.9901505218378043,-1.5195971902066563,0.4840903042447209
16,2.0,25.0,75.0,1.5,1.0,0.01,0.0007,1.0,7,18,174.0,0.8355996195034464,41.37931034482759,-1.963031975778613,-3.415608357613953,-0.656286134003813,73.0,1.1166994104228252,47.94520547945205,0.6073525883667753,-2.5496260808770987,0.3757102388990701
24,2.0,30.0,70.0,1.8,1.0,0.01,0.0007,0.75,7,18,291.0,0.7858727548155587,34.707903780068726,-4.47357705784354,-5.462365436349581,-1.1640364239871195,145.0,1.1166865249657763,41.37931034482759,1.2182571438178458,-2.3900815012240284,0.554514063544879
16,2.4,25.0,75.0,2.0,1.0,0.01,0.0007,0.5,8,17,175.0,0.6185644067736499,27.42857142857143,-5.499373867534687,-6.400920598310622,-1.7311822938691417,86.0,1.1166769112086985,38.372093023255815,0.7987403315203846,-2.3775379685760822,0.4209068883396289
14,2.0,30.0,70.0,1.5,1.0,0.01,0.001,0.5,8,17,215.0,0.7649576295632067,36.74418604651163,-4.091689837342511,-5.068429411497998,-1.1790436272992797,146.0,1.1163447424483048,45.20547945205479,1.2631857167533054,-2.0775662789237703,0.6040585814043957
22,2.0,25.0,75.0,1.5,1.0,0.01,0.0005,0.5,8,17,308.0,0.7866061752613229,39.61038961038961,-4.138563301798076,-4.9607930109278335,-1.2243298802610103,135.0,1.1162846193553824,45.18518518518518,1.0179733582757944,-1.8829911541112687,0.5209317552297522
18,2.4,30.0,70.0,1.8,1.0,0.01,0.0007,0.5,7,18,225.0,0.701078130655348,32.0,-4.9882602383148695,-5.367773852216084,-1.4972370383353177,111.0,1.1160865043987738,42.34234234234234,0.9613462298141349,-3.157777502939396,0.47720921261737587
20,2.2,25.0,75.0,1.8,1.0,0.01,0.0005,1.0,7,18,126.0,0.6927592926994973,34.12698412698413,-2.8060579876825793,-3.32133066945558,-1.1201882325081496,51.0,1.116055475939805,45.09803921568628,0.4393838088036682,-1.6217379779938423,0.30312373672259896
10,2.2,25.0,75.0,1.5,1.0,0.01,0.001,1.0,7,18,74.0,0.5274511004737049,29.72972972972973,-3.184784642173108,-3.531094612790353,-1.5324562523041831,35.0,1.11597422631555,48.57142857142857,0.335658222199836,-1.694726448333883,0.26350619576448586
10,2.2,30.0,70.0,1.5,1.0,0.01,0.001,1.0,7,18,74.0,0.5274511004737049,29.72972972972973,-3.184784642173108,-3.531094612790353,-1.5324562523041831,35.0,1.11597422631555,48.57142857142857,0.335658222199836,-1.694726448333883,0.26350619576448586
12,2.2,25.0,75.0,1.5,1.0,0.01,0.001,1.0,7,18,74.0,0.5274511004737049,29.72972972972973,-3.184784642173108,-3.531094612790353,-1.5324562523041831,35.0,1.11597422631555,48.57142857142857,0.335658222199836,-1.694726448333883,0.26350619576448586
12,2.2,30.0,70.0,1.5,1.0,0.01,0.001,1.0,7,18,74.0,0.5274511004737049,29.72972972972973,-3.184784642173108,-3.531094612790353,-1.5324562523041831,35.0,1.11597422631555,48.57142857142857,0.335658222199836,-1.694726448333883,0.26350619576448586
14,2.2,25.0,75.0,1.5,1.0,0.01,0.001,1.0,7,18,74.0,0.5274511004737049,29.72972972972973,-3.184784642173108,-3.531094612790353,-1.5324562523041831,35.0,1.11597422631555,48.57142857142857,0.335658222199836,-1.694726448333883,0.26350619576448586
14,2.2,30.0,70.0,1.5,1.0,0.01,0.001,1.0,7,18,74.0,0.5274511004737049,29.72972972972973,-3.184784642173108,-3.531094612790353,-1.5324562523041831,35.0,1.11597422631555,48.57142857142857,0.335658222199836,-1.694726448333883,0.26350619576448586
16,2.2,25.0,75.0,1.5,1.0,0.01,0.001,1.0,7,18,74.0,0.5274511004737049,29.72972972972973,-3.184784642173108,-3.531094612790353,-1.5324562523041831,35.0,1.11597422631555,48.57142857142857,0.335658222199836,-1.694726448333883,0.26350619576448586
16,2.2,30.0,70.0,1.5,1.0,0.01,0.001,1.0,7,18,74.0,0.5274511004737049,29.72972972972973,-3.184784642173108,-3.531094612790353,-1.5324562523041831,35.0,1.11597422631555,48.57142857142857,0.335658222199836,-1.694726448333883,0.26350619576448586
18,2.2,25.0,75.0,1.5,1.0,0.01,0.001,1.0,7,18,72.0,0.5178237441600648,29.166666666666668,-3.1919036900209536,-3.5381743583498992,-1.540625362897943,35.0,1.11597422631555,48.57142857142857,0.335658222199836,-1.694726448333883,0.26350619576448586
18,2.2,30.0,70.0,1.5,1.0,0.01,0.001,1.0,7,18,74.0,0.5274511004737049,29.72972972972973,-3.184784642173108,-3.531094612790353,-1.5324562523041831,35.0,1.11597422631555,48.57142857142857,0.335658222199836,-1.694726448333883,0.26350619576448586
20,2.2,25.0,75.0,1.5,1.0,0.01,0.001,1.0,7,18,68.0,0.5254069444075564,29.411764705882355,-2.962183963192947,-3.309279979576385,-1.4277157849396793,35.0,1.11597422631555,48.57142857142857,0.335658222199836,-1.694726448333883,0.26350619576448586
20,2.2,30.0,70.0,1.5,1.0,0.01,0.001,1.0,7,18,74.0,0.5274511004737049,29.72972972972973,-3.184784642173108,-3.531094612790353,-1.5324562523041831,35.0,1.11597422631555,48.57142857142857,0.335658222199836,-1.694726448333883,0.26350619576448586
22,2.2,30.0,70.0,1.5,1.0,0.01,0.001,1.0,7,18,74.0,0.5274511004737049,29.72972972972973,-3.184784642173108,-3.531094612790353,-1.5324562523041831,35.0,1.11597422631555,48.57142857142857,0.335658222199836,-1.694726448333883,0.26350619576448586
24,2.2,30.0,70.0,1.5,1.0,0.01,0.001,1.0,7,18,73.0,0.5373424669855812,30.136986301369863,-3.0629748246270174,-3.4097171204156784,-1.4619923769327694,35.0,1.11597422631555,48.57142857142857,0.335658222199836,-1.694726448333883,0.26350619576448586
20,2.0,25.0,75.0,1.5,1.0,0.01,0.0005,0.5,8,17,360.0,0.7971574425563586,39.72222222222222,-4.463230733371165,-5.720584410790264,-1.2358063422482826,166.0,1.1157868794201862,45.18072289156627,1.2005914438592846,-2.065332091430949,0.5744373356840297
20,2.0,25.0,75.0,1.5,1.0,0.01,0.0005,1.0,7,18,194.0,0.8609496804815527,43.29896907216495,-1.6905795648170896,-3.610085170880717,-0.5644852414333368,82.0,1.1153274932469648,47.5609756097561,0.6250767710221771,-2.549632294010362,0.3853929473705231
18,2.0,30.0,70.0,1.5,1.0,0.01,0.0007,0.75,7,18,315.0,0.7768688163325901,39.682539682539684,-4.675369024584707,-5.13755449315031,-1.260290459899172,162.0,1.115214483375991,45.67901234567901,1.2289402224206425,-3.014152872665965,0.5774449024300159
24,1.8,25.0,75.0,2.0,1.0,0.01,0.001,1.0,7,18,113.0,0.6007519591706265,24.778761061946902,-4.3664111248068185,-4.8583847335492365,-1.4230555809962595,69.0,1.1147622670056838,36.231884057971016,0.710978096853687,-1.5290678459335183,0.40353505194085715
18,2.4,30.0,70.0,1.5,1.0,0.01,0.0007,0.5,7,18,225.0,0.7512813780700421,39.111111111111114,-3.815926236514442,-4.103702804878939,-1.2033040205308534,111.0,1.114745954122523,46.846846846846844,0.8764036202068383,-3.21629991824961,0.47584447272023406
22,1.8,25.0,75.0,2.0,1.0,0.01,0.0005,1.0,7,18,262.0,0.7290796866031484,31.679389312977097,-5.03667496467564,-5.164057657165433,-1.388544806061638,117.0,1.1146794883815152,38.46153846153847,0.979827625102007,-1.4900857236434084,0.5030508580752552
22,2.2,25.0,75.0,1.8,1.0,0.01,0.0005,0.5,7,18,270.0,0.7887569840924321,36.2962962962963,-3.8378969953376147,-4.731210576177403,-1.105553653368719,126.0,1.1146080935127403,42.06349206349206,1.0094860347445138,-1.236928140566873,0.492234470336845
16,2.2,25.0,75.0,1.5,1.0,0.01,0.0007,0.75,7,18,181.0,0.7500377775727325,39.226519337016576,-3.1884282761633584,-3.84356049929212,-1.0406131034804293,89.0,1.1145023700329326,47.19101123595505,0.7093729302036809,-2.834973556298437,0.40996350369636647
24,2.0,30.0,70.0,2.0,1.0,0.01,0.0007,0.75,8,17,251.0,0.7329506675033163,31.07569721115538,-5.184100537089762,-6.220476960778121,-1.3999573998574284,115.0,1.1141062347153965,37.391304347826086,1.0169632851268944,-2.2839049458510563,0.49516843078016426
18,2.0,25.0,75.0,2.0,1.0,0.01,0.0007,0.75,7,18,268.0,0.7247618989604234,30.597014925373134,-5.6121363874735835,-6.91058911018867,-1.4735149809378802,137.0,1.114103034817296,38.68613138686132,1.1711496494445237,-2.1768771509142026,0.515658403478389
18,2.2,30.0,70.0,2.0,1.0,0.01,0.0007,0.5,8,17,299.0,0.7469185457163168,31.103678929765888,-5.700676050626935,-6.889916105852656,-1.479001542841819,146.0,1.1134054687599448,38.35616438356164,1.2622645126444332,-2.0629176187536458,0.5666477308249911
20,2.4,30.0,70.0,2.0,1.0,0.01,0.0005,0.5,8,17,210.0,0.6098239821401896,27.61904761904762,-6.3203122856337,-7.277940968347485,-1.9330114523525186,99.0,1.1130285517548613,38.38383838383838,0.8529862185159982,-3.0020838599498,0.43623292662623747
14,1.8,25.0,75.0,1.5,1.0,0.01,0.0005,0.75,8,17,479.0,0.7545049419996565,38.413361169102295,-7.024842331788768,-7.9518882532146895,-1.774584571214817,230.0,1.1128863418855652,45.65217391304348,1.5660712125324974,-2.3094340298129956,0.6686371801653548
24,2.4,25.0,75.0,2.0,1.0,0.01,0.001,0.5,8,17,75.0,0.5678366256532638,24.0,-3.294868305501714,-4.057842593090221,-1.286715939350512,46.0,1.1128803383737416,36.95652173913043,0.48273202826710987,-1.7339423545959631,0.29218913208511477
22,2.0,30.0,70.0,2.0,1.0,0.01,0.0007,0.75,8,17,263.0,0.7247405588162655,30.798479087452474,-5.556575962798943,-6.4493037389915635,-1.4825438358337477,118.0,1.1128451545962588,37.28813559322034,1.024668088041817,-2.4507635831648833,0.4948637877025398
14,2.2,25.0,75.0,2.0,1.0,0.01,0.0005,0.75,7,18,228.0,0.6594442810812198,29.385964912280706,-5.650865680879706,-5.964508916674238,-1.6433783083692612,108.0,1.1128286251784367,37.96296296296296,0.8860471275146301,-3.1493880173042,0.4382236597601445
22,2.0,25.0,75.0,2.0,1.0,0.01,0.0007,0.75,8,17,188.0,0.7051489627600603,30.851063829787233,-4.449762893697661,-4.597216715437302,-1.339103231972752,80.0,1.1128211815659417,36.25,0.7401033355097935,-1.40464837444072,0.4037113439402643
24,2.0,25.0,75.0,1.8,1.0,0.01,0.0005,0.5,8,17,274.0,0.8366999362253144,35.76642335766424,-2.999723972877491,-3.8393717595762267,-0.8404712416946734,116.0,1.1127825641361813,39.6551724137931,0.9383329958276226,-1.7825546837481054,0.5019840869792992
24,2.2,30.0,70.0,1.8,1.0,0.01,0.0005,0.75,7,18,219.0,0.725010790903991,33.789954337899545,-4.188261280918214,-4.74740670184528,-1.2688914993754483,103.0,1.1127151369913508,41.74757281553398,0.8110266984766894,-2.687597421323429,0.4245605804900788
20,2.2,25.0,75.0,1.5,1.0,0.01,0.0007,0.5,7,18,253.0,0.8353565814508664,41.89723320158103,-2.7611406937097858,-3.9731693120822587,-0.8099223600808798,128.0,1.1126408824330165,46.875,0.9868569300405762,-1.641620239032604,0.5063929832043227
18,2.0,25.0,75.0,1.8,1.0,0.01,0.0007,1.0,7,18,170.0,0.7663453278686917,33.52941176470588,-2.9967911544102206,-4.115457094627772,-0.9494275280223915,72.0,1.1126348783824167,43.05555555555556,0.6306414244320695,-2.5237467733564056,0.35832062125528213
22,2.0,30.0,70.0,1.8,1.0,0.01,0.0007,1.0,7,18,175.0,0.7780140538930954,33.714285714285715,-2.9219142210719293,-4.074943822661636,-0.9229796289038409,72.0,1.1126348783824167,43.05555555555556,0.6306414244320695,-2.5237467733564056,0.35832062125528213
24,2.0,30.0,70.0,1.8,1.0,0.01,0.0007,1.0,7,18,173.0,0.7924927400473908,34.104046242774565,-2.6861094665375824,-3.8419411325295028,-0.8447308126367583,72.0,1.1126348783824167,43.05555555555556,0.6306414244320695,-2.5237467733564056,0.35832062125528213
10,2.2,25.0,75.0,2.0,1.0,0.01,0.0007,0.75,7,18,190.0,0.6290470954247626,27.368421052631582,-5.658166261269562,-5.857366385809781,-1.6721366702967855,94.0,1.1121431808356845,38.297872340425535,0.8300523258357135,-3.450697666456226,0.4124938073910669
10,2.2,30.0,70.0,2.0,1.0,0.01,0.0007,0.75,7,18,190.0,0.6290470954247626,27.368421052631582,-5.658166261269562,-5.857366385809781,-1.6721366702967855,94.0,1.1121431808356845,38.297872340425535,0.8300523258357135,-3.450697666456226,0.4124938073910669
12,2.2,25.0,75.0,2.0,1.0,0.01,0.0007,0.75,7,18,188.0,0.6366880487812318,27.659574468085108,-5.480726864605531,-5.776930076518861,-1.6129224914978144,94.0,1.1121431808356845,38.297872340425535,0.8300523258357135,-3.450697666456226,0.4124938073910669
12,2.2,30.0,70.0,2.0,1.0,0.01,0.0007,0.75,7,18,190.0,0.6290470954247626,27.368421052631582,-5.658166261269562,-5.857366385809781,-1.6721366702967855,94.0,1.1121431808356845,38.297872340425535,0.8300523258357135,-3.450697666456226,0.4124938073910669
14,2.2,30.0,70.0,2.0,1.0,0.01,0.0007,0.75,7,18,190.0,0.6290470954247626,27.368421052631582,-5.658166261269562,-5.857366385809781,-1.6721366702967855,94.0,1.1121431808356845,38.297872340425535,0.8300523258357135,-3.450697666456226,0.4124938073910669
16,2.2,30.0,70.0,2.0,1.0,0.01,0.0007,0.75,7,18,190.0,0.6290470954247626,27.368421052631582,-5.658166261269562,-5.857366385809781,-1.6721366702967855,94.0,1.1121431808356845,38.297872340425535,0.8300523258357135,-3.450697666456226,0.4124938073910669
10,2.2,25.0,75.0,1.8,1.0,0.01,0.0005,0.75,7,18,236.0,0.7027465593523062,33.05084745762712,-4.832560758677901,-5.334243442705066,-1.4582848757226237,111.0,1.1121390942244582,41.44144144144144,0.8639388297725419,-3.1559522002245544,0.4428463302129671
10,2.2,30.0,70.0,1.8,1.0,0.01,0.0005,0.75,7,18,236.0,0.7027465593523062,33.05084745762712,-4.832560758677901,-5.334243442705066,-1.4582848757226237,111.0,1.1121390942244582,41.44144144144144,0.8639388297725419,-3.1559522002245544,0.4428463302129671
12,2.2,25.0,75.0,1.8,1.0,0.01,0.0005,0.75,7,18,233.0,0.7135556102217604,33.47639484978541,-4.592966602164361,-5.095908478304134,-1.3819089574716599,111.0,1.1121390942244582,41.44144144144144,0.8639388297725419,-3.1559522002245544,0.4428463302129671
12,2.2,30.0,70.0,1.8,1.0,0.01,0.0005,0.75,7,18,236.0,0.7027465593523062,33.05084745762712,-4.832560758677901,-5.334243442705066,-1.4582848757226237,111.0,1.1121390942244582,41.44144144144144,0.8639388297725419,-3.1559522002245544,0.4428463302129671
14,2.2,30.0,70.0,1.8,1.0,0.01,0.0005,0.75,7,18,236.0,0.7027465593523062,33.05084745762712,-4.832560758677901,-5.334243442705066,-1.4582848757226237,111.0,1.1121390942244582,41.44144144144144,0.8639388297725419,-3.1559522002245544,0.4428463302129671
16,2.2,30.0,70.0,1.8,1.0,0.01,0.0005,0.75,7,18,236.0,0.7027465593523062,33.05084745762712,-4.832560758677901,-5.334243442705066,-1.4582848757226237,111.0,1.1121390942244582,41.44144144144144,0.8639388297725419,-3.1559522002245544,0.4428463302129671
20,2.0,25.0,75.0,1.8,1.0,0.01,0.0007,1.0,7,18,162.0,0.7640481450366078,33.33333333333333,-2.897364921775716,-3.9024186007607486,-0.9310451228390461,68.0,1.1120444743465618,42.64705882352941,0.6021444306296871,-2.5236567708502244,0.34555919548180764
14,2.0,25.0,75.0,1.5,1.0,0.01,0.0007,0.75,7,18,301.0,0.775909057362379,39.53488372093023,-4.499441757471959,-5.003723924029768,-1.2438328591938872,156.0,1.1111321720001233,45.51282051282051,1.1448544221210066,-2.8446320563894734,0.5443470622100832
18,1.8,25.0,75.0,1.8,1.0,0.01,0.0005,0.75,8,17,401.0,0.7589976005863536,33.915211970074814,-6.370018710190162,-7.005243398767302,-1.5919029108052944,188.0,1.1109909566396734,40.95744680851064,1.3913522874107365,-2.27870007195744,0.6144515521820371
22,1.8,25.0,75.0,1.5,1.0,0.01,0.0005,0.75,8,17,315.0,0.7528418353504392,38.730158730158735,-4.9568358533238825,-5.224703997940683,-1.407588615883485,139.0,1.1109705110206465,45.32374100719424,1.0007219045705278,-2.0301420728065733,0.4979192165452357
20,2.4,25.0,75.0,2.0,1.0,0.01,0.0007,0.75,7,18,114.0,0.6311851349478265,26.31578947368421,-3.516066868760227,-4.406487128120318,-1.280564034226594,46.0,1.1106344886785062,41.30434782608695,0.42727310646378097,-1.6306414143008041,0.2940276580312355
14,2.0,25.0,75.0,1.8,1.0,0.01,0.001,0.5,8,17,195.0,0.7837704690283638,32.82051282051282,-3.6208691667535278,-4.861684845687487,-1.013107446033742,130.0,1.11056382796566,40.0,1.1595616649316072,-1.4518424389339146,0.5482993373587225
20,2.2,30.0,70.0,1.5,1.0,0.01,0.0005,0.75,7,18,232.0,0.753320394154171,40.08620689655172,-3.6381814711259355,-4.373889561207855,-1.144122467453274,109.0,1.1101430825132663,45.87155963302752,0.7672069112153258,-2.9032196252781417,0.4357303342532082
14,2.2,25.0,75.0,2.0,1.0,0.01,0.0005,0.5,7,18,425.0,0.7902542303046524,32.94117647058823,-5.818496326223631,-6.934323464179048,-1.4187316302967856,214.0,1.1099721434611578,39.25233644859813,1.6048052260912118,-2.331755740410779,0.6175518663963251
24,2.4,30.0,70.0,1.8,1.0,0.01,0.0007,0.5,7,18,207.0,0.7247193373388469,32.850241545893724,-4.259398126119086,-4.7116471927756365,-1.2943056085506814,101.0,1.1095105200853717,42.57425742574257,0.829607979131506,-2.835321372193933,0.43110201961577194
10,2.0,25.0,75.0,2.0,1.0,0.01,0.0005,1.0,8,17,166.0,0.7047109467719403,30.120481927710845,-3.781645935959805,-4.8322417827325275,-1.2266429266450618,62.0,1.1092794853334038,37.096774193548384,0.5621259795084006,-1.8050776474825003,0.3226312518043743
10,2.0,30.0,70.0,2.0,1.0,0.01,0.0005,1.0,8,17,166.0,0.7047109467719403,30.120481927710845,-3.781645935959805,-4.8322417827325275,-1.2266429266450618,62.0,1.1092794853334038,37.096774193548384,0.5621259795084006,-1.8050776474825003,0.3226312518043743
12,2.0,25.0,75.0,2.0,1.0,0.01,0.0005,1.0,8,17,166.0,0.7047109467719403,30.120481927710845,-3.781645935959805,-4.8322417827325275,-1.2266429266450618,62.0,1.1092794853334038,37.096774193548384,0.5621259795084006,-1.8050776474825003,0.3226312518043743
12,2.0,30.0,70.0,2.0,1.0,0.01,0.0005,1.0,8,17,166.0,0.7047109467719403,30.120481927710845,-3.781645935959805,-4.8322417827325275,-1.2266429266450618,62.0,1.1092794853334038,37.096774193548384,0.5621259795084006,-1.8050776474825003,0.3226312518043743
14,2.0,25.0,75.0,2.0,1.0,0.01,0.0005,1.0,8,17,165.0,0.7086832440063388,30.303030303030305,-3.71150346631679,-4.8322417827325275,-1.2013132094598995,62.0,1.1092794853334038,37.096774193548384,0.5621259795084006,-1.8050776474825003,0.3226312518043743
14,2.0,30.0,70.0,2.0,1.0,0.01,0.0005,1.0,8,17,166.0,0.7047109467719403,30.120481927710845,-3.781645935959805,-4.8322417827325275,-1.2266429266450618,62.0,1.1092794853334038,37.096774193548384,0.5621259795084006,-1.8050776474825003,0.3226312518043743
16,2.0,30.0,70.0,2.0,1.0,0.01,0.0005,1.0,8,17,166.0,0.7047109467719403,30.120481927710845,-3.781645935959805,-4.8322417827325275,-1.2266429266450618,62.0,1.1092794853334038,37.096774193548384,0.5621259795084006,-1.8050776474825003,0.3226312518043743
18,2.0,30.0,70.0,2.0,1.0,0.01,0.0005,1.0,8,17,166.0,0.7047109467719403,30.120481927710845,-3.781645935959805,-4.8322417827325275,-1.2266429266450618,62.0,1.1092794853334038,37.096774193548384,0.5621259795084006,-1.8050776474825003,0.3226312518043743
20,2.0,30.0,70.0,2.0,1.0,0.01,0.0005,1.0,8,17,165.0,0.7086832440063388,30.303030303030305,-3.71150346631679,-4.8322417827325275,-1.2013132094598995,62.0,1.1092794853334038,37.096774193548384,0.5621259795084006,-1.8050776474825003,0.3226312518043743
24,1.8,25.0,75.0,1.5,1.0,0.01,0.0007,1.0,7,18,192.0,0.7486680877456979,39.0625,-3.3991684090196395,-3.873128411579274,-1.089432513412673,88.0,1.1090409363705775,45.45454545454545,0.6912923466139363,-2.061010302767563,0.43059700465524925
20,1.8,25.0,75.0,1.8,1.0,0.01,0.001,0.75,8,17,158.0,0.6819319911391069,30.37974683544304,-4.516165380559632,-5.23319860229805,-1.3452557608563436,101.0,1.1090258754281654,39.603960396039604,0.9155876877816809,-1.6036553736915704,0.44008659696811003
20,2.2,25.0,75.0,2.0,1.0,0.01,0.001,0.75,8,17,87.0,0.4746321032631136,20.689655172413794,-4.703338789599639,-5.370413171225152,-1.7362785405801109,51.0,1.1089461510729637,37.254901960784316,0.5075338587613442,-1.729034120442141,0.2973194285235781
10,2.0,25.0,75.0,2.0,1.0,0.01,0.0007,0.75,7,18,317.0,0.7230250853860687,30.28391167192429,-6.551707370513031,-7.36857604440655,-1.6247549053920523,163.0,1.1089239380251312,38.036809815950924,1.3235066587774054,-3.1068487377826304,0.5380280633780725
10,2.0,30.0,70.0,2.0,1.0,0.01,0.0007,0.75,7,18,317.0,0.7230250853860687,30.28391167192429,-6.551707370513031,-7.36857604440655,-1.6247549053920523,163.0,1.1089239380251312,38.036809815950924,1.3235066587774054,-3.1068487377826304,0.5380280633780725
12,2.0,30.0,70.0,2.0,1.0,0.01,0.0007,0.75,7,18,317.0,0.7230250853860687,30.28391167192429,-6.551707370513031,-7.36857604440655,-1.6247549053920523,163.0,1.1089239380251312,38.036809815950924,1.3235066587774054,-3.1068487377826304,0.5380280633780725
14,2.0,30.0,70.0,2.0,1.0,0.01,0.0007,0.75,7,18,317.0,0.7230250853860687,30.28391167192429,-6.551707370513031,-7.36857604440655,-1.6247549053920523,163.0,1.1089239380251312,38.036809815950924,1.3235066587774054,-3.1068487377826304,0.5380280633780725
16,2.0,30.0,70.0,2.0,1.0,0.01,0.0007,0.75,7,18,317.0,0.7230250853860687,30.28391167192429,-6.551707370513031,-7.36857604440655,-1.6247549053920523,163.0,1.1089239380251312,38.036809815950924,1.3235066587774054,-3.1068487377826304,0.5380280633780725
20,1.8,25.0,75.0,2.0,1.0,0.01,0.001,1.0,7,18,131.0,0.5611950682432304,23.66412213740458,-5.58150330197499,-6.101360250745946,-1.7385024373640663,83.0,1.1082906211212595,37.34939759036144,0.784137475175703,-1.1876890957703945,0.42148494234045464
16,2.0,25.0,75.0,2.0,1.0,0.01,0.0007,1.0,8,17,145.0,0.7170450435646868,30.344827586206897,-3.3490460573647582,-4.550880681961433,-1.0982551492977541,58.0,1.1077515917873584,37.93103448275862,0.5318235947907488,-1.8051838432005862,0.31101418307429796
18,2.0,25.0,75.0,2.0,1.0,0.01,0.0007,1.0,8,17,141.0,0.6913520083758223,29.78723404255319,-3.5819251771128435,-4.73001496055706,-1.1931048122976022,58.0,1.1077515917873584,37.93103448275862,0.5318235947907488,-1.8051838432005862,0.31101418307429796
22,2.0,30.0,70.0,2.0,1.0,0.01,0.0007,1.0,8,17,146.0,0.7101218882469496,30.136986301369863,-3.461842846446671,-4.662321738988096,-1.1345248420149638,58.0,1.1077515917873584,37.93103448275862,0.5318235947907488,-1.8051838432005862,0.31101418307429796
24,2.0,30.0,70.0,2.0,1.0,0.01,0.0007,1.0,8,17,144.0,0.7246548346574586,30.555555555555557,-3.2272619541490895,-4.430619048506812,-1.0633883265762356,58.0,1.1077515917873584,37.93103448275862,0.5318235947907488,-1.8051838432005862,0.31101418307429796
22,2.0,25.0,75.0,1.8,1.0,0.01,0.0007,1.0,8,17,128.0,0.7382067735578186,33.59375,-2.6477654475298915,-3.622853760495637,-0.967247779082877,51.0,1.1076922138571939,41.17647058823529,0.46490508014105214,-1.650097540353923,0.2886593764771065
16,2.2,25.0,75.0,1.5,1.0,0.01,0.0005,0.5,8,17,317.0,0.8131588949646723,41.00946372239748,-3.69776825688532,-4.542442903894339,-1.087443886113761,141.0,1.1071748452018615,46.808510638297875,0.9679511083549733,-2.024671267952194,0.5070019071948575
20,2.0,25.0,75.0,2.0,1.0,0.01,0.001,0.5,8,17,158.0,0.7155073488492251,28.48101265822785,-4.114141555624956,-5.107498855464144,-1.2385331152991121,99.0,1.1071408952787356,36.36363636363637,0.9198566974964888,-1.2037063694830596,0.4316240140939573
24,2.4,25.0,75.0,1.8,1.0,0.01,0.0007,0.75,7,18,96.0,0.6073975621114949,28.125,-3.15316955616403,-3.788421053866542,-1.2762522742875975,38.0,1.1071016552418311,44.73684210526316,0.3495529960921158,-1.4329533843666753,0.2517121955178201
24,2.0,25.0,75.0,1.5,1.0,0.01,0.0005,0.5,8,17,274.0,0.8294224031407299,40.51094890510949,-2.9222750928160166,-3.683326182973934,-0.8707412850774066,116.0,1.1069797768599554,44.827586206896555,0.8216712563385227,-1.8809541567221144,0.48339605353492354
18,2.2,25.0,75.0,1.8,1.0,0.01,0.0007,0.5,7,18,282.0,0.8152671187491118,35.815602836879435,-3.706906685220838,-4.703035332543159,-1.0037818706654842,145.0,1.1065300178793886,42.06896551724138,1.1125518708592972,-1.6217753413571123,0.497846856871958
14,2.4,25.0,75.0,1.8,1.0,0.01,0.0005,0.5,7,18,267.0,0.7408261713726386,34.45692883895131,-4.6521488637136645,-5.247823113909544,-1.36488702060783,134.0,1.1062691744175976,41.04477611940299,0.9565050501967379,-2.908928243177522,0.4725678690887036
22,2.0,25.0,75.0,2.0,1.0,0.01,0.0007,1.0,8,17,128.0,0.7480919009627853,31.25,-2.628994422001779,-3.725851304543959,-0.9264538726158923,51.0,1.1058778080983238,37.254901960784316,0.476559386853296,-1.7264075700270665,0.28556133809869744
22,2.4,30.0,70.0,1.8,1.0,0.01,0.0007,0.5,7,18,218.0,0.705097866597001,32.11009174311927,-4.789770721870572,-5.170103583180985,-1.4471075499463142,104.0,1.1057411713033747,42.30769230769231,0.8184854454980269,-3.0011718149315247,0.42184798249134975
12,2.0,25.0,75.0,1.8,1.0,0.01,0.0005,0.75,7,18,395.0,0.7966132104039306,35.69620253164557,-5.136162209458434,-5.954772953595278,-1.2725688683644347,196.0,1.1055239815279987,40.816326530612244,1.3532243734223266,-2.5742396533643297,0.5664717003423143
10,2.2,25.0,75.0,1.8,1.0,0.01,0.0005,1.0,8,17,107.0,0.6041908585402843,30.8411214953271,-3.327020603047895,-3.8275266969489685,-1.4957696880434632,37.0,1.1054413650678039,43.24324324324324,0.3237338642322538,-1.363513571254782,0.24152022366374665
10,2.2,30.0,70.0,1.8,1.0,0.01,0.0005,1.0,8,17,107.0,0.6041908585402843,30.8411214953271,-3.327020603047895,-3.8275266969489685,-1.4957696880434632,37.0,1.1054413650678039,43.24324324324324,0.3237338642322538,-1.363513571254782,0.24152022366374665
12,2.2,25.0,75.0,1.8,1.0,0.01,0.0005,1.0,8,17,107.0,0.6041908585402843,30.8411214953271,-3.327020603047895,-3.8275266969489685,-1.4957696880434632,37.0,1.1054413650678039,43.24324324324324,0.3237338642322538,-1.363513571254782,0.24152022366374665
12,2.2,30.0,70.0,1.8,1.0,0.01,0.0005,1.0,8,17,107.0,0.6041908585402843,30.8411214953271,-3.327020603047895,-3.8275266969489685,-1.4957696880434632,37.0,1.1054413650678039,43.24324324324324,0.3237338642322538,-1.363513571254782,0.24152022366374665
14,2.2,25.0,75.0,1.8,1.0,0.01,0.0005,1.0,8,17,107.0,0.6041908585402843,30.8411214953271,-3.327020603047895,-3.8275266969489685,-1.4957696880434632,37.0,1.1054413650678039,43.24324324324324,0.3237338642322538,-1.363513571254782,0.24152022366374665
14,2.2,30.0,70.0,1.8,1.0,0.01,0.0005,1.0,8,17,107.0,0.6041908585402843,30.8411214953271,-3.327020603047895,-3.8275266969489685,-1.4957696880434632,37.0,1.1054413650678039,43.24324324324324,0.3237338642322538,-1.363513571254782,0.24152022366374665
16,2.2,25.0,75.0,1.8,1.0,0.01,0.0005,1.0,8,17,107.0,0.6041908585402843,30.8411214953271,-3.327020603047895,-3.8275266969489685,-1.4957696880434632,37.0,1.1054413650678039,43.24324324324324,0.3237338642322538,-1.363513571254782,0.24152022366374665
16,2.2,30.0,70.0,1.8,1.0,0.01,0.0005,1.0,8,17,107.0,0.6041908585402843,30.8411214953271,-3.327020603047895,-3.8275266969489685,-1.4957696880434632,37.0,1.1054413650678039,43.24324324324324,0.3237338642322538,-1.363513571254782,0.24152022366374665
18,2.2,25.0,75.0,1.8,1.0,0.01,0.0005,1.0,8,17,104.0,0.6009142928958869,30.76923076923077,-3.271512465269607,-3.772302977333597,-1.4753775868138708,37.0,1.1054413650678039,43.24324324324324,0.3237338642322538,-1.363513571254782,0.24152022366374665
18,2.2,30.0,70.0,1.8,1.0,0.01,0.0005,1.0,8,17,107.0,0.6041908585402843,30.8411214953271,-3.327020603047895,-3.8275266969489685,-1.4957696880434632,37.0,1.1054413650678039,43.24324324324324,0.3237338642322538,-1.363513571254782,0.24152022366374665
20,2.2,25.0,75.0,1.8,1.0,0.01,0.0005,1.0,8,17,100.0,0.6360957626711276,32.0,-2.8256364671023584,-3.328719512119749,-1.2547580380146148,37.0,1.1054413650678039,43.24324324324324,0.3237338642322538,-1.363513571254782,0.24152022366374665
20,2.2,30.0,70.0,1.8,1.0,0.01,0.0005,1.0,8,17,107.0,0.6041908585402843,30.8411214953271,-3.327020603047895,-3.8275266969489685,-1.4957696880434632,37.0,1.1054413650678039,43.24324324324324,0.3237338642322538,-1.363513571254782,0.24152022366374665
22,2.2,30.0,70.0,1.8,1.0,0.01,0.0005,1.0,8,17,107.0,0.6041908585402843,30.8411214953271,-3.327020603047895,-3.8275266969489685,-1.4957696880434632,37.0,1.1054413650678039,43.24324324324324,0.3237338642322538,-1.363513571254782,0.24152022366374665
24,2.2,30.0,70.0,1.8,1.0,0.01,0.0005,1.0,8,17,106.0,0.6132394150647889,31.132075471698112,-3.2052674478186236,-3.706407238393661,-1.4278806759301463,37.0,1.1054413650678039,43.24324324324324,0.3237338642322538,-1.363513571254782,0.24152022366374665
10,2.0,25.0,75.0,1.5,1.0,0.01,0.0007,0.75,7,18,317.0,0.7713801897659547,39.43217665615142,-4.820128080351515,-5.281594284443525,-1.2997806388078326,163.0,1.105432862036213,45.39877300613497,1.1324440163828149,-3.0142005602997957,0.5303659768167317
10,2.0,30.0,70.0,1.5,1.0,0.01,0.0007,0.75,7,18,317.0,0.7713801897659547,39.43217665615142,-4.820128080351515,-5.281594284443525,-1.2997806388078326,163.0,1.105432862036213,45.39877300613497,1.1324440163828149,-3.0142005602997957,0.5303659768167317
12,2.0,30.0,70.0,1.5,1.0,0.01,0.0007,0.75,7,18,317.0,0.7713801897659547,39.43217665615142,-4.820128080351515,-5.281594284443525,-1.2997806388078326,163.0,1.105432862036213,45.39877300613497,1.1324440163828149,-3.0142005602997957,0.5303659768167317
14,2.0,30.0,70.0,1.5,1.0,0.01,0.0007,0.75,7,18,317.0,0.7713801897659547,39.43217665615142,-4.820128080351515,-5.281594284443525,-1.2997806388078326,163.0,1.105432862036213,45.39877300613497,1.1324440163828149,-3.0142005602997957,0.5303659768167317
16,2.0,30.0,70.0,1.5,1.0,0.01,0.0007,0.75,7,18,317.0,0.7713801897659547,39.43217665615142,-4.820128080351515,-5.281594284443525,-1.2997806388078326,163.0,1.105432862036213,45.39877300613497,1.1324440163828149,-3.0142005602997957,0.5303659768167317
14,2.4,25.0,75.0,2.0,1.0,0.01,0.001,0.5,8,17,108.0,0.5071874184834256,22.22222222222222,-5.341488183754118,-6.29061018545074,-1.8791690165522854,67.0,1.1051045316064556,37.3134328358209,0.6282849210415589,-2.086700006393083,0.34124328568935425
14,1.8,25.0,75.0,1.8,1.0,0.01,0.0007,0.75,8,17,378.0,0.7313042835966942,32.27513227513227,-7.202278915851493,-7.467940044089727,-1.793831706064491,197.0,1.1050316697566316,40.609137055837564,1.4549632599578217,-2.0215534456833217,0.6191379689025531
20,2.0,25.0,75.0,1.8,1.0,0.01,0.0005,1.0,7,18,194.0,0.8083045129663781,36.08247422680412,-2.5538808697935385,-3.9936805154988986,-0.8019462952531715,82.0,1.104523860197725,42.68292682926829,0.6157342353700187,-2.523665720323831,0.34841940618564127
18,2.0,30.0,70.0,2.0,1.0,0.01,0.0005,0.75,7,18,397.0,0.7525385651819065,31.98992443324937,-6.599120539219494,-7.239227266518167,-1.5745492506648997,196.0,1.1044683740302643,38.265306122448976,1.3988512521357734,-3.1388433706902696,0.5576558808822193
12,1.8,25.0,75.0,1.5,1.0,0.01,0.0007,0.75,8,17,399.0,0.7687783327058726,38.34586466165413,-6.035359233677264,-7.114616978604227,-1.5412254942643928,204.0,1.1044511102716725,45.588235294117645,1.3797300376633574,-2.0364501958139436,0.6121982569674073
24,1.8,25.0,75.0,1.5,1.0,0.01,0.0007,0.75,8,17,229.0,0.7672131310489034,38.427947598253276,-3.7136467860725317,-3.8015528834826506,-1.0967068751846882,107.0,1.1042891216858752,44.85981308411215,0.7786383515037596,-1.9710080574987798,0.4511894944472816
20,2.2,25.0,75.0,2.0,1.0,0.01,0.0005,0.75,8,17,156.0,0.6065626380214374,27.564102564102566,-4.872899681915042,-5.6010505802271515,-1.620463313179375,67.0,1.1042715141413506,37.3134328358209,0.5672947373815077,-2.046893700467678,0.32123984979485154
20,2.0,30.0,70.0,2.0,1.0,0.01,0.001,0.75,7,18,159.0,0.6017684054867343,25.157232704402517,-6.050960671249868,-6.687784401605934,-1.7807860060928344,106.0,1.1042140487265424,36.79245283018868,0.9568403609949382,-2.0699728935170025,0.4356674484183069
24,2.0,25.0,75.0,1.8,1.0,0.01,0.0007,1.0,8,17,118.0,0.7457197735249853,33.89830508474576,-2.3715522463810883,-3.349388362482897,-0.887488441264636,47.0,1.1041770111939695,40.42553191489361,0.42347559708056,-1.6992321627262719,0.2690078952387084
24,2.0,30.0,70.0,1.8,1.0,0.01,0.0005,0.75,7,18,360.0,0.8143812516348155,36.388888888888886,-4.335306659723664,-5.3908269990974755,-1.0987953021385397,174.0,1.1039247344680196,41.37931034482759,1.1971493992406796,-2.323041524633329,0.5392080573140132
20,2.2,25.0,75.0,1.5,1.0,0.01,0.0007,0.75,7,18,164.0,0.7639662840896481,39.63414634146341,-2.711889992867382,-3.5131232821022707,-0.9164152811651416,79.0,1.1037934355228496,48.10126582278481,0.5840946453312609,-2.601039025317098,0.35229778725891703
20,2.0,30.0,70.0,1.5,1.0,0.01,0.001,0.5,8,17,203.0,0.7647765076128348,36.94581280788177,-3.8754728898888064,-4.951809548458163,-1.102912943932655,132.0,1.1037532548152102,44.696969696969695,1.0192132590585605,-1.9839596164362039,0.506600582691079
18,2.2,25.0,75.0,1.5,1.0,0.01,0.001,0.5,8,17,135.0,0.6347250524932115,34.074074074074076,-4.317113845579861,-5.078699511025064,-1.4945504614452954,81.0,1.1037006105285077,44.44444444444444,0.6600554786820249,-1.398915715460225,0.3869891624550598
10,2.4,25.0,75.0,1.8,1.0,0.01,0.0007,0.5,7,18,227.0,0.712171541888061,32.158590308370044,-4.829968038792067,-5.281303506859436,-1.4384415148755774,112.0,1.1035582624682723,41.964285714285715,0.8653859485519934,-3.1576447611251335,0.42798451218740663
10,2.4,30.0,70.0,1.8,1.0,0.01,0.0007,0.5,7,18,227.0,0.712171541888061,32.158590308370044,-4.829968038792067,-5.281303506859436,-1.4384415148755774,112.0,1.1035582624682723,41.964285714285715,0.8653859485519934,-3.1576447611251335,0.42798451218740663
12,2.4,25.0,75.0,1.8,1.0,0.01,0.0007,0.5,7,18,224.0,0.7056597900772782,32.142857142857146,-4.883011996369496,-5.262955553116255,-1.463409865981833,112.0,1.1035582624682723,41.964285714285715,0.8653859485519934,-3.1576447611251335,0.42798451218740663
12,2.4,30.0,70.0,1.8,1.0,0.01,0.0007,0.5,7,18,227.0,0.712171541888061,32.158590308370044,-4.829968038792067,-5.281303506859436,-1.4384415148755774,112.0,1.1035582624682723,41.964285714285715,0.8653859485519934,-3.1576447611251335,0.42798451218740663
14,2.4,30.0,70.0,1.8,1.0,0.01,0.0007,0.5,7,18,227.0,0.712171541888061,32.158590308370044,-4.829968038792067,-5.281303506859436,-1.4384415148755774,112.0,1.1035582624682723,41.964285714285715,0.8653859485519934,-3.1576447611251335,0.42798451218740663
16,2.4,30.0,70.0,1.8,1.0,0.01,0.0007,0.5,7,18,227.0,0.712171541888061,32.158590308370044,-4.829968038792067,-5.281303506859436,-1.4384415148755774,112.0,1.1035582624682723,41.964285714285715,0.8653859485519934,-3.1576447611251335,0.42798451218740663
14,2.4,25.0,75.0,2.0,1.0,0.01,0.0007,0.5,7,18,216.0,0.6352680358614691,27.314814814814813,-6.211378118447828,-6.545765618179344,-1.8122359541105495,108.0,1.1034219073029725,38.88888888888889,0.8685994054209368,-3.4618303329859823,0.4206747238326698
24,1.8,25.0,75.0,1.8,1.0,0.01,0.0007,0.75,8,17,229.0,0.7626035968981282,33.18777292576419,-4.060923520619581,-4.221394006425616,-1.1409626048970924,107.0,1.1033604273562225,39.25233644859813,0.8364468912302072,-1.8827393910139656,0.44272056923816033
22,2.2,30.0,70.0,1.5,1.0,0.01,0.0005,0.5,8,17,337.0,0.8077099563518297,40.35608308605341,-4.029242248363843,-5.185536500272425,-1.1516597680136773,148.0,1.1033136379926471,46.62162162162162,0.9820708175119943,-2.223042674491693,0.5170854357777601
20,2.2,25.0,75.0,2.0,1.0,0.01,0.0007,0.5,7,18,253.0,0.7451348880802745,31.225296442687743,-4.884128893793713,-6.223127322871569,-1.3379803555714416,128.0,1.10275179483095,38.28125,1.0208892909192402,-1.3225885050919262,0.4564964749502853
14,1.8,25.0,75.0,1.8,1.0,0.01,0.001,0.75,8,17,186.0,0.6982290176949845,30.64516129032258,-4.965425013008098,-5.531788184530228,-1.41796348620563,128.0,1.102434039984566,39.84375,1.0673683965087912,-1.3122305030162429,0.4968092560659548
22,2.0,25.0,75.0,1.5,1.0,0.01,0.001,1.0,8,17,81.0,0.6198856332895201,33.33333333333333,-2.800704012416973,-3.5930141286051986,-1.2145022189402226,45.0,1.1023858127391533,44.44444444444444,0.3827434466928026,-1.8629490963929518,0.2582662407188632
18,2.2,30.0,70.0,2.0,1.0,0.01,0.0005,0.75,7,18,236.0,0.656303528267215,29.23728813559322,-5.8589361198976615,-6.171900419272591,-1.6930516999360967,110.0,1.1023694971163522,38.18181818181819,0.8184781251258026,-3.450685469888315,0.403267572427148
18,1.8,25.0,75.0,1.5,1.0,0.01,0.0005,0.75,8,17,401.0,0.747915552785228,38.15461346633416,-6.256748064311505,-6.636262143598182,-1.6311361979807517,189.0,1.1021191952769145,45.5026455026455,1.185402439896643,-2.234194716551696,0.5346483200872107
10,2.0,25.0,75.0,2.0,1.0,0.01,0.0007,1.0,7,18,175.0,0.7431187392492615,30.28571428571429,-3.5398709256404435,-5.061054469438009,-1.0691988489046433,74.0,1.1017934162370362,39.189189189189186,0.6092476356868428,-2.5993235472865917,0.33222733694990253
10,2.0,30.0,70.0,2.0,1.0,0.01,0.0007,1.0,7,18,175.0,0.7431187392492615,30.28571428571429,-3.5398709256404435,-5.061054469438009,-1.0691988489046433,74.0,1.1017934162370362,39.189189189189186,0.6092476356868428,-2.5993235472865917,0.33222733694990253
12,2.0,25.0,75.0,2.0,1.0,0.01,0.0007,1.0,7,18,175.0,0.7431187392492615,30.28571428571429,-3.5398709256404435,-5.061054469438009,-1.0691988489046433,74.0,1.1017934162370362,39.189189189189186,0.6092476356868428,-2.5993235472865917,0.33222733694990253
12,2.0,30.0,70.0,2.0,1.0,0.01,0.0007,1.0,7,18,175.0,0.7431187392492615,30.28571428571429,-3.5398709256404435,-5.061054469438009,-1.0691988489046433,74.0,1.1017934162370362,39.189189189189186,0.6092476356868428,-2.5993235472865917,0.33222733694990253
14,2.0,25.0,75.0,2.0,1.0,0.01,0.0007,1.0,7,18,175.0,0.7431187392492615,30.28571428571429,-3.5398709256404435,-5.061054469438009,-1.0691988489046433,74.0,1.1017934162370362,39.189189189189186,0.6092476356868428,-2.5993235472865917,0.33222733694990253
14,2.0,30.0,70.0,2.0,1.0,0.01,0.0007,1.0,7,18,175.0,0.7431187392492615,30.28571428571429,-3.5398709256404435,-5.061054469438009,-1.0691988489046433,74.0,1.1017934162370362,39.189189189189186,0.6092476356868428,-2.5993235472865917,0.33222733694990253
16,2.0,30.0,70.0,2.0,1.0,0.01,0.0007,1.0,7,18,175.0,0.7431187392492615,30.28571428571429,-3.5398709256404435,-5.061054469438009,-1.0691988489046433,74.0,1.1017934162370362,39.189189189189186,0.6092476356868428,-2.5993235472865917,0.33222733694990253
18,2.0,30.0,70.0,2.0,1.0,0.01,0.0007,1.0,7,18,175.0,0.7431187392492615,30.28571428571429,-3.5398709256404435,-5.061054469438009,-1.0691988489046433,74.0,1.1017934162370362,39.189189189189186,0.6092476356868428,-2.5993235472865917,0.33222733694990253
20,2.0,30.0,70.0,2.0,1.0,0.01,0.0007,1.0,7,18,175.0,0.7431187392492615,30.28571428571429,-3.5398709256404435,-5.061054469438009,-1.0691988489046433,74.0,1.1017934162370362,39.189189189189186,0.6092476356868428,-2.5993235472865917,0.33222733694990253
10,2.0,25.0,75.0,1.8,1.0,0.01,0.0005,1.0,7,18,214.0,0.81171061404077,35.981308411214954,-2.7345964002501386,-4.298396300835316,-0.8443258431860498,90.0,1.1017181458589451,42.22222222222222,0.6427351327786164,-2.5237067975105276,0.3594471553495808
10,2.0,30.0,70.0,1.8,1.0,0.01,0.0005,1.0,7,18,214.0,0.81171061404077,35.981308411214954,-2.7345964002501386,-4.298396300835316,-0.8443258431860498,90.0,1.1017181458589451,42.22222222222222,0.6427351327786164,-2.5237067975105276,0.3594471553495808
12,2.0,25.0,75.0,1.8,1.0,0.01,0.0005,1.0,7,18,214.0,0.81171061404077,35.981308411214954,-2.7345964002501386,-4.298396300835316,-0.8443258431860498,90.0,1.1017181458589451,42.22222222222222,0.6427351327786164,-2.5237067975105276,0.3594471553495808
12,2.0,30.0,70.0,1.8,1.0,0.01,0.0005,1.0,7,18,214.0,0.81171061404077,35.981308411214954,-2.7345964002501386,-4.298396300835316,-0.8443258431860498,90.0,1.1017181458589451,42.22222222222222,0.6427351327786164,-2.5237067975105276,0.3594471553495808
14,2.0,30.0,70.0,1.8,1.0,0.01,0.0005,1.0,7,18,214.0,0.81171061404077,35.981308411214954,-2.7345964002501386,-4.298396300835316,-0.8443258431860498,90.0,1.1017181458589451,42.22222222222222,0.6427351327786164,-2.5237067975105276,0.3594471553495808
16,2.0,30.0,70.0,1.8,1.0,0.01,0.0005,1.0,7,18,214.0,0.81171061404077,35.981308411214954,-2.7345964002501386,-4.298396300835316,-0.8443258431860498,90.0,1.1017181458589451,42.22222222222222,0.6427351327786164,-2.5237067975105276,0.3594471553495808
18,2.0,30.0,70.0,1.8,1.0,0.01,0.0005,1.0,7,18,214.0,0.81171061404077,35.981308411214954,-2.7345964002501386,-4.298396300835316,-0.8443258431860498,90.0,1.1017181458589451,42.22222222222222,0.6427351327786164,-2.5237067975105276,0.3594471553495808
20,2.0,30.0,70.0,1.8,1.0,0.01,0.0005,1.0,7,18,212.0,0.8189448897896378,36.32075471698113,-2.608811141272126,-4.244452325209192,-0.8039702622542556,90.0,1.1017181458589451,42.22222222222222,0.6427351327786164,-2.5237067975105276,0.3594471553495808
22,2.2,25.0,75.0,2.0,1.0,0.01,0.0007,0.5,7,18,219.0,0.7302198920640337,31.05022831050228,-4.585944636190216,-5.239501473876662,-1.3229832813126106,105.0,1.101618971079792,37.142857142857146,0.8537756479798736,-1.3468431620980659,0.4082977178675333
14,2.2,25.0,75.0,2.0,1.0,0.01,0.001,0.75,7,18,110.0,0.5151797523062803,21.818181818181817,-5.290984254793366,-5.800428998634399,-1.7676404761902056,65.0,1.1015426077876944,36.92307692307693,0.5995073334755762,-2.287293414310443,0.31911883215232084
20,2.2,30.0,70.0,2.0,1.0,0.01,0.001,0.75,7,18,111.0,0.5103877224517831,21.62162162162162,-5.390351060154699,-5.899285965592938,-1.7949799580987538,65.0,1.1015426077876944,36.92307692307693,0.5995073334755762,-2.287293414310443,0.31911883215232084
20,2.0,30.0,70.0,1.5,1.0,0.01,0.0007,0.75,7,18,312.0,0.7792522647926007,39.743589743589745,-4.586425901079765,-5.049040124626048,-1.2370729603486528,158.0,1.1015334578834126,45.56962025316456,1.0614281588175254,-3.014140253526476,0.5029078164157612
20,2.0,25.0,75.0,1.8,1.0,0.01,0.0005,0.75,7,18,306.0,0.7865752161009707,35.947712418300654,-4.303149162814771,-5.542528311165373,-1.1562474172978567,144.0,1.101393822601934,42.36111111111111,0.9934872795249794,-1.6938775875663836,0.4784942711497477
16,2.2,25.0,75.0,1.8,1.0,0.01,0.0007,0.5,8,17,265.0,0.7867091300386361,35.094339622641506,-4.120785059282407,-5.082072116032787,-1.1676430104468305,126.0,1.1013470371293805,40.476190476190474,0.9382476162629428,-1.6420356285356208,0.45636452301633235
24,2.2,30.0,70.0,1.8,1.0,0.01,0.0007,0.5,8,17,268.0,0.7876065124772573,34.701492537313435,-4.1596015917796105,-5.4594009484150385,-1.1460337528980071,127.0,1.1012818499949517,40.94488188976378,0.9596356345003733,-1.6209019051962037,0.47728671908476683
18,2.2,25.0,75.0,1.8,1.0,0.01,0.0005,0.75,7,18,209.0,0.700578093569495,33.014354066985646,-4.395951701677186,-4.986547542910258,-1.3570815674085916,100.0,1.1012788215286895,42.0,0.7142923880937269,-2.619200718474779,0.37733480805150893
14,2.2,25.0,75.0,2.0,1.0,0.01,0.0007,0.5,7,18,328.0,0.7408906112712483,30.48780487804878,-6.244705505774528,-6.965644881429434,-1.609838950236685,174.0,1.1012637832030427,38.50574712643678,1.3239601487808794,-2.334862398924975,0.520511092905486
24,2.4,25.0,75.0,2.0,1.0,0.01,0.0005,0.5,8,17,134.0,0.7180183033044835,31.343283582089555,-2.9455130141110746,-3.7910367598289696,-1.0173982906611858,55.0,1.1012196276085506,36.36363636363637,0.47725799443738653,-1.8854387801633066,0.28397066054867887
10,2.4,25.0,75.0,1.5,1.0,0.01,0.0007,0.5,7,18,227.0,0.7604587508001631,39.20704845814978,-3.696351700860287,-4.025992687419045,-1.1584527994048996,112.0,1.1011707290367976,46.42857142857143,0.7803695952533417,-3.2162161705709957,0.4217609376983405
10,2.4,30.0,70.0,1.5,1.0,0.01,0.0007,0.5,7,18,227.0,0.7604587508001631,39.20704845814978,-3.696351700860287,-4.025992687419045,-1.1584527994048996,112.0,1.1011707290367976,46.42857142857143,0.7803695952533417,-3.2162161705709957,0.4217609376983405
12,2.4,25.0,75.0,1.5,1.0,0.01,0.0007,0.5,7,18,224.0,0.7566604017146328,39.285714285714285,-3.7093695661342645,-4.048283887886828,-1.1687705515339204,112.0,1.1011707290367976,46.42857142857143,0.7803695952533417,-3.2162161705709957,0.4217609376983405
12,2.4,30.0,70.0,1.5,1.0,0.01,0.0007,0.5,7,18,227.0,0.7604587508001631,39.20704845814978,-3.696351700860287,-4.025992687419045,-1.1584527994048996,112.0,1.1011707290367976,46.42857142857143,0.7803695952533417,-3.2162161705709957,0.4217609376983405
14,2.4,30.0,70.0,1.5,1.0,0.01,0.0007,0.5,7,18,227.0,0.7604587508001631,39.20704845814978,-3.696351700860287,-4.025992687419045,-1.1584527994048996,112.0,1.1011707290367976,46.42857142857143,0.7803695952533417,-3.2162161705709957,0.4217609376983405
16,2.4,30.0,70.0,1.5,1.0,0.01,0.0007,0.5,7,18,227.0,0.7604587508001631,39.20704845814978,-3.696351700860287,-4.025992687419045,-1.1584527994048996,112.0,1.1011707290367976,46.42857142857143,0.7803695952533417,-3.2162161705709957,0.4217609376983405
12,1.8,25.0,75.0,1.5,1.0,0.01,0.001,0.75,8,17,196.0,0.68793631622963,34.69387755102041,-5.101727529250511,-5.778756000670837,-1.522091372674212,132.0,1.1011490098936534,44.696969696969695,1.0050260521824383,-1.885901610555163,0.4904930254430516
14,2.0,25.0,75.0,1.5,1.0,0.01,0.0007,0.5,8,17,395.0,0.7882491437611656,38.734177215189874,-5.449066925869229,-6.4839412587746175,-1.4044786549236898,206.0,1.1009478935935273,45.14563106796117,1.3281922657954237,-2.3209802082308717,0.5935502310947395
14,2.2,25.0,75.0,1.5,1.0,0.01,0.0005,0.75,7,18,228.0,0.7498707982146228,39.91228070175439,-3.6419142524620476,-4.277378250257202,-1.1569449568318144,108.0,1.1004023426912226,45.370370370370374,0.6980176644935454,-2.9032287882179486,0.39698919547857964
22,2.4,25.0,75.0,2.0,1.0,0.01,0.0005,1.0,7,18,70.0,0.5257840426174577,25.71428571428571,-2.7408645994292966,-2.805258388870502,-1.4586478670347256,27.0,1.1002193449713396,37.03703703703704,0.24286656810256319,-1.0744492190570165,0.1972528347585929
24,2.2,25.0,75.0,2.0,1.0,0.01,0.001,0.75,8,17,73.0,0.5464360834297104,23.28767123287671,-3.3936245423005493,-3.9956133886033363,-1.3132285627763582,44.0,1.1002079718174753,36.36363636363637,0.41662167889109697,-1.7985942930097587,0.25394152238065437
20,2.2,25.0,75.0,1.8,1.0,0.01,0.0007,0.75,7,18,164.0,0.6825034868265046,31.097560975609756,-4.02245128360164,-4.501566523021195,-1.283556624259637,79.0,1.1000610697163433,43.037974683544306,0.6106895125011215,-2.5424449677505567,0.3372341785242383
16,2.2,25.0,75.0,1.8,1.0,0.01,0.001,0.5,8,17,142.0,0.6804003457042451,30.985915492957744,-4.142801256794719,-5.211678741885562,-1.3236951061295075,86.0,1.1000199781619207,39.53488372093023,0.7287037449740819,-1.2590390158579545,0.3843213567679199
14,2.2,25.0,75.0,1.8,1.0,0.01,0.001,0.75,7,18,110.0,0.5952083412475215,27.27272727272727,-4.170619861565992,-4.851991119375887,-1.4383129725616943,65.0,1.1000160011077926,40.0,0.5667085253610821,-2.401927082095867,0.31098232653240687
20,2.2,30.0,70.0,1.8,1.0,0.01,0.001,0.75,7,18,111.0,0.5893099393006126,27.027027027027028,-4.271179070849485,-4.951824341055433,-1.467657789036624,65.0,1.1000160011077926,40.0,0.5667085253610821,-2.401927082095867,0.31098232653240687
20,1.8,25.0,75.0,1.8,1.0,0.01,0.0007,0.75,8,17,292.0,0.7509254137065099,33.21917808219178,-5.302105405693055,-5.988731377622136,-1.4063839764792654,145.0,1.0999058757559377,40.0,1.0562985271791514,-1.9226236633828275,0.4865588447337514
24,2.0,25.0,75.0,2.0,1.0,0.01,0.0007,0.5,8,17,222.0,0.877752814819807,33.78378378378378,-2.0525412652124033,-2.9154608486838707,-0.5696661554802254,104.0,1.0998080104462606,35.57692307692308,0.8200001195289042,-1.8358008904908463,0.4211455583907417
10,2.4,25.0,75.0,1.8,1.0,0.01,0.001,1.0,7,18,45.0,0.33482465002877093,17.77777777777778,-3.1634587194812593,-3.332287946133472,-1.9889135463585947,24.0,1.0995684235843743,41.66666666666667,0.22205207820587022,-1.0264005351820593,0.19076421549389957
10,2.4,30.0,70.0,1.8,1.0,0.01,0.001,1.0,7,18,45.0,0.33482465002877093,17.77777777777778,-3.1634587194812593,-3.332287946133472,-1.9889135463585947,24.0,1.0995684235843743,41.66666666666667,0.22205207820587022,-1.0264005351820593,0.19076421549389957
12,2.4,25.0,75.0,1.8,1.0,0.01,0.001,1.0,7,18,45.0,0.33482465002877093,17.77777777777778,-3.1634587194812593,-3.332287946133472,-1.9889135463585947,24.0,1.0995684235843743,41.66666666666667,0.22205207820587022,-1.0264005351820593,0.19076421549389957
12,2.4,30.0,70.0,1.8,1.0,0.01,0.001,1.0,7,18,45.0,0.33482465002877093,17.77777777777778,-3.1634587194812593,-3.332287946133472,-1.9889135463585947,24.0,1.0995684235843743,41.66666666666667,0.22205207820587022,-1.0264005351820593,0.19076421549389957
14,2.4,25.0,75.0,1.8,1.0,0.01,0.001,1.0,7,18,45.0,0.33482465002877093,17.77777777777778,-3.1634587194812593,-3.332287946133472,-1.9889135463585947,24.0,1.0995684235843743,41.66666666666667,0.22205207820587022,-1.0264005351820593,0.19076421549389957
14,2.4,30.0,70.0,1.8,1.0,0.01,0.001,1.0,7,18,45.0,0.33482465002877093,17.77777777777778,-3.1634587194812593,-3.332287946133472,-1.9889135463585947,24.0,1.0995684235843743,41.66666666666667,0.22205207820587022,-1.0264005351820593,0.19076421549389957
16,2.4,25.0,75.0,1.8,1.0,0.01,0.001,1.0,7,18,45.0,0.33482465002877093,17.77777777777778,-3.1634587194812593,-3.332287946133472,-1.9889135463585947,24.0,1.0995684235843743,41.66666666666667,0.22205207820587022,-1.0264005351820593,0.19076421549389957
16,2.4,30.0,70.0,1.8,1.0,0.01,0.001,1.0,7,18,45.0,0.33482465002877093,17.77777777777778,-3.1634587194812593,-3.332287946133472,-1.9889135463585947,24.0,1.0995684235843743,41.66666666666667,0.22205207820587022,-1.0264005351820593,0.19076421549389957
18,2.4,25.0,75.0,1.8,1.0,0.01,0.001,1.0,7,18,45.0,0.33482465002877093,17.77777777777778,-3.1634587194812593,-3.332287946133472,-1.9889135463585947,24.0,1.0995684235843743,41.66666666666667,0.22205207820587022,-1.0264005351820593,0.19076421549389957
18,2.4,30.0,70.0,1.8,1.0,0.01,0.001,1.0,7,18,45.0,0.33482465002877093,17.77777777777778,-3.1634587194812593,-3.332287946133472,-1.9889135463585947,24.0,1.0995684235843743,41.66666666666667,0.22205207820587022,-1.0264005351820593,0.19076421549389957
20,2.4,25.0,75.0,1.8,1.0,0.01,0.001,1.0,7,18,43.0,0.3543300899734519,18.6046511627907,-2.9057820274180632,-3.0750535174202787,-1.8511205287971837,24.0,1.0995684235843743,41.66666666666667,0.22205207820587022,-1.0264005351820593,0.19076421549389957
20,2.4,30.0,70.0,1.8,1.0,0.01,0.001,1.0,7,18,45.0,0.33482465002877093,17.77777777777778,-3.1634587194812593,-3.332287946133472,-1.9889135463585947,24.0,1.0995684235843743,41.66666666666667,0.22205207820587022,-1.0264005351820593,0.19076421549389957
22,2.4,30.0,70.0,1.8,1.0,0.01,0.001,1.0,7,18,45.0,0.33482465002877093,17.77777777777778,-3.1634587194812593,-3.332287946133472,-1.9889135463585947,24.0,1.0995684235843743,41.66666666666667,0.22205207820587022,-1.0264005351820593,0.19076421549389957
24,2.4,30.0,70.0,1.8,1.0,0.01,0.001,1.0,7,18,45.0,0.33482465002877093,17.77777777777778,-3.1634587194812593,-3.332287946133472,-1.9889135463585947,24.0,1.0995684235843743,41.66666666666667,0.22205207820587022,-1.0264005351820593,0.19076421549389957
14,2.4,25.0,75.0,2.0,1.0,0.01,0.0005,0.75,7,18,150.0,0.7279865749155192,31.333333333333336,-3.029101003579253,-4.041207948101366,-1.0305585178587173,65.0,1.0993764861259372,40.0,0.47109663864104734,-1.6306238313304466,0.30820811894889555
18,1.8,25.0,75.0,2.0,1.0,0.01,0.0007,0.75,8,17,322.0,0.719720740288621,29.81366459627329,-6.826335854338304,-7.3541516918023575,-1.7289616499568603,163.0,1.0983820122461307,37.423312883435585,1.1930645992098834,-2.204563923348657,0.5039035674115995
24,2.0,25.0,75.0,2.0,1.0,0.01,0.0005,0.5,8,17,274.0,0.8702374078684657,33.57664233576642,-2.458641614831904,-3.244111967711061,-0.6571833714499574,116.0,1.098147502471429,36.206896551724135,0.8532372222482081,-1.9012854085824094,0.42618786562830463
24,2.4,25.0,75.0,1.8,1.0,0.01,0.0007,1.0,7,18,60.0,0.4958605733170861,26.666666666666668,-2.5859207963703374,-2.5859207963703335,-1.4934449471081557,24.0,1.0980192289404904,41.66666666666667,0.2135898084433029,-0.9748848803550092,0.18572737491146757
24,2.4,25.0,75.0,1.8,1.0,0.01,0.0005,0.5,8,17,134.0,0.7131578706973941,34.32835820895522,-2.899451293744441,-4.160508374108851,-1.0554169340670574,55.0,1.097936294853357,40.0,0.4432600196122621,-1.806693355511857,0.27113407593791194
10,2.0,25.0,75.0,1.5,1.0,0.01,0.0005,1.0,7,18,214.0,0.8461117735619506,42.523364485981304,-2.052829839425267,-3.897238059058994,-0.6682132143226797,90.0,1.0975726902330558,46.666666666666664,0.5691166695225547,-2.5496191027594706,0.3474142995633642
10,2.0,30.0,70.0,1.5,1.0,0.01,0.0005,1.0,7,18,214.0,0.8461117735619506,42.523364485981304,-2.052829839425267,-3.897238059058994,-0.6682132143226797,90.0,1.0975726902330558,46.666666666666664,0.5691166695225547,-2.5496191027594706,0.3474142995633642
12,2.0,25.0,75.0,1.5,1.0,0.01,0.0005,1.0,7,18,214.0,0.8461117735619506,42.523364485981304,-2.052829839425267,-3.897238059058994,-0.6682132143226797,90.0,1.0975726902330558,46.666666666666664,0.5691166695225547,-2.5496191027594706,0.3474142995633642
12,2.0,30.0,70.0,1.5,1.0,0.01,0.0005,1.0,7,18,214.0,0.8461117735619506,42.523364485981304,-2.052829839425267,-3.897238059058994,-0.6682132143226797,90.0,1.0975726902330558,46.666666666666664,0.5691166695225547,-2.5496191027594706,0.3474142995633642
14,2.0,30.0,70.0,1.5,1.0,0.01,0.0005,1.0,7,18,214.0,0.8461117735619506,42.523364485981304,-2.052829839425267,-3.897238059058994,-0.6682132143226797,90.0,1.0975726902330558,46.666666666666664,0.5691166695225547,-2.5496191027594706,0.3474142995633642
16,2.0,30.0,70.0,1.5,1.0,0.01,0.0005,1.0,7,18,214.0,0.8461117735619506,42.523364485981304,-2.052829839425267,-3.897238059058994,-0.6682132143226797,90.0,1.0975726902330558,46.666666666666664,0.5691166695225547,-2.5496191027594706,0.3474142995633642
18,2.0,30.0,70.0,1.5,1.0,0.01,0.0005,1.0,7,18,214.0,0.8461117735619506,42.523364485981304,-2.052829839425267,-3.897238059058994,-0.6682132143226797,90.0,1.0975726902330558,46.666666666666664,0.5691166695225547,-2.5496191027594706,0.3474142995633642
20,2.0,30.0,70.0,1.5,1.0,0.01,0.0005,1.0,7,18,212.0,0.8543639488216359,42.924528301886795,-1.9261344854803975,-3.8430764081754387,-0.6259584642663149,90.0,1.0975726902330558,46.666666666666664,0.5691166695225547,-2.5496191027594706,0.3474142995633642
18,2.4,25.0,75.0,1.8,1.0,0.01,0.0005,0.5,7,18,233.0,0.7503710785376421,34.763948497854074,-3.9798013894371977,-4.667287862245207,-1.2104386536511182,114.0,1.0975064403875654,42.10526315789473,0.7641790349672192,-2.497833741160005,0.39749944702518564
24,1.8,25.0,75.0,1.8,1.0,0.01,0.001,1.0,7,18,113.0,0.5793293343662238,26.548672566371685,-4.506333105763097,-5.010441541362831,-1.518005075803944,69.0,1.097132823194545,39.130434782608695,0.5786603606618337,-1.5936232037426334,0.34076518430764624
22,2.4,25.0,75.0,1.5,1.0,0.01,0.0005,1.0,7,18,70.0,0.5813333038643838,37.142857142857146,-2.1638587280388855,-2.4657312216210037,-1.2704735515828844,27.0,1.097095469922591,44.44444444444444,0.20915858877593566,-1.1731831079373256,0.1937853065841567
20,1.8,30.0,70.0,1.5,1.0,0.01,0.001,0.75,8,17,192.0,0.6721556456357609,34.375,-5.306342911817919,-5.981935173676433,-1.5460471260356463,130.0,1.0969010554376732,44.61538461538462,0.9462891976799073,-1.8858797452415699,0.4609340684747791
18,1.8,25.0,75.0,1.8,1.0,0.01,0.0007,0.75,7,18,366.0,0.7624968929897997,33.33333333333333,-6.157078686925487,-6.596787526995684,-1.453578308559902,198.0,1.0968475681818735,40.909090909090914,1.3377138172126433,-2.559300358694472,0.5342433064795983
22,2.2,25.0,75.0,1.5,1.0,0.01,0.0005,1.0,7,18,118.0,0.7238650124213485,40.67796610169492,-2.1875784083276812,-2.644147599065272,-0.9547546653547245,46.0,1.0968175560955662,47.82608695652174,0.3177162296356619,-1.6753594607273548,0.24308238339115265
10,2.0,25.0,75.0,2.0,1.0,0.01,0.0005,0.75,7,18,400.0,0.7465001519910657,31.75,-6.806289576335075,-7.444976506570688,-1.626066927703562,197.0,1.0967642342178006,38.07106598984771,1.302386003548654,-3.1387547532192417,0.5181041079551629
10,2.0,30.0,70.0,2.0,1.0,0.01,0.0005,0.75,7,18,401.0,0.7448834904807896,31.67082294264339,-6.862210100041394,-7.500513788667029,-1.6378957648118562,197.0,1.0967642342178006,38.07106598984771,1.302386003548654,-3.1387547532192417,0.5181041079551629
12,2.0,30.0,70.0,2.0,1.0,0.01,0.0005,0.75,7,18,401.0,0.7447948164663527,31.67082294264339,-6.865255279816865,-7.503538098831086,-1.6385733129836677,197.0,1.0967642342178006,38.07106598984771,1.302386003548654,-3.1387547532192417,0.5181041079551629
14,2.0,30.0,70.0,2.0,1.0,0.01,0.0005,0.75,7,18,401.0,0.7447948164663527,31.67082294264339,-6.865255279816865,-7.503538098831086,-1.6385733129836677,197.0,1.0967642342178006,38.07106598984771,1.302386003548654,-3.1387547532192417,0.5181041079551629
16,2.0,30.0,70.0,2.0,1.0,0.01,0.0005,0.75,7,18,400.0,0.7465001519910657,31.75,-6.806289576335075,-7.444976506570688,-1.626066927703562,197.0,1.0967642342178006,38.07106598984771,1.302386003548654,-3.1387547532192417,0.5181041079551629
24,2.4,25.0,75.0,2.0,1.0,0.01,0.0007,0.5,7,18,139.0,0.6983982738280456,29.496402877697843,-3.398560752668891,-3.875190545266005,-1.1309464617092009,60.0,1.0966049227360237,38.333333333333336,0.4986495773838578,-2.4079605217684708,0.287193779573158
20,1.8,25.0,75.0,1.8,1.0,0.01,0.0005,0.75,8,17,363.0,0.7631370046880364,33.88429752066116,-5.697190131805492,-6.429775263078841,-1.4661123797773334,166.0,1.096488553066207,40.36144578313253,1.0957928385293418,-2.021791964127073,0.4973862875075417
22,1.8,25.0,75.0,2.0,1.0,0.01,0.0007,1.0,7,18,213.0,0.694080840384538,29.577464788732392,-5.1284674451839605,-5.476815032963767,-1.4599490066987362,100.0,1.0962959876935523,37.0,0.7612942847197701,-1.5661108791498068,0.39958352447154033
16,2.4,25.0,75.0,2.0,1.0,0.01,0.0007,0.75,7,18,125.0,0.6820145616431519,28.000000000000004,-3.2555921648299226,-4.148401108663835,-1.1342002919811023,51.0,1.096292751338201,41.17647058823529,0.400502227917732,-1.6305872904973095,0.2708852821141913
22,2.4,25.0,75.0,2.0,1.0,0.01,0.0007,0.75,7,18,106.0,0.6340960332380592,26.41509433962264,-3.2731766897537997,-4.068794480870109,-1.2320657992974766,42.0,1.096271757151685,40.476190476190474,0.35057144874110235,-1.5517231282137778,0.24527882498561826
20,2.4,25.0,75.0,2.0,1.0,0.01,0.001,0.75,8,17,63.0,0.5269968945376486,22.22222222222222,-3.038801216223328,-3.987767095160355,-1.3197381536109023,33.0,1.0962579347117645,39.39393939393939,0.29801223493741413,-0.9465062985158923,0.22222367449907898
16,2.0,25.0,75.0,1.8,1.0,0.01,0.0007,1.0,7,18,174.0,0.7849179345102195,33.90804597701149,-2.808361167154744,-3.9627694419249515,-0.8876117522848541,73.0,1.0961490648121253,42.465753424657535,0.5446001861926197,-2.5236398675186456,0.3093042049334398
14,1.8,25.0,75.0,1.8,1.0,0.01,0.0005,0.75,8,17,479.0,0.7593817135902096,33.82045929018789,-7.350006773337918,-7.915688103094465,-1.7804913228664054,229.0,1.09601835420641,40.61135371179039,1.4460577370393548,-2.177350611256079,0.5983041390318844
18,1.8,25.0,75.0,2.0,1.0,0.01,0.0005,0.75,8,17,401.0,0.7304963901861202,30.423940149625935,-7.422337483649989,-7.593624823463352,-1.8261719623673174,188.0,1.0958296998974453,37.765957446808514,1.2560326493032516,-2.2926655195235623,0.5228686938555057
18,2.4,30.0,70.0,2.0,1.0,0.01,0.0007,0.5,8,17,188.0,0.5950582123010285,26.595744680851062,-6.226486011719044,-7.1210620419855815,-1.931238804899921,92.0,1.0956888739260566,38.04347826086957,0.7033537679469192,-3.0542784530573686,0.36721749511528845
24,2.0,25.0,75.0,1.5,1.0,0.01,0.0007,1.0,7,18,138.0,0.8341638484476253,42.028985507246375,-1.5971533447839832,-3.0413022559604874,-0.604072289338587,56.0,1.0955187236514439,46.42857142857143,0.4114712178884474,-2.419748135827715,0.27141849992912304
10,2.2,25.0,75.0,1.5,1.0,0.01,0.001,0.5,8,17,159.0,0.6624929212188367,34.59119496855346,-4.622614670266958,-5.604893548993828,-1.485392819506052,101.0,1.0954859676933002,44.554455445544555,0.7524692998365208,-1.64687776509308,0.4264688978122195
10,2.2,30.0,70.0,1.5,1.0,0.01,0.001,0.5,8,17,161.0,0.6670546368795031,34.78260869565217,-4.605577630274293,-5.588070281478341,-1.4657905231382329,101.0,1.0954859676933002,44.554455445544555,0.7524692998365208,-1.64687776509308,0.4264688978122195
12,2.2,30.0,70.0,1.5,1.0,0.01,0.001,0.5,8,17,160.0,0.6736187044686045,35.0,-4.474411451462511,-5.45820338250953,-1.431903548888446,101.0,1.0954859676933002,44.554455445544555,0.7524692998365208,-1.64687776509308,0.4264688978122195
14,2.2,30.0,70.0,1.5,1.0,0.01,0.001,0.5,8,17,160.0,0.6736187044686045,35.0,-4.474411451462511,-5.45820338250953,-1.431903548888446,101.0,1.0954859676933002,44.554455445544555,0.7524692998365208,-1.64687776509308,0.4264688978122195
16,2.2,30.0,70.0,1.5,1.0,0.01,0.001,0.5,8,17,159.0,0.6807572618365235,35.22012578616352,-4.334359244629268,-5.319639486831729,-1.3819494933527643,101.0,1.0954859676933002,44.554455445544555,0.7524692998365208,-1.64687776509308,0.4264688978122195
20,2.4,25.0,75.0,1.5,1.0,0.01,0.0005,0.5,8,17,170.0,0.7419158565877052,40.0,-2.9789890584301975,-3.9411113534847053,-1.0941324572812232,78.0,1.0951137256692858,46.15384615384615,0.5196938616045919,-2.0310820816016095,0.32007885020690585
24,1.8,25.0,75.0,1.8,1.0,0.01,0.0005,0.75,8,17,283.0,0.7822906619876043,34.275618374558306,-4.173095699823244,-4.558009855874234,-1.1348192699361728,119.0,1.0950209600980383,39.49579831932773,0.8130411302016364,-1.948227592686802,0.4221032912411935
10,2.4,25.0,75.0,2.0,1.0,0.01,0.0005,0.75,8,17,117.0,0.651280351762399,28.205128205128204,-3.2856851513299623,-4.081600099178562,-1.262069021770945,44.0,1.0947562619923086,38.63636363636363,0.34876126133929575,-1.203295424529427,0.2463306576253654
10,2.4,30.0,70.0,2.0,1.0,0.01,0.0005,0.75,8,17,117.0,0.651280351762399,28.205128205128204,-3.2856851513299623,-4.081600099178562,-1.262069021770945,44.0,1.0947562619923086,38.63636363636363,0.34876126133929575,-1.203295424529427,0.2463306576253654
12,2.4,25.0,75.0,2.0,1.0,0.01,0.0005,0.75,8,17,117.0,0.651280351762399,28.205128205128204,-3.2856851513299623,-4.081600099178562,-1.262069021770945,44.0,1.0947562619923086,38.63636363636363,0.34876126133929575,-1.203295424529427,0.2463306576253654
12,2.4,30.0,70.0,2.0,1.0,0.01,0.0005,0.75,8,17,117.0,0.651280351762399,28.205128205128204,-3.2856851513299623,-4.081600099178562,-1.262069021770945,44.0,1.0947562619923086,38.63636363636363,0.34876126133929575,-1.203295424529427,0.2463306576253654
14,2.4,25.0,75.0,2.0,1.0,0.01,0.0005,0.75,8,17,116.0,0.6562892112733608,28.448275862068968,-3.2151500706791194,-4.081600099178562,-1.2352461588507417,44.0,1.0947562619923086,38.63636363636363,0.34876126133929575,-1.203295424529427,0.2463306576253654
14,2.4,30.0,70.0,2.0,1.0,0.01,0.0005,0.75,8,17,117.0,0.651280351762399,28.205128205128204,-3.2856851513299623,-4.081600099178562,-1.262069021770945,44.0,1.0947562619923086,38.63636363636363,0.34876126133929575,-1.203295424529427,0.2463306576253654
16,2.4,30.0,70.0,2.0,1.0,0.01,0.0005,0.75,8,17,117.0,0.651280351762399,28.205128205128204,-3.2856851513299623,-4.081600099178562,-1.262069021770945,44.0,1.0947562619923086,38.63636363636363,0.34876126133929575,-1.203295424529427,0.2463306576253654
18,2.4,30.0,70.0,2.0,1.0,0.01,0.0005,0.75,8,17,117.0,0.651280351762399,28.205128205128204,-3.2856851513299623,-4.081600099178562,-1.262069021770945,44.0,1.0947562619923086,38.63636363636363,0.34876126133929575,-1.203295424529427,0.2463306576253654
20,2.4,30.0,70.0,2.0,1.0,0.01,0.0005,0.75,8,17,116.0,0.6562892112733608,28.448275862068968,-3.2151500706791194,-4.081600099178562,-1.2352461588507417,44.0,1.0947562619923086,38.63636363636363,0.34876126133929575,-1.203295424529427,0.2463306576253654
18,1.8,30.0,70.0,1.5,1.0,0.01,0.0007,0.75,8,17,397.0,0.7584329089034585,38.287153652392945,-6.310241768156284,-7.541676469069413,-1.5803467134235838,206.0,1.0947096289544775,45.63106796116505,1.2706575313380017,-2.2080704905836024,0.5678385486796322
12,2.0,25.0,75.0,2.0,1.0,0.01,0.0007,0.75,7,18,314.0,0.7356867203601769,30.573248407643312,-6.15920207637053,-7.1945640959860775,-1.5251792782377571,162.0,1.0945946936306337,37.65432098765432,1.1450157833312369,-3.106837139942209,0.46746663254902887
14,2.0,25.0,75.0,1.5,1.0,0.01,0.001,0.75,7,18,154.0,0.6112847574800444,32.467532467532465,-5.234705464576455,-5.88639118364841,-1.6900686398676221,104.0,1.0943240643718413,44.230769230769226,0.7550972835590437,-2.095525450534008,0.39032897199860017
20,2.2,25.0,75.0,1.8,1.0,0.01,0.0005,0.75,7,18,196.0,0.7213729136483684,33.6734693877551,-3.829448024584708,-4.440804663329489,-1.1968466084091434,93.0,1.0943142950152878,43.01075268817204,0.6242677684406408,-2.5424649090724394,0.34026305297328846
24,2.0,25.0,75.0,2.0,1.0,0.01,0.0007,1.0,8,17,118.0,0.8044857284509633,33.05084745762712,-1.8537247279638542,-2.9593712573571573,-0.6623869385081395,47.0,1.0942697147841118,36.17021276595745,0.3996594084073513,-1.7959479987483484,0.2452455351930797
18,2.2,25.0,75.0,2.0,1.0,0.01,0.0007,0.5,7,18,282.0,0.761094594364315,31.560283687943265,-5.039770952663602,-6.362511732249598,-1.3300467949580521,145.0,1.0941724849139642,38.62068965517241,1.027577994686053,-1.7698081563757517,0.4400363640664619
18,2.0,25.0,75.0,1.5,1.0,0.01,0.0007,0.5,8,17,322.0,0.7824674682292178,38.81987577639752,-4.703701805557394,-5.883872148861413,-1.2788320701705655,164.0,1.0939167182689626,45.1219512195122,1.0072805995026282,-2.1146696445941804,0.4724084990231528
18,1.8,25.0,75.0,2.0,1.0,0.01,0.0007,0.75,7,18,366.0,0.7312202762898034,29.78142076502732,-7.2647328350988944,-7.839939039617116,-1.6911587889824142,198.0,1.0936322973954578,37.878787878787875,1.3497030875498968,-2.561640565677059,0.5120434553657093
12,2.0,25.0,75.0,1.5,1.0,0.01,0.0007,0.75,7,18,314.0,0.7867153367072424,39.80891719745223,-4.420074239226433,-4.9247623169316075,-1.1950886340887068,162.0,1.0934808266574685,45.06172839506173,1.0014210147659832,-3.014220939306378,0.4704478051886426
10,2.4,25.0,75.0,2.0,1.0,0.01,0.001,0.75,8,17,70.0,0.544330892625402,22.857142857142858,-3.2082315435028796,-4.155530517205175,-1.3385052477877237,36.0,1.0934510191969689,38.88888888888889,0.30980290402832905,-1.0966930385574725,0.2257829761187672
10,2.4,30.0,70.0,2.0,1.0,0.01,0.001,0.75,8,17,70.0,0.544330892625402,22.857142857142858,-3.2082315435028796,-4.155530517205175,-1.3385052477877237,36.0,1.0934510191969689,38.88888888888889,0.30980290402832905,-1.0966930385574725,0.2257829761187672
12,2.4,25.0,75.0,2.0,1.0,0.01,0.001,0.75,8,17,70.0,0.544330892625402,22.857142857142858,-3.2082315435028796,-4.155530517205175,-1.3385052477877237,36.0,1.0934510191969689,38.88888888888889,0.30980290402832905,-1.0966930385574725,0.2257829761187672
12,2.4,30.0,70.0,2.0,1.0,0.01,0.001,0.75,8,17,70.0,0.544330892625402,22.857142857142858,-3.2082315435028796,-4.155530517205175,-1.3385052477877237,36.0,1.0934510191969689,38.88888888888889,0.30980290402832905,-1.0966930385574725,0.2257829761187672
14,2.4,25.0,75.0,2.0,1.0,0.01,0.001,0.75,8,17,70.0,0.544330892625402,22.857142857142858,-3.2082315435028796,-4.155530517205175,-1.3385052477877237,36.0,1.0934510191969689,38.88888888888889,0.30980290402832905,-1.0966930385574725,0.2257829761187672
14,2.4,30.0,70.0,2.0,1.0,0.01,0.001,0.75,8,17,70.0,0.544330892625402,22.857142857142858,-3.2082315435028796,-4.155530517205175,-1.3385052477877237,36.0,1.0934510191969689,38.88888888888889,0.30980290402832905,-1.0966930385574725,0.2257829761187672
16,2.4,30.0,70.0,2.0,1.0,0.01,0.001,0.75,8,17,70.0,0.544330892625402,22.857142857142858,-3.2082315435028796,-4.155530517205175,-1.3385052477877237,36.0,1.0934510191969689,38.88888888888889,0.30980290402832905,-1.0966930385574725,0.2257829761187672
18,2.4,30.0,70.0,2.0,1.0,0.01,0.001,0.75,8,17,70.0,0.544330892625402,22.857142857142858,-3.2082315435028796,-4.155530517205175,-1.3385052477877237,36.0,1.0934510191969689,38.88888888888889,0.30980290402832905,-1.0966930385574725,0.2257829761187672
20,2.4,30.0,70.0,2.0,1.0,0.01,0.001,0.75,8,17,70.0,0.544330892625402,22.857142857142858,-3.2082315435028796,-4.155530517205175,-1.3385052477877237,36.0,1.0934510191969689,38.88888888888889,0.30980290402832905,-1.0966930385574725,0.2257829761187672
24,1.8,25.0,75.0,1.5,1.0,0.01,0.001,0.75,8,17,132.0,0.6667888409254361,34.090909090909086,-3.801794992782452,-4.0762680578604,-1.2278828656271508,78.0,1.0929127881910323,43.58974358974359,0.5745133259495196,-1.9922995268486399,0.3468177160163215
22,1.8,25.0,75.0,1.8,1.0,0.01,0.0005,1.0,7,18,262.0,0.7457875122915629,35.11450381679389,-4.540579336266638,-5.074953335401244,-1.2936454193193616,117.0,1.092587798319518,41.02564102564102,0.7604684841579911,-1.4549929308721232,0.4117302531334414
22,2.2,25.0,75.0,1.5,1.0,0.01,0.0005,0.75,8,17,143.0,0.731403494498766,39.86013986013986,-2.673813863983651,-3.6121044100924316,-1.025254102357056,60.0,1.0925873178310883,45.0,0.4132638142389987,-1.9257666973885423,0.2704006133930284
18,2.2,25.0,75.0,2.0,1.0,0.01,0.0007,0.75,7,18,173.0,0.6094743283580202,26.589595375722542,-5.510555228678113,-5.871444446626606,-1.6767255267549532,85.0,1.0922733063512993,38.82352941176471,0.6265852132772125,-2.915494238387384,0.3214155393802409
24,2.2,30.0,70.0,1.5,1.0,0.01,0.0007,0.5,8,17,268.0,0.795392443508033,39.92537313432835,-3.728949129333851,-4.782404629331105,-1.0950620630827355,127.0,1.0920918686679366,45.66929133858268,0.8061249558568305,-2.012028021298473,0.44328004078688177
16,2.0,25.0,75.0,1.8,1.0,0.01,0.001,0.5,8,17,185.0,0.805659364533026,33.513513513513516,-3.088058645951005,-4.17915099747368,-0.8867499072343236,116.0,1.0920195117545706,39.6551724137931,0.8723731246149691,-1.5948452028692661,0.4098127374930708
16,2.4,25.0,75.0,2.0,1.0,0.01,0.0007,0.75,8,17,104.0,0.6565127130819746,27.884615384615387,-3.0273539998593697,-3.969458294979189,-1.1731882742366257,40.0,1.0917425716455353,40.0,0.3186643725972317,-1.102955312253584,0.23155566283147092
18,2.4,25.0,75.0,2.0,1.0,0.01,0.0007,0.75,8,17,100.0,0.6202867237601214,27.0,-3.2609310251299033,-4.149637856013433,-1.2867171649613285,40.0,1.0917425716455353,40.0,0.3186643725972317,-1.102955312253584,0.23155566283147092
22,2.4,30.0,70.0,2.0,1.0,0.01,0.0007,0.75,8,17,105.0,0.6480231109369929,27.61904761904762,-3.140585273301149,-4.081600099178562,-1.2155540153606919,40.0,1.0917425716455353,40.0,0.3186643725972317,-1.102955312253584,0.23155566283147092
24,2.4,30.0,70.0,2.0,1.0,0.01,0.0007,0.75,8,17,103.0,0.6659095667150666,28.155339805825243,-2.905133686771187,-3.848455577235177,-1.1338572597997103,40.0,1.0917425716455353,40.0,0.3186643725972317,-1.102955312253584,0.23155566283147092
20,2.4,25.0,75.0,1.8,1.0,0.01,0.001,0.75,7,18,71.0,0.5733564104929465,25.352112676056336,-2.9190127594937803,-3.6789945788274214,-1.219025869878381,37.0,1.091604465038611,43.24324324324324,0.3023718703157647,-1.423764476889644,0.21577950547099253
20,2.0,25.0,75.0,1.8,1.0,0.01,0.0007,0.75,7,18,246.0,0.755959305098404,34.146341463414636,-4.397780848910861,-5.590167965945858,-1.2168383646099383,123.0,1.091497444696024,41.46341463414634,0.827528516646762,-1.7612997138903963,0.4019882594557272
16,2.4,25.0,75.0,1.8,1.0,0.01,0.0007,0.5,7,18,209.0,0.7192744915897274,32.535885167464116,-4.389399597548381,-4.771331575412308,-1.3385375372240682,102.0,1.0912885956836065,42.15686274509804,0.6918379670916692,-2.7852502283051472,0.35706077835916844
24,1.8,30.0,70.0,1.5,1.0,0.01,0.001,1.0,7,18,144.0,0.6004203022867434,31.944444444444443,-5.047240583687945,-5.50742183614007,-1.628907997787757,88.0,1.0911089069928543,44.31818181818182,0.6212468078357597,-2.0575236877329095,0.36669820367673023
22,2.2,30.0,70.0,2.0,1.0,0.01,0.0007,0.75,7,18,187.0,0.640743995832848,27.807486631016044,-5.388149558557561,-5.684642630449144,-1.5893579914596323,89.0,1.0902614315264594,38.20224719101123,0.6340127540758477,-3.1494082877735696,0.3208373911567442
12,2.2,25.0,75.0,2.0,1.0,0.01,0.0007,0.5,8,17,300.0,0.7365523351575487,30.666666666666664,-5.935219648773928,-7.1535475445307695,-1.5476901827064669,146.0,1.0901517053922773,37.67123287671233,1.0044795504892683,-2.062928175790646,0.45137315471068873
18,2.4,30.0,70.0,2.0,1.0,0.01,0.0005,0.5,8,17,214.0,0.6090989332457227,27.570093457943923,-6.41925235076842,-7.375873415487,-1.963714925847216,100.0,1.090027890820919,38.0,0.6898783939592068,-3.1095142112140817,0.3521000214061555
18,1.8,25.0,75.0,1.8,1.0,0.01,0.001,0.75,8,17,174.0,0.6860073632084508,30.45977011494253,-4.876418977819885,-5.637485415620535,-1.4189714587470816,109.0,1.0898295855012614,39.44954128440367,0.8061907703187172,-1.4662964174202209,0.38242556238817343
24,2.2,25.0,75.0,1.8,1.0,0.01,0.0005,0.75,8,17,130.0,0.7177816354550558,34.61538461538461,-2.7619723264354983,-3.943814804798318,-0.9958326933940677,53.0,1.0896728073392046,39.62264150943396,0.3955735646063476,-1.853311622364906,0.24470133202202038
18,2.0,30.0,70.0,1.5,1.0,0.01,0.001,0.5,8,17,210.0,0.7595698208975146,36.666666666666664,-4.085037943187526,-5.06185621780827,-1.1551140314369073,139.0,1.0896371638012012,44.60431654676259,0.9325442233170361,-2.012592576071448,0.4615519486582673
10,2.2,25.0,75.0,2.0,1.0,0.01,0.0005,0.75,7,18,236.0,0.656303528267215,29.23728813559322,-5.8589361198976615,-6.171900419272591,-1.6930516999360967,111.0,1.0896116826931848,37.83783783783784,0.7223981944430307,-3.4507491508921184,0.3546442012354618
10,2.2,30.0,70.0,2.0,1.0,0.01,0.0005,0.75,7,18,236.0,0.656303528267215,29.23728813559322,-5.8589361198976615,-6.171900419272591,-1.6930516999360967,111.0,1.0896116826931848,37.83783783783784,0.7223981944430307,-3.4507491508921184,0.3546442012354618
12,2.2,25.0,75.0,2.0,1.0,0.01,0.0005,0.75,7,18,233.0,0.6658670939890277,29.613733905579398,-5.6219079965124905,-5.935630502239797,-1.6191515378358907,111.0,1.0896116826931848,37.83783783783784,0.7223981944430307,-3.4507491508921184,0.3546442012354618
12,2.2,30.0,70.0,2.0,1.0,0.01,0.0005,0.75,7,18,236.0,0.656303528267215,29.23728813559322,-5.8589361198976615,-6.171900419272591,-1.6930516999360967,111.0,1.0896116826931848,37.83783783783784,0.7223981944430307,-3.4507491508921184,0.3546442012354618
14,2.2,30.0,70.0,2.0,1.0,0.01,0.0005,0.75,7,18,236.0,0.656303528267215,29.23728813559322,-5.8589361198976615,-6.171900419272591,-1.6930516999360967,111.0,1.0896116826931848,37.83783783783784,0.7223981944430307,-3.4507491508921184,0.3546442012354618
16,2.2,30.0,70.0,2.0,1.0,0.01,0.0005,0.75,7,18,236.0,0.656303528267215,29.23728813559322,-5.8589361198976615,-6.171900419272591,-1.6930516999360967,111.0,1.0896116826931848,37.83783783783784,0.7223981944430307,-3.4507491508921184,0.3546442012354618
24,2.2,25.0,75.0,2.0,1.0,0.01,0.0005,0.75,8,17,130.0,0.7204484626580551,31.538461538461537,-2.830141086581043,-3.586248591136054,-0.9807992261459434,53.0,1.089503374039575,35.84905660377358,0.41112141357070875,-1.95002017640995,0.24536455267464388
22,2.0,30.0,70.0,1.8,1.0,0.01,0.0007,0.75,7,18,307.0,0.7818646317046045,34.527687296416936,-4.764314102975332,-5.602130307376429,-1.228079382520918,150.0,1.089188311294432,40.666666666666664,0.9617364204370642,-2.6354097055312553,0.4319464956778851
24,2.0,25.0,75.0,2.0,1.0,0.01,0.001,1.0,8,17,73.0,0.6720876168072719,27.397260273972602,-2.3643662468837285,-3.184979565542523,-0.9392646818704589,42.0,1.089137819968359,35.714285714285715,0.3556679252166032,-1.6442612589870342,0.2199404734754228
20,2.0,30.0,70.0,1.5,1.0,0.01,0.0007,0.5,8,17,411.0,0.820447549753863,39.65936739659367,-4.763642176416888,-6.579383308507902,-1.178351905345446,209.0,1.0891013679062593,44.97607655502392,1.1900176937678408,-2.450699531431544,0.5338337610947749
20,2.4,25.0,75.0,2.0,1.0,0.01,0.0005,0.75,7,18,135.0,0.6924629104079706,30.37037037037037,-3.1330568410499837,-4.010400715845009,-1.1143664831510265,57.0,1.0890707134011688,40.35087719298245,0.382807154336424,-1.6306312622144437,0.25550317130008116
22,2.0,25.0,75.0,1.8,1.0,0.01,0.001,0.5,8,17,144.0,0.7169660310992085,31.25,-3.6531595505635415,-4.238504109752538,-1.1746582704429327,86.0,1.0890351988205238,38.372093023255815,0.651531822331599,-1.5256805959815045,0.3398720635244987
16,2.2,25.0,75.0,2.0,1.0,0.01,0.001,0.5,8,17,142.0,0.6345041762723918,26.76056338028169,-4.963225268436654,-5.848672549487288,-1.5368466192926005,86.0,1.0890285207384534,36.04651162790697,0.676236669703485,-1.2010780874963545,0.34383189520695395
20,2.0,25.0,75.0,1.5,1.0,0.01,0.001,0.5,7,18,170.0,0.7099682499911388,35.294117647058826,-4.074109064894019,-4.910903764563823,-1.2579013789780948,116.0,1.0888408668567624,44.827586206896555,0.7834938368224539,-2.279002190381263,0.3720674207430812
14,2.0,25.0,75.0,1.8,1.0,0.01,0.0005,1.0,7,18,212.0,0.8189448897896378,36.32075471698113,-2.608811141272126,-4.244452325209192,-0.8039702622542556,89.0,1.0885797050610322,41.57303370786517,0.557811658506198,-2.5236711132998746,0.3125544101351373
20,2.0,25.0,75.0,2.0,1.0,0.01,0.001,1.0,8,17,86.0,0.5822850409933807,24.418604651162788,-3.5877265470388373,-4.471923244707043,-1.3523813954768642,47.0,1.0881600052948708,36.17021276595745,0.38464743500591797,-1.5745776212681362,0.23037875142432326
14,2.2,25.0,75.0,1.5,1.0,0.01,0.001,0.75,7,18,110.0,0.5505712604105032,30.0,-4.472700956691442,-4.977168540687327,-1.651133166159664,65.0,1.087990677207822,44.61538461538462,0.46172438978861463,-2.57359219477441,0.277189027901135
20,2.2,30.0,70.0,1.5,1.0,0.01,0.001,0.75,7,18,111.0,0.544937504228677,29.72972972972973,-4.57309494233119,-5.077025077616382,-1.681053072917957,65.0,1.087990677207822,44.61538461538462,0.46172438978861463,-2.57359219477441,0.277189027901135
16,2.2,25.0,75.0,2.0,1.0,0.01,0.0007,0.75,7,18,181.0,0.6395439790944998,27.624309392265197,-5.273549932002279,-5.542258154321866,-1.5752150502388265,89.0,1.0879433948557122,38.20224719101123,0.6186748873625039,-3.0812630695988497,0.3130212521116189
18,1.8,25.0,75.0,2.0,1.0,0.01,0.0005,0.75,7,18,484.0,0.7569300727763623,31.40495867768595,-7.6813492713181954,-7.9410294252070575,-1.7382390634664135,238.0,1.0879229833811186,38.23529411764706,1.4044213282182136,-2.5742191974269524,0.5304161897809244
20,2.0,25.0,75.0,1.5,1.0,0.01,0.0007,0.75,7,18,246.0,0.781186136429292,40.243902439024396,-3.650750188775837,-4.660458735181161,-1.0589544100664672,123.0,1.0875549362166521,46.34146341463415,0.7312418206481743,-2.2742772542403644,0.386480461237636
20,2.0,25.0,75.0,1.8,1.0,0.01,0.0007,0.5,8,17,287.0,0.7929818955789308,34.146341463414636,-4.2919634811549985,-5.5152992771382525,-1.1646012703663187,145.0,1.0874265889989838,39.310344827586206,0.919775750403678,-1.9181634597942088,0.4326954071843666
16,2.0,25.0,75.0,1.8,1.0,0.01,0.0007,0.75,7,18,293.0,0.7982632234629775,35.153583617747444,-4.21802718690642,-5.144474050719527,-1.1034573416590296,147.0,1.0872971222922956,40.816326530612244,0.9215963583273151,-2.4186489772694553,0.4144578797102124
22,2.2,30.0,70.0,1.8,1.0,0.01,0.0005,0.75,7,18,230.0,0.7233353628305883,33.91304347826087,-4.381695519616388,-4.885762169385743,-1.3177535747520979,105.0,1.0872678517568326,40.95238095238095,0.6390139047314551,-2.8536987647734824,0.33341183248466855
20,1.8,30.0,70.0,1.5,1.0,0.01,0.0005,0.75,8,17,489.0,0.7662689695404474,38.65030674846626,-6.8289229927135775,-8.05921254698665,-1.6909426217624548,233.0,1.0872028570968801,45.06437768240343,1.230130322987752,-2.3703854738926,0.5262867095220599
16,2.0,25.0,75.0,2.0,1.0,0.01,0.0005,0.75,7,18,362.0,0.7811391252168295,32.87292817679558,-5.364708611228998,-6.426051759006047,-1.320417296862548,177.0,1.0871833587217974,38.4180790960452,1.0600626822016421,-2.574968606734107,0.4449213435898752
24,2.2,25.0,75.0,1.5,1.0,0.01,0.0007,0.75,7,18,135.0,0.7578060013601285,40.0,-2.3455642751679986,-3.1750517353373864,-0.8724040731077003,60.0,1.0867821515146692,46.666666666666664,0.3979933650166822,-2.57285711258185,0.25788600305612985
24,2.2,30.0,70.0,2.0,1.0,0.01,0.0005,0.5,8,17,319.0,0.7804591283913179,32.288401253918494,-4.924950316858231,-6.176647200988672,-1.2814176188737432,141.0,1.0865770134108252,39.00709219858156,0.9030445768310892,-2.1872444859056595,0.42630545994986324
10,2.0,25.0,75.0,2.0,1.0,0.01,0.001,1.0,8,17,93.0,0.5917953635619426,24.731182795698924,-3.7562018721946333,-4.643876015735938,-1.3614580526130862,50.0,1.086524375833765,36.0,0.3964151149071768,-1.5746095838006124,0.2339000959769561
10,2.0,30.0,70.0,2.0,1.0,0.01,0.001,1.0,8,17,93.0,0.5917953635619426,24.731182795698924,-3.7562018721946333,-4.643876015735938,-1.3614580526130862,50.0,1.086524375833765,36.0,0.3964151149071768,-1.5746095838006124,0.2339000959769561
12,2.0,25.0,75.0,2.0,1.0,0.01,0.001,1.0,8,17,93.0,0.5917953635619426,24.731182795698924,-3.7562018721946333,-4.643876015735938,-1.3614580526130862,50.0,1.086524375833765,36.0,0.3964151149071768,-1.5746095838006124,0.2339000959769561
12,2.0,30.0,70.0,2.0,1.0,0.01,0.001,1.0,8,17,93.0,0.5917953635619426,24.731182795698924,-3.7562018721946333,-4.643876015735938,-1.3614580526130862,50.0,1.086524375833765,36.0,0.3964151149071768,-1.5746095838006124,0.2339000959769561
14,2.0,25.0,75.0,2.0,1.0,0.01,0.001,1.0,8,17,93.0,0.5917953635619426,24.731182795698924,-3.7562018721946333,-4.643876015735938,-1.3614580526130862,50.0,1.086524375833765,36.0,0.3964151149071768,-1.5746095838006124,0.2339000959769561
14,2.0,30.0,70.0,2.0,1.0,0.01,0.001,1.0,8,17,93.0,0.5917953635619426,24.731182795698924,-3.7562018721946333,-4.643876015735938,-1.3614580526130862,50.0,1.086524375833765,36.0,0.3964151149071768,-1.5746095838006124,0.2339000959769561
16,2.0,30.0,70.0,2.0,1.0,0.01,0.001,1.0,8,17,93.0,0.5917953635619426,24.731182795698924,-3.7562018721946333,-4.643876015735938,-1.3614580526130862,50.0,1.086524375833765,36.0,0.3964151149071768,-1.5746095838006124,0.2339000959769561
18,2.0,30.0,70.0,2.0,1.0,0.01,0.001,1.0,8,17,93.0,0.5917953635619426,24.731182795698924,-3.7562018721946333,-4.643876015735938,-1.3614580526130862,50.0,1.086524375833765,36.0,0.3964151149071768,-1.5746095838006124,0.2339000959769561
20,2.0,30.0,70.0,2.0,1.0,0.01,0.001,1.0,8,17,93.0,0.5917953635619426,24.731182795698924,-3.7562018721946333,-4.643876015735938,-1.3614580526130862,50.0,1.086524375833765,36.0,0.3964151149071768,-1.5746095838006124,0.2339000959769561
10,2.0,25.0,75.0,1.5,1.0,0.01,0.001,0.75,7,18,160.0,0.60952454422506,32.5,-5.462858113678049,-6.112982348951079,-1.7349455002160257,107.0,1.0863227758980745,43.925233644859816,0.712036410851233,-2.354098811807692,0.3642866878837588
10,2.0,30.0,70.0,1.5,1.0,0.01,0.001,0.75,7,18,160.0,0.60952454422506,32.5,-5.462858113678049,-6.112982348951079,-1.7349455002160257,107.0,1.0863227758980745,43.925233644859816,0.712036410851233,-2.354098811807692,0.3642866878837588
12,2.0,25.0,75.0,1.5,1.0,0.01,0.001,0.75,7,18,158.0,0.6240427338617694,32.91139240506329,-5.146628799366827,-5.798939811988935,-1.6421412459098035,107.0,1.0863227758980745,43.925233644859816,0.712036410851233,-2.354098811807692,0.3642866878837588
12,2.0,30.0,70.0,1.5,1.0,0.01,0.001,0.75,7,18,160.0,0.60952454422506,32.5,-5.462858113678049,-6.112982348951079,-1.7349455002160257,107.0,1.0863227758980745,43.925233644859816,0.712036410851233,-2.354098811807692,0.3642866878837588
14,2.0,30.0,70.0,1.5,1.0,0.01,0.001,0.75,7,18,160.0,0.60952454422506,32.5,-5.462858113678049,-6.112982348951079,-1.7349455002160257,107.0,1.0863227758980745,43.925233644859816,0.712036410851233,-2.354098811807692,0.3642866878837588
16,2.0,30.0,70.0,1.5,1.0,0.01,0.001,0.75,7,18,160.0,0.60952454422506,32.5,-5.462858113678049,-6.112982348951079,-1.7349455002160257,107.0,1.0863227758980745,43.925233644859816,0.712036410851233,-2.354098811807692,0.3642866878837588
18,2.0,30.0,70.0,1.5,1.0,0.01,0.001,0.75,7,18,160.0,0.60952454422506,32.5,-5.462858113678049,-6.112982348951079,-1.7349455002160257,107.0,1.0863227758980745,43.925233644859816,0.712036410851233,-2.354098811807692,0.3642866878837588
24,2.2,25.0,75.0,1.5,1.0,0.01,0.0005,1.0,7,18,112.0,0.7383435510625913,41.07142857142857,-1.9540689561503497,-2.3685901753643046,-0.8592809834341016,42.0,1.0860090281353416,47.61904761904761,0.26568016817564055,-1.6935765710721862,0.20693059367839414
20,2.4,30.0,70.0,1.5,1.0,0.01,0.0007,0.5,7,18,223.0,0.7499038954294517,39.01345291479821,-3.8118309986500023,-4.099616896640601,-1.2032441130841067,110.0,1.0860079395114222,46.36363636363636,0.6530819839794458,-3.216213778268784,0.35798675203036234
14,2.0,25.0,75.0,1.5,1.0,0.01,0.0005,1.0,7,18,212.0,0.8543639488216359,42.924528301886795,-1.9261344854803975,-3.8430764081754387,-0.6259584642663149,89.0,1.08597972044044,46.06741573033708,0.5001022336629103,-2.5496056124970967,0.3057544044512389
24,1.8,25.0,75.0,1.8,1.0,0.01,0.001,0.5,7,18,165.0,0.724930752591206,31.515151515151512,-4.006334850784915,-4.878218703430736,-1.1001830184543093,110.0,1.0858741592087098,40.0,0.7964936712379312,-2.2078686213543475,0.37329019938756863
16,2.0,25.0,75.0,1.8,1.0,0.01,0.0005,0.75,7,18,362.0,0.8251233531356454,36.74033149171271,-4.088288884924168,-5.172844400672694,-1.0414245788645207,177.0,1.0858596995582195,41.24293785310734,1.0008167878908352,-2.3516066701132154,0.4426062558820016
20,2.0,30.0,70.0,1.8,1.0,0.01,0.001,0.5,8,17,203.0,0.828117210076233,33.99014778325123,-2.971456547354828,-4.351830889418484,-0.7977098922903421,132.0,1.0856787824237892,39.39393939393939,0.9131734388470977,-1.5963774922279406,0.43440927745174435
10,2.0,25.0,75.0,2.0,1.0,0.01,0.001,0.75,7,18,160.0,0.5978489353901166,25.0,-6.147182593820016,-6.783362889971523,-1.8127435402179137,107.0,1.0854374050992843,36.44859813084112,0.7935697574550432,-2.17848977271331,0.3608577161892975
10,2.0,30.0,70.0,2.0,1.0,0.01,0.001,0.75,7,18,160.0,0.5978489353901166,25.0,-6.147182593820016,-6.783362889971523,-1.8127435402179137,107.0,1.0854374050992843,36.44859813084112,0.7935697574550432,-2.17848977271331,0.3608577161892975
12,2.0,25.0,75.0,2.0,1.0,0.01,0.001,0.75,7,18,158.0,0.6108135905354046,25.31645569620253,-5.833298259762105,-6.592287201582526,-1.7190076878279377,107.0,1.0854374050992843,36.44859813084112,0.7935697574550432,-2.17848977271331,0.3608577161892975
12,2.0,30.0,70.0,2.0,1.0,0.01,0.001,0.75,7,18,160.0,0.5978489353901166,25.0,-6.147182593820016,-6.783362889971523,-1.8127435402179137,107.0,1.0854374050992843,36.44859813084112,0.7935697574550432,-2.17848977271331,0.3608577161892975
14,2.0,30.0,70.0,2.0,1.0,0.01,0.001,0.75,7,18,160.0,0.5978489353901166,25.0,-6.147182593820016,-6.783362889971523,-1.8127435402179137,107.0,1.0854374050992843,36.44859813084112,0.7935697574550432,-2.17848977271331,0.3608577161892975
16,2.0,30.0,70.0,2.0,1.0,0.01,0.001,0.75,7,18,160.0,0.5978489353901166,25.0,-6.147182593820016,-6.783362889971523,-1.8127435402179137,107.0,1.0854374050992843,36.44859813084112,0.7935697574550432,-2.17848977271331,0.3608577161892975
18,2.0,30.0,70.0,2.0,1.0,0.01,0.001,0.75,7,18,160.0,0.5978489353901166,25.0,-6.147182593820016,-6.783362889971523,-1.8127435402179137,107.0,1.0854374050992843,36.44859813084112,0.7935697574550432,-2.17848977271331,0.3608577161892975
22,1.8,25.0,75.0,1.5,1.0,0.01,0.001,0.75,8,17,145.0,0.6290227387246298,33.10344827586207,-4.7146984463573425,-4.95600028071358,-1.5154884750604283,88.0,1.0853713163492984,43.18181818181818,0.5911225142501644,-1.9407315838766093,0.31329427447508007
24,1.8,25.0,75.0,1.5,1.0,0.01,0.0005,1.0,7,18,235.0,0.7755902522148952,40.85106382978723,-3.346714387251195,-4.079701690948778,-1.0431195690016193,102.0,1.085247930643665,45.09803921568628,0.583851244676298,-2.0061913715200164,0.3596822898943171
16,2.2,25.0,75.0,1.8,1.0,0.01,0.0005,0.75,7,18,218.0,0.7184009550803455,33.48623853211009,-4.2972446331496394,-4.855713999791044,-1.3092815287623967,105.0,1.0850361764954153,40.95238095238095,0.6235069236194795,-2.7854165091771077,0.3252573125031061
10,2.0,25.0,75.0,1.8,1.0,0.01,0.001,0.5,8,17,213.0,0.8139408041078898,33.33333333333333,-3.38343138583019,-5.053137467639324,-0.9165907617915707,144.0,1.0849969675897517,39.58333333333333,0.9893805503267322,-1.5303168845388737,0.459169738596221
20,2.0,25.0,75.0,1.8,1.0,0.01,0.0005,0.5,8,17,360.0,0.820150641289714,35.55555555555556,-4.216730365180902,-5.708067312772236,-1.1005452862634573,166.0,1.0848648150830351,39.75903614457831,0.9592801475139459,-2.0173220464658526,0.4444395812274319
20,2.2,30.0,70.0,1.8,1.0,0.01,0.0007,0.5,7,18,342.0,0.8135884101686348,35.08771929824561,-4.451483608445378,-5.4191330475506945,-1.1143075702476342,178.0,1.0847507344726675,41.01123595505618,1.0864566286832815,-2.0068150542193797,0.44582717643895287
24,1.8,25.0,75.0,1.5,1.0,0.01,0.0005,0.75,8,17,283.0,0.7836174476085973,39.2226148409894,-3.8702306123784185,-4.01692162727022,-1.1067678999482318,119.0,1.0847439991187333,44.537815126050425,0.6704618142891741,-2.028110278927775,0.38179175060806897
18,2.0,25.0,75.0,1.8,1.0,0.01,0.0007,0.5,8,17,322.0,0.7973690710093427,34.47204968944099,-4.6731660159981585,-5.941458212991124,-1.2108094035725083,163.0,1.08465133452814,39.87730061349693,0.9813056640191463,-2.1753891035222184,0.4486755263883629
10,2.0,25.0,75.0,2.0,1.0,0.01,0.0005,1.0,7,18,214.0,0.7619369342530422,31.775700934579437,-3.640236975141779,-5.320531273675966,-1.076282525133439,90.0,1.0846404287253866,38.88888888888889,0.5587404670992692,-2.599261413399623,0.30020670021604545
10,2.0,30.0,70.0,2.0,1.0,0.01,0.0005,1.0,7,18,214.0,0.7619369342530422,31.775700934579437,-3.640236975141779,-5.320531273675966,-1.076282525133439,90.0,1.0846404287253866,38.88888888888889,0.5587404670992692,-2.599261413399623,0.30020670021604545
12,2.0,25.0,75.0,2.0,1.0,0.01,0.0005,1.0,7,18,214.0,0.7619369342530422,31.775700934579437,-3.640236975141779,-5.320531273675966,-1.076282525133439,90.0,1.0846404287253866,38.88888888888889,0.5587404670992692,-2.599261413399623,0.30020670021604545
12,2.0,30.0,70.0,2.0,1.0,0.01,0.0005,1.0,7,18,214.0,0.7619369342530422,31.775700934579437,-3.640236975141779,-5.320531273675966,-1.076282525133439,90.0,1.0846404287253866,38.88888888888889,0.5587404670992692,-2.599261413399623,0.30020670021604545
14,2.0,30.0,70.0,2.0,1.0,0.01,0.0005,1.0,7,18,214.0,0.7619369342530422,31.775700934579437,-3.640236975141779,-5.320531273675966,-1.076282525133439,90.0,1.0846404287253866,38.88888888888889,0.5587404670992692,-2.599261413399623,0.30020670021604545
16,2.0,30.0,70.0,2.0,1.0,0.01,0.0005,1.0,7,18,214.0,0.7619369342530422,31.775700934579437,-3.640236975141779,-5.320531273675966,-1.076282525133439,90.0,1.0846404287253866,38.88888888888889,0.5587404670992692,-2.599261413399623,0.30020670021604545
18,2.0,30.0,70.0,2.0,1.0,0.01,0.0005,1.0,7,18,214.0,0.7619369342530422,31.775700934579437,-3.640236975141779,-5.320531273675966,-1.076282525133439,90.0,1.0846404287253866,38.88888888888889,0.5587404670992692,-2.599261413399623,0.30020670021604545
20,2.0,30.0,70.0,2.0,1.0,0.01,0.0005,1.0,7,18,212.0,0.7683449896066757,32.075471698113205,-3.515724477172571,-5.267183509431838,-1.0373635139017237,90.0,1.0846404287253866,38.88888888888889,0.5587404670992692,-2.599261413399623,0.30020670021604545
24,1.8,25.0,75.0,2.0,1.0,0.01,0.0007,0.75,8,17,229.0,0.8203949246871515,32.314410480349345,-3.1337596764319096,-3.360932801495431,-0.8413440122015836,107.0,1.0843326675125804,35.51401869158878,0.7122291211565971,-2.0013736715012054,0.35507909406594085
20,2.4,25.0,75.0,1.8,1.0,0.01,0.0005,0.5,8,17,170.0,0.7209963332215,34.11764705882353,-3.470914647395985,-4.777028474410905,-1.173444360645735,78.0,1.0842023176257178,41.02564102564102,0.49887039188126436,-1.8283984379077967,0.28349529815157376
20,1.8,30.0,70.0,1.8,1.0,0.01,0.0007,0.75,8,17,387.0,0.7556483853505884,33.0749354005168,-6.682486175550002,-7.413523883287009,-1.6181568554948869,199.0,1.0840016018276595,40.20100502512563,1.1781766425759268,-1.9144539759087809,0.5033287488081356
18,1.8,25.0,75.0,1.5,1.0,0.01,0.001,1.0,7,18,139.0,0.5894830425480785,31.654676258992804,-5.024997657198583,-5.485288817012224,-1.6587188451561103,86.0,1.0839759326706113,44.18604651162791,0.5611174913523791,-1.9357615915093884,0.33417432922925966
12,2.0,25.0,75.0,2.0,1.0,0.01,0.0005,0.75,7,18,395.0,0.7617186327557862,32.151898734177216,-6.289310202909,-7.146726868052056,-1.5002281747625592,196.0,1.0838444463729826,37.755102040816325,1.1240353090102508,-3.138774076264872,0.44902221043092977
22,2.2,25.0,75.0,2.0,1.0,0.01,0.0007,0.75,8,17,127.0,0.6678550342564487,29.133858267716533,-3.5183601141644067,-4.306668252231027,-1.2177989656966386,57.0,1.0837633489619949,36.84210526315789,0.41088359292629323,-1.8806091481616383,0.24088759002624927
24,1.8,25.0,75.0,2.0,1.0,0.01,0.0005,0.75,8,17,283.0,0.814029175902882,32.15547703180212,-3.666639676800751,-3.8298355072403756,-0.9538092516145873,119.0,1.0835401969081426,36.134453781512605,0.7455292082851338,-2.0667222149932885,0.36205584595822915
22,2.4,25.0,75.0,1.5,1.0,0.01,0.0007,0.5,8,17,133.0,0.7034368333628838,38.34586466165413,-2.9389410668456915,-3.783039723939119,-1.1668044811351168,61.0,1.083489170424561,45.90163934426229,0.38446724271401767,-1.9059774971358134,0.25035637470244315
10,2.2,25.0,75.0,1.8,1.0,0.01,0.001,0.5,8,17,159.0,0.6685541550072363,30.18867924528302,-4.8074183950384946,-5.947352830654095,-1.455857606392213,101.0,1.0834316509098953,39.603960396039604,0.7117057043492968,-1.292516236283614,0.3650438610648309
10,2.2,30.0,70.0,1.8,1.0,0.01,0.001,0.5,8,17,161.0,0.675009177003195,30.434782608695656,-4.7592246942624294,-5.8997558276088435,-1.4270385290839969,101.0,1.0834316509098953,39.603960396039604,0.7117057043492968,-1.292516236283614,0.3650438610648309
12,2.2,30.0,70.0,1.8,1.0,0.01,0.001,0.5,8,17,160.0,0.681278396345537,30.625000000000004,-4.628122048311543,-5.770243626356986,-1.3943333963025912,101.0,1.0834316509098953,39.603960396039604,0.7117057043492968,-1.292516236283614,0.3650438610648309
14,2.2,30.0,70.0,1.8,1.0,0.01,0.001,0.5,8,17,160.0,0.681278396345537,30.625000000000004,-4.628122048311543,-5.770243626356986,-1.3943333963025912,101.0,1.0834316509098953,39.603960396039604,0.7117057043492968,-1.292516236283614,0.3650438610648309
16,2.2,30.0,70.0,1.8,1.0,0.01,0.001,0.5,8,17,159.0,0.6880885142426485,30.81761006289308,-4.488249944775252,-5.63197820841429,-1.3578824295793952,101.0,1.0834316509098953,39.603960396039604,0.7117057043492968,-1.292516236283614,0.3650438610648309
24,2.4,25.0,75.0,1.8,1.0,0.01,0.0007,0.5,7,18,139.0,0.666813662332262,30.935251798561154,-3.675570071754173,-4.241691419321569,-1.2929385123307686,60.0,1.0834314860676342,41.66666666666667,0.41367073788138436,-2.3296797592645913,0.24530401349750003
22,1.8,25.0,75.0,1.8,1.0,0.01,0.0007,1.0,7,18,213.0,0.6997054058871529,32.3943661971831,-4.862676652790033,-5.245781810269667,-1.4307383484156233,100.0,1.0832665806632893,40.0,0.6321599719555161,-1.5226080073125536,0.3494343947428751
24,2.2,30.0,70.0,1.5,1.0,0.01,0.0005,0.75,7,18,219.0,0.7715804499124429,40.63926940639269,-3.1948600217788954,-4.063793927017212,-1.013436078298131,103.0,1.0832608880333425,45.63106796116505,0.5554890029278431,-2.737161748189232,0.31933497010114026
24,2.2,25.0,75.0,2.0,1.0,0.01,0.0005,0.5,7,18,238.0,0.8120140329308183,33.61344537815126,-3.1200117253519966,-4.1330204160635375,-0.894378396171317,108.0,1.083220568404882,37.96296296296296,0.6719557632076066,-1.7987897192111801,0.34226650666421804
18,2.0,25.0,75.0,1.5,1.0,0.01,0.0005,1.0,7,18,204.0,0.8540929215640772,43.13725490196079,-1.862668636986291,-3.7876047193808104,-0.613531996503119,86.0,1.082586048770354,46.51162790697674,0.4682040831476479,-2.5496336246245033,0.28651140542675535
24,2.0,30.0,70.0,1.5,1.0,0.01,0.0005,1.0,7,18,208.0,0.8698933171965086,43.269230769230774,-1.6845481406763791,-3.609524144521159,-0.5461006718540068,86.0,1.082586048770354,46.51162790697674,0.4682040831476479,-2.5496336246245033,0.28651140542675535
18,2.0,25.0,75.0,1.5,1.0,0.01,0.0007,0.75,7,18,268.0,0.7757148702085466,39.92537313432835,-4.065965356819124,-4.751157641142112,-1.1601464561340875,137.0,1.0825611635169412,45.98540145985402,0.7524583223501577,-2.3734818424957616,0.3807976622666952
20,2.0,25.0,75.0,2.0,1.0,0.01,0.0005,1.0,8,17,153.0,0.6964458046872835,30.065359477124183,-3.6119910274883114,-4.631870378540759,-1.2155279528505172,58.0,1.0825315197362293,36.206896551724135,0.40291509419132127,-1.8051055197357169,0.23576069823386206
10,2.4,25.0,75.0,1.8,1.0,0.01,0.001,0.75,7,18,79.0,0.6044372672151576,26.582278481012654,-2.9527282219133304,-3.6835148474609447,-1.2137786002019433,40.0,1.082333090131319,42.5,0.2892113971752588,-1.6075345902165528,0.20511277920393947
10,2.4,30.0,70.0,1.8,1.0,0.01,0.001,0.75,7,18,79.0,0.6044372672151576,26.582278481012654,-2.9527282219133304,-3.6835148474609447,-1.2137786002019433,40.0,1.082333090131319,42.5,0.2892113971752588,-1.6075345902165528,0.20511277920393947
12,2.4,25.0,75.0,1.8,1.0,0.01,0.001,0.75,7,18,79.0,0.6044372672151576,26.582278481012654,-2.9527282219133304,-3.6835148474609447,-1.2137786002019433,40.0,1.082333090131319,42.5,0.2892113971752588,-1.6075345902165528,0.20511277920393947
12,2.4,30.0,70.0,1.8,1.0,0.01,0.001,0.75,7,18,79.0,0.6044372672151576,26.582278481012654,-2.9527282219133304,-3.6835148474609447,-1.2137786002019433,40.0,1.082333090131319,42.5,0.2892113971752588,-1.6075345902165528,0.20511277920393947
14,2.4,25.0,75.0,1.8,1.0,0.01,0.001,0.75,7,18,79.0,0.6044372672151576,26.582278481012654,-2.9527282219133304,-3.6835148474609447,-1.2137786002019433,40.0,1.082333090131319,42.5,0.2892113971752588,-1.6075345902165528,0.20511277920393947
14,2.4,30.0,70.0,1.8,1.0,0.01,0.001,0.75,7,18,79.0,0.6044372672151576,26.582278481012654,-2.9527282219133304,-3.6835148474609447,-1.2137786002019433,40.0,1.082333090131319,42.5,0.2892113971752588,-1.6075345902165528,0.20511277920393947
16,2.4,30.0,70.0,1.8,1.0,0.01,0.001,0.75,7,18,79.0,0.6044372672151576,26.582278481012654,-2.9527282219133304,-3.6835148474609447,-1.2137786002019433,40.0,1.082333090131319,42.5,0.2892113971752588,-1.6075345902165528,0.20511277920393947
18,2.4,30.0,70.0,1.8,1.0,0.01,0.001,0.75,7,18,79.0,0.6044372672151576,26.582278481012654,-2.9527282219133304,-3.6835148474609447,-1.2137786002019433,40.0,1.082333090131319,42.5,0.2892113971752588,-1.6075345902165528,0.20511277920393947
20,2.4,30.0,70.0,1.8,1.0,0.01,0.001,0.75,7,18,79.0,0.6044372672151576,26.582278481012654,-2.9527282219133304,-3.6835148474609447,-1.2137786002019433,40.0,1.082333090131319,42.5,0.2892113971752588,-1.6075345902165528,0.20511277920393947
20,2.2,30.0,70.0,1.8,1.0,0.01,0.0005,0.5,7,18,438.0,0.8448304317674313,36.757990867579906,-4.252710317745969,-5.394702705936871,-1.024648594787159,218.0,1.0823135790546439,41.284403669724774,1.175438417862133,-2.0228771170119564,0.47374348910866737
18,2.4,25.0,75.0,2.0,1.0,0.01,0.0005,0.75,7,18,143.0,0.7043890570024284,30.76923076923077,-3.1717549218237218,-4.048754223688967,-1.0995572509611298,62.0,1.0823019379205299,40.32258064516129,0.3767515705809092,-1.6305793544518332,0.2475346473304103
24,2.4,30.0,70.0,2.0,1.0,0.01,0.0005,0.75,7,18,147.0,0.7358118655384337,31.292517006802722,-2.8813032143978488,-3.808141806203813,-0.9880514912698197,62.0,1.0823019379205299,40.32258064516129,0.3767515705809092,-1.6305793544518332,0.2475346473304103
22,2.2,25.0,75.0,1.8,1.0,0.01,0.0007,0.5,7,18,219.0,0.7458483772021347,34.24657534246575,-4.155215240172547,-4.7635126591099475,-1.238459789411652,105.0,1.082204642561029,40.0,0.6634883757097123,-1.3293980994240617,0.3323736454025846
22,2.0,25.0,75.0,2.0,1.0,0.01,0.001,0.5,8,17,144.0,0.7207938442811589,28.47222222222222,-3.7214530144303897,-4.245778150752944,-1.161718750190644,86.0,1.0821701769144294,34.883720930232556,0.6261112848529229,-1.420472000615891,0.31059722477858215
10,2.4,25.0,75.0,2.0,1.0,0.01,0.0007,0.5,8,17,190.0,0.6092976047347197,26.842105263157894,-6.043585687502909,-6.9399505350578705,-1.8559481784998904,93.0,1.0819521204499665,37.634408602150536,0.6075081278660945,-3.0542515817743143,0.3158657225212241
10,2.4,30.0,70.0,2.0,1.0,0.01,0.0007,0.5,8,17,190.0,0.6092976047347197,26.842105263157894,-6.043585687502909,-6.9399505350578705,-1.8559481784998904,93.0,1.0819521204499665,37.634408602150536,0.6075081278660945,-3.0542515817743143,0.3158657225212241
12,2.4,25.0,75.0,2.0,1.0,0.01,0.0007,0.5,8,17,187.0,0.5992487411452277,26.737967914438503,-6.12256081832289,-7.018158214098169,-1.8950458065517573,93.0,1.0819521204499665,37.634408602150536,0.6075081278660945,-3.0542515817743143,0.3158657225212241
12,2.4,30.0,70.0,2.0,1.0,0.01,0.0007,0.5,8,17,190.0,0.6092976047347197,26.842105263157894,-6.043585687502909,-6.9399505350578705,-1.8559481784998904,93.0,1.0819521204499665,37.634408602150536,0.6075081278660945,-3.0542515817743143,0.3158657225212241
14,2.4,30.0,70.0,2.0,1.0,0.01,0.0007,0.5,8,17,190.0,0.6092976047347197,26.842105263157894,-6.043585687502909,-6.9399505350578705,-1.8559481784998904,93.0,1.0819521204499665,37.634408602150536,0.6075081278660945,-3.0542515817743143,0.3158657225212241
16,2.4,30.0,70.0,2.0,1.0,0.01,0.0007,0.5,8,17,190.0,0.6092976047347197,26.842105263157894,-6.043585687502909,-6.9399505350578705,-1.8559481784998904,93.0,1.0819521204499665,37.634408602150536,0.6075081278660945,-3.0542515817743143,0.3158657225212241
18,2.0,25.0,75.0,1.8,1.0,0.01,0.001,0.5,8,17,176.0,0.752754776851986,32.38636363636363,-3.7813769107502235,-5.084031454106286,-1.1210460328817728,107.0,1.081631449951672,39.25233644859813,0.7206012637627465,-1.3078519314315917,0.3511166424064927
20,2.2,25.0,75.0,1.5,1.0,0.01,0.0005,0.75,7,18,196.0,0.7896065815535265,41.3265306122449,-2.631854129079093,-3.7733912493122412,-0.8679344515037191,93.0,1.0814066689209632,47.31182795698925,0.49829593937187383,-2.6010765026128535,0.2968871209791795
20,2.0,25.0,75.0,1.5,1.0,0.01,0.0005,0.75,7,18,306.0,0.8024989375138861,41.50326797385621,-3.691357060659702,-4.708996115562991,-1.0407885772228875,144.0,1.0807187516119507,46.52777777777778,0.7317767286242998,-2.2196702964725423,0.3814843399098994
18,1.8,25.0,75.0,1.5,1.0,0.01,0.001,0.75,8,17,174.0,0.655184434370933,33.90804597701149,-5.101664476903697,-5.5559791465821355,-1.5345922980659374,109.0,1.080468136839972,44.03669724770643,0.6681997229124499,-1.9272111579905604,0.33093200827834957
20,2.0,25.0,75.0,2.0,1.0,0.01,0.0005,0.75,7,18,306.0,0.7411089733347551,32.02614379084967,-5.476837690558841,-6.525565214152307,-1.4376105808367112,144.0,1.080369051600534,38.88888888888889,0.8229584987571799,-1.96317415089734,0.38095698421214763
24,2.2,30.0,70.0,2.0,1.0,0.01,0.0005,0.75,7,18,219.0,0.6709566203597376,29.68036529680365,-5.272021263286606,-5.669125604596681,-1.5480498168149743,103.0,1.080064053673293,37.86407766990291,0.6031262825890554,-2.983727795527291,0.3028648635855289
12,2.0,25.0,75.0,1.8,1.0,0.01,0.001,0.5,8,17,208.0,0.8271572611766134,33.65384615384615,-3.0495711318124084,-4.807844706289643,-0.836194613801918,139.0,1.0797535392654054,39.568345323741006,0.8918963047405124,-1.5984888768180827,0.42460367074979527
22,2.2,30.0,70.0,1.8,1.0,0.01,0.0007,0.5,8,17,282.0,0.7898488992468392,34.751773049645394,-4.284846626659546,-5.623284283124974,-1.1695474239221868,132.0,1.0795926990589275,40.15151515151515,0.7762215937885776,-1.7889024886230342,0.3830590096530689
18,2.0,25.0,75.0,1.8,1.0,0.01,0.0005,1.0,7,18,204.0,0.8113280458007218,36.27450980392157,-2.6300496558605664,-4.220044866416495,-0.8150078354990846,86.0,1.079564270454155,41.86046511627907,0.4882955852999294,-2.5237196796378036,0.2742036947361639
24,2.0,30.0,70.0,1.8,1.0,0.01,0.0005,1.0,7,18,208.0,0.8312116023331729,36.53846153846153,-2.384134991936462,-4.011689771772753,-0.7325022585174189,86.0,1.079564270454155,41.86046511627907,0.4882955852999294,-2.5237196796378036,0.2742036947361639
20,2.0,25.0,75.0,1.8,1.0,0.01,0.001,0.5,7,18,170.0,0.765316552513522,32.35294117647059,-3.447645383810504,-4.6927213378224035,-1.0158212992123972,116.0,1.079426281496997,39.6551724137931,0.7578380382160685,-1.777406038917373,0.34455350557749437
22,2.4,30.0,70.0,1.8,1.0,0.01,0.001,0.5,8,17,108.0,0.5884243114515026,27.77777777777778,-4.209978734510514,-5.378456762868633,-1.5246185466371196,66.0,1.0793970836386262,39.39393939393939,0.45158849532863315,-2.03401396726941,0.2568077905522018
24,2.4,30.0,70.0,1.8,1.0,0.01,0.001,0.5,8,17,105.0,0.6085272014497529,28.57142857142857,-3.8794945590084353,-5.051981764674041,-1.3981657307525195,66.0,1.0793970836386262,39.39393939393939,0.45158849532863315,-2.03401396726941,0.2568077905522018
18,1.8,25.0,75.0,1.8,1.0,0.01,0.0005,0.75,7,18,484.0,0.7877704668079912,34.917355371900825,-6.431884507946234,-6.947320175695825,-1.4746800087153977,238.0,1.0791020642098248,40.7563025210084,1.211650420855658,-2.5909190852456687,0.4841824874752908
22,2.0,25.0,75.0,2.0,1.0,0.01,0.0005,0.5,8,17,308.0,0.7917309453492142,31.818181818181817,-4.4811256231131305,-4.826564205952188,-1.202908593762467,135.0,1.0787840064308047,36.2962962962963,0.7831764189792556,-1.9796388633121054,0.3629529483387029
20,2.4,30.0,70.0,2.0,1.0,0.01,0.001,0.5,8,17,110.0,0.49781971060127883,21.818181818181817,-5.5392710700063255,-6.4864177098780225,-1.9415187414805672,68.0,1.0782444284086279,36.76470588235294,0.4754073344270727,-2.235450946977091,0.26156411501893434
22,2.0,25.0,75.0,1.8,1.0,0.01,0.0007,0.5,8,17,249.0,0.7730587078939722,33.734939759036145,-4.1965536562369925,-4.720724930752096,-1.2127021195576428,119.0,1.0782234571029048,38.655462184873954,0.6991935446474599,-1.8452944304618635,0.35299582343819885
20,1.8,25.0,75.0,2.0,1.0,0.01,0.001,0.75,8,17,158.0,0.646723947376745,26.582278481012654,-5.235148636859776,-5.749096728872882,-1.538444284075456,101.0,1.0780183240497478,35.64356435643564,0.6838313458538686,-1.4375989642188558,0.3149078554472507
10,1.8,25.0,75.0,1.5,1.0,0.01,0.0007,0.75,8,17,409.0,0.7653973136660758,38.386308068459655,-6.2867082555294465,-7.3630956533030645,-1.5934257285528028,208.0,1.0779541810948325,45.19230769230769,1.0571705091801777,-2.0364298308104156,0.4702695320661322
18,2.0,25.0,75.0,2.0,1.0,0.01,0.0007,1.0,7,18,170.0,0.7277077716232003,30.0,-3.6598188658980324,-5.128394441638095,-1.1152300664395616,72.0,1.0778387281199475,38.88888888888889,0.4558737165345701,-2.59928743988187,0.24940039399782965
22,2.0,30.0,70.0,2.0,1.0,0.01,0.0007,1.0,7,18,175.0,0.7431187392492615,30.28571428571429,-3.5398709256404435,-5.061054469438009,-1.0691988489046433,72.0,1.0778387281199475,38.88888888888889,0.4558737165345701,-2.59928743988187,0.24940039399782965
24,2.0,30.0,70.0,2.0,1.0,0.01,0.0007,1.0,7,18,173.0,0.7562664533278507,30.63583815028902,-3.3054105928721036,-4.83023709018272,-1.0027069036041176,72.0,1.0778387281199475,38.88888888888889,0.4558737165345701,-2.59928743988187,0.24940039399782965
16,2.0,25.0,75.0,2.0,1.0,0.01,0.001,0.5,8,17,185.0,0.7540596482069043,29.72972972972973,-4.104584033727806,-5.229710555706124,-1.1475656149846396,116.0,1.0778336094961436,36.206896551724135,0.768847384808796,-1.4570194409357362,0.3444696422002367
22,2.0,30.0,70.0,1.8,1.0,0.01,0.0005,0.75,7,18,384.0,0.8153930180244678,36.45833333333333,-4.537794154323929,-5.442471118482173,-1.1297470248772516,182.0,1.0774546653626027,40.65934065934066,0.926125206299639,-2.620330126033288,0.4101874680823453
20,2.0,25.0,75.0,2.0,1.0,0.01,0.0005,1.0,7,18,194.0,0.745884099030442,31.443298969072163,-3.5793585557197547,-5.08214286736246,-1.099644219508663,82.0,1.0774263352506643,39.02439024390244,0.47656503741458434,-2.599301671837395,0.25952447112232924
18,2.4,25.0,75.0,2.0,1.0,0.01,0.0005,0.5,7,18,233.0,0.678929585775854,30.042918454935624,-5.414828462327132,-6.058836169833581,-1.5859446369379924,114.0,1.0771021126492486,38.59649122807017,0.6310505688193007,-2.756579446536933,0.31703138751345344
20,1.8,30.0,70.0,1.8,1.0,0.01,0.001,0.75,8,17,192.0,0.7196282974330293,31.25,-4.744753252409391,-5.5814751807600205,-1.3290543894159303,130.0,1.0770937934175868,39.23076923076923,0.8158400979179714,-1.462256575084664,0.38191440204964505
22,2.0,25.0,75.0,1.8,1.0,0.01,0.0005,0.5,8,17,308.0,0.7999843253142002,35.064935064935064,-4.140397040843109,-5.036224807072154,-1.1529631739932675,135.0,1.0769933943240566,39.25925925925926,0.734747360024594,-1.9453332814760138,0.36293877892909704
10,2.4,25.0,75.0,2.0,1.0,0.01,0.0005,0.5,8,17,217.0,0.6198014724780204,27.64976958525346,-6.302518118270219,-7.260361939768134,-1.9097034197511804,101.0,1.0769256426868399,37.62376237623762,0.5939893565801322,-3.109544216382587,0.3019729050641239
10,2.4,30.0,70.0,2.0,1.0,0.01,0.0005,0.5,8,17,217.0,0.6198014724780204,27.64976958525346,-6.302518118270219,-7.260361939768134,-1.9097034197511804,101.0,1.0769256426868399,37.62376237623762,0.5939893565801322,-3.109544216382587,0.3019729050641239
12,2.4,25.0,75.0,2.0,1.0,0.01,0.0005,0.5,8,17,212.0,0.6154387919547847,27.830188679245282,-6.255815574657027,-7.2141181644742485,-1.9114261018160268,101.0,1.0769256426868399,37.62376237623762,0.5939893565801322,-3.109544216382587,0.3019729050641239
12,2.4,30.0,70.0,2.0,1.0,0.01,0.0005,0.5,8,17,217.0,0.6198014724780204,27.64976958525346,-6.302518118270219,-7.260361939768134,-1.9097034197511804,101.0,1.0769256426868399,37.62376237623762,0.5939893565801322,-3.109544216382587,0.3019729050641239
14,2.4,30.0,70.0,2.0,1.0,0.01,0.0005,0.5,8,17,217.0,0.6198014724780204,27.64976958525346,-6.302518118270219,-7.260361939768134,-1.9097034197511804,101.0,1.0769256426868399,37.62376237623762,0.5939893565801322,-3.109544216382587,0.3019729050641239
16,2.4,30.0,70.0,2.0,1.0,0.01,0.0005,0.5,8,17,217.0,0.6198014724780204,27.64976958525346,-6.302518118270219,-7.260361939768134,-1.9097034197511804,101.0,1.0769256426868399,37.62376237623762,0.5939893565801322,-3.109544216382587,0.3019729050641239
20,1.8,25.0,75.0,1.5,1.0,0.01,0.001,1.0,7,18,131.0,0.5827500922241543,31.297709923664126,-4.851320986116861,-5.312470887036669,-1.6263536694243959,83.0,1.0766783976751193,44.57831325301205,0.49414025274789314,-2.011867080748664,0.30062372440290724
10,2.2,25.0,75.0,2.0,1.0,0.01,0.0007,0.5,8,17,308.0,0.7299705915708598,30.519480519480517,-6.269532476547248,-7.455182244090519,-1.623015914132481,149.0,1.0765365795691317,37.58389261744966,0.8716490623273239,-2.1879411380641423,0.3915864119446581
10,2.2,30.0,70.0,2.0,1.0,0.01,0.0007,0.5,8,17,313.0,0.7266485176324173,30.35143769968051,-6.446228382794088,-7.629590534569363,-1.6565962907977243,149.0,1.0765365795691317,37.58389261744966,0.8716490623273239,-2.1879411380641423,0.3915864119446581
12,2.2,30.0,70.0,2.0,1.0,0.01,0.0007,0.5,8,17,312.0,0.7307898308559401,30.448717948717945,-6.317385709664213,-7.5024390149811655,-1.6284558876980544,149.0,1.0765365795691317,37.58389261744966,0.8716490623273239,-2.1879411380641423,0.3915864119446581
14,2.2,30.0,70.0,2.0,1.0,0.01,0.0007,0.5,8,17,309.0,0.738783568596988,30.74433656957929,-6.072453007657132,-7.414731774775052,-1.56422705751165,149.0,1.0765365795691317,37.58389261744966,0.8716490623273239,-2.1879411380641423,0.3915864119446581
16,2.2,30.0,70.0,2.0,1.0,0.01,0.0007,0.5,8,17,306.0,0.7483835167457382,31.045751633986928,-5.784392630945477,-7.130704869246573,-1.4945166140648918,149.0,1.0765365795691317,37.58389261744966,0.8716490623273239,-2.1879411380641423,0.3915864119446581
20,1.8,25.0,75.0,1.5,1.0,0.01,0.0007,0.75,7,18,331.0,0.762142196006542,38.368580060422964,-5.245482261797133,-5.85438282530466,-1.3480765458340416,175.0,1.0764892855460408,45.14285714285714,0.883531011557534,-2.582340363206992,0.38630109227709053
24,1.8,25.0,75.0,1.5,1.0,0.01,0.001,1.0,7,18,113.0,0.5588197899578038,30.08849557522124,-4.519990451379435,-4.938131626630526,-1.6080882977141981,69.0,1.0764238968084259,43.47826086956522,0.4223144870182296,-1.9720442189704812,0.2723648783427363
22,2.2,25.0,75.0,1.8,1.0,0.01,0.0007,0.75,8,17,127.0,0.686027244969836,32.28346456692913,-3.1995441617863802,-4.205354277189233,-1.1417562075386014,57.0,1.076365303155567,40.35087719298245,0.35975916666206104,-1.8043558355379852,0.21887177647191136
18,2.2,25.0,75.0,1.5,1.0,0.01,0.0005,0.75,7,18,209.0,0.7563610841301698,40.19138755980861,-3.2760141524037683,-4.263295889721219,-1.0653228639853118,100.0,1.0762306886877944,46.0,0.49795756528666973,-2.668757274487532,0.2884692451195457
12,2.2,25.0,75.0,2.0,1.0,0.01,0.001,0.5,8,17,154.0,0.6416706185307591,26.623376623376622,-5.221769642214421,-6.28838181616147,-1.5497543360156623,99.0,1.0761636819864298,36.36363636363637,0.6620872110173696,-1.6286681554079308,0.32775934461892614
18,2.0,25.0,75.0,1.5,1.0,0.01,0.001,0.5,8,17,176.0,0.715078228896945,35.79545454545455,-4.141581328404737,-4.907829753773296,-1.2797849208829921,107.0,1.0757978905309,43.925233644859816,0.6193518775963094,-1.834810804428455,0.31537917555277895
16,2.0,25.0,75.0,2.0,1.0,0.01,0.0007,0.75,7,18,293.0,0.7563846411384112,31.399317406143346,-5.335294745693882,-6.585168212202952,-1.3504533491535229,147.0,1.0757572160676323,37.41496598639456,0.8338171607010555,-2.6501696290365806,0.3586957236005818
22,1.8,25.0,75.0,2.0,1.0,0.01,0.001,1.0,7,18,123.0,0.561422600450614,23.577235772357724,-5.278813640478911,-5.616524760582308,-1.6978059018373388,76.0,1.07489196309716,35.526315789473685,0.5014008006987569,-1.2810912107881767,0.2793486677507764
20,2.2,30.0,70.0,2.0,1.0,0.01,0.0005,0.5,7,18,438.0,0.8125916759289322,33.33333333333333,-5.365861546212491,-6.776686556003552,-1.2440635354118943,218.0,1.0746018679299667,38.53211009174312,1.1107215925275704,-2.4707880993684372,0.42669686589242956
12,1.8,25.0,75.0,1.5,1.0,0.01,0.0005,0.75,8,17,506.0,0.7782711655538775,38.93280632411067,-6.635810219981413,-7.951127770109312,-1.6533079713224914,239.0,1.074492628870824,44.76987447698745,1.0777279706686567,-2.3703911966089675,0.4623597082031707
20,2.2,25.0,75.0,1.8,1.0,0.01,0.001,0.5,7,18,135.0,0.66976486267928,30.37037037037037,-4.0495424012691545,-5.220894725860359,-1.2983435208684764,93.0,1.0744707409309378,39.784946236559136,0.5832470027192176,-1.4010605490673456,0.28834875212451055
20,2.4,30.0,70.0,1.8,1.0,0.01,0.0005,0.5,7,18,273.0,0.7490211881772132,34.798534798534796,-4.584002033476736,-5.1801045883803525,-1.3274947707172253,136.0,1.074373571473741,40.44117647058824,0.6828798721428029,-3.165352313508596,0.3376495906881911
18,2.2,30.0,70.0,2.0,1.0,0.01,0.001,0.5,8,17,156.0,0.6476793689410957,26.923076923076923,-5.199618537820534,-6.049202651188034,-1.5344905629063543,99.0,1.0741800222752746,36.36363636363637,0.6454444920784226,-1.628621433302735,0.319868724641648
18,2.0,25.0,75.0,1.8,1.0,0.01,0.0005,0.5,8,17,404.0,0.8257094124245976,35.89108910891089,-4.547746056593151,-6.1849354351112495,-1.135890171248665,188.0,1.0741331310896294,39.8936170212766,0.9289811929106326,-2.2742552921014347,0.42082448416393586
18,2.4,25.0,75.0,1.5,1.0,0.01,0.001,0.5,8,17,100.0,0.5524450819312424,31.0,-4.103876175345158,-4.844332350323144,-1.6368539866596745,61.0,1.074073538480847,44.26229508196721,0.3618246777024251,-1.993133432387384,0.2254325247495624
14,1.8,25.0,75.0,2.0,1.0,0.01,0.0005,0.75,8,17,479.0,0.7472569993297854,30.89770354906054,-8.011269340793534,-8.180972499523998,-1.8802976467482788,229.0,1.0740471759172925,37.55458515283843,1.1637700165780915,-2.4200070851771893,0.4529013836031056
22,2.2,30.0,70.0,2.0,1.0,0.01,0.0005,0.5,8,17,337.0,0.7899654743589066,32.640949554896146,-4.913401792284021,-6.466202453451753,-1.2581266034937693,148.0,1.0740120231021522,38.513513513513516,0.797232670961057,-2.406158119750057,0.37138624487392413
14,2.2,25.0,75.0,1.8,1.0,0.01,0.001,0.5,7,18,158.0,0.7154473983487973,31.645569620253166,-3.996071506425014,-5.045889183645791,-1.2172604663369047,116.0,1.0739229889034405,39.6551724137931,0.7162201010277023,-1.338838567322398,0.3228225933269258
24,2.4,25.0,75.0,1.8,1.0,0.01,0.001,0.5,8,17,75.0,0.5676459161102672,26.666666666666668,-3.205147832612493,-4.2378709965180335,-1.2956102357638144,46.0,1.0731031650621854,39.130434782608695,0.30096007651574835,-1.8465629441546283,0.1872470340917384
10,2.0,30.0,70.0,1.8,1.0,0.01,0.001,0.5,8,17,217.0,0.8238621856099545,33.6405529953917,-3.2527426406877566,-5.1804823336403345,-0.8731901611272956,147.0,1.073033051981224,39.455782312925166,0.8665138327799468,-1.6263754843420908,0.4040627346313302
12,2.0,30.0,70.0,1.8,1.0,0.01,0.001,0.5,8,17,216.0,0.8299950405799084,33.7962962962963,-3.119515664565479,-5.049960037077838,-0.8405835067990715,147.0,1.073033051981224,39.455782312925166,0.8665138327799468,-1.6263754843420908,0.4040627346313302
10,2.2,25.0,75.0,2.0,1.0,0.01,0.001,0.75,7,18,112.0,0.505799302785927,21.428571428571427,-5.487218102432271,-5.995633575878423,-1.8365071853531425,66.0,1.0727836709174425,36.36363636363637,0.4367792526662015,-2.5913052743736675,0.23197103902130503
10,2.2,30.0,70.0,2.0,1.0,0.01,0.001,0.75,7,18,112.0,0.505799302785927,21.428571428571427,-5.487218102432271,-5.995633575878423,-1.8365071853531425,66.0,1.0727836709174425,36.36363636363637,0.4367792526662015,-2.5913052743736675,0.23197103902130503
12,2.2,25.0,75.0,2.0,1.0,0.01,0.001,0.75,7,18,111.0,0.5103877224517831,21.62162162162162,-5.390351060154699,-5.899285965592938,-1.7949799580987538,66.0,1.0727836709174425,36.36363636363637,0.4367792526662015,-2.5913052743736675,0.23197103902130503
12,2.2,30.0,70.0,2.0,1.0,0.01,0.001,0.75,7,18,112.0,0.505799302785927,21.428571428571427,-5.487218102432271,-5.995633575878423,-1.8365071853531425,66.0,1.0727836709174425,36.36363636363637,0.4367792526662015,-2.5913052743736675,0.23197103902130503
14,2.2,30.0,70.0,2.0,1.0,0.01,0.001,0.75,7,18,112.0,0.505799302785927,21.428571428571427,-5.487218102432271,-5.995633575878423,-1.8365071853531425,66.0,1.0727836709174425,36.36363636363637,0.4367792526662015,-2.5913052743736675,0.23197103902130503
16,2.2,30.0,70.0,2.0,1.0,0.01,0.001,0.75,7,18,112.0,0.505799302785927,21.428571428571427,-5.487218102432271,-5.995633575878423,-1.8365071853531425,66.0,1.0727836709174425,36.36363636363637,0.4367792526662015,-2.5913052743736675,0.23197103902130503
18,2.2,30.0,70.0,2.0,1.0,0.01,0.001,0.75,7,18,112.0,0.505799302785927,21.428571428571427,-5.487218102432271,-5.995633575878423,-1.8365071853531425,66.0,1.0727836709174425,36.36363636363637,0.4367792526662015,-2.5913052743736675,0.23197103902130503
20,1.8,30.0,70.0,1.8,1.0,0.01,0.0005,0.75,8,17,489.0,0.7739106078287347,34.151329243353786,-7.051565244368703,-7.984009095634558,-1.6714254986510386,232.0,1.0725618067051503,40.08620689655172,1.1071817506061417,-2.0765502765766164,0.45955201055169986
22,2.0,25.0,75.0,2.0,1.0,0.01,0.001,1.0,8,17,81.0,0.6305353163501336,25.925925925925924,-2.960163211492345,-3.7757428138847526,-1.1602344797118893,45.0,1.0724308633568413,35.55555555555556,0.30470431383664615,-1.574573293264947,0.1847132798721893
16,2.0,25.0,75.0,1.5,1.0,0.01,0.001,0.5,8,17,185.0,0.7577735984096768,36.75675675675676,-3.6562260491668166,-4.29900118421539,-1.1031803922073318,116.0,1.0722226041705896,43.96551724137931,0.6339301710508698,-2.0481757928024313,0.3132561751426959
20,2.2,25.0,75.0,2.0,1.0,0.01,0.001,0.5,7,18,135.0,0.6164421132699656,25.925925925925924,-4.939353241716944,-5.834180705973157,-1.5580229453099164,93.0,1.0719458912234807,36.55913978494624,0.5865097231312575,-1.2863004953345358,0.2798010167957837
24,2.4,30.0,70.0,1.5,1.0,0.01,0.0007,0.5,7,18,207.0,0.7618488635136094,39.61352657004831,-3.3988974095892446,-3.75850071010585,-1.090491201935437,101.0,1.0718224266607235,46.53465346534654,0.5047314272026415,-2.9417617331545243,0.2891644829400838
22,2.0,25.0,75.0,2.0,1.0,0.01,0.0007,0.5,8,17,249.0,0.7824932851829948,31.32530120481928,-4.156447207088913,-4.744768127912247,-1.1601606723192692,119.0,1.0718108873392307,35.294117647058826,0.6681197224654898,-1.8903907521224284,0.3187673950456794
16,2.2,25.0,75.0,2.0,1.0,0.01,0.0007,0.5,8,17,265.0,0.7652002365258151,32.075471698113205,-4.725679298789,-5.601556058421197,-1.2914174704001884,126.0,1.0717617693429458,36.507936507936506,0.6933945803559254,-1.9711871629362498,0.3246596224654665
22,2.0,30.0,70.0,1.5,1.0,0.01,0.0005,1.0,7,18,212.0,0.8543639488216359,42.924528301886795,-1.9261344854803975,-3.8430764081754387,-0.6259584642663149,87.0,1.0717267776525707,45.97701149425287,0.40937194461776016,-2.5495958241212535,0.25048496351703947
16,2.0,25.0,75.0,1.8,1.0,0.01,0.001,1.0,8,17,92.0,0.678825741757382,30.434782608695656,-2.7503836994992708,-3.71883196505588,-1.0308349898436229,49.0,1.0714034270093666,38.775510204081634,0.3085517289546988,-1.6899800364536532,0.18796130141832595
18,2.0,25.0,75.0,1.8,1.0,0.01,0.001,1.0,8,17,89.0,0.6406034567963319,29.213483146067414,-3.0284952962702665,-3.994200282740501,-1.1508612209069118,49.0,1.0714034270093666,38.775510204081634,0.3085517289546988,-1.6899800364536532,0.18796130141832595
22,2.0,30.0,70.0,1.8,1.0,0.01,0.001,1.0,8,17,93.0,0.669777112508965,30.107526881720432,-2.8639796147201744,-3.8312969877248415,-1.0721928028768564,49.0,1.0714034270093666,38.775510204081634,0.3085517289546988,-1.6899800364536532,0.18796130141832595
24,2.0,30.0,70.0,1.8,1.0,0.01,0.001,1.0,8,17,91.0,0.688849889270255,30.76923076923077,-2.627942581362313,-3.5976043425031357,-0.97839245501952,49.0,1.0714034270093666,38.775510204081634,0.3085517289546988,-1.6899800364536532,0.18796130141832595
18,2.2,30.0,70.0,1.8,1.0,0.01,0.0007,0.5,7,18,351.0,0.7997897062123028,34.75783475783476,-4.905633875402491,-5.898936358736284,-1.2282638938952186,183.0,1.0713561868386303,40.98360655737705,0.9403238729870826,-2.0068297827633974,0.3871021268075574
22,2.0,25.0,75.0,1.5,1.0,0.01,0.0007,1.0,7,18,151.0,0.8237810202599336,41.72185430463576,-1.8513180100036515,-3.501717340764221,-0.6702941804234608,61.0,1.0713400414806136,45.90163934426229,0.32761277515470283,-2.4714880233420167,0.21215762986289552
18,1.8,25.0,75.0,1.5,1.0,0.01,0.0007,0.75,7,18,367.0,0.7737498892624995,38.69209809264305,-5.477140354455387,-5.97263558994835,-1.33888250085005,199.0,1.0711422341415962,45.22613065326633,0.9118629728433371,-2.8502960787801346,0.3787908419265181
18,2.0,30.0,70.0,1.5,1.0,0.01,0.0005,0.75,7,18,397.0,0.783355166008172,40.302267002518896,-5.164674145495846,-5.499893827460123,-1.3496304460132205,196.0,1.0708491300629663,44.38775510204081,0.8418959903181167,-3.066814487590297,0.3864053821030346
18,2.4,25.0,75.0,1.8,1.0,0.01,0.001,0.5,8,17,100.0,0.5915304339745957,28.000000000000004,-3.886444521086032,-5.033131456358387,-1.4454323988489526,61.0,1.0707924530233162,39.34426229508197,0.37306944504895,-1.7628192683232569,0.21311362230627193
20,2.0,25.0,75.0,2.0,1.0,0.01,0.0007,1.0,7,18,162.0,0.7197673817698071,29.629629629629626,-3.612791164105747,-4.940018294919568,-1.1353000956634345,68.0,1.0706650936117696,38.23529411764706,0.39681393335726173,-2.5992511186590295,0.21945063631271652
14,1.8,25.0,75.0,2.0,1.0,0.01,0.0007,0.75,8,17,378.0,0.7240386632592448,29.629629629629626,-7.659816916002601,-7.791261763055113,-1.8563638210334887,197.0,1.0706531476121173,37.055837563451774,1.0218140123539887,-2.113301618737773,0.41096265082828715
14,2.0,25.0,75.0,2.0,1.0,0.01,0.0005,1.0,7,18,212.0,0.7683449896066757,32.075471698113205,-3.515724477172571,-5.267183509431838,-1.0373635139017237,89.0,1.0705877717952497,38.20224719101123,0.4632672978565643,-2.599256016043383,0.24946602298682713
24,2.4,25.0,75.0,1.8,1.0,0.01,0.001,1.0,7,18,37.0,0.29867642487509366,16.216216216216218,-2.813235636573409,-2.813235636573408,-1.9203253435046037,22.0,1.0705761053580858,40.909090909090914,0.1469871975269416,-0.899177793248318,0.1292044704250614
20,1.8,25.0,75.0,1.5,1.0,0.01,0.0005,0.75,7,18,434.0,0.7736329786493399,39.1705069124424,-5.827060442984239,-6.445341220051515,-1.4489377148672908,209.0,1.0704736338940624,45.45454545454545,0.8953450151079232,-2.736555083222647,0.38687019288423735
10,2.2,25.0,75.0,1.8,1.0,0.01,0.001,1.0,8,17,65.0,0.4805616355901755,24.615384615384617,-3.333288476980706,-3.739538534433118,-1.6323051401636692,31.0,1.0703922880611916,41.935483870967744,0.1983731887493195,-1.4867659272995049,0.15179825924764445
10,2.2,30.0,70.0,1.8,1.0,0.01,0.001,1.0,8,17,65.0,0.4805616355901755,24.615384615384617,-3.333288476980706,-3.739538534433118,-1.6323051401636692,31.0,1.0703922880611916,41.935483870967744,0.1983731887493195,-1.4867659272995049,0.15179825924764445
12,2.2,25.0,75.0,1.8,1.0,0.01,0.001,1.0,8,17,65.0,0.4805616355901755,24.615384615384617,-3.333288476980706,-3.739538534433118,-1.6323051401636692,31.0,1.0703922880611916,41.935483870967744,0.1983731887493195,-1.4867659272995049,0.15179825924764445
12,2.2,30.0,70.0,1.8,1.0,0.01,0.001,1.0,8,17,65.0,0.4805616355901755,24.615384615384617,-3.333288476980706,-3.739538534433118,-1.6323051401636692,31.0,1.0703922880611916,41.935483870967744,0.1983731887493195,-1.4867659272995049,0.15179825924764445
14,2.2,25.0,75.0,1.8,1.0,0.01,0.001,1.0,8,17,65.0,0.4805616355901755,24.615384615384617,-3.333288476980706,-3.739538534433118,-1.6323051401636692,31.0,1.0703922880611916,41.935483870967744,0.1983731887493195,-1.4867659272995049,0.15179825924764445
14,2.2,30.0,70.0,1.8,1.0,0.01,0.001,1.0,8,17,65.0,0.4805616355901755,24.615384615384617,-3.333288476980706,-3.739538534433118,-1.6323051401636692,31.0,1.0703922880611916,41.935483870967744,0.1983731887493195,-1.4867659272995049,0.15179825924764445
16,2.2,25.0,75.0,1.8,1.0,0.01,0.001,1.0,8,17,65.0,0.4805616355901755,24.615384615384617,-3.333288476980706,-3.739538534433118,-1.6323051401636692,31.0,1.0703922880611916,41.935483870967744,0.1983731887493195,-1.4867659272995049,0.15179825924764445
16,2.2,30.0,70.0,1.8,1.0,0.01,0.001,1.0,8,17,65.0,0.4805616355901755,24.615384615384617,-3.333288476980706,-3.739538534433118,-1.6323051401636692,31.0,1.0703922880611916,41.935483870967744,0.1983731887493195,-1.4867659272995049,0.15179825924764445
18,2.2,25.0,75.0,1.8,1.0,0.01,0.001,1.0,8,17,63.0,0.4652311983360072,23.809523809523807,-3.367090639275866,-3.7732020859473803,-1.652830609373664,31.0,1.0703922880611916,41.935483870967744,0.1983731887493195,-1.4867659272995049,0.15179825924764445
18,2.2,30.0,70.0,1.8,1.0,0.01,0.001,1.0,8,17,65.0,0.4805616355901755,24.615384615384617,-3.333288476980706,-3.739538534433118,-1.6323051401636692,31.0,1.0703922880611916,41.935483870967744,0.1983731887493195,-1.4867659272995049,0.15179825924764445
20,2.2,25.0,75.0,1.8,1.0,0.01,0.001,1.0,8,17,60.0,0.49558252913411743,25.0,-2.9878577482542097,-3.3955593459505162,-1.4470872814657223,31.0,1.0703922880611916,41.935483870967744,0.1983731887493195,-1.4867659272995049,0.15179825924764445
20,2.2,30.0,70.0,1.8,1.0,0.01,0.001,1.0,8,17,65.0,0.4805616355901755,24.615384615384617,-3.333288476980706,-3.739538534433118,-1.6323051401636692,31.0,1.0703922880611916,41.935483870967744,0.1983731887493195,-1.4867659272995049,0.15179825924764445
22,2.2,30.0,70.0,1.8,1.0,0.01,0.001,1.0,8,17,65.0,0.4805616355901755,24.615384615384617,-3.333288476980706,-3.739538534433118,-1.6323051401636692,31.0,1.0703922880611916,41.935483870967744,0.1983731887493195,-1.4867659272995049,0.15179825924764445
24,2.2,30.0,70.0,1.8,1.0,0.01,0.001,1.0,8,17,64.0,0.4900270197256282,25.0,-3.2115319415624435,-3.618290238544797,-1.5559534705143239,31.0,1.0703922880611916,41.935483870967744,0.1983731887493195,-1.4867659272995049,0.15179825924764445
14,2.0,25.0,75.0,1.8,1.0,0.01,0.0007,0.5,8,17,395.0,0.7829535783381654,33.41772151898734,-5.992764793726201,-6.74265607545641,-1.4710668271486382,205.0,1.0703139740995378,39.51219512195122,1.0020955601660535,-2.1192032143798945,0.428119702862522
20,2.4,30.0,70.0,2.0,1.0,0.01,0.0007,0.5,7,18,223.0,0.6456241239622118,27.802690582959645,-6.168808111935887,-6.503347387839775,-1.768566069899196,110.0,1.0703053252817563,38.18181818181819,0.6022001155233738,-3.716806982741616,0.29221252850523205
10,2.2,25.0,75.0,1.8,1.0,0.01,0.001,0.75,7,18,112.0,0.583668939105936,26.785714285714285,-4.369207438163722,-5.049184785411276,-1.5085020951648167,66.0,1.0700829844242652,39.39393939393939,0.40404354940963455,-2.7055778696205346,0.22116393256511296
10,2.2,30.0,70.0,1.8,1.0,0.01,0.001,0.75,7,18,112.0,0.583668939105936,26.785714285714285,-4.369207438163722,-5.049184785411276,-1.5085020951648167,66.0,1.0700829844242652,39.39393939393939,0.40404354940963455,-2.7055778696205346,0.22116393256511296
12,2.2,25.0,75.0,1.8,1.0,0.01,0.001,0.75,7,18,111.0,0.5893099393006126,27.027027027027028,-4.271179070849485,-4.951824341055433,-1.467657789036624,66.0,1.0700829844242652,39.39393939393939,0.40404354940963455,-2.7055778696205346,0.22116393256511296
12,2.2,30.0,70.0,1.8,1.0,0.01,0.001,0.75,7,18,112.0,0.583668939105936,26.785714285714285,-4.369207438163722,-5.049184785411276,-1.5085020951648167,66.0,1.0700829844242652,39.39393939393939,0.40404354940963455,-2.7055778696205346,0.22116393256511296
14,2.2,30.0,70.0,1.8,1.0,0.01,0.001,0.75,7,18,112.0,0.583668939105936,26.785714285714285,-4.369207438163722,-5.049184785411276,-1.5085020951648167,66.0,1.0700829844242652,39.39393939393939,0.40404354940963455,-2.7055778696205346,0.22116393256511296
16,2.2,30.0,70.0,1.8,1.0,0.01,0.001,0.75,7,18,112.0,0.583668939105936,26.785714285714285,-4.369207438163722,-5.049184785411276,-1.5085020951648167,66.0,1.0700829844242652,39.39393939393939,0.40404354940963455,-2.7055778696205346,0.22116393256511296
18,2.2,30.0,70.0,1.8,1.0,0.01,0.001,0.75,7,18,112.0,0.583668939105936,26.785714285714285,-4.369207438163722,-5.049184785411276,-1.5085020951648167,66.0,1.0700829844242652,39.39393939393939,0.40404354940963455,-2.7055778696205346,0.22116393256511296
22,1.8,25.0,75.0,1.5,1.0,0.01,0.001,0.5,8,17,166.0,0.668339682384321,34.93975903614458,-4.718073933019059,-5.209367978600099,-1.3925825988556242,116.0,1.069626443055032,43.96551724137931,0.6351749227890651,-2.893772301945896,0.2861278100722592
22,2.0,30.0,70.0,1.8,1.0,0.01,0.0005,1.0,7,18,212.0,0.8189448897896378,36.32075471698113,-2.608811141272126,-4.244452325209192,-0.8039702622542556,87.0,1.0695925441668133,41.37931034482759,0.4295120221081925,-2.523709020074172,0.24118950652173296
22,2.4,25.0,75.0,1.8,1.0,0.01,0.0005,0.75,7,18,125.0,0.6794781486551882,32.800000000000004,-2.9712526571312994,-3.714077022152762,-1.1344869869209957,52.0,1.0695744608025386,42.30769230769231,0.2697250436156537,-1.4543092167736305,0.1881051617973497
22,2.2,25.0,75.0,2.0,1.0,0.01,0.001,0.5,7,18,122.0,0.5807342587504155,24.59016393442623,-5.001683758592699,-5.534150364504653,-1.6526766208281776,82.0,1.0692891319386215,35.36585365853659,0.5013566887700655,-1.2504372293192678,0.25128923502975903
10,2.0,25.0,75.0,1.5,1.0,0.01,0.0007,0.5,8,17,447.0,0.8205258715816431,39.59731543624161,-5.120785034029322,-6.364899758653452,-1.2629919816191386,228.0,1.0690394124718836,44.29824561403509,1.0114693957232521,-2.3727861235630088,0.4399841277661852
20,1.8,25.0,75.0,1.8,1.0,0.01,0.0005,0.75,7,18,433.0,0.7718452319601928,34.18013856812933,-6.275794007972199,-7.071580126119425,-1.496574155338448,209.0,1.0689875873862331,40.66985645933015,0.9493406857821173,-2.3908206122575493,0.3945119783929148
22,2.4,30.0,70.0,2.0,1.0,0.01,0.0005,0.75,7,18,150.0,0.7279865749155192,31.333333333333336,-3.029101003579253,-4.041207948101366,-1.0305585178587173,63.0,1.0689415392259485,39.682539682539684,0.31796883708319,-1.6305905719561142,0.20886846550338314
14,2.2,25.0,75.0,1.5,1.0,0.01,0.0007,0.5,7,18,328.0,0.812608426119456,40.243902439024396,-3.9885129417427194,-4.6794114930703845,-1.103702246460775,174.0,1.0683781131639931,45.40229885057471,0.7931226183362197,-2.530259204264007,0.3616906349439849
22,2.2,25.0,75.0,1.5,1.0,0.01,0.001,0.75,8,17,81.0,0.549537957839258,30.864197530864196,-3.4036100838058516,-4.114564265644683,-1.424084582682384,48.0,1.0681796237908787,43.75,0.2703452549231588,-2.0168984696289582,0.1799521776993975
24,2.2,25.0,75.0,1.8,1.0,0.01,0.0005,0.5,7,18,238.0,0.7944691957194133,36.134453781512605,-3.3040973980381203,-4.617999871497924,-0.9899326735541543,108.0,1.0681660927365457,40.74074074074074,0.5279577499616971,-1.6836649784860103,0.2801399027337693
18,1.8,25.0,75.0,2.0,1.0,0.01,0.001,0.75,8,17,174.0,0.6606332318605516,27.011494252873565,-5.4827610919124705,-6.064422389766677,-1.5515637555119548,109.0,1.0680883309038873,35.77981651376147,0.6355372802952297,-1.3406918737556617,0.2890012800098579
14,2.0,25.0,75.0,2.0,1.0,0.01,0.001,0.5,8,17,195.0,0.7384157510678344,29.230769230769234,-4.590204035209463,-5.854818359412583,-1.2505787194206628,130.0,1.0680074619079882,36.15384615384615,0.7437148955831799,-1.5416782476922686,0.3357334367401081
20,1.8,25.0,75.0,1.8,1.0,0.01,0.0007,0.75,7,18,330.0,0.7558661590929338,33.03030303030303,-5.754658347614477,-6.506273843115274,-1.422584542596577,175.0,1.0677331093708193,40.0,0.8466071482560801,-2.2809142567249974,0.35428486894599676
22,2.2,25.0,75.0,1.8,1.0,0.01,0.0005,1.0,8,17,95.0,0.6121560633645055,31.57894736842105,-2.889980297603943,-3.2240245877081852,-1.3406262354644016,35.0,1.067722567244722,42.857142857142854,0.20016100220032967,-1.2844297591635523,0.15157264370115167
20,2.0,25.0,75.0,1.5,1.0,0.01,0.0005,0.5,7,18,432.0,0.820847073971554,40.50925925925926,-4.510856491563318,-6.124076922830579,-1.160493215690473,208.0,1.0676301806383148,45.19230769230769,0.8527576755819973,-2.7776094187969114,0.3767727735684769
22,1.8,25.0,75.0,1.5,1.0,0.01,0.0007,0.5,8,17,310.0,0.7192594734744174,37.096774193548384,-6.0112558358417845,-6.215553431052234,-1.6079027789043492,167.0,1.0676129367504186,44.31137724550898,0.7735592508690388,-2.9554274549672743,0.33293453975786225
10,2.0,30.0,70.0,1.5,1.0,0.01,0.0007,0.5,8,17,464.0,0.8276638711712272,39.87068965517241,-5.064558220287782,-6.488876194838511,-1.225939121563492,232.0,1.067597837915263,44.396551724137936,1.0083703987096122,-2.5438468864447894,0.4356517517460506
12,2.0,30.0,70.0,1.5,1.0,0.01,0.0007,0.5,8,17,463.0,0.831480014452557,39.956803455723545,-4.933781191044163,-6.360111810298418,-1.1975429712158259,232.0,1.067597837915263,44.396551724137936,1.0083703987096122,-2.5438468864447894,0.4356517517460506
22,2.4,30.0,70.0,1.5,1.0,0.01,0.001,0.5,8,17,108.0,0.5450772852317054,30.555555555555557,-4.494538795066965,-5.257602449704624,-1.742062535663259,66.0,1.0675401012298469,43.93939393939394,0.35601059505177546,-2.263536756252038,0.2213494290811998
24,2.4,30.0,70.0,1.5,1.0,0.01,0.001,0.5,8,17,105.0,0.5643382467304127,31.428571428571427,-4.1650779819140915,-4.930792632884939,-1.608335106775757,66.0,1.0675401012298469,43.93939393939394,0.35601059505177546,-2.263536756252038,0.2213494290811998
22,1.8,25.0,75.0,1.5,1.0,0.01,0.0005,0.5,8,17,398.0,0.7465766655218312,38.69346733668342,-6.1823927219758845,-6.429120647412079,-1.5984616511516896,188.0,1.067422367926162,44.680851063829785,0.8189825954058143,-2.8821428719810305,0.3459993004821241
18,2.0,25.0,75.0,1.5,1.0,0.01,0.0005,0.5,8,17,404.0,0.8026740881872338,39.851485148514854,-4.829927803485625,-6.19835658115332,-1.2731371593794305,189.0,1.0673573876181637,44.44444444444444,0.782494395632275,-2.2297223844203184,0.36084080286301395
20,2.0,25.0,75.0,1.5,1.0,0.01,0.0007,0.5,7,18,327.0,0.7987669066741468,39.14373088685015,-4.335905686028363,-5.629855990352595,-1.1603064636410028,175.0,1.0673268620041823,44.57142857142857,0.7740046981547675,-2.688103880932413,0.34620951775355224
14,2.0,25.0,75.0,1.5,1.0,0.01,0.0005,0.5,8,17,505.0,0.811905166799109,40.0,-5.551925009123206,-6.912814984192373,-1.387539068131386,240.0,1.0671219202945494,44.166666666666664,0.9649824859534419,-2.6559084475845984,0.4178787654797504
16,2.0,25.0,75.0,1.5,1.0,0.01,0.0005,1.0,7,18,209.0,0.8615149179848517,43.0622009569378,-1.8081073505133647,-3.7306683338618085,-0.5886174634731776,87.0,1.0667916320443305,45.97701149425287,0.3822448197448102,-2.5495998304502554,0.23376872448632147
24,1.8,25.0,75.0,1.8,1.0,0.01,0.0007,0.5,8,17,282.0,0.7536256685519191,32.97872340425532,-5.08789462652012,-5.505419046488747,-1.302502077525405,142.0,1.066788736092544,38.732394366197184,0.7064168299204538,-2.381611541390505,0.3255406558688807
20,1.8,25.0,75.0,2.0,1.0,0.01,0.0005,0.75,8,17,363.0,0.7233549523694285,30.02754820936639,-6.957228352583133,-7.18505132835896,-1.7644388756709992,166.0,1.0667392920377083,36.74698795180723,0.7903424560930399,-2.1244035778460457,0.3382774258204701
14,1.8,25.0,75.0,1.8,1.0,0.01,0.0007,0.75,7,18,432.0,0.750930657943662,32.63888888888889,-7.425832912763617,-7.884965131755761,-1.7132810391992916,237.0,1.0665870766192633,40.08438818565401,1.097077211693122,-2.4015923347628365,0.41552033420107676
24,2.2,25.0,75.0,1.8,1.0,0.01,0.0007,1.0,8,17,80.0,0.5960807513415675,30.0,-2.703143422120629,-2.942841071301594,-1.275971639314116,30.0,1.0665152604415675,43.333333333333336,0.1789403149591817,-1.3053360353706966,0.13957039447598066
14,2.0,25.0,75.0,1.5,1.0,0.01,0.0005,0.75,7,18,380.0,0.7892609077379673,40.526315789473685,-4.806203890658925,-5.362013415834999,-1.2814175380392305,190.0,1.0663931415000805,44.21052631578947,0.7641420063101395,-2.8973352377132833,0.3546068317596496
16,1.8,25.0,75.0,1.5,1.0,0.01,0.001,1.0,7,18,146.0,0.6056412754373148,32.19178082191781,-5.0304364241014445,-5.4906924545795714,-1.6231964497482576,89.0,1.0662756032362435,43.82022471910113,0.45842041472124034,-2.2160152653724396,0.267145455346453
22,1.8,30.0,70.0,1.5,1.0,0.01,0.001,1.0,7,18,148.0,0.5956736693070839,31.756756756756754,-5.237712807077187,-5.696954880898241,-1.692519621683649,89.0,1.0662756032362435,43.82022471910113,0.45842041472124034,-2.2160152653724396,0.267145455346453
24,2.0,30.0,70.0,2.0,1.0,0.01,0.0005,0.75,7,18,360.0,0.7810750000659776,32.77777777777778,-5.347194178612808,-6.360201643025221,-1.3104405043101577,174.0,1.0662672163095765,37.93103448275862,0.7971622935963023,-2.8170112559814386,0.34440428551790747
18,1.8,30.0,70.0,1.5,1.0,0.01,0.001,0.75,8,17,197.0,0.66357448828725,34.01015228426396,-5.579609805387427,-6.253246307698679,-1.6164927105628062,134.0,1.0659747296024253,44.02985074626866,0.6696536176354493,-2.0577684845012434,0.32801284299364014
22,2.2,30.0,70.0,1.5,1.0,0.01,0.0007,0.5,8,17,282.0,0.7999040304837275,40.0709219858156,-3.793552821059002,-4.866892900803177,-1.1033116152081859,132.0,1.0659687322663167,44.696969696969695,0.5947675537542091,-2.179394110776045,0.32433749853115845
12,2.0,25.0,75.0,1.5,1.0,0.01,0.0007,0.5,8,17,432.0,0.823709070248729,39.58333333333333,-4.865526516530518,-6.43027915457256,-1.210382377369901,219.0,1.065951338310724,44.29223744292237,0.9250024519991166,-2.3367533851794464,0.40970160375314185
20,2.0,25.0,75.0,2.0,1.0,0.01,0.001,0.5,7,18,170.0,0.7384738885460262,28.823529411764703,-4.00789800482873,-5.12862824304513,-1.1547796631650735,116.0,1.065797541965197,36.206896551724135,0.6525092571714413,-1.5170178060872952,0.28553439809609793
10,2.4,25.0,75.0,2.0,1.0,0.01,0.001,1.0,7,18,45.0,0.373687690200383,17.77777777777778,-2.9820920110092266,-3.1710581194473675,-1.8059836976801027,24.0,1.0657277970749202,37.5,0.15256113927523984,-0.9988333557264029,0.1249419213180475
10,2.4,30.0,70.0,2.0,1.0,0.01,0.001,1.0,7,18,45.0,0.373687690200383,17.77777777777778,-2.9820920110092266,-3.1710581194473675,-1.8059836976801027,24.0,1.0657277970749202,37.5,0.15256113927523984,-0.9988333557264029,0.1249419213180475
12,2.4,25.0,75.0,2.0,1.0,0.01,0.001,1.0,7,18,45.0,0.373687690200383,17.77777777777778,-2.9820920110092266,-3.1710581194473675,-1.8059836976801027,24.0,1.0657277970749202,37.5,0.15256113927523984,-0.9988333557264029,0.1249419213180475
12,2.4,30.0,70.0,2.0,1.0,0.01,0.001,1.0,7,18,45.0,0.373687690200383,17.77777777777778,-2.9820920110092266,-3.1710581194473675,-1.8059836976801027,24.0,1.0657277970749202,37.5,0.15256113927523984,-0.9988333557264029,0.1249419213180475
14,2.4,25.0,75.0,2.0,1.0,0.01,0.001,1.0,7,18,45.0,0.373687690200383,17.77777777777778,-2.9820920110092266,-3.1710581194473675,-1.8059836976801027,24.0,1.0657277970749202,37.5,0.15256113927523984,-0.9988333557264029,0.1249419213180475
14,2.4,30.0,70.0,2.0,1.0,0.01,0.001,1.0,7,18,45.0,0.373687690200383,17.77777777777778,-2.9820920110092266,-3.1710581194473675,-1.8059836976801027,24.0,1.0657277970749202,37.5,0.15256113927523984,-0.9988333557264029,0.1249419213180475
16,2.4,25.0,75.0,2.0,1.0,0.01,0.001,1.0,7,18,45.0,0.373687690200383,17.77777777777778,-2.9820920110092266,-3.1710581194473675,-1.8059836976801027,24.0,1.0657277970749202,37.5,0.15256113927523984,-0.9988333557264029,0.1249419213180475
16,2.4,30.0,70.0,2.0,1.0,0.01,0.001,1.0,7,18,45.0,0.373687690200383,17.77777777777778,-2.9820920110092266,-3.1710581194473675,-1.8059836976801027,24.0,1.0657277970749202,37.5,0.15256113927523984,-0.9988333557264029,0.1249419213180475
18,2.4,25.0,75.0,2.0,1.0,0.01,0.001,1.0,7,18,45.0,0.373687690200383,17.77777777777778,-2.9820920110092266,-3.1710581194473675,-1.8059836976801027,24.0,1.0657277970749202,37.5,0.15256113927523984,-0.9988333557264029,0.1249419213180475
18,2.4,30.0,70.0,2.0,1.0,0.01,0.001,1.0,7,18,45.0,0.373687690200383,17.77777777777778,-2.9820920110092266,-3.1710581194473675,-1.8059836976801027,24.0,1.0657277970749202,37.5,0.15256113927523984,-0.9988333557264029,0.1249419213180475
20,2.4,25.0,75.0,2.0,1.0,0.01,0.001,1.0,7,18,43.0,0.3954571232413606,18.6046511627907,-2.723913442506437,-2.9133952646814953,-1.669828679381023,24.0,1.0657277970749202,37.5,0.15256113927523984,-0.9988333557264029,0.1249419213180475
20,2.4,30.0,70.0,2.0,1.0,0.01,0.001,1.0,7,18,45.0,0.373687690200383,17.77777777777778,-2.9820920110092266,-3.1710581194473675,-1.8059836976801027,24.0,1.0657277970749202,37.5,0.15256113927523984,-0.9988333557264029,0.1249419213180475
22,2.4,30.0,70.0,2.0,1.0,0.01,0.001,1.0,7,18,45.0,0.373687690200383,17.77777777777778,-2.9820920110092266,-3.1710581194473675,-1.8059836976801027,24.0,1.0657277970749202,37.5,0.15256113927523984,-0.9988333557264029,0.1249419213180475
24,2.4,30.0,70.0,2.0,1.0,0.01,0.001,1.0,7,18,45.0,0.373687690200383,17.77777777777778,-2.9820920110092266,-3.1710581194473675,-1.8059836976801027,24.0,1.0657277970749202,37.5,0.15256113927523984,-0.9988333557264029,0.1249419213180475
24,2.4,25.0,75.0,2.0,1.0,0.01,0.0007,0.75,7,18,96.0,0.6784510292185002,28.125,-2.5931755987098586,-3.3943840535296865,-0.9967962205630385,38.0,1.065700724894222,39.473684210526315,0.22358405465452963,-1.550973593320637,0.16020376481002616
16,2.4,25.0,75.0,2.0,1.0,0.01,0.0007,0.5,7,18,209.0,0.6595300735105228,28.22966507177033,-5.604536696594023,-5.941087786979892,-1.6369700646768188,102.0,1.0656830960351196,38.23529411764706,0.51869254993524,-3.0431566748779004,0.2586395910420736
18,2.2,30.0,70.0,1.8,1.0,0.01,0.0005,0.5,7,18,454.0,0.834231121821823,36.56387665198238,-4.688377238602752,-5.868101291070104,-1.1226954439601622,224.0,1.0656811786878861,41.07142857142857,0.9637613124574272,-2.0228387704388395,0.38974864548785765
14,1.8,25.0,75.0,1.5,1.0,0.01,0.0007,0.75,7,18,433.0,0.7679311442256813,38.33718244803695,-6.453063112065065,-7.168920975204507,-1.5408516793807967,238.0,1.065605079843688,44.957983193277315,1.0014799484055221,-2.74867163954865,0.3935658718523656
24,2.4,25.0,75.0,2.0,1.0,0.01,0.0005,0.75,8,17,92.0,0.7112122366749063,30.434782608695656,-2.1256804683072916,-2.8420997671334436,-0.8744288712160151,35.0,1.0655031281564977,37.142857142857146,0.20223713685059921,-1.2206507515099219,0.15091086914896448
24,2.4,25.0,75.0,1.8,1.0,0.01,0.0005,0.75,7,18,115.0,0.6778050471870903,33.04347826086956,-2.7580968729414055,-3.502536763678532,-1.0857709022057958,47.0,1.065328813699704,42.5531914893617,0.23623467564297243,-1.4719824769128365,0.16731696523248887
18,2.2,25.0,75.0,2.0,1.0,0.01,0.0005,0.75,7,18,209.0,0.6404928269607704,28.708133971291865,-5.561058701642633,-6.07588508788619,-1.66021987884528,100.0,1.0652999352364634,38.0,0.4805251346930345,-2.9155863942777693,0.2437915372583291
16,2.0,25.0,75.0,1.8,1.0,0.01,0.0005,1.0,7,18,209.0,0.8239047172694833,36.36363636363637,-2.5069811744254005,-4.132491540251304,-0.7739689618545267,87.0,1.0650554667190721,41.37931034482759,0.4023907586878704,-2.5236316398696945,0.22587936040668982
22,2.4,30.0,70.0,1.5,1.0,0.01,0.0007,0.5,7,18,218.0,0.746249163447346,38.99082568807339,-3.8006338500164203,-4.088455272751479,-1.2104738537357618,104.0,1.0648409733350865,46.15384615384615,0.4653531812804795,-3.107449230382109,0.26440371389852374
20,1.8,25.0,75.0,2.0,1.0,0.01,0.0005,0.75,7,18,433.0,0.7342125410809198,30.484988452655887,-7.63596555943841,-8.067463892171734,-1.795230598038931,209.0,1.0648259700684097,37.79904306220095,0.9290811197621407,-2.2930883089794962,0.365131322430269
24,1.8,25.0,75.0,1.5,1.0,0.01,0.001,0.5,8,17,153.0,0.6849051083480172,35.294117647058826,-4.102428735799986,-4.723976903814508,-1.2303580841127175,100.0,1.064650444779879,44.0,0.5103096934908171,-2.593802449389071,0.2641840681173551
20,2.0,25.0,75.0,1.8,1.0,0.01,0.0005,0.5,7,18,431.0,0.8277622090226003,35.730858468677496,-4.639212116962772,-6.42315989042398,-1.1327481522288714,208.0,1.0644666253515076,40.38461538461539,0.8800035138955717,-2.4578635904774715,0.37403299992818373
18,2.0,25.0,75.0,1.5,1.0,0.01,0.0005,0.75,7,18,334.0,0.7920902817327459,41.01796407185629,-4.234378933249845,-4.870154029714035,-1.1765063755432024,162.0,1.0644205155356263,45.67901234567901,0.642027329370394,-2.422541933155198,0.3180940270951624
10,1.8,30.0,70.0,1.5,1.0,0.01,0.0007,0.75,8,17,414.0,0.7642340489869175,38.405797101449274,-6.386081669721043,-7.424579808623733,-1.6112474855791747,209.0,1.0644176863580925,44.97607655502392,0.8800770223995278,-2.20810179441695,0.3929570690857148
12,1.8,30.0,70.0,1.5,1.0,0.01,0.0007,0.75,8,17,413.0,0.7680243520365317,38.49878934624697,-6.257187488505515,-7.29712752272339,-1.5833412975275205,209.0,1.0644176863580925,44.97607655502392,0.8800770223995278,-2.20810179441695,0.3929570690857148
14,1.8,30.0,70.0,1.5,1.0,0.01,0.0007,0.75,8,17,411.0,0.77291343742976,38.68613138686132,-6.092603050706439,-7.255248110197943,-1.5392059763369352,209.0,1.0644176863580925,44.97607655502392,0.8800770223995278,-2.20810179441695,0.3929570690857148
16,1.8,30.0,70.0,1.5,1.0,0.01,0.0007,0.75,8,17,408.0,0.781598913346116,38.970588235294116,-5.804729502217415,-6.970929573455664,-1.464178810140781,209.0,1.0644176863580925,44.97607655502392,0.8800770223995278,-2.20810179441695,0.3929570690857148
16,2.0,25.0,75.0,2.0,1.0,0.01,0.0005,1.0,8,17,163.0,0.7189278020581563,30.67484662576687,-3.533952203647586,-4.721023016183623,-1.1444545014643492,61.0,1.0638125107193823,36.0655737704918,0.3229184960587736,-1.8050776474825003,0.1875567171161033
18,2.0,25.0,75.0,2.0,1.0,0.01,0.0005,1.0,8,17,159.0,0.6948263435115389,30.18867924528302,-3.766475460954389,-4.847116979780286,-1.238502775165735,61.0,1.0638125107193823,36.0655737704918,0.3229184960587736,-1.8050776474825003,0.1875567171161033
22,2.0,30.0,70.0,2.0,1.0,0.01,0.0005,1.0,8,17,165.0,0.7086832440063388,30.303030303030305,-3.71150346631679,-4.8322417827325275,-1.2013132094598995,61.0,1.0638125107193823,36.0655737704918,0.3229184960587736,-1.8050776474825003,0.1875567171161033
24,2.0,30.0,70.0,2.0,1.0,0.01,0.0005,1.0,8,17,162.0,0.7260976751054997,30.864197530864196,-3.412470696377695,-4.601007287089032,-1.1102253941634863,61.0,1.0638125107193823,36.0655737704918,0.3229184960587736,-1.8050776474825003,0.1875567171161033
20,2.4,25.0,75.0,1.5,1.0,0.01,0.001,0.5,8,17,92.0,0.5687784772632866,31.521739130434785,-3.625769020441276,-4.493211599915137,-1.4788916847775322,58.0,1.0635449503047087,44.827586206896555,0.295105668115757,-1.9930847493644266,0.18818356887917778
24,2.4,25.0,75.0,1.5,1.0,0.01,0.0005,0.5,7,18,166.0,0.7792116254297332,41.566265060240966,-2.3942513831024916,-3.2996164013189833,-0.8760787980278391,71.0,1.0634565849724802,45.07042253521127,0.31632148084258005,-2.351742920725075,0.20248140945126739
24,2.2,25.0,75.0,1.8,1.0,0.01,0.001,0.75,8,17,73.0,0.5490198924288342,26.027397260273972,-3.279819665907962,-4.175805588955683,-1.3098133449686502,44.0,1.0634553450957105,38.63636363636363,0.25329934748584493,-1.8932032192158443,0.15858771006039113
16,2.4,25.0,75.0,2.0,1.0,0.01,0.0005,0.75,7,18,148.0,0.7274999711314378,31.08108108108108,-3.0033314330231953,-3.9290077526121014,-1.024453886145985,63.0,1.0628903384618102,39.682539682539684,0.2907872306567333,-1.6306153183606509,0.19089930039828296
24,2.0,25.0,75.0,1.8,1.0,0.01,0.001,0.5,7,18,143.0,0.7482934718434711,31.46853146853147,-3.1621598533070934,-4.034232993356667,-0.9860975148842376,86.0,1.0628174992294235,38.372093023255815,0.45616761459641564,-1.822392840354492,0.24349444915119978
24,2.0,30.0,70.0,1.8,1.0,0.01,0.001,0.75,7,18,152.0,0.6773275221897839,30.263157894736842,-4.445395870265202,-5.237840584228959,-1.3414083578719271,98.0,1.0627674797007056,38.775510204081634,0.5139737838362635,-1.825638707633137,0.25773054289944786
18,2.4,25.0,75.0,2.0,1.0,0.01,0.001,0.5,8,17,100.0,0.4996854277116146,22.0,-5.066658534672297,-5.993093283658901,-1.8293607127711582,61.0,1.0627656932088405,36.0655737704918,0.34352663299434427,-1.6090542509323846,0.19115542955606618
16,2.0,25.0,75.0,2.0,1.0,0.01,0.0007,1.0,7,18,174.0,0.7493909263312614,30.45977011494253,-3.4271017535035573,-4.950059285147712,-1.0355613941939212,73.0,1.0627295223658275,38.35616438356164,0.36992763695807296,-2.5993235472865917,0.20231773100241746
24,2.0,30.0,70.0,2.0,1.0,0.01,0.0007,0.75,7,18,291.0,0.755769063758362,31.27147766323024,-5.32717992808155,-6.641154445398245,-1.342350464653779,145.0,1.0626574750123958,37.24137931034483,0.6834298690087417,-2.891998631270476,0.300513286817598
12,1.8,25.0,75.0,1.8,1.0,0.01,0.0007,0.75,8,17,399.0,0.7470199184117463,32.581453634085214,-7.104950205556361,-7.658500800344747,-1.7483596978437255,203.0,1.062501915385652,39.90147783251231,0.8936291306976636,-1.9145122830966255,0.38462631609655457
10,2.0,25.0,75.0,1.5,1.0,0.01,0.0005,0.75,7,18,400.0,0.7762777922504887,40.0,-5.375064204490008,-5.709568445076174,-1.4057794811890005,197.0,1.0624904649243934,44.16243654822335,0.7457691752176834,-3.0668734459922464,0.3412564012640606
10,2.0,30.0,70.0,1.5,1.0,0.01,0.0005,0.75,7,18,401.0,0.7743854169575152,39.900249376558605,-5.431929331571082,-5.7662018219925,-1.4187399646169485,197.0,1.0624904649243934,44.16243654822335,0.7457691752176834,-3.0668734459922464,0.3412564012640606
12,2.0,30.0,70.0,1.5,1.0,0.01,0.0005,0.75,7,18,401.0,0.7742816498763955,39.900249376558605,-5.434983532098412,-5.769286463570966,-1.419604124909332,197.0,1.0624904649243934,44.16243654822335,0.7457691752176834,-3.0668734459922464,0.3412564012640606
14,2.0,30.0,70.0,1.5,1.0,0.01,0.0005,0.75,7,18,401.0,0.7742816498763955,39.900249376558605,-5.434983532098412,-5.769286463570966,-1.419604124909332,197.0,1.0624904649243934,44.16243654822335,0.7457691752176834,-3.0668734459922464,0.3412564012640606
16,2.0,30.0,70.0,1.5,1.0,0.01,0.0005,0.75,7,18,400.0,0.7762777922504887,40.0,-5.375064204490008,-5.709568445076174,-1.4057794811890005,197.0,1.0624904649243934,44.16243654822335,0.7457691752176834,-3.0668734459922464,0.3412564012640606
20,2.2,30.0,70.0,2.0,1.0,0.01,0.0007,0.5,7,18,342.0,0.7791328796998543,31.57894736842105,-5.51153193693819,-6.708333321725424,-1.3297565380834215,178.0,1.062181468501371,37.640449438202246,0.8293558779028536,-2.4736505646555718,0.32692568127675736
16,2.4,25.0,75.0,1.8,1.0,0.01,0.001,0.5,8,17,106.0,0.6010216094431968,28.30188679245283,-4.000499252685768,-5.171513179151188,-1.4508666492567341,64.0,1.062051933524389,39.0625,0.3409520313754001,-1.8847716407881632,0.1942215838097117
22,2.4,30.0,70.0,2.0,1.0,0.01,0.0005,0.5,8,17,206.0,0.6234853209197323,28.155339805825243,-5.977074906339803,-6.938253904428738,-1.8318198249813022,96.0,1.0619858420786723,37.5,0.4562183606146391,-2.9467015324854406,0.2394032753079679
22,2.0,25.0,75.0,2.0,1.0,0.01,0.0005,0.5,7,18,365.0,0.7862237833766832,31.780821917808222,-5.2495939140534755,-5.9076005196824655,-1.3175491103999857,167.0,1.0618142112215545,37.12574850299401,0.7247493008899983,-2.241977731790823,0.3143201540822351
16,2.2,25.0,75.0,1.5,1.0,0.01,0.0007,0.5,8,17,265.0,0.7965997885971355,40.37735849056604,-3.654051597061553,-4.413050246613404,-1.0988350851235404,126.0,1.061480760895178,44.44444444444444,0.5272091129230648,-2.033015087374712,0.2865578338312681
20,2.0,30.0,70.0,1.8,1.0,0.01,0.0007,0.5,8,17,411.0,0.8216073212903406,34.54987834549878,-5.080026138858066,-6.2795097877502375,-1.193020392283898,208.0,1.0614480261848758,39.42307692307692,0.8864093121723272,-2.2300822178114577,0.3803949087955734
14,2.4,25.0,75.0,1.8,1.0,0.01,0.001,0.5,7,18,119.0,0.625623620711629,28.57142857142857,-4.113112446921368,-5.036885984840589,-1.414490253257666,76.0,1.0614420596747935,39.473684210526315,0.39970751981163627,-2.332686606305334,0.21122715827741043
12,2.2,25.0,75.0,1.8,1.0,0.01,0.0007,0.5,7,18,352.0,0.791003053578529,34.375,-5.121374597368031,-5.998936918483777,-1.2836615663955464,182.0,1.0614368449067264,40.65934065934066,0.8043909358595009,-2.0067818614687205,0.33135845164249766
18,1.8,30.0,70.0,1.5,1.0,0.01,0.0005,0.75,8,17,503.0,0.7626115643972794,38.56858846918489,-7.113391909470302,-8.504882108313328,-1.7491910422400672,240.0,1.0613554249828352,44.583333333333336,0.8973392880854044,-2.5412877213995655,0.3880122757568128
18,1.8,25.0,75.0,1.8,1.0,0.01,0.001,0.75,7,18,188.0,0.7094704390803336,30.851063829787233,-4.79197664344203,-5.69341705735007,-1.323585811245013,127.0,1.0613401793109687,39.37007874015748,0.6335145385360739,-1.8619988038061308,0.27720859613471655
18,2.2,30.0,70.0,2.0,1.0,0.01,0.0005,0.5,7,18,454.0,0.8055742248757313,33.259911894273124,-5.738641847386389,-7.194523368121142,-1.317549812024072,224.0,1.0611020065769101,38.392857142857146,0.9334569916985674,-2.578746381850816,0.35977893213127515
22,2.0,25.0,75.0,1.5,1.0,0.01,0.0005,0.5,7,18,366.0,0.807878171884973,40.43715846994536,-4.227015709620536,-5.334126969258679,-1.1603374344854493,167.0,1.0604276244862993,44.91017964071856,0.6290986535322736,-2.44113292346263,0.3016263721785088
20,1.8,25.0,75.0,1.5,1.0,0.01,0.001,0.75,7,18,171.0,0.6471214136986345,33.33333333333333,-5.124990988076734,-5.673721457984849,-1.511834586527154,118.0,1.0601526334039069,44.06779661016949,0.540166127009561,-2.5149359300484453,0.250874961610549
20,2.0,30.0,70.0,1.5,1.0,0.01,0.001,0.75,7,18,159.0,0.6139072934580746,32.70440251572327,-5.36596423757157,-6.0167323766401,-1.7025832933853204,106.0,1.0599119726052806,43.39622641509434,0.48896857726380405,-2.354114979811628,0.2523536395574168
14,2.0,30.0,70.0,1.8,1.0,0.01,0.001,0.5,8,17,215.0,0.8186476994968808,33.48837209302326,-3.3220820925571206,-5.049914098307051,-0.8998841092856051,146.0,1.059823730121908,39.04109589041096,0.7048965736372338,-1.7027745611729594,0.3301413073291132
22,2.0,25.0,75.0,2.0,1.0,0.01,0.0005,0.75,7,18,268.0,0.7271722610620508,31.716417910447763,-5.172935109394184,-5.481608013988626,-1.4294100462340742,118.0,1.0594601695436965,37.28813559322034,0.5105275713848824,-1.8653514286382733,0.2524965539685118
22,1.8,25.0,75.0,1.8,1.0,0.01,0.001,0.5,8,17,166.0,0.7183301076284558,31.92771084337349,-4.183469455407721,-4.98158036672679,-1.174449995688296,116.0,1.0593561758786574,38.793103448275865,0.5833939349006868,-2.180916557535828,0.2548511542904248
20,2.0,25.0,75.0,2.0,1.0,0.01,0.0005,0.5,7,18,431.0,0.7895945178051156,32.01856148491879,-5.9285388140424224,-7.324988673211696,-1.4192801910282862,208.0,1.0592712979172232,37.5,0.8419833417022164,-2.349106758018682,0.33810187010891896
16,2.4,25.0,75.0,2.0,1.0,0.01,0.001,0.5,8,17,106.0,0.5173550064649597,22.641509433962266,-5.1344574900926085,-6.085651264631231,-1.808362054222648,64.0,1.0590991614923706,35.9375,0.33736872291488906,-1.7311543098028181,0.18703387509851327
20,1.8,25.0,75.0,2.0,1.0,0.01,0.0007,0.75,8,17,292.0,0.7200967868778034,29.794520547945208,-6.214912436068098,-6.972681367706734,-1.6268001288662772,145.0,1.0589453290900268,35.86206896551724,0.6483733924485933,-1.977083018775283,0.28330690359350014
22,2.4,30.0,70.0,1.8,1.0,0.01,0.0005,0.5,7,18,268.0,0.7560085995170486,35.07462686567165,-4.374408383687623,-5.0518294539773745,-1.2733167615583478,128.0,1.0589152651078269,40.625,0.5087840568477987,-3.001168588588965,0.26174054225617777
14,2.0,30.0,70.0,1.5,1.0,0.01,0.0007,0.5,8,17,457.0,0.8315225508993644,40.0437636761488,-4.8803180378988325,-6.281583240956157,-1.2001467201463754,231.0,1.0589145191081728,44.15584415584416,0.8751661426023202,-2.5438459303657956,0.37920087530766844
22,2.2,25.0,75.0,1.5,1.0,0.01,0.001,1.0,7,18,63.0,0.4631816480905301,26.984126984126984,-3.2222455589420136,-3.429675696713852,-1.6527683134721571,34.0,1.0588869979665807,47.05882352941176,0.16756318973561063,-1.6947043881104462,0.13293194240117018
14,1.8,25.0,75.0,2.0,1.0,0.01,0.001,0.75,8,17,186.0,0.6794054345852771,27.419354838709676,-5.477642296136382,-5.837759479259697,-1.5192378152959554,128.0,1.0587147256721736,35.9375,0.6354837694053276,-1.4963334509586201,0.2828928134238073
24,2.4,30.0,70.0,2.0,1.0,0.01,0.0007,0.5,8,17,174.0,0.6207535447984874,27.586206896551722,-5.434986560770321,-6.405759754965046,-1.719178941257322,86.0,1.0585653398152772,37.2093023255814,0.4046983701989666,-2.7807259870347933,0.21790766687412608
14,1.8,25.0,75.0,1.8,1.0,0.01,0.001,0.75,7,18,201.0,0.7295816704967049,31.343283582089555,-4.7151862734727725,-5.513629526385344,-1.2722984031140654,150.0,1.0584886069714574,39.33333333333333,0.70971018736931,-1.448098637484141,0.29466908550291115
20,1.8,25.0,75.0,1.5,1.0,0.01,0.001,0.5,8,17,182.0,0.6932349436579203,35.714285714285715,-4.671743395116282,-5.545883630757176,-1.3206995653994544,133.0,1.0583078407277067,44.3609022556391,0.5923066032037241,-3.172170969861643,0.2593788157813436
22,2.4,30.0,70.0,2.0,1.0,0.01,0.0007,0.5,8,17,182.0,0.6047387352254803,26.923076923076923,-5.90634079577796,-6.80401489588649,-1.837931670149928,89.0,1.0582747172027471,37.07865168539326,0.41236272008824015,-2.9467569993566145,0.21986280466894217
20,2.0,25.0,75.0,2.0,1.0,0.01,0.0007,0.75,7,18,246.0,0.7152606267142659,30.48780487804878,-5.372040245867484,-6.580661363005957,-1.4550465575864833,123.0,1.0581713616902837,37.39837398373984,0.5470629016251951,-2.038855964757702,0.25582437754908677
22,2.0,25.0,75.0,2.0,1.0,0.01,0.0005,1.0,8,17,145.0,0.7526843819618958,31.724137931034484,-2.748733531873968,-3.8591354812231415,-0.9517486045386822,54.0,1.0580300881669302,35.18518518518518,0.2676384594726187,-1.7264326244216477,0.15921081294993356
20,2.0,30.0,70.0,1.5,1.0,0.01,0.0005,0.75,7,18,390.0,0.7941825731892043,40.76923076923077,-4.824761960093092,-5.161215169147804,-1.257507975963096,192.0,1.0580183557119158,44.27083333333333,0.6748771040018438,-3.0668595482615024,0.3122446881068966
18,2.0,25.0,75.0,2.0,1.0,0.01,0.0005,0.5,8,17,404.0,0.7987820038734464,32.42574257425743,-5.479264722020562,-7.059834259332565,-1.3385402528910166,188.0,1.0579890814840496,36.702127659574465,0.7553023777915223,-2.2928725301505803,0.3226396527327641
10,2.0,25.0,75.0,2.0,1.0,0.01,0.001,0.5,8,17,213.0,0.7803900937789197,30.046948356807512,-4.172592179947315,-5.714251426688155,-1.0956909375026014,144.0,1.05794476630624,36.11111111111111,0.6995286494947686,-1.7502393757119594,0.309205935047272
18,2.0,25.0,75.0,2.0,1.0,0.01,0.0005,1.0,7,18,204.0,0.7557002282506005,31.862745098039213,-3.592501769060509,-5.27026252992151,-1.0718892782560292,86.0,1.0578580808115667,38.372093023255815,0.3690279649534023,-2.59930656528482,0.19934738523080484
24,2.0,30.0,70.0,2.0,1.0,0.01,0.0005,1.0,7,18,208.0,0.77815991398404,32.21153846153847,-3.303375060891139,-5.036917931970386,-0.9800551506625189,86.0,1.0578580808115667,38.372093023255815,0.3690279649534023,-2.59930656528482,0.19934738523080484
22,2.0,25.0,75.0,1.8,1.0,0.01,0.0005,1.0,8,17,145.0,0.7756474697730612,35.86206896551724,-2.385851893516465,-3.6308983467481237,-0.8557583915524472,54.0,1.0576980432771603,38.88888888888889,0.25603951017106735,-1.6501273023689755,0.15771583709305784
18,1.8,25.0,75.0,2.0,1.0,0.01,0.001,0.75,7,18,188.0,0.6915704551784141,27.659574468085108,-5.282928181312528,-6.043280597192513,-1.416026031375404,127.0,1.0576224355114048,36.22047244094488,0.6184323130823941,-1.6000338223060573,0.2607847012332938
18,2.0,25.0,75.0,2.0,1.0,0.01,0.0007,0.5,8,17,322.0,0.7779949655833277,31.366459627329192,-5.330250976566677,-7.004462300259206,-1.3542449000581618,163.0,1.057515237960994,36.19631901840491,0.6926857474502686,-2.200070590382941,0.30039479977777805
18,2.0,25.0,75.0,2.0,1.0,0.01,0.001,0.5,8,17,176.0,0.7296693827930506,28.97727272727273,-4.306477624865347,-5.701390469079692,-1.2338212005269809,107.0,1.0574822101179857,35.51401869158878,0.5259773524416232,-1.1820173582790638,0.2453744121751387
20,2.0,25.0,75.0,1.8,1.0,0.01,0.0007,0.5,7,18,326.0,0.8009624260458489,34.04907975460122,-4.583843818832756,-5.84802723372534,-1.1691803396017642,175.0,1.0572368318095315,39.42857142857143,0.710331024628249,-2.320099582847246,0.3042045527532547
24,2.2,30.0,70.0,1.8,1.0,0.01,0.0005,0.5,7,18,394.0,0.8533847396876751,37.055837563451774,-3.6669996889896352,-4.817117473847343,-0.9130301941788492,191.0,1.0572366433901008,41.361256544502616,0.7260436515512447,-1.9646163006135309,0.3204050628944884
24,2.0,30.0,70.0,1.5,1.0,0.01,0.0007,0.75,7,18,291.0,0.792440053130359,40.20618556701031,-4.036398029559241,-4.693383803384599,-1.1053195249484085,145.0,1.0570885012400586,44.827586206896555,0.5530584293948959,-2.8174095196861093,0.2773881634887536
16,2.4,25.0,75.0,1.5,1.0,0.01,0.001,0.5,8,17,106.0,0.5571418902301754,31.132075471698112,-4.285655954962131,-5.05037367502209,-1.6641629095152104,64.0,1.0570865072144495,43.75,0.29069699859639514,-2.1148885474934764,0.1807567057765664
22,2.2,30.0,70.0,1.5,1.0,0.01,0.0005,0.75,7,18,230.0,0.7623547091421016,40.43478260869565,-3.467202226725076,-4.198371853394967,-1.0934617441892396,105.0,1.0567019504860453,44.761904761904766,0.3838716261254012,-2.903217857863538,0.21974275977247595
22,2.2,30.0,70.0,2.0,1.0,0.01,0.0005,0.75,7,18,230.0,0.6745068365526251,30.0,-5.412939731205297,-5.7369937983619,-1.557556023861161,105.0,1.05667468844641,37.142857142857146,0.4314283866064398,-3.149362057882654,0.21602866843249022
22,2.2,25.0,75.0,2.0,1.0,0.01,0.0007,1.0,8,17,85.0,0.6138278367833114,28.235294117647058,-2.8043156845064185,-3.261615842604526,-1.2697323989270972,33.0,1.0564211640055352,39.39393939393939,0.1682519347133166,-1.2665991041531433,0.1287555698986594
24,2.0,25.0,75.0,1.8,1.0,0.01,0.001,1.0,8,17,73.0,0.6340927001087697,28.767123287671232,-2.5938486325043413,-3.5090152964528554,-1.070686806588517,42.0,1.0562802366965622,38.095238095238095,0.21489987624667264,-1.7390484308396181,0.13631438174675736
22,2.2,25.0,75.0,2.0,1.0,0.01,0.001,0.75,8,17,81.0,0.5189932427954639,22.22222222222222,-3.9831003470475483,-4.581413023008841,-1.5230066135392009,48.0,1.0562524789016057,35.41666666666667,0.2489779074287071,-1.7289811094900354,0.14864759842151515
18,1.8,30.0,70.0,1.8,1.0,0.01,0.0007,0.75,8,17,397.0,0.7424482441610047,32.7455919395466,-7.223035544876893,-7.8931128827995245,-1.7407725706088262,205.0,1.0561787441406278,40.0,0.813373126071274,-2.0863179237583074,0.350954946998339
18,2.4,30.0,70.0,1.8,1.0,0.01,0.0005,0.5,7,18,279.0,0.7408325267345417,34.40860215053764,-4.820055593049529,-5.41467282462833,-1.3938560220404626,137.0,1.05617516823111,40.14598540145985,0.5200548037173576,-3.2129348909825106,0.2566876921849722
22,1.8,25.0,75.0,2.0,1.0,0.01,0.0005,0.75,8,17,315.0,0.7506074527997806,30.793650793650794,-5.539975535928515,-5.608507779397753,-1.4507893503905969,139.0,1.0560307415043653,35.97122302158273,0.5709715142075038,-2.0843687549967127,0.2582567067760431
14,2.0,25.0,75.0,1.8,1.0,0.01,0.0005,0.5,8,17,505.0,0.8215801136671141,35.445544554455445,-5.638978325311436,-6.973872328677921,-1.3353585649915196,239.0,1.055891304177848,39.33054393305439,0.8656925085975308,-2.438716705262678,0.3606251410238303
20,2.4,25.0,75.0,2.0,1.0,0.01,0.0005,0.75,8,17,105.0,0.6290163967070177,27.61904761904762,-3.180392054454896,-3.9177545988152263,-1.2737163527711883,40.0,1.0558852345331395,37.5,0.1898588064949945,-1.1029605048653468,0.1379949559517481
14,2.4,25.0,75.0,2.0,1.0,0.01,0.0005,0.5,7,18,267.0,0.6863792418155681,30.337078651685395,-5.918859402455219,-6.5098340580524,-1.6581067458562158,134.0,1.0558791290943097,37.3134328358209,0.5240908725199733,-3.51689335481854,0.250645280361583
16,1.8,25.0,75.0,1.8,1.0,0.01,0.001,0.75,8,17,182.0,0.7167089828722257,31.318681318681318,-4.552676828555759,-5.1215030879295025,-1.3051927131241408,116.0,1.0556735836659898,38.793103448275865,0.5281994994412345,-1.5167664738634623,0.24922540268090207
22,1.8,25.0,75.0,1.8,1.0,0.01,0.001,0.75,8,17,145.0,0.6623036045214636,29.655172413793103,-4.4914796717749415,-4.819054437259651,-1.3811947749511344,88.0,1.0550882794111522,37.5,0.410578606013587,-1.7614217074730654,0.2100856997735768
24,2.2,25.0,75.0,1.5,1.0,0.01,0.001,1.0,7,18,59.0,0.46960763857028526,27.11864406779661,-2.98851435498982,-3.1964606632210013,-1.5329158431663445,32.0,1.0549171426902395,46.875,0.1490157617208388,-1.7129069911864359,0.11970554647375617
16,2.4,25.0,75.0,1.5,1.0,0.01,0.0007,0.5,7,18,209.0,0.7549841411916978,39.23444976076555,-3.53701573035125,-3.8256767231196087,-1.138477428833795,102.0,1.0549059368020626,46.07843137254902,0.38471694646399557,-2.8917331272022895,0.21857142201367272
18,2.4,25.0,75.0,1.5,1.0,0.01,0.0005,0.5,7,18,233.0,0.786064636730409,41.201716738197426,-3.1421047302557596,-3.969588080698827,-1.0141197378066442,114.0,1.054708523633747,45.614035087719294,0.39668769208110455,-2.6046658854348315,0.22553324192039045
24,2.0,25.0,75.0,2.0,1.0,0.01,0.001,0.5,7,18,143.0,0.7924463350943193,30.069930069930066,-2.664121293972148,-3.6429042291339586,-0.800730573803526,86.0,1.0546399788722525,34.883720930232556,0.41142461446490414,-1.7601271785577022,0.20883625979813403
16,2.2,25.0,75.0,2.0,1.0,0.01,0.0005,0.75,7,18,218.0,0.6642929258238295,29.357798165137616,-5.3882719790629565,-5.785014762641305,-1.5784076801045386,105.0,1.0546207163446197,37.142857142857146,0.41597196877028186,-3.0812395709799656,0.20825659300413601
16,2.2,25.0,75.0,1.5,1.0,0.01,0.0005,0.75,7,18,218.0,0.7651698307621241,40.36697247706422,-3.291842227615089,-4.159905368479122,-1.0493204663466729,105.0,1.0543770578519411,44.761904761904766,0.3683380303454396,-2.8349845039724153,0.21079768500240006
10,1.8,25.0,75.0,1.5,1.0,0.01,0.001,0.75,8,17,201.0,0.6761990707471989,34.32835820895522,-5.468467575291416,-6.142897416123871,-1.6198223170641757,135.0,1.054254663746197,43.7037037037037,0.5531196260090292,-1.894103513915324,0.27033186291544314
20,2.0,25.0,75.0,2.0,1.0,0.01,0.0005,0.5,8,17,360.0,0.7793658162241728,31.666666666666664,-5.417667529150949,-6.613702819240275,-1.3858020874990369,166.0,1.0542358845471853,36.144578313253014,0.6365056091650695,-2.180489902774174,0.27794391187481715
24,1.8,25.0,75.0,2.0,1.0,0.01,0.001,0.5,8,17,153.0,0.7520905125484854,30.065359477124183,-3.471138837194212,-4.436051889585069,-0.9579718787932864,100.0,1.0542283571150994,36.0,0.4781265546798568,-1.7334262091151076,0.21872497413840628
22,2.0,25.0,75.0,1.5,1.0,0.01,0.0007,0.5,7,18,281.0,0.7849019891850288,39.14590747330961,-4.093267848233936,-4.881666882474889,-1.1756223841929998,141.0,1.0542174721902673,43.97163120567376,0.5158985448634303,-2.328529619990982,0.2512497530851682
16,2.2,25.0,75.0,2.0,1.0,0.01,0.0005,0.5,7,18,393.0,0.8181588128747891,33.842239185750635,-4.730806828592158,-5.898220477957206,-1.167676016588227,193.0,1.0542059332713702,38.34196891191709,0.7135870275653906,-2.4171678271830754,0.2904486526309496
22,2.2,30.0,70.0,1.8,1.0,0.01,0.001,0.5,8,17,148.0,0.7145216300985349,31.756756756756754,-3.8031991954187108,-5.1461732887548735,-1.1749193041883068,91.0,1.0539239316458202,38.46153846153847,0.4148351035875566,-1.4090953689695374,0.22078117029440542
24,2.2,30.0,70.0,1.8,1.0,0.01,0.001,0.5,8,17,144.0,0.7188919475761235,31.944444444444443,-3.6529960088040205,-4.998014117463434,-1.124026173283351,91.0,1.0539239316458202,38.46153846153847,0.4148351035875566,-1.4090953689695374,0.22078117029440542
20,1.8,25.0,75.0,1.8,1.0,0.01,0.001,0.75,7,18,171.0,0.6956058794124252,30.409356725146196,-4.610379537914141,-5.466753111402212,-1.3091054701306946,118.0,1.053710948985756,38.983050847457626,0.5191686484696584,-2.0100700878532995,0.23140953067895478
12,1.8,25.0,75.0,1.8,1.0,0.01,0.0005,0.75,8,17,506.0,0.771543436755762,33.99209486166008,-7.329183093440752,-8.181062853503128,-1.756568581184255,238.0,1.053588157066498,39.91596638655462,0.834791515668494,-2.076559084574381,0.3491147817649062
24,1.8,25.0,75.0,1.8,1.0,0.01,0.0005,0.5,8,17,359.0,0.7610605894023595,33.70473537604457,-5.639823215718934,-6.033870554066667,-1.401057869344722,156.0,1.053494976848079,38.46153846153847,0.5914239546664612,-2.511317530187074,0.26756666102666804
22,2.2,25.0,75.0,1.5,1.0,0.01,0.0005,0.5,7,18,270.0,0.8247800933258304,42.592592592592595,-2.93161335322593,-3.885390344139794,-0.8949886091667327,126.0,1.0533675876358413,45.23809523809524,0.4359576663512234,-1.7516423263065906,0.23469024644538714
22,2.4,25.0,75.0,2.0,1.0,0.01,0.0005,0.75,7,18,125.0,0.6791146944880281,29.599999999999998,-3.0764778390689207,-3.857069206821939,-1.1281453295166226,52.0,1.0533328093525587,38.46153846153847,0.21447170629131507,-1.551701055069299,0.14722366294559597
16,1.8,25.0,75.0,1.8,1.0,0.01,0.0005,0.75,8,17,446.0,0.7786831827186683,34.52914798206278,-6.365187787194154,-6.900758769012249,-1.5587331621999263,206.0,1.0532111067794978,39.80582524271845,0.7246653077160954,-2.2349639909727714,0.3090523654730875
10,2.2,25.0,75.0,2.0,1.0,0.01,0.0007,1.0,7,18,115.0,0.6305083929863444,27.82608695652174,-3.5188449491931713,-3.9966514026566036,-1.34918906599393,44.0,1.0531622028919216,40.909090909090914,0.19656067752170203,-1.7387574305650633,0.13911406922987155
10,2.2,30.0,70.0,2.0,1.0,0.01,0.0007,1.0,7,18,115.0,0.6305083929863444,27.82608695652174,-3.5188449491931713,-3.9966514026566036,-1.34918906599393,44.0,1.0531622028919216,40.909090909090914,0.19656067752170203,-1.7387574305650633,0.13911406922987155
12,2.2,25.0,75.0,2.0,1.0,0.01,0.0007,1.0,7,18,115.0,0.6305083929863444,27.82608695652174,-3.5188449491931713,-3.9966514026566036,-1.34918906599393,44.0,1.0531622028919216,40.909090909090914,0.19656067752170203,-1.7387574305650633,0.13911406922987155
12,2.2,30.0,70.0,2.0,1.0,0.01,0.0007,1.0,7,18,115.0,0.6305083929863444,27.82608695652174,-3.5188449491931713,-3.9966514026566036,-1.34918906599393,44.0,1.0531622028919216,40.909090909090914,0.19656067752170203,-1.7387574305650633,0.13911406922987155
14,2.2,25.0,75.0,2.0,1.0,0.01,0.0007,1.0,7,18,115.0,0.6305083929863444,27.82608695652174,-3.5188449491931713,-3.9966514026566036,-1.34918906599393,44.0,1.0531622028919216,40.909090909090914,0.19656067752170203,-1.7387574305650633,0.13911406922987155
14,2.2,30.0,70.0,2.0,1.0,0.01,0.0007,1.0,7,18,115.0,0.6305083929863444,27.82608695652174,-3.5188449491931713,-3.9966514026566036,-1.34918906599393,44.0,1.0531622028919216,40.909090909090914,0.19656067752170203,-1.7387574305650633,0.13911406922987155
16,2.2,25.0,75.0,2.0,1.0,0.01,0.0007,1.0,7,18,115.0,0.6305083929863444,27.82608695652174,-3.5188449491931713,-3.9966514026566036,-1.34918906599393,44.0,1.0531622028919216,40.909090909090914,0.19656067752170203,-1.7387574305650633,0.13911406922987155
16,2.2,30.0,70.0,2.0,1.0,0.01,0.0007,1.0,7,18,115.0,0.6305083929863444,27.82608695652174,-3.5188449491931713,-3.9966514026566036,-1.34918906599393,44.0,1.0531622028919216,40.909090909090914,0.19656067752170203,-1.7387574305650633,0.13911406922987155
18,2.2,25.0,75.0,2.0,1.0,0.01,0.0007,1.0,7,18,112.0,0.6262670164831979,27.67857142857143,-3.4812397854506343,-3.9592404861318653,-1.3374308380054452,44.0,1.0531622028919216,40.909090909090914,0.19656067752170203,-1.7387574305650633,0.13911406922987155
18,2.2,30.0,70.0,2.0,1.0,0.01,0.0007,1.0,7,18,115.0,0.6305083929863444,27.82608695652174,-3.5188449491931713,-3.9966514026566036,-1.34918906599393,44.0,1.0531622028919216,40.909090909090914,0.19656067752170203,-1.7387574305650633,0.13911406922987155
20,2.2,30.0,70.0,2.0,1.0,0.01,0.0007,1.0,7,18,115.0,0.6305083929863444,27.82608695652174,-3.5188449491931713,-3.9966514026566036,-1.34918906599393,44.0,1.0531622028919216,40.909090909090914,0.19656067752170203,-1.7387574305650633,0.13911406922987155
22,2.2,30.0,70.0,2.0,1.0,0.01,0.0007,1.0,7,18,115.0,0.6305083929863444,27.82608695652174,-3.5188449491931713,-3.9966514026566036,-1.34918906599393,44.0,1.0531622028919216,40.909090909090914,0.19656067752170203,-1.7387574305650633,0.13911406922987155
24,2.2,30.0,70.0,2.0,1.0,0.01,0.0007,1.0,7,18,114.0,0.6388247867096304,28.07017543859649,-3.397275152074908,-3.875680930526748,-1.3115211991519733,44.0,1.0531622028919216,40.909090909090914,0.19656067752170203,-1.7387574305650633,0.13911406922987155
20,2.4,25.0,75.0,1.8,1.0,0.01,0.0007,0.5,7,18,176.0,0.7009404530182266,31.818181818181817,-4.016726037559637,-4.561083155217672,-1.290915853643426,86.0,1.052604009092835,41.86046511627907,0.3451292023678252,-2.4210762683844034,0.18809248914291735
12,2.2,25.0,75.0,1.8,1.0,0.01,0.0005,0.5,7,18,456.0,0.8251973904867406,36.18421052631579,-4.953566280702489,-6.1137076713992045,-1.1887723841181406,226.0,1.0525771272535802,40.707964601769916,0.7717088418767708,-2.022942021308982,0.31419112765629087
18,2.2,30.0,70.0,2.0,1.0,0.01,0.0007,0.5,7,18,351.0,0.7679581129245292,31.339031339031337,-5.9352354451349125,-7.056124266168895,-1.4268708011999,183.0,1.052516799435557,37.704918032786885,0.7178295645864273,-2.581773736058657,0.2838459883558314
20,1.8,30.0,70.0,2.0,1.0,0.01,0.0005,0.75,8,17,489.0,0.7646415636342678,31.28834355828221,-7.6158301110647155,-8.042132041911865,-1.7513263970962665,232.0,1.0520271384144193,37.06896551724138,0.8233753397574947,-2.4492746714625313,0.3217171409828424
16,1.8,25.0,75.0,1.8,1.0,0.01,0.0007,0.75,8,17,355.0,0.7495166801162776,32.95774647887324,-6.361881583119048,-6.553030456616549,-1.6064549570085112,178.0,1.051940664347736,39.325842696629216,0.6526421452764771,-2.1297753617424586,0.2837568075708052
12,2.0,25.0,75.0,1.5,1.0,0.01,0.0005,0.75,7,18,395.0,0.7941424409470211,40.50632911392405,-4.850036271088193,-5.4055857115775545,-1.2695022747576035,196.0,1.0518539816086439,43.87755102040816,0.6152169042204332,-3.066858130538952,0.28236739787746423
24,2.0,25.0,75.0,2.0,1.0,0.01,0.001,0.75,7,18,111.0,0.5849319255635823,24.324324324324326,-4.523901804334218,-5.109397695161921,-1.4810906876783363,69.0,1.0518484388845741,34.78260869565217,0.31879178527255136,-1.6678140790133744,0.17484462174039275
22,1.8,25.0,75.0,1.8,1.0,0.01,0.0005,0.75,8,17,315.0,0.7581077490977484,33.96825396825397,-5.178286566114293,-5.552749380350475,-1.3990974038696182,139.0,1.0516507444803556,38.84892086330935,0.5051235472534609,-2.0671040894513215,0.2431835755629498
24,2.0,25.0,75.0,1.8,1.0,0.01,0.0005,1.0,8,17,133.0,0.7961548687832213,36.84210526315789,-1.9834220413266848,-3.2512326239854006,-0.7283201147780979,50.0,1.0514840671537637,38.0,0.21479352944097627,-1.699161992883702,0.13530710853827055
22,1.8,25.0,75.0,1.8,1.0,0.01,0.001,1.0,7,18,123.0,0.5761514224328335,26.82926829268293,-4.934192727946175,-5.436025303827519,-1.6250126563399467,76.0,1.0514832694144525,38.15789473684211,0.3294762186808839,-1.4042454044703945,0.19054258449448314
10,1.8,25.0,75.0,1.5,1.0,0.01,0.0005,0.75,8,17,521.0,0.7749080847638724,38.963531669865645,-6.933252712037574,-8.244345530648367,-1.715510141709564,243.0,1.0512785828940319,44.44444444444444,0.7562778019427969,-2.370250740483193,0.32531631002338757
22,1.8,25.0,75.0,1.8,1.0,0.01,0.0007,0.75,8,17,256.0,0.7354051413633983,32.8125,-5.070274421668527,-5.281918527660878,-1.4113310953829847,123.0,1.0512059769392699,38.21138211382114,0.4697282076048759,-1.9671075824886253,0.23085949927743776
20,1.8,30.0,70.0,2.0,1.0,0.01,0.0007,0.75,8,17,387.0,0.7517248023815716,30.490956072351423,-7.031626269078132,-7.529316667109076,-1.660056513165653,199.0,1.0511740136652898,36.68341708542713,0.7437951506975878,-2.142578225926628,0.30054502025917074
10,2.4,25.0,75.0,2.0,1.0,0.01,0.001,0.5,8,17,112.0,0.5172048898361035,22.321428571428573,-5.3791254667089925,-6.327867104056139,-1.866963259697911,69.0,1.051061068202782,36.231884057971016,0.31282951026913,-2.3438196441498804,0.17168502451896817
10,2.4,30.0,70.0,2.0,1.0,0.01,0.001,0.5,8,17,112.0,0.5172048898361035,22.321428571428573,-5.3791254667089925,-6.327867104056139,-1.866963259697911,69.0,1.051061068202782,36.231884057971016,0.31282951026913,-2.3438196441498804,0.17168502451896817
12,2.4,25.0,75.0,2.0,1.0,0.01,0.001,0.5,8,17,110.0,0.49781971060127883,21.818181818181817,-5.5392710700063255,-6.4864177098780225,-1.9415187414805672,69.0,1.051061068202782,36.231884057971016,0.31282951026913,-2.3438196441498804,0.17168502451896817
12,2.4,30.0,70.0,2.0,1.0,0.01,0.001,0.5,8,17,112.0,0.5172048898361035,22.321428571428573,-5.3791254667089925,-6.327867104056139,-1.866963259697911,69.0,1.051061068202782,36.231884057971016,0.31282951026913,-2.3438196441498804,0.17168502451896817
14,2.4,30.0,70.0,2.0,1.0,0.01,0.001,0.5,8,17,112.0,0.5172048898361035,22.321428571428573,-5.3791254667089925,-6.327867104056139,-1.866963259697911,69.0,1.051061068202782,36.231884057971016,0.31282951026913,-2.3438196441498804,0.17168502451896817
16,2.4,30.0,70.0,2.0,1.0,0.01,0.001,0.5,8,17,112.0,0.5172048898361035,22.321428571428573,-5.3791254667089925,-6.327867104056139,-1.866963259697911,69.0,1.051061068202782,36.231884057971016,0.31282951026913,-2.3438196441498804,0.17168502451896817
18,2.4,30.0,70.0,2.0,1.0,0.01,0.001,0.5,8,17,111.0,0.49335671830598576,21.62162162162162,-5.636022945256845,-6.5821797057737275,-1.9804530067242525,69.0,1.051061068202782,36.231884057971016,0.31282951026913,-2.3438196441498804,0.17168502451896817
18,2.4,30.0,70.0,2.0,1.0,0.01,0.0007,0.5,7,18,225.0,0.6493609013875747,28.000000000000004,-6.139861047640515,-6.474503529415864,-1.7588387939376018,111.0,1.0510019417830396,37.83783783783784,0.4395462208983008,-3.8234069168840645,0.2129417944521241
20,1.8,25.0,75.0,2.0,1.0,0.01,0.0007,0.75,7,18,330.0,0.7197397355897256,29.393939393939394,-6.898214855683508,-7.775474221684431,-1.6793439631872695,175.0,1.050918891347619,36.57142857142857,0.6596057500212918,-2.2215283646288775,0.262493752523804
18,2.0,30.0,70.0,1.5,1.0,0.01,0.0007,0.5,8,17,428.0,0.8148487824133903,39.48598130841122,-5.095189236412934,-6.887939607996829,-1.2449055230932,220.0,1.0507157297842722,44.09090909090909,0.7157421733230512,-2.4792010467734604,0.3228050405412725
16,2.0,30.0,70.0,1.5,1.0,0.01,0.001,0.5,8,17,213.0,0.7768752105742176,37.08920187793427,-3.831115581288759,-4.810537231437662,-1.096236546829262,142.0,1.0505336643790626,43.66197183098591,0.5358277039787753,-2.234691438393388,0.2657751102737131
22,1.8,25.0,75.0,2.0,1.0,0.01,0.001,0.75,8,17,145.0,0.6642925808697112,26.89655172413793,-4.603783322914987,-4.660987302566333,-1.3817090206443752,88.0,1.0502201417764194,34.090909090909086,0.3878490588186287,-1.65388833244704,0.18917457538548899
10,2.0,25.0,75.0,1.8,1.0,0.01,0.0007,0.5,8,17,447.0,0.8192788330848629,34.45190156599553,-5.536916164282483,-6.959987083707131,-1.2879502233141642,227.0,1.0502034732722978,39.20704845814978,0.7900193249413132,-2.164587879259361,0.32814185284767006
14,1.8,25.0,75.0,1.5,1.0,0.01,0.001,0.75,7,18,201.0,0.666304606771837,33.83084577114428,-5.5946134892717785,-6.153155414823819,-1.5791715171018366,150.0,1.050056672597697,44.0,0.5616751685535565,-2.506517465275493,0.2427571188774502
24,2.4,30.0,70.0,1.8,1.0,0.01,0.0005,0.5,7,18,250.0,0.7646067651884966,35.199999999999996,-3.988166472160538,-4.634984719999357,-1.1800071898913436,124.0,1.0499311594959557,40.32258064516129,0.4200964039535756,-2.835303269269318,0.21893942294793198
14,2.2,25.0,75.0,2.0,1.0,0.01,0.001,0.5,7,18,158.0,0.6628627395963473,27.21518987341772,-4.9723932199101,-5.994876277167527,-1.471308353908446,116.0,1.0498425771965072,36.206896551724135,0.49881680166847214,-1.635555052766735,0.21775693580479738
24,2.4,25.0,75.0,2.0,1.0,0.01,0.0005,0.5,7,18,166.0,0.725509281011522,31.32530120481928,-3.3693729701000303,-3.890210997486998,-1.0922952873581853,71.0,1.0497998532022752,36.61971830985916,0.277277198399388,-2.4080682195741443,0.15893066489191496
20,2.4,25.0,75.0,1.8,1.0,0.01,0.001,0.5,8,17,92.0,0.6035603527083679,28.26086956521739,-3.46875018204506,-4.713995848654706,-1.3168941303848025,58.0,1.0493328277466107,39.6551724137931,0.24559044183404696,-1.7628131730183516,0.14412917946722278
24,2.2,25.0,75.0,2.0,1.0,0.01,0.0007,0.5,7,18,193.0,0.7923493385885972,32.64248704663213,-3.0786684150579458,-4.207352562448275,-0.9115070025387152,90.0,1.0492896659883095,35.55555555555556,0.3606432202657379,-1.9099461591617684,0.1880615747431491
22,2.0,30.0,70.0,2.0,1.0,0.01,0.0005,1.0,7,18,212.0,0.7683449896066757,32.075471698113205,-3.515724477172571,-5.267183509431838,-1.0373635139017237,87.0,1.048569044631537,37.93103448275862,0.3101516777010511,-2.5992796883384517,0.16755353356743044
18,2.2,25.0,75.0,1.5,1.0,0.01,0.0005,0.5,7,18,353.0,0.8573736733546466,42.492917847025495,-2.993652878246212,-3.972379372134738,-0.8239861873206479,174.0,1.0485635591823796,45.97701149425287,0.5162190021501192,-2.566146651186718,0.2507475842091008
20,2.2,25.0,75.0,2.0,1.0,0.01,0.0005,0.75,7,18,196.0,0.6526885208753915,29.081632653061224,-5.047788715119404,-5.5569028188364396,-1.5481521243840797,93.0,1.0482113484470066,38.70967741935484,0.3308452609676169,-2.8390626959403864,0.17372802738518694
24,2.0,25.0,75.0,2.0,1.0,0.01,0.0005,0.75,7,18,239.0,0.7564732227290812,32.21757322175732,-4.1097411261796335,-4.755278032546906,-1.1663395315684097,102.0,1.0480973105272633,36.27450980392157,0.36767901987017465,-2.180648620395209,0.19228670005908494
12,2.2,25.0,75.0,2.0,1.0,0.01,0.0005,0.5,7,18,456.0,0.7964299290482584,32.89473684210527,-6.019207407218928,-7.410330831397493,-1.385146097214383,226.0,1.0480918210821948,38.05309734513274,0.7332245269374653,-2.5788419442234645,0.28367810230188095
22,1.8,25.0,75.0,1.5,1.0,0.01,0.0007,1.0,7,18,213.0,0.736462715906336,38.967136150234744,-3.9439215005550436,-4.322961790361335,-1.2256107454764886,100.0,1.048076830772253,44.0,0.3367159772648483,-1.9338440631024412,0.2039621083109028
20,2.0,30.0,70.0,1.5,1.0,0.01,0.0005,0.5,8,17,521.0,0.8395716816057599,40.69097888675624,-4.865498783826552,-6.8524273285373365,-1.1720890374802713,245.0,1.0480678322008257,43.673469387755105,0.7009677270862994,-2.7850789859368286,0.30449329089397664
22,1.8,25.0,75.0,2.0,1.0,0.01,0.0007,0.75,8,17,256.0,0.7448922302062918,30.46875,-5.044133755164039,-5.223763766858069,-1.361956391195826,123.0,1.0479239254910058,34.959349593495936,0.4560459904917843,-1.9951765479821248,0.2120558116869082
16,1.8,25.0,75.0,2.0,1.0,0.01,0.0005,0.75,8,17,446.0,0.7670147309648834,31.614349775784756,-6.9578530317166045,-7.055743220925869,-1.6617837539427216,206.0,1.0478240844700277,36.89320388349515,0.6762081512626901,-2.406951217536757,0.2718877585667262
18,1.8,25.0,75.0,1.5,1.0,0.01,0.0005,0.75,7,18,485.0,0.7857308190741873,39.58762886597938,-6.078735534237894,-6.553885877989762,-1.4478619331093947,239.0,1.0477918924482439,44.76987447698745,0.6760809152877846,-3.103485532644279,0.27851807199914896
18,2.2,25.0,75.0,1.5,1.0,0.01,0.0007,0.5,7,18,282.0,0.843421883316004,41.843971631205676,-2.8990439712025,-3.7077041738141414,-0.8236006632019378,145.0,1.0477449766089924,45.51724137931035,0.46078203442320953,-2.494638618974121,0.22840240847193913
22,2.4,25.0,75.0,2.0,1.0,0.01,0.001,0.75,7,18,67.0,0.5572678777417416,22.388059701492537,-2.9744098919986937,-3.6507113790720913,-1.2510568957718888,36.0,1.0474874118783044,38.88888888888889,0.1580163270600315,-1.3290954330033689,0.11324364021840631
24,2.4,30.0,70.0,2.0,1.0,0.01,0.0005,0.5,8,17,195.0,0.6381268073718434,28.717948717948715,-5.475642470677995,-6.409331690122933,-1.7081048879779384,92.0,1.0473817775039642,36.95652173913043,0.3368930021603228,-2.780748648124076,0.18026523707585113
20,2.2,25.0,75.0,1.5,1.0,0.01,0.001,0.5,7,18,135.0,0.6259779456352317,33.33333333333333,-4.40108672678547,-5.396073273016877,-1.493573772259806,93.0,1.0473257578402384,44.086021505376344,0.3417819997398874,-1.7213301086716704,0.18475260920726388
24,2.2,25.0,75.0,2.0,1.0,0.01,0.001,0.5,7,18,110.0,0.6386449580956228,26.36363636363636,-3.820866897823507,-4.67203833087142,-1.2690649357540502,72.0,1.0470719109454398,34.72222222222222,0.3005078959498678,-1.4990799695547063,0.16214463672733756
20,2.4,25.0,75.0,2.0,1.0,0.01,0.0007,0.5,8,17,150.0,0.6115497552692839,27.333333333333332,-4.8523100733723,-5.8839656740146795,-1.629164595771412,73.0,1.0470493095683804,36.986301369863014,0.2785442222520396,-2.0889354270147265,0.1558467576953138
12,2.0,25.0,75.0,2.0,1.0,0.01,0.001,0.5,8,17,208.0,0.7903813866941529,30.288461538461537,-3.8687221316937035,-5.730681037249652,-1.027051843069731,139.0,1.0468164013402137,35.97122302158273,0.5398342166528527,-1.8254879704208915,0.24495484751786611
24,2.2,30.0,70.0,1.8,1.0,0.01,0.0007,0.5,7,18,313.0,0.8224145105998797,35.46325878594249,-3.915803955261399,-4.87041538569607,-1.0069864215273954,158.0,1.0463806374240499,40.50632911392405,0.5299990095969224,-2.0564009309585574,0.23675258778220373
16,2.2,25.0,75.0,1.5,1.0,0.01,0.001,0.5,8,17,142.0,0.6528784378092486,34.50704225352113,-4.283780242164539,-5.045640305903342,-1.4441865472340143,86.0,1.0460388064800918,43.02325581395349,0.3094795746324235,-1.7284560565665075,0.18040309210391436
10,2.4,25.0,75.0,1.8,1.0,0.01,0.0005,0.5,7,18,282.0,0.7478898072681853,34.39716312056738,-4.7281308130051,-5.5538146279087375,-1.3574747463763837,138.0,1.0457464613193854,39.85507246376812,0.4243235772392836,-3.2129116912028133,0.2086898378487842
10,2.4,30.0,70.0,1.8,1.0,0.01,0.0005,0.5,7,18,283.0,0.7455482391915513,34.275618374558306,-4.785413860610406,-5.610549957511013,-1.3742548085293755,138.0,1.0457464613193854,39.85507246376812,0.4243235772392836,-3.2129116912028133,0.2086898378487842
12,2.4,25.0,75.0,1.8,1.0,0.01,0.0005,0.5,7,18,277.0,0.7477015510613483,34.65703971119133,-4.65393297094959,-5.249564047793198,-1.3448907891635453,138.0,1.0457464613193854,39.85507246376812,0.4243235772392836,-3.2129116912028133,0.2086898378487842
12,2.4,30.0,70.0,1.8,1.0,0.01,0.0005,0.5,7,18,283.0,0.7454199350415607,34.275618374558306,-4.788539985679435,-5.613640095828387,-1.3750739246334918,138.0,1.0457464613193854,39.85507246376812,0.4243235772392836,-3.2129116912028133,0.2086898378487842
14,2.4,30.0,70.0,1.8,1.0,0.01,0.0005,0.5,7,18,283.0,0.7454199350415607,34.275618374558306,-4.788539985679435,-5.613640095828387,-1.3750739246334918,138.0,1.0457464613193854,39.85507246376812,0.4243235772392836,-3.2129116912028133,0.2086898378487842
16,2.4,30.0,70.0,1.8,1.0,0.01,0.0005,0.5,7,18,282.0,0.7478898072681853,34.39716312056738,-4.7281308130051,-5.5538146279087375,-1.3574747463763837,138.0,1.0457464613193854,39.85507246376812,0.4243235772392836,-3.2129116912028133,0.2086898378487842
12,1.8,25.0,75.0,1.8,1.0,0.01,0.001,0.75,8,17,196.0,0.7237241142571665,31.122448979591837,-4.746223501288386,-5.582871712143733,-1.3661989456521775,132.0,1.0457156266998968,38.63636363636363,0.4882712915718548,-1.4622696706037996,0.2309146607022716
14,2.2,25.0,75.0,1.5,1.0,0.01,0.0005,0.5,7,18,425.0,0.8347331008552521,41.411764705882355,-4.0724625892183575,-4.894771132789499,-1.0775987589848033,214.0,1.0456931667320446,44.85981308411215,0.5896583517274485,-2.6888558729295076,0.2638326048472465
20,2.0,25.0,75.0,2.0,1.0,0.01,0.0007,0.5,8,17,287.0,0.7610037727818005,30.66202090592334,-5.176185916526465,-6.509206898199715,-1.3809157142246231,145.0,1.045557292522822,35.172413793103445,0.494832416075642,-2.0332439582960826,0.2207579411066901
18,2.0,30.0,70.0,1.8,1.0,0.01,0.001,0.5,8,17,210.0,0.8099328209442416,33.33333333333333,-3.399159828012926,-4.767035991622959,-0.9096326390977836,139.0,1.0454476474779333,38.84892086330935,0.5073870494876428,-1.6674661101555688,0.24058149584708097
16,2.4,25.0,75.0,1.8,1.0,0.01,0.0005,0.5,7,18,252.0,0.7586936293808223,34.92063492063492,-4.127155119257059,-4.794967684036855,-1.2256051031622208,126.0,1.0454360494570631,40.476190476190474,0.382468720838624,-2.7852265282768296,0.1970347738526024
20,2.0,30.0,70.0,2.0,1.0,0.01,0.001,0.5,8,17,203.0,0.7887438815740074,30.541871921182267,-3.8228883280867376,-5.279011228528163,-0.9945938726095586,132.0,1.0453998814335714,35.60606060606061,0.4982943105224877,-1.6860945725576504,0.2264893906458651
24,2.2,25.0,75.0,1.8,1.0,0.01,0.0007,0.5,7,18,193.0,0.7553720465819196,34.196891191709845,-3.5396599162479836,-4.505004074561492,-1.0950026043806056,90.0,1.0452968920458723,38.88888888888889,0.3181643383248775,-1.775693999747785,0.17233945981603585
16,1.8,25.0,75.0,1.5,1.0,0.01,0.0007,0.75,8,17,355.0,0.754990109149663,38.028169014084504,-5.8119419928431855,-6.174980039600031,-1.5258581318833422,179.0,1.045176294144579,44.134078212290504,0.5263018981834284,-2.195889901307213,0.23813200024182823
22,2.0,30.0,70.0,2.0,1.0,0.01,0.0005,0.75,7,18,384.0,0.7778221587444075,32.8125,-5.715109478062205,-6.656406091352829,-1.3686305098345684,182.0,1.0451453401328867,37.362637362637365,0.5578763980990333,-3.112838364878767,0.23692188890625898
24,2.0,25.0,75.0,2.0,1.0,0.01,0.0005,0.5,7,18,324.0,0.8751636977677035,33.95061728395062,-2.690679845962186,-4.183354898129366,-0.6785395277689505,143.0,1.0448775567220188,36.36363636363637,0.45449926109962685,-2.513232047083458,0.21544421402886577
16,2.2,25.0,75.0,1.8,1.0,0.01,0.0005,0.5,7,18,393.0,0.8631641616139539,37.659033078880405,-3.3961856382308357,-4.394602612212162,-0.8649172806253099,193.0,1.0445517103238375,40.932642487046635,0.5608558383240051,-2.416675214955444,0.24062520043614738
16,2.0,25.0,75.0,2.0,1.0,0.01,0.0005,1.0,7,18,209.0,0.7717094918681817,32.057416267942585,-3.425075536823843,-5.156420116576976,-1.0124083863776516,87.0,1.0443397574260664,37.93103448275862,0.28320051300235716,-2.599275985665128,0.15294118093593553
24,2.0,25.0,75.0,2.0,1.0,0.01,0.0005,1.0,8,17,133.0,0.815967591974198,33.83458646616541,-1.848978134722456,-3.015137150324998,-0.6487432335454458,50.0,1.044328029466698,34.0,0.190942670628192,-1.7959820396373671,0.11627203737048024
24,2.2,25.0,75.0,2.0,1.0,0.01,0.0007,0.75,7,18,135.0,0.7000514558273477,29.629629629629626,-3.283688888871293,-3.885835805549809,-1.095965459864845,60.0,1.044190369931847,36.666666666666664,0.22533520148792377,-2.6733701314952785,0.12993813747961305
20,1.8,25.0,75.0,1.8,1.0,0.01,0.001,0.5,8,17,182.0,0.7532254663221237,32.967032967032964,-3.920235036498252,-5.170717076156794,-1.0614375747305311,133.0,1.044009460081711,39.097744360902254,0.47897024463989507,-2.566411855192352,0.20249401045174878
22,1.8,25.0,75.0,1.5,1.0,0.01,0.0005,1.0,7,18,262.0,0.7752919940453313,41.221374045801525,-3.7089031466782947,-4.215232241053258,-1.1171305634147857,117.0,1.0436576594681066,44.44444444444444,0.330368573997348,-2.0141790100149937,0.1962530050847359
24,2.0,25.0,75.0,2.0,1.0,0.01,0.0007,0.75,7,18,193.0,0.7411073245160772,31.088082901554404,-3.907270939629634,-4.884548427993629,-1.1381805934026303,88.0,1.0434590018646177,35.22727272727273,0.3073289433048194,-2.256095031149563,0.16239639631569625
20,2.4,25.0,75.0,1.8,1.0,0.01,0.0005,0.5,7,18,213.0,0.7394620174119165,34.27230046948357,-3.8296062181863273,-4.5468079965592985,-1.2002531600255824,103.0,1.0434165616780107,41.74757281553398,0.31074068092546436,-2.421084079746838,0.16873487395186298
22,2.0,25.0,75.0,1.8,1.0,0.01,0.0005,0.5,7,18,365.0,0.7995160297198184,35.06849315068493,-4.731727637346831,-5.845193639217349,-1.2334302041013168,167.0,1.0429897658686882,39.52095808383233,0.4805787297346615,-2.290341680422847,0.2223337396756554
20,2.4,25.0,75.0,1.5,1.0,0.01,0.0007,0.5,7,18,176.0,0.7681571569847415,39.77272727272727,-2.8392150864277754,-3.489031449632618,-0.9709141825295902,86.0,1.0428877872184612,46.51162790697674,0.2598271717584612,-2.5279172547644224,0.1551489249756733
24,2.0,25.0,75.0,1.8,1.0,0.01,0.0007,0.75,7,18,193.0,0.7075136367471824,32.64248704663213,-4.31371161940273,-5.124498758157625,-1.3084574235091757,88.0,1.0428535218352257,38.63636363636363,0.2917098523864661,-2.1404537860707507,0.15991449003901792
22,2.4,25.0,75.0,2.0,1.0,0.01,0.0007,0.5,8,17,133.0,0.6701643896025768,29.32330827067669,-3.645771420852998,-4.522640621713048,-1.2677577993458342,61.0,1.0428322290832388,36.0655737704918,0.21913396490755985,-1.815977984531958,0.12765714281766705
22,2.0,30.0,70.0,1.8,1.0,0.01,0.001,0.75,7,18,156.0,0.673231082730663,30.128205128205128,-4.607807515202493,-5.3989688078485365,-1.3956769795038004,99.0,1.04282871848843,38.38383838383838,0.3514029133159056,-1.8256585390616586,0.17466744616423857
22,1.8,25.0,75.0,1.5,1.0,0.01,0.0005,0.75,7,18,374.0,0.7736274800727793,39.57219251336899,-5.1477154027197685,-5.596780686742808,-1.3531502650257259,173.0,1.042807450521703,44.50867052023121,0.4581015902994841,-2.7363903412295776,0.2128849077078799
20,1.8,25.0,75.0,1.5,1.0,0.01,0.0007,0.5,8,17,355.0,0.7504886444222493,38.028169014084504,-5.924300676808125,-6.781949496467677,-1.5061463227297844,197.0,1.0427715827843507,44.16243654822335,0.5559894711445668,-3.34407580329098,0.2302318980771
10,2.2,25.0,75.0,2.0,1.0,0.01,0.0005,1.0,7,18,137.0,0.6729301990690852,30.656934306569344,-3.3631926228807423,-3.912046434774963,-1.263826441686975,52.0,1.042592038061868,40.38461538461539,0.1691956381086311,-1.738796144442445,0.11613399010168006
10,2.2,30.0,70.0,2.0,1.0,0.01,0.0005,1.0,7,18,137.0,0.6729301990690852,30.656934306569344,-3.3631926228807423,-3.912046434774963,-1.263826441686975,52.0,1.042592038061868,40.38461538461539,0.1691956381086311,-1.738796144442445,0.11613399010168006
12,2.2,25.0,75.0,2.0,1.0,0.01,0.0005,1.0,7,18,137.0,0.6729301990690852,30.656934306569344,-3.3631926228807423,-3.912046434774963,-1.263826441686975,52.0,1.042592038061868,40.38461538461539,0.1691956381086311,-1.738796144442445,0.11613399010168006
12,2.2,30.0,70.0,2.0,1.0,0.01,0.0005,1.0,7,18,137.0,0.6729301990690852,30.656934306569344,-3.3631926228807423,-3.912046434774963,-1.263826441686975,52.0,1.042592038061868,40.38461538461539,0.1691956381086311,-1.738796144442445,0.11613399010168006
14,2.2,25.0,75.0,2.0,1.0,0.01,0.0005,1.0,7,18,137.0,0.6729301990690852,30.656934306569344,-3.3631926228807423,-3.912046434774963,-1.263826441686975,52.0,1.042592038061868,40.38461538461539,0.1691956381086311,-1.738796144442445,0.11613399010168006
14,2.2,30.0,70.0,2.0,1.0,0.01,0.0005,1.0,7,18,137.0,0.6729301990690852,30.656934306569344,-3.3631926228807423,-3.912046434774963,-1.263826441686975,52.0,1.042592038061868,40.38461538461539,0.1691956381086311,-1.738796144442445,0.11613399010168006
16,2.2,25.0,75.0,2.0,1.0,0.01,0.0005,1.0,7,18,136.0,0.6642520737206462,30.14705882352941,-3.4505155245388055,-3.912046434774963,-1.2993615291933398,52.0,1.042592038061868,40.38461538461539,0.1691956381086311,-1.738796144442445,0.11613399010168006
16,2.2,30.0,70.0,2.0,1.0,0.01,0.0005,1.0,7,18,137.0,0.6729301990690852,30.656934306569344,-3.3631926228807423,-3.912046434774963,-1.263826441686975,52.0,1.042592038061868,40.38461538461539,0.1691956381086311,-1.738796144442445,0.11613399010168006
18,2.2,25.0,75.0,2.0,1.0,0.01,0.0005,1.0,7,18,132.0,0.6654391064919487,30.303030303030305,-3.3475505508785135,-3.809558933249868,-1.2659004307456516,52.0,1.042592038061868,40.38461538461539,0.1691956381086311,-1.738796144442445,0.11613399010168006
18,2.2,30.0,70.0,2.0,1.0,0.01,0.0005,1.0,7,18,137.0,0.6729301990690852,30.656934306569344,-3.3631926228807423,-3.912046434774963,-1.263826441686975,52.0,1.042592038061868,40.38461538461539,0.1691956381086311,-1.738796144442445,0.11613399010168006
20,2.2,30.0,70.0,2.0,1.0,0.01,0.0005,1.0,7,18,137.0,0.6729301990690852,30.656934306569344,-3.3631926228807423,-3.912046434774963,-1.263826441686975,52.0,1.042592038061868,40.38461538461539,0.1691956381086311,-1.738796144442445,0.11613399010168006
22,2.2,30.0,70.0,2.0,1.0,0.01,0.0005,1.0,7,18,137.0,0.6729301990690852,30.656934306569344,-3.3631926228807423,-3.912046434774963,-1.263826441686975,52.0,1.042592038061868,40.38461538461539,0.1691956381086311,-1.738796144442445,0.11613399010168006
24,2.2,30.0,70.0,2.0,1.0,0.01,0.0005,1.0,7,18,135.0,0.6723681462633472,30.37037037037037,-3.328818406611135,-3.790930955957239,-1.2618091522473116,52.0,1.042592038061868,40.38461538461539,0.1691956381086311,-1.738796144442445,0.11613399010168006
18,1.8,30.0,70.0,1.8,1.0,0.01,0.0005,0.75,8,17,503.0,0.7603160542604257,33.79721669980119,-7.682682375268178,-8.632307175564435,-1.8131475451309773,239.0,1.042579016060331,39.74895397489539,0.6668149102931784,-2.2481300690109673,0.2799559731180381
24,1.8,25.0,75.0,1.5,1.0,0.01,0.0007,0.5,8,17,282.0,0.7409662768829312,37.5886524822695,-5.024325608852469,-5.321630506929087,-1.3646188198950475,142.0,1.0423770592849209,43.66197183098591,0.412082745100488,-2.6808054873262877,0.20437191263458998
16,2.0,25.0,75.0,1.8,1.0,0.01,0.0007,0.5,8,17,362.0,0.8002713451243838,33.97790055248619,-5.103215011141274,-5.758381802318113,-1.2921243902176993,181.0,1.042369400810941,38.67403314917127,0.5345783309668514,-2.2806716060672083,0.23089208421711543
14,2.4,25.0,75.0,1.5,1.0,0.01,0.0005,0.5,7,18,267.0,0.7663888970800904,40.44943820224719,-3.881697693999977,-4.448854484280229,-1.1984343419242174,134.0,1.042310481446507,44.02985074626866,0.3513573359793736,-3.015293023068233,0.19029722390594792
22,1.8,25.0,75.0,1.5,1.0,0.01,0.0007,0.75,7,18,289.0,0.7532878231811112,38.4083044982699,-4.867920777219642,-5.229592584663334,-1.3284447786733347,146.0,1.0421342195652266,43.83561643835616,0.41178003710132544,-2.5594086934919824,0.19420856203202283
20,1.8,25.0,75.0,2.0,1.0,0.01,0.001,0.75,7,18,171.0,0.6681704003252418,26.900584795321635,-5.233382607014737,-5.925000236882994,-1.4617354365231632,118.0,1.0418754138527246,35.59322033898305,0.4170819883589684,-1.6168880432469002,0.17926759125539476
12,2.2,25.0,75.0,2.0,1.0,0.01,0.0007,0.5,7,18,352.0,0.7588029949750874,30.96590909090909,-6.1691709451394665,-7.235466335265195,-1.4899550695272803,182.0,1.0417302400552044,37.362637362637365,0.5632779440068225,-2.581745673758107,0.22302052105920528
10,2.2,25.0,75.0,1.8,1.0,0.01,0.0007,0.5,7,18,360.0,0.7817063840008424,34.166666666666664,-5.497644934981163,-6.371707193596976,-1.3707348194828257,186.0,1.041505626469243,40.32258064516129,0.5510791913748108,-2.1766007661807585,0.22724621130096262
10,2.2,30.0,70.0,1.8,1.0,0.01,0.0007,0.5,7,18,365.0,0.7769975417430216,33.97260273972603,-5.696484578522923,-6.549189203840344,-1.4117356294775651,186.0,1.041505626469243,40.32258064516129,0.5510791913748108,-2.1766007661807585,0.22724621130096262
12,2.2,30.0,70.0,1.8,1.0,0.01,0.0007,0.5,7,18,364.0,0.781103561298844,34.065934065934066,-5.566624969213408,-6.420520305697441,-1.3834762704006784,186.0,1.041505626469243,40.32258064516129,0.5510791913748108,-2.1766007661807585,0.22724621130096262
14,2.2,30.0,70.0,1.8,1.0,0.01,0.0007,0.5,7,18,361.0,0.789019604280326,34.34903047091413,-5.3196694486285745,-6.282645543260967,-1.3211449449558066,186.0,1.041505626469243,40.32258064516129,0.5510791913748108,-2.1766007661807585,0.22724621130096262
16,2.2,30.0,70.0,1.8,1.0,0.01,0.0007,0.5,7,18,358.0,0.7985096204409999,34.63687150837989,-5.029395795184228,-5.995298714317665,-1.253562231229224,186.0,1.041505626469243,40.32258064516129,0.5510791913748108,-2.1766007661807585,0.22724621130096262
10,1.8,25.0,75.0,1.8,1.0,0.01,0.0007,0.75,8,17,409.0,0.7479239452133003,32.76283618581907,-7.257570046979491,-7.810192935765969,-1.7692514455043327,207.0,1.0414442927093122,39.61352657004831,0.6008355113567814,-1.9144938769925957,0.25842709887959975
16,1.8,25.0,75.0,2.0,1.0,0.01,0.001,0.75,8,17,182.0,0.6966569313692286,28.021978021978022,-5.0669812096562055,-5.431165137248939,-1.4094374178318105,116.0,1.0414236235024084,35.3448275862069,0.40460154023938233,-1.3551598380180496,0.18289712570058936
14,1.8,25.0,75.0,2.0,1.0,0.01,0.0007,0.75,7,18,432.0,0.7265797984083278,29.398148148148145,-8.476266437776594,-8.691375079798934,-1.9126515949896081,237.0,1.041156397498326,36.708860759493675,0.6985311957588056,-2.685319171809808,0.24982629874589746
22,2.0,25.0,75.0,2.0,1.0,0.01,0.0007,0.5,7,18,280.0,0.7720215265765309,30.714285714285715,-4.819508696292705,-5.623651848964228,-1.2675576797928838,141.0,1.0411025285870006,35.46099290780142,0.4353335385771971,-2.228486705565913,0.1931468545779338
18,2.2,30.0,70.0,1.5,1.0,0.01,0.0007,0.5,7,18,351.0,0.8458403278688403,41.31054131054131,-3.4720977996578952,-4.811906849129355,-0.905951931427115,183.0,1.0409538250808834,44.80874316939891,0.49582405692708564,-2.6597434059073666,0.22512510891928605
22,2.2,25.0,75.0,2.0,1.0,0.01,0.0005,0.75,8,17,143.0,0.6811249474404896,30.069930069930066,-3.573881178407464,-4.3241978652614925,-1.2183699903458247,60.0,1.0408167373684807,35.0,0.20214358657638515,-1.8806112251390283,0.11770304180952414
24,2.0,25.0,75.0,1.8,1.0,0.01,0.0005,0.5,7,18,324.0,0.8434556597429207,36.11111111111111,-3.267075654521687,-4.5044326271786,-0.8648131751281175,143.0,1.0408115567780802,39.16083916083916,0.39638097397544697,-2.445334705258473,0.2002953519133481
22,1.8,30.0,70.0,1.5,1.0,0.01,0.0007,0.75,8,17,374.0,0.7717773877514806,38.50267379679144,-5.632806410320099,-6.587716156465784,-1.4408240837415403,190.0,1.040675703181165,44.21052631578947,0.5008566114264976,-2.3541087751057788,0.22982954652448281
24,2.4,25.0,75.0,1.8,1.0,0.01,0.0005,1.0,7,18,67.0,0.5433300122437057,29.850746268656714,-2.431488674087632,-2.5134567810984665,-1.3730315659248695,26.0,1.0404273270020519,38.46153846153847,0.08990332299956208,-0.9748986355723854,0.07803756191863463
10,2.2,25.0,75.0,2.0,1.0,0.01,0.001,0.5,8,17,159.0,0.6348937901000776,26.41509433962264,-5.521411215910593,-6.431863641516012,-1.6163922642167863,101.0,1.0403937815356854,35.64356435643564,0.35285216676144043,-1.7541768176139505,0.1755607120170122
10,2.2,30.0,70.0,2.0,1.0,0.01,0.001,0.5,8,17,161.0,0.6427623692435747,26.70807453416149,-5.452981931465238,-6.3640745806482935,-1.5801692761045363,101.0,1.0403937815356854,35.64356435643564,0.35285216676144043,-1.7541768176139505,0.1755607120170122
12,2.2,30.0,70.0,2.0,1.0,0.01,0.001,0.5,8,17,160.0,0.6484652160571123,26.875,-5.322813450762624,-6.235162950487638,-1.5490629124980717,101.0,1.0403937815356854,35.64356435643564,0.35285216676144043,-1.7541768176139505,0.1755607120170122
14,2.2,30.0,70.0,2.0,1.0,0.01,0.001,0.5,8,17,160.0,0.6484652160571123,26.875,-5.322813450762624,-6.235162950487638,-1.5490629124980717,101.0,1.0403937815356854,35.64356435643564,0.35285216676144043,-1.7541768176139505,0.1755607120170122
16,2.2,30.0,70.0,2.0,1.0,0.01,0.001,0.5,8,17,159.0,0.6546547812491634,27.044025157232703,-5.183913773068525,-6.0975662655065825,-1.5143332707372517,101.0,1.0403937815356854,35.64356435643564,0.35285216676144043,-1.7541768176139505,0.1755607120170122
22,2.0,30.0,70.0,2.0,1.0,0.01,0.0007,0.75,7,18,307.0,0.7448903816810056,30.944625407166125,-5.825326202585675,-6.92143782695025,-1.4474195996241683,150.0,1.0403071475991055,36.666666666666664,0.44698134838276016,-3.1361503901266907,0.1940350423871507
20,2.2,25.0,75.0,2.0,1.0,0.01,0.0007,0.75,7,18,164.0,0.6192328741735812,26.82926829268293,-5.086165146454368,-5.5175049031281675,-1.5926916622756349,79.0,1.0399848368700575,37.9746835443038,0.2511623107042396,-2.8390628655543204,0.1337934064610387
10,2.4,25.0,75.0,2.0,1.0,0.01,0.0007,0.5,7,18,227.0,0.6616532156889497,28.193832599118945,-5.956740295819236,-6.451432441071137,-1.691597001696102,112.0,1.03995942069749,37.5,0.3438512101276865,-3.823469521177736,0.16601660043452612
10,2.4,30.0,70.0,2.0,1.0,0.01,0.0007,0.5,7,18,227.0,0.6616532156889497,28.193832599118945,-5.956740295819236,-6.451432441071137,-1.691597001696102,112.0,1.03995942069749,37.5,0.3438512101276865,-3.823469521177736,0.16601660043452612
12,2.4,25.0,75.0,2.0,1.0,0.01,0.0007,0.5,7,18,224.0,0.6533771216180415,28.125,-6.036025597147727,-6.371038286694308,-1.7258248568733554,112.0,1.03995942069749,37.5,0.3438512101276865,-3.823469521177736,0.16601660043452612
12,2.4,30.0,70.0,2.0,1.0,0.01,0.0007,0.5,7,18,227.0,0.6616532156889497,28.193832599118945,-5.956740295819236,-6.451432441071137,-1.691597001696102,112.0,1.03995942069749,37.5,0.3438512101276865,-3.823469521177736,0.16601660043452612
14,2.4,30.0,70.0,2.0,1.0,0.01,0.0007,0.5,7,18,227.0,0.6616532156889497,28.193832599118945,-5.956740295819236,-6.451432441071137,-1.691597001696102,112.0,1.03995942069749,37.5,0.3438512101276865,-3.823469521177736,0.16601660043452612
16,2.4,30.0,70.0,2.0,1.0,0.01,0.0007,0.5,7,18,227.0,0.6616532156889497,28.193832599118945,-5.956740295819236,-6.451432441071137,-1.691597001696102,112.0,1.03995942069749,37.5,0.3438512101276865,-3.823469521177736,0.16601660043452612
20,2.0,30.0,70.0,1.8,1.0,0.01,0.0005,0.5,8,17,521.0,0.8547475120936494,36.2763915547025,-4.7213171493328625,-6.607593673709012,-1.077826767790949,244.0,1.0399116922020775,38.9344262295082,0.6238364409042152,-2.5491767167526103,0.2608821465070869
20,2.0,25.0,75.0,2.0,1.0,0.01,0.0007,0.5,7,18,326.0,0.7638650266542453,30.368098159509206,-5.6871331502650175,-7.138811998021632,-1.4224889734602293,175.0,1.0395885200604496,36.0,0.5057789937912458,-2.2776849764368445,0.20585290041698104
16,2.0,25.0,75.0,1.8,1.0,0.01,0.0005,0.5,8,17,457.0,0.8363787663003488,35.886214442013134,-4.74512153375821,-6.187348191332842,-1.1547218575590792,210.0,1.0394362518977156,39.04761904761905,0.5393868717682199,-2.4921596469932528,0.22916447315225702
22,2.2,25.0,75.0,1.8,1.0,0.01,0.001,0.5,7,18,122.0,0.5948654472047015,27.86885245901639,-4.672474716100696,-5.369813556794034,-1.5830856549104217,82.0,1.0393062300062308,37.80487804878049,0.269608200164239,-1.1351990045765037,0.1406930963655709
10,1.8,30.0,70.0,1.5,1.0,0.01,0.0005,0.75,8,17,527.0,0.7759866704924729,39.08918406072106,-6.96686635489652,-8.28529352082954,-1.7161296063841673,244.0,1.0392575820429277,44.26229508196721,0.5797402395920472,-2.5413089969391622,0.25028607437803624
12,1.8,30.0,70.0,1.5,1.0,0.01,0.0005,0.75,8,17,526.0,0.7793259424510549,39.163498098859314,-6.838870371280355,-8.15907739244972,-1.6891284328065106,244.0,1.0392575820429277,44.26229508196721,0.5797402395920472,-2.5413089969391622,0.25028607437803624
14,1.8,30.0,70.0,1.5,1.0,0.01,0.0005,0.75,8,17,524.0,0.7836268096038694,39.31297709923664,-6.675333210982518,-8.073327219348581,-1.6460722498311422,244.0,1.0392575820429277,44.26229508196721,0.5797402395920472,-2.5413089969391622,0.25028607437803624
16,1.8,30.0,70.0,1.5,1.0,0.01,0.0005,0.75,8,17,520.0,0.7890252886378858,39.42307692307692,-6.4544251339061525,-7.85572730501467,-1.5904386022838093,244.0,1.0392575820429277,44.26229508196721,0.5797402395920472,-2.5413089969391622,0.25028607437803624
24,2.4,25.0,75.0,2.0,1.0,0.01,0.0005,0.75,7,18,115.0,0.7250076323415352,31.30434782608696,-2.3950297463521384,-3.1811086901373464,-0.8957985537399038,47.0,1.039207066376243,38.297872340425535,0.1455163095681928,-1.550958529446811,0.10242760733061211
24,2.0,25.0,75.0,1.8,1.0,0.01,0.0005,0.75,7,18,239.0,0.7403437555984611,34.72803347280335,-4.2500721981259995,-5.206223138877586,-1.2570450333697172,102.0,1.0390138143501586,39.21568627450981,0.2850316911292248,-2.073203110121191,0.1547353444914255
22,2.0,25.0,75.0,1.8,1.0,0.01,0.0005,0.75,7,18,268.0,0.7420209949268936,35.07462686567165,-4.702808657283404,-5.402554274301874,-1.3449443097829863,118.0,1.0389941295433291,39.83050847457627,0.31838770380689313,-1.811640581661711,0.1646899109762519
20,2.0,25.0,75.0,1.8,1.0,0.01,0.001,0.75,7,18,133.0,0.6187145218383135,28.57142857142857,-4.710320052455172,-5.651794529609255,-1.5011616357712594,87.0,1.038719370420889,39.08045977011494,0.2784393741986787,-1.6055405907001052,0.14499303442175784
24,2.0,25.0,75.0,1.5,1.0,0.01,0.0005,1.0,7,18,165.0,0.8717422663491468,44.24242424242424,-1.3388494873065249,-3.226869139620425,-0.491563403268673,66.0,1.038396639566701,43.93939393939394,0.17775244429913073,-2.4197708293377973,0.11611718639873116
22,2.4,25.0,75.0,1.8,1.0,0.01,0.0007,1.0,7,18,63.0,0.4649284937337798,25.396825396825395,-2.9216055463096198,-2.9216055463096247,-1.6676295676614807,25.0,1.0382459554877799,40.0,0.08492247216096076,-1.10202629712145,0.0734703415873079
18,2.0,25.0,75.0,1.8,1.0,0.01,0.001,0.75,7,18,144.0,0.6368829395407072,29.166666666666668,-4.806779270725711,-5.596237499144008,-1.5095003428420237,91.0,1.0380823979288556,38.46153846153847,0.2858459916402171,-1.479703391738152,0.14555553897437268
14,1.8,25.0,75.0,1.8,1.0,0.01,0.001,0.5,8,17,245.0,0.8023881072911195,33.87755102040816,-4.110230672852922,-5.620178052482783,-1.006967140415991,179.0,1.0376881770117652,39.10614525139665,0.5330449881209097,-1.8385432341146979,0.2077141837454546
22,2.4,25.0,75.0,1.5,1.0,0.01,0.0005,0.5,8,17,151.0,0.7384342679107188,40.397350993377486,-2.726178342698258,-3.718910725074942,-1.0617525836092472,64.0,1.037598317877991,43.75,0.1757723952697961,-1.9060014318472485,0.11344643246950632
22,2.0,25.0,75.0,2.0,1.0,0.01,0.0007,0.75,7,18,216.0,0.7001486585818772,30.09259259259259,-5.089051085296614,-5.6751011318248,-1.447846933570955,101.0,1.037531944070053,35.64356435643564,0.29303365316371127,-1.9411103421418607,0.14793697811014767
22,2.2,25.0,75.0,1.5,1.0,0.01,0.0007,0.5,7,18,219.0,0.788874933976238,41.0958904109589,-3.1745692891219006,-3.8662404539950512,-1.0032998022302997,105.0,1.0374283543394924,43.80952380952381,0.27678442987315066,-1.7267777225850267,0.1525251057516991
14,1.8,25.0,75.0,2.0,1.0,0.01,0.001,0.75,7,18,201.0,0.7035411044171115,27.860696517412936,-5.383016964131785,-6.059501959699687,-1.4146940719102508,150.0,1.0373712084310824,36.0,0.46425736087303443,-1.701072276753668,0.18566343972939728
12,2.0,25.0,75.0,1.8,1.0,0.01,0.0007,0.5,8,17,432.0,0.8168910613182484,34.25925925925926,-5.435072113100141,-6.847946923584136,-1.286622675871096,218.0,1.0371756093014,38.99082568807339,0.5553238308863547,-2.1580261296107017,0.23762588441398938
12,1.8,25.0,75.0,1.5,1.0,0.01,0.0007,0.75,7,18,456.0,0.8009934720548733,39.25438596491228,-5.7535607505922775,-6.840658612477846,-1.3491636826103028,246.0,1.0371031252213443,44.3089430894309,0.5800945859128479,-2.9361538127387843,0.22690645001675375
10,1.8,30.0,70.0,1.5,1.0,0.01,0.001,0.75,8,17,202.0,0.6708680303187841,34.15841584158416,-5.5984760557304805,-6.271985218054166,-1.6509751418056549,136.0,1.0369834245703784,43.38235294117647,0.37695210794085143,-2.0659816590303803,0.18500965948272236
12,1.8,30.0,70.0,1.5,1.0,0.01,0.001,0.75,8,17,201.0,0.6761990707471989,34.32835820895522,-5.468467575291416,-6.142897416123871,-1.6198223170641757,136.0,1.0369834245703784,43.38235294117647,0.37695210794085143,-2.0659816590303803,0.18500965948272236
14,1.8,30.0,70.0,1.5,1.0,0.01,0.001,0.75,8,17,201.0,0.6761990707471989,34.32835820895522,-5.468467575291416,-6.142897416123871,-1.6198223170641757,136.0,1.0369834245703784,43.38235294117647,0.37695210794085143,-2.0659816590303803,0.18500965948272236
16,1.8,30.0,70.0,1.5,1.0,0.01,0.001,0.75,8,17,200.0,0.6819740343789137,34.5,-5.329829609943736,-6.0052587636129084,-1.573501590316735,136.0,1.0369834245703784,43.38235294117647,0.37695210794085143,-2.0659816590303803,0.18500965948272236
16,1.8,25.0,75.0,1.5,1.0,0.01,0.001,0.75,8,17,182.0,0.6788154243100145,34.61538461538461,-4.919616638367643,-5.374817056768921,-1.4642623377178234,116.0,1.0368538780210483,43.103448275862064,0.32107894397882775,-2.1793508363238456,0.1583360011519804
20,1.8,30.0,70.0,1.8,1.0,0.01,0.0007,0.75,7,18,443.0,0.7807145989673508,33.63431151241535,-6.669144242983949,-7.253191881314991,-1.491681843216667,241.0,1.0366681725764935,39.41908713692946,0.605793792575896,-2.4438092788939936,0.2288093139995867
24,2.0,25.0,75.0,1.8,1.0,0.01,0.001,0.75,7,18,111.0,0.5650152850092215,26.126126126126124,-4.644227870195009,-5.241792657699385,-1.5701924091788428,69.0,1.0366221291818825,37.68115942028986,0.21391902319499423,-1.7296291603237202,0.12162296447568076
22,2.2,25.0,75.0,1.8,1.0,0.01,0.0007,1.0,7,18,100.0,0.5648473086154825,28.000000000000004,-3.605698465313071,-3.8431572100508626,-1.5479096486416535,39.0,1.0364607160173311,43.58974358974359,0.11839881812973545,-1.5428316040075885,0.08603462932180915
18,2.0,25.0,75.0,2.0,1.0,0.01,0.0005,0.5,7,18,492.0,0.8155842495638458,32.926829268292686,-5.827994474035276,-7.362893661481484,-1.3190812919968382,239.0,1.0363921858356506,37.238493723849366,0.5769582005105803,-3.0322097481570442,0.2231923811630574
20,2.2,30.0,70.0,1.8,1.0,0.01,0.001,0.5,7,18,166.0,0.747512323608994,32.53012048192771,-3.692492750183319,-4.986493826622862,-1.0750613112558172,119.0,1.0362616699020168,38.655462184873954,0.35282366423811257,-1.6239643029464679,0.1587698771888879
16,1.8,25.0,75.0,2.0,1.0,0.01,0.0007,0.75,8,17,355.0,0.7446822687453962,30.422535211267604,-6.715743048249369,-6.863081490896061,-1.6567727744783125,178.0,1.0361222501322327,35.95505617977528,0.466305028202496,-2.207861019074042,0.19232451980083115
22,2.0,25.0,75.0,1.8,1.0,0.01,0.001,1.0,8,17,81.0,0.6505855197108343,29.629629629629626,-2.69362494468387,-3.6078602667283244,-1.0848961796718055,45.0,1.0360887646880488,37.77777777777778,0.1431423639298555,-1.6899406872168732,0.0890793574450462
12,1.8,25.0,75.0,2.0,1.0,0.01,0.0005,0.75,8,17,506.0,0.7649282442305337,31.225296442687743,-7.818786970260717,-8.468525534553828,-1.8063012470002044,238.0,1.0360843182812545,36.97478991596639,0.5778579978652488,-2.557350098307065,0.22756420611171066
16,2.0,25.0,75.0,2.0,1.0,0.01,0.001,1.0,8,17,92.0,0.5992840349404991,25.0,-3.6436588137608665,-4.532371827925241,-1.3219042652252349,49.0,1.0359103392652227,34.69387755102041,0.15760143493453144,-1.5746095838006124,0.09415754546070093
18,2.0,25.0,75.0,2.0,1.0,0.01,0.001,1.0,8,17,89.0,0.5572602583401266,23.595505617977526,-3.9645616628036806,-4.8453172447191495,-1.460817354512051,49.0,1.0359103392652227,34.69387755102041,0.15760143493453144,-1.5746095838006124,0.09415754546070093
22,2.0,30.0,70.0,2.0,1.0,0.01,0.001,1.0,8,17,93.0,0.5917953635619426,24.731182795698924,-3.7562018721946333,-4.643876015735938,-1.3614580526130862,49.0,1.0359103392652227,34.69387755102041,0.15760143493453144,-1.5746095838006124,0.09415754546070093
24,2.0,30.0,70.0,2.0,1.0,0.01,0.001,1.0,8,17,91.0,0.6075652972178366,25.274725274725274,-3.522252313624831,-4.412089306891287,-1.2855671331638483,49.0,1.0359103392652227,34.69387755102041,0.15760143493453144,-1.5746095838006124,0.09415754546070093
20,1.8,30.0,70.0,2.0,1.0,0.01,0.001,0.75,8,17,192.0,0.7048341537486283,28.125,-5.183767129043554,-5.745821322383726,-1.4083961159157032,130.0,1.0357304753699044,35.38461538461539,0.38523204460983834,-1.6459742144084966,0.17261437415503422
24,2.0,25.0,75.0,1.8,1.0,0.01,0.0007,0.5,7,18,248.0,0.8219245753662744,34.67741935483871,-3.2058797149990825,-4.184898812906934,-0.8898016305641144,121.0,1.0357148257343092,38.01652892561984,0.31571142169401356,-2.4715438158820824,0.1619529700991955
20,1.8,25.0,75.0,1.5,1.0,0.01,0.0005,0.5,8,17,465.0,0.7633639350600906,38.924731182795696,-6.527036701233574,-7.207988341796456,-1.6117514751213213,224.0,1.0356567474619687,44.19642857142857,0.49342033670978713,-3.4199905352270576,0.20147752106575575
10,2.2,25.0,75.0,1.8,1.0,0.01,0.0005,0.5,7,18,470.0,0.8195143141413829,36.17021276595745,-5.27323736635939,-6.4507153871165235,-1.2534889755918002,232.0,1.0356540851488434,40.51724137931034,0.5305533781189661,-2.381138616974132,0.21539278554363028
10,2.2,30.0,70.0,1.8,1.0,0.01,0.0005,0.5,7,18,481.0,0.8089048443477205,35.75883575883576,-5.704558595729996,-6.929069450507297,-1.349969015633784,232.0,1.0356540851488434,40.51724137931034,0.5305533781189661,-2.381138616974132,0.21539278554363028
12,2.2,30.0,70.0,1.8,1.0,0.01,0.0005,0.5,7,18,479.0,0.8143949987250828,35.908141962421716,-5.510312249251419,-6.737310932849949,-1.3068616028200286,232.0,1.0356540851488434,40.51724137931034,0.5305533781189661,-2.381138616974132,0.21539278554363028
14,2.2,30.0,70.0,1.8,1.0,0.01,0.0005,0.5,7,18,474.0,0.8204739065950856,36.075949367088604,-5.279686548092304,-6.593062190382604,-1.2513968923956609,232.0,1.0356540851488434,40.51724137931034,0.5305533781189661,-2.381138616974132,0.21539278554363028
18,2.4,30.0,70.0,1.5,1.0,0.01,0.0005,0.5,7,18,279.0,0.772623557005787,40.50179211469534,-3.906568644462331,-4.473611950820933,-1.1893963098645979,137.0,1.035612934369758,43.79562043795621,0.3025173336635635,-3.271381198737122,0.1620419519256382
10,2.0,30.0,70.0,1.8,1.0,0.01,0.0007,0.5,8,17,464.0,0.8384427079847864,35.12931034482759,-5.088094603360933,-6.862078353087586,-1.1668694423181936,231.0,1.035510890229443,38.961038961038966,0.5631004281642891,-2.259850106589334,0.23484423134798868
12,2.0,30.0,70.0,1.8,1.0,0.01,0.0007,0.5,8,17,463.0,0.8420534837123149,35.20518358531318,-4.9574011528856685,-6.733834029665053,-1.139560369145844,231.0,1.035510890229443,38.961038961038966,0.5631004281642891,-2.259850106589334,0.23484423134798868
22,2.2,30.0,70.0,1.5,1.0,0.01,0.001,0.5,8,17,148.0,0.6801503657187697,35.13513513513514,-4.05830404482711,-5.046386619498211,-1.3327858423797179,91.0,1.035376226783198,42.857142857142854,0.2497804545199506,-1.8777532691947485,0.1472653050317569
24,2.2,30.0,70.0,1.5,1.0,0.01,0.001,0.5,8,17,144.0,0.6864128846135944,35.41666666666667,-3.876769132302816,-4.866745603239819,-1.2682143981077143,91.0,1.035376226783198,42.857142857142854,0.2497804545199506,-1.8777532691947485,0.1472653050317569
16,2.0,25.0,75.0,2.0,1.0,0.01,0.0005,0.5,8,17,457.0,0.8089278380147071,32.822757111597376,-5.779186780447471,-6.767019966922616,-1.369118360363321,210.0,1.035106012087404,36.19047619047619,0.49648288083531955,-2.701390374681867,0.1986728260717425
18,2.0,25.0,75.0,1.8,1.0,0.01,0.0007,0.5,7,18,369.0,0.8163652531701,34.68834688346883,-4.725523356756858,-5.898019701995105,-1.1330003850886319,200.0,1.0350354054570141,39.5,0.4828509435532578,-2.8389332057637495,0.1974374430180991
14,2.0,30.0,70.0,2.0,1.0,0.01,0.001,0.5,8,17,215.0,0.786220862117368,30.23255813953488,-4.090715007411709,-5.831719914734523,-1.0736624403209714,146.0,1.0346209717047319,35.61643835616438,0.4156489821942705,-1.9075471604738548,0.18553065441977043
20,2.4,25.0,75.0,2.0,1.0,0.01,0.001,0.5,8,17,92.0,0.4987286199137827,21.73913043478261,-4.694658599047179,-5.6978976132477825,-1.7652376331004214,58.0,1.0345525940773115,36.206896551724135,0.17575454351932424,-1.6090079798971035,0.10088311095899435
10,1.8,25.0,75.0,1.8,1.0,0.01,0.0005,0.75,8,17,521.0,0.7726207805656615,34.16506717850288,-7.497704089949056,-8.348081119771077,-1.7778572671376738,242.0,1.0345229463609993,39.66942148760331,0.5420746745580982,-2.152712460060402,0.22659161645130926
16,2.4,25.0,75.0,2.0,1.0,0.01,0.0005,0.5,7,18,252.0,0.6979942435444374,30.555555555555557,-5.444566716262688,-6.096481435897772,-1.5492430856439787,126.0,1.0345216451211903,37.301587301587304,0.2989921675500227,-3.043227432892448,0.14769871733639636
16,2.0,25.0,75.0,1.5,1.0,0.01,0.0007,0.5,8,17,362.0,0.8002890831777965,38.950276243093924,-4.7589887231273496,-5.607644458388316,-1.2641729504027075,182.0,1.0342720585939937,43.40659340659341,0.39999471403483766,-2.3945376939378593,0.18121329874602493
24,1.8,25.0,75.0,2.0,1.0,0.01,0.0005,0.75,7,18,334.0,0.8213391540330958,32.634730538922156,-4.000031246558993,-4.459685604324227,-0.9798116918580565,146.0,1.0339314790178986,36.3013698630137,0.34712739006139604,-2.6174318266211305,0.15944053632776173
24,1.8,25.0,75.0,1.5,1.0,0.01,0.0005,0.5,8,17,359.0,0.7525768242661762,38.440111420612816,-5.470190689522769,-5.810698810164727,-1.4384853654540812,156.0,1.033770697204767,43.58974358974359,0.3418567398164305,-2.7011268793436627,0.1662989706796807
10,2.2,25.0,75.0,2.0,1.0,0.01,0.0005,0.5,7,18,470.0,0.7942309119845943,32.97872340425532,-6.266833314038249,-7.7101479469309675,-1.4246722741945839,232.0,1.0337685798144758,37.93103448275862,0.5211097567828438,-2.768532262639445,0.20084721460554164
10,2.2,30.0,70.0,2.0,1.0,0.01,0.0005,0.5,7,18,481.0,0.785691383105864,32.640332640332645,-6.66351326699758,-8.22118724153179,-1.508391272978738,232.0,1.0337685798144758,37.93103448275862,0.5211097567828438,-2.768532262639445,0.20084721460554164
12,2.2,30.0,70.0,2.0,1.0,0.01,0.0005,0.5,7,18,479.0,0.7907817742205789,32.77661795407098,-6.470939002044688,-8.031857713422042,-1.4674276049723074,232.0,1.0337685798144758,37.93103448275862,0.5211097567828438,-2.768532262639445,0.20084721460554164
14,2.2,30.0,70.0,2.0,1.0,0.01,0.0005,0.5,7,18,474.0,0.7960004578790444,32.91139240506329,-6.252552631271701,-7.8895983232134315,-1.4169822129235052,232.0,1.0337685798144758,37.93103448275862,0.5211097567828438,-2.768532262639445,0.20084721460554164
24,2.2,30.0,70.0,2.0,1.0,0.01,0.0005,0.5,7,18,394.0,0.8197577527117401,33.50253807106599,-4.713859748248506,-5.976941372287003,-1.1361039180576429,191.0,1.033695532699995,38.21989528795812,0.43762561360123076,-2.47116010924443,0.18521264902812132
24,2.2,25.0,75.0,1.5,1.0,0.01,0.0005,0.75,7,18,161.0,0.7933903900420549,42.2360248447205,-2.163226030923106,-3.2929466833851895,-0.7830378859389102,70.0,1.0336879317559868,44.285714285714285,0.1643378659116024,-2.5728404866581567,0.10549887855129049
20,1.8,30.0,70.0,1.5,1.0,0.01,0.0007,0.75,7,18,444.0,0.7935426864309673,39.189189189189186,-5.853563902255937,-6.88929767814106,-1.3553007141099058,242.0,1.033550640963931,44.214876033057855,0.5142461419225037,-2.918367200889449,0.20124240377892766
12,1.8,25.0,75.0,1.8,1.0,0.01,0.0007,0.75,7,18,455.0,0.7722795994108448,33.18681318681318,-7.0920067772301625,-7.5312743581997355,-1.608025458242588,245.0,1.0334881959200777,39.59183673469388,0.5602491041548456,-2.443834047364868,0.21200253311391332
22,2.0,25.0,75.0,1.5,1.0,0.01,0.001,0.5,7,18,155.0,0.6754301796931427,34.193548387096776,-4.261083733634314,-4.676363586320131,-1.3943141795965581,99.0,1.0330029967122674,42.42424242424242,0.24817775991099553,-2.2750445021252452,0.12702873698357148
24,2.2,25.0,75.0,1.8,1.0,0.01,0.0007,0.75,7,18,135.0,0.6696013833634326,31.11111111111111,-3.5392456432924337,-4.202458822449795,-1.2339265901799168,60.0,1.0327864105196538,40.0,0.15887154015419583,-2.5775177185406783,0.09502593880637082
12,1.8,25.0,75.0,2.0,1.0,0.01,0.0007,0.75,8,17,399.0,0.7449550083319945,30.075187969924812,-7.412214358708316,-7.894046493866891,-1.7728261319892122,203.0,1.0326457871344004,36.45320197044335,0.4759184362149244,-2.2509907512350713,0.19385009330867076
12,2.2,25.0,75.0,1.5,1.0,0.01,0.0007,0.5,7,18,352.0,0.8375634608694159,40.909090909090914,-3.65930498484855,-4.775207476309184,-0.9570650313242286,182.0,1.03250059256366,44.505494505494504,0.3882420231731339,-2.6437944059694685,0.17621847314531083
22,2.0,25.0,75.0,1.8,1.0,0.01,0.0007,0.5,7,18,280.0,0.7753163324474969,33.57142857142857,-4.580557470973544,-5.219393421044572,-1.249090887706131,141.0,1.0322806434611305,38.297872340425535,0.3258436802380311,-2.257611079148103,0.15325856451365835
22,2.2,25.0,75.0,1.8,1.0,0.01,0.0005,0.75,8,17,143.0,0.7169222805167473,34.26573426573427,-3.0289527361034017,-4.207539411728611,-1.0641961863228688,60.0,1.0320323278973098,38.333333333333336,0.15102933124082485,-1.8044120740678293,0.09119752101660111
18,2.0,25.0,75.0,2.0,1.0,0.01,0.0007,0.5,7,18,369.0,0.7865907672208217,31.16531165311653,-5.731980932560746,-7.389339848565523,-1.3482602502094025,200.0,1.0319904206039974,36.5,0.45584326085861904,-2.9093921361890485,0.1772521965077284
18,2.0,25.0,75.0,2.0,1.0,0.01,0.001,0.75,7,18,144.0,0.5912030496210704,25.0,-5.661470003736595,-6.356103148137571,-1.728675684759302,91.0,1.0315034402541394,35.16483516483517,0.2426628182406057,-1.3916776079593518,0.11936997123846098
24,2.0,30.0,70.0,1.5,1.0,0.01,0.0005,0.75,7,18,360.0,0.8052249121894243,41.11111111111111,-4.247590935752997,-4.897125469289632,-1.1337368879398304,174.0,1.0314584868118863,44.252873563218394,0.3310758086713031,-2.7630772304796825,0.16279508449451896
16,2.4,25.0,75.0,2.0,1.0,0.01,0.0005,0.75,8,17,115.0,0.6644820871034202,28.695652173913043,-3.1020360155886375,-3.969458294979189,-1.193224697548073,43.0,1.0314043607408183,37.2093023255814,0.11006009664579323,-1.203295424529427,0.07906173236523065
18,2.4,25.0,75.0,2.0,1.0,0.01,0.0005,0.75,8,17,111.0,0.6301883440229212,27.927927927927925,-3.33545024482688,-4.149637856013433,-1.3060436842015328,43.0,1.0314043607408183,37.2093023255814,0.11006009664579323,-1.203295424529427,0.07906173236523065
22,2.4,30.0,70.0,2.0,1.0,0.01,0.0005,0.75,8,17,116.0,0.6562892112733608,28.448275862068968,-3.2151500706791194,-4.081600099178562,-1.2352461588507417,43.0,1.0314043607408183,37.2093023255814,0.11006009664579323,-1.203295424529427,0.07906173236523065
24,2.4,30.0,70.0,2.0,1.0,0.01,0.0005,0.75,8,17,114.0,0.6735388737912282,28.947368421052634,-2.9799702950316895,-3.848455577235177,-1.1542968118350778,43.0,1.0314043607408183,37.2093023255814,0.11006009664579323,-1.203295424529427,0.07906173236523065
16,1.8,25.0,75.0,1.5,1.0,0.01,0.0005,0.75,8,17,446.0,0.77301795251927,39.01345291479821,-6.10932514277285,-6.682688906221957,-1.5632268945668022,207.0,1.031364510222424,43.96135265700483,0.3914820413027155,-2.4218043418962165,0.172905401343184
22,2.4,25.0,75.0,1.8,1.0,0.01,0.001,0.75,7,18,67.0,0.5329252477389365,23.88059701492537,-3.084863762305704,-3.646687194292264,-1.3478855868897892,36.0,1.0313224884346104,41.66666666666667,0.09853576837820584,-1.4237967274085994,0.07122257648377658
14,1.8,25.0,75.0,1.8,1.0,0.01,0.0005,0.75,7,18,586.0,0.7960079359353947,35.153583617747444,-7.216715720150351,-7.637694678863016,-1.6001326982086541,291.0,1.0310600926189122,39.175257731958766,0.5633762243598539,-2.5422185520863505,0.21261108202798923
16,2.0,25.0,75.0,2.0,1.0,0.01,0.001,0.75,7,18,152.0,0.6170172260788627,25.657894736842106,-5.546825882032662,-6.3081482995273275,-1.642834566887533,97.0,1.0309645876891085,35.051546391752574,0.25342239125651755,-1.543168271785611,0.12168771372709217
14,2.0,25.0,75.0,2.0,1.0,0.01,0.0007,0.5,8,17,395.0,0.7612999860336176,30.632911392405067,-6.854568238342217,-7.810650068949199,-1.6341064628888926,204.0,1.0309226044625694,35.78431372549019,0.4462245014427208,-2.5528571443556802,0.181769616990532
22,2.4,25.0,75.0,1.8,1.0,0.01,0.0007,0.5,8,17,133.0,0.684287115490849,32.33082706766917,-3.3621903416114582,-4.446926268720919,-1.2204893288250052,61.0,1.0308758913542972,39.34426229508197,0.1497172641788893,-1.7577027355031416,0.08976524812147674
16,2.2,30.0,70.0,1.8,1.0,0.01,0.0005,0.5,7,18,469.0,0.8324367856777253,36.46055437100213,-4.869984948876627,-6.189049540750657,-1.160961832352287,231.0,1.030565052798745,40.25974025974026,0.4507694693557824,-2.3811280808205493,0.18353699518502734
20,1.8,25.0,75.0,1.8,1.0,0.01,0.001,0.5,7,18,195.0,0.7615365603312562,32.82051282051282,-4.015118070423086,-5.404425392752832,-1.038143637380018,148.0,1.030530066324056,39.189189189189186,0.3603241108895236,-2.940640065064404,0.14663080188240854
16,2.0,25.0,75.0,1.8,1.0,0.01,0.001,0.75,7,18,152.0,0.6739311647544256,30.263157894736842,-4.49411038890763,-5.286185019109347,-1.3644981709658477,97.0,1.030518782022872,38.144329896907216,0.24071445307414252,-1.7910574841866977,0.11983673963023746
22,1.8,25.0,75.0,2.0,1.0,0.01,0.0005,0.75,7,18,373.0,0.7472252818040305,30.831099195710454,-6.40218261234484,-6.470089310927585,-1.5634883094470176,173.0,1.0303780000971374,36.41618497109826,0.35885204415693805,-2.3464285421500586,0.15165732614776223
24,2.4,25.0,75.0,1.8,1.0,0.01,0.0005,0.5,7,18,166.0,0.7089351453583026,33.734939759036145,-3.4712805805402605,-4.167211576733276,-1.1880872155528686,71.0,1.0300161196260067,39.436619718309856,0.15745381271413864,-2.3296124248712746,0.09291988302175944
24,2.2,25.0,75.0,1.5,1.0,0.01,0.0005,0.5,7,18,238.0,0.8352973434535518,42.436974789915965,-2.433558689022375,-3.596164687917991,-0.7697099251484641,108.0,1.0299365993616985,44.44444444444444,0.2106455558246853,-2.0825872038493287,0.1230010213727001
24,2.0,25.0,75.0,2.0,1.0,0.01,0.0007,1.0,7,18,138.0,0.8125850343680436,32.608695652173914,-2.0299272213361657,-3.6113592858118104,-0.68042087569656,56.0,1.0299272661505916,35.714285714285715,0.1403417747271669,-2.5204281224633918,0.0826214349748561
24,1.8,25.0,75.0,1.8,1.0,0.01,0.001,0.75,7,18,144.0,0.6923023014125765,29.86111111111111,-3.978924013447358,-4.408748494677839,-1.182353009606582,88.0,1.0298725414805872,37.5,0.2156478770825561,-2.05745707647359,0.11247943333770294
24,2.2,30.0,70.0,2.0,1.0,0.01,0.0007,0.5,8,17,268.0,0.7675420657432203,31.716417910447763,-4.740651515654572,-5.973712833950162,-1.264977226295903,127.0,1.0298120143095675,36.22047244094488,0.2859941156807327,-2.2223902607450885,0.13872275339519688
10,1.8,30.0,70.0,1.8,1.0,0.01,0.0007,0.75,8,17,414.0,0.7484968056168465,32.850241545893724,-7.314925182526168,-7.949727518707417,-1.774190033894933,208.0,1.0295108837325613,39.42307692307692,0.42455116674971577,-2.0863684115472902,0.1834652713863348
12,1.8,30.0,70.0,1.8,1.0,0.01,0.0007,0.75,8,17,413.0,0.7519361854703023,32.92978208232446,-7.187438616251875,-7.823109300617348,-1.7477023420793314,208.0,1.0295108837325613,39.42307692307692,0.42455116674971577,-2.0863684115472902,0.1834652713863348
14,1.8,30.0,70.0,1.8,1.0,0.01,0.0007,0.75,8,17,411.0,0.7563689339316959,33.09002433090024,-7.024504032966561,-7.680541863539647,-1.7053226154153804,208.0,1.0295108837325613,39.42307692307692,0.42455116674971577,-2.0863684115472902,0.1834652713863348
16,1.8,30.0,70.0,1.8,1.0,0.01,0.0007,0.75,8,17,408.0,0.7642335082320555,33.33333333333333,-6.739226797732208,-7.397335522969206,-1.6411328324900152,208.0,1.0295108837325613,39.42307692307692,0.42455116674971577,-2.0863684115472902,0.1834652713863348
14,2.0,25.0,75.0,2.0,1.0,0.01,0.0005,0.5,8,17,505.0,0.7941334313056687,32.27722772277228,-6.781385026418957,-7.756836631942754,-1.5522341814277556,238.0,1.029328773918515,36.134453781512605,0.4604133581430324,-2.8602653647601617,0.1819364627632232
22,2.0,25.0,75.0,2.0,1.0,0.01,0.0007,1.0,7,18,151.0,0.7458000996904247,30.4635761589404,-3.053295234775287,-4.541570543228824,-0.9977910427351947,61.0,1.029153724203611,36.0655737704918,0.14529011409236775,-2.5211688831265677,0.08351169653118246
22,2.0,25.0,75.0,2.0,1.0,0.01,0.001,0.5,7,18,155.0,0.72767913892792,28.387096774193548,-3.8585014304153447,-4.39689197987172,-1.1587480439982645,99.0,1.028967985425064,34.34343434343434,0.23978472593498734,-1.4965386655500512,0.11243368019250782
24,2.0,25.0,75.0,2.0,1.0,0.01,0.0007,0.5,7,18,248.0,0.875147225178484,33.46774193548387,-2.3061331522432558,-3.684782124273389,-0.609966655988102,121.0,1.0289436546468866,34.710743801652896,0.2620753141909336,-2.558663936055783,0.12692257654635142
20,1.8,30.0,70.0,1.8,1.0,0.01,0.001,0.75,7,18,207.0,0.7490669500653925,31.88405797101449,-4.494125100724905,-5.473014627037031,-1.1938966522116081,153.0,1.028816976584239,38.56209150326798,0.3461632112424195,-1.708407835071335,0.14360543609939713
16,2.0,25.0,75.0,1.5,1.0,0.01,0.0007,0.75,7,18,293.0,0.803514386800893,40.61433447098976,-3.822840092131901,-4.411270202272865,-1.0518202148686913,147.0,1.028775695900533,44.21768707482993,0.27565828548815263,-2.8775319619568362,0.13623196944102728
12,1.8,25.0,75.0,1.5,1.0,0.01,0.001,0.5,8,17,269.0,0.7512505629000037,36.80297397769517,-5.3904624538495955,-6.6010515806968595,-1.379732849952784,203.0,1.0284385774753095,43.34975369458128,0.4155605875634319,-2.20853390841913,0.16035413368665732
18,1.8,30.0,70.0,2.0,1.0,0.01,0.0007,0.75,8,17,397.0,0.7399969328651878,30.22670025188917,-7.544911853765625,-8.09582528709728,-1.7722371023932473,205.0,1.0282837745639157,36.58536585365854,0.41449925700902895,-2.422169880827174,0.1693056710969436
16,2.2,30.0,70.0,2.0,1.0,0.01,0.0005,0.5,7,18,469.0,0.8070664156465872,33.26226012793177,-5.84713061010154,-7.49135307303651,-1.331481351597022,231.0,1.028283766647239,37.66233766233766,0.4313396054600707,-2.7685774603665836,0.16679996958790794
24,2.4,25.0,75.0,2.0,1.0,0.01,0.001,0.75,7,18,62.0,0.564499352500204,22.58064516129032,-2.719339060653565,-3.397410029443826,-1.1481352527528397,34.0,1.0282051266138628,38.23529411764706,0.08714860020421838,-1.3989109402378186,0.06343613634613855
18,1.8,25.0,75.0,1.5,1.0,0.01,0.001,0.75,7,18,188.0,0.6701318050463079,34.04255319148936,-5.1914101346343156,-5.752319816333018,-1.4885937153052087,127.0,1.028201352841487,43.30708661417323,0.263709238909978,-2.715414388534576,0.12098918858455704
24,2.2,25.0,75.0,1.8,1.0,0.01,0.001,0.5,7,18,110.0,0.6155433630302976,28.18181818181818,-3.978141741256877,-4.811590075409744,-1.3691070610772522,72.0,1.0281957516251141,37.5,0.16890545604788715,-1.5281386221818294,0.09458442246672329
18,2.0,25.0,75.0,1.8,1.0,0.01,0.0005,0.5,7,18,492.0,0.8442549185767947,36.38211382113821,-4.715695509168236,-6.42267240554072,-1.090014018069676,239.0,1.0281736214997603,39.74895397489539,0.4245651439314679,-2.9945235909802026,0.1736548162304917
22,2.4,30.0,70.0,2.0,1.0,0.01,0.0007,0.5,7,18,218.0,0.6499812172152927,27.981651376146786,-5.973174901021121,-6.308411674115499,-1.721864057584655,104.0,1.028017042572324,37.5,0.21909491573123885,-3.608583105731422,0.11046496095084385
24,1.8,25.0,75.0,1.8,1.0,0.01,0.0005,0.75,7,18,334.0,0.7911293321360255,34.73053892215569,-4.541115167708522,-5.161967820609615,-1.1639245847148443,146.0,1.0278705690256613,39.04109589041096,0.2718380269457521,-2.566352468990929,0.1328158768919473
24,1.8,30.0,70.0,1.5,1.0,0.01,0.0007,0.75,8,17,359.0,0.7854319219283633,38.99721448467967,-5.09811224539595,-6.346399031064176,-1.3059854356872131,180.0,1.0277247187429364,43.888888888888886,0.32347241022645906,-2.4121986788793404,0.15028602161258905
22,2.0,30.0,70.0,1.5,1.0,0.01,0.0007,0.75,7,18,307.0,0.7900801087683726,40.06514657980456,-4.26695785498483,-4.852663813022606,-1.1609977406821466,150.0,1.0276480988671168,44.0,0.2699032691771026,-3.061795226202657,0.13335547172252976
24,2.4,30.0,70.0,2.0,1.0,0.01,0.0007,0.5,7,18,207.0,0.6637395185812587,28.502415458937197,-5.480624393951384,-5.884333663776098,-1.6083209020258502,101.0,1.0276437675616228,37.62376237623762,0.21142573216036908,-3.4436909952046624,0.10753642419577275
16,2.0,25.0,75.0,2.0,1.0,0.01,0.0007,0.5,8,17,362.0,0.7769353856808145,31.215469613259668,-5.934119026910157,-6.783025317943214,-1.4679062597603885,181.0,1.0275987154784658,35.35911602209944,0.3539808094257933,-2.5010596966223875,0.14485526124629425
20,2.4,30.0,70.0,2.0,1.0,0.01,0.0005,0.5,7,18,273.0,0.6972961862308972,30.76923076923077,-5.808849112802036,-6.400542857329327,-1.6045642323031968,136.0,1.0271085258550208,36.76470588235294,0.25091649211033656,-3.7716603184863806,0.12027271351556891
24,2.0,25.0,75.0,1.5,1.0,0.01,0.0007,0.75,7,18,193.0,0.7502566213321995,39.37823834196891,-3.3940783575881324,-3.9805985682549783,-1.0823077564641703,88.0,1.0268510127348673,43.18181818181818,0.16657129846671523,-2.387251945363278,0.09883076530748296
10,2.0,30.0,70.0,1.5,1.0,0.01,0.001,0.5,7,18,231.0,0.7879351831289516,37.22943722943723,-3.9065134505753303,-4.988276607580455,-1.0794623719628476,173.0,1.0267936661825476,43.93063583815029,0.3387620100410459,-2.5158473035602813,0.146235393997639
12,2.0,30.0,70.0,1.5,1.0,0.01,0.001,0.5,7,18,230.0,0.7937802242459066,37.391304347826086,-3.7741226993205963,-4.857428240059692,-1.0470343118433594,173.0,1.0267936661825476,43.93063583815029,0.3387620100410459,-2.5158473035602813,0.146235393997639
14,2.4,25.0,75.0,1.5,1.0,0.01,0.001,0.5,7,18,119.0,0.5726425406297971,31.092436974789916,-4.54088652562843,-5.038968030415136,-1.678831038124639,76.0,1.0267858298718107,43.42105263157895,0.15727096127311596,-2.5616523571497574,0.09079510700334152
20,2.0,25.0,75.0,2.0,1.0,0.01,0.001,0.75,7,18,133.0,0.5638318118661662,24.06015037593985,-5.65404348801343,-6.443485645931391,-1.7800568688920289,87.0,1.0267412864498497,35.63218390804598,0.19474240886833286,-1.524343203026901,0.098233703262932
20,2.2,30.0,70.0,1.5,1.0,0.01,0.0007,0.5,7,18,342.0,0.845969543377967,41.228070175438596,-3.3923900438592316,-4.462588614355701,-0.8893139264997452,178.0,1.0265112671819472,44.38202247191011,0.3068310334048692,-2.7003671377891947,0.13975671439842258
14,1.8,25.0,75.0,1.5,1.0,0.01,0.001,0.5,8,17,245.0,0.717725371981378,35.91836734693877,-5.64691813353229,-6.605555136523966,-1.4635024948270703,179.0,1.026423255443593,43.575418994413404,0.34168785235649923,-2.610396617298405,0.13800165695443065
18,1.8,30.0,70.0,2.0,1.0,0.01,0.0005,0.75,8,17,503.0,0.7529834105012515,31.01391650099404,-8.206789515224628,-8.66522579042247,-1.8732339124998965,239.0,1.0263086879969021,36.82008368200837,0.4184783918939684,-2.7280166821576968,0.16551646602419626
10,2.0,30.0,70.0,2.0,1.0,0.01,0.001,0.5,8,17,217.0,0.7926675141179178,30.414746543778804,-3.998741726570388,-5.961384201254571,-1.0396756668208464,147.0,1.0261101944438795,35.374149659863946,0.30904789683941997,-2.0116823563215425,0.1379311203651941
12,2.0,30.0,70.0,2.0,1.0,0.01,0.001,0.5,8,17,216.0,0.7982880815364066,30.555555555555557,-3.8665742397316167,-5.831896200005138,-1.0087374651751981,147.0,1.0261101944438795,35.374149659863946,0.30904789683941997,-2.0116823563215425,0.1379311203651941
10,2.0,25.0,75.0,2.0,1.0,0.01,0.0007,0.5,8,17,447.0,0.8044350793756565,31.767337807606268,-6.22813430403603,-7.530039657928267,-1.4026187598184878,226.0,1.0258914185893233,35.84070796460177,0.4097615081744516,-2.6995609218516847,0.16228641010413558
22,2.0,25.0,75.0,1.8,1.0,0.01,0.0007,0.75,7,18,216.0,0.7043402037935923,32.870370370370374,-4.848403452235325,-5.454399955574541,-1.4258508450763347,101.0,1.0258737988572981,38.613861386138616,0.1906158428557319,-1.8790074561608527,0.10048182526532079
14,2.0,30.0,70.0,1.8,1.0,0.01,0.0007,0.5,8,17,457.0,0.8339350717757558,35.010940919037196,-5.165296077089152,-6.623596599022219,-1.1953900922327627,230.0,1.0258649424562003,38.69565217391304,0.40176669226657397,-2.3359692411573874,0.16820330583914508
20,1.8,25.0,75.0,1.5,1.0,0.01,0.001,0.5,7,18,195.0,0.6962042241673696,35.38461538461539,-4.909307120101184,-5.86314762652419,-1.328192238450386,148.0,1.0257380000176672,43.91891891891892,0.28010359097293985,-3.6854943978106958,0.1182143315769486
20,2.0,25.0,75.0,1.5,1.0,0.01,0.001,0.75,7,18,133.0,0.5813564510773196,31.57894736842105,-4.968648100962055,-5.773135599733791,-1.6656866768030356,87.0,1.0255889644917306,43.67816091954023,0.16759391422874614,-2.028267107573334,0.0941161638891962
24,2.0,25.0,75.0,1.5,1.0,0.01,0.0005,0.5,7,18,325.0,0.854518193629423,41.53846153846154,-2.8216558950341275,-3.9985432495206363,-0.7897518234762517,143.0,1.025513184759955,44.05594405594406,0.2255595634005476,-2.7479951246900836,0.12405000295364207
24,2.0,25.0,75.0,1.8,1.0,0.01,0.0007,1.0,7,18,138.0,0.7498226168809544,33.33333333333333,-2.667041098758837,-3.9122603976679216,-0.9402255576211874,56.0,1.0253223641610725,39.285714285714285,0.11322445454774424,-2.4244283994386606,0.06903223220723552
14,2.0,25.0,75.0,1.8,1.0,0.01,0.001,0.5,7,18,209.0,0.8152053790289979,33.49282296650718,-3.261948105019183,-4.727068114939903,-0.8710739637895294,154.0,1.0249979023777769,38.961038961038966,0.3008499101678899,-1.818792883147602,0.12658880522261537
10,2.4,25.0,75.0,1.5,1.0,0.01,0.0005,0.5,7,18,282.0,0.7776132512344759,40.42553191489361,-3.8547819284598703,-4.603768823258136,-1.1669676374417575,138.0,1.0246315601720475,43.47826086956522,0.2069968393497402,-3.271372796939942,0.1103978251222899
10,2.4,30.0,70.0,1.5,1.0,0.01,0.0005,0.5,7,18,283.0,0.7749671952484563,40.282685512367486,-3.9124739236977257,-4.661032919834652,-1.1845254598870443,138.0,1.0246315601720475,43.47826086956522,0.2069968393497402,-3.271372796939942,0.1103978251222899
12,2.4,25.0,75.0,1.5,1.0,0.01,0.0005,0.5,7,18,277.0,0.7804232122690138,40.794223826714806,-3.738851124452067,-4.306881660792127,-1.1357857662932715,138.0,1.0246315601720475,43.47826086956522,0.2069968393497402,-3.271372796939942,0.1103978251222899
12,2.4,30.0,70.0,1.5,1.0,0.01,0.0005,0.5,7,18,283.0,0.7748222486641748,40.282685512367486,-3.9156649821449356,-4.664182653585092,-1.1855526676601258,138.0,1.0246315601720475,43.47826086956522,0.2069968393497402,-3.271372796939942,0.1103978251222899
14,2.4,30.0,70.0,1.5,1.0,0.01,0.0005,0.5,7,18,283.0,0.7748222486641748,40.282685512367486,-3.9156649821449356,-4.664182653585092,-1.1855526676601258,138.0,1.0246315601720475,43.47826086956522,0.2069968393497402,-3.271372796939942,0.1103978251222899
16,2.4,30.0,70.0,1.5,1.0,0.01,0.0005,0.5,7,18,282.0,0.7776132512344759,40.42553191489361,-3.8547819284598703,-4.603768823258136,-1.1669676374417575,138.0,1.0246315601720475,43.47826086956522,0.2069968393497402,-3.271372796939942,0.1103978251222899
10,2.2,25.0,75.0,2.0,1.0,0.01,0.0007,0.5,7,18,360.0,0.7523691643631696,30.833333333333336,-6.502534958272445,-7.602429033239721,-1.5577877581170414,186.0,1.0245760290173245,37.096774193548384,0.32928420251686474,-2.7060796059027226,0.13041377692426365
10,2.2,30.0,70.0,2.0,1.0,0.01,0.0007,0.5,7,18,365.0,0.7491029042006624,30.684931506849317,-6.67878023040028,-7.808505079029282,-1.5903625427921582,186.0,1.0245760290173245,37.096774193548384,0.32928420251686474,-2.7060796059027226,0.13041377692426365
12,2.2,30.0,70.0,2.0,1.0,0.01,0.0007,0.5,7,18,364.0,0.7528794697252803,30.76923076923077,-6.550235220231788,-7.681538611529348,-1.563608214784303,186.0,1.0245760290173245,37.096774193548384,0.32928420251686474,-2.7060796059027226,0.13041377692426365
14,2.2,30.0,70.0,2.0,1.0,0.01,0.0007,0.5,7,18,361.0,0.760155203460372,31.024930747922436,-6.305953943548157,-7.602429033239721,-1.5039698801608412,186.0,1.0245760290173245,37.096774193548384,0.32928420251686474,-2.7060796059027226,0.13041377692426365
16,2.2,30.0,70.0,2.0,1.0,0.01,0.0007,0.5,7,18,358.0,0.7688686661994886,31.28491620111732,-6.018590356710047,-7.318989432573375,-1.4397526987152327,186.0,1.0245760290173245,37.096774193548384,0.32928420251686474,-2.7060796059027226,0.13041377692426365
20,2.0,25.0,75.0,1.5,1.0,0.01,0.001,1.0,7,18,97.0,0.6618233279041567,34.02061855670103,-2.8637654541915434,-3.6890716446584926,-1.1079878188432981,53.0,1.0245489059031982,43.39622641509434,0.10275492173692329,-2.4204877260637914,0.06586117395936986
16,2.2,25.0,75.0,1.8,1.0,0.01,0.0007,0.5,7,18,312.0,0.8276098119335341,35.8974358974359,-3.7732608729172714,-4.392308308531612,-0.9954233883436507,159.0,1.0241267251995294,39.62264150943396,0.26553598962782415,-2.373675134076092,0.1159820373950792
24,2.2,25.0,75.0,1.5,1.0,0.01,0.0007,0.5,7,18,193.0,0.8116358792031951,41.45077720207254,-2.492520637748967,-3.4250050965381806,-0.8136161575596955,90.0,1.0240803469411923,43.333333333333336,0.15275925377362,-2.1456262970398265,0.09081900691373788
10,2.0,25.0,75.0,1.5,1.0,0.01,0.0005,0.5,8,17,578.0,0.8315688718297372,40.31141868512111,-5.585495212830974,-6.958405555204273,-1.3454563459202928,268.0,1.02404698055825,42.91044776119403,0.37553046675800944,-2.7729355346578055,0.15825547270195992
20,2.0,30.0,70.0,2.0,1.0,0.01,0.0007,0.5,8,17,411.0,0.8052908409695686,31.873479318734795,-5.766242251612639,-7.328393516930953,-1.314423630025991,207.0,1.024043682118737,35.748792270531396,0.3455112047018338,-2.650689188344768,0.14141782703232594
22,1.8,30.0,70.0,1.5,1.0,0.01,0.0005,0.75,8,17,469.0,0.784723992315851,39.23240938166311,-6.038975900617043,-7.200034777211528,-1.511034724216044,219.0,1.0240097460545552,43.83561643835616,0.31281485695941225,-2.6314034202338354,0.14033351632975416
12,2.0,25.0,75.0,1.5,1.0,0.01,0.0005,0.5,8,17,551.0,0.8385248081304496,40.471869328493646,-5.129849648478503,-6.966534757154131,-1.2417291004328972,258.0,1.0238597722022793,43.02325581395349,0.35707828435455663,-2.6715928485196216,0.1534125215555574
24,1.8,25.0,75.0,1.8,1.0,0.01,0.0007,0.5,7,18,310.0,0.756432542061996,32.903225806451616,-5.452189292322656,-6.068869475642913,-1.3307200299104234,160.0,1.0238115371300462,38.125,0.2678395427725991,-3.0914095598534197,0.11934993973688757
10,2.0,25.0,75.0,1.8,1.0,0.01,0.0005,0.5,8,17,578.0,0.8471936953843838,35.98615916955018,-5.427382826822067,-7.188743341594506,-1.223249027351732,267.0,1.023705235511692,38.57677902621723,0.3960816104882906,-2.5493770366515456,0.16033797461497687
24,1.8,25.0,75.0,2.0,1.0,0.01,0.001,0.75,7,18,144.0,0.7323600878571014,28.47222222222222,-3.530348549050577,-3.917157508439706,-1.0130324686370977,88.0,1.0236860045358025,34.090909090909086,0.1737140827090843,-1.992696853748277,0.08639923778236143
18,2.0,30.0,70.0,1.8,1.0,0.01,0.0007,0.5,8,17,428.0,0.8200670493725333,34.57943925233645,-5.307304118459396,-6.734805918436171,-1.2292168487272424,219.0,1.0236595893342268,38.81278538812785,0.34762804352150856,-2.300849377451919,0.14989439958619977
10,1.8,30.0,70.0,1.8,1.0,0.01,0.0005,0.75,8,17,527.0,0.7715096977581082,34.15559772296015,-7.612349856128531,-8.487626423592898,-1.7984061418984778,243.0,1.0236437243501626,39.50617283950617,0.36590842696034087,-2.3241545939458264,0.1536485940728241
12,1.8,30.0,70.0,1.8,1.0,0.01,0.0005,0.75,8,17,526.0,0.7745986076538597,34.22053231939163,-7.485032235428717,-8.36151472923703,-1.7724612219314257,243.0,1.0236437243501626,39.50617283950617,0.36590842696034087,-2.3241545939458264,0.1536485940728241
14,1.8,30.0,70.0,1.8,1.0,0.01,0.0005,0.75,8,17,524.0,0.7785743032928651,34.35114503816794,-7.3225923647410855,-8.275954690902587,-1.7312112357446756,243.0,1.0236437243501626,39.50617283950617,0.36590842696034087,-2.3241545939458264,0.1536485940728241
16,1.8,30.0,70.0,1.8,1.0,0.01,0.0005,0.75,8,17,520.0,0.7870512972136057,34.61538461538461,-6.98092051220534,-7.937747600918632,-1.6545304606353188,243.0,1.0236437243501626,39.50617283950617,0.36590842696034087,-2.3241545939458264,0.1536485940728241
18,1.8,30.0,70.0,1.5,1.0,0.01,0.0007,0.75,7,18,454.0,0.7915590860953218,39.20704845814978,-6.029325166047329,-7.269026174031923,-1.3861805925190716,249.0,1.0236355529942691,44.17670682730924,0.36768775078633553,-3.0261412632402895,0.1450129192157825
10,2.0,30.0,70.0,1.5,1.0,0.01,0.0005,0.5,8,17,600.0,0.8436269015391697,40.833333333333336,-5.337190881545284,-7.026927836083452,-1.263823986926452,272.0,1.0234931174149382,43.01470588235294,0.3724154038998313,-2.943359835124648,0.15615736522554738
12,2.0,30.0,70.0,1.5,1.0,0.01,0.0005,0.5,8,17,598.0,0.8487255764330607,40.96989966555184,-5.138735556178999,-6.83208173971771,-1.2183251019203019,272.0,1.0234931174149382,43.01470588235294,0.3724154038998313,-2.943359835124648,0.15615736522554738
22,2.0,25.0,75.0,1.8,1.0,0.01,0.001,0.5,7,18,155.0,0.7189515972665,30.967741935483872,-3.8620377866776834,-4.587445008067792,-1.196679011589947,99.0,1.0234851168617816,37.37373737373738,0.18483146751252208,-1.6612176235049625,0.09098988105209839
16,2.4,25.0,75.0,2.0,1.0,0.01,0.001,0.75,8,17,69.0,0.5533895435729074,23.18840579710145,-3.0950289312489625,-4.043450189551567,-1.2933077494111607,35.0,1.0232747502790491,37.142857142857146,0.07118612579419277,-1.0966930385574725,0.052816146114839375
18,2.4,25.0,75.0,2.0,1.0,0.01,0.001,0.75,8,17,66.0,0.49708587222263795,21.21212121212121,-3.417804508146928,-4.363055169682362,-1.4568832426854992,35.0,1.0232747502790491,37.142857142857146,0.07118612579419277,-1.0966930385574725,0.052816146114839375
22,2.4,30.0,70.0,2.0,1.0,0.01,0.001,0.75,8,17,70.0,0.544330892625402,22.857142857142858,-3.2082315435028796,-4.155530517205175,-1.3385052477877237,35.0,1.0232747502790491,37.142857142857146,0.07118612579419277,-1.0966930385574725,0.052816146114839375
24,2.4,30.0,70.0,2.0,1.0,0.01,0.001,0.75,8,17,68.0,0.5634903817879484,23.52941176470588,-2.9729545205847536,-3.922565499667985,-1.252785573959009,35.0,1.0232747502790491,37.142857142857146,0.07118612579419277,-1.0966930385574725,0.052816146114839375
18,2.0,25.0,75.0,1.8,1.0,0.01,0.001,0.5,7,18,190.0,0.789130029998161,33.1578947368421,-3.414552392350488,-4.7072054303487265,-0.9637417040160007,126.0,1.0232522391902794,38.88888888888889,0.23015598166355627,-2.115763108700419,0.10252076389375836
16,2.4,25.0,75.0,1.8,1.0,0.01,0.001,0.75,7,18,78.0,0.6139326841743981,26.923076923076923,-2.839237833015541,-3.5708910934743487,-1.1689113289510575,39.0,1.0230823872206505,41.02564102564102,0.07553869173607382,-1.6075345902165528,0.05366711483157121
18,2.4,25.0,75.0,1.8,1.0,0.01,0.001,0.75,7,18,75.0,0.568311100542581,25.333333333333336,-3.1171166154405,-3.8466631554779585,-1.3043897023526918,39.0,1.0230823872206505,41.02564102564102,0.07553869173607382,-1.6075345902165528,0.05366711483157121
22,2.4,30.0,70.0,1.8,1.0,0.01,0.001,0.75,7,18,79.0,0.6044372672151576,26.582278481012654,-2.9527282219133304,-3.6835148474609447,-1.2137786002019433,39.0,1.0230823872206505,41.02564102564102,0.07553869173607382,-1.6075345902165528,0.05366711483157121
24,2.4,30.0,70.0,1.8,1.0,0.01,0.001,0.75,7,18,77.0,0.6245000229390544,27.27272727272727,-2.7168643503187013,-3.449433095497223,-1.109789657346052,39.0,1.0230823872206505,41.02564102564102,0.07553869173607382,-1.6075345902165528,0.05366711483157121
12,1.8,25.0,75.0,1.5,1.0,0.01,0.001,0.75,7,18,211.0,0.707877916002009,35.07109004739337,-5.055351087638883,-5.814689956779928,-1.436164106352206,155.0,1.0229328965969213,43.225806451612904,0.2570541124469128,-2.707354902772019,0.11095935032587559
22,2.0,25.0,75.0,1.5,1.0,0.01,0.0005,1.0,7,18,180.0,0.8494656813400867,43.333333333333336,-1.7196822388432884,-3.76197554468507,-0.6057342790469308,73.0,1.0227770863869654,43.83561643835616,0.11003963702210966,-2.4715137411954524,0.07035480000307472
18,1.8,30.0,70.0,1.8,1.0,0.01,0.0007,0.75,7,18,453.0,0.7681709107758297,33.33333333333333,-7.2097285337884385,-7.821729441962367,-1.6080754912771669,248.0,1.0226214680769954,39.516129032258064,0.37526637161518006,-2.614757362979303,0.14269000591463268
22,1.8,25.0,75.0,1.8,1.0,0.01,0.001,0.5,7,18,178.0,0.7151129342001068,31.46067415730337,-4.495041719352084,-5.327649566640192,-1.2095426456065437,128.0,1.0220641853232926,38.28125,0.2244778266344838,-2.529968656195969,0.09604471693896391
24,1.8,25.0,75.0,1.8,1.0,0.01,0.0007,0.75,7,18,256.0,0.7683872890768865,33.203125,-4.350723322233444,-4.785073296632969,-1.1615333171996483,124.0,1.0218124426985515,37.903225806451616,0.1911203718444449,-2.5926731242823076,0.09470373663447806
20,2.4,30.0,70.0,1.8,1.0,0.01,0.001,0.5,7,18,121.0,0.6141381824192594,28.09917355371901,-4.313488439072626,-5.235311395999398,-1.4779245054131234,78.0,1.021346358513639,38.46153846153847,0.1345447003690606,-2.5906189959506776,0.07113494287874911
16,2.2,25.0,75.0,2.0,1.0,0.01,0.0007,0.5,7,18,312.0,0.7822619211116048,32.05128205128205,-4.9968682626640835,-5.951121540648963,-1.2794217814228632,159.0,1.0211014602964372,36.477987421383645,0.23770185409099212,-2.4386503408755478,0.09938316171380646
14,1.8,25.0,75.0,2.0,1.0,0.01,0.0005,0.75,7,18,586.0,0.7763973459056867,32.081911262798634,-8.225553960024953,-8.425373598810893,-1.777167384987715,291.0,1.0208039387175207,36.42611683848797,0.3811122969255302,-2.915360692301694,0.13461468364992643
14,1.8,30.0,70.0,1.5,1.0,0.01,0.001,0.5,8,17,284.0,0.7391154948347907,36.61971830985916,-5.996645782744399,-7.091570885706478,-1.5072409122303358,218.0,1.0203759962253454,43.11926605504588,0.3134915125356383,-2.3990295704875986,0.11866118981154536
22,1.8,25.0,75.0,1.8,1.0,0.01,0.0005,0.5,8,17,398.0,0.7623681816964971,34.17085427135678,-6.174236199364095,-6.4745821050081425,-1.5030863712073137,188.0,1.0201783900990664,38.297872340425535,0.25153307076225245,-2.60725244237755,0.10374735469133617
22,1.8,25.0,75.0,1.5,1.0,0.01,0.001,1.0,7,18,123.0,0.549191642713322,30.081300813008134,-5.035394841875805,-5.451247950696192,-1.7659655729440513,76.0,1.020046825719098,42.10526315789473,0.11360942138850079,-2.0671648300238266,0.07187314268049927
12,2.0,25.0,75.0,1.5,1.0,0.01,0.001,0.5,7,18,222.0,0.7957902737596565,37.38738738738739,-3.597233757383092,-4.614946642582273,-1.008045069346435,165.0,1.019905802039048,43.63636363636363,0.23405352679603308,-2.754465231892289,0.1009272226155575
20,1.8,25.0,75.0,2.0,1.0,0.01,0.001,0.5,8,17,182.0,0.7154545944491354,29.120879120879124,-4.727195171081894,-5.8301301375118575,-1.2335492500530385,133.0,1.0196650007416763,35.338345864661655,0.20922864602087432,-2.0996773539426195,0.08432783822370525
10,2.0,25.0,75.0,1.5,1.0,0.01,0.001,0.5,7,18,227.0,0.7813131720867088,37.00440528634361,-3.9698176457650334,-4.918194257916708,-1.105366890656883,170.0,1.0195671384116995,43.529411764705884,0.23765032856044851,-2.6141022867982144,0.10327795229999198
10,2.0,25.0,75.0,1.8,1.0,0.01,0.001,0.5,7,18,227.0,0.8417200066977326,33.92070484581498,-3.0237324885151065,-4.918881496560424,-0.7894782564072456,170.0,1.0194843611117599,38.82352941176471,0.25232939071909644,-1.6999223193957969,0.10623963912046148
10,1.8,25.0,75.0,2.0,1.0,0.01,0.0005,0.75,8,17,521.0,0.7687270192092007,31.477927063339735,-7.9024261932904665,-8.527426067972044,-1.80650552064032,242.0,1.0194376061961519,36.77685950413223,0.304436282845636,-2.6815860297913052,0.1198274735262577
24,2.0,25.0,75.0,1.5,1.0,0.01,0.0007,0.5,7,18,249.0,0.8397738989547223,40.562248995983936,-2.678606036366964,-3.4998535046069645,-0.7822306422266819,121.0,1.0193419668844612,42.97520661157025,0.15340010291838554,-2.745604713463712,0.08581086340947341
10,2.4,25.0,75.0,1.5,1.0,0.01,0.001,0.5,7,18,123.0,0.5924007203571718,31.70731707317073,-4.417379317077303,-4.916118335906139,-1.6087136258766577,79.0,1.0192682551891106,43.037974683544306,0.11449482139023531,-2.8189916360350176,0.06526090483662011
10,2.4,30.0,70.0,1.5,1.0,0.01,0.001,0.5,7,18,123.0,0.5924007203571718,31.70731707317073,-4.417379317077303,-4.916118335906139,-1.6087136258766577,79.0,1.0192682551891106,43.037974683544306,0.11449482139023531,-2.8189916360350176,0.06526090483662011
12,2.4,25.0,75.0,1.5,1.0,0.01,0.001,0.5,7,18,121.0,0.5795341816268762,31.40495867768595,-4.511826491377487,-5.0100710479771715,-1.6544118784626822,79.0,1.0192682551891106,43.037974683544306,0.11449482139023531,-2.8189916360350176,0.06526090483662011
12,2.4,30.0,70.0,1.5,1.0,0.01,0.001,0.5,7,18,123.0,0.5924007203571718,31.70731707317073,-4.417379317077303,-4.916118335906139,-1.6087136258766577,79.0,1.0192682551891106,43.037974683544306,0.11449482139023531,-2.8189916360350176,0.06526090483662011
14,2.4,30.0,70.0,1.5,1.0,0.01,0.001,0.5,7,18,123.0,0.5924007203571718,31.70731707317073,-4.417379317077303,-4.916118335906139,-1.6087136258766577,79.0,1.0192682551891106,43.037974683544306,0.11449482139023531,-2.8189916360350176,0.06526090483662011
16,2.4,30.0,70.0,1.5,1.0,0.01,0.001,0.5,7,18,123.0,0.5924007203571718,31.70731707317073,-4.417379317077303,-4.916118335906139,-1.6087136258766577,79.0,1.0192682551891106,43.037974683544306,0.11449482139023531,-2.8189916360350176,0.06526090483662011
18,2.4,30.0,70.0,1.5,1.0,0.01,0.001,0.5,7,18,122.0,0.5741649187146532,31.147540983606557,-4.609575086750337,-5.107297667081823,-1.691884389606488,79.0,1.0192682551891106,43.037974683544306,0.11449482139023531,-2.8189916360350176,0.06526090483662011
18,2.0,25.0,75.0,2.0,1.0,0.01,0.001,0.5,7,18,190.0,0.7741723457483382,30.0,-3.80362345418087,-5.183650475304036,-1.0343296496541725,126.0,1.0190653434540997,35.714285714285715,0.19098452075744718,-1.8090143902493638,0.08197217437962022
24,2.0,25.0,75.0,1.5,1.0,0.01,0.001,0.75,7,18,111.0,0.5467413918810535,29.72972972972973,-4.62870878533482,-5.1406906598837505,-1.6506422098627178,69.0,1.0189216694678502,42.028985507246375,0.09856854147261401,-2.103439404408114,0.0606168165180368
20,2.4,25.0,75.0,2.0,1.0,0.01,0.0005,0.5,8,17,170.0,0.6349267261719397,28.823529411764703,-4.8323733390695445,-5.827332378919515,-1.5929073229634643,78.0,1.018844431364496,35.8974358974359,0.10801367009411478,-2.088953803068394,0.060185968465390954
22,1.8,25.0,75.0,1.5,1.0,0.01,0.0005,0.5,7,18,474.0,0.7643469591822097,39.24050632911392,-6.532477072548917,-7.0380761617311105,-1.5644160245325658,225.0,1.0188314086796135,44.0,0.2502387133169941,-3.8191004048533816,0.10205876990026151
20,1.8,25.0,75.0,2.0,1.0,0.01,0.001,0.5,7,18,195.0,0.7310581368066483,29.230769230769234,-4.725359157971433,-6.005803521374076,-1.1773225838136283,148.0,1.0187844475855632,35.810810810810814,0.21936612151386725,-2.380357533115496,0.08558833239417875
14,2.2,25.0,75.0,1.5,1.0,0.01,0.001,0.5,7,18,158.0,0.6759630999512036,34.810126582278485,-4.342037922707623,-5.185929058168826,-1.4032329082444506,116.0,1.0187754436462202,43.103448275862064,0.1593498541371082,-2.1844159867470347,0.07936855032045327
14,1.8,25.0,75.0,1.5,1.0,0.01,0.0005,0.75,7,18,587.0,0.7929628688981292,39.86371379897785,-6.85074095727181,-7.591255921529195,-1.5807218689670024,292.0,1.0186332323737353,43.49315068493151,0.305352378305106,-3.198360512170406,0.11848005818123508
20,1.8,30.0,70.0,1.5,1.0,0.01,0.001,0.75,7,18,207.0,0.6931340695528323,34.78260869565217,-5.260035316937082,-6.017740995258847,-1.4602170013560432,153.0,1.018346861617107,43.13725490196079,0.19866965770954265,-2.764011841977232,0.08564355815534215
22,2.0,25.0,75.0,1.8,1.0,0.01,0.0007,1.0,7,18,151.0,0.7439899244130045,33.11258278145696,-2.971626883948138,-4.135961849236569,-1.0070177675746301,61.0,1.0180023441159707,39.34426229508197,0.08283553944162121,-2.4455220311716763,0.049594232579389344
24,2.4,25.0,75.0,2.0,1.0,0.01,0.001,0.5,7,18,84.0,0.5759044864465795,23.809523809523807,-3.5475026568650905,-4.2701666546303585,-1.3196592046504743,51.0,1.0179756048814677,35.294117647058826,0.07705157752481682,-2.182528787043425,0.04526697224050286
22,2.0,25.0,75.0,2.0,1.0,0.01,0.001,0.75,7,18,122.0,0.540808453229133,22.950819672131146,-5.56879174251344,-5.998921094838783,-1.8168472045437711,76.0,1.0179657348350668,34.21052631578947,0.10987763892975637,-1.4472157204873048,0.05856216809242514
18,2.2,30.0,70.0,1.5,1.0,0.01,0.0005,0.5,7,18,454.0,0.8542398812503026,41.85022026431718,-3.815025459098524,-5.06717619747209,-0.9623781370001704,224.0,1.0179223703461617,44.19642857142857,0.23176975205058625,-2.818112017350971,0.10284094653808312
24,1.8,25.0,75.0,2.0,1.0,0.01,0.0007,0.75,7,18,256.0,0.8183677126707609,32.03125,-3.4897040469355307,-4.223667161726974,-0.8898534146057676,124.0,1.0175347972488147,34.67741935483871,0.15496263257931786,-2.6627631457811107,0.07262931253213223
20,2.4,25.0,75.0,1.5,1.0,0.01,0.0005,0.5,7,18,213.0,0.8025941448800809,41.78403755868544,-2.6448616974426113,-3.6397424130503953,-0.8776219205352616,103.0,1.0174465553375818,45.63106796116505,0.11012680554762483,-2.527973612004597,0.0650196561766569
20,1.8,25.0,75.0,1.8,1.0,0.01,0.0007,0.5,8,17,355.0,0.7745827162243496,33.80281690140845,-5.684509822120035,-6.890826544684603,-1.363551216808554,197.0,1.0171898430500277,38.578680203045685,0.22682450463675197,-2.9090640096082865,0.09063694647789083
20,2.2,25.0,75.0,2.0,1.0,0.01,0.0007,1.0,7,18,107.0,0.6364522050452117,28.037383177570092,-3.219065619837147,-3.698372912142711,-1.267346389610543,43.0,1.017156287004618,39.53488372093023,0.05778909851935168,-1.738751952464912,0.04115666315802882
24,2.4,25.0,75.0,1.8,1.0,0.01,0.001,0.75,7,18,62.0,0.5060086793720804,22.58064516129032,-3.0767138282651647,-3.638591380037459,-1.357706157795477,34.0,1.0171292938031589,41.17647058823529,0.048597916046346654,-1.4729751079380904,0.03560315171967768
14,2.0,30.0,70.0,1.5,1.0,0.01,0.001,0.5,7,18,229.0,0.784447196025025,37.117903930131,-3.9404456862192636,-5.00140773875446,-1.097529955569499,172.0,1.0170270679363531,43.604651162790695,0.20652343894616934,-2.644330362309666,0.08941404782467381
22,1.8,25.0,75.0,1.5,1.0,0.01,0.001,0.5,7,18,178.0,0.6609115359846466,34.26966292134831,-5.133770241284292,-5.602317754012898,-1.452714222112625,128.0,1.0167514121193948,42.96875,0.15530577136461943,-3.356814007982034,0.06846242483095562
12,1.8,30.0,70.0,1.5,1.0,0.01,0.001,0.5,8,17,291.0,0.7437291912723281,36.769759450171826,-6.0041172998074765,-7.09894278162283,-1.5027444405182209,221.0,1.0166922457879546,42.98642533936652,0.2550112525339318,-2.793573707122632,0.09569915574528302
22,2.2,25.0,75.0,1.8,1.0,0.01,0.001,0.75,8,17,81.0,0.5717443238082502,27.160493827160494,-3.3788662537019447,-4.273952607811571,-1.319090713188222,48.0,1.0166589966067616,37.5,0.06486095635949823,-1.8442309176440963,0.03980184432968205
16,2.2,25.0,75.0,1.8,1.0,0.01,0.001,0.75,7,18,108.0,0.6078611508250165,27.77777777777778,-3.9610278713822478,-4.643899279458196,-1.3676433027973247,63.0,1.0166147249918753,38.095238095238095,0.0834516372579128,-2.401954406385487,0.046517242381878654
22,2.2,30.0,70.0,1.8,1.0,0.01,0.001,0.75,7,18,110.0,0.5952083412475215,27.27272727272727,-4.170619861565992,-4.851991119375887,-1.4383129725616943,63.0,1.0166147249918753,38.095238095238095,0.0834516372579128,-2.401954406385487,0.046517242381878654
24,2.2,30.0,70.0,1.8,1.0,0.01,0.001,0.75,7,18,107.0,0.6153980418376985,28.037383177570092,-3.8400915497502868,-4.523808632768722,-1.318246467699395,63.0,1.0166147249918753,38.095238095238095,0.0834516372579128,-2.401954406385487,0.046517242381878654
22,2.0,30.0,70.0,1.5,1.0,0.01,0.0007,0.5,8,17,387.0,0.8308574513114172,39.79328165374677,-4.249744835840629,-5.943326827421835,-1.077974759803615,197.0,1.016376522700528,43.14720812182741,0.1961427159106279,-2.810739322328948,0.09078380063466264
16,2.0,25.0,75.0,1.5,1.0,0.01,0.0005,0.5,8,17,457.0,0.8241726610443303,40.26258205689278,-4.761720332297773,-5.965708454859186,-1.2233275789776596,211.0,1.016373517423681,43.127962085308056,0.1982232582946017,-2.621942071094119,0.0878460724648294
20,1.8,25.0,75.0,1.5,1.0,0.01,0.0007,0.5,7,18,399.0,0.7728727088484872,38.59649122807017,-5.9077581918383295,-7.022178549580438,-1.3983437025799852,226.0,1.0163208051085237,43.80530973451327,0.22636022119204424,-4.277657951194591,0.08891877229568146
14,1.8,25.0,75.0,2.0,1.0,0.01,0.001,0.5,8,17,245.0,0.7564574083058979,30.20408163265306,-5.304740928799838,-6.849164127054763,-1.2397545645087642,179.0,1.0163129824063064,35.754189944134076,0.2221450848121458,-1.7585260302664718,0.08366115225501614
24,1.8,25.0,75.0,1.8,1.0,0.01,0.0005,0.5,7,18,420.0,0.7633089602433233,33.80952380952381,-6.295811956532198,-6.972414394349602,-1.4735989644029368,185.0,1.0162751328264588,38.37837837837838,0.19082762359310435,-3.1728437320924563,0.08364730003700543
20,1.8,25.0,75.0,1.8,1.0,0.01,0.0005,0.5,8,17,465.0,0.7841006919022813,34.623655913978496,-6.342772100633155,-7.2779037362328936,-1.4775159635985273,224.0,1.0159681095702375,38.839285714285715,0.2242276171023332,-3.0251294227531256,0.08868010779123832
22,2.0,30.0,70.0,1.5,1.0,0.01,0.001,0.5,8,17,196.0,0.783577685794432,37.244897959183675,-3.4233443035931668,-4.37531433397308,-0.9963077508290442,125.0,1.0159461754408652,42.4,0.13976074949663597,-2.2580818250161783,0.07085042217076641
22,1.8,25.0,75.0,1.8,1.0,0.01,0.0007,0.5,8,17,310.0,0.7423836123666553,32.903225806451616,-5.845659059663321,-6.169866065813223,-1.4629300878247569,167.0,1.0159146827220218,37.72455089820359,0.18135135089967663,-2.5529006396087683,0.07646702749180052
24,2.2,25.0,75.0,2.0,1.0,0.01,0.0005,0.75,7,18,161.0,0.7314867005582861,31.67701863354037,-3.1948765634745175,-3.851013991710728,-1.0385290528588813,70.0,1.0158488270821178,35.714285714285715,0.07972663925271263,-2.6733607894432354,0.04558457936974385
14,2.0,30.0,70.0,1.5,1.0,0.01,0.0005,0.5,8,17,590.0,0.8448344394152575,40.847457627118644,-5.218200166729766,-6.826538132851379,-1.2559375878706842,271.0,1.0156847473831854,42.80442804428044,0.24016311646568286,-2.943268918691677,0.10099004867940907
22,1.8,30.0,70.0,1.8,1.0,0.01,0.0005,0.75,8,17,469.0,0.7850444405105476,34.54157782515991,-6.456445815105963,-7.29766894931635,-1.5498786296054685,218.0,1.015629408787025,38.99082568807339,0.20938579415676942,-2.42616076626031,0.09176454413435352
20,2.0,30.0,70.0,2.0,1.0,0.01,0.0005,0.5,8,17,521.0,0.8319816609440588,33.20537428023032,-5.6912154532180645,-7.211666914430959,-1.2544279917121117,243.0,1.015513332680779,35.80246913580247,0.23393941661841383,-2.957662783461723,0.0928436507228212
22,1.8,30.0,70.0,1.8,1.0,0.01,0.0007,0.75,8,17,374.0,0.7598629255998031,33.155080213903744,-6.362971821148294,-6.999078835751726,-1.5645688270376839,189.0,1.0154761163640535,38.62433862433862,0.19088289362460273,-2.2230376561809706,0.08509006702585975
18,1.8,30.0,70.0,1.8,1.0,0.01,0.001,0.75,8,17,197.0,0.6973676396401767,30.456852791878177,-5.268054123659403,-6.100139656702341,-1.4732428023371493,134.0,1.0154697458473942,38.059701492537314,0.15469374585001788,-1.6348565397500736,0.07309391976401153
20,1.8,25.0,75.0,1.8,1.0,0.01,0.0007,0.5,7,18,397.0,0.7823431380633382,33.75314861460957,-6.022218246797165,-7.437508512259717,-1.3504848962684475,226.0,1.0154041923382395,38.93805309734513,0.2264368100548927,-3.679566020091529,0.08536567743956396
24,1.8,25.0,75.0,2.0,1.0,0.01,0.001,0.5,7,18,165.0,0.7514387001490356,29.6969696969697,-3.7136084585188476,-4.538123060431443,-0.9802327397046097,110.0,1.015343746803412,35.45454545454545,0.13261011979664544,-2.0090228752143613,0.059768845456205685
14,1.8,25.0,75.0,1.5,1.0,0.01,0.0005,0.5,8,17,710.0,0.7673140372032925,38.732394366197184,-9.351575360594797,-10.592669339402761,-2.0540990579551908,336.0,1.0151287556356114,44.047619047619044,0.28330717937977173,-3.5858202169499087,0.1005150057893858
24,2.0,25.0,75.0,1.5,1.0,0.01,0.001,1.0,7,18,83.0,0.6219176115924349,32.53012048192771,-2.8350929874839856,-3.6355014585712775,-1.192125577068245,47.0,1.015019385394654,42.5531914893617,0.05382351234533417,-2.43855828978925,0.03580638854447166
12,2.0,25.0,75.0,1.8,1.0,0.01,0.0005,0.5,8,17,551.0,0.8477530618376042,35.93466424682396,-5.188875014628393,-7.218289114595311,-1.1911038690466704,257.0,1.014952493200367,38.52140077821012,0.22954950431665566,-2.4773508761168572,0.09580393328945627
22,2.2,30.0,70.0,1.8,1.0,0.01,0.0005,0.5,7,18,423.0,0.8682151408032369,37.5886524822695,-3.4785106392050325,-4.9273315287237,-0.8447718072859528,202.0,1.0149519584929458,40.099009900990104,0.1832158814385912,-2.5028593949409372,0.0796087764337809
20,1.8,25.0,75.0,1.5,1.0,0.01,0.0005,0.5,7,18,553.0,0.7768637503315805,39.24050632911392,-7.012905762066348,-7.744528934025063,-1.6016825122621718,269.0,1.0149114016691865,44.237918215613384,0.22584512403875123,-4.475215268139133,0.08757615581977844
24,2.2,25.0,75.0,1.8,1.0,0.01,0.0005,1.0,8,17,90.0,0.6287843532046262,32.22222222222222,-2.5984252322080468,-2.9334862016767493,-1.2114805115099834,32.0,1.0148825735495903,40.625,0.037215514405706925,-1.4449610056698758,0.028742205142520853
20,1.8,25.0,75.0,1.8,1.0,0.01,0.0005,0.5,7,18,551.0,0.7893387130789733,34.66424682395644,-7.051043447926094,-7.881193582357094,-1.523959651780801,269.0,1.014801185051839,39.405204460966544,0.23934499030085135,-3.9782307213075074,0.08938862718264902
20,2.2,30.0,70.0,2.0,1.0,0.01,0.001,0.5,7,18,166.0,0.7015863400307524,28.313253012048197,-4.576537268548691,-5.641222512448296,-1.2893609476046968,119.0,1.0147930866340826,35.294117647058826,0.1360797637451469,-1.8952989436394008,0.059390210373452886
10,1.8,25.0,75.0,2.0,1.0,0.01,0.0007,0.75,8,17,409.0,0.7481229951513382,30.317848410757946,-7.5005047200769335,-8.019015571189259,-1.7776409461623626,207.0,1.014663070940537,36.231884057971016,0.20261473317610582,-2.375673980263282,0.0824704861840708
24,1.8,30.0,70.0,1.5,1.0,0.01,0.0005,0.75,8,17,449.0,0.7929275400112296,39.42093541202672,-5.590223145039454,-7.024220046615548,-1.400025871614596,206.0,1.0146357997474003,43.689320388349515,0.17500600420296905,-2.6375631514994335,0.07981507937602908
24,2.4,25.0,75.0,1.5,1.0,0.01,0.001,0.5,7,18,84.0,0.5451992808517953,29.761904761904763,-3.5550827126224247,-4.090557983155052,-1.4781611227721339,51.0,1.0146314516245036,43.13725490196079,0.05594276416597495,-2.4625641641235263,0.03656377534382001
16,1.8,25.0,75.0,1.8,1.0,0.01,0.0007,0.75,7,18,406.0,0.7748719490736266,33.497536945812804,-6.353565722670737,-6.5971832728575315,-1.483502185370438,216.0,1.0145181594955812,38.88888888888889,0.19972592465033814,-2.669071259067779,0.07794474487334227
16,2.0,25.0,75.0,2.0,1.0,0.01,0.001,0.5,7,18,199.0,0.7791751129356244,30.15075376884422,-3.9040553730637293,-5.109061526246894,-1.0433593540494603,137.0,1.0144820769215777,35.76642335766424,0.15048409472577987,-2.102540904382033,0.06136671361491253
24,1.8,30.0,70.0,1.8,1.0,0.01,0.0005,0.75,8,17,449.0,0.794205522137515,34.74387527839644,-5.951002319095114,-7.0876776940541735,-1.4279753536103192,205.0,1.014125843672457,39.02439024390244,0.1784590175136509,-2.4929923234055185,0.07998897836533295
22,2.4,25.0,75.0,2.0,1.0,0.01,0.001,0.5,8,17,84.0,0.5299743596786443,22.61904761904762,-4.021189583939158,-4.7784121330880165,-1.5726571589248013,52.0,1.013928450053296,34.61538461538461,0.057528309023819016,-1.6643679627315389,0.03399669281858013
22,1.8,25.0,75.0,2.0,1.0,0.01,0.0007,0.75,7,18,288.0,0.7348202885109354,29.86111111111111,-5.803501966238055,-6.180226930542121,-1.4711594732423487,146.0,1.0138481094497749,34.93150684931507,0.13703321244123798,-2.332954016787603,0.05915098602502568
10,2.0,25.0,75.0,2.0,1.0,0.01,0.001,0.5,7,18,227.0,0.8013465836964957,30.396475770925107,-3.9721307663620795,-5.657036898348822,-1.0009500283651147,170.0,1.013824089885942,35.88235294117647,0.17585155783910522,-2.0387107232868296,0.07112439090604286
22,2.0,30.0,70.0,1.8,1.0,0.01,0.001,0.5,8,17,196.0,0.8401451568750591,34.183673469387756,-2.66230525472065,-4.202105911354426,-0.7314644469254356,125.0,1.013634219958043,37.6,0.12389070005256145,-1.9406953935859672,0.059698794420907
16,2.2,25.0,75.0,1.5,1.0,0.01,0.001,0.75,7,18,108.0,0.5626687748687722,30.555555555555557,-4.263834077401425,-4.76939686411082,-1.576440397300422,63.0,1.0135888806922349,42.857142857142854,0.0625667278822948,-2.57356261656444,0.03799900770769274
22,2.2,30.0,70.0,1.5,1.0,0.01,0.001,0.75,7,18,110.0,0.5505712604105032,30.0,-4.472700956691442,-4.977168540687327,-1.651133166159664,63.0,1.0135888806922349,42.857142857142854,0.0625667278822948,-2.57356261656444,0.03799900770769274
24,2.2,30.0,70.0,1.5,1.0,0.01,0.001,0.75,7,18,107.0,0.5698829459086822,30.8411214953271,-4.14329646306358,-4.649485240115769,-1.5240092327245414,63.0,1.0135888806922349,42.857142857142854,0.0625667278822948,-2.57356261656444,0.03799900770769274
16,2.0,25.0,75.0,1.5,1.0,0.01,0.0005,0.75,7,18,362.0,0.8147559067177013,41.43646408839779,-4.041842483006021,-4.702290896023975,-1.08352240530711,177.0,1.0135835555378365,44.06779661016949,0.13537546419873253,-2.932434522966909,0.06532824167849792
22,2.2,30.0,70.0,2.0,1.0,0.01,0.0007,0.5,8,17,282.0,0.7743145907566047,31.914893617021278,-4.786141876192486,-6.130458692652674,-1.254978651736297,132.0,1.0135769560068064,35.60606060606061,0.12263481436650182,-2.3893885970363793,0.05900811620910223
24,2.0,30.0,70.0,2.0,1.0,0.01,0.001,0.75,7,18,152.0,0.6383681161886,26.31578947368421,-5.20543020036419,-5.969461579313629,-1.5349343708763064,98.0,1.013531484363054,34.69387755102041,0.10127901584821301,-1.9597508107435213,0.04954218410721498
18,2.0,30.0,70.0,2.0,1.0,0.01,0.001,0.5,8,17,210.0,0.7741498136350065,30.0,-4.222569073660525,-5.69015867238436,-1.0953704065505587,139.0,1.0134254463007077,35.25179856115108,0.1385488994484331,-1.8943806575430377,0.06270873934501185
20,1.8,30.0,70.0,2.0,1.0,0.01,0.0007,0.75,7,18,443.0,0.7600128537371335,30.474040632054177,-7.5895870697266945,-8.138451620941877,-1.6596775425624868,241.0,1.0132436097316666,36.09958506224066,0.20689920999095193,-2.8236230130131768,0.07390949819556236
12,2.0,25.0,75.0,1.8,1.0,0.01,0.001,0.5,7,18,222.0,0.8552035546687318,34.234234234234236,-2.688674451231109,-4.673248761640569,-0.7098626721576689,165.0,1.013110860421398,38.78787878787879,0.15569224591523378,-1.8656216137873272,0.06539397716302851
10,2.0,25.0,75.0,1.5,1.0,0.01,0.001,1.0,7,18,105.0,0.6700104802879762,34.285714285714285,-2.99810345185886,-3.8222660029094913,-1.1358937873463508,56.0,1.0128965985280212,42.857142857142854,0.05236754843170275,-2.420485733175659,0.03345552994250846
10,2.0,30.0,70.0,1.5,1.0,0.01,0.001,1.0,7,18,105.0,0.6700104802879762,34.285714285714285,-2.99810345185886,-3.8222660029094913,-1.1358937873463508,56.0,1.0128965985280212,42.857142857142854,0.05236754843170275,-2.420485733175659,0.03345552994250846
12,2.0,25.0,75.0,1.5,1.0,0.01,0.001,1.0,7,18,105.0,0.6700104802879762,34.285714285714285,-2.99810345185886,-3.8222660029094913,-1.1358937873463508,56.0,1.0128965985280212,42.857142857142854,0.05236754843170275,-2.420485733175659,0.03345552994250846
12,2.0,30.0,70.0,1.5,1.0,0.01,0.001,1.0,7,18,105.0,0.6700104802879762,34.285714285714285,-2.99810345185886,-3.8222660029094913,-1.1358937873463508,56.0,1.0128965985280212,42.857142857142854,0.05236754843170275,-2.420485733175659,0.03345552994250846
14,2.0,25.0,75.0,1.5,1.0,0.01,0.001,1.0,7,18,105.0,0.6700104802879762,34.285714285714285,-2.99810345185886,-3.8222660029094913,-1.1358937873463508,56.0,1.0128965985280212,42.857142857142854,0.05236754843170275,-2.420485733175659,0.03345552994250846
14,2.0,30.0,70.0,1.5,1.0,0.01,0.001,1.0,7,18,105.0,0.6700104802879762,34.285714285714285,-2.99810345185886,-3.8222660029094913,-1.1358937873463508,56.0,1.0128965985280212,42.857142857142854,0.05236754843170275,-2.420485733175659,0.03345552994250846
16,2.0,30.0,70.0,1.5,1.0,0.01,0.001,1.0,7,18,105.0,0.6700104802879762,34.285714285714285,-2.99810345185886,-3.8222660029094913,-1.1358937873463508,56.0,1.0128965985280212,42.857142857142854,0.05236754843170275,-2.420485733175659,0.03345552994250846
18,2.0,30.0,70.0,1.5,1.0,0.01,0.001,1.0,7,18,105.0,0.6700104802879762,34.285714285714285,-2.99810345185886,-3.8222660029094913,-1.1358937873463508,56.0,1.0128965985280212,42.857142857142854,0.05236754843170275,-2.420485733175659,0.03345552994250846
20,2.0,30.0,70.0,1.5,1.0,0.01,0.001,1.0,7,18,105.0,0.6700104802879762,34.285714285714285,-2.99810345185886,-3.8222660029094913,-1.1358937873463508,56.0,1.0128965985280212,42.857142857142854,0.05236754843170275,-2.420485733175659,0.03345552994250846
10,2.4,25.0,75.0,2.0,1.0,0.01,0.001,0.75,7,18,79.0,0.6001504221825882,24.050632911392405,-3.077889232237303,-3.9409385190212975,-1.1939173756971606,40.0,1.012488431221993,37.5,0.0393094604604994,-1.363390280267518,0.027862529523025946
10,2.4,30.0,70.0,2.0,1.0,0.01,0.001,0.75,7,18,79.0,0.6001504221825882,24.050632911392405,-3.077889232237303,-3.9409385190212975,-1.1939173756971606,40.0,1.012488431221993,37.5,0.0393094604604994,-1.363390280267518,0.027862529523025946
12,2.4,25.0,75.0,2.0,1.0,0.01,0.001,0.75,7,18,79.0,0.6001504221825882,24.050632911392405,-3.077889232237303,-3.9409385190212975,-1.1939173756971606,40.0,1.012488431221993,37.5,0.0393094604604994,-1.363390280267518,0.027862529523025946
12,2.4,30.0,70.0,2.0,1.0,0.01,0.001,0.75,7,18,79.0,0.6001504221825882,24.050632911392405,-3.077889232237303,-3.9409385190212975,-1.1939173756971606,40.0,1.012488431221993,37.5,0.0393094604604994,-1.363390280267518,0.027862529523025946
14,2.4,25.0,75.0,2.0,1.0,0.01,0.001,0.75,7,18,79.0,0.6001504221825882,24.050632911392405,-3.077889232237303,-3.9409385190212975,-1.1939173756971606,40.0,1.012488431221993,37.5,0.0393094604604994,-1.363390280267518,0.027862529523025946
14,2.4,30.0,70.0,2.0,1.0,0.01,0.001,0.75,7,18,79.0,0.6001504221825882,24.050632911392405,-3.077889232237303,-3.9409385190212975,-1.1939173756971606,40.0,1.012488431221993,37.5,0.0393094604604994,-1.363390280267518,0.027862529523025946
16,2.4,30.0,70.0,2.0,1.0,0.01,0.001,0.75,7,18,79.0,0.6001504221825882,24.050632911392405,-3.077889232237303,-3.9409385190212975,-1.1939173756971606,40.0,1.012488431221993,37.5,0.0393094604604994,-1.363390280267518,0.027862529523025946
18,2.4,30.0,70.0,2.0,1.0,0.01,0.001,0.75,7,18,79.0,0.6001504221825882,24.050632911392405,-3.077889232237303,-3.9409385190212975,-1.1939173756971606,40.0,1.012488431221993,37.5,0.0393094604604994,-1.363390280267518,0.027862529523025946
20,2.4,30.0,70.0,2.0,1.0,0.01,0.001,0.75,7,18,79.0,0.6001504221825882,24.050632911392405,-3.077889232237303,-3.9409385190212975,-1.1939173756971606,40.0,1.012488431221993,37.5,0.0393094604604994,-1.363390280267518,0.027862529523025946
14,2.0,25.0,75.0,1.5,1.0,0.01,0.001,0.5,7,18,209.0,0.7392935127788078,35.88516746411483,-4.411404704049255,-5.1316897941027335,-1.2495639545846942,154.0,1.0123890738891939,43.506493506493506,0.12908147339334392,-2.9506509552154836,0.05663418224639963
16,2.2,25.0,75.0,2.0,1.0,0.01,0.001,0.75,7,18,108.0,0.5254394354067766,22.22222222222222,-5.0838281114554045,-5.594399845731934,-1.6998989674889091,63.0,1.0123662635603492,34.92063492063492,0.060308263958195316,-2.2873449682977,0.03271876553359523
22,2.2,30.0,70.0,2.0,1.0,0.01,0.001,0.75,7,18,110.0,0.5151797523062803,21.818181818181817,-5.290984254793366,-5.800428998634399,-1.7676404761902056,63.0,1.0123662635603492,34.92063492063492,0.060308263958195316,-2.2873449682977,0.03271876553359523
24,2.2,30.0,70.0,2.0,1.0,0.01,0.001,0.75,7,18,107.0,0.5315380001771274,22.429906542056074,-4.964313205579929,-5.475514587952823,-1.667856669727098,63.0,1.0123662635603492,34.92063492063492,0.060308263958195316,-2.2873449682977,0.03271876553359523
12,1.8,25.0,75.0,2.0,1.0,0.01,0.0007,0.75,7,18,455.0,0.753744088985084,30.10989010989011,-7.968198168454728,-8.38218368682645,-1.7623143794378833,245.0,1.0123010884512567,36.3265306122449,0.1929770922910393,-2.9314056643247266,0.06901068464123684
24,1.8,30.0,70.0,1.8,1.0,0.01,0.0007,0.75,8,17,359.0,0.775620814170995,33.70473537604457,-5.7261903722321765,-6.714691361473135,-1.4074120496934144,179.0,1.0121523641949066,38.547486033519554,0.13874787708873554,-2.3944088313161416,0.06294065336140443
24,2.0,25.0,75.0,1.5,1.0,0.01,0.001,0.5,7,18,143.0,0.7093050637026994,34.96503496503497,-3.4751635744881244,-4.02185349250953,-1.1375800094963298,86.0,1.012131898707046,41.86046511627907,0.07264976633130572,-2.3826288496779813,0.042589954921141614
14,2.4,25.0,75.0,2.0,1.0,0.01,0.001,0.5,7,18,119.0,0.5558456034539011,23.52941176470588,-5.151364573923165,-6.064699731195889,-1.714403253121925,76.0,1.011931246471062,35.526315789473685,0.06891381742225348,-2.53363205185847,0.035764516266448804
14,1.8,25.0,75.0,1.5,1.0,0.01,0.0007,0.5,8,17,533.0,0.7617269557232326,38.08630393996248,-8.1144193991495,-9.160125992368984,-1.8371721346434566,289.0,1.0118724092597327,43.59861591695502,0.19783889859400003,-3.3372808291031286,0.07241486179253238
16,2.0,30.0,70.0,1.8,1.0,0.01,0.001,0.5,8,17,213.0,0.8308440880921794,33.80281690140845,-3.0594928507928674,-4.910677392353124,-0.8279341612356024,142.0,1.0113120305377898,38.028169014084504,0.1123495409907082,-1.8936604581415883,0.05356441171184171
10,2.0,25.0,75.0,2.0,1.0,0.01,0.0005,0.5,8,17,578.0,0.8289931626108007,33.04498269896194,-6.321886562404943,-7.551282717279961,-1.3679473863325595,266.0,1.0112577551820399,35.714285714285715,0.1770077003049664,-3.071765589333497,0.06800853053974495
18,2.0,30.0,70.0,1.5,1.0,0.01,0.0005,0.5,8,17,546.0,0.8243577700264575,40.10989010989011,-5.567932880452572,-7.383370679226986,-1.3339458352859481,257.0,1.0110405710676262,42.80155642023346,0.15358704564494474,-2.8135231980000563,0.06719338290926591
24,2.0,30.0,70.0,1.5,1.0,0.01,0.0007,0.5,8,17,364.0,0.8237003866073022,39.83516483516483,-4.1975226634230784,-6.022981620814005,-1.0845967024210155,183.0,1.0109765541912625,43.169398907103826,0.11768168245813286,-2.709723249099527,0.055749020143846924
10,1.8,25.0,75.0,1.5,1.0,0.01,0.0007,0.75,7,18,467.0,0.7952285609924388,39.186295503211994,-6.07387854862156,-7.157287382846134,-1.4194162771499113,251.0,1.0109580986675144,43.82470119521912,0.15843371443546855,-3.234271498026664,0.06219343389401369
10,2.0,30.0,70.0,1.8,1.0,0.01,0.0005,0.5,8,17,600.0,0.8635238825047129,36.5,-4.9922498818945495,-7.107373654647042,-1.1150502190443488,271.0,1.0109336123568438,38.37638376383764,0.16977682505194025,-2.6445342016301554,0.06910972301339069
12,2.0,30.0,70.0,1.8,1.0,0.01,0.0005,0.5,8,17,598.0,0.8684105643702202,36.62207357859531,-4.793086945425766,-6.912668067401217,-1.071241199578313,271.0,1.0109336123568438,38.37638376383764,0.16977682505194025,-2.6445342016301554,0.06910972301339069
10,1.8,25.0,75.0,1.8,1.0,0.01,0.0007,0.75,7,18,466.0,0.7708193654862253,33.261802575107296,-7.311613600254405,-7.749878884865424,-1.6498091961012116,250.0,1.0109173930068027,39.2,0.16658476097001768,-2.56651174068232,0.06309558069427125
16,1.8,25.0,75.0,2.0,1.0,0.01,0.001,0.75,7,18,197.0,0.7203418892329498,28.426395939086298,-4.972348094180416,-5.651788181013839,-1.31223943758353,136.0,1.0108639363944303,35.294117647058826,0.10518300823665412,-2.0331201342839167,0.043397834884290915
10,2.0,30.0,70.0,1.8,1.0,0.01,0.001,0.5,7,18,231.0,0.8508290408530752,34.1991341991342,-2.892412789594273,-5.046276693750484,-0.7487424375111305,173.0,1.0108528162283064,38.72832369942196,0.13065347950212527,-1.8720217280730589,0.0552385957972437
12,2.0,30.0,70.0,1.8,1.0,0.01,0.001,0.5,7,18,230.0,0.8568808241908118,34.34782608695652,-2.75870430330051,-4.915553935740824,-0.7166159320888427,173.0,1.0108528162283064,38.72832369942196,0.13065347950212527,-1.8720217280730589,0.0552385957972437
10,1.8,25.0,75.0,1.5,1.0,0.01,0.001,0.5,8,17,279.0,0.7418664221926514,36.55913978494624,-5.8137151681588515,-6.9297666711097055,-1.4672825483406782,215.0,1.0107611751450154,42.7906976744186,0.15019205602427974,-2.2277381645080196,0.057713620045097974
18,2.4,30.0,70.0,2.0,1.0,0.01,0.0005,0.5,7,18,279.0,0.6911968155092599,30.46594982078853,-6.028690672114644,-6.618953612914513,-1.6639851929375127,137.0,1.0107071623437096,36.496350364963504,0.08876598573062437,-3.878282222235263,0.04248620851747471
20,2.4,30.0,70.0,1.5,1.0,0.01,0.0005,0.5,7,18,273.0,0.7834656997889784,41.02564102564102,-3.6481946664743554,-4.2167220711683,-1.1108027226596198,136.0,1.0106294307464603,43.38235294117647,0.08036362565009768,-3.2713949505948747,0.0434526267692894
20,2.4,25.0,75.0,2.0,1.0,0.01,0.0005,0.5,7,18,213.0,0.6660484290709703,29.577464788732392,-5.197696327760077,-5.872637603564145,-1.5867396302680412,103.0,1.0106230357847712,37.86407766990291,0.06805538709262691,-2.680020430358976,0.035881186860197783
10,1.8,30.0,70.0,1.5,1.0,0.01,0.001,0.5,8,17,294.0,0.7542650846078187,37.07482993197279,-5.80259250287263,-6.899817850839806,-1.440134932080121,222.0,1.010522858472583,42.792792792792795,0.15093242168926735,-2.894485989101736,0.05665502530284031
16,2.0,25.0,75.0,1.8,1.0,0.01,0.001,0.5,7,18,199.0,0.8377019047282649,34.17085427135678,-2.727060563486666,-4.043459927597082,-0.7469765995523043,137.0,1.010502763698458,38.68613138686132,0.09971334754050987,-2.527753808518862,0.04229217226408476
22,2.2,25.0,75.0,2.0,1.0,0.01,0.0005,1.0,8,17,95.0,0.6147931523977594,28.421052631578945,-2.958344183660665,-3.261615842604526,-1.323520029204438,35.0,1.0104291250610675,37.142857142857146,0.02652489336653162,-1.2695834854080101,0.02010721101566152
22,2.4,25.0,75.0,1.8,1.0,0.01,0.001,1.0,7,18,39.0,0.2804049405169871,15.384615384615385,-3.0703654415372146,-3.070365441537215,-2.0650362291854276,23.0,1.010345785163221,39.130434782608695,0.018398835131192753,-1.0264228836523337,0.01608930539138978
18,2.0,25.0,75.0,1.5,1.0,0.01,0.0007,0.5,7,18,370.0,0.8169169017929964,39.729729729729726,-4.399580801640004,-5.701886420917801,-1.1031994334841655,201.0,1.0103348443612314,43.78109452736319,0.11874878767761403,-3.476187399129982,0.05037218177594617
16,2.0,30.0,70.0,1.5,1.0,0.01,0.0007,0.5,8,17,446.0,0.8365822586277748,40.134529147982065,-4.6287907276424995,-6.110411372499735,-1.132164904802938,225.0,1.0102946863537563,43.111111111111114,0.13219367469395366,-2.70012949395938,0.05976117721831036
14,1.8,25.0,75.0,1.8,1.0,0.01,0.0005,0.5,8,17,710.0,0.797172129199778,34.78873239436619,-8.676848714537645,-9.577018405453618,-1.7880229246927966,335.0,1.0102666456188658,39.1044776119403,0.1935146423992046,-3.023252304154822,0.06664279961522018
24,2.0,25.0,75.0,1.5,1.0,0.01,0.0005,0.75,7,18,239.0,0.7675443430790561,40.58577405857741,-3.520381834100208,-4.289942783071277,-1.0963699214092864,102.0,1.0099849645524381,43.13725490196079,0.059550604400283196,-2.3326967261543596,0.034990847762810424
10,2.2,25.0,75.0,1.5,1.0,0.01,0.0007,0.5,7,18,360.0,0.8232613028781096,40.55555555555556,-4.100974913445735,-5.211837865983327,-1.0706812812136457,186.0,1.0099496738549305,44.086021505376344,0.10815010751804947,-2.9428174639175353,0.049071098236829806
10,2.2,30.0,70.0,1.5,1.0,0.01,0.0007,0.5,7,18,365.0,0.8160491087571722,40.273972602739725,-4.334173009175138,-5.423229042726141,-1.124879290733322,186.0,1.0099496738549305,44.086021505376344,0.10815010751804947,-2.9428174639175353,0.049071098236829806
12,2.2,30.0,70.0,1.5,1.0,0.01,0.0007,0.5,7,18,364.0,0.8207634907291653,40.38461538461539,-4.202434563906736,-5.29299300536652,-1.0943478598518017,186.0,1.0099496738549305,44.086021505376344,0.10815010751804947,-2.9428174639175353,0.049071098236829806
14,2.2,30.0,70.0,1.5,1.0,0.01,0.0007,0.5,7,18,361.0,0.82986545528775,40.7202216066482,-3.951947827764361,-5.211837865983327,-1.0286103175661996,186.0,1.0099496738549305,44.086021505376344,0.10815010751804947,-2.9428174639175353,0.049071098236829806
16,2.2,30.0,70.0,1.5,1.0,0.01,0.0007,0.5,7,18,358.0,0.8407999077035128,41.06145251396648,-3.6573740098526653,-4.921051217123362,-0.9506556828060717,186.0,1.0099496738549305,44.086021505376344,0.10815010751804947,-2.9428174639175353,0.049071098236829806
20,2.4,25.0,75.0,2.0,1.0,0.01,0.001,0.75,7,18,71.0,0.5600664272413185,22.535211267605636,-3.111014420975971,-3.9737693430001886,-1.261374376756155,37.0,1.0098946372817132,37.83783783783784,0.027557829892157316,-1.3290933478001699,0.01968751588907574
22,1.8,25.0,75.0,1.8,1.0,0.01,0.0005,0.75,7,18,373.0,0.7594223298157268,34.048257372654156,-5.865852286320751,-6.362505474701807,-1.47945173229475,173.0,1.0098611415177632,38.72832369942196,0.09830266564140402,-2.411582839680426,0.0442243884233825
20,1.8,30.0,70.0,2.0,1.0,0.01,0.001,0.75,7,18,207.0,0.7269541629428525,28.502415458937197,-5.088923505904986,-5.829333473124077,-1.314859973047306,153.0,1.009660677869738,35.294117647058826,0.10172868947845928,-1.8571679268357455,0.040698002594736424
20,1.8,25.0,75.0,2.0,1.0,0.01,0.0005,0.5,7,18,550.0,0.7577329821820571,31.272727272727273,-8.444020476714776,-8.714316544880363,-1.7789985538507358,269.0,1.0095347055705781,36.43122676579926,0.14689557119656457,-3.757473524167776,0.05185001868704314
14,2.0,25.0,75.0,1.8,1.0,0.01,0.0007,0.5,7,18,454.0,0.7935209400557036,33.480176211453745,-6.382131299626272,-6.893836438817735,-1.4640980984487342,250.0,1.0095140322960505,38.800000000000004,0.1402650394195007,-2.851768974035729,0.05377600084853979
22,2.0,25.0,75.0,2.0,1.0,0.01,0.0005,1.0,7,18,180.0,0.7601226307580893,31.666666666666664,-3.1523096198649183,-4.630749533181556,-1.0031361995624504,73.0,1.0094182289810154,35.61643835616438,0.04284025044809823,-2.5212266852121745,0.024323874017224516
14,1.8,25.0,75.0,2.0,1.0,0.01,0.0005,0.5,8,17,708.0,0.772787274480369,31.779661016949152,-10.08310698413834,-10.257579557745666,-2.0128715259264096,334.0,1.0094161133711614,36.52694610778443,0.1783863210138952,-3.0349007808379125,0.05822286402674682
22,2.4,25.0,75.0,1.5,1.0,0.01,0.001,0.5,8,17,84.0,0.5525982770999762,30.952380952380953,-3.5022890915125573,-4.312469950083586,-1.5073698291770634,52.0,1.009399674381483,42.30769230769231,0.03322219188965392,-1.9971151532428788,0.021882503474424383
20,2.2,25.0,75.0,2.0,1.0,0.01,0.0005,1.0,7,18,126.0,0.681661948260765,30.952380952380953,-3.018660389472061,-3.4822473007887322,-1.1650914534929566,51.0,1.0093696365349787,39.21568627450981,0.030557240832240495,-1.7387455565437082,0.02109975824592484
20,2.2,30.0,70.0,1.5,1.0,0.01,0.0005,0.5,7,18,438.0,0.8542227715006714,41.78082191780822,-3.705690480310004,-4.726879011264263,-0.938604726321631,218.0,1.0093623108049554,44.03669724770643,0.1082017793637533,-2.8586385474831277,0.04815175511139719
24,1.8,25.0,75.0,1.5,1.0,0.01,0.0005,0.75,7,18,335.0,0.8083738758743664,40.298507462686565,-3.8751577681352316,-4.246795958314465,-1.038702143010614,146.0,1.0093553528700743,43.83561643835616,0.07529951553622595,-2.893797163322964,0.03992651586198927
10,1.8,30.0,70.0,2.0,1.0,0.01,0.0005,0.75,8,17,527.0,0.7685199818911856,31.499051233396585,-7.9895464448019995,-8.652040195783982,-1.8231004642337487,243.0,1.0092106145110256,36.62551440329218,0.12869585915934292,-2.85209097949487,0.05089999062314335
12,1.8,30.0,70.0,2.0,1.0,0.01,0.0005,0.75,8,17,526.0,0.7714843265760535,31.55893536121673,-7.862878831003109,-8.526295087626877,-1.7979454133237882,243.0,1.0092106145110256,36.62551440329218,0.12869585915934292,-2.85209097949487,0.05089999062314335
14,1.8,30.0,70.0,2.0,1.0,0.01,0.0005,0.75,8,17,524.0,0.7752984228431363,31.679389312977097,-7.701166194931047,-8.44087792163788,-1.758161853344854,243.0,1.0092106145110256,36.62551440329218,0.12869585915934292,-2.85209097949487,0.05089999062314335
16,1.8,30.0,70.0,2.0,1.0,0.01,0.0005,0.75,8,17,520.0,0.7834260725755177,31.92307692307692,-7.36074888475885,-8.103180394700049,-1.6839439391327216,243.0,1.0092106145110256,36.62551440329218,0.12869585915934292,-2.85209097949487,0.05089999062314335
10,1.8,30.0,70.0,1.8,1.0,0.01,0.0007,0.75,7,18,471.0,0.7711216688276047,33.33333333333333,-7.369186512890992,-7.85741652693085,-1.6556792113234742,252.0,1.0084511848198425,39.285714285714285,0.1229634646040904,-2.7372403233771325,0.046561060295342384
12,1.8,30.0,70.0,1.8,1.0,0.01,0.0007,0.75,7,18,470.0,0.7743218681186875,33.40425531914894,-7.241512427719826,-7.730502196533462,-1.6303108160992985,252.0,1.0084511848198425,39.285714285714285,0.1229634646040904,-2.7372403233771325,0.046561060295342384
14,1.8,30.0,70.0,1.8,1.0,0.01,0.0007,0.75,7,18,468.0,0.7784421761865017,33.547008547008545,-7.078749245006712,-7.620198848864856,-1.5911742434351555,252.0,1.0084511848198425,39.285714285714285,0.1229634646040904,-2.7372403233771325,0.046561060295342384
16,1.8,30.0,70.0,1.8,1.0,0.01,0.0007,0.75,7,18,465.0,0.7857408598847704,33.763440860215056,-6.793784432048633,-7.336874523825509,-1.5306726918305862,252.0,1.0084511848198425,39.285714285714285,0.1229634646040904,-2.7372403233771325,0.046561060295342384
16,1.8,25.0,75.0,1.8,1.0,0.01,0.001,0.75,7,18,197.0,0.7478121521393976,31.979695431472084,-4.301462991712324,-5.10335334342934,-1.166707648157462,136.0,1.008435715145754,38.23529411764706,0.0746756730524612,-2.3504871728597054,0.03194263283896119
24,2.2,30.0,70.0,2.0,1.0,0.01,0.0007,0.5,7,18,313.0,0.789775770510627,31.948881789137378,-4.844989882185782,-6.1585863368447065,-1.2074640587233147,158.0,1.0079062740792193,36.708860759493675,0.07449127322113781,-2.5813619580899005,0.032182817293947355
14,2.0,25.0,75.0,2.0,1.0,0.01,0.001,0.5,7,18,209.0,0.7631041347772715,29.665071770334926,-4.390690536558741,-5.73486790506389,-1.141447428559086,154.0,1.0074588103521978,35.714285714285715,0.0727829558951089,-1.8554100997703493,0.02949349617211373
20,1.8,25.0,75.0,2.0,1.0,0.01,0.0007,0.5,7,18,397.0,0.7468631206869306,30.22670025188917,-7.309541018907567,-8.730788226245023,-1.589684015477338,226.0,1.0073771773946716,35.84070796460177,0.09461324252511985,-3.569263239002385,0.033822769813775834
22,2.2,25.0,75.0,1.5,1.0,0.01,0.0007,0.75,7,18,149.0,0.7645413739650053,40.26845637583892,-2.488037989828299,-3.42985148827607,-0.8851894315579084,68.0,1.0072450932390888,44.11764705882353,0.028774298535790877,-2.6244889767640722,0.018262466991581964
12,1.8,25.0,75.0,2.0,1.0,0.01,0.001,0.75,8,17,196.0,0.7106145469988662,28.061224489795915,-5.1574356339994845,-5.719555819679901,-1.4390836184074312,132.0,1.0071863355353303,34.84848484848485,0.059099605542451174,-1.7549282974259728,0.026775614215979463
10,1.8,30.0,70.0,1.5,1.0,0.01,0.0007,0.75,7,18,472.0,0.7938710722467204,39.19491525423729,-6.173478175387227,-7.177012626330493,-1.4372416430391435,253.0,1.0069065815595208,43.873517786561266,0.0912365872837654,-3.2992062248489495,0.0358345482765203
12,1.8,30.0,70.0,1.5,1.0,0.01,0.0007,0.75,7,18,471.0,0.7974367844545035,39.27813163481954,-6.044359507336976,-7.049203294127182,-1.4104987635948278,253.0,1.0069065815595208,43.873517786561266,0.0912365872837654,-3.2992062248489495,0.0358345482765203
14,1.8,30.0,70.0,1.5,1.0,0.01,0.0007,0.75,7,18,469.0,0.8020312693133455,39.44562899786781,-5.879363606056577,-7.049203294127182,-1.3698644050803712,253.0,1.0069065815595208,43.873517786561266,0.0912365872837654,-3.2992062248489495,0.0358345482765203
16,1.8,30.0,70.0,1.5,1.0,0.01,0.0007,0.75,7,18,466.0,0.8101797944333127,39.69957081545064,-5.59071525456091,-6.764105459641745,-1.3004652631868117,253.0,1.0069065815595208,43.873517786561266,0.0912365872837654,-3.2992062248489495,0.0358345482765203
22,1.8,25.0,75.0,1.5,1.0,0.01,0.0007,0.5,7,18,347.0,0.7470949223533758,38.04034582132565,-5.892985038595871,-6.469677491636105,-1.4725057027479118,191.0,1.0068479318830097,42.93193717277487,0.06981415112008107,-3.836307190262922,0.029009595820742834
12,2.0,25.0,75.0,2.0,1.0,0.01,0.0007,0.5,8,17,432.0,0.8048473811201776,31.712962962962965,-6.017676568508486,-7.634864288660237,-1.3760822986062693,217.0,1.0065901790897138,35.483870967741936,0.07705269887794203,-2.7150786611055744,0.03142068721232375
24,2.2,30.0,70.0,1.5,1.0,0.01,0.0007,0.5,7,18,313.0,0.850996406897033,41.533546325878596,-3.030986672329127,-4.0261779399072495,-0.8176574372909974,158.0,1.0064406540482407,44.303797468354425,0.053739353556720736,-2.798952545350286,0.026397379766831375
22,1.8,30.0,70.0,1.5,1.0,0.01,0.001,0.75,8,17,188.0,0.6860359859222164,34.57446808510639,-4.943893100819951,-5.62203657611059,-1.4536767287657968,123.0,1.006095988008287,42.27642276422765,0.04241543652886321,-2.2116912571218728,0.021358732466988484
22,2.4,30.0,70.0,2.0,1.0,0.01,0.001,0.5,8,17,108.0,0.5071874184834256,22.22222222222222,-5.341488183754118,-6.29061018545074,-1.8791690165522854,66.0,1.0060039751463532,34.84848484848485,0.022974890026252977,-2.2355189214713356,0.012901372896563767
24,2.4,30.0,70.0,2.0,1.0,0.01,0.001,0.5,8,17,105.0,0.5234000775472863,22.857142857142858,-5.014961912087529,-5.967359708195453,-1.7757995638938022,66.0,1.0060039751463532,34.84848484848485,0.022974890026252977,-2.2355189214713356,0.012901372896563767
12,1.8,25.0,75.0,1.5,1.0,0.01,0.0007,0.5,8,17,599.0,0.8025045801966529,39.39899833055092,-7.390495723215172,-8.97120230052636,-1.6168338904686421,325.0,1.0059088088044024,43.38461538461538,0.09454939266526707,-2.9276970387839385,0.03333954134479516
16,1.8,25.0,75.0,1.8,1.0,0.01,0.001,0.5,8,17,228.0,0.854397693501785,35.526315789473685,-2.809001369951984,-4.495707086722744,-0.7067197356298104,159.0,1.0058910617627468,38.36477987421384,0.05284654850751394,-2.147513925227018,0.02135119255508475
20,2.4,25.0,75.0,2.0,1.0,0.01,0.0007,0.5,7,18,176.0,0.6300850880589658,27.27272727272727,-5.251729761262904,-5.737774280846919,-1.6441166221882355,86.0,1.0056474049209163,37.2093023255814,0.025602392957043772,-2.6799942211708894,0.013563525806507389
10,1.8,25.0,75.0,1.8,1.0,0.01,0.001,0.75,8,17,201.0,0.7136886251903732,30.845771144278604,-5.0741457750275005,-5.907941652961767,-1.441746604036117,135.0,1.0053498682840214,37.77777777777778,0.038809385668646425,-1.5529284913462282,0.01832097946798596
12,2.2,25.0,75.0,1.5,1.0,0.01,0.0005,0.5,7,18,456.0,0.8454539360888426,41.44736842105263,-4.054669912299196,-5.242970191555251,-1.0244632051563145,226.0,1.0052465334192755,43.80530973451327,0.05325049855417092,-2.8476108866190675,0.02375611481617961
24,2.0,30.0,70.0,1.5,1.0,0.01,0.001,0.5,8,17,187.0,0.7627914060500629,36.898395721925134,-3.610520363495052,-4.479386247784511,-1.0725081950062942,121.0,1.0046173637404192,42.14876033057851,0.027409605064585778,-2.399620887333964,0.014248380828749919
12,2.2,25.0,75.0,1.8,1.0,0.01,0.001,0.5,7,18,168.0,0.7221326244141677,31.547619047619047,-4.122916203393907,-5.411171472576537,-1.2049047543548306,121.0,1.0045651686070294,38.01652892561984,0.026834052495287322,-1.943521954988492,0.012193228001512962
16,1.8,25.0,75.0,2.0,1.0,0.01,0.001,0.5,7,18,242.0,0.8031436206394374,31.40495867768595,-4.196023864612271,-5.983422133222027,-0.9632170984652597,181.0,1.0044316981784975,35.91160220994475,0.03705223480390487,-2.1947942254646913,0.013270703990506129
22,2.4,30.0,70.0,1.5,1.0,0.01,0.0005,0.5,7,18,268.0,0.7804145399624147,41.04477611940299,-3.6427538704377183,-4.281430936146591,-1.1182634830093483,128.0,1.0043526015081132,43.75,0.023091935308184475,-3.107523262506451,0.013005654144221107
22,2.4,25.0,75.0,2.0,1.0,0.01,0.0005,0.5,8,17,151.0,0.688173666746484,30.4635761589404,-3.661510935797469,-4.500798660814997,-1.2504995763092035,64.0,1.0041783756383618,34.375,0.010655754583203815,-1.8160399945692296,0.0061664060309845545
24,2.2,25.0,75.0,1.5,1.0,0.01,0.001,0.5,7,18,110.0,0.5933431575109601,31.818181818181817,-4.016541758822041,-4.632495937601833,-1.4664320909761137,72.0,1.0040804701249006,41.66666666666667,0.013273862087080488,-2.0251460163030366,0.008156718297578141
10,1.8,30.0,70.0,2.0,1.0,0.01,0.0007,0.75,8,17,414.0,0.7496209089184037,30.434782608695656,-7.530609288171254,-8.001487548893394,-1.779058610008768,208.0,1.0036174081723457,36.05769230769231,0.02705993298177418,-2.546707404730708,0.011069876678748558
12,1.8,30.0,70.0,2.0,1.0,0.01,0.0007,0.75,8,17,413.0,0.7529487104131267,30.508474576271187,-7.403367076799531,-7.874881146517609,-1.7531074493592824,208.0,1.0036174081723457,36.05769230769231,0.02705993298177418,-2.546707404730708,0.011069876678748558
14,1.8,30.0,70.0,2.0,1.0,0.01,0.0007,0.75,8,17,411.0,0.7572361327148014,30.656934306569344,-7.2408188152954605,-7.874881146517609,-1.711866627905022,208.0,1.0036174081723457,36.05769230769231,0.02705993298177418,-2.546707404730708,0.011069876678748558
16,1.8,30.0,70.0,2.0,1.0,0.01,0.0007,0.75,8,17,408.0,0.7648386556613069,30.88235294117647,-6.956267342644878,-7.592331204693881,-1.64918965210349,208.0,1.0036174081723457,36.05769230769231,0.02705993298177418,-2.546707404730708,0.011069876678748558
10,2.0,25.0,75.0,1.8,1.0,0.01,0.0007,0.5,7,18,510.0,0.834531241508435,34.705882352941174,-5.639160501443948,-6.635193397264727,-1.2198039920715111,276.0,1.0035305002370425,38.768115942028984,0.0357497888515536,-2.825206958649895,0.013467218448837567
12,1.8,25.0,75.0,1.8,1.0,0.01,0.001,0.75,7,18,211.0,0.7525340199020378,31.753554502369667,-4.495507190406807,-5.474438211320997,-1.2268341046049414,155.0,1.0035073007270037,38.064516129032256,0.02023409235340296,-1.971689780017194,0.008467775663529192
16,1.8,25.0,75.0,2.0,1.0,0.01,0.0005,0.75,7,18,538.0,0.7867124925886524,32.342007434944236,-7.336842432342092,-7.523493763525946,-1.6290415772336047,262.0,1.0034912046446014,36.25954198473282,0.03089701936505662,-3.0562536261798834,0.011290459166171664
18,1.8,25.0,75.0,1.8,1.0,0.01,0.001,0.5,8,17,203.0,0.7574043917416546,33.004926108374384,-4.260968910584087,-5.7701759740264595,-1.1312847966615522,144.0,1.0033918871785088,38.19444444444444,0.017071228694621823,-2.499573293320645,0.0072235251744204336
18,1.8,30.0,70.0,2.0,1.0,0.01,0.0007,0.75,7,18,453.0,0.749309237160191,30.242825607064017,-8.09997502713104,-8.697138293013984,-1.7605311236432253,248.0,1.0033041232994397,36.29032258064516,0.0268490157674205,-3.101524412079837,0.009649746513741873
12,2.0,25.0,75.0,2.0,1.0,0.01,0.001,0.5,7,18,222.0,0.8114714420602623,30.630630630630627,-3.6678000761823384,-5.610618339851681,-0.9334813386509466,165.0,1.0032943579472737,35.75757575757576,0.017011801894714153,-2.03544144363097,0.006869490169873748
14,2.0,30.0,70.0,2.0,1.0,0.01,0.0007,0.5,8,17,457.0,0.8158596372529021,32.16630196936542,-5.960306935216777,-7.499406865822311,-1.3380679613459008,229.0,1.0032118514623598,35.37117903930131,0.022889584163604013,-2.8699533581118764,0.009143429733030289
14,1.8,25.0,75.0,1.8,1.0,0.01,0.0007,0.5,8,17,533.0,0.784717455449171,33.771106941838646,-7.8008374416467445,-8.499645930389754,-1.6628925848079548,288.0,1.0031990507569886,38.54166666666667,0.0305704315580806,-2.8197928138442463,0.010759374227367235
18,2.2,30.0,70.0,1.8,1.0,0.01,0.001,0.5,7,18,170.0,0.7256549968726789,31.76470588235294,-4.121519316696886,-5.409761491571485,-1.1997394211290182,121.0,1.0030069278101317,38.01652892561984,0.010245717243560649,-1.9597935048784376,0.004659336696912925
22,2.0,30.0,70.0,1.5,1.0,0.01,0.0005,0.75,7,18,384.0,0.8059621237764486,41.14583333333333,-4.453298120720064,-5.092434257367429,-1.1728995763059649,182.0,1.0029151170986823,43.40659340659341,0.01591823231488888,-3.0590852206927255,0.007699058532185883
16,1.8,25.0,75.0,2.0,1.0,0.01,0.0007,0.75,7,18,406.0,0.7511340335786828,30.295566502463057,-7.308961653778898,-7.509948031207636,-1.6771170899660275,216.0,1.0028997190863653,35.648148148148145,0.01644473517604638,-2.9334586830066067,0.0060738458595018625
24,1.8,25.0,75.0,1.5,1.0,0.01,0.001,0.5,7,18,165.0,0.6756801972455652,34.54545454545455,-4.52080376405007,-5.119034349967655,-1.2973920257127565,110.0,1.0028703972714683,42.72727272727273,0.009374464466072823,-3.0792670353329776,0.004753424099223189
22,1.8,25.0,75.0,1.8,1.0,0.01,0.0007,0.75,7,18,288.0,0.7372921910660296,32.63888888888889,-5.553371852070777,-5.899951886589183,-1.4526817873817708,146.0,1.0028130667273427,37.67123287671233,0.010581666806901922,-2.3788936606965683,0.004834067717928056
14,1.8,25.0,75.0,1.8,1.0,0.01,0.001,0.5,7,18,260.0,0.8212943938128845,34.23076923076923,-3.8958725636844793,-5.54898764713,-0.9071229950834963,203.0,1.0025720873370016,38.91625615763547,0.010701037817070755,-2.5147803206282515,0.0038666945595541157
22,1.8,25.0,75.0,2.0,1.0,0.01,0.001,0.75,7,18,157.0,0.6693266205057132,26.751592356687897,-4.843346435519471,-5.090702074699727,-1.3904074009463128,101.0,1.0025329931745084,33.663366336633665,0.0024562172907644708,-1.7297562411734968,0.0011323042637296334
20,1.8,30.0,70.0,1.8,1.0,0.01,0.0005,0.75,7,18,597.0,0.8081101085736397,35.34338358458962,-6.926513793182458,-7.508471654311377,-1.504159427646512,296.0,1.0024527846758886,38.513513513513516,0.01572313370044867,-2.6934407739972133,0.0058988780646822975
16,1.8,25.0,75.0,1.8,1.0,0.01,0.0005,0.75,7,18,538.0,0.8088175095565291,35.501858736059475,-6.317537358630471,-6.6848545788332325,-1.427756121585933,262.0,1.0023731247198377,38.93129770992366,0.012350211159209722,-2.921679643021635,0.00481019202277307
18,1.8,30.0,70.0,1.5,1.0,0.01,0.0007,0.5,8,17,595.0,0.8046700097492244,39.49579831932773,-7.2878520718857,-9.264682101313715,-1.5474492672891071,320.0,1.002358007901405,43.4375,0.017866284563151567,-3.139729909452338,0.00647729199711893
22,1.8,25.0,75.0,1.5,1.0,0.01,0.001,0.75,7,18,157.0,0.6235072005430692,32.48407643312102,-5.130377690299356,-5.4529268036237255,-1.581381161067807,101.0,1.0023310364054554,41.584158415841586,0.004253160280986776,-2.512829578885145,0.002130603849398369
18,2.0,30.0,70.0,1.8,1.0,0.01,0.0005,0.5,8,17,546.0,0.8435725195986383,35.8974358974359,-5.304028441852279,-7.149807632091932,-1.1972652319833592,256.0,1.0023239767689864,38.28125,0.011158225608887733,-2.6197359553294275,0.004697946121223878
14,2.0,30.0,70.0,1.8,1.0,0.01,0.0005,0.5,8,17,590.0,0.8603072954560963,36.440677966101696,-5.038114528982588,-6.96413190609152,-1.1334903627588204,270.0,1.0021830676601662,38.148148148148145,0.009193630708487034,-2.7201737214045396,0.00375648046748749
22,2.2,30.0,70.0,1.8,1.0,0.01,0.0007,0.5,7,18,332.0,0.8273558506821954,35.54216867469879,-3.9900148114364673,-4.999924984580229,-1.0090718615408245,166.0,1.002034782139129,39.1566265060241,0.002739566176678636,-2.348782128957194,0.0012088934070906192
24,1.8,25.0,75.0,1.5,1.0,0.01,0.0007,0.75,7,18,257.0,0.7935114979313626,39.29961089494164,-3.6026534273847934,-3.8389683635685623,-1.001942981721783,124.0,1.0020223381209656,42.74193548387097,0.003149182915913116,-2.8915065235976645,0.001696402649094163
22,2.4,30.0,70.0,2.0,1.0,0.01,0.0005,0.5,7,18,268.0,0.7020251021880313,30.970149253731343,-5.618214977435346,-6.290071917771877,-1.559564570046752,128.0,1.0019668969575979,36.71875,0.00023702231019342434,-3.608558745098134,0.00011837580546091168
20,1.8,25.0,75.0,2.0,1.0,0.01,0.0005,0.5,8,17,464.0,0.7485857037604069,31.03448275862069,-7.701609987791308,-8.019299324637164,-1.751800996275132,224.0,1.0018488016697429,35.714285714285715,-0.0009303028072645248,-3.019229778009491,-0.0003466610272749981
22,1.8,30.0,70.0,1.8,1.0,0.01,0.001,0.75,8,17,188.0,0.7277213143852213,31.382978723404253,-4.4954068253892,-5.334358716463372,-1.2705292457525355,123.0,1.0016595526075276,37.39837398373984,-0.003910015128185477,-1.762803461805862,-0.0018884314056080156
14,2.0,25.0,75.0,1.5,1.0,0.01,0.0007,0.5,7,18,455.0,0.8071471387194937,39.120879120879124,-5.550963601865878,-6.556895400960405,-1.3289685895780277,251.0,1.0014278089688697,43.42629482071713,-0.0020488726964322268,-3.907719802140097,-0.0008195199276349547
18,1.8,30.0,70.0,1.5,1.0,0.01,0.001,0.5,8,17,272.0,0.7551988414593632,37.13235294117647,-5.3516171845425555,-6.612083838251781,-1.3129054849775683,201.0,1.0013943318828258,42.78606965174129,-0.004885970954383083,-2.4350214503712664,-0.001936892619050347
12,1.8,25.0,75.0,1.8,1.0,0.01,0.001,0.5,8,17,268.0,0.81530371988491,33.95522388059701,-4.185090055980636,-5.7649916424180265,-1.0317125483036897,203.0,1.001391328924543,37.93103448275862,-0.009275077084821533,-1.8468354537537257,-0.003440795603326177
24,2.2,30.0,70.0,1.5,1.0,0.01,0.0005,0.5,7,18,394.0,0.8620300748212438,42.13197969543147,-3.1987611992384704,-4.2095145019546365,-0.8373285341903598,191.0,1.0013320118021798,44.50261780104712,-0.0024390658279662605,-2.8702684762993647,-0.0011757357184254838
24,2.0,25.0,75.0,2.0,1.0,0.01,0.0005,1.0,7,18,165.0,0.8309189215791999,33.939393939393945,-2.0044469699432557,-3.6382465687504473,-0.6530314829030275,66.0,1.0013040207918111,34.84848484848485,-0.005227434657699632,-2.5204874804566346,-0.0030502860254703907
10,2.4,25.0,75.0,2.0,1.0,0.01,0.0005,0.5,7,18,282.0,0.6996398229627852,30.49645390070922,-5.911432004612525,-6.756384846836083,-1.6186743297051627,138.0,1.0012936612373136,36.231884057971016,-0.0064708706626879576,-3.8781828928898365,-0.0030871835479418922
10,2.4,30.0,70.0,2.0,1.0,0.01,0.0005,0.5,7,18,283.0,0.6975664161906908,30.3886925795053,-5.967920377591636,-6.81236969413127,-1.6346076704941193,138.0,1.0012936612373136,36.231884057971016,-0.0064708706626879576,-3.8781828928898365,-0.0030871835479418922
12,2.4,25.0,75.0,2.0,1.0,0.01,0.0005,0.5,7,18,277.0,0.6972564518213674,30.685920577617328,-5.8646520988747035,-6.455976917122575,-1.616785475968471,138.0,1.0012936612373136,36.231884057971016,-0.0064708706626879576,-3.8781828928898365,-0.0030871835479418922
12,2.4,30.0,70.0,2.0,1.0,0.01,0.0005,0.5,7,18,283.0,0.6974527855824931,30.3886925795053,-5.971008734878542,-6.815431061704191,-1.6353745931121393,138.0,1.0012936612373136,36.231884057971016,-0.0064708706626879576,-3.8781828928898365,-0.0030871835479418922
14,2.4,30.0,70.0,2.0,1.0,0.01,0.0005,0.5,7,18,283.0,0.6974527855824931,30.3886925795053,-5.971008734878542,-6.815431061704191,-1.6353745931121393,138.0,1.0012936612373136,36.231884057971016,-0.0064708706626879576,-3.8781828928898365,-0.0030871835479418922
16,2.4,30.0,70.0,2.0,1.0,0.01,0.0005,0.5,7,18,282.0,0.6996398229627852,30.49645390070922,-5.911432004612525,-6.756384846836083,-1.6186743297051627,138.0,1.0012936612373136,36.231884057971016,-0.0064708706626879576,-3.8781828928898365,-0.0030871835479418922
24,1.8,25.0,75.0,2.0,1.0,0.01,0.0007,0.5,8,17,282.0,0.7891352688146542,31.560283687943265,-4.466858313791545,-4.7390497644643315,-1.093422556818367,142.0,1.0011566769250155,34.50704225352113,-0.010961313046191207,-2.422858066011613,-0.004822892267373702
16,1.8,25.0,75.0,2.0,1.0,0.01,0.001,0.5,8,17,228.0,0.7995423197371421,31.57894736842105,-4.0615861526680055,-5.776216041172444,-0.9728986400268544,159.0,1.0008616831427812,35.22012578616352,-0.018026508323291637,-1.6589007851057769,-0.006941854437253624
22,2.2,25.0,75.0,1.8,1.0,0.01,0.001,1.0,8,17,56.0,0.44974267358199105,23.214285714285715,-3.130362912972469,-3.3690085468126796,-1.60659364468484,30.0,1.0003867925767358,40.0,-0.005154929867076135,-1.4867036787944654,-0.004002069497034572
22,1.8,25.0,75.0,2.0,1.0,0.01,0.001,0.5,8,17,166.0,0.7123030003353018,28.915662650602407,-4.424217142859398,-5.032395053199745,-1.196202192276119,116.0,0.9999976953732852,34.48275862068966,-0.024615104342683478,-1.9382163953618914,-0.01034130007016337
14,2.0,30.0,70.0,1.8,1.0,0.01,0.001,0.5,7,18,229.0,0.8460383836144489,34.06113537117904,-2.9623955262128767,-4.9158151714331915,-0.7733678537974407,172.0,0.9999357859726393,38.372093023255815,-0.029949337110701888,-1.9096018749741428,-0.012712066231116486
24,2.0,30.0,70.0,1.8,1.0,0.01,0.0005,0.5,8,17,457.0,0.846464482457746,36.10503282275711,-4.457365866217987,-6.348901133277374,-1.0619656054695956,208.0,0.9994117905393685,38.46153846153847,-0.03396539601444601,-2.8347550829679102,-0.015460011949527199
24,2.4,30.0,70.0,1.5,1.0,0.01,0.0005,0.5,7,18,250.0,0.7880149643405528,41.199999999999996,-3.3221799461125556,-3.9616101116718982,-1.0359363849470484,124.0,0.9993108423637598,43.54838709677419,-0.01893239806591737,-2.9418100026110228,-0.010786000886948947
24,2.0,30.0,70.0,1.5,1.0,0.01,0.0005,0.5,8,17,457.0,0.8400113763986768,40.70021881838075,-4.32698499387765,-6.368651370445544,-1.0876614511547644,209.0,0.999274928942813,43.0622009569378,-0.030595096752931566,-2.934475445604967,-0.014237624371336096
12,2.0,25.0,75.0,1.8,1.0,0.01,0.0007,0.5,7,18,494.0,0.8346284125311855,34.61538461538461,-5.468763587280446,-6.527036228789185,-1.2009865291996984,266.0,0.9992218687890553,38.721804511278194,-0.04822929610845677,-2.9271839143582556,-0.01833257310709182
18,2.2,25.0,75.0,2.0,1.0,0.01,0.001,0.5,7,18,148.0,0.6493458480451256,27.027027027027028,-4.8791993633927815,-5.837676501810662,-1.481192824366381,98.0,0.9985939301262262,34.69387755102041,-0.03281414839069839,-1.5525496645982573,-0.01557388152082184
22,2.2,25.0,75.0,2.0,1.0,0.01,0.001,1.0,8,17,56.0,0.46067886753278037,21.428571428571427,-3.1263223379295235,-3.4064221897111002,-1.560904711247274,30.0,0.9982724367909563,36.666666666666664,-0.012291030995438632,-1.3078964467324372,-0.009534842556518205
10,2.4,25.0,75.0,1.8,1.0,0.01,0.001,0.5,7,18,123.0,0.6299047147835521,28.455284552845526,-4.178259176778011,-5.101422053423366,-1.4202090614885612,79.0,0.9982695700692461,37.9746835443038,-0.02732834591981373,-2.6384316695956644,-0.014418424827442334
10,2.4,30.0,70.0,1.8,1.0,0.01,0.001,0.5,7,18,123.0,0.6299047147835521,28.455284552845526,-4.178259176778011,-5.101422053423366,-1.4202090614885612,79.0,0.9982695700692461,37.9746835443038,-0.02732834591981373,-2.6384316695956644,-0.014418424827442334
12,2.4,25.0,75.0,1.8,1.0,0.01,0.001,0.5,7,18,121.0,0.6141381824192594,28.09917355371901,-4.313488439072626,-5.235311395999398,-1.4779245054131234,79.0,0.9982695700692461,37.9746835443038,-0.02732834591981373,-2.6384316695956644,-0.014418424827442334
12,2.4,30.0,70.0,1.8,1.0,0.01,0.001,0.5,7,18,123.0,0.6299047147835521,28.455284552845526,-4.178259176778011,-5.101422053423366,-1.4202090614885612,79.0,0.9982695700692461,37.9746835443038,-0.02732834591981373,-2.6384316695956644,-0.014418424827442334
14,2.4,30.0,70.0,1.8,1.0,0.01,0.001,0.5,7,18,123.0,0.6299047147835521,28.455284552845526,-4.178259176778011,-5.101422053423366,-1.4202090614885612,79.0,0.9982695700692461,37.9746835443038,-0.02732834591981373,-2.6384316695956644,-0.014418424827442334
16,2.4,30.0,70.0,1.8,1.0,0.01,0.001,0.5,7,18,123.0,0.6299047147835521,28.455284552845526,-4.178259176778011,-5.101422053423366,-1.4202090614885612,79.0,0.9982695700692461,37.9746835443038,-0.02732834591981373,-2.6384316695956644,-0.014418424827442334
18,2.4,30.0,70.0,1.8,1.0,0.01,0.001,0.5,7,18,122.0,0.6086653364216821,27.86885245901639,-4.4114664383367925,-5.332335646931541,-1.5142641987818977,79.0,0.9982695700692461,37.9746835443038,-0.02732834591981373,-2.6384316695956644,-0.014418424827442334
18,2.0,25.0,75.0,1.5,1.0,0.01,0.0005,0.5,7,18,493.0,0.8311154931682109,40.77079107505071,-4.7827860726973634,-6.318665427299175,-1.1607674907990009,240.0,0.998255082497757,43.75,-0.048921916601466366,-3.663875771483749,-0.02057516559782016
24,2.2,25.0,75.0,1.8,1.0,0.01,0.0005,0.75,7,18,161.0,0.7164490562546336,34.161490683229815,-3.2752884364673447,-4.080407575215606,-1.1114585436241158,70.0,0.998192387548852,38.57142857142858,-0.021648066010056935,-2.5774485662945934,-0.012840084598599184
18,2.2,25.0,75.0,1.8,1.0,0.01,0.001,0.5,7,18,148.0,0.6916343880153667,31.08108108108108,-4.099713336753812,-5.118668516008151,-1.2862047091896254,98.0,0.9979852745979932,37.755102040816325,-0.03525659333805379,-1.7951529110688869,-0.017324110063816095
16,1.8,25.0,75.0,2.0,1.0,0.01,0.0005,0.5,8,17,624.0,0.8082903834540273,32.69230769230769,-7.62823278072543,-8.101032655919582,-1.571031540195469,292.0,0.9979257911757047,36.3013698630137,-0.08058004217251437,-3.158919052992426,-0.027302916483840523
20,2.0,30.0,70.0,1.8,1.0,0.01,0.001,0.5,7,18,217.0,0.856683328270656,34.56221198156682,-2.610159801232221,-4.216471477802452,-0.6720466880465668,157.0,0.9978248482873797,38.21656050955414,-0.05577547436851091,-2.0728160643212035,-0.023453385493914222
22,2.0,30.0,70.0,1.5,1.0,0.01,0.0005,0.5,8,17,487.0,0.8502871367320478,40.86242299794661,-4.279710934636059,-6.3062012333112705,-1.057598125357362,227.0,0.9974480015378681,42.731277533039645,-0.05837813949952761,-3.0887081246837256,-0.026466635730095042
14,1.8,25.0,75.0,2.0,1.0,0.01,0.0007,0.5,8,17,533.0,0.7576324364594565,30.76923076923077,-9.130711595991125,-9.532046791088932,-1.8800256940768774,288.0,0.9972733153930494,35.76388888888889,-0.09885346141183618,-2.874170115141139,-0.033073216840138926
10,1.8,25.0,75.0,2.0,1.0,0.01,0.001,0.5,7,18,294.0,0.7644227531262873,29.931972789115648,-6.08110355857867,-7.394926325967466,-1.3392658355836928,242.0,0.9972268240297704,35.53719008264463,-0.10268334165028135,-2.338316674033758,-0.0336429459474514
10,2.0,30.0,70.0,2.0,1.0,0.01,0.0007,0.5,8,17,464.0,0.8219892732440068,32.327586206896555,-5.832555348060668,-7.683875625116032,-1.2963357129364736,230.0,0.9971488678178807,35.21739130434783,-0.08328757096502158,-2.973058424869357,-0.03327474430840119
12,2.0,30.0,70.0,2.0,1.0,0.01,0.0007,0.5,8,17,463.0,0.8253765670429491,32.39740820734342,-5.702949467789113,-7.556750309513738,-1.2701752057362306,230.0,0.9971488678178807,35.21739130434783,-0.08328757096502158,-2.973058424869357,-0.03327474430840119
22,2.2,25.0,75.0,2.0,1.0,0.01,0.0007,1.0,7,18,100.0,0.6010056511978111,27.0,-3.3546500204842413,-3.6455773844569883,-1.38339242498829,39.0,0.9970629936689843,38.46153846153847,-0.018734246677504417,-1.6599826604986934,-0.013579981042605466
22,2.0,25.0,75.0,1.8,1.0,0.01,0.001,0.75,7,18,122.0,0.556365763756587,26.229508196721312,-5.205907602666702,-5.799968579304715,-1.7362932285941655,76.0,0.9970615423736986,36.84210526315789,-0.03439520797666773,-1.5213194063297797,-0.01901245600875726
12,2.0,25.0,75.0,2.0,1.0,0.01,0.0005,0.5,8,17,551.0,0.8303194318862263,33.03085299455535,-6.019332464119361,-7.609771351788385,-1.3240474247324496,256.0,0.9969668481003138,35.546875,-0.08754846353444008,-3.0218946984527206,-0.03464558005575584
22,2.2,30.0,70.0,2.0,1.0,0.01,0.0005,0.5,7,18,423.0,0.831889259735668,34.04255319148936,-4.641600327931482,-6.339789568938015,-1.0839235368048374,202.0,0.9968241786637929,37.12871287128713,-0.07284821485762222,-2.915945430867062,-0.030350517156889308
14,1.8,25.0,75.0,2.0,1.0,0.01,0.001,0.5,7,18,260.0,0.7702289631573773,30.384615384615383,-5.251624420055286,-6.893719418533406,-1.1724519993909013,203.0,0.9967369022530141,35.960591133004925,-0.0957868040437279,-2.1539143510842074,-0.03362498204954879
24,2.0,25.0,75.0,2.0,1.0,0.01,0.001,1.0,7,18,83.0,0.6978908501823936,27.710843373493976,-2.4073934362062026,-3.6224233695325014,-0.9002481051770778,47.0,0.9966498086517226,34.04255319148936,-0.027237673524577986,-2.2030706715626347,-0.016340614612076095
24,2.0,30.0,70.0,1.8,1.0,0.01,0.001,0.5,8,17,187.0,0.8122460640084131,33.68983957219251,-3.008396648106591,-4.211965931880279,-0.8475869633091074,121.0,0.9966456837254364,37.1900826446281,-0.05630952643219644,-2.017016650102166,-0.028096995814122325
22,2.2,25.0,75.0,1.5,1.0,0.01,0.001,0.5,7,18,122.0,0.5661023114941869,31.147540983606557,-4.798387562794142,-5.409325941225873,-1.7372612682115196,82.0,0.9966046436244966,41.46341463414634,-0.03572748853426674,-1.781365521689493,-0.02045287342708898
24,1.8,30.0,70.0,1.8,1.0,0.01,0.0007,0.75,7,18,407.0,0.7961765832433769,34.15233415233415,-5.74620446933308,-6.674398670241322,-1.3061226636929297,215.0,0.9964129566411082,38.604651162790695,-0.08480529845648561,-2.906756339623695,-0.034160265291774954
24,2.0,30.0,70.0,1.8,1.0,0.01,0.0007,0.5,8,17,364.0,0.8179925205580781,34.61538461538461,-4.660630520772393,-6.195496397743117,-1.144103258666232,182.0,0.9963960837364267,37.91208791208791,-0.07369532230442928,-2.625878692709116,-0.03390524355802592
24,1.8,25.0,75.0,2.0,1.0,0.01,0.0005,0.5,8,17,359.0,0.780448640003337,31.47632311977716,-5.343884797548398,-5.5519756474871285,-1.2724265284046414,156.0,0.9963753684378867,34.61538461538461,-0.06885548834075962,-2.487946816377551,-0.029839193499212574
14,1.8,30.0,70.0,2.0,1.0,0.01,0.001,0.5,7,18,298.0,0.769349475318323,30.201342281879196,-6.039227856568195,-7.370364535799567,-1.3208342861811195,245.0,0.996318878304554,35.51020408163265,-0.1234620615766653,-2.187246084352712,-0.04034131563458684
10,1.8,25.0,75.0,1.8,1.0,0.01,0.001,0.5,8,17,278.0,0.8080103453003319,33.81294964028777,-4.516864625172365,-6.002262164633143,-1.0890253077761325,215.0,0.9961359914829214,37.67441860465116,-0.10469262789296407,-2.046320334121554,-0.038279285868521105
24,2.0,30.0,70.0,1.5,1.0,0.01,0.001,0.75,7,18,152.0,0.6241193023058247,32.89473684210527,-4.984986618673192,-5.63834589514669,-1.5946827310818668,98.0,0.9960364987156863,41.83673469387755,-0.04641919137216974,-2.376187696872034,-0.025381798695220642
22,2.0,30.0,70.0,1.8,1.0,0.01,0.0007,0.5,8,17,387.0,0.827721790210388,34.62532299741602,-4.65388369881981,-5.91822644777843,-1.122807969027476,196.0,0.9960268213824738,37.755102040816325,-0.082779210165736,-2.6784390268641545,-0.03676404888134268
22,2.2,25.0,75.0,1.8,1.0,0.01,0.0005,1.0,7,18,118.0,0.6271932073278715,32.20338983050847,-3.278855554128568,-3.6236166094586797,-1.3711588649127604,46.0,0.9959351987934479,41.30434782608695,-0.022653370020143483,-1.5904348635398802,-0.016174909539622903
22,1.8,25.0,75.0,1.8,1.0,0.01,0.001,0.75,7,18,157.0,0.6624852879035995,29.29936305732484,-4.802052573466954,-5.22821249424349,-1.4144723516453073,101.0,0.9958933744406155,36.633663366336634,-0.0550668170726749,-1.8966954384071921,-0.0265927751895068
16,1.8,25.0,75.0,1.8,1.0,0.01,0.001,0.5,7,18,242.0,0.8637550452179854,35.53719008264463,-2.762839921504838,-4.581773430924818,-0.6628295475861761,181.0,0.9956789341900133,38.67403314917127,-0.09701202310956433,-2.8844153833200936,-0.03630542710398741
18,1.8,30.0,70.0,1.5,1.0,0.01,0.001,0.75,7,18,212.0,0.6845067409131177,34.43396226415094,-5.533513982616132,-6.289005138242121,-1.5254491570912738,157.0,0.9956473094904805,42.675159235668794,-0.07585874785005217,-2.8939089846982347,-0.03297029277616023
22,2.0,30.0,70.0,2.0,1.0,0.01,0.001,0.75,7,18,156.0,0.6192268593902802,25.64102564102564,-5.63617528333376,-6.396763082376877,-1.6644947401637458,99.0,0.9955974224004002,34.34343434343434,-0.060710661076973337,-1.9598287816779192,-0.02945622953762157
10,1.8,25.0,75.0,2.0,1.0,0.01,0.001,0.5,8,17,278.0,0.7551422751808827,29.856115107913666,-6.037794437656666,-7.23213548150734,-1.3862347428501376,215.0,0.9955195564834087,34.883720930232556,-0.12339731521706199,-2.374770892864808,-0.04302915451100365
14,2.0,30.0,70.0,2.0,1.0,0.01,0.001,0.5,7,18,229.0,0.8067710125152189,30.567685589519648,-3.8902199961674344,-5.7118422061685825,-0.9798276948008493,172.0,0.9951907560421192,35.46511627906977,-0.10630543514896999,-2.038700230286372,-0.043370023339802916
22,2.2,30.0,70.0,2.0,1.0,0.01,0.001,0.5,8,17,148.0,0.6735962096715438,27.7027027027027,-4.551483142936505,-5.739902726833357,-1.3558776108030144,91.0,0.9949890084284495,34.065934065934066,-0.062022634271615966,-1.6250704938123972,-0.0323007516884673
24,2.2,30.0,70.0,2.0,1.0,0.01,0.001,0.5,8,17,144.0,0.6751493454252498,27.77777777777778,-4.423219350055915,-5.613254328534234,-1.3241355651497808,91.0,0.9949890084284495,34.065934065934066,-0.062022634271615966,-1.6250704938123972,-0.0323007516884673
18,1.8,30.0,70.0,2.0,1.0,0.01,0.0007,0.5,8,17,593.0,0.8160196547465423,32.54637436762226,-7.580068976221664,-9.173578554658778,-1.459257413319445,318.0,0.9947984434032329,35.84905660377358,-0.1682874760505547,-2.857158315294106,-0.054533176953817736
16,2.4,25.0,75.0,1.5,1.0,0.01,0.0005,0.5,7,18,252.0,0.7809849059239565,40.87301587301587,-3.46775121477418,-4.111382029450383,-1.0849172817914432,126.0,0.9946566757763198,43.65079365079365,-0.05722484539837751,-2.8917331705945792,-0.03222961578527105
14,1.8,30.0,70.0,2.0,1.0,0.01,0.001,0.5,8,17,282.0,0.7604294211892361,30.141843971631204,-5.996051883630462,-7.159311561037396,-1.3663348918679619,218.0,0.9945235913523214,34.862385321100916,-0.14418503176639205,-2.1191872057032546,-0.05012287009830108
20,2.0,25.0,75.0,1.8,1.0,0.01,0.001,1.0,7,18,97.0,0.7119629645621564,30.927835051546392,-2.542002984003484,-3.8133132750361898,-0.9121610972800245,53.0,0.9945153089617323,37.735849056603776,-0.03833914884733531,-2.2485806724418134,-0.02268684160719501
10,2.0,30.0,70.0,1.8,1.0,0.01,0.0007,0.5,7,18,528.0,0.8494655394598705,35.22727272727273,-5.270210519005559,-6.653716569863444,-1.1228666128249603,282.0,0.994507317882423,38.652482269503544,-0.14749014146316766,-3.0811078544747628,-0.05555250120906856
12,2.0,30.0,70.0,1.8,1.0,0.01,0.0007,0.5,7,18,527.0,0.8527533426848136,35.294117647058826,-5.1399116800470255,-6.525291462567385,-1.0971575842272654,282.0,0.994507317882423,38.652482269503544,-0.14749014146316766,-3.0811078544747628,-0.05555250120906856
18,2.0,30.0,70.0,2.0,1.0,0.01,0.0007,0.5,8,17,428.0,0.8075324631528317,32.00934579439252,-5.898881258103392,-7.641280274289731,-1.3240389751135795,218.0,0.9941451940271177,35.321100917431195,-0.12896353009758968,-2.856910796578005,-0.05299092272048492
12,1.8,25.0,75.0,2.0,1.0,0.01,0.001,0.5,8,17,268.0,0.7809647729641092,30.597014925373134,-5.181837381153473,-6.8048134923148655,-1.2055434543948764,203.0,0.994136526339283,34.97536945812808,-0.14046527103999323,-2.1493385073157345,-0.049790871341144495
20,1.8,25.0,75.0,2.0,1.0,0.01,0.0007,0.5,8,17,355.0,0.7425188586453111,30.422535211267604,-6.772702599984223,-7.936597010509427,-1.5809328249425454,197.0,0.9939956350698969,35.025380710659896,-0.12372380195882215,-2.881582612634326,-0.046814875444435175
18,1.8,30.0,70.0,2.0,1.0,0.01,0.0005,0.5,8,17,789.0,0.8324448588439933,33.58681875792142,-8.162724833631547,-9.684342033156955,-1.519363954129974,368.0,0.9938890419743841,36.141304347826086,-0.20386010955300662,-3.186503944390273,-0.06482215580296989
12,1.8,25.0,75.0,1.8,1.0,0.01,0.0005,0.75,7,18,618.0,0.807405848053408,35.275080906148865,-7.150883648580731,-7.653164984228078,-1.5635005507768505,304.0,0.9936956372561406,38.48684210526316,-0.16001456387379223,-2.6934431940572767,-0.06056189908128928
20,1.8,30.0,70.0,1.5,1.0,0.01,0.0007,0.5,8,17,562.0,0.804318835894626,39.50177935943061,-6.954574537611662,-8.672854703967959,-1.5068991641620668,300.0,0.9936954943662188,43.333333333333336,-0.15562398319201748,-3.3073359212116293,-0.056701794118632264
14,1.8,30.0,70.0,1.8,1.0,0.01,0.001,0.5,8,17,282.0,0.811012205805287,34.04255319148936,-4.5154585927122755,-5.948362505437721,-1.0806389078604686,218.0,0.9936112652926196,37.61467889908257,-0.15235181411746454,-1.8827247050375862,-0.05563235417595077
20,1.8,30.0,70.0,2.0,1.0,0.01,0.0005,0.75,7,18,597.0,0.7912421882156252,32.32830820770519,-7.834374632959662,-7.977522014906513,-1.6568771319585807,296.0,0.9935649222280113,35.810810810810814,-0.16826752096660128,-3.0534053202506573,-0.05919123986957771
22,2.0,30.0,70.0,1.8,1.0,0.01,0.0005,0.5,8,17,487.0,0.8603682798381359,36.34496919917864,-4.284648661117626,-6.166632417821427,-1.0039854030065998,226.0,0.9932746519119411,38.05309734513274,-0.1310251924563454,-2.9407421434142655,-0.05737284131485904
22,2.2,25.0,75.0,2.0,1.0,0.01,0.0007,0.75,7,18,149.0,0.6584618432306836,28.187919463087248,-4.1478967946416745,-4.668147399872247,-1.346078469353709,68.0,0.9930759917032466,35.294117647058826,-0.05467710533002901,-2.674117816122279,-0.030759389800069228
22,2.0,25.0,75.0,1.5,1.0,0.01,0.0007,0.75,7,18,216.0,0.7384247267945694,39.351851851851855,-3.9675340446048724,-4.548366254119573,-1.2323829093950445,101.0,0.993074318601481,42.57425742574257,-0.0644340489633214,-2.2071295857521656,-0.036829784155839866
22,2.0,25.0,75.0,1.5,1.0,0.01,0.0005,0.75,7,18,268.0,0.7682094734364064,41.04477611940299,-3.9106159597094488,-4.560610091271499,-1.1819240476793764,118.0,0.9928734487149931,43.22033898305085,-0.07080184515883957,-2.2305032291301874,-0.0397767283713731
12,1.8,25.0,75.0,1.5,1.0,0.01,0.0005,0.5,8,17,793.0,0.804339981613966,39.84867591424969,-8.634863522061169,-10.30995449716242,-1.8197326482242038,379.0,0.9927760985961717,43.27176781002638,-0.20303658674911276,-3.2100543851760643,-0.06999320163574926
18,1.8,30.0,70.0,1.8,1.0,0.01,0.0007,0.5,8,17,593.0,0.8307577054822489,35.24451939291737,-6.712643143314908,-8.375217425104697,-1.3482739831384243,319.0,0.99271983059512,38.557993730407524,-0.2069149207250666,-3.00073405606166,-0.07067547650307894
18,2.0,30.0,70.0,1.5,1.0,0.01,0.001,0.5,7,18,224.0,0.7797693795813707,37.05357142857143,-3.9336598270990724,-4.99467273302071,-1.072459755119799,165.0,0.9925367903090995,43.03030303030303,-0.12069625135245589,-2.96222898628008,-0.052800207173740725
10,1.8,25.0,75.0,2.0,1.0,0.01,0.0007,0.75,7,18,466.0,0.7547994056129256,30.257510729613735,-8.122529847304886,-8.53578687960982,-1.782442318561188,250.0,0.992383847253552,36.0,-0.18068173817024216,-3.118095429043033,-0.06467229300185492
10,2.0,25.0,75.0,1.8,1.0,0.01,0.001,1.0,7,18,105.0,0.7274501871813781,31.428571428571427,-2.5759813376713825,-3.8468504101969447,-0.90554298583555,56.0,0.9923135818119954,37.5,-0.05136947166563914,-2.248526114395666,-0.03027028443438172
10,2.0,30.0,70.0,1.8,1.0,0.01,0.001,1.0,7,18,105.0,0.7274501871813781,31.428571428571427,-2.5759813376713825,-3.8468504101969447,-0.90554298583555,56.0,0.9923135818119954,37.5,-0.05136947166563914,-2.248526114395666,-0.03027028443438172
12,2.0,25.0,75.0,1.8,1.0,0.01,0.001,1.0,7,18,105.0,0.7274501871813781,31.428571428571427,-2.5759813376713825,-3.8468504101969447,-0.90554298583555,56.0,0.9923135818119954,37.5,-0.05136947166563914,-2.248526114395666,-0.03027028443438172
12,2.0,30.0,70.0,1.8,1.0,0.01,0.001,1.0,7,18,105.0,0.7274501871813781,31.428571428571427,-2.5759813376713825,-3.8468504101969447,-0.90554298583555,56.0,0.9923135818119954,37.5,-0.05136947166563914,-2.248526114395666,-0.03027028443438172
14,2.0,25.0,75.0,1.8,1.0,0.01,0.001,1.0,7,18,105.0,0.7274501871813781,31.428571428571427,-2.5759813376713825,-3.8468504101969447,-0.90554298583555,56.0,0.9923135818119954,37.5,-0.05136947166563914,-2.248526114395666,-0.03027028443438172
14,2.0,30.0,70.0,1.8,1.0,0.01,0.001,1.0,7,18,105.0,0.7274501871813781,31.428571428571427,-2.5759813376713825,-3.8468504101969447,-0.90554298583555,56.0,0.9923135818119954,37.5,-0.05136947166563914,-2.248526114395666,-0.03027028443438172
16,2.0,30.0,70.0,1.8,1.0,0.01,0.001,1.0,7,18,105.0,0.7274501871813781,31.428571428571427,-2.5759813376713825,-3.8468504101969447,-0.90554298583555,56.0,0.9923135818119954,37.5,-0.05136947166563914,-2.248526114395666,-0.03027028443438172
18,2.0,30.0,70.0,1.8,1.0,0.01,0.001,1.0,7,18,105.0,0.7274501871813781,31.428571428571427,-2.5759813376713825,-3.8468504101969447,-0.90554298583555,56.0,0.9923135818119954,37.5,-0.05136947166563914,-2.248526114395666,-0.03027028443438172
20,2.0,30.0,70.0,1.8,1.0,0.01,0.001,1.0,7,18,105.0,0.7274501871813781,31.428571428571427,-2.5759813376713825,-3.8468504101969447,-0.90554298583555,56.0,0.9923135818119954,37.5,-0.05136947166563914,-2.248526114395666,-0.03027028443438172
18,1.8,30.0,70.0,1.8,1.0,0.01,0.0005,0.75,7,18,615.0,0.8010627706066628,35.28455284552845,-7.371396647191504,-8.045379938902963,-1.5909006579272755,305.0,0.9922779107429938,38.68852459016394,-0.1902390920522521,-2.8638769686077925,-0.07159570470555389
24,2.2,25.0,75.0,2.0,1.0,0.01,0.0007,1.0,8,17,80.0,0.6661635994941947,30.0,-2.2417031842778123,-2.701673903096524,-1.0113119469182172,30.0,0.9922127842438289,36.666666666666664,-0.030083030025925835,-1.3364993388475188,-0.02357956050320832
16,1.8,25.0,75.0,1.8,1.0,0.01,0.0005,0.5,8,17,625.0,0.8389716305384965,35.839999999999996,-6.1544857279823555,-7.163183036335042,-1.3000211012710552,293.0,0.9921848852682954,38.907849829351534,-0.18932976710571894,-3.352972621879302,-0.06804637298123949
18,2.0,25.0,75.0,1.5,1.0,0.01,0.001,0.5,7,18,190.0,0.7413932643221695,36.31578947368421,-3.98321890745965,-4.833457829483034,-1.1782693454105087,126.0,0.9917472125326533,42.857142857142854,-0.10210862728808932,-2.931962367996066,-0.047698225618610125
22,1.8,25.0,75.0,1.8,1.0,0.01,0.0005,0.5,7,18,472.0,0.768696113146672,34.32203389830508,-6.833207353942871,-7.4901869649298565,-1.5458614767015022,225.0,0.9913298778051136,38.22222222222222,-0.1651057548113931,-3.4607060152080704,-0.06574823978561578
24,1.8,30.0,70.0,1.5,1.0,0.01,0.001,0.75,8,17,183.0,0.6965735218412765,34.97267759562842,-4.652445199829999,-5.3326928020985935,-1.368380160289784,122.0,0.9913239441674758,41.80327868852459,-0.10239983463225144,-2.353243621538459,-0.051778477369626555
22,2.4,25.0,75.0,1.8,1.0,0.01,0.0005,0.5,8,17,151.0,0.7183386989763425,34.437086092715234,-3.163759705739358,-4.421405805997802,-1.1274408239366398,64.0,0.9912614375866163,37.5,-0.05848675851832012,-1.757701757703245,-0.03481802279876849
10,1.8,30.0,70.0,2.0,1.0,0.01,0.0007,0.75,7,18,471.0,0.7560827718970106,30.36093418259023,-8.152593358578198,-8.518435385553303,-1.7842481752676078,252.0,0.9910210953174574,36.11111111111111,-0.20853510596551134,-3.2879062030870654,-0.07457710128071628
12,1.8,30.0,70.0,2.0,1.0,0.01,0.0007,0.75,7,18,470.0,0.7590920806449815,30.425531914893618,-8.02597877731847,-8.39246798444685,-1.7597579545085356,252.0,0.9910210953174574,36.11111111111111,-0.20853510596551134,-3.2879062030870654,-0.07457710128071628
14,1.8,30.0,70.0,2.0,1.0,0.01,0.0007,0.75,7,18,468.0,0.7629651145533933,30.555555555555557,-7.864620916493405,-8.39246798444685,-1.7216755952078067,252.0,0.9910210953174574,36.11111111111111,-0.20853510596551134,-3.2879062030870654,-0.07457710128071628
16,1.8,30.0,70.0,2.0,1.0,0.01,0.0007,0.75,7,18,465.0,0.7698216384537899,30.752688172043012,-7.582073099313147,-8.111533429238937,-1.6631370643364882,252.0,0.9910210953174574,36.11111111111111,-0.20853510596551134,-3.2879062030870654,-0.07457710128071628
14,2.0,30.0,70.0,2.0,1.0,0.01,0.0005,0.5,8,17,589.0,0.8410665430888035,33.446519524618,-5.962448776128022,-7.34460225396073,-1.2873818593268747,269.0,0.9908898188600777,35.31598513011153,-0.20897948517327675,-3.241562949668797,-0.08108812641138531
22,2.0,25.0,75.0,1.5,1.0,0.01,0.001,1.0,7,18,91.0,0.6272502624245905,32.967032967032964,-3.0240017575886307,-3.8228182519392973,-1.2447828640933172,50.0,0.9906702592118054,42.0,-0.04929761390221756,-2.4204832909362373,-0.0321960611569534
22,2.0,25.0,75.0,1.8,1.0,0.01,0.0005,1.0,7,18,180.0,0.7821194582755475,35.55555555555556,-2.74079309104176,-4.210255547894937,-0.9035515896500244,73.0,0.9905972916729582,38.35616438356164,-0.06534149898585383,-2.4455376606902446,-0.03865056089794423
10,1.8,30.0,70.0,1.8,1.0,0.01,0.001,0.75,8,17,202.0,0.7083075458739897,30.693069306930692,-5.2046777183405535,-6.03738774275544,-1.4728307122806763,136.0,0.9903983017641089,37.5,-0.1364998562062283,-1.725444102273832,-0.0647841574266242
12,1.8,30.0,70.0,1.8,1.0,0.01,0.001,0.75,8,17,201.0,0.7136886251903732,30.845771144278604,-5.0741457750275005,-5.907941652961767,-1.441746604036117,136.0,0.9903983017641089,37.5,-0.1364998562062283,-1.725444102273832,-0.0647841574266242
14,1.8,30.0,70.0,1.8,1.0,0.01,0.001,0.75,8,17,201.0,0.7136886251903732,30.845771144278604,-5.0741457750275005,-5.907941652961767,-1.441746604036117,136.0,0.9903983017641089,37.5,-0.1364998562062283,-1.725444102273832,-0.0647841574266242
16,1.8,30.0,70.0,1.8,1.0,0.01,0.001,0.75,8,17,200.0,0.7195135866815021,31.0,-4.9348690034715395,-5.769959390443824,-1.4071775325984321,136.0,0.9903983017641089,37.5,-0.1364998562062283,-1.725444102273832,-0.0647841574266242
18,1.8,30.0,70.0,2.0,1.0,0.01,0.0007,0.5,7,18,664.0,0.8082676530167082,32.07831325301205,-8.678092927916005,-10.369895262607876,-1.5542672129224135,376.0,0.9903068723779548,36.17021276595745,-0.32140040702754047,-3.08306054677685,-0.09528292224641141
24,1.8,25.0,75.0,1.5,1.0,0.01,0.0005,0.5,7,18,422.0,0.764320651922546,38.862559241706165,-5.876957122599833,-6.264047934664885,-1.4543860557548292,185.0,0.9900624844772153,43.24324324324324,-0.14176387845411229,-3.544496726609514,-0.06649871643473702
12,2.0,25.0,75.0,1.5,1.0,0.01,0.0007,0.5,7,18,495.0,0.8479848838454872,40.2020202020202,-4.670729896994853,-6.22625098685462,-1.0752278157280895,267.0,0.9898109215114858,43.07116104868914,-0.20985338634873185,-3.8114036878559743,-0.08271246261141472
22,1.8,25.0,75.0,2.0,1.0,0.01,0.0005,0.5,8,17,398.0,0.7476043110235407,30.90452261306533,-6.81673324973477,-6.88433918526592,-1.606805930113808,188.0,0.989522250081211,35.1063829787234,-0.17975427060049695,-2.3825896643307365,-0.07109657487280378
24,2.0,25.0,75.0,1.8,1.0,0.01,0.0005,1.0,7,18,165.0,0.7994025096962167,36.36363636363637,-2.310323199092236,-3.900051885582434,-0.7906550427527513,66.0,0.9895012193792406,37.878787878787875,-0.06716660268155465,-2.424360810247561,-0.040593241669363074
10,2.2,25.0,75.0,2.0,1.0,0.01,0.0007,1.0,8,17,96.0,0.5812287295146974,27.083333333333332,-3.46203945251993,-4.154670352581425,-1.4819339131131923,35.0,0.9894399325891381,37.142857142857146,-0.04250370320001821,-1.3457545643771995,-0.03236882069264376
10,2.2,30.0,70.0,2.0,1.0,0.01,0.0007,1.0,8,17,96.0,0.5812287295146974,27.083333333333332,-3.46203945251993,-4.154670352581425,-1.4819339131131923,35.0,0.9894399325891381,37.142857142857146,-0.04250370320001821,-1.3457545643771995,-0.03236882069264376
12,2.2,25.0,75.0,2.0,1.0,0.01,0.0007,1.0,8,17,96.0,0.5812287295146974,27.083333333333332,-3.46203945251993,-4.154670352581425,-1.4819339131131923,35.0,0.9894399325891381,37.142857142857146,-0.04250370320001821,-1.3457545643771995,-0.03236882069264376
12,2.2,30.0,70.0,2.0,1.0,0.01,0.0007,1.0,8,17,96.0,0.5812287295146974,27.083333333333332,-3.46203945251993,-4.154670352581425,-1.4819339131131923,35.0,0.9894399325891381,37.142857142857146,-0.04250370320001821,-1.3457545643771995,-0.03236882069264376
14,2.2,25.0,75.0,2.0,1.0,0.01,0.0007,1.0,8,17,96.0,0.5812287295146974,27.083333333333332,-3.46203945251993,-4.154670352581425,-1.4819339131131923,35.0,0.9894399325891381,37.142857142857146,-0.04250370320001821,-1.3457545643771995,-0.03236882069264376
14,2.2,30.0,70.0,2.0,1.0,0.01,0.0007,1.0,8,17,96.0,0.5812287295146974,27.083333333333332,-3.46203945251993,-4.154670352581425,-1.4819339131131923,35.0,0.9894399325891381,37.142857142857146,-0.04250370320001821,-1.3457545643771995,-0.03236882069264376
16,2.2,25.0,75.0,2.0,1.0,0.01,0.0007,1.0,8,17,96.0,0.5812287295146974,27.083333333333332,-3.46203945251993,-4.154670352581425,-1.4819339131131923,35.0,0.9894399325891381,37.142857142857146,-0.04250370320001821,-1.3457545643771995,-0.03236882069264376
16,2.2,30.0,70.0,2.0,1.0,0.01,0.0007,1.0,8,17,96.0,0.5812287295146974,27.083333333333332,-3.46203945251993,-4.154670352581425,-1.4819339131131923,35.0,0.9894399325891381,37.142857142857146,-0.04250370320001821,-1.3457545643771995,-0.03236882069264376
18,2.2,25.0,75.0,2.0,1.0,0.01,0.0007,1.0,8,17,93.0,0.5750419082147546,26.881720430107524,-3.424479936266361,-4.066099152834102,-1.4696150261412206,35.0,0.9894399325891381,37.142857142857146,-0.04250370320001821,-1.3457545643771995,-0.03236882069264376
18,2.2,30.0,70.0,2.0,1.0,0.01,0.0007,1.0,8,17,96.0,0.5812287295146974,27.083333333333332,-3.46203945251993,-4.154670352581425,-1.4819339131131923,35.0,0.9894399325891381,37.142857142857146,-0.04250370320001821,-1.3457545643771995,-0.03236882069264376
20,2.2,25.0,75.0,2.0,1.0,0.01,0.0007,1.0,8,17,90.0,0.6039529400911061,27.77777777777778,-3.045490887106407,-3.6896390442410887,-1.3320020303968376,35.0,0.9894399325891381,37.142857142857146,-0.04250370320001821,-1.3457545643771995,-0.03236882069264376
20,2.2,30.0,70.0,2.0,1.0,0.01,0.0007,1.0,8,17,96.0,0.5812287295146974,27.083333333333332,-3.46203945251993,-4.154670352581425,-1.4819339131131923,35.0,0.9894399325891381,37.142857142857146,-0.04250370320001821,-1.3457545643771995,-0.03236882069264376
22,2.2,30.0,70.0,2.0,1.0,0.01,0.0007,1.0,8,17,96.0,0.5812287295146974,27.083333333333332,-3.46203945251993,-4.154670352581425,-1.4819339131131923,35.0,0.9894399325891381,37.142857142857146,-0.04250370320001821,-1.3457545643771995,-0.03236882069264376
24,2.2,30.0,70.0,2.0,1.0,0.01,0.0007,1.0,8,17,95.0,0.5900754629309171,27.368421052631582,-3.340579254582062,-4.034002365411538,-1.442564742180325,35.0,0.9894399325891381,37.142857142857146,-0.04250370320001821,-1.3457545643771995,-0.03236882069264376
24,2.4,30.0,70.0,2.0,1.0,0.01,0.0005,0.5,7,18,250.0,0.7027539453245858,30.8,-5.310873513665411,-5.930962599627076,-1.5174729392277322,124.0,0.9891844426993003,36.29032258064516,-0.11864165169874469,-3.4436967841957156,-0.06012518195291287
24,2.2,25.0,75.0,1.8,1.0,0.01,0.0007,1.0,7,18,94.0,0.5827345316277533,28.723404255319153,-3.2386210240254147,-3.4769969103423337,-1.3964024052229034,36.0,0.9886612133248058,41.66666666666667,-0.04444999051976992,-1.6660459389695847,-0.0328944837442321
20,1.8,30.0,70.0,1.5,1.0,0.01,0.0005,0.75,7,18,598.0,0.8023755938424525,39.96655518394649,-6.672443868573209,-7.716706403499163,-1.5038934753755309,297.0,0.9885138493237347,42.76094276094276,-0.23641073385506386,-3.367373534118956,-0.09111661074302611
12,1.8,30.0,70.0,1.8,1.0,0.01,0.001,0.5,8,17,289.0,0.8180364358838822,34.2560553633218,-4.432288771864369,-5.866485267119059,-1.0544137038434844,221.0,0.9883729586152418,37.55656108597285,-0.25136039580249414,-1.9714771499271255,-0.09109710122197853
10,2.0,30.0,70.0,1.5,1.0,0.01,0.0007,0.5,7,18,529.0,0.8462032993377469,40.26465028355388,-5.019044255298249,-6.448717713910968,-1.1267360865801486,283.0,0.9883600825574763,43.109540636042404,-0.24997417278293144,-3.6467561549935024,-0.09765428113617636
12,2.0,30.0,70.0,1.5,1.0,0.01,0.0007,0.5,7,18,528.0,0.849718535685164,40.340909090909086,-4.888346545572022,-6.319978767919931,-1.0998189737645225,283.0,0.9883600825574763,43.109540636042404,-0.24997417278293144,-3.6467561549935024,-0.09765428113617636
10,2.0,30.0,70.0,2.0,1.0,0.01,0.001,0.5,7,18,231.0,0.8127744372224538,30.735930735930733,-3.7979508376733793,-5.841467567273595,-0.9482518275069364,173.0,0.9883566665275334,35.26011560693642,-0.21228441305192972,-2.142652282973101,-0.08661686091668619
12,2.0,30.0,70.0,2.0,1.0,0.01,0.001,0.5,7,18,230.0,0.8182627202664201,30.869565217391305,-3.66545639731663,-5.711834104410308,-0.9179847938622774,173.0,0.9883566665275334,35.26011560693642,-0.21228441305192972,-2.142652282973101,-0.08661686091668619
18,1.8,30.0,70.0,1.8,1.0,0.01,0.001,0.5,8,17,270.0,0.8254137704490102,34.44444444444444,-3.972483715501985,-5.636683020173328,-0.9338520231176166,201.0,0.9880210460072603,37.81094527363184,-0.23607261080136596,-2.0824917495591566,-0.08909801256156241
16,1.8,30.0,70.0,1.5,1.0,0.01,0.001,0.5,8,17,279.0,0.7433009248993993,36.55913978494624,-5.778853750678536,-7.03363678240958,-1.4480243686530017,210.0,0.98751586263713,42.38095238095238,-0.2323424675617389,-2.4238502793175742,-0.09230662343082886
16,2.0,30.0,70.0,1.8,1.0,0.01,0.0007,0.5,8,17,446.0,0.8356503910059225,34.97757847533632,-5.004223463027502,-6.623804370161645,-1.1574644974928627,224.0,0.9874859590749667,37.94642857142857,-0.2339886511284931,-2.5255623168323638,-0.10140294330196396
18,1.8,25.0,75.0,1.8,1.0,0.01,0.0005,0.5,8,17,533.0,0.7860542919615394,34.709193245778614,-7.119191092050096,-8.255864800922474,-1.5933295338156894,260.0,0.987441351482019,38.46153846153847,-0.2561579310995512,-3.3762351211844677,-0.09771085091818753
12,1.8,25.0,75.0,2.0,1.0,0.01,0.0005,0.75,7,18,618.0,0.7936212859826166,32.362459546925564,-7.961258083012853,-8.344009155511344,-1.6862390004790775,304.0,0.9873955304681904,35.85526315789473,-0.3020665712608388,-3.160902507142027,-0.10679454340073857
18,1.8,30.0,70.0,1.8,1.0,0.01,0.0005,0.5,8,17,791.0,0.8441548069002688,36.283185840707965,-7.319991559140199,-9.379130762989007,-1.421029651125343,370.0,0.987330806709292,38.648648648648646,-0.3576842524123276,-3.360526654980245,-0.12014400148257018
10,2.0,25.0,75.0,1.5,1.0,0.01,0.0007,0.5,7,18,511.0,0.8424653716384151,40.11741682974559,-4.9958577284678904,-6.246144102074425,-1.142206896695551,277.0,0.9872678478997797,42.96028880866426,-0.26562125755364835,-3.661878573606625,-0.10459914823326556
12,2.2,25.0,75.0,1.5,1.0,0.01,0.001,0.5,7,18,168.0,0.7072463562489407,35.714285714285715,-4.101363278350455,-5.171577550597572,-1.2709928415672416,121.0,0.9872419249078083,42.14876033057851,-0.14405598087812904,-2.385991864282655,-0.07157203020144184
22,1.8,30.0,70.0,2.0,1.0,0.01,0.0005,0.75,8,17,469.0,0.7725087440576848,31.556503198294244,-7.09739646537344,-7.417336513266171,-1.6643585149677544,218.0,0.9871041492879548,35.77981651376147,-0.23350276260393002,-2.8557694878512785,-0.09678181911399686
18,1.8,30.0,70.0,2.0,1.0,0.01,0.0005,0.75,7,18,615.0,0.7867798436151373,32.35772357723577,-8.207651585478617,-8.464883652495791,-1.715293966527355,305.0,0.9870262303023638,36.0655737704918,-0.312737837120676,-3.3304355283822917,-0.11022613875605568
14,1.8,30.0,70.0,1.5,1.0,0.01,0.0007,0.5,8,17,651.0,0.8054982175959724,39.63133640552996,-7.840689730497688,-9.579035069369857,-1.6712353659437347,353.0,0.9869934571983453,42.77620396600567,-0.3403382295847587,-3.296849462106466,-0.11815750674237693
14,2.0,30.0,70.0,1.8,1.0,0.01,0.0007,0.5,7,18,521.0,0.84553456052938,35.12476007677543,-5.347645457755588,-6.467196695587429,-1.1514877074908179,281.0,0.9866551721983668,38.43416370106761,-0.3075817313031257,-3.0822919664986292,-0.11625351132569152
22,2.4,25.0,75.0,1.8,1.0,0.01,0.0005,1.0,7,18,70.0,0.5105731919654184,28.57142857142857,-2.7677786979617305,-2.8494704769345347,-1.5455084625246964,27.0,0.9866062411353976,37.03703703703704,-0.038571544190217535,-1.1020067286354074,-0.03331428572327594
22,2.0,25.0,75.0,2.0,1.0,0.01,0.001,1.0,7,18,91.0,0.6574686605158236,26.373626373626376,-3.0029154150370414,-4.210476886356829,-1.1101754014630028,50.0,0.9865689370523378,34.0,-0.07806008124358414,-2.1338164299566365,-0.045969516657935035
14,1.8,30.0,70.0,1.5,1.0,0.01,0.001,0.5,7,18,300.0,0.7470298475917779,36.666666666666664,-6.077258766191226,-7.251891278116873,-1.4710583244781916,245.0,0.9864975744571295,42.857142857142854,-0.2906304890598949,-2.876488696613333,-0.10225925150864873
10,1.8,25.0,75.0,1.5,1.0,0.01,0.001,0.75,7,18,216.0,0.6961210978695167,34.72222222222222,-5.422322584913363,-6.178736793137485,-1.5307705554930089,158.0,0.9864896584951848,42.405063291139236,-0.19147184357763763,-3.006257196073625,-0.08310222669486446
18,1.8,30.0,70.0,1.5,1.0,0.01,0.0005,0.5,8,17,793.0,0.8090846872357202,40.10088272383354,-8.424714072124225,-10.429785940085823,-1.7373791228443465,371.0,0.9863607342313324,43.126684636118604,-0.34941697340664174,-3.4213597889116265,-0.1234972443651664
18,2.0,30.0,70.0,1.8,1.0,0.01,0.001,0.5,7,18,224.0,0.8383313235286,33.92857142857143,-3.0396182419924296,-4.632284603688152,-0.7814510570428292,165.0,0.9860337338325719,38.18181818181819,-0.22611531490252676,-2.1020858525743646,-0.09505491239914123
12,1.8,25.0,75.0,2.0,1.0,0.01,0.001,0.75,7,18,211.0,0.7321127302672232,28.436018957345972,-5.062257088167989,-5.802950734090084,-1.3434166577262854,155.0,0.9859642627786254,34.83870967741935,-0.22346609501453715,-2.0928464717209994,-0.09025230470443113
10,2.2,25.0,75.0,1.5,1.0,0.01,0.0005,0.5,7,18,470.0,0.8346085586992025,41.27659574468085,-4.482423561025753,-5.7249924795913625,-1.1275824880273533,232.0,0.9859111126916419,43.53448275862069,-0.22891250237296845,-3.2113033941063795,-0.10174003936277658
10,2.2,30.0,70.0,1.5,1.0,0.01,0.0005,0.5,7,18,481.0,0.825316339347043,40.95634095634096,-4.838110077378188,-6.001531935541459,-1.2099476746067535,232.0,0.9859111126916419,43.53448275862069,-0.22891250237296845,-3.2113033941063795,-0.10174003936277658
12,2.2,30.0,70.0,1.5,1.0,0.01,0.0005,0.5,7,18,479.0,0.8313849350453778,41.127348643006265,-4.641933692678886,-5.8077859000852055,-1.164139861060932,232.0,0.9859111126916419,43.53448275862069,-0.22891250237296845,-3.2113033941063795,-0.10174003936277658
14,2.2,30.0,70.0,1.5,1.0,0.01,0.0005,0.5,7,18,474.0,0.8387479504539048,41.35021097046413,-4.394118200915782,-5.637803683450815,-1.1013575219850422,232.0,0.9859111126916419,43.53448275862069,-0.22891250237296845,-3.2113033941063795,-0.10174003936277658
18,2.2,30.0,70.0,1.5,1.0,0.01,0.001,0.5,7,18,170.0,0.7088830537466465,35.88235294117647,-4.131429428872816,-5.20125078446958,-1.2728834296086549,121.0,0.9856000468274866,42.14876033057851,-0.1605363738550477,-2.4020899264175055,-0.07981378009147455
10,1.8,25.0,75.0,1.8,1.0,0.01,0.001,0.5,7,18,294.0,0.8211917850158722,34.01360544217687,-4.4007694232203365,-6.027219400053441,-1.015753300544652,242.0,0.9855765212555576,38.01652892561984,-0.3331617177360204,-2.4591604151497304,-0.11394634028469355
24,1.8,25.0,75.0,1.5,1.0,0.01,0.0007,0.5,7,18,312.0,0.758927797419303,38.141025641025635,-5.06627911473739,-5.455444847909307,-1.3059893338483954,160.0,0.9855085493817928,42.5,-0.18486325034677065,-3.4633570611225406,-0.08829431890626026
20,2.4,30.0,70.0,1.5,1.0,0.01,0.001,0.5,7,18,121.0,0.5795341816268762,31.40495867768595,-4.511826491377487,-5.0100710479771715,-1.6544118784626822,78.0,0.9854876043277091,42.30769230769231,-0.10728512400497493,-2.819034474792459,-0.0617899542132976
10,2.0,30.0,70.0,2.0,1.0,0.01,0.0005,0.5,8,17,599.0,0.8460817004512948,33.5559265442404,-5.855277324423769,-7.48844437160916,-1.2548078731625418,270.0,0.9854309283434308,35.18518518518518,-0.31484600657073314,-3.344210008532489,-0.12219263824432934
12,2.0,30.0,70.0,2.0,1.0,0.01,0.0005,0.5,8,17,597.0,0.850661054415048,33.66834170854271,-5.657991618332944,-7.294617192434149,-1.2121872293384277,270.0,0.9854309283434308,35.18518518518518,-0.31484600657073314,-3.344210008532489,-0.12219263824432934
16,1.8,25.0,75.0,1.5,1.0,0.01,0.0005,0.5,8,17,625.0,0.8060719467562558,39.68,-6.948649558215547,-8.039753785967353,-1.5668494105429456,294.0,0.9853650965790586,43.53741496598639,-0.2985835943926577,-3.9027248523291314,-0.11099733589826134
12,2.2,25.0,75.0,2.0,1.0,0.01,0.001,0.5,7,18,168.0,0.676860954780682,27.380952380952383,-5.023841659127302,-6.1871032518481694,-1.4205308152839338,121.0,0.9851998352912192,34.710743801652896,-0.18920014038505542,-2.0571775094912925,-0.08346030704828723
24,1.8,30.0,70.0,1.8,1.0,0.01,0.001,0.75,8,17,183.0,0.7370863773095562,31.693989071038253,-4.231750027703129,-5.072991665917959,-1.1956819466092703,122.0,0.9851337551083894,36.885245901639344,-0.179152431157363,-1.934963429939529,-0.0869949688317624
20,1.8,30.0,70.0,1.5,1.0,0.01,0.0005,0.5,8,17,746.0,0.8124424895389433,40.21447721179624,-7.849670232040862,-9.772622082478122,-1.646761682150725,347.0,0.9850936814622319,43.22766570605187,-0.35330547019539155,-3.636068675335713,-0.12538223767093787
10,1.8,30.0,70.0,1.5,1.0,0.01,0.001,0.5,7,18,312.0,0.7639507478054102,37.17948717948718,-5.844446384600124,-7.022072822946434,-1.3957914657602861,250.0,0.9848821192716689,42.8,-0.32691133575397546,-2.9752978368491445,-0.11449539603082913
24,2.2,25.0,75.0,1.5,1.0,0.01,0.001,0.75,7,18,82.0,0.5320212120032065,29.268292682926827,-3.5933256577190336,-4.057417639168504,-1.47053698317638,50.0,0.9846388707390197,42.0,-0.0764143489639173,-2.5915897179555225,-0.05013393642234276
12,1.8,25.0,75.0,1.5,1.0,0.01,0.0005,0.75,7,18,619.0,0.8134589358599832,40.22617124394184,-6.458098724018001,-7.58754369552933,-1.470240188466069,305.0,0.9845129717505025,42.62295081967213,-0.31700136274439505,-3.3667353963111046,-0.12280992480836157
18,2.0,30.0,70.0,2.0,1.0,0.01,0.0005,0.5,8,17,546.0,0.8253636770043316,32.967032967032964,-6.163476713029685,-7.66782587580328,-1.3383389442751115,255.0,0.9844781299519013,35.294117647058826,-0.3151814622976235,-3.1632828583932016,-0.1258282691333788
24,1.8,30.0,70.0,1.8,1.0,0.01,0.0005,0.75,7,18,539.0,0.8236381035402053,35.80705009276438,-5.8321455602181596,-6.76360997626988,-1.290821906371736,259.0,0.9844091497135776,38.61003861003861,-0.30357579690587955,-3.0484578812426166,-0.12277213112682064
14,1.8,25.0,75.0,2.0,1.0,0.01,0.0007,0.5,7,18,595.0,0.7450076592323515,30.084033613445378,-10.537056763740239,-11.048498932712025,-2.0489690634273647,340.0,0.9837533590719788,35.88235294117647,-0.457019550035875,-3.173791286581462,-0.14145978362777764
18,2.2,30.0,70.0,2.0,1.0,0.01,0.001,0.5,7,18,170.0,0.6820982164779823,27.647058823529413,-5.001608489078771,-6.000893160990928,-1.409933924481248,121.0,0.9837427483288171,34.710743801652896,-0.20576481584716022,-2.0733321280897776,-0.09084728861470272
12,1.8,30.0,70.0,1.5,1.0,0.01,0.001,0.5,7,18,308.0,0.7482436510877876,36.688311688311686,-6.181105440954816,-7.354493646208482,-1.4872513643530254,248.0,0.9836710841906715,42.74193548387097,-0.3486591704000421,-2.9964665336891905,-0.12233970813075652
20,2.0,30.0,70.0,1.5,1.0,0.01,0.001,0.5,7,18,217.0,0.7853462954869777,37.327188940092164,-3.723762221206107,-4.884572905773443,-1.0203300183928599,157.0,0.9835657051605159,42.675159235668794,-0.22706949573437668,-3.201839621503666,-0.09938493104134172
10,1.8,25.0,75.0,1.8,1.0,0.01,0.0005,0.75,7,18,635.0,0.807950799218348,35.43307086614173,-7.315235156974231,-7.887921564716239,-1.585166920735784,311.0,0.9835356513825222,38.58520900321543,-0.3741041393389241,-2.9487972548116415,-0.14076689758668318
14,1.8,30.0,70.0,1.8,1.0,0.01,0.001,0.5,7,18,298.0,0.8238749251552828,34.22818791946309,-4.3995600138451305,-5.973473404948127,-1.0085784351196414,245.0,0.9834858395843956,37.95918367346939,-0.3807989037639709,-2.3727616380649574,-0.1300998042673358
14,1.8,25.0,75.0,1.8,1.0,0.01,0.0007,0.5,7,18,596.0,0.7850945956861748,33.557046979865774,-8.539272338892388,-9.159312653524276,-1.6972873606949088,340.0,0.9834817804807887,38.529411764705884,-0.4423009153365456,-3.303631763553816,-0.14458991337216337
20,2.0,30.0,70.0,1.8,1.0,0.01,0.0007,0.5,7,18,473.0,0.8394791293171219,34.883720930232556,-5.116626994696525,-6.283114059493222,-1.1150142354448982,254.0,0.9830604790472801,38.188976377952756,-0.3450077259204591,-3.0708406972421054,-0.13197957342018152
10,1.8,30.0,70.0,1.8,1.0,0.01,0.001,0.5,8,17,292.0,0.8309809513600968,34.58904109589041,-4.152454660676522,-5.590818282749755,-0.9768149842229293,222.0,0.9828825655820135,37.38738738738739,-0.35494429537619,-2.0732591092817554,-0.12868061012398854
14,2.0,25.0,75.0,2.0,1.0,0.01,0.0007,0.5,7,18,454.0,0.7572842903385838,30.176211453744493,-7.824189832227166,-8.417842251228368,-1.7518921172819024,249.0,0.9828574886055701,35.34136546184739,-0.3597683914269328,-3.4398293905227084,-0.13125004074650842
16,2.0,25.0,75.0,1.8,1.0,0.01,0.0007,0.5,7,18,417.0,0.8186435607371421,34.2925659472422,-5.1887355723361726,-5.776920796658147,-1.2257891121443565,221.0,0.9827700608039971,38.009049773755656,-0.3074007977783913,-3.184632633777862,-0.1196516655024262
10,1.8,30.0,70.0,2.0,1.0,0.01,0.001,0.5,7,18,310.0,0.7967365460961039,30.967741935483872,-5.485319971814661,-6.8243180810361626,-1.1843148641480608,250.0,0.982704168503758,35.199999999999996,-0.4233800411106131,-2.1970806436263257,-0.1376439389809094
18,2.0,25.0,75.0,1.5,1.0,0.01,0.001,0.75,7,18,144.0,0.5920096564356334,31.944444444444443,-5.197752236594406,-5.849679549699571,-1.7197732059500161,91.0,0.9825650171968848,41.75824175824176,-0.14457383124270565,-2.21164663857345,-0.0799599567187913
16,2.2,25.0,75.0,2.0,1.0,0.01,0.001,0.5,7,18,156.0,0.672613067985762,27.564102564102566,-4.764597519498657,-5.789290275531156,-1.403054485758274,105.0,0.9825182657588614,34.285714285714285,-0.19083292533818166,-1.8430174649562092,-0.08846222496807563
24,2.2,25.0,75.0,1.8,1.0,0.01,0.001,1.0,8,17,52.0,0.45008400852533414,23.076923076923077,-2.9251906300365773,-3.1643218094186687,-1.5003145431824134,28.0,0.9823698670364038,39.285714285714285,-0.055018287913790126,-1.5358282487998531,-0.04337986942917945
22,2.4,25.0,75.0,1.5,1.0,0.01,0.0007,0.5,7,18,155.0,0.7546423861793207,40.0,-2.70438606115591,-3.377158363403876,-0.9832648742716327,71.0,0.98222476200381,43.66197183098591,-0.10832974693472351,-2.4035030569298788,-0.06813526126706565
18,1.8,30.0,70.0,1.8,1.0,0.01,0.0007,0.5,7,18,665.0,0.8391971807975022,35.338345864661655,-7.00232316859101,-8.698510796824966,-1.304051756826451,377.0,0.9820935882062398,38.726790450928384,-0.5274720819210051,-3.1291385574433894,-0.16571667228699036
24,2.2,25.0,75.0,2.0,1.0,0.01,0.001,0.75,7,18,82.0,0.5565890916133414,23.170731707317074,-3.645949740981596,-4.224357626505249,-1.3452173140827173,50.0,0.9820807682134833,34.0,-0.1009479157941496,-2.3565093354228073,-0.059633677771055625
24,1.8,30.0,70.0,1.5,1.0,0.01,0.0007,0.75,7,18,408.0,0.8177447941354414,39.950980392156865,-4.7721322856890405,-6.029292573908496,-1.1199182236925993,216.0,0.9820499381705551,43.05555555555556,-0.287979934220275,-3.3550324738100157,-0.1194375603408686
16,2.0,30.0,70.0,2.0,1.0,0.01,0.001,0.5,8,17,213.0,0.7973702942447057,30.51643192488263,-3.8302588183150696,-5.575967344092869,-1.0036922350386714,142.0,0.9819963914542287,34.50704225352113,-0.25495745308533513,-2.1199523842071466,-0.11623619714563709
12,1.8,25.0,75.0,2.0,1.0,0.01,0.0007,0.5,8,17,598.0,0.8017383687905172,32.10702341137124,-8.220756644129871,-9.187328222794356,-1.6220778089459436,323.0,0.9819887027671133,35.294117647058826,-0.4805496741553725,-2.963713689869807,-0.1536026494124185
20,2.0,30.0,70.0,2.0,1.0,0.01,0.001,0.5,7,18,217.0,0.8103185954616862,30.87557603686636,-3.621953362133354,-5.158466035153586,-0.9037729626196085,157.0,0.9819600497098389,35.03184713375796,-0.28309340040557796,-2.0113558189795433,-0.1147795614549278
10,1.8,30.0,70.0,1.8,1.0,0.01,0.0005,0.75,7,18,643.0,0.8040286522725693,35.30326594090202,-7.549753473204783,-8.147098000288855,-1.6313818696459572,313.0,0.9815994534704139,38.65814696485623,-0.4174406139339953,-2.9910301271970363,-0.15703756762399484
12,1.8,30.0,70.0,1.8,1.0,0.01,0.0005,0.75,7,18,642.0,0.8067468854583415,35.3582554517134,-7.425602162959567,-8.02379493328499,-1.6074177469988669,313.0,0.9815994534704139,38.65814696485623,-0.4174406139339953,-2.9910301271970363,-0.15703756762399484
14,1.8,30.0,70.0,1.8,1.0,0.01,0.0005,0.75,7,18,640.0,0.810326881798411,35.46875,-7.263159908546932,-7.937933263705855,-1.5698252611033563,313.0,0.9815994534704139,38.65814696485623,-0.4174406139339953,-2.9910301271970363,-0.15703756762399484
14,1.8,30.0,70.0,2.0,1.0,0.01,0.0007,0.5,7,18,724.0,0.7777909749585787,31.215469613259668,-10.869036887946004,-11.855796399304829,-1.9809298705736498,413.0,0.981582137633482,35.59322033898305,-0.6175806074198954,-3.345368482188338,-0.17763650437387846
16,2.2,30.0,70.0,1.5,1.0,0.01,0.0005,0.5,7,18,469.0,0.8475323954338663,41.57782515991471,-4.10710497007367,-5.354493153089058,-1.0323600520817764,231.0,0.9815266543782316,43.290043290043286,-0.2933057976314376,-3.2114143086873326,-0.13066512743507222
18,1.8,30.0,70.0,1.5,1.0,0.01,0.0005,0.75,7,18,616.0,0.8030356429627861,40.0974025974026,-6.815850818975032,-8.082360334933226,-1.5285124528267755,306.0,0.9815190374427172,42.810457516339866,-0.37677760664777454,-3.39194371866548,-0.14597891491749113
12,1.8,30.0,70.0,1.5,1.0,0.01,0.0007,0.5,8,17,670.0,0.8044132784167757,39.55223880597015,-8.084175062949543,-9.761681652860632,-1.6969831650250342,357.0,0.9814267200965836,42.57703081232493,-0.4765268536713484,-3.6895708295993423,-0.1644029489985909
14,2.0,30.0,70.0,1.5,1.0,0.01,0.0007,0.5,7,18,522.0,0.8499373698644518,40.42145593869732,-4.834997161441806,-6.241504285994004,-1.1023124474777157,282.0,0.9814143391493445,42.90780141843972,-0.3814766352190418,-3.7737833763591855,-0.14942629766281448
10,1.8,30.0,70.0,1.8,1.0,0.01,0.001,0.5,7,18,310.0,0.8461117142416751,34.83870967741935,-3.966852248024334,-5.547876288860021,-0.8936872685707886,250.0,0.9813503073880974,38.0,-0.4319577008422493,-2.3727616380649574,-0.14629007453617537
18,1.8,25.0,75.0,1.5,1.0,0.01,0.0005,0.5,8,17,533.0,0.75552970411084,38.46153846153847,-7.660075652904361,-8.645148476141184,-1.8211411565198967,261.0,0.9810775941522014,43.29501915708812,-0.34057612459093434,-4.200620625597251,-0.13279354424708736
20,2.2,30.0,70.0,1.5,1.0,0.01,0.001,0.5,7,18,166.0,0.7151207184060171,36.144578313253014,-3.954199733250334,-5.0260575615990515,-1.2237094876087022,119.0,0.9810150750737678,42.016806722689076,-0.2020432438388343,-2.44267532208986,-0.1001914835619239
18,1.8,25.0,75.0,1.8,1.0,0.01,0.001,0.5,7,18,217.0,0.7729851610744065,33.17972350230415,-4.207084171176103,-5.816936409242867,-1.0611657487051003,162.0,0.9806730765643386,38.2716049382716,-0.29786156713083983,-3.28060333102258,-0.12033162337058635
22,1.8,25.0,75.0,1.8,1.0,0.01,0.0007,0.5,7,18,345.0,0.752074396599579,33.04347826086956,-6.1386452683570685,-6.803952063398977,-1.4453013209375083,191.0,0.980659555966241,37.17277486910995,-0.3091680597055347,-3.2782580976415954,-0.12574059807480842
12,1.8,25.0,75.0,2.0,1.0,0.01,0.0005,0.5,8,17,790.0,0.8161607528686317,33.037974683544306,-8.97554790422857,-9.892332133579263,-1.7001146308505257,376.0,0.9805800475290837,35.638297872340424,-0.5575240053956623,-3.292765193886482,-0.17522237651595957
12,2.0,25.0,75.0,2.0,1.0,0.01,0.0007,0.5,7,18,494.0,0.808378630205153,31.57894736842105,-6.600605755168126,-7.923654456900763,-1.3998987507419727,265.0,0.9804838234217839,35.471698113207545,-0.4297357583664597,-3.549424932627643,-0.15517974753503755
18,1.8,25.0,75.0,1.8,1.0,0.01,0.0007,0.5,8,17,408.0,0.778977687565213,34.068627450980394,-6.312229711015734,-7.503514556918267,-1.4551997488125366,227.0,0.9803404028410051,37.88546255506608,-0.3586968764561607,-3.166459589433579,-0.1378222427525465
18,1.8,25.0,75.0,1.5,1.0,0.01,0.0007,0.5,8,17,408.0,0.7515702765772724,37.99019607843137,-6.685505200802854,-7.595990059798119,-1.6299987591750842,228.0,0.9803097540076061,42.98245614035088,-0.3300112527541387,-4.018571012057526,-0.1309899637297632
10,2.0,25.0,75.0,2.0,1.0,0.01,0.0007,0.5,7,18,510.0,0.8063010185642376,31.56862745098039,-6.87736592007106,-7.912471669663502,-1.4412439470274743,275.0,0.9802596098336263,35.27272727272727,-0.45142503865450634,-3.607806264819302,-0.16205902249098864
18,1.8,30.0,70.0,2.0,1.0,0.01,0.001,0.5,8,17,270.0,0.792042332839924,31.11111111111111,-4.939942111806868,-6.667556543945685,-1.0981788578860938,201.0,0.9801065599992805,34.82587064676617,-0.3893330103874359,-2.1546778112100373,-0.1404041508594614
16,1.8,25.0,75.0,1.5,1.0,0.01,0.0007,0.75,7,18,407.0,0.7911007538149317,39.06633906633907,-5.491846171574362,-6.032445692235799,-1.3168998808892995,217.0,0.9800384517319324,42.857142857142854,-0.31595681189572133,-3.470299903855645,-0.12905744160010635
24,1.8,25.0,75.0,2.0,1.0,0.01,0.0005,0.5,7,18,420.0,0.783346130019052,31.666666666666664,-5.943712822815178,-6.268605937873151,-1.3330854547272282,185.0,0.9799281538350837,35.13513513513514,-0.305908216797543,-3.039955333392841,-0.12874259077719644
10,1.8,25.0,75.0,2.0,1.0,0.01,0.0005,0.75,7,18,635.0,0.7969523946324589,32.59842519685039,-8.031828149195352,-8.469730369672279,-1.6811461276708797,311.0,0.9796989745632114,36.01286173633441,-0.47509084984398214,-3.3470855730194704,-0.1668500229501801
12,1.8,30.0,70.0,2.0,1.0,0.01,0.001,0.5,7,18,306.0,0.7758094414376078,30.392156862745097,-5.994205205303096,-7.325979058738918,-1.3014013528670858,248.0,0.979624125303097,35.08064516129033,-0.48825269778903024,-2.1970806436263257,-0.15917293131813923
18,1.8,30.0,70.0,2.0,1.0,0.01,0.001,0.75,8,17,197.0,0.6838478921945808,27.411167512690355,-5.704775829358823,-6.216529283271488,-1.548662200605671,134.0,0.9795845401001826,34.32835820895522,-0.27333140045422627,-1.8098018159879103,-0.12389883792554146
12,1.8,25.0,75.0,1.8,1.0,0.01,0.0007,0.5,8,17,598.0,0.816321361195928,34.78260869565217,-7.335392182226606,-8.432824809743556,-1.5191287770073254,324.0,0.9793194419751027,37.96296296296296,-0.5223238998551278,-2.7803549751916568,-0.1754977653004343
24,1.8,30.0,70.0,2.0,1.0,0.01,0.0005,0.75,8,17,449.0,0.7780631491643973,31.625835189309576,-6.673937895830222,-7.301250153361416,-1.5737376636179454,205.0,0.9792605481371548,35.609756097560975,-0.343659925474858,-2.942599093756637,-0.1460058913773235
18,2.2,25.0,75.0,1.5,1.0,0.01,0.001,0.75,7,18,103.0,0.551910578943452,30.097087378640776,-4.1868628424818235,-4.692846404866547,-1.5733103601580691,62.0,0.9792084639928081,41.935483870967744,-0.12144737327538678,-2.573568820414307,-0.07436845497000723
20,1.8,30.0,70.0,1.8,1.0,0.01,0.0005,0.5,8,17,745.0,0.83903757811417,36.10738255033557,-7.1888875083749015,-8.824861396184758,-1.4278247580556767,346.0,0.9791889025435211,38.4393063583815,-0.5244386971435051,-3.5339333183609156,-0.17970148832143396
12,1.8,30.0,70.0,1.8,1.0,0.01,0.001,0.5,7,18,306.0,0.8270856459579512,34.31372549019608,-4.414280376246261,-5.987976867050671,-1.0048220799261662,248.0,0.9789675658967011,37.903225806451616,-0.4796241172739064,-2.3727616380649574,-0.16282970766350333
18,1.8,30.0,70.0,1.8,1.0,0.01,0.001,0.75,7,18,212.0,0.7270917796982916,31.132075471698112,-5.018745048831843,-5.9923288171233935,-1.3292640849730815,157.0,0.9788862880595456,37.57961783439491,-0.3119257320419638,-2.15959362488346,-0.13093447621927531
22,2.4,25.0,75.0,2.0,1.0,0.01,0.0007,0.5,7,18,155.0,0.660827294616833,28.387096774193548,-4.274506855136788,-4.739744224003884,-1.3982357034479638,71.0,0.9787649152698923,35.2112676056338,-0.14632131561338613,-2.408824667438103,-0.0821516735857217
10,1.8,30.0,70.0,2.0,1.0,0.01,0.0005,0.75,7,18,643.0,0.7940311677278827,32.50388802488336,-8.237657828261199,-8.65937614673532,-1.721879423504361,313.0,0.978597325028938,36.102236421725244,-0.5028993101862034,-3.516476810032565,-0.17647168188690399
12,1.8,30.0,70.0,2.0,1.0,0.01,0.0005,0.75,7,18,642.0,0.7966072714767055,32.55451713395638,-8.114331802588804,-8.53662043718877,-1.6987584075302187,313.0,0.978597325028938,36.102236421725244,-0.5028993101862034,-3.516476810032565,-0.17647168188690399
14,1.8,30.0,70.0,2.0,1.0,0.01,0.0005,0.75,7,18,640.0,0.799999010286489,32.65625,-7.953028513606386,-8.504534398245834,-1.6624235230828348,313.0,0.978597325028938,36.102236421725244,-0.5028993101862034,-3.516476810032565,-0.17647168188690399
24,1.8,25.0,75.0,1.5,1.0,0.01,0.001,0.75,7,18,144.0,0.6577502332609798,33.33333333333333,-4.221643756095855,-4.547285007921142,-1.3059837371017706,88.0,0.9785692143308813,40.909090909090914,-0.170822892786764,-2.6201279164617675,-0.09731890154288267
18,2.2,25.0,75.0,1.8,1.0,0.01,0.001,0.75,7,18,103.0,0.5921715479518023,27.184466019417474,-3.951860807906578,-4.634789836248188,-1.3877927304770339,62.0,0.978045328184165,37.096774193548384,-0.13937019034481637,-2.401950454853685,-0.07847874930581505
22,2.2,25.0,75.0,2.0,1.0,0.01,0.0005,0.75,7,18,177.0,0.6832840460924495,29.943502824858758,-4.1827891216562785,-4.746488137046145,-1.324473201394234,80.0,0.9780040115992495,35.0,-0.15697177846510385,-2.674159205043858,-0.0872847153320803
20,1.8,30.0,70.0,1.5,1.0,0.01,0.001,0.5,8,17,262.0,0.7594241370778461,37.404580152671755,-5.081467213988417,-6.441459379406966,-1.2599517032671759,187.0,0.9778508741918083,42.24598930481284,-0.34884712802449935,-2.794495513097306,-0.1403435457546045
16,1.8,30.0,70.0,1.8,1.0,0.01,0.0005,0.75,7,18,635.0,0.8192697815696651,35.74803149606299,-6.862177744837791,-7.539877246821936,-1.4882979527698048,312.0,0.977798726584315,38.46153846153847,-0.4962968604602611,-2.9909146693225197,-0.1870330693124741
10,1.8,25.0,75.0,1.5,1.0,0.01,0.001,0.5,7,18,295.0,0.7498224036587385,36.610169491525426,-5.894414559017223,-7.090317231992371,-1.432091751444115,242.0,0.9777757359859549,42.561983471074385,-0.4528832813356166,-2.853646072007321,-0.16145646152463988
20,1.8,30.0,70.0,2.0,1.0,0.01,0.0005,0.5,8,17,743.0,0.8213685676357168,33.24360699865411,-8.279347707981941,-9.289751915317856,-1.583578111481633,344.0,0.9776512966617914,35.75581395348838,-0.5842438567868885,-3.6218995416691158,-0.19040320905333555
20,1.8,30.0,70.0,1.8,1.0,0.01,0.0007,0.5,8,17,561.0,0.821707850979832,34.93761140819964,-6.757333885864118,-8.062243597740615,-1.3883056405914544,299.0,0.9774370841532048,38.12709030100335,-0.5237925363214708,-3.233507693517923,-0.18277557051530327
12,1.8,25.0,75.0,1.5,1.0,0.01,0.0007,0.5,7,18,670.0,0.8198356513128697,39.850746268656714,-7.369308948611597,-9.024649817573394,-1.4881245760559771,382.0,0.9770868770407881,43.19371727748691,-0.6131128540081773,-3.979987125207174,-0.1985565884725079
14,1.8,30.0,70.0,2.0,1.0,0.01,0.0007,0.5,8,17,649.0,0.7923668469373732,31.895223420647152,-9.27289403845878,-10.374836190330017,-1.7951091601578795,351.0,0.9770507106765032,35.04273504273504,-0.6528391850448679,-2.9712911057359404,-0.20378238045162114
22,1.8,25.0,75.0,2.0,1.0,0.01,0.001,0.5,7,18,178.0,0.7140299029120095,28.651685393258425,-4.66432750723523,-5.34663867689722,-1.2091168400914822,128.0,0.9767808920026538,34.375,-0.30151708749612227,-2.209818273964581,-0.1242319685661645
12,1.8,25.0,75.0,2.0,1.0,0.01,0.0007,0.5,7,18,666.0,0.7952019709455941,31.681681681681685,-9.292158474693025,-10.364857594162945,-1.7097679347352412,379.0,0.9767105837404989,35.62005277044855,-0.705540125416519,-3.291370557619555,-0.20647059845678353
24,2.4,25.0,75.0,1.8,1.0,0.01,0.001,0.5,7,18,84.0,0.5696665879920859,26.190476190476193,-3.508140660871322,-4.2898205044102795,-1.3537372595792405,51.0,0.9766208569090551,37.254901960784316,-0.12365218835831912,-2.294662440386541,-0.07466212703056317
22,2.0,30.0,70.0,1.5,1.0,0.01,0.001,0.75,7,18,156.0,0.6190036260035868,32.69230769230769,-5.175578932136523,-5.827663413592676,-1.6616801210679482,99.0,0.9763792800004325,41.41414141414141,-0.20808265188157746,-2.5340830238564704,-0.11258962267699446
10,2.2,25.0,75.0,1.8,1.0,0.01,0.001,0.5,7,18,173.0,0.7105974564092585,31.213872832369944,-4.452966518734538,-5.736807811748113,-1.283704001049532,123.0,0.9763257808120307,37.39837398373984,-0.2804447720794815,-2.244747716248341,-0.12809158259560877
10,2.2,30.0,70.0,1.8,1.0,0.01,0.001,0.5,7,18,175.0,0.7163352908717138,31.428571428571427,-4.404704056859446,-5.689150771097006,-1.2583284418197473,123.0,0.9763257808120307,37.39837398373984,-0.2804447720794815,-2.244747716248341,-0.12809158259560877
12,2.2,30.0,70.0,1.8,1.0,0.01,0.001,0.5,7,18,174.0,0.7226230155203949,31.60919540229885,-4.2730724868383,-5.559297767689786,-1.2259370956763984,123.0,0.9763257808120307,37.39837398373984,-0.2804447720794815,-2.244747716248341,-0.12809158259560877
14,2.2,30.0,70.0,1.8,1.0,0.01,0.001,0.5,7,18,174.0,0.7226230155203949,31.60919540229885,-4.2730724868383,-5.559297767689786,-1.2259370956763984,123.0,0.9763257808120307,37.39837398373984,-0.2804447720794815,-2.244747716248341,-0.12809158259560877
16,2.2,30.0,70.0,1.8,1.0,0.01,0.001,0.5,7,18,173.0,0.7294460390988761,31.79190751445087,-4.132703540495149,-5.4207933174181715,-1.1901284229581333,123.0,0.9763257808120307,37.39837398373984,-0.2804447720794815,-2.244747716248341,-0.12809158259560877
18,2.0,30.0,70.0,2.0,1.0,0.01,0.001,0.5,7,18,224.0,0.795722822541199,30.357142857142854,-4.022352890114871,-5.569988427725092,-0.9981667449195623,165.0,0.9763108531625824,35.15151515151515,-0.3821286789239093,-2.035396980489268,-0.15456472273945818
22,1.8,25.0,75.0,2.0,1.0,0.01,0.0007,0.5,8,17,310.0,0.7408531837556812,30.32258064516129,-6.08522521112518,-6.147339032559163,-1.4690894231737335,167.0,0.9762912631731969,34.13173652694611,-0.3516525367514987,-2.3022514832341967,-0.14197108464070968
14,2.0,25.0,75.0,1.8,1.0,0.01,0.0005,0.5,7,18,624.0,0.8468238749332971,36.378205128205124,-5.670704804633115,-6.637181165376149,-1.2393613575538585,306.0,0.9762726616208711,37.908496732026144,-0.5175463536894677,-3.2712224868994833,-0.19854250068430118
16,2.0,25.0,75.0,1.5,1.0,0.01,0.001,1.0,7,18,104.0,0.678635932509032,34.61538461538461,-2.88476663928579,-3.709883887417953,-1.09423357388578,55.0,0.9760052950330297,41.81818181818181,-0.12355660580873518,-2.420485733175659,-0.0789520595113904
18,2.0,25.0,75.0,1.5,1.0,0.01,0.001,1.0,7,18,101.0,0.6501704205347658,33.663366336633665,-3.0937192177788164,-3.9170613733829907,-1.1862858633140143,55.0,0.9760052950330297,41.81818181818181,-0.12355660580873518,-2.420485733175659,-0.0789520595113904
22,2.0,30.0,70.0,1.5,1.0,0.01,0.001,1.0,7,18,105.0,0.6700104802879762,34.285714285714285,-2.99810345185886,-3.8222660029094913,-1.1358937873463508,55.0,0.9760052950330297,41.81818181818181,-0.12355660580873518,-2.420485733175659,-0.0789520595113904
24,2.0,30.0,70.0,1.5,1.0,0.01,0.001,1.0,7,18,103.0,0.6881786448914131,34.95145631067961,-2.7623857193796173,-3.5885533134498715,-1.0422154714134388,55.0,0.9760052950330297,41.81818181818181,-0.12355660580873518,-2.420485733175659,-0.0789520595113904
20,2.4,30.0,70.0,2.0,1.0,0.01,0.001,0.5,7,18,121.0,0.5462262844150964,23.140495867768596,-5.349519485236542,-6.260977963447168,-1.774643939418607,78.0,0.9758352363713694,34.61538461538461,-0.19540643245218237,-2.791060242997845,-0.10161877057606984
12,1.8,30.0,70.0,2.0,1.0,0.01,0.001,0.5,8,17,289.0,0.7703903066954688,30.44982698961938,-5.854257496931077,-7.019207436448016,-1.3250331986402781,221.0,0.9758192468425381,34.38914027149321,-0.5089355788989814,-2.1191872057032546,-0.1763586066621668
24,1.8,25.0,75.0,2.0,1.0,0.01,0.0007,0.5,7,18,310.0,0.7871237111842689,31.290322580645164,-4.895731332428422,-5.530801432982557,-1.1431397017041138,160.0,0.975695788368947,34.375,-0.34005880702730795,-2.996593907342726,-0.1450471976175966
22,1.8,30.0,70.0,2.0,1.0,0.01,0.0007,0.75,8,17,374.0,0.7532155133698217,30.481283422459892,-6.777370020696908,-7.215129600267344,-1.6301464793223588,189.0,0.975513247073574,34.92063492063492,-0.3887477481062706,-2.6058793968381067,-0.16490147418284615
16,2.2,25.0,75.0,1.8,1.0,0.01,0.001,0.5,7,18,156.0,0.7265735918721573,32.05128205128205,-3.786126121572797,-4.838258358670999,-1.1482348558676476,105.0,0.9753663216978845,37.142857142857146,-0.24883445936684437,-2.1347882343674462,-0.11957810432750644
18,2.0,30.0,70.0,1.8,1.0,0.01,0.0007,0.5,7,18,491.0,0.8354971008185769,34.82688391038696,-5.420681789961819,-6.725091339838474,-1.1696271334451591,267.0,0.9753045492462129,38.20224719101123,-0.5153864782757227,-3.0687609343279743,-0.197812416217438
22,2.2,25.0,75.0,1.8,1.0,0.01,0.0007,0.75,7,18,149.0,0.6819771468113103,31.543624161073826,-3.70972396870704,-4.294967051194353,-1.2407470737657846,68.0,0.9749859303448447,38.23529411764706,-0.1564207913977225,-2.5985966663109927,-0.09175080317612452
10,2.2,25.0,75.0,1.8,1.0,0.01,0.001,1.0,7,18,74.0,0.5356429235571925,25.675675675675674,-3.2819543190535665,-3.6884084197218225,-1.4729597589498011,35.0,0.9749382518086299,40.0,-0.09147139530625281,-1.7717358968217023,-0.06705580051879094
10,2.2,30.0,70.0,1.8,1.0,0.01,0.001,1.0,7,18,74.0,0.5356429235571925,25.675675675675674,-3.2819543190535665,-3.6884084197218225,-1.4729597589498011,35.0,0.9749382518086299,40.0,-0.09147139530625281,-1.7717358968217023,-0.06705580051879094
12,2.2,25.0,75.0,1.8,1.0,0.01,0.001,1.0,7,18,74.0,0.5356429235571925,25.675675675675674,-3.2819543190535665,-3.6884084197218225,-1.4729597589498011,35.0,0.9749382518086299,40.0,-0.09147139530625281,-1.7717358968217023,-0.06705580051879094
12,2.2,30.0,70.0,1.8,1.0,0.01,0.001,1.0,7,18,74.0,0.5356429235571925,25.675675675675674,-3.2819543190535665,-3.6884084197218225,-1.4729597589498011,35.0,0.9749382518086299,40.0,-0.09147139530625281,-1.7717358968217023,-0.06705580051879094
14,2.2,25.0,75.0,1.8,1.0,0.01,0.001,1.0,7,18,74.0,0.5356429235571925,25.675675675675674,-3.2819543190535665,-3.6884084197218225,-1.4729597589498011,35.0,0.9749382518086299,40.0,-0.09147139530625281,-1.7717358968217023,-0.06705580051879094
14,2.2,30.0,70.0,1.8,1.0,0.01,0.001,1.0,7,18,74.0,0.5356429235571925,25.675675675675674,-3.2819543190535665,-3.6884084197218225,-1.4729597589498011,35.0,0.9749382518086299,40.0,-0.09147139530625281,-1.7717358968217023,-0.06705580051879094
16,2.2,25.0,75.0,1.8,1.0,0.01,0.001,1.0,7,18,74.0,0.5356429235571925,25.675675675675674,-3.2819543190535665,-3.6884084197218225,-1.4729597589498011,35.0,0.9749382518086299,40.0,-0.09147139530625281,-1.7717358968217023,-0.06705580051879094
16,2.2,30.0,70.0,1.8,1.0,0.01,0.001,1.0,7,18,74.0,0.5356429235571925,25.675675675675674,-3.2819543190535665,-3.6884084197218225,-1.4729597589498011,35.0,0.9749382518086299,40.0,-0.09147139530625281,-1.7717358968217023,-0.06705580051879094
18,2.2,25.0,75.0,1.8,1.0,0.01,0.001,1.0,7,18,72.0,0.522683786976536,25.0,-3.3158098304673693,-3.722125320354719,-1.4912176401255817,35.0,0.9749382518086299,40.0,-0.09147139530625281,-1.7717358968217023,-0.06705580051879094
18,2.2,30.0,70.0,1.8,1.0,0.01,0.001,1.0,7,18,74.0,0.5356429235571925,25.675675675675674,-3.2819543190535665,-3.6884084197218225,-1.4729597589498011,35.0,0.9749382518086299,40.0,-0.09147139530625281,-1.7717358968217023,-0.06705580051879094
20,2.2,25.0,75.0,1.8,1.0,0.01,0.001,1.0,7,18,68.0,0.5252473673642687,25.0,-3.1180696309327685,-3.5252167855054917,-1.3993148717556878,35.0,0.9749382518086299,40.0,-0.09147139530625281,-1.7717358968217023,-0.06705580051879094
20,2.2,30.0,70.0,1.8,1.0,0.01,0.001,1.0,7,18,74.0,0.5356429235571925,25.675675675675674,-3.2819543190535665,-3.6884084197218225,-1.4729597589498011,35.0,0.9749382518086299,40.0,-0.09147139530625281,-1.7717358968217023,-0.06705580051879094
22,2.2,30.0,70.0,1.8,1.0,0.01,0.001,1.0,7,18,74.0,0.5356429235571925,25.675675675675674,-3.2819543190535665,-3.6884084197218225,-1.4729597589498011,35.0,0.9749382518086299,40.0,-0.09147139530625281,-1.7717358968217023,-0.06705580051879094
24,2.2,30.0,70.0,1.8,1.0,0.01,0.001,1.0,7,18,73.0,0.5452112383605735,26.027397260273972,-3.1600901737482125,-3.5670794886987323,-1.405367298334979,35.0,0.9749382518086299,40.0,-0.09147139530625281,-1.7717358968217023,-0.06705580051879094
20,1.8,30.0,70.0,1.8,1.0,0.01,0.001,0.5,8,17,261.0,0.8349556588222561,34.86590038314176,-3.636482644886164,-5.403512752194928,-0.856546128379988,187.0,0.9746943617588583,37.4331550802139,-0.43053960705130523,-2.2905698357449267,-0.16666692475645994
10,1.8,25.0,75.0,1.5,1.0,0.01,0.0007,0.5,8,17,634.0,0.7987104196033127,39.27444794952682,-7.924858381805752,-9.481974326935848,-1.7088926187821698,347.0,0.9746232898216672,42.363112391930834,-0.622517217872155,-3.3946295342003774,-0.219748148216722
16,1.8,30.0,70.0,2.0,1.0,0.01,0.0005,0.75,7,18,635.0,0.8084663350341084,32.91338582677165,-7.554910549727083,-8.108888574611829,-1.5837115266337956,312.0,0.9744973587121736,35.8974358974359,-0.5917441785055234,-3.516524057628845,-0.20807869775677024
24,1.8,30.0,70.0,2.0,1.0,0.01,0.0005,0.75,7,18,539.0,0.8051121521051317,32.6530612244898,-6.708332753755421,-7.1863416359577155,-1.4610363585110426,259.0,0.9744570229133053,35.907335907335906,-0.502397992988408,-3.264341096397183,-0.1926241304576694
14,1.8,30.0,70.0,1.5,1.0,0.01,0.0005,0.5,8,17,869.0,0.8119101695043444,40.27617951668584,-8.983315801341268,-10.888534697334284,-1.8613119220595602,410.0,0.9744530320523673,42.68292682926829,-0.6892096295842203,-3.6428933787902684,-0.23355144152031332
12,1.8,25.0,75.0,2.0,1.0,0.01,0.001,0.5,7,18,284.0,0.7894630228005949,30.633802816901408,-5.2254770446391925,-6.968353674032313,-1.1642548212505386,228.0,0.974204397553745,35.08771929824561,-0.5578790792028303,-2.454493823842341,-0.18420396178752294
18,1.8,30.0,70.0,2.0,1.0,0.01,0.001,0.5,7,18,285.0,0.8032364561938145,31.2280701754386,-4.886475542035587,-6.735978707891022,-1.0407734081644684,227.0,0.9742004925365317,35.24229074889868,-0.5592113427182266,-2.2337878792860755,-0.18713492451086636
10,1.8,25.0,75.0,2.0,1.0,0.01,0.0007,0.5,7,18,706.0,0.7686547930604977,30.878186968838527,-11.068288497532121,-11.789668032814637,-2.0369016323549864,405.0,0.9737264563080916,35.30864197530864,-0.8439241409875466,-3.353864357504377,-0.24459932586279792
14,1.8,30.0,70.0,1.5,1.0,0.01,0.0007,0.5,7,18,729.0,0.8143572008710119,39.78052126200274,-8.197461409911922,-9.863671758016013,-1.6234681594003628,416.0,0.9737186078030048,43.02884615384615,-0.758839742149521,-4.012391418479333,-0.24228654332572017
24,2.2,25.0,75.0,2.0,1.0,0.01,0.001,1.0,8,17,52.0,0.5024667132204416,23.076923076923077,-2.651454220416872,-2.9329459317435136,-1.3100847616034301,28.0,0.9736939852976576,35.714285714285715,-0.0830453801564363,-1.377733986028451,-0.06560247068071687
20,2.0,30.0,70.0,1.5,1.0,0.01,0.0007,0.5,7,18,474.0,0.8458709209082897,40.29535864978903,-4.571362321166634,-6.395371140584238,-1.042100806912689,255.0,0.9735822853920285,42.745098039215684,-0.48058388817853487,-3.9472667635525593,-0.19150355169347502
10,1.8,30.0,70.0,1.5,1.0,0.01,0.0007,0.5,8,17,675.0,0.8105035193872487,39.7037037037037,-7.887994392258115,-9.637481905769596,-1.6479254275577457,359.0,0.9735330823997099,42.33983286908078,-0.6685380652405911,-3.8753830968679126,-0.22941167304967414
10,2.0,25.0,75.0,2.0,1.0,0.01,0.001,1.0,7,18,105.0,0.6641328958213358,26.666666666666668,-3.352533761412578,-4.62965992251716,-1.1354887273933272,56.0,0.9734665022416077,33.92857142857143,-0.15730977335457283,-2.1338112796104647,-0.09081419955108855
10,2.0,30.0,70.0,2.0,1.0,0.01,0.001,1.0,7,18,105.0,0.6641328958213358,26.666666666666668,-3.352533761412578,-4.62965992251716,-1.1354887273933272,56.0,0.9734665022416077,33.92857142857143,-0.15730977335457283,-2.1338112796104647,-0.09081419955108855
12,2.0,25.0,75.0,2.0,1.0,0.01,0.001,1.0,7,18,105.0,0.6641328958213358,26.666666666666668,-3.352533761412578,-4.62965992251716,-1.1354887273933272,56.0,0.9734665022416077,33.92857142857143,-0.15730977335457283,-2.1338112796104647,-0.09081419955108855
12,2.0,30.0,70.0,2.0,1.0,0.01,0.001,1.0,7,18,105.0,0.6641328958213358,26.666666666666668,-3.352533761412578,-4.62965992251716,-1.1354887273933272,56.0,0.9734665022416077,33.92857142857143,-0.15730977335457283,-2.1338112796104647,-0.09081419955108855
14,2.0,25.0,75.0,2.0,1.0,0.01,0.001,1.0,7,18,105.0,0.6641328958213358,26.666666666666668,-3.352533761412578,-4.62965992251716,-1.1354887273933272,56.0,0.9734665022416077,33.92857142857143,-0.15730977335457283,-2.1338112796104647,-0.09081419955108855
14,2.0,30.0,70.0,2.0,1.0,0.01,0.001,1.0,7,18,105.0,0.6641328958213358,26.666666666666668,-3.352533761412578,-4.62965992251716,-1.1354887273933272,56.0,0.9734665022416077,33.92857142857143,-0.15730977335457283,-2.1338112796104647,-0.09081419955108855
16,2.0,30.0,70.0,2.0,1.0,0.01,0.001,1.0,7,18,105.0,0.6641328958213358,26.666666666666668,-3.352533761412578,-4.62965992251716,-1.1354887273933272,56.0,0.9734665022416077,33.92857142857143,-0.15730977335457283,-2.1338112796104647,-0.09081419955108855
18,2.0,30.0,70.0,2.0,1.0,0.01,0.001,1.0,7,18,105.0,0.6641328958213358,26.666666666666668,-3.352533761412578,-4.62965992251716,-1.1354887273933272,56.0,0.9734665022416077,33.92857142857143,-0.15730977335457283,-2.1338112796104647,-0.09081419955108855
20,2.0,30.0,70.0,2.0,1.0,0.01,0.001,1.0,7,18,105.0,0.6641328958213358,26.666666666666668,-3.352533761412578,-4.62965992251716,-1.1354887273933272,56.0,0.9734665022416077,33.92857142857143,-0.15730977335457283,-2.1338112796104647,-0.09081419955108855
24,1.8,30.0,70.0,2.0,1.0,0.01,0.0007,0.75,7,18,407.0,0.7766657530258309,30.95823095823096,-6.55100493632246,-7.5646922932829375,-1.4652304278889083,215.0,0.9734352209085729,35.348837209302324,-0.47279873964784197,-3.1417707828962027,-0.1820703955944062
16,2.0,25.0,75.0,2.0,1.0,0.01,0.0007,0.5,7,18,417.0,0.7788500745071293,30.935251798561154,-6.61058507867343,-7.389282945676401,-1.5345055755641244,221.0,0.9732503069836212,34.841628959276015,-0.4843089816800602,-3.37042964016262,-0.17831012050557118
12,1.8,25.0,75.0,1.8,1.0,0.01,0.0005,0.5,8,17,792.0,0.8282402437421121,35.73232323232323,-8.089268135431885,-9.572369026759064,-1.6070518496777164,378.0,0.9731461275208586,38.095238095238095,-0.7243069222037775,-3.140907513161195,-0.23981286006061395
16,2.0,25.0,75.0,2.0,1.0,0.01,0.0005,0.5,7,18,557.0,0.8240399968676787,33.39317773788151,-6.187943385071049,-7.117662153708437,-1.3679932934412815,268.0,0.9730741539183348,35.44776119402985,-0.5397232927539881,-3.494498603722873,-0.1969210751149128
12,1.8,25.0,75.0,1.5,1.0,0.01,0.001,0.5,7,18,285.0,0.7590916333079364,36.84210526315789,-5.471560028041804,-6.762250716685481,-1.3464246428488391,228.0,0.9729561685494584,42.54385964912281,-0.5128011427667661,-3.0968741229235985,-0.1826146322809126
10,1.8,30.0,70.0,1.5,1.0,0.01,0.001,0.75,7,18,217.0,0.6909218502292033,34.56221198156682,-5.552330122068088,-6.307745008573507,-1.561270511790297,159.0,0.972933696278707,42.138364779874216,-0.36638111825888703,-3.1762296836255643,-0.15961524081278042
12,1.8,30.0,70.0,1.5,1.0,0.01,0.001,0.75,7,18,216.0,0.6961210978695167,34.72222222222222,-5.422322584913363,-6.178736793137485,-1.5307705554930089,159.0,0.972933696278707,42.138364779874216,-0.36638111825888703,-3.1762296836255643,-0.15961524081278042
14,1.8,30.0,70.0,1.5,1.0,0.01,0.001,0.75,7,18,216.0,0.6961210978695167,34.72222222222222,-5.422322584913363,-6.178736793137485,-1.5307705554930089,159.0,0.972933696278707,42.138364779874216,-0.36638111825888703,-3.1762296836255643,-0.15961524081278042
16,1.8,30.0,70.0,1.5,1.0,0.01,0.001,0.75,7,18,215.0,0.7017483909665122,34.883720930232556,-5.283679409256547,-6.041184657960363,-1.486970633451219,159.0,0.972933696278707,42.138364779874216,-0.36638111825888703,-3.1762296836255643,-0.15961524081278042
22,2.4,25.0,75.0,1.8,1.0,0.01,0.001,0.5,8,17,84.0,0.5784755937542986,27.380952380952383,-3.441315152260886,-4.471517826154026,-1.3764633084523978,52.0,0.972480518124617,36.53846153846153,-0.14450919854853056,-1.7975736203051151,-0.08781403729361344
16,1.8,25.0,75.0,1.5,1.0,0.01,0.001,0.5,8,17,228.0,0.782889682179965,38.15789473684211,-3.9897291276510263,-5.142977596045839,-1.0564525865349048,159.0,0.972260700597139,42.138364779874216,-0.3729709326909324,-3.298370190868538,-0.15679714646905943
18,1.8,30.0,70.0,1.5,1.0,0.01,0.0007,0.5,7,18,669.0,0.825167641373703,40.059790732436475,-7.149165570676342,-9.203084845248622,-1.3962451113237817,378.0,0.9722260055226815,43.12169312169312,-0.7328460644138431,-4.1033141203950185,-0.24235132911450227
16,2.0,30.0,70.0,1.5,1.0,0.01,0.0005,0.5,8,17,574.0,0.853418557847574,41.11498257839721,-4.80642858281928,-6.531655438196127,-1.1479466627300623,265.0,0.9717257298856875,41.88679245283019,-0.49832309560773863,-3.099044818028973,-0.2181561436186209
14,1.8,25.0,75.0,1.5,1.0,0.01,0.001,0.5,7,18,260.0,0.7312925052148821,36.15384615384615,-5.631469008904841,-6.67146281620562,-1.3947757073932856,203.0,0.9716034412452154,42.857142857142854,-0.4829076003561022,-3.7932898262652115,-0.1804014473062892
22,1.8,30.0,70.0,1.8,1.0,0.01,0.0007,0.75,7,18,428.0,0.782663940462724,33.64485981308411,-6.405641122747875,-6.8937988883599814,-1.4548608132435943,227.0,0.9714171490945387,37.88546255506608,-0.5055183574521652,-2.879006675971363,-0.20088216146037105
20,1.8,30.0,70.0,2.0,1.0,0.01,0.0007,0.5,8,17,561.0,0.8014095149100304,32.0855614973262,-7.823706115818604,-8.996106252646928,-1.5472671622553755,298.0,0.9712886859073979,35.23489932885906,-0.6857672970565,-3.3527511904718033,-0.22811344825988292
18,2.2,25.0,75.0,2.0,1.0,0.01,0.001,0.75,7,18,103.0,0.5030350232519788,21.35922330097087,-5.119608562441845,-5.654105705811885,-1.7424873019065137,62.0,0.9711101019323812,33.87096774193548,-0.1882057521421484,-2.28733944013807,-0.10332100278098133
10,1.8,25.0,75.0,1.5,1.0,0.01,0.0005,0.75,7,18,636.0,0.8097381923578952,40.25157232704403,-6.76486515708275,-7.9487949956638,-1.5309434137299065,312.0,0.9707132853762438,42.628205128205124,-0.5912012158684411,-3.6636127506849414,-0.2287677863744789
10,1.8,30.0,70.0,2.0,1.0,0.01,0.001,0.5,8,17,292.0,0.784930449163818,30.82191780821918,-5.529335869989409,-6.698311608908048,-1.244594708711856,222.0,0.9706370288763799,34.234234234234236,-0.6122429004069272,-2.1191872057032546,-0.21224414570073852
10,1.8,25.0,75.0,1.8,1.0,0.01,0.001,0.75,7,18,216.0,0.7421197132689432,31.48148148148148,-4.824408422868618,-5.799955728490492,-1.301522684927611,158.0,0.9705986561364145,37.34177215189873,-0.4272699299433043,-2.2727939666412733,-0.17927456230117875
16,1.8,25.0,75.0,1.5,1.0,0.01,0.0007,0.5,8,17,478.0,0.8066956655265715,39.33054393305439,-5.930401436695302,-7.062352790765214,-1.3738388621358186,254.0,0.9705648048611681,42.51968503937008,-0.5332698429835364,-3.8717925645467055,-0.20240248155138815
16,2.0,25.0,75.0,1.8,1.0,0.01,0.0005,0.5,7,18,557.0,0.8587868024420249,36.62477558348294,-4.75732666778009,-5.9416819458519505,-1.0745690969918937,268.0,0.9704428351099359,38.059701492537314,-0.5638329318972137,-3.4677478242329696,-0.21936141877737894
10,1.8,25.0,75.0,2.0,1.0,0.01,0.001,0.75,8,17,201.0,0.702867585928497,27.860696517412936,-5.457194255164922,-5.970308619879217,-1.5047206388697616,135.0,0.9703300523734112,34.074074074074076,-0.38866759540609563,-1.880275414878585,-0.1758512905938153
10,1.8,25.0,75.0,2.0,1.0,0.01,0.0007,0.5,8,17,633.0,0.7796219647849661,31.437598736176938,-9.630563059546256,-10.42976094420216,-1.8848940187377354,345.0,0.9700674682895238,34.78260869565217,-0.8244426849612501,-3.0695665615978696,-0.2592358298463746
16,1.8,25.0,75.0,2.0,1.0,0.01,0.0007,0.5,8,17,478.0,0.8002720024390961,32.00836820083682,-6.81541634955358,-7.789327498158238,-1.4435225089192523,253.0,0.9700627772681967,34.78260869565217,-0.6147325749623814,-3.170712504162998,-0.21176123154810841
20,2.0,25.0,75.0,2.0,1.0,0.01,0.001,1.0,7,18,97.0,0.6380968395320529,25.773195876288657,-3.385695969601675,-4.662380564143708,-1.1958904087772366,53.0,0.9699756179093925,33.9622641509434,-0.16906665358928874,-2.1337972185819676,-0.09811354088955165
12,1.8,30.0,70.0,1.5,1.0,0.01,0.0005,0.5,8,17,895.0,0.8181088521417662,40.5586592178771,-8.89998867762426,-10.849291670526373,-1.8156160184327004,414.0,0.9694955968573908,42.51207729468599,-0.8248572037605663,-4.034141886323139,-0.2778874599564719
24,2.0,30.0,70.0,1.8,1.0,0.01,0.0007,0.5,7,18,416.0,0.8339662087578558,34.855769230769226,-4.734951700983056,-6.214838009206125,-1.0880126413905784,221.0,0.9694748569835593,38.009049773755656,-0.5285301364303086,-3.3344030495515486,-0.21553608440056865
22,2.2,25.0,75.0,1.5,1.0,0.01,0.0005,0.75,7,18,177.0,0.7880397404916761,41.80790960451977,-2.431080938143223,-3.6903102836257418,-0.8435397291933981,80.0,0.9693037154804316,42.5,-0.1881019652201394,-2.624464553163164,-0.11795880384197566
22,2.2,30.0,70.0,2.0,1.0,0.01,0.0007,0.5,7,18,332.0,0.7892663837374713,31.92771084337349,-5.0960720260944985,-6.517480114855168,-1.2418302893279283,166.0,0.9692664053400658,35.54216867469879,-0.4319538605621528,-2.8263719307611512,-0.18447127129701393
12,1.8,25.0,75.0,1.8,1.0,0.01,0.001,0.5,7,18,284.0,0.8286689885564037,34.154929577464785,-4.068674825007638,-5.790019983675865,-0.9582312776552233,228.0,0.9692265139822144,37.719298245614034,-0.6301429411695062,-2.4857823890194197,-0.21665795485262154
14,1.8,30.0,70.0,2.0,1.0,0.01,0.0005,0.5,8,17,864.0,0.8110812339327802,32.98611111111111,-9.97998635063801,-11.097391070560136,-1.8705908546693797,407.0,0.9691115907576934,35.13513513513514,-0.9342265398358904,-3.3651104506721707,-0.2874191542301325
14,1.8,30.0,70.0,1.8,1.0,0.01,0.0007,0.5,7,18,725.0,0.8233380346280783,34.89655172413793,-8.309745972254442,-9.777947832966582,-1.5627582092099388,415.0,0.9690836768406078,38.0722891566265,-0.961841330096031,-3.2779666912459593,-0.29444944364642134
18,1.8,30.0,70.0,1.8,1.0,0.01,0.001,0.5,7,18,285.0,0.8418634455637468,34.73684210526316,-3.757415183479243,-5.565316413927357,-0.8445042212805519,227.0,0.9690358019867915,37.88546255506608,-0.6350202016074218,-2.403083845084064,-0.2214456655295596
22,2.0,25.0,75.0,1.5,1.0,0.01,0.001,0.75,7,18,122.0,0.5315182155176602,29.508196721311474,-5.277839116937702,-5.786317929076978,-1.8704768691241491,76.0,0.9689775064203084,40.78947368421053,-0.20918573027787715,-2.088046464462545,-0.12495424743508361
22,1.8,25.0,75.0,2.0,1.0,0.01,0.0005,0.5,7,18,472.0,0.7533668317576746,31.14406779661017,-7.573309202051333,-7.647330676285369,-1.6631235354758729,225.0,0.9687358980277604,35.11111111111111,-0.5502759628020432,-3.1515996730620888,-0.21026716852199887
16,1.8,25.0,75.0,1.5,1.0,0.01,0.001,0.75,7,18,197.0,0.7005698382993456,35.025380710659896,-4.873178550790799,-5.4359586806574605,-1.3788436861390605,136.0,0.9685959327993701,41.911764705882355,-0.36112209256871214,-3.229343206595092,-0.16181509823358736
16,2.0,25.0,75.0,1.5,1.0,0.01,0.001,0.5,7,18,199.0,0.7805185032047969,37.185929648241206,-3.5042329408196022,-4.231337533605273,-1.0133603649510592,137.0,0.9685745055817516,42.33576642335766,-0.366517953138773,-3.4060661643807055,-0.1636029587386308
16,1.8,25.0,75.0,2.0,1.0,0.01,0.0005,0.5,7,18,743.0,0.809411505640396,32.83983849259758,-8.658074786868893,-8.747777500113518,-1.6674715085496623,362.0,0.9684076553562159,35.635359116022094,-0.8331522050100102,-4.172952433125943,-0.2588791812900245
16,1.8,25.0,75.0,1.8,1.0,0.01,0.0007,0.5,8,17,478.0,0.8332508553620271,35.146443514644346,-5.457143357321311,-6.505361909833685,-1.19033147473032,253.0,0.9682845428056857,37.54940711462451,-0.6210441915650153,-3.3221317197161593,-0.22623311185661354
16,1.8,30.0,70.0,1.8,1.0,0.01,0.001,0.5,8,17,277.0,0.8140856550371623,33.935018050541515,-4.352133506565824,-6.009835714375223,-1.0473383384883888,210.0,0.9678597247924345,37.142857142857146,-0.6057235634012068,-2.126199722631694,-0.22796979210922588
16,2.0,25.0,75.0,1.5,1.0,0.01,0.001,0.75,7,18,152.0,0.6211198721200079,32.89473684210527,-5.027489043229325,-5.6805989885127754,-1.616932179193075,97.0,0.9678144265464754,41.23711340206185,-0.27276812957261426,-2.5972607797883906,-0.14762986543047743
10,1.8,30.0,70.0,1.5,1.0,0.01,0.0005,0.75,7,18,644.0,0.8075478943839219,40.21739130434783,-6.919361895254387,-8.109045037335372,-1.5603612306918364,314.0,0.9675376888599525,42.675159235668794,-0.6580292999523226,-3.7283684313239696,-0.2547740333515585
12,1.8,30.0,70.0,1.5,1.0,0.01,0.0005,0.75,7,18,643.0,0.8104824405971331,40.27993779160187,-6.794260987306479,-7.985560854151597,-1.5354232828097283,314.0,0.9675376888599525,42.675159235668794,-0.6580292999523226,-3.7283684313239696,-0.2547740333515585
14,1.8,30.0,70.0,1.5,1.0,0.01,0.0005,0.75,7,18,641.0,0.8143495877337145,40.40561622464899,-6.630567019614155,-7.899665035212888,-1.4961005204501534,314.0,0.9675376888599525,42.675159235668794,-0.6580292999523226,-3.7283684313239696,-0.2547740333515585
22,2.2,25.0,75.0,2.0,1.0,0.01,0.0005,1.0,7,18,118.0,0.6418117418031646,29.66101694915254,-3.2342529684456713,-3.508871467047936,-1.2990959662620325,46.0,0.9674143891842586,36.95652173913043,-0.137284232055772,-1.6600044818406712,-0.09766953984916031
16,2.0,30.0,70.0,1.8,1.0,0.01,0.0005,0.5,8,17,574.0,0.8695189772692627,36.7595818815331,-4.5908038816766386,-6.819085921350821,-1.0291378031731504,264.0,0.9671323836741897,37.5,-0.6239998549875235,-2.909015672643833,-0.26354821790311767
16,1.8,30.0,70.0,1.5,1.0,0.01,0.0007,0.5,8,17,634.0,0.8115298270892228,39.74763406940063,-7.399290587733522,-9.182825283956253,-1.574681566870658,333.0,0.9668857291006272,42.34234234234234,-0.7750916462201167,-3.4367196252343524,-0.281765225839607
22,2.0,30.0,70.0,2.0,1.0,0.01,0.001,0.5,8,17,196.0,0.7962547846165987,30.612244897959183,-3.557059617415016,-5.151309904013224,-0.9469036266854627,125.0,0.9664938266374319,33.6,-0.40227277696112645,-2.0761347562185395,-0.18585775497620197
14,1.8,30.0,70.0,1.8,1.0,0.01,0.0007,0.5,8,17,649.0,0.8251498303564601,35.130970724191066,-7.5052513998859105,-9.134270025771263,-1.5085729709646254,352.0,0.9663789766517557,37.5,-0.8981125777253147,-2.953865928769406,-0.2969641363995897
24,2.2,25.0,75.0,1.8,1.0,0.01,0.0005,1.0,7,18,112.0,0.6481046388374124,33.035714285714285,-2.9105973219450245,-3.256660208995177,-1.2221846255705058,42.0,0.9663033843668585,40.476190476190474,-0.12752107118241837,-1.7243108810130692,-0.09288921151196762
24,1.8,30.0,70.0,2.0,1.0,0.01,0.0007,0.75,8,17,359.0,0.766235472549471,30.919220055710305,-6.190625601047231,-7.157978283224353,-1.4972337235182336,179.0,0.966184106134646,34.63687150837989,-0.5077430701385492,-2.7447235728065955,-0.21967719388083723
16,2.2,25.0,75.0,1.5,1.0,0.01,0.0005,0.5,7,18,393.0,0.872260092944214,42.74809160305343,-2.936721184685575,-3.6926992128989533,-0.780738158176843,193.0,0.9661397304387043,43.523316062176164,-0.43986480323268556,-3.3365493717334327,-0.20867641187507496
12,1.8,30.0,70.0,1.5,1.0,0.01,0.0007,0.5,7,18,749.0,0.8113795039066595,39.65287049399199,-8.534189542530294,-10.262507430011237,-1.6643039810599825,421.0,0.9659543259557009,42.75534441805225,-0.9839785446613678,-4.070284220067643,-0.3137549024471068
12,1.8,25.0,75.0,1.8,1.0,0.01,0.0007,0.5,7,18,667.0,0.8219669304561151,34.78260869565217,-7.77885879499896,-8.859931628273731,-1.489878101567084,381.0,0.9658100832334267,38.05774278215223,-0.9751215245742788,-3.3995486005569675,-0.30198865427882987
18,2.0,30.0,70.0,1.5,1.0,0.01,0.0007,0.5,7,18,492.0,0.8377831797522665,40.040650406504064,-4.980886984379322,-6.7804375352034985,-1.1253185720615866,268.0,0.9658022574044287,42.53731343283582,-0.6490114242604795,-3.994137364333994,-0.26023350873022744
16,1.8,25.0,75.0,2.0,1.0,0.01,0.0007,0.5,7,18,536.0,0.7912914059960718,31.529850746268657,-7.836390653641702,-8.918842760964141,-1.5662017247273121,297.0,0.9657067536030207,35.01683501683502,-0.8102670977391426,-4.010931002340556,-0.2564755477786318
14,2.0,30.0,70.0,2.0,1.0,0.01,0.0007,0.5,7,18,521.0,0.8146532674462493,31.861804222648754,-6.689699769220788,-8.006700549224844,-1.3957136203656828,280.0,0.9654055491633838,35.0,-0.7773971234824603,-3.8627508818616985,-0.27992342919876734
14,1.8,25.0,75.0,2.0,1.0,0.01,0.0005,0.5,7,18,850.0,0.7766016868696992,32.0,-11.367592188072868,-11.42125878952871,-2.1095591542024317,419.0,0.9653886219336628,35.56085918854415,-1.037465600005744,-3.586889874886978,-0.3163435204874633
22,1.8,30.0,70.0,1.5,1.0,0.01,0.0007,0.75,7,18,429.0,0.8036069009280382,39.39393939393939,-5.3821536989417105,-6.317642535076528,-1.2603486329621978,228.0,0.9653580495502851,42.54385964912281,-0.5611258868822552,-3.6163973128007565,-0.22988644121169843
20,2.2,25.0,75.0,1.5,1.0,0.01,0.001,0.75,7,18,97.0,0.5741352850786814,30.927835051546392,-3.7221502860719924,-4.230575121170965,-1.4138766749133929,59.0,0.9652103330028091,42.3728813559322,-0.18790825546166162,-2.5825460740450223,-0.11765649756640412
22,1.8,30.0,70.0,1.8,1.0,0.01,0.001,0.75,7,18,203.0,0.7574563239771963,32.01970443349754,-4.244331336569431,-5.22574551127053,-1.1364900367501725,143.0,0.965164760171791,37.06293706293706,-0.45477457987764863,-2.33831539830327,-0.19933419311647738
12,1.8,30.0,70.0,2.0,1.0,0.01,0.0007,0.5,7,18,744.0,0.7821925404183013,31.317204301075268,-10.903133476894817,-11.87026428925595,-1.9641901820018155,418.0,0.9648198694522554,35.16746411483253,-1.1453491224476238,-3.557529575390561,-0.32934688017137653
14,1.8,25.0,75.0,1.5,1.0,0.01,0.0007,0.5,7,18,598.0,0.7729807714637907,38.29431438127091,-8.47484903600167,-9.522913423327639,-1.7788447894332722,341.0,0.9647502546985887,42.81524926686217,-0.8322825338245456,-4.97981678570083,-0.2813079994295672
16,1.8,30.0,70.0,1.5,1.0,0.01,0.0005,0.75,7,18,636.0,0.8206959223069278,40.56603773584906,-6.350483175818372,-7.623338824488545,-1.4347549494371143,313.0,0.9642271176901199,42.49201277955272,-0.7219244181013528,-3.7283065867126264,-0.2798498830070204
22,2.4,30.0,70.0,1.8,1.0,0.01,0.001,0.5,7,18,119.0,0.625623620711629,28.57142857142857,-4.113112446921368,-5.036885984840589,-1.414490253257666,73.0,0.9641301234738726,36.986301369863014,-0.25450146550801944,-2.4811820879745317,-0.1406927642008251
24,2.4,30.0,70.0,1.8,1.0,0.01,0.001,0.5,7,18,116.0,0.645495262440488,29.310344827586203,-3.7824066497552122,-4.70940594881527,-1.2948164398617261,73.0,0.9641301234738726,36.986301369863014,-0.25450146550801944,-2.4811820879745317,-0.1406927642008251
16,1.8,30.0,70.0,2.0,1.0,0.01,0.001,0.5,8,17,277.0,0.7837241966827766,30.685920577617328,-5.280429352934625,-7.001745021993844,-1.2013459346669808,210.0,0.9640618648657103,34.285714285714285,-0.704071164823672,-2.2710942139455903,-0.2531116169893675
14,2.0,25.0,75.0,2.0,1.0,0.01,0.0005,0.5,7,18,624.0,0.815551829431698,33.17307692307692,-7.119548439583669,-7.829384739355949,-1.5095652129260027,305.0,0.9640312004340114,35.08196721311476,-0.8023219076592067,-3.669979110741395,-0.29022239081052364
24,2.0,30.0,70.0,1.8,1.0,0.01,0.0005,0.5,7,18,555.0,0.8668385155686777,36.75675675675676,-4.477048767946726,-6.150026545425103,-0.995436524433928,264.0,0.9639769589501102,38.25757575757576,-0.6803901373662847,-3.565831358173044,-0.2788411827588248
16,2.0,30.0,70.0,1.5,1.0,0.01,0.001,0.5,7,18,227.0,0.7960928639658476,37.44493392070485,-3.679483173768931,-4.743299734311146,-1.0180166377345332,168.0,0.9636446714658666,42.26190476190476,-0.5132679971542166,-3.343639440814583,-0.2251842322881494
24,1.8,30.0,70.0,1.8,1.0,0.01,0.001,0.75,7,18,197.0,0.7570113526006866,31.979695431472084,-4.14670828415965,-5.129193229266016,-1.1169898356771142,141.0,0.9635718167400774,36.87943262411347,-0.46828677378985956,-2.3515719218036413,-0.2075393552636486
10,1.8,25.0,75.0,1.8,1.0,0.01,0.0007,0.5,7,18,707.0,0.8099824109143704,34.37057991513437,-8.74765183536687,-9.942925895530951,-1.6598312772765436,407.0,0.9632386306670867,37.83783783783784,-1.116033387774205,-3.363128031636131,-0.34354654693961734
24,1.8,30.0,70.0,1.5,1.0,0.01,0.0005,0.75,7,18,540.0,0.827996186013996,40.74074074074074,-5.300404887284658,-6.607514622531985,-1.21337879325617,260.0,0.9630154391924266,42.69230769230769,-0.63172861702913,-3.6489687641634516,-0.2604687156671213
10,1.8,25.0,75.0,1.5,1.0,0.01,0.0005,0.5,8,17,844.0,0.7994400120616255,39.691943127962084,-9.350552806520735,-11.053812524314688,-1.9564514833936677,404.0,0.9629997555568716,42.32673267326732,-0.9704772777555808,-3.916731379860905,-0.3341439148868974
16,1.8,25.0,75.0,1.8,1.0,0.01,0.0005,0.5,7,18,744.0,0.8433041675960816,36.02150537634409,-6.840240461542744,-7.391339877008985,-1.3421133811794816,363.0,0.9628798378132805,38.29201101928375,-0.9323018490106187,-4.158988190914159,-0.30950169953704276
18,1.8,30.0,70.0,2.0,1.0,0.01,0.001,0.75,7,18,212.0,0.7065034701599862,27.830188679245282,-5.61043252706344,-6.299673561229879,-1.4464813570816704,157.0,0.9628598212126809,34.394904458598724,-0.5547567152056763,-2.1089864157570637,-0.22490865806384366
10,1.8,25.0,75.0,2.0,1.0,0.01,0.0005,0.5,8,17,841.0,0.7955740347679334,32.461355529131986,-10.551865085589924,-11.231605088476515,-1.9922352852455698,401.0,0.9626002777149139,34.91271820448878,-1.1058002929524264,-3.4631180129235717,-0.3426421923186576
10,1.8,30.0,70.0,1.5,1.0,0.01,0.0005,0.5,8,17,903.0,0.8174294406519327,40.420819490586936,-9.01806851491079,-10.99390753176801,-1.8312915159070746,416.0,0.9623365411379144,42.30769230769231,-1.0161837117014694,-4.219277112719178,-0.34065064700140696
10,1.8,25.0,75.0,1.5,1.0,0.01,0.0007,0.5,7,18,710.0,0.8077372446892169,39.436619718309856,-8.292991443682604,-9.917358359879259,-1.6566918549300937,408.0,0.9622474502595899,42.64705882352941,-1.0572523324030045,-4.1944119940172335,-0.34248816624298073
16,1.8,25.0,75.0,1.5,1.0,0.01,0.0005,0.75,7,18,539.0,0.8086415503206924,40.25974025974026,-5.905747520309287,-6.489390138181406,-1.3773973832630593,263.0,0.9621352219369548,42.585551330798474,-0.6457641605978097,-3.7636922742461443,-0.26126564769789073
22,1.8,30.0,70.0,1.5,1.0,0.01,0.0005,0.5,8,17,681.0,0.8267869671641863,40.38179148311307,-6.696277124350127,-8.570507834833696,-1.4457157956433715,316.0,0.9620934107952911,43.037974683544306,-0.7884188396883837,-4.169821499959658,-0.2922489955292908
16,1.8,30.0,70.0,2.0,1.0,0.01,0.0007,0.5,7,18,705.0,0.7951072538834226,31.631205673758867,-9.76287393966819,-10.971487239795508,-1.7658956636611498,391.0,0.9620552521533962,35.294117647058826,-1.159612089137572,-3.3818271962728685,-0.342155581781171
10,1.8,30.0,70.0,2.0,1.0,0.01,0.0007,0.5,7,18,750.0,0.794070799453216,31.6,-10.391024780425251,-11.36376572400094,-1.864113438396741,422.0,0.9615883906157825,35.07109004739337,-1.255967570678149,-3.629466871387943,-0.3593558644935004
10,1.8,25.0,75.0,1.8,1.0,0.01,0.0007,0.5,8,17,633.0,0.8115782711071523,34.59715639810427,-7.916904668816732,-9.26816653468876,-1.6092531533733365,346.0,0.9612326966096214,37.283236994219656,-1.0138576846629257,-3.0239336300513786,-0.3370735774157483
24,2.0,25.0,75.0,1.8,1.0,0.01,0.001,1.0,7,18,83.0,0.6544863545985944,28.915662650602407,-2.709116767995947,-3.923654319346348,-1.0560666111551125,47.0,0.9611199559680976,36.17021276595745,-0.18702594100610442,-2.2973224423490146,-0.1150894086702804
24,2.2,30.0,70.0,1.8,1.0,0.01,0.001,0.5,7,18,157.0,0.7503240837084812,32.48407643312102,-3.4623904305572073,-4.7893888207711015,-1.0195778222666885,109.0,0.9610824963923741,36.69724770642202,-0.3986557478725445,-2.1521543616515926,-0.1947040425902987
12,1.8,30.0,70.0,2.0,1.0,0.01,0.0007,0.5,8,17,668.0,0.7985683823691495,32.035928143712574,-9.214511407325537,-10.297572801253285,-1.7649205572301319,355.0,0.9609051333632695,34.647887323943664,-1.0937570934815448,-3.186396709939443,-0.3412025965222271
16,1.8,25.0,75.0,1.8,1.0,0.01,0.0007,0.5,7,18,536.0,0.8362138530333888,35.07462686567165,-5.890210855463102,-6.973346071794417,-1.2021215154864182,297.0,0.9608075898910738,37.71043771043771,-0.8819528570976762,-4.09008694076628,-0.2969620600608172
10,1.8,30.0,70.0,1.5,1.0,0.01,0.0007,0.5,7,18,755.0,0.8199485168497966,39.867549668874176,-8.206928183448673,-10.023724820750136,-1.5927295674329869,425.0,0.9607812132976227,42.58823529411765,-1.1375612798269141,-4.219079818159621,-0.36083230696044305
12,1.8,30.0,70.0,1.8,1.0,0.01,0.0007,0.5,7,18,745.0,0.8280436407445401,35.033557046979865,-8.279163878852414,-9.713442187921274,-1.535958740245833,420.0,0.9606919209349459,37.857142857142854,-1.2249611749212455,-3.406352877365648,-0.3732618321245064
16,2.0,30.0,70.0,2.0,1.0,0.01,0.0007,0.5,8,17,446.0,0.82151299787475,32.28699551569507,-5.651321364522773,-7.209440824480639,-1.2693129968978984,223.0,0.9606531477918254,34.52914798206278,-0.7078058356613292,-3.080384327669883,-0.2928047596142452
10,2.0,30.0,70.0,2.0,1.0,0.01,0.0007,0.5,7,18,528.0,0.8201467527221017,32.00757575757576,-6.563256720849185,-8.19040183102462,-1.3533330533471954,281.0,0.9606482256506675,34.87544483985765,-0.8827801070723217,-3.964853145575431,-0.31798797488420266
12,2.0,30.0,70.0,2.0,1.0,0.01,0.0007,0.5,7,18,527.0,0.8231677252830404,32.06831119544592,-6.434568070759651,-8.063856107718514,-1.3289440918713953,281.0,0.9606482256506675,34.87544483985765,-0.8827801070723217,-3.964853145575431,-0.31798797488420266
16,2.2,25.0,75.0,1.5,1.0,0.01,0.0007,0.5,7,18,312.0,0.857111183724038,41.98717948717949,-2.883466698898901,-3.5823438226765703,-0.7918169502697969,159.0,0.9603454989402429,42.76729559748428,-0.4647971132668499,-3.2656390769153942,-0.22560303883211777
16,1.8,30.0,70.0,2.0,1.0,0.01,0.001,0.5,7,18,293.0,0.7918428676046537,30.716723549488055,-5.323837815866373,-7.164863030249158,-1.1621555967010602,236.0,0.9602131982380648,34.74576271186441,-0.8736560834510055,-2.6129423520158124,-0.2913755641266837
18,1.8,30.0,70.0,1.5,1.0,0.01,0.001,0.5,7,18,287.0,0.7661334494670304,37.282229965156795,-5.336142527407592,-6.677989568151754,-1.2591397938391422,227.0,0.9600792242351113,42.290748898678416,-0.7475009763400521,-3.3517551007724244,-0.27182438417404997
18,1.8,30.0,70.0,2.0,1.0,0.01,0.0005,0.5,7,18,944.0,0.8316643634928513,33.58050847457627,-9.4023885574214,-10.465776316551256,-1.6157019321773913,466.0,0.9600297415278607,35.407725321888414,-1.3211670124974988,-3.560798433795498,-0.3859506201601624
12,1.8,30.0,70.0,1.8,1.0,0.01,0.0007,0.5,8,17,668.0,0.8321539668270524,35.32934131736527,-7.379144008763506,-8.975791231647412,-1.4645015358948585,356.0,0.959959310614669,37.359550561797754,-1.0743391583149786,-3.0436900779706733,-0.3535064874956178
24,1.8,30.0,70.0,1.8,1.0,0.01,0.0005,0.5,8,17,622.0,0.8220434537355042,35.530546623794216,-6.80626464076493,-8.433672718588758,-1.456470769386416,288.0,0.9596434668744525,38.54166666666667,-0.845376570614444,-3.4655898980465505,-0.3166372050745003
22,2.0,30.0,70.0,2.0,1.0,0.01,0.0005,0.5,8,17,487.0,0.835024086651675,33.26488706365503,-5.278893287794071,-6.789905338294233,-1.2051662569761028,225.0,0.9595926776234804,34.66666666666667,-0.688875877462051,-3.405556559940459,-0.28739837279180447
16,2.0,30.0,70.0,1.8,1.0,0.01,0.001,0.5,7,18,227.0,0.8580740299773393,34.36123348017621,-2.698553104241764,-4.776070808021116,-0.7037730422221836,168.0,0.9594660576926934,37.5,-0.6181673349128141,-2.4867727030501774,-0.2612552940183282
22,2.2,30.0,70.0,1.5,1.0,0.01,0.0007,0.5,7,18,332.0,0.8548464018813707,41.566265060240966,-3.095731601360913,-4.169221402651379,-0.8225038182844064,166.0,0.9592813033018764,42.77108433734939,-0.49908233759771975,-3.2848327358522944,-0.2417172547170516
18,1.8,25.0,75.0,1.8,1.0,0.01,0.0007,0.5,7,18,457.0,0.7880872337237353,34.13566739606127,-6.641549955075734,-7.909696975649072,-1.4152091299050167,265.0,0.9592463675972817,37.735849056603776,-0.8230392034308353,-4.601226728819475,-0.29719779661425183
18,1.8,25.0,75.0,2.0,1.0,0.01,0.0005,0.5,8,17,532.0,0.753780001276258,31.203007518796994,-8.531738575893632,-8.902682988100963,-1.863866956521969,259.0,0.9588099526813845,35.13513513513514,-0.8095769634344471,-3.3297652495099417,-0.2947019468229926
10,2.2,25.0,75.0,2.0,1.0,0.01,0.001,0.5,7,18,173.0,0.6692267866234158,27.167630057803464,-5.324037648003359,-6.521442188376159,-1.4869851014841453,123.0,0.9587608903516517,34.146341463414636,-0.49587183782297867,-2.3581105682948578,-0.21979436795621823
10,2.2,30.0,70.0,2.0,1.0,0.01,0.001,0.5,7,18,175.0,0.6763509239229847,27.42857142857143,-5.255430530331159,-6.453753058850165,-1.4541504779825993,123.0,0.9587608903516517,34.146341463414636,-0.49587183782297867,-2.3581105682948578,-0.21979436795621823
12,2.2,30.0,70.0,2.0,1.0,0.01,0.001,0.5,7,18,174.0,0.6819979158876763,27.586206896551722,-5.124956786716338,-6.324880638558417,-1.423505734365361,123.0,0.9587608903516517,34.146341463414636,-0.49587183782297867,-2.3581105682948578,-0.21979436795621823
14,2.2,30.0,70.0,2.0,1.0,0.01,0.001,0.5,7,18,174.0,0.6819979158876763,27.586206896551722,-5.124956786716338,-6.324880638558417,-1.423505734365361,123.0,0.9587608903516517,34.146341463414636,-0.49587183782297867,-2.3581105682948578,-0.21979436795621823
16,2.2,30.0,70.0,2.0,1.0,0.01,0.001,0.5,7,18,173.0,0.6881202347583684,27.74566473988439,-4.985871029787195,-6.187589728385268,-1.3895237647707483,123.0,0.9587608903516517,34.146341463414636,-0.49587183782297867,-2.3581105682948578,-0.21979436795621823
24,1.8,30.0,70.0,1.8,1.0,0.01,0.0005,0.5,7,18,738.0,0.8301671376311408,35.77235772357724,-7.393249400881195,-8.655733879954475,-1.4683763961117946,357.0,0.9585575271562332,38.655462184873954,-1.0321186321557616,-4.325821698282173,-0.3514265776025784
16,1.8,30.0,70.0,2.0,1.0,0.01,0.0007,0.5,8,17,632.0,0.8091207828462519,32.278481012658226,-8.297894352981839,-9.411808072013129,-1.6042983124607189,331.0,0.9584246157811598,34.74320241691843,-1.0891689490281533,-3.0223841647005867,-0.3533105087898445
14,2.0,25.0,75.0,1.5,1.0,0.01,0.0005,0.5,7,18,625.0,0.8409750854708758,41.120000000000005,-5.489076964630859,-6.675355814567984,-1.2596902366287526,307.0,0.9583618637249904,42.01954397394137,-0.819995296190209,-4.4702400615221904,-0.32500876046484495
22,1.8,30.0,70.0,1.8,1.0,0.01,0.0005,0.75,7,18,571.0,0.8228436767802872,35.90192644483363,-6.140940637300282,-6.725814845819134,-1.3469496844718325,275.0,0.9583534120151991,37.81818181818182,-0.8045012333881641,-3.1357372146978535,-0.31969996651145055
24,1.8,30.0,70.0,1.5,1.0,0.01,0.0005,0.5,8,17,623.0,0.7927993946441756,39.48635634028893,-7.449050235006779,-9.417595469628004,-1.6916660377663475,289.0,0.9583165612561123,43.25259515570934,-0.806100717467416,-4.0458858365277734,-0.30658607963134354
10,1.8,30.0,70.0,1.8,1.0,0.01,0.001,0.75,7,18,217.0,0.7368065706454677,31.336405529953915,-4.955224708635887,-5.929385824075073,-1.3320147883302857,159.0,0.9583080895264241,37.10691823899371,-0.6017579299252065,-2.4440419894616316,-0.25365680224215426
12,1.8,30.0,70.0,1.8,1.0,0.01,0.001,0.75,7,18,216.0,0.7421197132689432,31.48148148148148,-4.824408422868618,-5.799955728490492,-1.301522684927611,159.0,0.9583080895264241,37.10691823899371,-0.6017579299252065,-2.4440419894616316,-0.25365680224215426
14,1.8,30.0,70.0,1.8,1.0,0.01,0.001,0.75,7,18,216.0,0.7421197132689432,31.48148148148148,-4.824408422868618,-5.799955728490492,-1.301522684927611,159.0,0.9583080895264241,37.10691823899371,-0.6017579299252065,-2.4440419894616316,-0.25365680224215426
16,1.8,30.0,70.0,1.8,1.0,0.01,0.001,0.75,7,18,215.0,0.7478665469099572,31.627906976744185,-4.684855186494879,-5.6617794270866995,-1.2678485667898982,159.0,0.9583080895264241,37.10691823899371,-0.6017579299252065,-2.4440419894616316,-0.25365680224215426
16,1.8,30.0,70.0,1.5,1.0,0.01,0.0005,0.5,8,17,843.0,0.8210724911267926,40.569395017793596,-8.299596121153755,-10.378423315557928,-1.7165005560896893,389.0,0.9582513223088411,42.41645244215938,-1.0545661385902712,-3.892547746546937,-0.37286578851394225
20,2.0,30.0,70.0,2.0,1.0,0.01,0.0007,0.5,7,18,473.0,0.8088402505185155,31.712473572938688,-6.353490631978456,-7.72152269336649,-1.34404163446622,253.0,0.9580437154396312,34.78260869565217,-0.8465220466833125,-3.644990396347514,-0.30862434336747163
22,2.4,25.0,75.0,1.8,1.0,0.01,0.0007,0.5,7,18,155.0,0.6806083595218999,31.61290322580645,-3.8714462609057954,-4.359673558075072,-1.3198943993778627,71.0,0.957972119511854,38.028169014084504,-0.26600546559879146,-2.3508053501521853,-0.15451890826570702
10,2.2,25.0,75.0,1.5,1.0,0.01,0.001,0.5,7,18,173.0,0.6927888112678041,35.26011560693642,-4.47200469975347,-5.538039502714853,-1.374473826461283,123.0,0.9575438205205457,41.46341463414634,-0.45075247400089213,-2.6858015477785546,-0.22459829284721078
10,2.2,30.0,70.0,1.5,1.0,0.01,0.001,0.5,7,18,175.0,0.6968101754178325,35.42857142857142,-4.455087070060762,-5.5213566087007,-1.357258462997481,123.0,0.9575438205205457,41.46341463414634,-0.45075247400089213,-2.6858015477785546,-0.22459829284721078
12,2.2,30.0,70.0,1.5,1.0,0.01,0.001,0.5,7,18,174.0,0.7032694317969775,35.63218390804598,-4.323571631581017,-5.391257433330887,-1.3237673358264264,123.0,0.9575438205205457,41.46341463414634,-0.45075247400089213,-2.6858015477785546,-0.22459829284721078
14,2.2,30.0,70.0,1.5,1.0,0.01,0.001,0.5,7,18,174.0,0.7032694317969775,35.63218390804598,-4.323571631581017,-5.391257433330887,-1.3237673358264264,123.0,0.9575438205205457,41.46341463414634,-0.45075247400089213,-2.6858015477785546,-0.22459829284721078
16,2.2,30.0,70.0,1.5,1.0,0.01,0.001,0.5,7,18,173.0,0.7102857238623158,35.83815028901734,-4.183268643054507,-5.252578404298069,-1.2763558901055987,123.0,0.9575438205205457,41.46341463414634,-0.45075247400089213,-2.6858015477785546,-0.22459829284721078
20,1.8,30.0,70.0,2.0,1.0,0.01,0.001,0.5,8,17,261.0,0.7978448390376407,31.417624521072796,-4.655332339781363,-6.48382303674121,-1.0368419542999074,187.0,0.957422727825024,34.22459893048128,-0.738040565024039,-2.1493859544682192,-0.27473103548974165
14,1.8,25.0,75.0,1.8,1.0,0.01,0.0005,0.5,7,18,853.0,0.8042357483848575,35.05275498241501,-9.613302742120467,-10.131486900223807,-1.82771633882442,420.0,0.9572428334058578,37.857142857142854,-1.2207745759339015,-4.0674031532672466,-0.39523939282626636
10,2.2,25.0,75.0,2.0,1.0,0.01,0.001,1.0,8,17,65.0,0.4557475170699725,21.53846153846154,-3.6153022071871237,-4.081180457148714,-1.6790658248222619,31.0,0.9571265510918574,35.483870967741936,-0.14260226285958197,-1.3079864132681251,-0.11020251857081047
10,2.2,30.0,70.0,2.0,1.0,0.01,0.001,1.0,8,17,65.0,0.4557475170699725,21.53846153846154,-3.6153022071871237,-4.081180457148714,-1.6790658248222619,31.0,0.9571265510918574,35.483870967741936,-0.14260226285958197,-1.3079864132681251,-0.11020251857081047
12,2.2,25.0,75.0,2.0,1.0,0.01,0.001,1.0,8,17,65.0,0.4557475170699725,21.53846153846154,-3.6153022071871237,-4.081180457148714,-1.6790658248222619,31.0,0.9571265510918574,35.483870967741936,-0.14260226285958197,-1.3079864132681251,-0.11020251857081047
12,2.2,30.0,70.0,2.0,1.0,0.01,0.001,1.0,8,17,65.0,0.4557475170699725,21.53846153846154,-3.6153022071871237,-4.081180457148714,-1.6790658248222619,31.0,0.9571265510918574,35.483870967741936,-0.14260226285958197,-1.3079864132681251,-0.11020251857081047
14,2.2,25.0,75.0,2.0,1.0,0.01,0.001,1.0,8,17,65.0,0.4557475170699725,21.53846153846154,-3.6153022071871237,-4.081180457148714,-1.6790658248222619,31.0,0.9571265510918574,35.483870967741936,-0.14260226285958197,-1.3079864132681251,-0.11020251857081047
14,2.2,30.0,70.0,2.0,1.0,0.01,0.001,1.0,8,17,65.0,0.4557475170699725,21.53846153846154,-3.6153022071871237,-4.081180457148714,-1.6790658248222619,31.0,0.9571265510918574,35.483870967741936,-0.14260226285958197,-1.3079864132681251,-0.11020251857081047
16,2.2,25.0,75.0,2.0,1.0,0.01,0.001,1.0,8,17,65.0,0.4557475170699725,21.53846153846154,-3.6153022071871237,-4.081180457148714,-1.6790658248222619,31.0,0.9571265510918574,35.483870967741936,-0.14260226285958197,-1.3079864132681251,-0.11020251857081047
16,2.2,30.0,70.0,2.0,1.0,0.01,0.001,1.0,8,17,65.0,0.4557475170699725,21.53846153846154,-3.6153022071871237,-4.081180457148714,-1.6790658248222619,31.0,0.9571265510918574,35.483870967741936,-0.14260226285958197,-1.3079864132681251,-0.11020251857081047
18,2.2,25.0,75.0,2.0,1.0,0.01,0.001,1.0,8,17,63.0,0.43773318555022017,20.634920634920633,-3.6667602082623674,-4.132402724263084,-1.7062824985805127,31.0,0.9571265510918574,35.483870967741936,-0.14260226285958197,-1.3079864132681251,-0.11020251857081047
18,2.2,30.0,70.0,2.0,1.0,0.01,0.001,1.0,8,17,65.0,0.4557475170699725,21.53846153846154,-3.6153022071871237,-4.081180457148714,-1.6790658248222619,31.0,0.9571265510918574,35.483870967741936,-0.14260226285958197,-1.3079864132681251,-0.11020251857081047
20,2.2,25.0,75.0,2.0,1.0,0.01,0.001,1.0,8,17,60.0,0.46519669453427936,21.666666666666668,-3.2887139113186823,-3.7561862656775857,-1.565523537023433,31.0,0.9571265510918574,35.483870967741936,-0.14260226285958197,-1.3079864132681251,-0.11020251857081047
20,2.2,30.0,70.0,2.0,1.0,0.01,0.001,1.0,8,17,65.0,0.4557475170699725,21.53846153846154,-3.6153022071871237,-4.081180457148714,-1.6790658248222619,31.0,0.9571265510918574,35.483870967741936,-0.14260226285958197,-1.3079864132681251,-0.11020251857081047
22,2.2,30.0,70.0,2.0,1.0,0.01,0.001,1.0,8,17,65.0,0.4557475170699725,21.53846153846154,-3.6153022071871237,-4.081180457148714,-1.6790658248222619,31.0,0.9571265510918574,35.483870967741936,-0.14260226285958197,-1.3079864132681251,-0.11020251857081047
24,2.2,30.0,70.0,2.0,1.0,0.01,0.001,1.0,8,17,64.0,0.4644003683567529,21.875,-3.493919844852317,-3.960382951333963,-1.6397898531255921,31.0,0.9571265510918574,35.483870967741936,-0.14260226285958197,-1.3079864132681251,-0.11020251857081047
18,2.0,30.0,70.0,2.0,1.0,0.01,0.0007,0.5,7,18,491.0,0.8088609037933624,31.771894093686353,-6.561202692995521,-7.996658892868547,-1.3645991899316634,266.0,0.9570102485593283,34.962406015037594,-0.9130574269870341,-3.690107946487353,-0.3330491192217536
10,1.8,30.0,70.0,1.8,1.0,0.01,0.0007,0.5,7,18,751.0,0.8386293012273167,35.28628495339547,-7.831485299275137,-9.289648537579076,-1.4429204154113184,424.0,0.9568108805286254,37.735849056603776,-1.3524761519454478,-3.519033708009389,-0.4098766356752763
10,1.8,30.0,70.0,2.0,1.0,0.01,0.001,0.75,8,17,202.0,0.6977620572955496,27.722772277227726,-5.58716551358606,-6.099602322204523,-1.5348180902608919,136.0,0.9566393029410155,33.82352941176471,-0.5632228364956609,-1.9350187970967658,-0.2563251253526992
12,1.8,30.0,70.0,2.0,1.0,0.01,0.001,0.75,8,17,201.0,0.702867585928497,27.860696517412936,-5.457194255164922,-5.970308619879217,-1.5047206388697616,136.0,0.9566393029410155,33.82352941176471,-0.5632228364956609,-1.9350187970967658,-0.2563251253526992
14,1.8,30.0,70.0,2.0,1.0,0.01,0.001,0.75,8,17,201.0,0.702867585928497,27.860696517412936,-5.457194255164922,-5.970308619879217,-1.5047206388697616,136.0,0.9566393029410155,33.82352941176471,-0.5632228364956609,-1.9350187970967658,-0.2563251253526992
16,1.8,30.0,70.0,2.0,1.0,0.01,0.001,0.75,8,17,200.0,0.7083910683670466,28.000000000000004,-5.31839905005625,-5.832306407096343,-1.4712362830189993,136.0,0.9566393029410155,33.82352941176471,-0.5632228364956609,-1.9350187970967658,-0.2563251253526992
22,2.2,30.0,70.0,1.5,1.0,0.01,0.0005,0.5,7,18,423.0,0.8734387710827063,42.5531914893617,-3.0968566806997293,-4.276999168073347,-0.7934855253032226,202.0,0.9565657817413723,43.06930693069307,-0.5874972396566772,-3.46576164226714,-0.27883024915498467
24,2.0,30.0,70.0,2.0,1.0,0.01,0.0005,0.5,8,17,457.0,0.8333463496074567,33.04157549234136,-5.036081605018244,-6.740935683496884,-1.1724221488724362,207.0,0.9564838502831083,34.78260869565217,-0.6958963559852964,-3.332174737015381,-0.30316248069443746
22,1.8,25.0,75.0,2.0,1.0,0.01,0.0007,0.5,7,18,345.0,0.7422350128277777,30.144927536231886,-6.620205123072501,-7.021741797014003,-1.5043701285461817,191.0,0.9561931462282315,34.031413612565444,-0.7004552095877261,-2.9733341050618978,-0.27244384571748786
18,1.8,25.0,75.0,1.5,1.0,0.01,0.001,0.5,8,17,203.0,0.7062412834027059,35.960591133004925,-4.925998029855254,-5.95584754430063,-1.3649002496434333,144.0,0.9553741149320389,41.66666666666667,-0.539778907574273,-3.4713157967774078,-0.2374514154763454
18,1.8,25.0,75.0,2.0,1.0,0.01,0.001,0.5,8,17,203.0,0.7315398976336345,29.55665024630542,-4.913169812571978,-6.567289094614104,-1.2410042666612666,144.0,0.9551909897615355,34.02777777777778,-0.6129849973685123,-1.9547943655583433,-0.2499625077922133
10,1.8,25.0,75.0,2.0,1.0,0.01,0.001,0.75,7,18,216.0,0.7241503972688016,28.240740740740737,-5.362555299358955,-6.053607445418474,-1.4081169435090217,158.0,0.9550709356150013,34.177215189873415,-0.6698634029369895,-2.393601420525726,-0.27124075954133575
10,2.4,25.0,75.0,2.0,1.0,0.01,0.001,0.5,7,18,123.0,0.5639930233968818,23.577235772357724,-5.18886670384034,-6.101920875578559,-1.7060254678518367,79.0,0.95498876885862,34.177215189873415,-0.35677197974626323,-2.8987132206274357,-0.18518330515593212
10,2.4,30.0,70.0,2.0,1.0,0.01,0.001,0.5,7,18,123.0,0.5639930233968818,23.577235772357724,-5.18886670384034,-6.101920875578559,-1.7060254678518367,79.0,0.95498876885862,34.177215189873415,-0.35677197974626323,-2.8987132206274357,-0.18518330515593212
12,2.4,25.0,75.0,2.0,1.0,0.01,0.001,0.5,7,18,121.0,0.5462262844150964,23.140495867768596,-5.349519485236542,-6.260977963447168,-1.774643939418607,79.0,0.95498876885862,34.177215189873415,-0.35677197974626323,-2.8987132206274357,-0.18518330515593212
12,2.4,30.0,70.0,2.0,1.0,0.01,0.001,0.5,7,18,123.0,0.5639930233968818,23.577235772357724,-5.18886670384034,-6.101920875578559,-1.7060254678518367,79.0,0.95498876885862,34.177215189873415,-0.35677197974626323,-2.8987132206274357,-0.18518330515593212
14,2.4,30.0,70.0,2.0,1.0,0.01,0.001,0.5,7,18,123.0,0.5639930233968818,23.577235772357724,-5.18886670384034,-6.101920875578559,-1.7060254678518367,79.0,0.95498876885862,34.177215189873415,-0.35677197974626323,-2.8987132206274357,-0.18518330515593212
16,2.4,30.0,70.0,2.0,1.0,0.01,0.001,0.5,7,18,123.0,0.5639930233968818,23.577235772357724,-5.18886670384034,-6.101920875578559,-1.7060254678518367,79.0,0.95498876885862,34.177215189873415,-0.35677197974626323,-2.8987132206274357,-0.18518330515593212
18,2.4,30.0,70.0,2.0,1.0,0.01,0.001,0.5,7,18,122.0,0.541635388896952,22.950819672131146,-5.446398996168118,-6.356920637999719,-1.8110236070296415,79.0,0.95498876885862,34.177215189873415,-0.35677197974626323,-2.8987132206274357,-0.18518330515593212
22,2.4,25.0,75.0,2.0,1.0,0.01,0.0005,0.5,7,18,186.0,0.686187819456807,30.107526881720432,-4.328677015251633,-4.777191968388217,-1.3780038154849923,84.0,0.9548258950729779,34.523809523809526,-0.32313815998764767,-2.4087712618905077,-0.17999113164880917
14,1.8,30.0,70.0,1.8,1.0,0.01,0.0005,0.5,8,17,867.0,0.8406395521302408,36.21683967704729,-8.1151736598557,-10.022872588362697,-1.577382935558705,409.0,0.9545590093195815,37.40831295843521,-1.3036937206675794,-3.3789133194175203,-0.4256204155660983
12,1.8,30.0,70.0,2.0,1.0,0.01,0.0005,0.5,8,17,889.0,0.8183383652899844,33.18335208098988,-9.832880717527823,-10.882114540043297,-1.8233586427210369,411.0,0.9543756669754578,34.79318734793188,-1.37401963790624,-3.5794396639417414,-0.42255380521652425
10,2.0,25.0,75.0,1.8,1.0,0.01,0.0005,0.5,7,18,705.0,0.8682972078060202,36.737588652482266,-5.437528889715577,-6.8568260651954205,-1.1259316913947535,346.0,0.954240485394194,37.283236994219656,-1.0883442392603502,-3.3772088128276256,-0.4109135119551012
20,2.2,25.0,75.0,1.8,1.0,0.01,0.001,0.75,7,18,97.0,0.6128215651906883,27.835051546391753,-3.5175417643335094,-4.217644411015331,-1.246143259127487,59.0,0.954152367881076,37.28813559322034,-0.2661102220833163,-2.40191160076757,-0.15380032743758607
16,1.8,30.0,70.0,2.0,1.0,0.01,0.0005,0.5,8,17,839.0,0.8298652009871398,33.49225268176401,-8.739736797374153,-10.007442137859456,-1.6343632139514916,386.0,0.9540925873526455,34.97409326424871,-1.3016866056269463,-3.416205976976172,-0.4161985074325913
10,1.8,30.0,70.0,2.0,1.0,0.01,0.0007,0.5,8,17,673.0,0.8075271504346302,32.24368499257058,-8.87074229071146,-9.957979837231045,-1.6934576025114532,357.0,0.9540564331556217,34.45378151260504,-1.284592399871435,-3.3371170887168566,-0.39916127372266497
22,1.8,30.0,70.0,1.5,1.0,0.01,0.0007,0.5,8,17,521.0,0.8208790467743251,39.731285988483684,-5.931794303878432,-7.6511182806693885,-1.3081690130550288,276.0,0.9540286554752442,42.391304347826086,-0.8870312997416477,-4.008332106378242,-0.33435123533250144
16,2.0,30.0,70.0,1.8,1.0,0.01,0.0007,0.5,7,18,510.0,0.8473059240272444,35.09803921568627,-5.186663213322772,-6.467221604050866,-1.1186603273780658,273.0,0.9538853445008254,37.72893772893773,-0.9587132213165569,-3.4641315077611146,-0.36762957187402057
22,1.8,30.0,70.0,1.8,1.0,0.01,0.0005,0.5,8,17,680.0,0.8581516007834461,36.470588235294116,-5.851948009790212,-7.488394597370185,-1.1946344546028957,315.0,0.9537901669395471,38.095238095238095,-1.0356640135360249,-3.6226098761938497,-0.37424819548357263
22,1.8,30.0,70.0,2.0,1.0,0.01,0.0007,0.75,7,18,428.0,0.758496475913149,30.373831775700932,-7.408484706293112,-7.893186979781241,-1.6508806212147293,227.0,0.9536855113898755,34.801762114537446,-0.8403799242119748,-3.1229194808779615,-0.3191976751525022
22,2.2,25.0,75.0,1.8,1.0,0.01,0.0005,0.75,7,18,177.0,0.7171565840190811,33.89830508474576,-3.5698576486447564,-4.284387644764975,-1.1645991761188892,80.0,0.9536697585399986,37.5,-0.304230115472692,-2.598551053350817,-0.17642336672499023
18,1.8,25.0,75.0,1.8,1.0,0.01,0.0005,0.5,7,18,634.0,0.7961404948317256,35.01577287066246,-7.7338579800898515,-8.651431979936897,-1.5952428954237874,319.0,0.9535941526999316,37.93103448275862,-1.0317275445468113,-4.9394216021977355,-0.36865115374725155
16,1.8,30.0,70.0,1.8,1.0,0.01,0.0007,0.5,8,17,632.0,0.8277797815484673,35.12658227848101,-7.205607456869292,-8.839917196729875,-1.4511540033684756,332.0,0.953580812960966,37.34939759036144,-1.164758902622234,-3.103775326332825,-0.39802652140204103
22,1.8,30.0,70.0,2.0,1.0,0.01,0.0005,0.75,7,18,571.0,0.8019950246839739,32.749562171628725,-7.145201455450624,-7.299200498259761,-1.5359956078353372,275.0,0.9533015230874622,35.27272727272727,-0.9386759328336847,-3.296878279490678,-0.3536830480858978
22,1.8,30.0,70.0,2.0,1.0,0.01,0.001,0.75,8,17,188.0,0.710995166978954,28.191489361702125,-4.956294695287379,-5.6179571906013415,-1.3573868007043812,123.0,0.953197145197601,33.33333333333333,-0.5494343888907861,-1.8747881433404334,-0.2555144663359994
10,1.8,30.0,70.0,1.8,1.0,0.01,0.0007,0.5,8,17,673.0,0.8399394801644452,35.51263001485884,-7.089799841139211,-8.691427050869605,-1.3975140375047734,358.0,0.9528583677624205,37.150837988826815,-1.265206133180436,-3.218688132944414,-0.414403497320328
24,2.0,30.0,70.0,1.5,1.0,0.01,0.0007,0.5,7,18,417.0,0.8506913592652596,40.52757793764988,-3.9522905322931368,-5.786987784049824,-0.9462966485632347,222.0,0.9524176521692378,42.34234234234234,-0.7513694127379312,-4.113643504535014,-0.31679690787033016
22,2.2,25.0,75.0,2.0,1.0,0.01,0.001,0.75,7,18,90.0,0.5304944118411333,22.22222222222222,-4.23400718905048,-4.80889405108641,-1.5460735324468362,54.0,0.9520403013119247,33.33333333333333,-0.26786424120300584,-2.287354433071953,-0.15525206243271386
16,1.8,30.0,70.0,1.8,1.0,0.01,0.001,0.5,7,18,293.0,0.8270826789190128,34.129692832764505,-4.235990818094161,-6.034750971354552,-0.9759450950505137,236.0,0.952038598135466,37.28813559322034,-1.0030513277122373,-2.694989416034954,-0.34858883261304846
16,2.0,30.0,70.0,2.0,1.0,0.01,0.0005,0.5,8,17,574.0,0.8516260976854154,33.79790940766551,-5.436764046813623,-7.072318205404448,-1.1732134825992722,263.0,0.9520206543821405,34.60076045627377,-0.9378835888895083,-3.451139211150578,-0.37626204871358965
16,1.8,30.0,70.0,1.8,1.0,0.01,0.0007,0.5,7,18,706.0,0.8285515390441794,34.98583569405099,-7.861699461977824,-9.339682581804343,-1.4771587868687124,392.0,0.951358149756703,37.755102040816325,-1.4173184819484412,-3.5258020973627846,-0.44296142226025426
16,2.0,25.0,75.0,1.8,1.0,0.01,0.001,1.0,7,18,104.0,0.736482378047788,31.73076923076923,-2.4620500845520294,-3.7343926199027266,-0.8662964263821573,55.0,0.9512503814018279,36.36363636363637,-0.2643369035280011,-2.248526114395666,-0.15607181499479802
18,2.0,25.0,75.0,1.8,1.0,0.01,0.001,1.0,7,18,101.0,0.7021456979821691,30.693069306930692,-2.741038452470075,-4.009737707177107,-0.9765058422131478,55.0,0.9512503814018279,36.36363636363637,-0.2643369035280011,-2.248526114395666,-0.15607181499479802
22,2.0,30.0,70.0,1.8,1.0,0.01,0.001,1.0,7,18,105.0,0.7274501871813781,31.428571428571427,-2.5759813376713825,-3.8468504101969447,-0.90554298583555,55.0,0.9512503814018279,36.36363636363637,-0.2643369035280011,-2.248526114395666,-0.15607181499479802
24,2.0,30.0,70.0,1.8,1.0,0.01,0.001,1.0,7,18,103.0,0.7464655832977948,32.038834951456316,-2.339203335603015,-3.6131582724479028,-0.8181532588697537,55.0,0.9512503814018279,36.36363636363637,-0.2643369035280011,-2.248526114395666,-0.15607181499479802
16,2.0,30.0,70.0,2.0,1.0,0.01,0.001,0.5,7,18,227.0,0.8176588645090922,30.837004405286343,-3.629203019909819,-5.518718350617979,-0.9126087078861519,168.0,0.9511044137626842,34.523809523809526,-0.7736833394566202,-2.214154569984761,-0.31504088205036307
16,2.4,25.0,75.0,2.0,1.0,0.01,0.001,0.5,7,18,117.0,0.566260526230897,23.931623931623932,-4.943918592685023,-5.859291661389143,-1.646786301231481,71.0,0.9509999532882888,33.80281690140845,-0.3484249443199951,-2.1798417701868855,-0.18789436130134207
16,2.4,25.0,75.0,2.0,1.0,0.01,0.001,0.75,7,18,78.0,0.6092848528270556,24.358974358974358,-2.964548934360046,-3.828621211031602,-1.1513969998393376,39.0,0.9506328579677247,35.8974358974359,-0.19866035491859294,-1.363390280267518,-0.14131771596860063
18,2.4,25.0,75.0,2.0,1.0,0.01,0.001,0.75,7,18,75.0,0.5587629542273935,22.666666666666664,-3.287683653112763,-4.148868623040536,-1.2994042343491796,39.0,0.9506328579677247,35.8974358974359,-0.19866035491859294,-1.363390280267518,-0.14131771596860063
22,2.4,30.0,70.0,2.0,1.0,0.01,0.001,0.75,7,18,79.0,0.6001504221825882,24.050632911392405,-3.077889232237303,-3.9409385190212975,-1.1939173756971606,39.0,0.9506328579677247,35.8974358974359,-0.19866035491859294,-1.363390280267518,-0.14131771596860063
24,2.4,30.0,70.0,2.0,1.0,0.01,0.001,0.75,7,18,77.0,0.6194401130632006,24.675324675324674,-2.842257514090452,-3.7074127117646016,-1.1118255334334286,39.0,0.9506328579677247,35.8974358974359,-0.19866035491859294,-1.363390280267518,-0.14131771596860063
16,1.8,30.0,70.0,1.5,1.0,0.01,0.0007,0.5,7,18,710.0,0.8230963098589348,40.0,-7.607610779693168,-9.461033494243232,-1.5005165039074042,393.0,0.9505770182370017,42.49363867684479,-1.3316458199435328,-4.437478489858027,-0.4386433181361361
22,2.0,30.0,70.0,2.0,1.0,0.01,0.0007,0.5,8,17,387.0,0.8056523826030049,31.782945736434108,-5.46804858478321,-6.976394766901162,-1.2892658058967121,195.0,0.9505657864067155,33.84615384615385,-0.7770231404108745,-3.155242439965844,-0.33084087309548804
18,1.8,30.0,70.0,1.8,1.0,0.01,0.0005,0.5,7,18,947.0,0.850131020924976,36.430834213305175,-8.0755725908157,-9.535136779285624,-1.447396701916136,468.0,0.9502289516435901,37.82051282051282,-1.5728680835617705,-3.894733674520401,-0.4886370193796353
18,2.4,25.0,75.0,2.0,1.0,0.01,0.001,0.5,7,18,111.0,0.5521115450287932,23.423423423423422,-4.875904988884613,-5.766436563519517,-1.660527751406913,68.0,0.9499802785248711,33.82352941176471,-0.3421980071102917,-2.0581819596285356,-0.18517407417819354
10,1.8,25.0,75.0,1.8,1.0,0.01,0.0005,0.5,8,17,843.0,0.8237916710257797,35.587188612099645,-8.765182633630756,-10.259167650339862,-1.7162796776896574,403.0,0.9496929747374476,37.220843672456574,-1.4188546837701506,-3.4486778640089755,-0.46569588502246495
16,1.8,30.0,70.0,1.5,1.0,0.01,0.001,0.5,7,18,295.0,0.7511984184325182,36.610169491525426,-5.859533185388045,-7.193979751198354,-1.4141347936819566,236.0,0.9495993151050374,41.94915254237288,-0.9730481795449487,-3.4565565458676617,-0.35376084617962866
18,1.8,25.0,75.0,2.0,1.0,0.01,0.001,0.5,7,18,217.0,0.7537991226510734,29.953917050691242,-4.74671578939695,-6.2922829101694,-1.1391991678338595,162.0,0.9494676786808305,34.5679012345679,-0.7730840992486082,-2.645022224598814,-0.30254151433696386
18,2.4,25.0,75.0,1.8,1.0,0.01,0.001,0.5,7,18,111.0,0.6311563706224048,28.82882882882883,-3.7892369703803164,-4.690332842391576,-1.3344412220716213,68.0,0.9492828964163748,36.76470588235294,-0.33252071507613434,-2.211253641138189,-0.1846186330856262
10,2.2,25.0,75.0,2.0,1.0,0.01,0.0005,1.0,8,17,107.0,0.5791830026767838,27.102803738317753,-3.6808451728443834,-4.154670352581425,-1.5652449546653209,37.0,0.948983479882739,35.13513513513514,-0.1837910714143254,-1.3486945284966634,-0.13867806796252982
10,2.2,30.0,70.0,2.0,1.0,0.01,0.0005,1.0,8,17,107.0,0.5791830026767838,27.102803738317753,-3.6808451728443834,-4.154670352581425,-1.5652449546653209,37.0,0.948983479882739,35.13513513513514,-0.1837910714143254,-1.3486945284966634,-0.13867806796252982
12,2.2,25.0,75.0,2.0,1.0,0.01,0.0005,1.0,8,17,107.0,0.5791830026767838,27.102803738317753,-3.6808451728443834,-4.154670352581425,-1.5652449546653209,37.0,0.948983479882739,35.13513513513514,-0.1837910714143254,-1.3486945284966634,-0.13867806796252982
12,2.2,30.0,70.0,2.0,1.0,0.01,0.0005,1.0,8,17,107.0,0.5791830026767838,27.102803738317753,-3.6808451728443834,-4.154670352581425,-1.5652449546653209,37.0,0.948983479882739,35.13513513513514,-0.1837910714143254,-1.3486945284966634,-0.13867806796252982
14,2.2,25.0,75.0,2.0,1.0,0.01,0.0005,1.0,8,17,107.0,0.5791830026767838,27.102803738317753,-3.6808451728443834,-4.154670352581425,-1.5652449546653209,37.0,0.948983479882739,35.13513513513514,-0.1837910714143254,-1.3486945284966634,-0.13867806796252982
14,2.2,30.0,70.0,2.0,1.0,0.01,0.0005,1.0,8,17,107.0,0.5791830026767838,27.102803738317753,-3.6808451728443834,-4.154670352581425,-1.5652449546653209,37.0,0.948983479882739,35.13513513513514,-0.1837910714143254,-1.3486945284966634,-0.13867806796252982
16,2.2,25.0,75.0,2.0,1.0,0.01,0.0005,1.0,8,17,107.0,0.5791830026767838,27.102803738317753,-3.6808451728443834,-4.154670352581425,-1.5652449546653209,37.0,0.948983479882739,35.13513513513514,-0.1837910714143254,-1.3486945284966634,-0.13867806796252982
16,2.2,30.0,70.0,2.0,1.0,0.01,0.0005,1.0,8,17,107.0,0.5791830026767838,27.102803738317753,-3.6808451728443834,-4.154670352581425,-1.5652449546653209,37.0,0.948983479882739,35.13513513513514,-0.1837910714143254,-1.3486945284966634,-0.13867806796252982
18,2.2,25.0,75.0,2.0,1.0,0.01,0.0005,1.0,8,17,104.0,0.5733009803058083,26.923076923076923,-3.6433431415016275,-4.091547812996332,-1.5531876770101019,37.0,0.948983479882739,35.13513513513514,-0.1837910714143254,-1.3486945284966634,-0.13867806796252982
18,2.2,30.0,70.0,2.0,1.0,0.01,0.0005,1.0,8,17,107.0,0.5791830026767838,27.102803738317753,-3.6808451728443834,-4.154670352581425,-1.5652449546653209,37.0,0.948983479882739,35.13513513513514,-0.1837910714143254,-1.3486945284966634,-0.13867806796252982
20,2.2,25.0,75.0,2.0,1.0,0.01,0.0005,1.0,8,17,100.0,0.6053825827953294,28.000000000000004,-3.1991448209656297,-3.6896390442410887,-1.383830452828042,37.0,0.948983479882739,35.13513513513514,-0.1837910714143254,-1.3486945284966634,-0.13867806796252982
20,2.2,30.0,70.0,2.0,1.0,0.01,0.0005,1.0,8,17,107.0,0.5791830026767838,27.102803738317753,-3.6808451728443834,-4.154670352581425,-1.5652449546653209,37.0,0.948983479882739,35.13513513513514,-0.1837910714143254,-1.3486945284966634,-0.13867806796252982
22,2.2,30.0,70.0,2.0,1.0,0.01,0.0005,1.0,8,17,107.0,0.5791830026767838,27.102803738317753,-3.6808451728443834,-4.154670352581425,-1.5652449546653209,37.0,0.948983479882739,35.13513513513514,-0.1837910714143254,-1.3486945284966634,-0.13867806796252982
24,2.2,30.0,70.0,2.0,1.0,0.01,0.0005,1.0,8,17,106.0,0.5874976721754849,27.358490566037734,-3.5596625174289875,-4.034002365411538,-1.526800412513267,37.0,0.948983479882739,35.13513513513514,-0.1837910714143254,-1.3486945284966634,-0.13867806796252982
20,1.8,30.0,70.0,1.8,1.0,0.01,0.0007,0.5,7,18,629.0,0.8376427999435223,35.294117647058826,-6.744850104164961,-8.07659544631928,-1.2801154897749514,353.0,0.9488360576364376,37.960339943342774,-1.338902206755083,-3.5602742165973367,-0.4323217599308884
12,1.8,30.0,70.0,1.8,1.0,0.01,0.0005,0.5,8,17,892.0,0.8507221063963002,36.54708520179372,-7.786275844350876,-9.615238220302869,-1.4944177769235458,413.0,0.9488113627887282,37.28813559322034,-1.479138452605166,-3.4682413476070484,-0.48067165565884984
24,2.0,30.0,70.0,2.0,1.0,0.01,0.0005,0.5,7,18,555.0,0.8520634739078232,33.693693693693696,-5.179788872229073,-6.836574886710533,-1.1235213600092817,263.0,0.948630654599366,35.361216730038024,-1.0005122205146109,-3.9520228066600604,-0.3918783713141715
20,1.8,30.0,70.0,2.0,1.0,0.01,0.0007,0.5,7,18,629.0,0.8076612843319229,32.11446740858506,-8.315129745034355,-9.599503887090144,-1.5267660646736203,352.0,0.9485400592555797,35.22727272727273,-1.4008440318191424,-3.4948763986447084,-0.4299636746738273
24,2.0,30.0,70.0,1.8,1.0,0.01,0.001,0.5,7,18,201.0,0.8442488159403837,34.32835820895522,-2.638557659805756,-3.989008374097336,-0.7120245726409629,141.0,0.9484007687012238,36.87943262411347,-0.6611805918192295,-2.742055776500907,-0.2981606076369596
22,2.0,25.0,75.0,1.8,1.0,0.01,0.001,1.0,7,18,91.0,0.6680090991838937,29.67032967032967,-2.8087719350102636,-4.022051643798708,-1.071263180603675,50.0,0.9482735225421651,36.0,-0.2586445601318155,-2.248631989902361,-0.15635745738206705
24,1.8,30.0,70.0,1.8,1.0,0.01,0.0007,0.5,7,18,531.0,0.8131479897131697,34.463276836158194,-6.7133830002695865,-8.382581985705439,-1.3741212575912023,296.0,0.9482433589723113,37.83783783783784,-1.1612135560643582,-4.10571602820845,-0.3986619557528313
14,1.8,30.0,70.0,2.0,1.0,0.01,0.0005,0.5,7,18,1030.0,0.7965014405655972,32.5242718446602,-12.281449741083508,-13.022367920928357,-2.1588897001919958,512.0,0.9481165437622011,34.765625,-1.8598334213339514,-3.886492426144361,-0.5307796286802592
10,1.8,30.0,70.0,2.0,1.0,0.01,0.0005,0.5,8,17,897.0,0.8229693710127342,33.22185061315496,-9.669198791868675,-10.72384394497783,-1.7889747522787456,413.0,0.948112971634929,34.624697336561745,-1.5642936209673097,-3.729530977366624,-0.47928337804665144
18,1.8,25.0,75.0,2.0,1.0,0.01,0.0007,0.5,8,17,408.0,0.7476798250599731,30.637254901960787,-7.511436231708594,-8.763535143419965,-1.6837851958309489,227.0,0.9474748287580461,34.36123348017621,-0.9575788366652886,-3.140996121647255,-0.35177385731961647
10,2.0,30.0,70.0,1.8,1.0,0.01,0.0005,0.5,7,18,733.0,0.8763952382945612,36.97135061391542,-5.267763558204878,-7.000172127047355,-1.0775117410706356,352.0,0.9474092253175149,37.215909090909086,-1.269309077441012,-3.553970956955821,-0.47984657894746024
12,2.0,30.0,70.0,1.8,1.0,0.01,0.0005,0.5,7,18,729.0,0.879706101041713,37.03703703703704,-5.100783004338901,-6.833255706169073,-1.0455410620127228,352.0,0.9474092253175149,37.215909090909086,-1.269309077441012,-3.553970956955821,-0.47984657894746024
24,2.2,25.0,75.0,2.0,1.0,0.01,0.0005,1.0,8,17,90.0,0.6640813478729723,30.0,-2.396682280863388,-2.701673903096524,-1.0682641065264733,32.0,0.9472388079162518,34.375,-0.17150163050147965,-1.4650440515255325,-0.13310521622156804
24,1.8,30.0,70.0,1.5,1.0,0.01,0.001,0.75,7,18,197.0,0.7086529850489366,35.025380710659896,-4.74261565084309,-5.504473575387014,-1.3348458235165472,141.0,0.9471638728240043,41.13475177304964,-0.6209934721230457,-3.244828271473177,-0.28622124073085947
16,2.0,25.0,75.0,1.5,1.0,0.01,0.0007,0.5,7,18,418.0,0.829061306536872,39.71291866028708,-4.551977149529721,-5.450606529153335,-1.1136881744363172,222.0,0.947050086218503,41.891891891891895,-0.8288328067852491,-4.055008108342861,-0.3396881138614622
24,1.8,30.0,70.0,2.0,1.0,0.01,0.0005,0.5,7,18,737.0,0.8207239632914735,32.971506105834465,-8.100314787677908,-8.603151265011933,-1.5652200454595482,356.0,0.9470320493260426,35.674157303370784,-1.3667886871216433,-4.63690602967487,-0.4410969917230116
22,1.8,30.0,70.0,1.5,1.0,0.01,0.001,0.75,7,18,203.0,0.7068204919466013,34.97536945812808,-4.897331652228495,-5.657946045902085,-1.370520751292077,143.0,0.946452821928725,41.25874125874126,-0.6378811015146858,-3.261270028529961,-0.29091674400719075
16,2.4,25.0,75.0,1.8,1.0,0.01,0.001,0.5,7,18,117.0,0.6380868123799307,29.059829059829063,-3.903397940153209,-4.829174072486042,-1.3439482467756325,71.0,0.9464214278683172,36.61971830985916,-0.36440340219500283,-2.332667158279811,-0.20180268021656733
12,2.0,25.0,75.0,1.8,1.0,0.01,0.0005,0.5,7,18,675.0,0.8703593796239425,36.74074074074074,-5.152774364783763,-6.8188814693518225,-1.0870683216705146,332.0,0.9464013672943581,37.04819277108434,-1.2210011355326604,-3.571348757255066,-0.4678420447245171
20,1.8,30.0,70.0,1.5,1.0,0.01,0.0007,0.5,7,18,632.0,0.8242973622845365,40.03164556962025,-6.844608655211068,-8.639520808044365,-1.3668531978969565,354.0,0.9463160724866515,42.65536723163842,-1.2992584280669688,-4.668581687616258,-0.4355930658260287
10,2.0,25.0,75.0,2.0,1.0,0.01,0.0005,0.5,7,18,705.0,0.8464410080052184,33.75886524822695,-6.6011059054993355,-7.8514231805169254,-1.3153637447812383,345.0,0.946203155350992,34.492753623188406,-1.3277873158960758,-3.9661599734398423,-0.47208837287810496
18,1.8,25.0,75.0,2.0,1.0,0.01,0.0005,0.5,7,18,633.0,0.7646495193558146,31.595576619273302,-9.29134194549566,-9.659678335788191,-1.877324784666369,318.0,0.9457901876489491,35.22012578616352,-1.2513905868333497,-4.750984557894222,-0.42554962272183705
24,2.0,30.0,70.0,2.0,1.0,0.01,0.001,0.5,8,17,187.0,0.7974221118815292,30.481283422459892,-3.3783301825751004,-4.691629047673651,-0.921309254429329,121.0,0.9455092092805942,33.057851239669425,-0.6263026417113542,-2.172214917721582,-0.30070219066986253
22,2.2,30.0,70.0,1.8,1.0,0.01,0.001,0.5,7,18,162.0,0.7575830147384475,32.71604938271605,-3.445222101888539,-4.772467605540854,-1.0131558848537976,110.0,0.9454182348711471,36.36363636363637,-0.55966717654288,-2.3103311567224005,-0.27117542767553493
20,2.0,30.0,70.0,1.8,1.0,0.01,0.0005,0.5,7,18,640.0,0.8769934438586519,37.03125,-4.672265583533973,-6.265992286985133,-0.9808999214407592,313.0,0.9450029689289582,37.06070287539936,-1.1870105146886636,-3.385050071597695,-0.4542943026796679
16,1.8,25.0,75.0,1.5,1.0,0.01,0.001,0.5,7,18,242.0,0.7871128646830715,38.01652892561984,-4.113319687691419,-5.347505212940762,-1.0432276606686492,181.0,0.9448137065020199,41.988950276243095,-0.8271535362030227,-4.1615413694191306,-0.32361187849114553
16,1.8,30.0,70.0,1.8,1.0,0.01,0.0005,0.5,8,17,841.0,0.8491686385078727,36.504161712247324,-7.46438873355306,-9.563428016331176,-1.4518756876816732,388.0,0.9447800677076342,37.371134020618555,-1.5014612326813768,-3.52811603545794,-0.5068209437515699
18,1.8,25.0,75.0,2.0,1.0,0.01,0.0007,0.5,7,18,457.0,0.7496726783905111,30.41575492341357,-8.18724868303154,-9.444581204605784,-1.7036499372043743,265.0,0.9443901425069188,34.71698113207547,-1.1632494796877473,-4.45193370848923,-0.4005497567086895
24,2.2,25.0,75.0,1.8,1.0,0.01,0.001,0.75,7,18,82.0,0.5528184412275149,25.609756097560975,-3.5826620636868576,-4.227817316640847,-1.3674515218029994,50.0,0.9436541593310573,36.0,-0.2830281611875034,-2.4505740607587034,-0.17170805033633163
22,1.8,30.0,70.0,1.5,1.0,0.01,0.0005,0.75,7,18,572.0,0.8247108128822214,40.73426573426573,-5.666223271513846,-6.697014945675472,-1.2861684542249388,276.0,0.9436151528893807,42.028985507246375,-1.0026332088668095,-4.018712578870454,-0.40732299818767803
10,1.8,30.0,70.0,2.0,1.0,0.01,0.001,0.75,7,18,217.0,0.7191741752928228,28.110599078341014,-5.492682914857669,-6.18279356331044,-1.437523890085202,159.0,0.9435090972539002,33.9622641509434,-0.8438931195578515,-2.393601420525726,-0.34343834539162643
12,1.8,30.0,70.0,2.0,1.0,0.01,0.001,0.75,7,18,216.0,0.7241503972688016,28.240740740740737,-5.362555299358955,-6.053607445418474,-1.4081169435090217,159.0,0.9435090972539002,33.9622641509434,-0.8438931195578515,-2.393601420525726,-0.34343834539162643
14,1.8,30.0,70.0,2.0,1.0,0.01,0.001,0.75,7,18,216.0,0.7241503972688016,28.240740740740737,-5.362555299358955,-6.053607445418474,-1.4081169435090217,159.0,0.9435090972539002,33.9622641509434,-0.8438931195578515,-2.393601420525726,-0.34343834539162643
16,1.8,30.0,70.0,2.0,1.0,0.01,0.001,0.75,7,18,215.0,0.7295295650695027,28.37209302325581,-5.223720119474092,-5.915812068649606,-1.3755881900103681,159.0,0.9435090972539002,33.9622641509434,-0.8438931195578515,-2.393601420525726,-0.34343834539162643
10,1.8,30.0,70.0,1.8,1.0,0.01,0.0005,0.5,8,17,900.0,0.8514355271015338,36.44444444444444,-7.822232310751678,-9.696253970744639,-1.4928096880962514,415.0,0.9423688460337998,37.10843373493976,-1.669241234744968,-3.6424809581016904,-0.5400948967961302
24,2.0,30.0,70.0,2.0,1.0,0.01,0.0007,0.5,8,17,364.0,0.811344037994174,31.868131868131865,-5.017175446427954,-6.891858192788769,-1.2071510812100532,181.0,0.9420032253287791,33.70165745856354,-0.8593537245525295,-3.1349870029243165,-0.3809084401806948
16,2.0,30.0,70.0,1.5,1.0,0.01,0.0007,0.5,7,18,511.0,0.8548813669447736,40.50880626223092,-4.583385095000668,-6.070335279665773,-1.0416447149423365,274.0,0.9418683328031959,41.97080291970803,-1.1153318935992866,-4.462430706845066,-0.4467279693598079
12,1.8,25.0,75.0,2.0,1.0,0.01,0.0005,0.5,7,18,939.0,0.8175025153444174,33.12034078807242,-10.163899518807993,-10.554342758660784,-1.7794370939111763,472.0,0.9418213860203619,34.74576271186441,-1.9188468992042726,-4.168775883976316,-0.5588562507946492
12,2.0,25.0,75.0,2.0,1.0,0.01,0.0005,0.5,7,18,675.0,0.8487004676461574,33.77777777777778,-6.262606019920986,-7.897218273141782,-1.2657132972991973,331.0,0.9418119009177484,34.44108761329305,-1.3776350616087074,-3.843439907340507,-0.4957423055064924
22,2.4,30.0,70.0,1.5,1.0,0.01,0.001,0.5,7,18,119.0,0.5726425406297971,31.092436974789916,-4.54088652562843,-5.038968030415136,-1.678831038124639,73.0,0.9414233165291043,41.0958904109589,-0.37879241786475176,-2.7097602229925744,-0.22791943960289962
24,2.4,30.0,70.0,1.5,1.0,0.01,0.001,0.5,7,18,116.0,0.5914102028522128,31.896551724137932,-4.211580792732275,-4.711383571549799,-1.551451533074663,73.0,0.9414233165291043,41.0958904109589,-0.37879241786475176,-2.7097602229925744,-0.22791943960289962
24,2.0,30.0,70.0,2.0,1.0,0.01,0.0007,0.5,7,18,416.0,0.8175250059374418,31.73076923076923,-5.417111440720474,-7.112310080793616,-1.2178503468095174,220.0,0.9413369207062744,34.54545454545455,-1.0371335826525865,-3.8304126223647095,-0.40776859579235764
20,2.2,25.0,75.0,2.0,1.0,0.01,0.001,0.75,7,18,97.0,0.5142966322797843,21.649484536082475,-4.711443093003782,-5.356638169892869,-1.6487913773429446,59.0,0.9410159177809897,33.89830508474576,-0.35512448713227057,-2.2873954518740414,-0.20090129092693046
10,1.8,25.0,75.0,2.0,1.0,0.01,0.0005,0.5,7,18,1003.0,0.7896855254031958,32.30309072781655,-12.400432328317565,-12.793347281136736,-2.18931721801097,504.0,0.9408223838334614,34.523809523809526,-2.083301429314306,-3.900170431990213,-0.5988715325314742
24,2.0,30.0,70.0,1.5,1.0,0.01,0.0005,0.5,7,18,556.0,0.8650900335869464,41.54676258992806,-4.220604479307422,-6.217363109782259,-0.9799394847101888,265.0,0.9406150027289983,42.26415094339623,-1.0277026142989962,-4.3416496450282445,-0.4311248257078159
14,2.0,30.0,70.0,1.8,1.0,0.01,0.0005,0.5,7,18,720.0,0.8708236438015772,36.80555555555556,-5.426627363719199,-6.879808099280393,-1.1222084234095993,351.0,0.9406000086382968,37.03703703703704,-1.4276421775113886,-3.7086333697183282,-0.5416144193615072
24,2.2,25.0,75.0,2.0,1.0,0.01,0.0007,1.0,7,18,94.0,0.6511939071340228,28.723404255319153,-2.7172252306534395,-3.0100948897852864,-1.1166961605746992,36.0,0.9404371502303452,36.11111111111111,-0.2166523452215733,-1.729571686681286,-0.1604870250283535
22,2.2,25.0,75.0,1.5,1.0,0.01,0.001,0.75,7,18,90.0,0.5439190706339333,30.0,-3.7806429760781244,-4.24381790561138,-1.5168905358328524,54.0,0.9400298283398353,40.74074074074074,-0.29553207378676233,-2.5736236597800666,-0.1901509998420171
24,1.8,30.0,70.0,1.5,1.0,0.01,0.0007,0.5,8,17,477.0,0.7849694635638511,38.78406708595388,-6.64255380235776,-8.445994247023958,-1.5388270078581985,254.0,0.9400125995709502,42.125984251968504,-1.0809130822824045,-4.068547496594421,-0.4174052113794052
18,2.4,25.0,75.0,1.5,1.0,0.01,0.001,0.5,7,18,111.0,0.5814860740630158,31.53153153153153,-4.150439012436709,-4.636555181356594,-1.5743860318048093,68.0,0.9382662621152423,41.17647058823529,-0.3729603297746689,-2.4405065507661305,-0.2248377622942655
16,1.8,25.0,75.0,1.5,1.0,0.01,0.0007,0.5,7,18,538.0,0.8182075639504087,39.5910780669145,-6.130228158890259,-7.335330802038531,-1.3182755973108442,298.0,0.9382640478505212,41.946308724832214,-1.2755320238403511,-5.183828653913691,-0.44801027284033257
22,2.0,30.0,70.0,1.8,1.0,0.01,0.001,0.5,7,18,210.0,0.8692210972734439,34.76190476190476,-2.300059329614287,-4.066720040421101,-0.604912420437439,147.0,0.9380860720683614,36.734693877551024,-0.8228423940433459,-2.7644405936278926,-0.3603745030084002
16,2.0,30.0,70.0,2.0,1.0,0.01,0.0007,0.5,7,18,510.0,0.8196637044530611,31.960784313725487,-6.383586458250994,-7.6710737550862,-1.329734117047078,272.0,0.9377769558588871,34.55882352941176,-1.3384994030616508,-3.9839053923610646,-0.48797554182172415
22,1.8,30.0,70.0,2.0,1.0,0.01,0.0005,0.5,8,17,678.0,0.8389572163080222,33.6283185840708,-6.900601159572507,-8.019132362200644,-1.355458086542087,314.0,0.9371565054739551,35.03184713375796,-1.4588431365240284,-3.8948770512539532,-0.4982773964436329
14,1.8,25.0,75.0,1.5,1.0,0.01,0.0005,0.5,7,18,855.0,0.7847116013292853,39.41520467836258,-9.917279988119516,-11.046379885530854,-1.9957025730067177,421.0,0.9370133723719745,42.042755344418055,-1.6542864748093598,-5.696176234632855,-0.5491236698416143
22,1.8,30.0,70.0,2.0,1.0,0.01,0.001,0.75,7,18,203.0,0.7332872429092416,28.57142857142857,-4.861150076331487,-5.701577202175234,-1.2649218709021548,143.0,0.9368730981995618,33.56643356643357,-0.8461215764778717,-2.2761975934675993,-0.359475676751522
18,2.2,25.0,75.0,1.5,1.0,0.01,0.001,0.5,7,18,148.0,0.6602684185874522,34.45945945945946,-4.3035383225797705,-5.147784676094657,-1.4258831542987507,98.0,0.9368575099074969,40.816326530612244,-0.5324917408440888,-2.455934014036043,-0.28656993717320584
22,1.8,30.0,70.0,1.8,1.0,0.01,0.0007,0.5,8,17,520.0,0.8430609183805259,35.38461538461539,-5.543142867456827,-7.033344110152296,-1.1586394519219605,275.0,0.9368374720454297,37.09090909090909,-1.3113726499023506,-3.4429182685429605,-0.4781721908270167
22,2.4,25.0,75.0,1.5,1.0,0.01,0.0005,0.5,7,18,186.0,0.787930659716309,41.935483870967744,-2.543517681963749,-3.5554050119703584,-0.8979514501236611,84.0,0.936538574617724,41.66666666666667,-0.3997484604332567,-2.4034946961886683,-0.24928384512399943
18,1.8,25.0,75.0,1.5,1.0,0.01,0.0007,0.5,7,18,459.0,0.7721549604861423,38.56209150326798,-6.721871122725151,-7.78290551794737,-1.5147339122868084,266.0,0.9364602729643091,42.10526315789473,-1.1793869135499881,-5.467427551860982,-0.4400152475828988
24,1.8,30.0,70.0,2.0,1.0,0.01,0.0007,0.5,7,18,531.0,0.7977001192412853,31.45009416195857,-7.552296321691829,-9.075838446601658,-1.5037099582035567,296.0,0.9363329003306959,34.7972972972973,-1.4846571379515445,-4.429325457491218,-0.4843392813228262
18,2.0,30.0,70.0,1.8,1.0,0.01,0.0005,0.5,7,18,673.0,0.8659224996214802,36.701337295690934,-5.320557662241063,-6.873889301178737,-1.109083789499585,330.0,0.9359363546510556,36.96969696969697,-1.4569567634491067,-3.7688688149943084,-0.5576851688661864
24,1.8,30.0,70.0,2.0,1.0,0.01,0.001,0.75,8,17,183.0,0.7183531714514728,28.415300546448087,-4.713004186496855,-5.376375706996206,-1.2995789204993267,122.0,0.9357922031609571,32.78688524590164,-0.7439808050907414,-2.0667418862705955,-0.3481508152767274
16,1.8,25.0,75.0,1.5,1.0,0.01,0.0005,0.5,7,18,746.0,0.8159030292177737,40.08042895442359,-7.534169016131054,-8.569010450016123,-1.5637414062771193,364.0,0.9352117500429393,42.30769230769231,-1.4914696316849587,-5.373718072136635,-0.5155596966904183
24,1.8,30.0,70.0,1.5,1.0,0.01,0.0005,0.5,7,18,741.0,0.8061819015994974,39.94601889338731,-7.927203160310128,-9.836931644961188,-1.660359359323475,358.0,0.9350704829378597,42.737430167597765,-1.4868596025917395,-5.46671182138887,-0.5176649089492851
22,1.8,30.0,70.0,1.8,1.0,0.01,0.001,0.5,8,17,247.0,0.8663321028658652,35.62753036437247,-2.7755950999470222,-4.760835406366992,-0.6661286600219184,170.0,0.934772545783417,36.470588235294116,-0.9899257167575889,-2.557691993069955,-0.39962508776465655
20,2.0,30.0,70.0,2.0,1.0,0.01,0.0005,0.5,7,18,640.0,0.849847244894842,33.90625,-5.945167542666041,-7.222438870613102,-1.2048815736713447,312.0,0.9341794213606692,34.294871794871796,-1.474685273753039,-3.938762289550013,-0.5331235716190017
24,1.8,30.0,70.0,1.8,1.0,0.01,0.0007,0.5,8,17,476.0,0.806926626439107,34.45378151260504,-6.341318009475853,-8.045269506790886,-1.388512914512704,253.0,0.9341364344475142,37.15415019762846,-1.2796450927628211,-3.338796679496492,-0.48215094206326975
12,1.8,30.0,70.0,2.0,1.0,0.01,0.0005,0.5,7,18,1058.0,0.8025662912796558,32.70321361058601,-12.195587672158616,-12.953004345719632,-2.1145284795865775,517.0,0.9339721050170586,34.4294003868472,-2.3799687648233703,-4.0977200720128,-0.6793002879159916
14,2.0,30.0,70.0,2.0,1.0,0.01,0.0005,0.5,7,18,719.0,0.8482867898872194,33.79694019471488,-6.630098126252906,-7.885133696415158,-1.3174284144242474,350.0,0.9339026958561776,34.285714285714285,-1.6510825259484045,-4.220332747832034,-0.5896318303108777
24,1.8,30.0,70.0,2.0,1.0,0.01,0.0005,0.5,8,17,621.0,0.8127020256771691,32.689210950080515,-7.434748100404358,-8.448201129579836,-1.542963460336474,287.0,0.933882097879612,35.19163763066202,-1.428872601568055,-3.7977980745231954,-0.5092578093958436
14,1.8,30.0,70.0,1.5,1.0,0.01,0.0005,0.5,7,18,1038.0,0.810692374008092,40.17341040462428,-10.349700122420382,-12.130516750184983,-1.9914711794597963,517.0,0.9337998172642696,41.77949709864603,-2.111975528259809,-5.116342586962097,-0.6653989765260032
24,1.8,30.0,70.0,2.0,1.0,0.01,0.001,0.75,7,18,197.0,0.7453224984518032,28.934010152284262,-4.511645890683176,-5.355102893257024,-1.1829279488183884,141.0,0.9334167345643111,33.33333333333333,-0.8797048124586399,-2.3092964653356085,-0.3779638853801173
14,1.8,30.0,70.0,1.8,1.0,0.01,0.0005,0.5,7,18,1034.0,0.8293079855026553,35.783365570599614,-9.950573399103378,-11.352600767072218,-1.8067077296828629,516.0,0.9322015767671034,37.01550387596899,-2.335566202683913,-4.341714437063815,-0.7124287827056082
24,2.0,30.0,70.0,1.5,1.0,0.01,0.001,0.5,7,18,201.0,0.7855564153188872,37.3134328358209,-3.4511158427004007,-4.404595312750792,-0.986429218464539,141.0,0.9317347594484383,41.13475177304964,-0.8067505773492122,-3.596809951377722,-0.3781956525217468
10,1.8,30.0,70.0,2.0,1.0,0.01,0.0005,0.5,7,18,1071.0,0.8088044223681563,32.773109243697476,-11.944586054193751,-12.70764368906554,-2.0713571633527983,521.0,0.9313795648264158,34.357005758157385,-2.4889996950332534,-4.16907425140135,-0.706717788813259
20,1.8,30.0,70.0,1.8,1.0,0.01,0.001,0.5,7,18,276.0,0.8515608309046692,35.14492753623188,-3.420798892812581,-5.332042730259657,-0.7693521822873,211.0,0.9312756152131436,36.96682464454976,-1.2786593888057907,-2.9115037918294173,-0.45998014602804943
18,1.8,30.0,70.0,1.5,1.0,0.01,0.0005,0.5,7,18,951.0,0.8266939983121463,40.694006309148264,-8.754073176096336,-10.688887946648917,-1.653753400190276,469.0,0.9310553524384849,41.7910447761194,-2.010390787955439,-5.0794567645492394,-0.6537156203985091
18,2.0,30.0,70.0,2.0,1.0,0.01,0.0005,0.5,7,18,673.0,0.8439274053498841,33.7295690936107,-6.4492876741772855,-7.886473914991388,-1.286805772938,329.0,0.9310476886990059,34.34650455927052,-1.6292824942622792,-3.983606391735872,-0.5872075979977327
12,1.8,25.0,75.0,1.5,1.0,0.01,0.0005,0.5,7,18,945.0,0.8204205242447051,40.423280423280424,-9.0351723778837,-10.520186391801634,-1.748363705890068,477.0,0.9307207110889303,41.719077568134175,-2.039517633497253,-4.955109434202698,-0.6555248945978351
24,1.8,30.0,70.0,1.8,1.0,0.01,0.001,0.5,7,18,245.0,0.8467809274430633,35.10204081632653,-3.149740255057077,-4.939716687004514,-0.7437211546327896,184.0,0.9305155860644067,36.95652173913043,-1.1453377881053894,-3.241389103989556,-0.4430659204199458
10,2.0,30.0,70.0,2.0,1.0,0.01,0.0005,0.5,7,18,732.0,0.8522466165746226,33.87978142076503,-6.5518852064435125,-8.15696743434594,-1.2912756916070542,351.0,0.9298850339519081,34.18803418803419,-1.7553804834717996,-4.321926172986856,-0.6271563005716119
12,2.0,30.0,70.0,2.0,1.0,0.01,0.0005,0.5,7,18,728.0,0.8585996533577923,34.065934065934066,-6.23699089117048,-7.844285330614409,-1.226571982424369,351.0,0.9298850339519081,34.18803418803419,-1.7553804834717996,-4.321926172986856,-0.6271563005716119
16,2.0,25.0,75.0,2.0,1.0,0.01,0.001,1.0,7,18,104.0,0.6718964087407542,26.923076923076923,-3.239576430900215,-4.518167178169796,-1.0980444929696758,55.0,0.9297229737713704,32.72727272727273,-0.394829527617112,-2.1338112796104647,-0.22867332217583938
18,2.0,25.0,75.0,2.0,1.0,0.01,0.001,1.0,7,18,101.0,0.6340046531466564,25.742574257425744,-3.5619151378639073,-4.836232254275352,-1.2241162524635234,55.0,0.9297229737713704,32.72727272727273,-0.394829527617112,-2.1338112796104647,-0.22867332217583938
22,2.0,30.0,70.0,2.0,1.0,0.01,0.001,1.0,7,18,105.0,0.6641328958213358,26.666666666666668,-3.352533761412578,-4.62965992251716,-1.1354887273933272,55.0,0.9297229737713704,32.72727272727273,-0.394829527617112,-2.1338112796104647,-0.22867332217583938
24,2.0,30.0,70.0,2.0,1.0,0.01,0.001,1.0,7,18,103.0,0.6804644009366405,27.184466019417474,-3.117673595251363,-4.397870473433252,-1.0622265789265568,55.0,0.9297229737713704,32.72727272727273,-0.394829527617112,-2.1338112796104647,-0.22867332217583938
16,2.4,25.0,75.0,1.5,1.0,0.01,0.001,0.5,7,18,117.0,0.5844090353228457,31.62393162393162,-4.332145961994684,-4.831319125981526,-1.6041125862596144,71.0,0.9293321733314353,40.845070422535215,-0.44357180344553854,-2.561740979788041,-0.26694869117509534
10,2.0,30.0,70.0,1.5,1.0,0.01,0.0005,0.5,7,18,734.0,0.8593599055301698,41.41689373297003,-5.586406303469448,-7.174444555386206,-1.2121012916148357,353.0,0.9293219976833346,41.07648725212464,-1.5774926946358938,-4.462932323157743,-0.6129022369682174
12,2.0,30.0,70.0,1.5,1.0,0.01,0.0005,0.5,7,18,730.0,0.863213218080799,41.50684931506849,-5.403739736735006,-6.991756083128986,-1.1751415458837735,353.0,0.9293219976833346,41.07648725212464,-1.5774926946358938,-4.462932323157743,-0.6129022369682174
16,2.0,25.0,75.0,1.5,1.0,0.01,0.0005,0.5,7,18,558.0,0.8513666566038092,41.21863799283154,-4.66891560991151,-5.871036088363557,-1.0991183235297424,269.0,0.9293033782381269,41.63568773234201,-1.2264248007080825,-4.347073094717501,-0.4985354076313383
24,1.8,30.0,70.0,1.5,1.0,0.01,0.0007,0.5,7,18,534.0,0.7996691759559593,39.13857677902622,-6.768423418401144,-8.60225137452063,-1.458644585568358,297.0,0.9292561398996634,42.08754208754209,-1.4671611377731641,-5.262782543435285,-0.5187190373977898
18,1.8,25.0,75.0,1.5,1.0,0.01,0.0005,0.5,7,18,636.0,0.7713308392736633,38.9937106918239,-8.167698104976807,-9.03953959903836,-1.7880223194739426,320.0,0.9290493501737336,42.1875,-1.4545991439917088,-5.887535969121371,-0.5331854064312691
24,2.2,25.0,75.0,2.0,1.0,0.01,0.0005,1.0,7,18,112.0,0.6914786133769013,31.25,-2.5960605237203347,-2.872479230246172,-1.0391805265672232,42.0,0.9285519858929147,35.714285714285715,-0.2773320830051489,-1.729559833275951,-0.20194008556811316
22,2.4,25.0,75.0,1.8,1.0,0.01,0.0005,0.5,7,18,186.0,0.7150586447395101,33.87096774193548,-3.7631228158692647,-4.380211646228849,-1.2477583117803286,84.0,0.928289625924855,36.904761904761905,-0.48838159002683823,-2.3508056465842975,-0.2815139494865582
16,1.8,30.0,70.0,2.0,1.0,0.01,0.0005,0.5,7,18,1000.0,0.820010553722107,33.2,-10.573313229138694,-11.531510588073857,-1.8366592841296194,488.0,0.9279166001499809,34.42622950819672,-2.454755335625123,-4.238465490134602,-0.7217799048396867
24,2.2,30.0,70.0,2.0,1.0,0.01,0.001,0.5,7,18,157.0,0.7159823926373764,28.662420382165603,-4.117132068508545,-5.4062734578647635,-1.1751414735469474,109.0,0.927672600983434,33.02752293577982,-0.762512667940955,-2.0684499405921097,-0.36382018673371125
12,1.8,25.0,75.0,1.8,1.0,0.01,0.0005,0.5,7,18,942.0,0.8333162370785903,35.881104033970274,-8.961914752549436,-9.780164050417262,-1.6387027509825964,476.0,0.9276113779183507,36.97478991596639,-2.3005218561950644,-4.509658039021103,-0.7122131360197475
12,1.8,30.0,70.0,1.5,1.0,0.01,0.0005,0.5,7,18,1067.0,0.8150540266726467,40.393626991565135,-10.349828255259654,-12.21507660963146,-1.95664186619561,522.0,0.9275846608453016,41.57088122605364,-2.332734051161351,-5.17222214126809,-0.734185914278999
10,2.0,25.0,75.0,1.5,1.0,0.01,0.0005,0.5,7,18,706.0,0.8555229995756439,41.21813031161473,-5.560418723249695,-6.8025946837860225,-1.2287634510608292,347.0,0.9273810333711493,40.92219020172911,-1.5931071491914917,-4.478076932860542,-0.6230717862469216
20,1.8,30.0,70.0,2.0,1.0,0.01,0.001,0.5,7,18,276.0,0.8091403139613162,31.521739130434785,-4.601744643567472,-6.552542344018109,-0.9838150501539367,211.0,0.9272442522667708,34.12322274881517,-1.409154824559264,-2.7130644248492097,-0.49086585188354337
10,1.8,25.0,75.0,1.8,1.0,0.01,0.0005,0.5,7,18,1006.0,0.8184846298078189,35.387673956262425,-10.33500241627742,-11.402596574554913,-1.8841401238510866,508.0,0.9266242346814014,36.811023622047244,-2.4877961579982184,-4.464117740093998,-0.7628567773212529
20,2.4,25.0,75.0,1.8,1.0,0.01,0.001,0.5,7,18,102.0,0.6260563093492507,28.431372549019606,-3.5521533907279625,-4.549121302988334,-1.2824059850895804,65.0,0.9263820202805914,36.92307692307693,-0.45906676892986065,-2.211264801729218,-0.261406754854319
12,2.0,25.0,75.0,1.5,1.0,0.01,0.0005,0.5,7,18,676.0,0.8636544836469646,41.42011834319527,-5.044977749004738,-6.617469210799154,-1.1222687702328686,333.0,0.9262295014693407,40.84084084084084,-1.555184118795769,-4.5621706869655165,-0.6113351064191546
20,2.0,30.0,70.0,1.5,1.0,0.01,0.0005,0.5,7,18,641.0,0.8628418056259023,41.49765990639626,-4.855903835682765,-6.667569718239652,-1.0699329089053433,314.0,0.9258920201759344,41.082802547770704,-1.4803383869042044,-4.572963044968437,-0.5846178725506238
20,1.8,30.0,70.0,2.0,1.0,0.01,0.0005,0.5,7,18,886.0,0.8329380554055674,33.63431151241535,-8.846948094799883,-9.386179076336232,-1.5562703067481862,433.0,0.9255258037861331,34.64203233256351,-2.260410991463359,-4.421305269806308,-0.6849944773949934
22,2.0,30.0,70.0,1.8,1.0,0.01,0.0007,0.5,7,18,444.0,0.8438169446442857,34.909909909909906,-4.712396714264596,-5.943928382809116,-1.0586874646341802,237.0,0.9255107819437053,36.708860759493675,-1.342232499745096,-3.460025277962697,-0.5368738980468051
12,1.8,30.0,70.0,1.8,1.0,0.01,0.0005,0.5,7,18,1062.0,0.8374593107195454,36.06403013182674,-9.697176328384977,-11.095429195529938,-1.7332370851997818,521.0,0.9253780451850098,36.85220729366603,-2.5937271104060344,-4.435177021538051,-0.7877924426773585
20,1.8,30.0,70.0,1.8,1.0,0.01,0.0005,0.5,7,18,888.0,0.852159583386671,36.486486486486484,-7.544239465699265,-8.595524239959252,-1.374716839954454,435.0,0.9243871856021812,37.24137931034483,-2.2114957842022887,-4.44528111720569,-0.7073534185645898
20,2.4,25.0,75.0,1.5,1.0,0.01,0.001,0.5,7,18,102.0,0.5823371930420408,31.372549019607842,-3.8213102334063844,-4.4622014830575925,-1.4865928258614045,65.0,0.9239293402436389,41.53846153846154,-0.43927575968284144,-2.440472713095887,-0.27057844965729433
10,1.8,30.0,70.0,1.5,1.0,0.01,0.0005,0.5,7,18,1080.0,0.8177270110406637,40.370370370370374,-10.314091291923814,-12.180002519524836,-1.941715014688076,526.0,0.9234102098412067,41.44486692015209,-2.484165594736569,-5.3192511036891155,-0.7776121603662524
10,1.8,25.0,75.0,1.5,1.0,0.01,0.0005,0.5,7,18,1009.0,0.8039390032266999,39.841427155599604,-10.459842656424899,-12.094614727112695,-2.024707490234438,509.0,0.9234090508649528,41.45383104125737,-2.406274758849504,-5.2962924211137015,-0.7687456185594058
14,2.0,30.0,70.0,1.5,1.0,0.01,0.0005,0.5,7,18,721.0,0.8582295381309865,41.33148404993065,-5.549681435590573,-6.986327664769165,-1.2250866865931906,352.0,0.9233391760132259,40.909090909090914,-1.7074239658897021,-4.589053872833981,-0.6651983593304368
24,2.2,30.0,70.0,1.5,1.0,0.01,0.001,0.5,7,18,157.0,0.7076603904776543,35.6687898089172,-3.863044825576635,-4.935885876742196,-1.2146296317756577,109.0,0.922512279541794,40.36697247706422,-0.7265733663473111,-2.784502352715712,-0.389836774128995
22,2.4,25.0,75.0,2.0,1.0,0.01,0.001,0.5,7,18,93.0,0.5402523071212948,22.58064516129032,-4.2719997369691916,-4.989197871311801,-1.5922553755750946,58.0,0.9224459386281504,32.758620689655174,-0.4530066874219119,-2.113287743949255,-0.2601630025707418
10,1.8,30.0,70.0,1.8,1.0,0.01,0.0005,0.5,7,18,1075.0,0.8422068871176677,36.093023255813954,-9.521301719851417,-10.925488282528551,-1.6931231048012332,525.0,0.922274233282824,36.76190476190476,-2.7195043675312265,-4.546671649427725,-0.8212696196860304
20,2.4,25.0,75.0,2.0,1.0,0.01,0.001,0.5,7,18,102.0,0.5350044221153256,22.54901960784314,-4.702799572136646,-5.668114295057292,-1.6731388435933614,65.0,0.9216255056667232,33.84615384615385,-0.508786583791425,-2.058083295583002,-0.28347002745466626
22,2.2,25.0,75.0,2.0,1.0,0.01,0.001,1.0,7,18,63.0,0.46476279390932085,20.634920634920633,-3.4433681168390287,-3.7018214240812974,-1.6008727104235412,34.0,0.9212306515868685,35.294117647058826,-0.2818782510603705,-1.573990450821816,-0.20885066823064802
24,1.8,30.0,70.0,1.8,1.0,0.01,0.001,0.5,8,17,230.0,0.827359575535282,34.78260869565217,-3.374695190962666,-5.0199767445117445,-0.8369902219780703,163.0,0.9209660989135826,36.19631901840491,-1.1571736925399274,-2.8314022183220766,-0.4837118750547638
18,1.8,25.0,75.0,1.5,1.0,0.01,0.001,0.5,7,18,217.0,0.7153338042079818,35.944700460829495,-5.041336244580561,-6.151607520922264,-1.3339802350253267,162.0,0.9200194756777316,41.358024691358025,-1.0820551964891092,-4.3850110643937406,-0.45539392500933623
24,2.0,30.0,70.0,2.0,1.0,0.01,0.001,0.5,7,18,201.0,0.83702975375456,31.343283582089555,-2.8705607692197552,-4.290349565954443,-0.7455788394587166,141.0,0.9189934780869773,33.33333333333333,-1.0762578537443732,-2.7233512319900344,-0.4704011405563834
22,1.8,30.0,70.0,1.5,1.0,0.01,0.001,0.5,8,17,248.0,0.7951812526360917,38.306451612903224,-4.0589006417958995,-5.407778045356304,-1.0259392370377796,170.0,0.9173344884021762,40.588235294117645,-1.1625132318994111,-3.6875730528398765,-0.4858281612405359
18,2.0,30.0,70.0,1.5,1.0,0.01,0.0005,0.5,7,18,674.0,0.85013304704573,41.09792284866469,-5.5494889675664485,-7.249254648787218,-1.2211163298624874,331.0,0.9163524549839671,40.78549848942598,-1.7653657593599745,-4.739102766504599,-0.699899450638603
22,2.0,30.0,70.0,1.5,1.0,0.01,0.001,0.5,7,18,210.0,0.8040593427637693,37.61904761904762,-3.270910179155689,-4.307674053446098,-0.9148553876555443,147.0,0.9158865296358926,40.816326530612244,-1.0351482730614225,-3.7108045955089097,-0.4744495172836214
22,1.8,30.0,70.0,2.0,1.0,0.01,0.0007,0.5,8,17,520.0,0.8199485279470572,32.5,-6.618893470519069,-8.101013745164465,-1.3306004267382843,275.0,0.915654089384177,33.81818181818182,-1.8224324884122507,-3.746573119985497,-0.6302275476778946
20,1.8,30.0,70.0,1.5,1.0,0.01,0.001,0.5,7,18,277.0,0.7705597331326776,37.545126353790614,-5.065954259093268,-6.507440785668972,-1.20622799941185,211.0,0.9153491520652799,41.23222748815166,-1.460187101457468,-4.083309876739194,-0.5421308429924496
22,2.0,30.0,70.0,1.5,1.0,0.01,0.0007,0.5,7,18,445.0,0.8561007146996971,40.44943820224719,-4.032797994819703,-5.73490232147944,-0.9444068519374121,238.0,0.9147720726604893,41.17647058823529,-1.427045623367103,-4.471921863159656,-0.5933297066306147
22,2.2,25.0,75.0,1.8,1.0,0.01,0.001,1.0,7,18,63.0,0.44975340518719864,22.22222222222222,-3.479753592334746,-3.717536034100466,-1.6660144348232502,34.0,0.9144404447348965,38.23529411764706,-0.29435054749503253,-1.771614501489327,-0.21871336806315145
22,2.0,30.0,70.0,2.0,1.0,0.01,0.001,0.5,7,18,210.0,0.8182211245613231,30.952380952380953,-3.3554148176414675,-5.0304675815687645,-0.855019974492393,147.0,0.9136939768624361,33.33333333333333,-1.192419637617877,-2.679521154862674,-0.5049616852926444
16,1.8,30.0,70.0,1.8,1.0,0.01,0.0005,0.5,7,18,1003.0,0.8444136417194701,36.29112662013958,-8.817900026130683,-10.394894834323187,-1.5933913622676699,491.0,0.9136438272785449,36.65987780040733,-2.8355324022242168,-4.562989894460189,-0.8872174046916016
22,1.8,30.0,70.0,1.8,1.0,0.01,0.0005,0.5,7,18,809.0,0.8733006557742379,36.95920889987639,-5.963199911097072,-7.154577983316246,-1.1203857117153253,393.0,0.9133114288735651,37.404580152671755,-2.3142337645424416,-4.737554279378243,-0.7822583675235385
22,2.2,30.0,70.0,2.0,1.0,0.01,0.001,0.5,7,18,162.0,0.7083675671669943,28.39506172839506,-4.3520260459085875,-5.638000455360004,-1.2369219294441922,110.0,0.913305195806588,32.72727272727273,-0.9228874485510642,-2.226714234437366,-0.4370911955223381
20,1.8,30.0,70.0,1.5,1.0,0.01,0.0005,0.5,7,18,891.0,0.8288212775938459,40.74074074074074,-8.179894302968442,-9.990493055304706,-1.5705907302896982,436.0,0.9132944252950312,41.51376146788991,-2.353336124438574,-5.472737940332517,-0.7767320682173587
22,1.8,30.0,70.0,1.5,1.0,0.01,0.0007,0.5,7,18,584.0,0.8393532156545765,40.23972602739726,-5.822527164886596,-7.6192297948269205,-1.1929979923620164,323.0,0.9126824025083036,41.795665634674926,-1.941635540933712,-5.455586352734598,-0.6762185661612814
24,1.8,30.0,70.0,2.0,1.0,0.01,0.001,0.5,7,18,245.0,0.8424338240123275,32.244897959183675,-3.364786628263609,-5.15054610856499,-0.7568328036039923,184.0,0.912473223305264,33.69565217391305,-1.5011877357761478,-2.9724848942541904,-0.5557752058465153
22,2.2,25.0,75.0,1.8,1.0,0.01,0.001,0.75,7,18,90.0,0.5732958170792409,26.666666666666668,-3.6813434005282217,-4.325833286057634,-1.3764697931245866,54.0,0.911597263471044,35.18518518518518,-0.4705259297429621,-2.4019268744658873,-0.2802523868585366
22,1.8,30.0,70.0,1.8,1.0,0.01,0.0007,0.5,7,18,581.0,0.8552610063795243,35.628227194492254,-5.596199931468745,-7.074355727277625,-1.0887631400630249,322.0,0.9115146008175776,36.95652173913043,-2.1194257107871817,-4.169486031678982,-0.7191645132114952
22,2.0,30.0,70.0,1.8,1.0,0.01,0.0005,0.5,7,18,596.0,0.8862552296189355,37.24832214765101,-4.0633916080507335,-5.784306738260958,-0.8766579974821656,287.0,0.9113279368107624,36.58536585365854,-1.7731514622980287,-3.994755262994254,-0.7140729705725352
16,1.8,30.0,70.0,1.5,1.0,0.01,0.0005,0.5,7,18,1007.0,0.8266240689946706,40.714995034756704,-9.203791122127642,-11.101589710732519,-1.7603594815944006,492.0,0.9108915037736133,41.260162601626014,-2.7146519036301835,-5.477906838619173,-0.8835829837840088
24,1.8,30.0,70.0,1.5,1.0,0.01,0.001,0.5,8,17,231.0,0.7531642195571819,37.22943722943723,-4.6333297738102015,-5.798691950813062,-1.2174349647027816,163.0,0.9098873564442188,40.49079754601227,-1.2248365529171679,-3.8562610661684427,-0.5257642396770956
22,2.4,30.0,70.0,2.0,1.0,0.01,0.001,0.5,7,18,119.0,0.5558456034539011,23.52941176470588,-5.151364573923165,-6.064699731195889,-1.714403253121925,73.0,0.9091617491634587,32.87671232876712,-0.6605567071567748,-2.681805470792442,-0.36066722036359006
24,2.4,30.0,70.0,2.0,1.0,0.01,0.001,0.5,7,18,116.0,0.5724399787285536,24.137931034482758,-4.824216387077722,-5.740738956989078,-1.6145378348354946,73.0,0.9091617491634587,32.87671232876712,-0.6605567071567748,-2.681805470792442,-0.36066722036359006
16,2.2,25.0,75.0,1.5,1.0,0.01,0.001,0.5,7,18,156.0,0.6869548975126823,35.256410256410255,-4.1327762276464455,-4.978523791468614,-1.3305348687124823,105.0,0.9085295427956053,40.0,-0.8278938346256837,-3.0046371502016056,-0.4358287187770806
16,2.0,30.0,70.0,1.8,1.0,0.01,0.0005,0.5,7,18,704.0,0.8833332433913805,37.215909090909086,-4.799603499654094,-6.680365173699199,-0.9942630445164461,342.0,0.9082339545678862,36.25730994152047,-2.1490010098708807,-4.29171495850923,-0.8289394211079963
22,2.2,30.0,70.0,1.5,1.0,0.01,0.001,0.5,7,18,162.0,0.711697368405322,35.80246913580247,-3.906829686841938,-4.979199113262234,-1.2278224589032611,110.0,0.9065862341541232,40.0,-0.8870719427420045,-2.941673808411205,-0.4713184762585753
22,1.8,30.0,70.0,2.0,1.0,0.01,0.0007,0.5,7,18,581.0,0.8207278970946232,32.358003442340795,-7.223414052470016,-8.815348852999305,-1.360141034390115,322.0,0.9065569680751651,34.161490683229815,-2.3297713235970874,-4.063252250949601,-0.7498787853979296
22,1.8,30.0,70.0,1.5,1.0,0.01,0.0005,0.5,7,18,812.0,0.8445994411204218,41.00985221674877,-6.84781742528714,-8.666046312239938,-1.3581031427508161,394.0,0.906538667608541,41.878172588832484,-2.317256730677891,-5.963031911437755,-0.8027883184407838
22,1.8,30.0,70.0,1.8,1.0,0.01,0.001,0.5,7,18,262.0,0.8826279338793233,35.87786259541985,-2.557975092195029,-4.688900067370483,-0.5849099945894239,192.0,0.9065109861409358,36.45833333333333,-1.6001124417164285,-3.457074580919761,-0.6113140231437195
22,1.8,30.0,70.0,2.0,1.0,0.01,0.001,0.5,8,17,247.0,0.822299904567519,31.983805668016196,-3.8635441288523364,-5.907256508755232,-0.8744359583851278,170.0,0.9063809674764643,32.94117647058823,-1.4786438898915548,-2.659539580098891,-0.5678724073461422
16,2.0,30.0,70.0,2.0,1.0,0.01,0.0005,0.5,7,18,704.0,0.8619526468756218,34.23295454545455,-5.914428229675341,-7.520748041569503,-1.1731451341433947,341.0,0.9056673150039013,33.724340175953074,-2.2945741661308605,-4.341052124942035,-0.8314859382755531
22,2.0,30.0,70.0,2.0,1.0,0.01,0.0007,0.5,7,18,444.0,0.8061697944361153,31.53153153153153,-6.108095902945479,-7.542355992751837,-1.3439253656887349,236.0,0.9044287582256367,33.47457627118644,-1.789258683594562,-3.814520807289179,-0.6889082888201107
24,1.8,30.0,70.0,2.0,1.0,0.01,0.0007,0.5,8,17,476.0,0.7987514536545547,31.72268907563025,-6.860183087936675,-8.2751966940105,-1.4549293909614873,253.0,0.9042492119480539,33.59683794466403,-1.9376489845211655,-3.702387669558327,-0.6965458564401588
22,1.8,30.0,70.0,2.0,1.0,0.01,0.0005,0.5,7,18,807.0,0.8511016223390011,34.07682775712516,-7.279784414486221,-8.011840483755384,-1.3204238872611864,392.0,0.903857731203058,34.43877551020408,-2.6689283144166436,-4.732754859039801,-0.853630413473025
22,2.0,30.0,70.0,2.0,1.0,0.01,0.0005,0.5,7,18,596.0,0.8550609131850916,34.060402684563755,-5.401174482750502,-6.789870786933994,-1.136511215693768,286.0,0.902716033662327,33.91608391608392,-2.020821433126439,-4.05289979210246,-0.7771186293266641
24,1.8,30.0,70.0,1.5,1.0,0.01,0.001,0.5,7,18,246.0,0.7663257431514676,37.39837398373984,-4.610548412201315,-5.858104342456705,-1.1598588250174862,184.0,0.9010545530212473,40.76086956521739,-1.5158332318690917,-4.456211306539826,-0.6044629614614168
22,2.4,25.0,75.0,1.5,1.0,0.01,0.001,0.5,7,18,93.0,0.5468924471261233,30.107526881720432,-3.8789065191250307,-4.412597249324756,-1.5970965828298753,58.0,0.8992431154271263,39.6551724137931,-0.5260839881908396,-2.444570598078577,-0.33540894200924287
24,2.2,25.0,75.0,2.0,1.0,0.01,0.001,1.0,7,18,59.0,0.5023485750870051,22.033898305084744,-2.9701129294416933,-3.2298268415173914,-1.3676425671323222,32.0,0.8970522380469255,34.375,-0.35247906807506296,-1.6436764473868437,-0.26551694100531964
24,2.2,25.0,75.0,1.8,1.0,0.01,0.001,1.0,7,18,59.0,0.45005839440482326,22.033898305084744,-3.2754106022150515,-3.513678589522662,-1.5668574261167472,32.0,0.895558867156638,37.5,-0.34407212633333983,-1.8205993929226838,-0.2593002407848924
22,2.0,30.0,70.0,1.5,1.0,0.01,0.0005,0.5,7,18,597.0,0.8783971467734293,41.87604690117253,-4.041160569665771,-5.956982292967849,-0.9127934105158422,288.0,0.8927437102434389,40.625,-1.999146944545264,-4.994976247030525,-0.8290432167161084
22,1.8,30.0,70.0,2.0,1.0,0.01,0.001,0.5,7,18,262.0,0.8331479994805046,32.06106870229007,-3.8095798046286475,-5.976499164122329,-0.8262190985910597,192.0,0.8924550181369154,33.33333333333333,-1.9169214708898652,-3.1269395648438336,-0.7018204881335104
10,2.2,25.0,75.0,2.0,1.0,0.01,0.001,1.0,7,18,74.0,0.5222923556336307,22.972972972972975,-3.4854258828097957,-3.931262691012505,-1.4821362781590024,35.0,0.8880588957032847,34.285714285714285,-0.4118395982786023,-1.5740816187047257,-0.3041454001716682
10,2.2,30.0,70.0,2.0,1.0,0.01,0.001,1.0,7,18,74.0,0.5222923556336307,22.972972972972975,-3.4854258828097957,-3.931262691012505,-1.4821362781590024,35.0,0.8880588957032847,34.285714285714285,-0.4118395982786023,-1.5740816187047257,-0.3041454001716682
12,2.2,25.0,75.0,2.0,1.0,0.01,0.001,1.0,7,18,74.0,0.5222923556336307,22.972972972972975,-3.4854258828097957,-3.931262691012505,-1.4821362781590024,35.0,0.8880588957032847,34.285714285714285,-0.4118395982786023,-1.5740816187047257,-0.3041454001716682
12,2.2,30.0,70.0,2.0,1.0,0.01,0.001,1.0,7,18,74.0,0.5222923556336307,22.972972972972975,-3.4854258828097957,-3.931262691012505,-1.4821362781590024,35.0,0.8880588957032847,34.285714285714285,-0.4118395982786023,-1.5740816187047257,-0.3041454001716682
14,2.2,25.0,75.0,2.0,1.0,0.01,0.001,1.0,7,18,74.0,0.5222923556336307,22.972972972972975,-3.4854258828097957,-3.931262691012505,-1.4821362781590024,35.0,0.8880588957032847,34.285714285714285,-0.4118395982786023,-1.5740816187047257,-0.3041454001716682
14,2.2,30.0,70.0,2.0,1.0,0.01,0.001,1.0,7,18,74.0,0.5222923556336307,22.972972972972975,-3.4854258828097957,-3.931262691012505,-1.4821362781590024,35.0,0.8880588957032847,34.285714285714285,-0.4118395982786023,-1.5740816187047257,-0.3041454001716682
16,2.2,25.0,75.0,2.0,1.0,0.01,0.001,1.0,7,18,74.0,0.5222923556336307,22.972972972972975,-3.4854258828097957,-3.931262691012505,-1.4821362781590024,35.0,0.8880588957032847,34.285714285714285,-0.4118395982786023,-1.5740816187047257,-0.3041454001716682
16,2.2,30.0,70.0,2.0,1.0,0.01,0.001,1.0,7,18,74.0,0.5222923556336307,22.972972972972975,-3.4854258828097957,-3.931262691012505,-1.4821362781590024,35.0,0.8880588957032847,34.285714285714285,-0.4118395982786023,-1.5740816187047257,-0.3041454001716682
18,2.2,25.0,75.0,2.0,1.0,0.01,0.001,1.0,7,18,72.0,0.5070032917591731,22.22222222222222,-3.536950722696201,-3.9825628249711365,-1.506584282718057,35.0,0.8880588957032847,34.285714285714285,-0.4118395982786023,-1.5740816187047257,-0.3041454001716682
18,2.2,30.0,70.0,2.0,1.0,0.01,0.001,1.0,7,18,74.0,0.5222923556336307,22.972972972972975,-3.4854258828097957,-3.931262691012505,-1.4821362781590024,35.0,0.8880588957032847,34.285714285714285,-0.4118395982786023,-1.5740816187047257,-0.3041454001716682
20,2.2,25.0,75.0,2.0,1.0,0.01,0.001,1.0,7,18,68.0,0.5054184070058119,22.058823529411764,-3.3607842660746976,-3.807209239771181,-1.4749407289115632,35.0,0.8880588957032847,34.285714285714285,-0.4118395982786023,-1.5740816187047257,-0.3041454001716682
20,2.2,30.0,70.0,2.0,1.0,0.01,0.001,1.0,7,18,74.0,0.5222923556336307,22.972972972972975,-3.4854258828097957,-3.931262691012505,-1.4821362781590024,35.0,0.8880588957032847,34.285714285714285,-0.4118395982786023,-1.5740816187047257,-0.3041454001716682
22,2.2,30.0,70.0,2.0,1.0,0.01,0.001,1.0,7,18,74.0,0.5222923556336307,22.972972972972975,-3.4854258828097957,-3.931262691012505,-1.4821362781590024,35.0,0.8880588957032847,34.285714285714285,-0.4118395982786023,-1.5740816187047257,-0.3041454001716682
24,2.2,30.0,70.0,2.0,1.0,0.01,0.001,1.0,7,18,73.0,0.5313159589795206,23.28767123287671,-3.3638458619364613,-3.810241519241464,-1.442878498435767,35.0,0.8880588957032847,34.285714285714285,-0.4118395982786023,-1.5740816187047257,-0.3041454001716682
24,1.8,30.0,70.0,2.0,1.0,0.01,0.001,0.5,8,17,230.0,0.8167907710083263,31.73913043478261,-3.723093374755699,-5.323744746659775,-0.8796215909840376,163.0,0.8877587914649561,32.515337423312886,-1.714423495901865,-3.001403146138726,-0.6831232546189852
16,2.0,30.0,70.0,1.5,1.0,0.01,0.0005,0.5,7,18,705.0,0.8699948314477948,41.702127659574465,-4.97920169126688,-6.534399334984831,-1.0973357122552179,343.0,0.8858609817681827,39.94169096209912,-2.494622734064269,-5.27197309735784,-0.9951204575305398
22,2.4,25.0,75.0,1.8,1.0,0.01,0.001,0.5,7,18,93.0,0.5794122611048065,26.881720430107524,-3.743457373763831,-4.523232824320389,-1.4310375502571004,58.0,0.8806744031078608,34.48275862068966,-0.6734655679718707,-2.2458687227485674,-0.39765453610036383
22,1.8,30.0,70.0,1.5,1.0,0.01,0.001,0.5,7,18,263.0,0.8054457092288121,38.40304182509506,-4.043265104241182,-5.47457563668522,-0.9793180556912029,192.0,0.8734617687395606,40.10416666666667,-2.025155672879682,-4.802816330726034,-0.7983959357946178
